time_s,ia_A,ib_A,ic_A,ea_V,eb_V,ec_V,speed_rad_s,torque_Nm,cmd_a,cmd_b,cmd_c,vab_V,vbc_V,vca_V
0.0,0.0,0.0,0.0,0.0,0.0,0.0,0.0,0.0,1.0,-1.0,0.0,48.0,-24.0,-24.0
2e-05,0.16878323024035755,-0.16878323024035755,0.0,5.197576018417227e-13,-0.00013456325495493068,0.00013456325492643338,0.00033706360331956826,0.0673820035951589,1.0,-1.0,0.0,48.0,-24.000201844882145,-23.99979815511786
4e-05,0.3371049617223867,-0.3371049617223867,0.0,1.660573461471434e-11,-0.0005377625898681383,0.0005377625889576767,0.001347025948487044,0.1345797704006512,1.0,-1.0,0.0,48.0,-24.000806643875585,-23.99919335612441
6.000000000000001e-05,0.5049655104041747,-0.5049655104041747,0.0,1.258987208498931e-10,-0.0012088627613426935,0.0012088627544398992,0.0030280453402623825,0.20159343611797784,1.0,-1.0,0.0,48.0,-24.001813294072157,-23.998186705927836
8e-05,0.6723651939655693,-0.6723651939655693,0.0,5.296897892901571e-10,-0.0021471290850912754,0.0021471290560493637,0.005378281475412112,0.26842314343558377,1.0,-1.0,0.0,48.0,-24.003220693333752,-23.996779306666248
0.0001,0.83930433180092,-0.83930433180092,0.0,1.6139049155705665e-09,-0.0033518274653653703,0.003351827376877948,0.008395895512237945,0.33506904196071563,1.0,-1.0,0.0,48.0,-24.00502774030261,-23.99497225969739
0.00012000000000000002,1.0057832450115247,-1.0057832450115247,0.0,4.009499250352621e-09,-0.004822224424096534,0.004822224204263105,0.012079050139424681,0.40153128815142236,1.0,-1.0,0.0,48.0,-24.00723333441156,-23.992766665588437
0.00014000000000000001,1.1718022563977804,-1.1718022563977804,0.0,8.652263498342259e-09,-0.006557587129750349,0.006557586655362742,0.016425909644208824,0.4678100452487003,1.0,-1.0,0.0,48.0,-24.009836375894103,-23.99016362410589
0.00016,1.3373616904510481,-1.3373616904510481,0.0,1.6842044904642567e-08,-0.008557183425893743,0.008557182502475572,0.02143463997986942,0.5339054832087882,1.0,-1.0,0.0,48.0,-24.012835765794406,-23.987164234205597
0.00018,1.502461873345232,-1.502461873345232,0.0,3.0301385394976865e-08,-0.010820281859476347,0.010820280198107424,0.027103408832542565,0.5998177786356128,1.0,-1.0,0.0,48.0,-24.01623040597715,-23.98376959402285
0.0002,1.667103132928075,-1.667103132928075,0.0,5.123357946107722e-08,-0.013346151708826534,0.013346148899784131,0.03343038568736117,0.6655471147133869,1.0,-1.0,0.0,48.0,-24.02001919913741,-23.979980800862595
0.00022,1.831285798712182,-1.831285798712182,0.0,8.238015442621728e-08,-0.01613406301136289,0.01613405849461138,0.040413741893921426,0.7310936811393668,1.0,-1.0,0.0,48.0,-24.024201048810223,-23.97579895118978
0.00024000000000000003,1.9950102018657645,-1.9950102018657645,0.0,1.270777757684881e-07,-0.019183286591021753,0.01918327962358233,0.048051650731077776,0.7964576740567639,1.0,-1.0,0.0,48.0,-24.02877485938021,-23.971225140619794
0.00026000000000000003,2.1582766752031186,-2.1582766752031186,0.0,1.8931458022097944e-07,-0.022493094085401535,0.022493083705633236,0.05634228747106755,0.8616392959878219,1.0,-1.0,0.0,48.0,-24.033739536091048,-23.966260463908952
0.00028000000000000003,2.3210855531748336,-2.3210855531748336,0.0,2.737859394085548e-07,-0.02606275797262472,0.026062742961448022,0.0652838294429675,0.9266387557670557,1.0,-1.0,0.0,48.0,-24.039093985054798,-23.96090601494521
0.00030000000000000003,2.4834371718577457,-2.4834371718577457,0.0,3.85949656820395e-07,-0.029891551597917915,0.029891530437012044,0.07487445609548328,0.9914562684746566,1.0,-1.0,0.0,48.0,-24.044837113261146,-23.955162886738858
0.00032,2.6453318689446226,-2.6453318689446226,0.0,5.320806009559619e-07,-0.03397874919991116,0.033978720026915925,0.08511234905907408,1.056092055370067,1.0,-1.0,0.0,48.0,-24.050967828586575,-23.949032171413428
0.00034,2.8067699837336013,-2.8067699837336013,0.0,7.193247775194887e-07,-0.03832362593665677,0.0383235864974097,0.09599569220741354,1.1205463438257246,1.0,-1.0,0.0,48.0,-24.057485039803357,-23.94251496019665
0.00036,2.9677518571173707,-2.9677518571173707,0.0,9.557528435745833e-07,-0.042925457911368994,0.04292540550920843,0.10752267171818931,1.1848193672609817,1.0,-1.0,0.0,48.0,-24.06438765658847,-23.935612343411528
0.00038,3.128277831572109,-3.128277831572109,0.0,1.250413066605995e-06,-0.04778352219788466,0.047783453640049225,0.11969147613324244,1.2489113650761976,1.0,-1.0,0.0,48.0,-24.07167458953246,-23.928325410467544
0.0004,3.2883482511461737,-3.2883482511461737,0.0,1.6133837314701285e-06,-0.05289709686584629,0.05289700840700093,0.13250029641804859,1.3128225825870123,1.0,-1.0,0.0,48.0,-24.079344750148064,-23.920655249851936
0.00042,3.447963461448553,-3.447963461448553,0.0,2.055824998249423e-06,-0.058265461005607755,0.05826534828852657,0.1459473260205431,1.3765532709587935,1.0,-1.0,0.0,48.0,-24.087397050878838,-23.912602949121165
0.00044,3.607123809637083,-3.607123809637083,0.0,2.590030214058331e-06,-0.06388789475286404,0.06388775274629974,0.16003076092929128,1.4401036871412778,1.0,-1.0,0.0,48.0,-24.095830405107627,-23.90416959489237
0.00046,3.7658296444064248,-3.7658296444064248,0.0,3.2294766818803e-06,-0.069763679313005,0.06976350224677492,0.17474879973100582,1.5034740938033784,1.0,-1.0,0.0,48.0,-24.104643727164934,-23.89535627283506
0.00048000000000000007,3.9240813159758186,-3.9240813159758186,0.0,3.988875889545913e-06,-0.07589209698519511,0.0758918782825131,0.19009964366741355,1.5666647592681988,1.0,-1.0,0.0,48.0,-24.113835932337164,-23.886164067662833
0.0005,4.0818791760766056,-4.0818791760766056,0.0,4.884223201992187e-06,-0.08227243118617875,0.08227216339326276,0.2060814966914732,1.6296759574482167,1.0,-1.0,0.0,48.0,-24.123405936874747,-23.87659406312525
0.0005200000000000001,4.239223577939533,-4.239223577939533,0.0,5.932847019972022e-06,-0.08890396647381302,0.08890364118679737,0.22269256552294592,1.6925079677806718,1.0,-1.0,0.0,48.0,-24.133352658000195,-23.866647341999805
0.00054,4.396114876281829,-4.396114876281829,0.0,7.153457408410719e-06,-0.09578598857032816,0.0957855963595095,0.23993105970332035,1.7551610751631381,1.0,-1.0,0.0,48.0,-24.143675013915974,-23.85632498608403
0.0005600000000000001,4.552553427294081,-4.552553427294081,0.0,8.566194197633976e-06,-0.10291778438531679,0.10291731471676309,0.2577951916500951,1.8176355698892945,1.0,-1.0,0.0,48.0,-24.154371923812324,-23.845628076187676
0.00058,4.708539588626874,-4.708539588626874,0.0,1.0192674560717726e-05,-0.1102986420384525,0.11029808319300333,0.27628317671041897,1.8799317475848836,1.0,-1.0,0.0,48.0,-24.165442307874944,-23.834557692125053
0.0006000000000000001,4.864073719377252,-4.864073719377252,0.0,1.2056040070236166e-05,-0.11792785088193954,0.11792718987162636,0.2953932332140925,1.9420499091438859,1.0,-1.0,0.0,48.0,-24.17688508729257,-23.82311491270744
0.00062,5.019156180074933,-5.019156180074933,0.0,1.4181003237708469e-05,-0.12580470152269302,0.12580392400460821,0.3151235825259319,2.003990360664867,1.0,-1.0,0.0,48.0,-24.188699184264337,-23.811300815735663
0.00064,5.1737873326683665,-5.1737873326683665,0.0,1.6593893539069137e-05,-0.13392848584425213,0.1339275760318943,0.3354724490974979,2.065753413387553,1.0,-1.0,0.0,48.0,-24.200883522007253,-23.799116477992744
0.0006600000000000001,5.3279675405105555,-5.3279675405105555,0.0,1.9322702929509463e-05,-0.14229849702842604,0.14229743760055014,0.3564380605181903,2.127339383629594,1.0,-1.0,0.0,48.0,-24.213437024763294,-23.7865629752367
0.00068,5.4816971683446996,-5.4816971683446996,0.0,2.2397130851060357e-05,-0.15091402957667355,0.15091280158367365,0.3780186475657124,2.1887485927235297,1.0,-1.0,0.0,48.0,-24.226358617806593,-23.77364138219341
0.0007000000000000001,5.634976582289644,-5.634976582289644,0.0,2.584862873630798e-05,-0.15977437933121913,0.15977296209907108,0.400212444255906,2.249981366953977,1.0,-1.0,0.0,48.0,-24.239647227450313,-23.76035277254968
0.00072,5.787806149825131,-5.787806149825131,0.0,2.9710444011654448e-05,-0.1688788434959024,0.16887721452769439,0.4230176878919576,2.3110380374950052,1.0,-1.0,0.0,48.0,-24.253301781053647,-23.746698218946356
0.0007400000000000001,5.940186239776878,-5.940186239776878,0.0,3.401766360355624e-05,-0.1782267206567672,0.17822485553184514,0.4464326191129824,2.371918940347744,1.0,-1.0,0.0,48.0,-24.26732120702843,-23.732678792971573
0.00076,6.092117222301455,-6.092117222301455,0.0,3.8807256951191474e-05,-0.18781731080238595,0.18781518307314107,0.47045548194198217,2.4326244162781774,1.0,-1.0,0.0,48.0,-24.281704434845864,-23.71829556515414
0.0007800000000000001,6.243599468871,-6.243599468871,0.0,4.411811852902719e-05,-0.19764991534392443,0.1976474964302497,0.4950845238331854,2.493154810755173,1.0,-1.0,0.0,48.0,-24.296450395042946,-23.703549604957054
0.0008,6.394633352257746,-6.394633352257746,0.0,4.9991109882773395e-05,-0.20772383713494488,0.20772109621638732,0.5203179957187652,2.5535104738887093,1.0,-1.0,0.0,48.0,-24.31155801922892,-23.68844198077108
0.0008200000000000001,6.545219246518377,-6.545219246518377,0.0,5.646910118223096e-05,-0.218038380490951,0.21803528439658632,0.5461541520549446,2.6136917603683307,1.0,-1.0,0.0,48.0,-24.32702624009147,-23.67297375990853
0.00084,6.69535752697821,-6.69535752697821,0.0,6.359701229455366e-05,-0.2285928512086726,0.22858936430472868,0.5725912508674829,2.6736990294018073,1.0,-1.0,0.0,48.0,-24.342853991402922,-23.657146008597085
0.0008600000000000001,6.845048570215222,-6.845048570215222,0.0,7.142185338146336e-05,-0.23938655658509506,0.23938264066035037,0.5996275537965547,2.7335326446540273,1.0,-1.0,0.0,48.0,-24.359040208026208,-23.640959791973792
0.00088,6.994292754043888,-6.994292754043888,0.0,7.999276502397055e-05,-0.25041880543622996,0.25041441958521266,0.6272613261410143,2.7931929741860935,1.0,-1.0,0.0,48.0,-24.375583825920813,-23.624416174079183
0.0009000000000000001,7.143090457498886,-7.143090457498886,0.0,8.936105787816857e-05,-0.2616889081156323,0.2616840086196465,0.6554908369020563,2.8526803903946547,1.0,-1.0,0.0,48.0,-24.392483782148524,-23.607516217851472
0.00092,7.291442060818616,-7.291442060818616,0.0,9.958025186568257e-05,-0.2731961765326604,0.27319071673866496,0.6843143588262665,2.911995269951451,1.0,-1.0,0.0,48.0,-24.409739014879072,-23.590260985120935
0.0009400000000000001,7.43934794542859,-7.43934794542859,0.0,0.00011070611490236869,-0.2849399241704853,0.28493385436785024,0.7137301684480731,2.9711379937430866,1.0,-1.0,0.0,48.0,-24.427348463395646,-23.572651536604354
0.0009600000000000001,7.586808493924647,-7.586808493924647,0.0,0.00012279670116887122,-0.2969194661038446,0.2969127333990117,0.7437365461315943,3.0301089468110236,1.0,-1.0,0.0,48.0,-24.445311068100345,-23.55468893189965
0.0009800000000000002,7.733824090056024,-7.733824090056024,0.0,0.00013591238892665818,-0.3091341190165472,0.3091266672056175,0.7743317761118881,3.088908518291809,1.0,-1.0,0.0,48.0,-24.463625770519428,-23.536374229480572
0.001,7.880395118708287,-7.880395118708287,0.0,0.00015011591788316656,-0.3215832012187248,0.32157497065800117,0.8055141465356047,3.147537101357516,0.0,-1.0,1.0,0.0,-48.0,48.0
0.00102,7.746369143668853,-7.969107702666773,0.2227385589979199,0.00016553889308926204,-0.33439774664916233,0.3343886704794169,0.8376118714871691,3.271939340701612,0.0,-1.0,1.0,0.0,-48.0,48.0
0.0010400000000000001,7.61270880302398,-8.057486318597405,0.44477751557342504,0.00018233592141857964,-0.3477081489272848,0.34769815181264085,0.8709515595541018,3.395929441549486,0.0,-1.0,1.0,0.0,-48.0,48.0
0.0010600000000000002,7.479413092215056,-8.145528393232286,0.6661153010172306,0.00020061006754924814,-0.3615127621455964,0.36150176309951465,0.9055290808732547,3.5195057090936395,0.0,-1.0,1.0,0.0,-48.0,48.0
0.00108,7.346481008914904,-8.233231371689,0.8867503627740951,0.00022046991289991904,-0.37580993379177474,0.37579784587461434,0.9413402886584556,3.642666453552942,0.0,-1.0,1.0,0.0,-48.0,48.0
0.0011,7.213911552994668,-8.320592717454366,1.106681164459697,0.00024202973444317438,-0.39059800477382944,0.39058473478061034,0.9783810192512551,3.765409990268738,0.0,-1.0,1.0,0.0,-48.0,48.0
0.0011200000000000001,7.08170372648997,-8.407609912367692,1.3259061858777221,0.0002654096808920958,-0.4058753094455693,0.4058607575840808,1.0166470921726263,3.8877346398003754,0.0,-1.0,1.0,0.0,-48.0,48.0
0.0011400000000000002,6.949856533566287,-8.494280456603493,1.5444239230372054,0.00029073594625336763,-0.42164017563237777,0.42162423519177883,1.0561343101756229,4.009638728020157,0.0,-1.0,1.0,0.0,-48.0,48.0
0.00116,6.818368980483624,-8.5806018686537,1.7622328881700764,0.0003181409407405108,-0.43789092465729257,0.4378734816673492,1.0968384592989775,4.131120586207723,0.0,-1.0,1.0,0.0,-48.0,48.0
0.00118,6.687240075560432,-8.666571685309357,1.9793316097489257,0.00034776345904108255,-0.45462587136739097,0.4546068042484979,1.1387553089216504,4.252178551143852,0.0,-1.0,1.0,0.0,-48.0,48.0
0.0012000000000000001,6.556468829136849,-8.752187461641798,2.1957186325049496,0.00037974884593190375,-0.4718433241604701,0.47182250336460196,1.1818806118183018,4.372810965203669,0.0,-1.0,1.0,0.0,-48.0,48.0
0.0012200000000000002,6.426054253537231,-8.837446770983338,2.4113925174461066,0.0004142491592366269,-0.4895415850120285,0.4895188726547686,1.2262101042157012,4.49301617644929,0.0,-1.0,1.0,0.0,-48.0,48.0
0.00124,6.295995363032024,-8.922347204907464,2.62635184187544,0.0004514233301201907,-0.5077189495025409,0.5076941989863352,1.271739505850058,4.612792538721873,0.0,-1.0,1.0,0.0,-48.0,48.0
0.00126,6.16629117379895,-9.006886373208534,2.840595199409585,0.0004914373207149574,-0.5263737068450268,0.5263467624738104,1.3184645200252711,4.732138411733091,0.0,-1.0,1.0,0.0,-48.0,48.0
0.00128,6.036940703883568,-9.091061903880979,3.0541211999974105,0.0005344642790735685,-0.5455041399129064,0.5454748364982517,1.3663808336720864,4.85105216115601,0.0,-1.0,1.0,0.0,-48.0,48.0
0.0013000000000000002,5.9079429731592095,-9.174871443098056,3.266928469938846,0.0005806846914438232,-0.5651085252681456,0.5650766877270811,1.415484117408164,4.969532158715392,0.0,-1.0,1.0,0.0,-48.0,48.0
0.0013200000000000002,5.779297003286253,-9.25831265519008,3.4790156519038273,0.0006302865318611171,-0.5851851331896851,0.5851505761343341,1.4657700255990442,5.087576782277395,0.0,-1.0,1.0,0.0,-48.0,48.0
0.00134,5.6510018176708465,-9.341383222622223,3.690381404951377,0.0006834654090542556,-0.6057322277021521,0.6056947550213398,1.5172341964200067,5.205184415938691,0.0,-1.0,1.0,0.0,-48.0,48.0
0.00136,5.523056441423015,-9.424080845971847,3.9010244045488323,0.0007404247106607045,-0.6267480666048493,0.6267074710378323,1.5698722519188217,5.322353450114981,0.0,-1.0,1.0,0.0,-48.0,48.0
0.0013800000000000002,5.395459901314199,-9.506403243905346,4.110943342591147,0.000801375744747604,-0.6482309015010245,0.6481869642034898,1.623679798079377,5.439082281628943,0.0,-1.0,1.0,0.0,-48.0,48.0
0.0014000000000000002,5.268211225734235,-9.588348153154564,4.32013692742033,0.0008665378786351582,-0.6701789778274085,0.6701314679298939,1.678652424886185,5.555369313797529,0.0,-1.0,1.0,0.0,-48.0,48.0
0.00142,5.141309444647783,-9.66991332849275,4.528603883844967,0.0009361386750192517,-0.6925905348840317,0.6925392090429232,1.7347857063897616,5.6712129565187235,0.0,-1.0,1.0,0.0,-48.0,48.0
0.00144,5.01475358955023,-9.751096542710075,4.736342953159845,0.0010104140253904546,-0.7154638058643049,0.7154084078055568,1.792075200772868,5.786611626357667,0.0,-1.0,1.0,0.0,-48.0,48.0
0.0014600000000000001,4.888542693423091,-9.831895586588704,4.943352893165613,0.001089608280746812,-0.7387970178853664,0.7387372779411039,1.8505164504176073,5.901563746632179,0.0,-1.0,1.0,0.0,-48.0,48.0
0.0014800000000000002,4.762675790688896,-9.912308268877458,5.149632478188562,0.001173974379598144,-0.762588392018695,0.7625240266568463,1.910104981973379,6.016067747497685,0.0,-1.0,1.0,0.0,-48.0,48.0
0.0015,4.6371519171655775,-9.992332416266002,5.355180499100425,0.001263773973259819,-0.7868361433209807,0.7867668546680994,1.970836306425676,6.130122066031527,0.0,-1.0,1.0,0.0,-48.0,48.0
0.00152,4.5119701100204,-10.07196587335866,5.559995763338261,0.0013592775484342868,-0.8115384808652598,0.8114639562226845,2.0327059191657253,6.243725146316686,0.0,-1.0,1.0,0.0,-48.0,48.0
0.0015400000000000001,4.3871294077234415,-10.15120650264778,5.764077094924338,0.0014607645470789139,-0.8366936077722963,0.8366135191258084,2.095709300060956,6.356875439524862,0.0,-1.0,1.0,0.0,-48.0,48.0
0.0015600000000000002,4.262628850000609,-10.230052184486697,5.967423334486088,0.0015685234835589976,-0.8622997212422235,0.8622137247653555,2.1598419135263023,6.4695714039989545,0.0,-1.0,1.0,0.0,-48.0,48.0
0.00158,4.13846747778624,-10.308500817062301,6.170033339276061,0.0016828520590850898,-0.8883550125864329,0.8882627481375854,2.2250992085963253,6.581811505334938,0.0,-1.0,1.0,0.0,-48.0,48.0
0.0016,4.014644333175293,-10.3865503163672,6.371905983191907,0.001804057273434096,-0.9148576672597113,0.9147587578732319,2.2914766189981512,6.693594216463113,0.0,-1.0,1.0,0.0,-48.0,48.0
0.0016200000000000001,3.8911584593751103,-10.464198616171458,6.573040156796348,0.001932455533953892,-0.9418058648926189,0.9416999162640071,2.3589695632252137,6.804918017728715,0.0,-1.0,1.0,0.0,-48.0,48.0
0.0016400000000000002,3.7680089006568203,-10.541443667993983,6.773434767337163,0.002068372761851532,-0.9691977793241132,0.9690843792895023,2.42757344461181,6.915781396971923,0.0,-1.0,1.0,0.0,-48.0,48.0
0.0016600000000000002,3.6451947023063624,-10.61828344107351,6.973088738767148,0.002212144495765407,-0.9970315786344125,0.99691029664449,2.4972836514084427,7.0261828496072525,0.0,-1.0,1.0,0.0,-48.0,48.0
0.00168,3.5227149105751474,-10.694715922339205,7.172001011764057,0.00236411599262205,-1.0253054251780886,1.0251758117666174,2.5680955568579606,7.136120878702272,0.0,-1.0,1.0,0.0,-48.0,48.0
0.0017000000000000001,3.4005685726303714,-10.770739116380904,7.3701705437505325,0.0025246423257785757,-1.0540174756174023,1.0538790618644962,2.6400045192724817,7.245593995055751,0.0,-1.0,1.0,0.0,-48.0,48.0
0.0017200000000000002,3.2787547365050136,-10.846351045418974,7.56759630891396,0.002694088480452082,-1.0831658809558589,1.0830181779461814,2.713005882111086,7.354600717275129,0.0,-1.0,1.0,0.0,-48.0,48.0
0.0017400000000000002,3.1572724510475023,-10.921549749273812,7.764277298226309,0.0028728294464376645,-1.112748786571999,1.11259128484804,2.7870949740582955,7.46313957185334,0.0,-1.0,1.0,0.0,-48.0,48.0
0.00176,3.036120765871088,-10.996333285334984,7.960212519463896,0.0030612503081169835,-1.14276433225341,1.1425965012640067,2.8622671091033047,7.571209093245054,0.0,-1.0,1.0,0.0,-48.0,48.0
0.0017800000000000001,2.915298731302922,-11.07069972853003,8.155400997227108,0.0032597463317597356,-1.1732106522309609,1.1730319397752265,2.93851758661998,7.678807823942222,0.0,-1.0,1.0,0.0,-48.0,48.0
0.0018000000000000002,2.7948053983328585,-11.144647171292887,8.349841772960028,0.0034687230501205908,-1.2040858752132508,1.2038957068800729,3.0158416914476054,7.78593431454898,0.0,-1.0,1.0,0.0,-48.0,48.0
0.0018200000000000002,2.674639818562012,-11.218173723531997,8.543533904969985,0.0036885963443346317,-1.235388124421281,1.2351859030245536,3.094234693972376,7.892587123855938,0.0,-1.0,1.0,0.0,-48.0,48.0
0.00184,2.5548010441510502,-11.291277512598082,8.736476468447032,0.003919792523114539,-1.2671155176233309,1.2669006226330939,3.1736918502096327,7.99876481891379,0.0,-1.0,1.0,0.0,-48.0,48.0
0.00186,2.4352881277682616,-11.363956683251569,8.928668555483307,0.004162748399253225,-1.2992661671700505,1.2990379541396915,3.2542084018868325,8.104465975106264,0.0,-1.0,1.0,0.0,-48.0,48.0
0.0018800000000000002,2.3161001225373887,-11.436209397629685,9.120109275092297,0.004417911363435838,-1.331838180029751,1.3315959800194497,3.3357795765272296,8.20968917622244,0.0,-1.0,1.0,0.0,-48.0,48.0
0.0019000000000000002,2.1972360819852934,-11.508033835213267,9.310797753227973,0.004685739455365563,-1.3648296578239072,1.3645727768204792,3.4184005875342973,8.314433014528374,0.0,-1.0,1.0,0.0,-48.0,48.0
0.0019200000000000003,2.0786950599893768,-11.579428192793214,9.500733132803838,0.004966701432207825,-1.3982386968628548,1.3979664151961773,3.502066634276851,8.418696090838104,0.0,-1.0,1.0,0.0,-48.0,48.0
0.00194,1.9604761107248674,-11.650390684436658,9.68991457371179,0.005261276834357974,-1.4320633881816829,1.4317749599378633,3.5867729021748795,8.522477014583918,0.0,-1.0,1.0,0.0,-48.0,48.0
0.0019600000000000004,1.8425782886119126,-11.720919541452828,9.878341252840915,0.005569956048537893,-1.4663018175763267,1.4659964700077908,3.672514562786079,8.625774403886027,0.0,-1.0,1.0,0.0,-48.0,48.0
0.00198,1.7250006482625366,-11.79101301235859,10.066012364096053,0.005893240368227135,-1.500952065639839,1.5006289985725125,3.759286773893065,8.728586885621507,0.0,-1.0,1.0,0.0,-48.0,48.0
0.002,1.6077422444274436,-11.860669362843733,10.25292711841629,0.006231642051434969,-1.536012207798864,1.535670593036622,3.8470846795913056,8.830913095492596,-1.0,0.0,1.0,-48.0,0.0,48.0
0.00202,1.3782798750203291,-11.704842991524346,10.326563116504017,0.006584542649491593,-1.5712107747577282,1.5708498180721187,3.9352283268395047,8.797794609398565,-1.0,0.0,1.0,-48.0,0.0,48.0
0.00204,1.1494418987014026,-11.549193946595727,10.399752047894324,0.0069511406880612475,-1.6062772402569712,1.6058961914229086,4.023040137349492,8.764545794655561,-1.0,0.0,1.0,-48.0,0.0,48.0
0.00206,0.9212265451466006,-11.393722644400524,10.472496099253924,0.007331678884641334,-1.641211091179429,1.6408091867377237,4.11051880925325,8.731166936387815,-1.0,0.0,1.0,-48.0,0.0,48.0
0.0020800000000000003,0.6936320477039573,-11.238429503217128,10.544797455513171,0.007726395606358313,-1.6760118154413421,1.675588278942722,4.197663043576841,8.69765832828141,-1.0,0.0,1.0,-48.0,0.0,48.0
0.0021000000000000003,0.4666566434046011,-11.083314943256651,10.61665829985205,0.008135524863521103,-1.7106789020261521,1.7102329442759245,4.284471544325846,8.6640202725477,-1.0,0.0,1.0,-48.0,0.0,48.0
0.0021200000000000004,0.24029857297371926,-10.928379386659671,10.688080813685952,0.008559296303504212,-1.745211841018147,1.744742660321493,4.370943018570432,8.630253079886536,-1.0,0.0,1.0,-48.0,0.0,48.0
0.00214,0.014556080841511942,-10.773623257492758,10.759067176651246,0.008997935204963028,-1.7796101236359712,1.7791169060438614,4.4570761765300535,8.59635706944929,-1.0,0.0,1.0,-48.0,0.0,48.0
0.00216,-0.21057258484586328,-10.619046981744791,10.829619566590655,0.009451662472383647,-1.8138732422659893,1.8133551618217068,4.542869731657784,8.562332568801708,-1.0,0.0,1.0,-48.0,0.0,48.0
0.00218,-0.43508917221528876,-10.464650987323088,10.899740159538377,0.009920694630969444,-1.8480006904955124,1.8474569094817739,4.628322400724269,8.528179913886568,-1.0,0.0,1.0,-48.0,0.0,48.0
0.0022,-0.6589954256557622,-10.310435704049278,10.96943112970504,0.010405243821866673,-1.8819919631458746,1.8814216323325375,4.7134329039013085,8.493899448986165,-1.0,0.0,1.0,-48.0,0.0,48.0
0.00222,-0.8822930858074365,-10.156401563654999,11.038694649462435,0.010905517797731178,-1.9158465563053713,1.9152488151977163,4.79819996484507,8.459491526684582,-1.0,0.0,1.0,-48.0,0.0,48.0
0.0022400000000000002,-1.104983889550713,-10.002548999777352,11.107532889328064,0.011421719918638181,-1.949563967362047,1.9489379444496198,4.882622310778909,8.4249565078298,-1.0,0.0,1.0,-48.0,0.0,48.0
0.0022600000000000003,-1.3270695699952668,-9.848878447954181,11.175948017949448,0.011954049148337295,-1.983143695036352,1.982488508042351,4.966698672575825,8.390294761495628,-1.0,0.0,1.0,-48.0,0.0,48.0
0.0022800000000000003,-1.5485518564691603,-9.695390345619124,11.243942202088284,0.012502700050854394,-2.016585239413629,2.015899995544835,5.050427784840524,8.355506664943425,-1.0,0.0,1.0,-48.0,0.0,48.0
0.0023000000000000004,-1.7694324745079353,-9.542085132096451,11.311517606604387,0.013067862787442432,-2.0498881019764816,2.0491718981737033,5.1338083859911015,8.320592603583686,-1.0,0.0,1.0,-48.0,0.0,48.0
0.00232,-1.9897131458437087,-9.388963248595713,11.378676394439422,0.013649723113882685,-2.0830517856369744,2.0823037088260037,5.216839218340343,8.285552970937388,-1.0,0.0,1.0,-48.0,0.0,48.0
0.00234,-2.20939558839434,-9.236025138206152,11.445420726600492,0.014248462378138338,-2.116075794768702,2.1152949221117643,5.2995190281766416,8.250388168597219,-1.0,0.0,1.0,-48.0,0.0,48.0
0.00236,-2.428481516252541,-9.083271245890948,11.51175276214349,0.014864257518361674,-2.1489596352386937,2.1481450343863746,5.381846565844504,8.215098606188572,-1.0,0.0,1.0,-48.0,0.0,48.0
0.00238,-2.646972639675056,-8.930702018481236,11.577674658156292,0.015497281061256746,-2.1817028144391895,2.1808535437828285,5.463820585824698,8.179684701330432,-1.0,0.0,1.0,-48.0,0.0,48.0
0.0024000000000000002,-2.864870665071855,-8.778317904669914,11.643188569741769,0.016147701120798656,-2.2143048413192457,2.2134199502437815,5.545439846813982,8.144146879596011,-1.0,0.0,1.0,-48.0,0.0,48.0
0.0024200000000000003,-3.0821772949953417,-8.626119355005256,11.708296650000598,0.016815681397310992,-2.246765226416215,2.245843755553453,5.62670311180445,8.108485574473274,-1.0,0.0,1.0,-48.0,0.0,48.0
0.0024400000000000003,-3.298894228129587,-8.474106821884334,11.77300105001392,0.017501381176902666,-2.279083481887057,2.2781244633693687,5.707609148162493,8.072701227325254,-1.0,0.0,1.0,-48.0,0.0,48.0
0.0024600000000000004,-3.5150231592796075,-8.322280759546212,11.83730391882582,0.01820495533126525,-2.311259121539509,2.31026157925392,5.788156727707333,8.03679428735022,-1.0,0.0,1.0,-48.0,0.0,48.0
0.00248,-3.7305657793606315,-8.170641624064968,11.9012074034256,0.018926554317832127,-2.3432916608631027,2.342254610705777,5.868344626789189,8.000765211541669,-1.0,0.0,1.0,-48.0,0.0,48.0
0.0025,-3.945523775387459,-8.019189873342478,11.964713648729937,0.019666324180300513,-2.3751806170600327,2.3741030671911134,5.948171626367024,7.964614464648134,-1.0,0.0,1.0,-48.0,0.0,48.0
0.00252,-4.159898830463775,-7.867925967101054,12.02782479756483,0.020424406549517105,-2.4069255090758728,2.405806460174674,6.027636512085893,7.928342519132871,-1.0,0.0,1.0,-48.0,0.0,48.0
0.00254,-4.373692623771565,-7.716850366875831,12.090542990647396,0.021200938644728624,-2.438525857630134,2.4373643031506718,6.106738074353887,7.89194985513333,-1.0,0.0,1.0,-48.0,0.0,48.0
0.00256,-4.586906830560519,-7.565963536006988,12.152870366567507,0.02199605327519785,-2.4699811852466795,2.4687761116735047,6.1854751084186725,7.855436960420495,-1.0,0.0,1.0,-48.0,0.0,48.0
0.0025800000000000003,-4.799543122137501,-7.415265939631756,12.214809061769257,0.02280987884218608,-2.5012910162839828,2.500041403388321,6.263846414443626,7.818804330358072,-1.0,0.0,1.0,-48.0,0.0,48.0
0.0026000000000000003,-5.011603165856041,-7.264758044676245,12.276361210532286,0.023642539341302615,-2.5324548769652284,2.531159698061384,6.341850797583552,7.7820524678614795,-1.0,0.0,1.0,-48.0,0.0,48.0
0.0026200000000000004,-5.223088625105876,-7.1144403198470565,12.337528944952933,0.02449415436522206,-2.5634722954082716,2.562130517610291,6.419487068059999,7.7451818833567305,-1.0,0.0,1.0,-48.0,0.0,48.0
0.0026400000000000004,-5.4340011593025235,-6.96431323562272,12.398314394925244,0.02536483910676984,-2.594342801655425,2.5929533861339973,6.496754041236154,7.708193094739118,-1.0,0.0,1.0,-48.0,0.0,48.0
0.00266,-5.644342423876897,-6.814377264244928,12.458719688121825,0.02625470436237652,-2.6250659277031034,2.62362782994268,6.573650537691329,7.671086627331785,-1.0,0.0,1.0,-48.0,0.0,48.0
0.00268,-5.854114070264996,-6.66463287970956,12.518746949974556,0.027163856535901594,-2.6556412075313225,2.6541533775874173,6.650175383295039,7.633863013844101,-1.0,0.0,1.0,-48.0,0.0,48.0
0.0027,-6.063317745897592,-6.515080557757559,12.57839830365515,0.028092397642826557,-2.686068177133014,2.6845295598896945,6.726327409280645,7.596522794329939,-1.0,0.0,1.0,-48.0,0.0,48.0
0.00272,-6.271955094190001,-6.365720775865564,12.637675870055565,0.029040425314818152,-2.7163463745432157,2.7147559099707315,6.802105452318598,7.559066516145755,-1.0,0.0,1.0,-48.0,0.0,48.0
0.0027400000000000002,-6.480027754531889,-6.216554013236401,12.69658176776829,0.030008032804661803,-2.746475339868084,2.744831963280636,6.877508354589248,7.5214947339085665,-1.0,0.0,1.0,-48.0,0.0,48.0
0.0027600000000000003,-6.6875373622771495,-6.067580750789336,12.755118113066485,0.030995308991565208,-2.7764546153137633,2.7747572576273734,6.952534963855246,7.4838080094537585,-1.0,0.0,1.0,-48.0,0.0,48.0
0.0027800000000000004,-6.894485548733794,-5.918801471150182,12.813287019883976,0.03200233838683262,-2.8062837452150884,2.8045313332055533,7.027184133533511,7.446006911792743,-1.0,0.0,1.0,-48.0,0.0,48.0
0.0028000000000000004,-7.100873941153957,-5.7702166586411865,12.871090599795144,0.033029201139909425,-2.835962276064138,2.8341537326250514,7.101454722766777,7.40809201707053,-1.0,0.0,1.0,-48.0,0.0,48.0
0.00282,-7.306704162723882,-5.621826799270757,12.928530961994639,0.03407597304479733,-2.8654897565386284,2.8636240009394305,7.175345596494718,7.37006390852309,-1.0,0.0,1.0,-48.0,0.0,48.0
0.00284,-7.5119778325540505,-5.4736323807229645,12.985610213277015,0.0351427255468401,-2.8948657375301465,2.892941685674196,7.248855625524654,7.331923176434628,-1.0,0.0,1.0,-48.0,0.0,48.0
0.00286,-7.7166965656692845,-5.325633892346916,13.0423304580162,0.03622952574987912,-2.924089772172228,2.922106336854859,7.321983686601799,7.293670418094731,-1.0,0.0,1.0,-48.0,0.0,48.0
0.00288,-7.9208619729989795,-5.177831825145882,13.098693798144861,0.037336436423779526,-2.9531614158682706,2.9511175070348137,7.394728662479115,7.255306237755328,-1.0,0.0,1.0,-48.0,0.0,48.0
0.0029000000000000002,-8.124475661367367,-5.030226671766282,13.154702333133647,0.038463516012325755,-2.982080226319301,2.979974751323044,7.467089441986714,7.216831246587592,-1.0,0.0,1.0,-48.0,0.0,48.0
0.0029200000000000003,-8.32753923348384,-4.882818926486468,13.210358159970308,0.03961081864148683,-3.0108457635515693,3.0086776274116365,7.539064920100838,7.178246062638679,-1.0,0.0,1.0,-48.0,0.0,48.0
0.0029400000000000003,-8.530054287933373,-4.7356090852053345,13.265663373138707,0.040778394128050496,-3.0394575899439955,3.0372256956031007,7.610653998012396,7.139551310788333,-1.0,0.0,1.0,-48.0,0.0,48.0
0.0029600000000000004,-8.732022419166967,-4.588597645430734,13.320620064597701,0.04196628798862623,-3.0679152702554426,3.0656185188375207,7.68185558319508,7.100747622705389,-1.0,0.0,1.0,-48.0,0.0,48.0
0.0029800000000000004,-8.933445217492201,-4.441785106267723,13.375230323759924,0.043174541449016154,-3.096218371651848,3.0938556627195055,7.752668589473032,7.061835636804152,-1.0,0.0,1.0,-48.0,0.0,48.0
0.003,-9.134324269063832,-4.295171968406631,13.429496237470463,0.044403191453953605,-3.1243664637331747,3.1219366955449583,7.823091937088082,7.022815998200656,-1.0,1.0,0.0,-48.0,48.0,0.0
0.00302,-9.222138890901736,-4.036237106851378,13.258375997753115,0.04564836665291243,-3.1520912125529605,3.149593495929341,7.89245375030036,6.849594366761035,-1.0,1.0,0.0,-48.0,48.0,0.0
0.00304,-9.30971992304638,-3.777813470399723,13.087533393446103,0.046905816364964874,-3.1791253240216037,3.1765590030328466,7.960084783989001,6.676660604847109,-1.0,1.0,0.0,-48.0,48.0,0.0
0.0030600000000000002,-9.397068060660777,-3.5199044904560073,12.916972551116784,0.048174994507967084,-3.205469938252668,3.2028343874837986,8.025987932181254,6.504017777930826,-1.0,1.0,0.0,-48.0,48.0,0.0
0.0030800000000000003,-9.484183994345196,-3.2625135822260227,12.746697576571218,0.049455340938809135,-3.231126207201517,3.228420832523177,8.090166119531116,6.331668945873104,-1.0,1.0,0.0,-48.0,48.0,0.0
0.0031000000000000003,-9.571068410083027,-3.0056441447085938,12.576712554791621,0.050746281919746894,-3.256095294656081,3.2533195339686354,8.152622301262692,6.159617162813915,-1.0,1.0,0.0,-48.0,48.0,0.0
0.0031200000000000004,-9.657721989189003,-2.7492995606862385,12.40702154987524,0.05204723058274993,-3.2803783762271017,3.277531700178082,8.213359463112413,5.9878654770629485,-1.0,1.0,0.0,-48.0,48.0,0.0
0.0031400000000000004,-9.744145408259813,-2.493483196714893,12.237628604974706,0.053357587391830046,-3.303976639337937,3.301058552012902,8.272380621270218,5.816416930990915,-1.0,1.0,0.0,-48.0,48.0,0.0
0.00316,-9.830339339127086,-2.2381984031127238,12.06853774223981,0.05467674060331562,-3.3268912832138797,3.3239013228007375,8.32968882231959,5.645274560921441,-1.0,1.0,0.0,-48.0,48.0,0.0
0.00318,-9.916304448812696,-1.9834485139480076,11.899752962760703,0.05600406672403756,-3.349123518871002,3.3460612582979237,8.385287143176575,5.474441397023572,-1.0,1.0,0.0,-48.0,48.0,0.0
0.0032,-10.002041399486416,-1.7292368470261692,11.731278246512584,0.05733893096739208,-3.3706745691045383,3.3675396166515004,8.439178691027694,5.303920463204903,-1.0,1.0,0.0,-48.0,48.0,0.0
0.00322,-10.087550848425863,-1.4755667038758764,11.56311755230174,0.05868068770724757,-3.3915456684767844,3.388337668360859,8.491366603266787,5.1337147770052916,-1.0,1.0,0.0,-48.0,48.0,0.0
0.0032400000000000003,-10.17283344797875,-1.2224413697342909,11.395274817713041,0.06002868092966202,-3.41173806330453,3.4084566962390124,8.541854047430817,4.963827349491189,-1.0,1.0,0.0,-48.0,48.0,0.0
0.0032600000000000003,-10.257889845527409,-0.9698641135314429,11.227753959058852,0.06138224468237829,-3.4312530116460276,3.427897995373472,8.5906442211346,4.794261185150553,-1.0,1.0,0.0,-48.0,48.0,0.0
0.0032800000000000004,-10.342720683455575,-0.7178381878737585,11.060558871329333,0.0627407035220653,-3.450091783287473,3.4466628730867885,8.637740352004508,4.625019281788394,-1.0,1.0,0.0,-48.0,48.0,0.0
0.0033000000000000004,-10.427326599117414,-0.4663668290267386,10.893693428144152,0.06410337295927271,-3.468255659729038,3.4647526488966984,8.68314569761112,4.456104630422891,-1.0,1.0,0.0,-48.0,48.0,0.0
0.0033200000000000005,-10.511708224808784,-0.2154532568968065,10.72716148170559,0.06546955990106838,-3.485745934170413,3.482168654475925,8.726863545400823,4.287520215182113,-1.0,1.0,0.0,-48.0,48.0,0.0
0.00334,-10.595866187740675,0.03489932498765921,10.560966862753016,0.06683856309132719,-3.5025639114958858,3.498912233611619,8.768897212626413,4.119269013201335,-1.0,1.0,0.0,-48.0,48.0,0.0
0.00336,-10.679801110014889,0.2846877294961321,10.395113380518756,0.06820967354864067,-3.518710908258958,3.5149847421644558,8.809250046276649,3.9513539945209346,-1.0,1.0,0.0,-48.0,48.0,0.0
0.00338,-10.763513608601844,0.5339087859164904,10.229604822685355,0.06958217500181729,-3.534188252666475,3.530387548027367,8.847925423004789,3.7837781219848896,-1.0,1.0,0.0,-48.0,48.0,0.0
0.0034000000000000002,-10.847004295320575,0.7825593399764129,10.064444955344163,0.07095534432294422,-3.5489972845623092,3.5451220310839653,8.88492674905614,3.616544351139855,-1.0,1.0,0.0,-48.0,48.0,0.0
0.0034200000000000003,-10.930273776820837,1.0306362538655263,9.89963752295531,0.07232845195797961,-3.563139355410538,3.5591895831665914,8.920257460194554,3.4496556301348074,-1.0,1.0,0.0,-48.0,48.0,0.0
0.0034400000000000003,-11.013322654567345,1.2781364062583251,9.73518624830902,0.07370076235484897,-3.576615828278195,3.572591608014061,8.953921021627982,3.2831148996212796,-1.0,1.0,0.0,-48.0,48.0,0.0
0.0034600000000000004,-11.09615152482615,1.5250566923378497,9.5710948324883,0.07507153438901394,-3.5894280778175207,3.5853295212290677,8.985920927932986,3.1169250926541725,-1.0,1.0,0.0,-48.0,48.0,0.0
0.0034800000000000005,-11.178760978653019,1.7713940238201071,9.407366954832911,0.07644002178648804,-3.6015774902477498,3.597404750235276,9.016260702978286,2.9510891345931274,-1.0,1.0,0.0,-48.0,48.0,0.0
0.0035,-11.261151601883968,2.017145328979223,9.244006272904745,0.07780547354426934,-3.6130654633364294,3.6088187342340703,9.044943899847304,2.785609943004471,-1.0,1.0,0.0,-48.0,48.0,0.0
0.00352,-11.343323975127788,2.2623075526733443,9.081016422454445,0.07916713434816443,-3.623893406380271,3.619572924161025,9.071974100759757,2.620490427563707,-1.0,1.0,0.0,-48.0,48.0,0.0
0.00354,-11.425278673760623,2.5068776563711976,8.918401017389424,0.0805242449879746,-3.634062740185532,3.6296687826420406,9.097354916992261,2.455733489958599,-1.0,1.0,0.0,-48.0,48.0,0.0
0.0035600000000000002,-11.507016267922543,2.750852618179408,8.756163649743135,0.08187604277001911,-3.643574897047924,3.6391077839491865,9.121089988797966,2.291342023792778,-1.0,1.0,0.0,-48.0,48.0,0.0
0.0035800000000000003,-11.588537322516153,2.9942294328704753,8.594307889645677,0.08322176192696792,-3.6524313207320436,3.6478914139562377,9.143182985325243,2.127318914489912,-1.0,1.0,0.0,-48.0,48.0,0.0
0.0036000000000000003,-11.669842397207102,3.2370051119114374,8.432837285295665,0.08456063402495828,-3.66063346645035,3.6560211700939256,9.163637604535399,1.9636670391984166,-1.0,1.0,0.0,-48.0,48.0,0.0
0.0036200000000000004,-11.750932046426637,3.4791766834932027,8.271755362933435,0.08589188836796918,-3.6681828008416577,3.663498561304886,9.18245757311945,1.800389266696719,-1.0,1.0,0.0,-48.0,48.0,0.0
0.0036400000000000004,-11.831806819376023,3.7207411925605394,8.111065626815483,0.08721475239942811,-3.675080801949166,3.670325107998335,9.199646646413964,1.6374884572990405,-1.0,1.0,0.0,-48.0,48.0,0.0
0.0036600000000000005,-11.912467260032901,3.9616957008427063,7.950771559190195,0.08852845210102481,-3.6813289591980167,3.676502342004451,9.215208608315926,1.4749674627617249,-1.0,1.0,0.0,-48.0,48.0,0.0
0.00368,-11.992913907159584,4.202037286884719,7.790876620274865,0.08983221238870762,-3.6869287733723763,3.682031806528488,9.229147271196723,1.3128291261900966,-1.0,1.0,0.0,-48.0,48.0,0.0
0.0037,-12.073147294313182,4.441763046079262,7.63138424823392,0.09112525750583653,-3.6918817565920534,3.6869150561046107,9.241466475815136,1.151076281945822,-1.0,1.0,0.0,-48.0,48.0,0.0
0.00372,-12.153167949857615,4.680870090699159,7.472297859158456,0.09240681141347047,-3.696189432288651,3.6911536565494703,9.252170091229475,0.9897117555548216,-1.0,1.0,0.0,-48.0,48.0,0.0
0.0037400000000000003,-12.232976396977463,4.919355549930497,7.313620847046965,0.09367609817776285,-3.699853335181229,3.694749184915507,9.261262014708741,0.8287383636156695,-1.0,1.0,0.0,-48.0,48.0,0.0
0.0037600000000000003,-12.312573153693645,5.15721656990632,7.155356583787324,0.09493234235444266,-3.7028750112515167,3.6977032294439955,9.268746171642906,0.6681589137085067,-1.0,1.0,0.0,-48.0,48.0,0.0
0.0037800000000000004,-12.391958732880896,5.394450313740897,6.997508419139999,0.09617476937035752,-3.705256017718644,3.700017389517841,9.27462651545228,0.5079762043044647,-1.0,1.0,0.0,-48.0,48.0,0.0
0.0038000000000000004,-12.471133642287038,5.631053961564559,6.840079680722479,0.0974026059020546,-3.706997923013403,3.701693275614112,9.278907027495947,0.3481930246755862,-1.0,1.0,0.0,-48.0,48.0,0.0
0.0038200000000000005,-12.550098384554005,5.867024710559101,6.683073673994905,0.09861508025137741,-3.7081023067520404,3.7027325092563452,9.28159171697936,0.1888121548052335,-1.0,1.0,0.0,-48.0,48.0,0.0
0.0038400000000000005,-12.628853457240623,6.102359774993712,6.526493682246913,0.09981142271805493,-3.7085707597095827,3.703136722966593,9.282684620860984,0.02983636529899414,-1.0,1.0,0.0,-48.0,48.0,0.0
0.00386,-12.707399352847116,6.337056386261445,6.370342966585671,0.10099086596926045,-3.708404883792681,3.702907560217226,9.282189803758078,-0.12873158270393192,-1.0,1.0,0.0,-48.0,48.0,0.0
0.00388,-12.78573655884132,6.571111792916232,6.2146247659250875,0.1021526454061182,-3.7076062920120028,3.7020466753825305,9.280111357851602,-0.2868889376188797,-1.0,1.0,0.0,-48.0,48.0,0.0
0.0039000000000000003,-12.863865557686584,6.804523260710358,6.059342296976226,0.10329599952713539,-3.7061766084541325,3.700555733690038,9.276453402790217,-0.4446329575033636,-1.0,1.0,0.0,-48.0,48.0,0.0
0.003920000000000001,-12.941786826871338,7.03728807263249,5.9044987542388485,0.10442017028853746,-3.7041174682530214,3.6984364111716563,9.271220085593436,-0.6019609101442911,-1.0,1.0,0.0,-48.0,48.0,0.0
0.00394,-13.019500838940306,7.269403528946118,5.750097309994189,0.10552440346148545,-3.7014305175609583,3.695690394614562,9.2644155805539,-0.7588700731446547,-1.0,1.0,0.0,-48.0,48.0,0.0
0.00396,-13.097008061527372,7.500866947228612,5.596141114298761,0.10660794898615326,-3.698117413519065,3.69231938151188,9.256044089138769,-0.9153577340098646,-1.0,1.0,0.0,-48.0,48.0,0.0
0.00398,-13.174308957390014,7.731675662410556,5.442633294979459,0.10767006132264383,-3.6941798242273465,3.6883250800131475,9.246109839890291,-1.0714211902335062,-1.0,1.0,0.0,-48.0,48.0,0.0
0.004,-13.251403984445364,7.9618270268156826,5.289576957629681,0.1087099997987229,-3.689619428714244,3.683709208874562,9.234617088325479,-1.2270577493827357,0.0,1.0,-1.0,0.0,48.0,-48.0
0.00402,-13.103249078594036,8.078796164413966,5.0244529141800705,0.10972719267015806,-3.6844433947697364,3.6784789663744815,9.221583827030479,-1.3795141678676486,0.0,1.0,-1.0,0.0,48.0,-48.0
0.00404,-12.95550327804878,8.195409821874438,4.760093456174343,0.11072108711879323,-3.678659037222666,3.672641696752606,9.207028415558291,-1.531487410279522,0.0,1.0,-1.0,0.0,48.0,-48.0
0.00406,-12.808165352528999,8.31166464543212,4.496500707096878,0.11169097934802476,-3.672268270694638,3.6661993521951404,9.190955696857124,-1.6829752439929613,0.0,1.0,-1.0,0.0,48.0,-48.0
0.00408,-12.66123407173875,8.4275573024153,4.23367676932345,0.11263617198522533,-3.665273018863557,3.6591538935387535,9.173370536055534,-1.833975465543386,0.0,1.0,-1.0,0.0,48.0,-48.0
0.0041,-12.514708205398662,8.543084481265762,3.9716237241329,0.11355597439406542,-3.657675214355879,3.6515072901459074,9.154277820171439,-1.9844859005019402,0.0,1.0,-1.0,0.0,48.0,-48.0
0.00412,-12.368586523279172,8.658242891558862,3.7103436317203093,0.11444970298310359,-3.6494767986392374,3.643261519780844,9.133682457822394,-2.134504403350463,0.0,1.0,-1.0,0.0,48.0,-48.0
0.0041400000000000005,-12.222867795235192,8.773029264023483,3.4498385312117095,0.11531668151063623,-3.6406797219154,3.6344185684862005,9.11158937893709,-2.284028857356514,0.0,1.0,-1.0,0.0,48.0,-48.0
0.0041600000000000005,-12.07755079124214,8.887440350561862,3.1901104406802787,0.11615624138580101,-3.631285943013609,3.6249804304602993,9.088003534468147,-2.433057174448487,0.0,1.0,-1.0,0.0,48.0,-48.0
0.0041800000000000006,-11.932634281433305,9.001472924269285,2.9311613571640214,0.11696772196592245,-3.6212974292842484,3.614949107935075,9.062929896106109,-2.581587295090788,0.0,1.0,-1.0,0.0,48.0,-48.0
0.004200000000000001,-11.78811703613852,9.115123779453603,2.672993256684916,0.11775047085009563,-3.610716156492876,3.604326611054637,9.036373455994719,-2.7296171881591,0.0,1.0,-1.0,0.0,48.0,-48.0
0.004220000000000001,-11.643997825924146,9.228389731654643,2.4156080942695026,0.11850384416899842,-3.5995441087146087,3.593114957754514,9.008339226447427,-2.877144850815745,0.0,1.0,-1.0,0.0,48.0,-48.0
0.004240000000000001,-11.500275421634353,9.341267617663446,2.159007803970906,0.11922720687092675,-3.587783278228849,3.5813161736415102,8.978832239665145,-3.024168308385144,0.0,1.0,-1.0,0.0,48.0,-48.0
0.004260000000000001,-11.356948594433604,9.453754295541328,1.9031942988922752,0.11991993300404666,-3.5754356654143655,3.568932291874245,8.947857547455245,-3.170685614229366,0.0,1.0,-1.0,0.0,48.0,-48.0
0.00428,-11.214016115850427,9.5658466446388,1.6481694712116273,0.12058140599485656,-3.562503278644741,3.555965353044322,8.91542022095181,-3.316694849623808,0.0,1.0,-1.0,0.0,48.0,-48.0
0.0043,-11.071476757822325,9.677541565614323,1.393935192208002,0.12121101892285481,-3.548988134184136,3.5424174050581514,8.881525350337125,-3.462194123632992,0.0,1.0,-1.0,0.0,48.0,-48.0
0.00432,-10.929329292741976,9.78883598045284,1.1404933122891368,0.12180817479140645,-3.5348922560834297,3.528290503019429,8.846178044564391,-3.607181572986431,0.0,1.0,-1.0,0.0,48.0,-48.0
0.00434,-10.78757249350452,9.899726832484193,0.8878456610203262,0.12237228679480633,-3.520217676076705,3.5135867091122543,8.809383431081718,-3.7516553619546977,0.0,1.0,-1.0,0.0,48.0,-48.0
0.00436,-10.646205133555998,10.0102110864013,0.635994047154699,0.12290277858153098,-3.5049664334780637,3.4983080924848995,8.771146655557315,-3.8956136822255583,0.0,1.0,-1.0,0.0,48.0,-48.0
0.00438,-10.50522598694296,10.120285728278171,0.38494025866479015,0.12339908451367855,-3.4891405750788196,3.4824567291342294,8.731472881605942,-4.039054752780286,0.0,1.0,-1.0,0.0,48.0,-48.0
0.0044,-10.364633828363122,10.22994776558771,0.13468606277541229,0.12386064992259017,-3.472742155045008,3.4660347017907593,8.690367290516596,-4.181976819770077,0.0,1.0,-1.0,0.0,48.0,-48.0
0.00442,-10.224427433217139,10.33919422721933,-0.11476679400219096,0.1242869313606513,-3.45577323481527,3.449044099804375,8.64783508098142,-4.324378156392642,0.0,1.0,-1.0,0.0,48.0,-48.0
0.00444,-10.084605577661426,10.44802216349635,-0.3634165858349243,0.12467739684926855,-3.4382358829990727,3.4314870190306777,8.603881468825872,-4.46625706276892,0.0,1.0,-1.0,0.0,48.0,-48.0
0.00446,-9.945167038662008,10.556428646193181,-0.6112616075311724,0.12503152612301976,-3.4201321752752745,3.413365561717983,8.558511686740083,-4.607611865819964,0.0,1.0,-1.0,0.0,48.0,-48.0
0.0044800000000000005,-9.806110594049391,10.664410768552287,-0.8583001745028963,0.12534881086997562,-3.401464194291047,3.3946818363949696,8.511730984011502,-4.748440919143954,0.0,1.0,-1.0,0.0,48.0,-48.0
0.0045000000000000005,-9.66743502257443,10.771965645300945,-1.1045306227265135,0.12562875496818818,-3.38223402956114,3.375437957758953,8.463544626258711,-4.888742602893402,0.0,1.0,-1.0,0.0,48.0,-48.0
0.004520000000000001,-9.529139103965187,10.879090412667765,-1.3499513087025772,0.1258708747183477,-3.3624437773674902,3.3556360465648067,8.413957895166513,-5.02851532365249,0.0,1.0,-1.0,0.0,48.0,-48.0
0.004540000000000001,-9.391221618984673,10.985782228398943,-1.5945606094142688,0.12607469907260355,-3.3420955406591966,3.3352782295145316,8.362976088222217,-5.167757514314592,0.0,1.0,-1.0,0.0,48.0,-48.0
0.004560000000000001,-9.253681349489625,11.09203827177435,-1.8383569222847245,0.12623976985954924,-3.321191428952817,3.31436663914744,8.310604518453165,-5.306467633959947,0.0,1.0,-1.0,0.0,48.0,-48.0
0.004580000000000001,-9.116517078490094,11.1978557436233,-2.081338665133205,0.12636564200536973,-3.299733558233041,3.2929034137309947,8.256848514165466,-5.444644167733518,0.0,1.0,-1.0,0.0,48.0,-48.0
0.004600000000000001,-8.979727590209986,11.303231866340116,-2.32350427613013,0.12645188375115207,-3.2777240508536916,3.270890697152276,8.20171341868397,-5.5822856267229986,0.0,1.0,-1.0,0.0,48.0,-48.0
0.00462,-8.843311670148442,11.40816388389942,-2.5648522137509775,0.12649807686635628,-3.2551650354390973,3.2483306388100748,8.145204590093444,-5.719390547837028,0.0,1.0,-1.0,0.0,48.0,-48.0
0.00464,-8.707268105142024,11.512649061871175,-2.805380956729151,0.12650381685844866,-3.232058646785786,3.225225393507614,8.08732740098096,-5.855957493683558,0.0,1.0,-1.0,0.0,48.0,-48.0
0.00466,-8.571595683427851,11.616684687435459,-3.0450890040076075,0.1264687131786969,-3.2084070257645716,3.2015771213459185,8.028087238179532,-5.991985052448413,0.0,1.0,-1.0,0.0,48.0,-48.0
0.00468,-8.436293194707401,11.720268069396964,-3.2839748746895623,0.12639238942412676,-3.184212319222948,3.1773879876177804,7.967489502512932,-6.1274718377739985,0.0,1.0,-1.0,0.0,48.0,-48.0
0.0047,-8.301359430211159,11.82339653819922,-3.52203710798806,0.12627448353564222,-3.159476679887864,3.15266016270236,7.905539608541722,-6.262416488638238,0.0,1.0,-1.0,0.0,48.0,-48.0
0.00472,-8.16679318276403,11.926067445938546,-3.759274263174517,0.12611464799230956,-3.1342022662688462,3.127395821960426,7.842242984310516,-6.396817669233673,0.0,1.0,-1.0,0.0,48.0,-48.0
0.00474,-8.032593246851487,12.028278166377726,-3.9956849195262394,0.1259125500018065,-3.1083912425614657,3.101597145630176,7.777605071096429,-6.530674068846732,0.0,1.0,-1.0,0.0,48.0,-48.0
0.00476,-7.8987584186864295,12.130026094959353,-4.231267676272924,0.12566787168703825,-3.0820457785511732,3.075266318723711,7.711631323158748,-6.663984401737201,0.0,1.0,-1.0,0.0,48.0,-48.0
0.00478,-7.765287496276745,12.23130864881892,-4.466021152542176,0.12538031026892188,-3.055168049517487,3.0484055309241005,7.644327207489796,-6.796747407017896,0.0,1.0,-1.0,0.0,48.0,-48.0
0.0048000000000000004,-7.632179279493574,12.3321232667976,-4.699943987304026,0.12504957824534244,-3.0277602361385187,3.021016976483064,7.575698203567001,-6.928961848534474,0.0,1.0,-1.0,0.0,48.0,-48.0
0.0048200000000000005,-7.499432570140198,12.432467409454702,-4.933034839314504,0.12467540356628107,-2.9998245243958914,2.993102854119267,7.505749803106174,-7.060626514745495,0.0,1.0,-1.0,0.0,48.0,-48.0
0.0048400000000000006,-7.367046172021594,12.53233855907984,-5.165292387058246,0.12425752980512007,-2.9713631054799845,2.964665366917214,7.434487509815973,-7.191740218602626,0.0,1.0,-1.0,0.0,48.0,-48.0
0.004860000000000001,-7.235018891014598,12.631734219704766,-5.396715328690168,0.1237957163261262,-2.942378175695554,2.935706722226749,7.361916839153573,-7.322301797431045,0.0,1.0,-1.0,0.0,48.0,-48.0
0.004880000000000001,-7.103349535138671,12.730651917114908,-5.6273023819762376,0.12328973844811604,-2.9128719363677082,2.906229131563153,7.288043318081526,-7.4523101128100455,0.0,1.0,-1.0,0.0,48.0,-48.0
0.004900000000000001,-6.972036914627242,12.829089198860556,-5.857052284233315,0.12273938760430791,-2.8828465937482535,2.876234810507844,7.2128724848258186,-7.581764050453831,0.0,1.0,-1.0,0.0,48.0,-48.0
0.004920000000000001,-6.841079841999598,12.927043634267719,-6.085963792268121,0.12214447149836194,-2.8523043589223867,2.845725978609666,7.136409888635116,-7.710662520092466,0.0,1.0,-1.0,0.0,48.0,-48.0
0.004940000000000001,-6.7104771321333425,13.024512814448677,-6.3140356823153345,0.12150481425661473,-2.8212474477157703,2.814704859286766,7.058661089541197,-7.83900445535307,0.0,1.0,-1.0,0.0,48.0,-48.0
0.00496,-6.5802276023373425,13.121494352312146,-6.541266749974803,0.12082025657651183,-2.7896780806019614,2.7831736797290727,6.979631658120589,-7.966788813641141,0.0,1.0,-1.0,0.0,48.0,-48.0
0.00498,-6.450330072425167,13.217985882573151,-6.767655810147984,0.12009065587124212,-2.7575984826102067,2.751134670801336,6.899327175257343,-8.094014576022142,0.0,1.0,-1.0,0.0,48.0,-48.0
0.005,-6.320783364789079,13.313985061762494,-6.993201696973415,0.11931588641058077,-2.725010883233617,2.7185900669467817,6.817753231907073,-8.22068074710318,1.0,0.0,-1.0,48.0,0.0,-48.0
0.00502,-6.079064065075444,13.184445701396102,-7.105381636320658,0.1185079000324124,-2.6921910201398327,2.685814961043621,6.735599707357923,-8.209989628938391,1.0,0.0,-1.0,48.0,0.0,-48.0
0.00504,-5.838000392617779,13.055027336852403,-7.2170269442346235,0.11767895931362886,-2.6594136993676143,2.653083498340689,6.653554127179612,-8.199092155258896,1.0,0.0,-1.0,48.0,0.0,-48.0
0.00506,-5.597590458456001,12.925729893933854,-7.328139435477853,0.11682941697746047,-2.626679751167418,2.6203964894175766,6.571618546463585,-8.18799001820339,1.0,0.0,-1.0,48.0,0.0,-48.0
0.00508,-5.357832380482869,12.796553305240565,-7.438720924757695,0.11595962520683353,-2.593989999010645,2.5877547381384884,6.48979500339804,-8.176684906273529,1.0,0.0,-1.0,48.0,0.0,-48.0
0.0051,-5.118724283422515,12.667497510102962,-7.548773226680447,0.11506993560291513,-2.5613452596032102,2.555159041667945,6.408085519304548,-8.165178504286274,1.0,0.0,-1.0,48.0,0.0,-48.0
0.00512,-4.8802642988087985,12.53856245451463,-7.658298155705831,0.11416069914415333,-2.5287463428993098,2.5226101904866596,6.326492098675128,-8.153472493326872,1.0,0.0,-1.0,48.0,0.0,-48.0
0.0051400000000000005,-4.642450564963565,12.409748091065353,-7.767297526101788,0.11323226614581407,-2.496194052115407,2.4901089684075552,6.245016729209796,-8.141568550702342,1.0,0.0,-1.0,48.0,0.0,-48.0
0.0051600000000000005,-4.40528122697476,12.281054378874359,-7.875773151899598,0.11228498622001487,-2.4636891837444197,2.4576561525919622,6.163661381854583,-8.129468349895596,1.0,0.0,-1.0,48.0,0.0,-48.0
0.005180000000000001,-4.168754436674393,12.152481283523725,-7.983726846849332,0.11131920823625632,-2.4312325275701245,2.4252525135659573,6.082428010840003,-8.117173560520103,1.0,0.0,-1.0,48.0,0.0,-48.0
0.005200000000000001,-3.932868352616394,12.024028776992017,-8.091160424375623,0.11033528028245121,-2.398824866681752,2.392898815236859,6.001318553719964,-8.104685848275125,1.0,0.0,-1.0,48.0,0.0,-48.0
0.005220000000000001,-3.697621140054329,11.895696837588094,-8.198075697533765,0.10933354962645224,-2.3664669774887908,2.3605958149098796,5.9203349314111415,-8.092006874901525,1.0,0.0,-1.0,48.0,0.0,-48.0
0.005240000000000001,-3.463010970919008,11.767485449885147,-8.304474478966139,0.1083143626780783,-2.3341596297359812,2.328344263304925,5.839479048232774,-8.07913829813815,1.0,0.0,-1.0,48.0,0.0,-48.0
0.005260000000000001,-3.2290360237959685,11.639394604654901,-8.410358580858933,0.10727806495163995,-2.301903586518517,2.296144904573541,5.758752791946903,-8.06608177167874,1.0,0.0,-1.0,48.0,0.0,-48.0
0.005280000000000001,-2.9956944839028274,11.51142429880206,-8.515729814899233,0.10622500102896326,-2.2696996042974233,2.263998476316007,5.678158033799033,-8.052838945129443,1.0,0.0,-1.0,48.0,0.0,-48.0
0.0053,-2.7629845430665547,11.38357453529893,-8.620589992232375,0.10515551452291362,-2.2375484329151436,2.2319057095985846,5.597696628559226,-8.039411463966868,1.0,0.0,-1.0,48.0,0.0,-48.0
0.00532,-2.5309043997005585,11.255845323120239,-8.72494092341968,0.10406994804141814,-2.205450815611291,2.1998673289708783,5.517370414563583,-8.025800969496672,1.0,0.0,-1.0,48.0,0.0,-48.0
0.00534,-2.299452258781786,11.128236677178226,-8.82878441839644,0.10296864315198732,-2.1734074890386124,2.1678840524833825,5.437181213756189,-8.012009098812738,1.0,0.0,-1.0,48.0,0.0,-48.0
0.00536,-2.068626331827595,11.000748618257871,-8.932122286430277,0.10185194034673603,-2.141419183279114,2.1359565917051277,5.357130831731414,-7.9980374847568765,1.0,0.0,-1.0,48.0,0.0,-48.0
0.00538,-1.8384248368725906,10.873381172952376,-9.034956336079786,0.10072017900790259,-2.1094866218603787,2.1040856517414817,5.277221057776635,-7.983887755879094,1.0,0.0,-1.0,48.0,0.0,-48.0
0.0054,-1.608845998445334,10.746134373598847,-9.137288375153513,0.09957369737386687,-2.0776105217720486,2.072271931252084,5.197453664915348,-7.969561536398387,1.0,0.0,-1.0,48.0,0.0,-48.0
0.00542,-1.3798880475449824,10.619008258214212,-9.23912021066923,0.09841283250566663,-2.045791593482501,2.0405161224689112,5.11783040995068,-7.955060446164094,1.0,0.0,-1.0,48.0,0.0,-48.0
0.00544,-1.1515492216177972,10.492002870431323,-9.340453648813526,0.09723792025401122,-2.0140305409556833,2.0088189112144748,5.03835303350927,-7.940386100617788,1.0,0.0,-1.0,48.0,0.0,-48.0
0.0054600000000000004,-0.9238277645335771,10.365118259435304,-9.441290494901727,0.09604929522679309,-1.9823280616681216,1.9771809769201505,4.9590232600855355,-7.925540110755691,1.0,0.0,-1.0,48.0,0.0,-48.0
0.0054800000000000005,-0.6967219265620237,10.238354479900131,-9.541632553338108,0.09484729075709569,-1.9506848466261022,1.94560299264463,4.879842798086317,-7.910524083091653,1.0,0.0,-1.0,48.0,0.0,-48.0
0.0055000000000000005,-0.4702299643489578,10.111711591925385,-9.641481627576427,0.09363223887169778,-1.9191015803830134,1.914085625092507,4.800813339875877,-7.895339619620648,1.0,0.0,-1.0,48.0,0.0,-48.0
0.005520000000000001,-0.24435014089251972,9.985189660973282,-9.740839520080762,0.09240447026007303,-1.8875789410568478,1.8826295346329767,4.721936561821274,-7.8799883177827805,1.0,0.0,-1.0,48.0,0.0,-48.0
0.005540000000000001,-0.01908072551926132,9.858788757805913,-9.839708032286651,0.09116431424388466,-1.8561176003478763,1.8512353753186672,4.643214124338088,-7.864471770427871,1.0,0.0,-1.0,48.0,0.0,-48.0
0.005560000000000001,0.2055800061398667,9.732508958422699,-9.938088964562565,0.0899120987469739,-1.8247182235564723,1.8199037949045895,4.564647671936498,-7.848791565780527,1.0,0.0,-1.0,48.0,0.0,-48.0
0.005580000000000001,0.4296337721735579,9.606350343998091,-10.03598411617165,0.08864815026584139,-1.7933814696010886,1.7886354348671978,4.486238833267707,-7.832949287405745,1.0,0.0,-1.0,48.0,0.0,-48.0
0.005600000000000001,0.6530822844143049,9.480313000819487,-10.133395285233792,0.08737279384062116,-1.7621079910364006,1.7574309304235818,4.407989221170705,-7.816946514175057,1.0,0.0,-1.0,48.0,0.0,-48.0
0.005620000000000001,0.875927248462606,9.354397020225395,-10.230324268688001,0.08608635302654546,-1.7308984340715847,1.7262909105507582,4.3299004327193735,-7.800784820233151,1.0,0.0,-1.0,48.0,0.0,-48.0
0.00564,1.0981703637112457,9.228602498543829,-10.326772862255075,0.08478914986589998,-1.6997534385887638,1.6952159980050923,4.2519740492699265,-7.784465774965065,1.0,0.0,-1.0,48.0,0.0,-48.0
0.00566,1.3198133233696687,9.102929537030906,-10.422742860400575,0.08348150486046768,-1.6686736381615794,1.6642068093418114,4.174211636508644,-7.76799094296385,1.0,0.0,-1.0,48.0,0.0,-48.0
0.00568,1.5408578144883425,8.97737824180975,-10.518236056298093,0.08216373694446105,-1.6376596600739264,1.633263954934654,4.096614744499984,-7.751361883998757,1.0,0.0,-1.0,48.0,0.0,-48.0
0.0057,1.7613055179832564,8.851948723809569,-10.613254241792825,0.08083616345794052,-1.606712125338818,1.602388038995599,4.019184907734953,-7.734580152983943,1.0,0.0,-1.0,48.0,0.0,-48.0
0.00572,1.9811581086604555,8.726641098705002,-10.707799207365458,0.07949910012071845,-1.5758316487173951,1.5715796595947253,3.941923645179824,-7.71764729994768,1.0,0.0,-1.0,48.0,0.0,-48.0
0.00574,2.2004172552406285,8.601455486855698,-10.801872742096327,0.07815286100674694,-1.5450188387380739,1.540839408680165,3.864832460325141,-7.70056487000207,1.0,0.0,-1.0,48.0,0.0,-48.0
0.00576,2.419084620383739,8.476392013246144,-10.895476633629883,0.07679775851898832,-1.5142742977158237,1.5101678720981548,3.7879128412350327,-7.683334403313232,1.0,0.0,-1.0,48.0,0.0,-48.0
0.00578,2.637161860713718,8.351450807425728,-10.988612668139446,0.07543410336476665,-1.483598621771584,1.4795656296132067,3.7111662605968205,-7.6659574350720385,1.0,0.0,-1.0,48.0,0.0,-48.0
0.0058000000000000005,2.854650626843217,8.226632003449057,-11.081282630292273,0.07406220453159891,-1.4529924008518063,1.4490332549283593,3.6345941757709106,-7.648435495465315,1.0,0.0,-1.0,48.0,0.0,-48.0
0.0058200000000000005,3.0715525633983916,8.10193573981651,-11.173488303214901,0.07268236926350387,-1.4224562187481307,1.4185713157055384,3.558198028840981,-7.63077010964754,1.0,0.0,-1.0,48.0,0.0,-48.0
0.005840000000000001,3.2878693090437228,7.977362159415053,-11.265231468458776,0.07129490303778772,-1.3919906531171833,1.3881803735860132,3.481979246664443,-7.612962797713042,1.0,0.0,-1.0,48.0,0.0,-48.0
0.005860000000000001,3.5036024965068933,7.85291140945929,-11.356513905966183,0.06990010954230431,-1.361596275500498,1.3578609842109433,3.405939240923178,-7.595015074668675,1.0,0.0,-1.0,48.0,0.0,-48.0
0.005880000000000001,3.7187537526037078,7.7285836414327695,-11.447337394036477,0.06849829065318787,-1.3312736513445644,1.3276136972420234,3.330079408174548,-7.576928450406998,1.0,0.0,-1.0,48.0,0.0,-48.0
0.005900000000000001,3.9333246982630383,7.604379011029539,-11.537703709292577,0.06708974641305747,-1.301023340020992,1.2974390563822167,3.254401129902674,-7.558704429679915,1.0,0.0,-1.0,48.0,0.0,-48.0
0.005920000000000001,4.147316948551805,7.480297678095957,-11.627614626647762,0.06567477500969027,-1.2708458948467911,1.2673375993965805,3.1789057725699656,-7.540344512072823,1.0,0.0,-1.0,48.0,0.0,-48.0
0.005940000000000001,4.3607321126999885,7.356339806572757,-11.717071919272746,0.06425367275516257,-1.240741863104772,1.237309858133178,3.1035946876689198,-7.521850191979214,1.0,0.0,-1.0,48.0,0.0,-48.0
0.005960000000000001,4.5735717941256775,7.2325055644373615,-11.806077358563039,0.06282673406545587,-1.2107117860640528,1.2073563585440785,3.0284692117741585,-7.503222958575765,1.0,0.0,-1.0,48.0,0.0,-48.0
0.00598,4.785837590460128,7.10879512364647,-11.894632714106598,0.06139425144052696,-1.1807561990006874,1.177477620706446,2.9535306665947325,-7.4844642957979115,1.0,0.0,-1.0,48.0,0.0,-48.0
0.006,4.997531093572913,6.98520866007885,-11.982739753651764,0.059956515444838404,-1.1508756312183837,1.147674158843697,2.8787803590266257,-7.465575682315867,1.0,-1.0,0.0,48.0,-48.0,0.0
0.00602,5.096131608672142,6.749224726016042,-11.845356334688184,0.05852763836693244,-1.1213352911583316,1.11821042839679,2.804881657702123,-7.314205307224619,1.0,-1.0,0.0,48.0,-48.0,0.0
0.00604,5.19446989942627,6.513675948816953,-11.708145848243223,0.05712181237905395,-1.0923993920428343,1.0893498857178783,2.7324954334693072,-7.163080755216151,1.0,-1.0,0.0,48.0,-48.0,0.0
0.00606,5.292546569386014,6.278565440013862,-11.571112009399876,0.055739434203417204,-1.064066956749782,1.0610915335261226,2.6616192133983447,-7.012204962280781,1.0,-1.0,0.0,48.0,-48.0,0.0
0.00608,5.390362218586565,6.043896296599275,-11.43425851518584,0.05438088456739165,-1.0363369960634545,1.0334343632812888,2.5922504953137486,-6.8615808415664965,1.0,-1.0,0.0,48.0,-48.0,0.0
0.0061,5.487917443633303,5.8096716009457365,-11.29758904457904,0.0530465285503231,-1.0092085087751852,1.0063773552652155,2.5243867480225615,-6.71121128342803,1.0,-1.0,0.0,48.0,-48.0,0.0
0.0061200000000000004,5.585212837785589,5.575894420727353,-11.161107258512942,0.05173671592930925,-0.9826804817837619,0.9799194786631628,2.4580254115420375,-6.561099155476462,1.0,-1.0,0.0,48.0,-48.0,0.0
0.0061400000000000005,5.6822489910386835,5.342567808842997,-11.02481679988168,0.0504517815238879,-0.956751890195565,0.9540596916450264,2.393163897326829,-6.411247302629244,1.0,-1.0,0.0,48.0,-48.0,0.0
0.0061600000000000005,5.779026490203764,5.109694803341171,-10.888721293544934,0.04919204553959687,-0.9314216974244389,0.9287969414464278,2.329799588495675,-6.261658547160669,1.0,-1.0,0.0,48.0,-48.0,0.0
0.006180000000000001,5.875545918986093,4.877278427346555,-10.752824346332648,0.047957813910364994,-0.9066888552912997,0.9041301644496699,2.2679298400575703,-6.112335688752841,1.0,-1.0,0.0,48.0,-48.0,0.0
0.006200000000000001,5.971807858061309,4.645321688988213,-10.617129547049522,0.04674937863969406,-0.8825523041234694,0.8800582862645574,2.2075519791374396,-5.963281504547021,1.0,-1.0,0.0,48.0,-48.0,0.0
0.006220000000000001,6.0678128851498725,4.413827581329429,-10.481640466479302,0.045567018140592566,-0.859010972853746,0.8565802218090837,2.148663305201283,-5.814498749195465,1.0,-1.0,0.0,48.0,-48.0,0.0
0.006240000000000001,6.163561575089681,4.182799082299206,-10.346360657388887,0.044410997574222205,-0.8360637791191979,0.8336948753899741,2.0912610902808044,-5.665990154913672,1.0,-1.0,0.0,48.0,-48.0,0.0
0.006260000000000001,6.259054499906865,3.9522391546253703,-10.211293654532236,0.04328156918721889,-0.8137096293596863,0.8114011407830973,2.035342579197519,-5.517758431533091,1.0,-1.0,0.0,48.0,-48.0,0.0
0.006280000000000001,6.354292228884757,3.722150745769327,-10.076442974654084,0.042178972647650706,-0.7919474189161125,0.7896979013137232,1.9809049897863238,-5.369806266554224,1.0,-1.0,0.0,48.0,-48.0,0.0
0.006300000000000001,6.449275328631051,3.4925367878624,-9.941812116493452,0.04110343537957569,-0.7707760321283897,0.7685840299366461,1.9279455131185441,-5.22213632520018,1.0,-1.0,0.0,48.0,-48.0,0.0
0.00632,6.544004363143193,3.2634001976438056,-9.807404560786999,0.04005517289616304,-0.7501943424331395,0.748058389316156,1.8764613137244401,-5.0747512504706345,1.0,-1.0,0.0,48.0,-48.0,0.0
0.00634,6.638479893872013,3.0347438764001406,-9.673223770272154,0.03903438913134131,-0.7302012124611007,0.7281198319058574,1.8264495298151562,-4.927653663196184,1.0,-1.0,0.0,48.0,-48.0,0.0
0.00636,6.732702479783502,2.8065707099066013,-9.539273189690103,0.03804127676993961,-0.7107954941342693,0.7087672000283478,1.7779072735041566,-4.780846162093164,1.0,-1.0,0.0,48.0,-48.0,0.0
0.00638,6.826672677418946,2.578883568369626,-9.405556245788572,0.03707601757628559,-0.6919760287627484,0.689999325954736,1.7308316310280818,-4.63433132381882,1.0,-1.0,0.0,48.0,-48.0,0.0
0.0064,6.9203910409532465,2.3516853063711847,-9.27207634732443,0.036138782721227246,-0.6737416471413157,0.6718150319840039,1.6852196629670628,-4.488111703026889,1.0,-1.0,0.0,48.0,-48.0,0.0
0.00642,7.013858122251538,2.124978762814601,-9.138836885066139,0.035229733107544535,-0.6560911696457086,0.6542131305222194,1.641068404464479,-4.34218983242359,1.0,-1.0,0.0,48.0,-48.0,0.0
0.00644,7.107074470924085,1.8987667608719192,-9.005841231796005,0.034349019693718334,-0.6390234063286189,0.6371924241615824,1.5983748654461492,-4.196568222823981,1.0,-1.0,0.0,48.0,-48.0,0.0
0.0064600000000000005,7.200040634379478,1.6730521079328131,-8.873092742312291,0.03349678381602425,-0.6225371570154046,0.6207517057593169,1.5571360308389615,-4.0512493632087185,1.0,-1.0,0.0,48.0,-48.0,0.0
0.0064800000000000005,7.292757157876133,1.447837595555011,-8.740594753431145,0.03267315750891976,-0.6066312113995084,0.6048897585163983,1.517348860788932,-3.9062357207811833,1.0,-1.0,0.0,48.0,-48.0,0.0
0.006500000000000001,7.385224584572118,1.2231259994162436,-8.608350583988361,0.03187826382369366,-0.5913043491375872,0.5896053560561155,1.4790102908786897,-3.7615297410249764,1.0,-1.0,0.0,48.0,-48.0,0.0
0.006520000000000001,7.4774434555733125,0.9989200792676938,-8.476363534841006,0.031112217145347516,-0.5765553399443494,0.5748972625024708,1.4421172323443854,-3.6171338477617883,1.0,-1.0,0.0,48.0,-48.0,0.0
0.006540000000000001,7.569414309979925,0.7752225788889406,-8.344636888868866,0.030375123507679302,-0.5623829436871003,0.5607642325584091,1.4066665722920202,-3.4730504432096305,1.0,-1.0,0.0,48.0,-48.0,0.0
0.006560000000000001,7.661137684931358,0.5520362260443918,-8.21317391097575,0.029667080906540026,-0.5487859104799891,0.54720501158388,1.3726551739131896,-3.3292819080414073,1.0,-1.0,0.0,48.0,-48.0,0.0
0.006580000000000001,7.752614115649452,0.329363732441189,-8.081977848090641,0.028988179611234902,-0.5357629807779637,0.5342183356737286,1.3400798767002398,-3.185830601443854,1.0,-1.0,0.0,48.0,-48.0,0.0
0.006600000000000001,7.843844135480132,0.10720779368857815,-7.95105192916871,0.028338502474041134,-0.5233128854704266,0.5218029317354143,1.3089374966608336,-3.0426988611768118,1.0,-1.0,0.0,48.0,-48.0,0.0
0.006620000000000001,7.934828275933438,-0.11442891074126493,-7.8203993651921735,0.02771812523781489,-0.5114343459745918,0.5099575175665562,1.2792248265319226,-2.899889003632841,1.0,-1.0,0.0,48.0,-48.0,0.0
0.006640000000000001,8.025567066721985,-0.33554371755096535,-7.690023349171019,0.027127116841660883,-0.5001260743285417,0.4986808019323027,1.2509386359931192,-2.757403323897166,1.0,-1.0,0.0,48.0,-48.0,0.0
0.00666,8.11606103579784,-0.5561339796542313,-7.559927056143609,0.026565539724638508,-0.4893867732839826,0.48797148464252366,1.2240756718794694,-2.6152440958079546,1.0,-1.0,0.0,48.0,-48.0,0.0
0.00668,8.20631070938787,-0.7761970662107834,-7.430113643177085,0.026033450127478864,-0.47921513639869767,0.47782825662882544,1.198632658393618,-2.4734135720168764,1.0,-1.0,0.0,48.0,-48.0,0.0
0.0067,8.296316612027496,-0.99573036265973,-7.3005862493677665,0.02553089839228803,-0.4696098481286973,0.4682498000213875,1.174606297317375,-2.3319139840500642,1.0,-1.0,0.0,48.0,-48.0,0.0
0.00672,8.386079266592981,-1.214731270751681,-7.1713479958413,0.02505792926021221,-0.46056958392006264,0.45923478822561625,1.151993268222661,-2.1907475423692957,1.0,-1.0,0.0,48.0,-48.0,0.0
0.00674,8.475599194332156,-1.4331972085793976,-7.042401985752759,0.024614582167040943,-0.45209301030048127,0.450781885998617,1.1307902286818436,-2.0499164364335227,1.0,-1.0,0.0,48.0,-48.0,0.0
0.00676,8.564876914893677,-1.6511256106070762,-6.913751304286601,0.02420089153672567,-0.44417878497047936,0.442889749525484,1.1109938144774592,-1.9094228347606896,1.0,-1.0,0.0,48.0,-48.0,0.0
0.0067800000000000004,8.653912946354762,-1.8685139276982605,-6.785399018656502,0.02381688707279072,-0.43682555689434016,0.43555702649540373,1.092600639811309,-1.7692688849898395,1.0,-1.0,0.0,48.0,-48.0,0.0
0.0068000000000000005,8.742707805247502,-2.0853596271423935,-6.657348178105109,0.02346259404761539,-0.4300319663907155,0.4287823561775746,1.0756072975129403,-1.6294567139435134,1.0,-1.0,0.0,48.0,-48.0,0.0
0.0068200000000000005,8.831262006583673,-2.3016601926800164,-6.529601813903657,0.023138033589565208,-0.4237966452229246,0.4225643694969383,1.0600103592474948,-1.4899884276904256,1.0,-1.0,0.0,48.0,-48.0,0.0
0.006840000000000001,8.91957606387813,-2.5174131245266347,-6.402162939351496,0.02284322296795232,-0.41811821668893906,0.4169016891097244,1.0458063757229352,-1.350866111608416,1.0,-1.0,0.0,48.0,-48.0,0.0
0.006860000000000001,9.007650489170764,-2.73261593939525,-6.275034549775514,0.022578175875804386,-0.4129952957110571,0.4117929294788051,1.0329918768966369,-1.2120918304476627,1.0,-1.0,0.0,48.0,-48.0,0.0
0.006880000000000001,9.095485793047036,-2.947266170517576,-6.148219622529459,0.022342902710422708,-0.4084264889252575,0.40723669694885956,1.0215633721813466,-1.0736676283941693,1.0,-1.0,0.0,48.0,-48.0,0.0
0.006900000000000001,9.183082484657131,-3.161361367663946,-6.021721116993186,0.02213741085171053,-0.404410394770243,0.40323158982134977,1.0115173506505064,-0.9355955291335067,1.0,-1.0,0.0,48.0,-48.0,0.0
0.006920000000000001,9.270441071733721,-3.3748990971619266,-5.8955419745717945,0.021961704938253338,-0.4009456035761616,0.39977619842930096,1.0028502812429392,-0.7978775359147934,1.0,-1.0,0.0,48.0,-48.0,0.0
0.006940000000000001,9.357562060608345,-3.587876941913647,-5.7696851186946985,0.02181578714113297,-0.39803069765301213,0.3968691052118938,0.9955586129668907,-0.6605156316149468,1.0,-1.0,0.0,48.0,-48.0,0.0
0.006960000000000001,9.444445956226451,-3.800292501411845,-5.644153454814606,0.021699657435458725,-0.39566425137872646,0.3945088847888579,0.9896387751034305,-0.5235117788031498,1.0,-1.0,0.0,48.0,-48.0,0.0
0.006980000000000001,9.531093262161077,-4.012143391754659,-5.518949870406418,0.021613313869598402,-0.3938448312869356,0.39269410403467664,0.9850871774092046,-0.38686791980556445,1.0,-1.0,0.0,48.0,-48.0,0.0
0.007,9.61750448062523,-4.2234272456591455,-5.394077234966085,0.021556752832093497,-0.39257099615440855,0.39142332215259235,0.9819002103185431,-0.2505859767702885,0.0,-1.0,1.0,0.0,-48.0,48.0
0.00702,9.478635595902869,-4.321619477957665,-5.157016117945205,0.021529411599619065,-0.3918311488388914,0.3906849721903372,0.980048862330519,-0.11974313842455153,0.0,-1.0,1.0,0.0,-48.0,48.0
0.00704,9.340145700515292,-4.419547169807821,-4.920598530707471,0.021530725606910963,-0.3916137050480681,0.39046750013669695,0.9795041542465562,0.010741708957785034,0.0,-1.0,1.0,0.0,-48.0,48.0
0.00706,9.202033622422636,-4.51720731062333,-4.6848263117993065,0.021560686794128148,-0.3919172317527585,0.3907694736135714,0.9802624973088134,0.14086679617060138,0.0,-1.0,1.0,0.0,-48.0,48.0
0.00708,9.064298192824033,-4.614596908153759,-4.449701284670274,0.021619286489808886,-0.39274028884956996,0.39158945320151656,0.982320285080625,0.27063035667274393,0.0,-1.0,1.0,0.0,-48.0,48.0
0.0071,8.926938246151142,-4.711712988485275,-4.215225257665867,0.02170651564380026,-0.3940814291776178,0.3929259924447965,0.9856738934736774,0.4000306266934084,0.0,-1.0,1.0,0.0,-48.0,48.0
0.0071200000000000005,8.7899526200606,-4.808552596040769,-3.981400024019831,0.021822365057947626,-0.3959391985356047,0.39477763785691594,0.9903196807762382,0.5290658453369432,0.0,-1.0,1.0,0.0,-48.0,48.0
0.0071400000000000005,8.65334015542539,-4.905112793579338,-3.748227361846052,0.021966825614532556,-0.3983121356992562,0.3971429289266321,0.996253987682429,0.6577342546870544,0.0,-1.0,1.0,0.0,-48.0,48.0
0.0071600000000000006,8.517099696325147,-5.001390662195149,-3.515709034129997,0.022139888502448187,-0.4011987724391103,0.40002039812444046,1.0034731373225367,0.786034099910438,0.0,-1.0,1.0,0.0,-48.0,48.0
0.007180000000000001,8.381230090035375,-5.09738330131566,-3.283846788719715,0.02234154544110092,-0.4045976335386577,0.4034085709095372,1.0119734352943595,0.9139636293598037,0.0,-1.0,1.0,0.0,-48.0,48.0
0.007200000000000001,8.245730187015686,-5.193087828699253,-3.0526423583164344,0.022571788902028274,-0.40850723681283024,0.4073059657372524,1.02175116969558,1.0415210946763223,0.0,-1.0,1.0,0.0,-48.0,48.0
0.007220000000000001,8.110598840896948,-5.28850138043221,-2.8220974604647378,0.02283061232822178,-0.4129260931268356,0.4117110940669543,1.03280261115716,1.1687047508914639,0.0,-1.0,1.0,0.0,-48.0,48.0
0.007240000000000001,7.97583490846745,-5.3836211109251115,-2.5922137975423376,0.023118010351145475,-0.41785270641533456,0.4166224603704215,1.0451240128777493,1.2955128565282532,0.0,-1.0,1.0,0.0,-48.0,48.0
0.007260000000000001,7.841437249658067,-5.478444192908611,-2.3629930567494553,0.023433979005439594,-0.4232855737019575,0.4220385621406808,1.058711610659105,1.4219436737019213,0.0,-1.0,1.0,0.0,-48.0,48.0
0.007280000000000001,7.707404727526441,-5.572967817428613,-2.1344369100978278,0.023778515941299944,-0.4292231851191593,0.42795788990131,1.0735616229425153,1.5479954682199593,0.0,-1.0,1.0,0.0,-48.0,48.0
0.007300000000000001,7.573736208240176,-5.667189193840847,-1.9065470143993282,0.02415162063452367,-0.4356640239284092,0.43437892721620286,1.0896702508462184,1.6736665096815768,0.0,-1.0,1.0,0.0,-48.0,48.0
0.007320000000000001,7.440430561059088,-5.761105549804857,-1.679325011254231,0.024553294594212027,-0.4426065665407101,0.44130015069979456,1.1070336782038155,1.7989550715765474,0.0,-1.0,1.0,0.0,-48.0,48.0
0.00734,7.307486658316526,-5.85471413127739,-1.4527725270391352,0.024983541568121468,-0.45004928253745036,0.4487200300277453,1.1256480716036683,1.9238594313834598,0.0,-1.0,1.0,0.0,-48.0,48.0
0.00736,7.1749033753996905,-5.9480122025052236,-1.2268911728944667,0.02544236774565412,-0.4579906346915791,0.45663702794808114,1.1455095804292774,2.0483778706673856,0.0,-1.0,1.0,0.0,-48.0,48.0
0.00738,7.042679590729162,-6.0409970460173685,-1.0016825447117936,0.02592978195847938,-0.4664290789891038,0.465049600292787,1.1666143369006279,2.1725086751768794,0.0,-1.0,1.0,0.0,-48.0,48.0
0.0074,6.9108141857374115,-6.1336659626167425,-0.7771482231206689,0.026445795878778627,-0.47536306465091166,0.4739561959898556,1.1889584561165112,2.2962501349404354,0.0,-1.0,1.0,0.0,-48.0,48.0
0.00742,6.779306044846473,-6.226016271371247,-0.5532897734752269,0.02699042421510478,-0.4847910341549061,0.48335525707578486,1.2125380360978029,2.419600544362309,0.0,-1.0,1.0,0.0,-48.0,48.0
0.00744,6.648154055444747,-6.318045309604288,-0.33010874584045935,0.027563684905849335,-0.49471142325845757,0.4932452187085258,1.2373491578316969,2.542558202317723,0.0,-1.0,1.0,0.0,-48.0,48.0
0.0074600000000000005,6.5173571078629235,-6.409750432884731,-0.10760667497819267,0.028165599310309375,-0.5051226610211679,0.5036245091808754,1.263387885316889,2.665121412247479,0.0,-1.0,1.0,0.0,-48.0,48.0
0.0074800000000000005,6.3869140953490735,-6.501129015016298,0.11421491966722479,0.02879619239734744,-0.5160231698279412,0.5144915499343168,1.2906502656097028,2.7872884822519364,0.0,-1.0,1.0,0.0,-48.0,48.0
0.007500000000000001,6.256823914042898,-6.592178448026413,0.33535453398351467,0.029455492931637225,-0.5274113654123616,0.5258447555733002,1.3191323288711518,2.909057725184392,0.0,-1.0,1.0,0.0,-48.0,48.0
0.007520000000000001,6.12708546294917,-6.682896142154502,0.5558106792053323,0.03014353365748878,-0.5392856568803738,0.5376825338799682,1.348830088414935,3.0304274587438353,0.0,-1.0,1.0,0.0,-48.0,48.0
0.007540000000000001,5.997697643910357,-6.773279525839748,0.7755818819293915,0.030860351480246448,-0.5516444467342636,0.5500032858293178,1.3797395407563524,3.1513960055670998,0.0,-1.0,1.0,0.0,-48.0,48.0
0.007560000000000001,5.86865936157847,-6.863326045708311,0.99466668412984,0.03160598764525387,-0.5644861308969336,0.5628054056048013,1.4118566656621443,3.271961693320373,0.0,-1.0,1.0,0.0,-48.0,48.0
0.007580000000000001,5.7399695233861205,-6.953033166560004,1.2130636431738826,0.03238048791437966,-0.5778090987364759,0.5760872806143645,1.4451774262012387,3.3921228547901094,0.0,-1.0,1.0,0.0,-48.0,48.0
0.007600000000000001,5.611627039516822,-7.042398371354457,1.4307713318376345,0.03318390274009875,-0.5916117330910318,0.5898472915069157,1.4796977687964057,3.5118778279733105,0.0,-1.0,1.0,0.0,-48.0,48.0
0.007620000000000001,5.483630822874547,-7.131419161196747,1.6477883383221996,0.034016287437123566,-0.6058924102939421,0.6040838121892294,1.515413623276812,3.631224956167188,0.0,-1.0,1.0,0.0,-48.0,48.0
0.007640000000000001,5.3559797890525385,-7.220093055322507,1.8641132662699686,0.034877702351580255,-0.6206495001991812,0.6187952098432795,1.5523209029314686,3.7501625880581972,0.0,-1.0,1.0,0.0,-48.0,48.0
0.007660000000000001,5.228672856301411,-7.308417591082531,2.07974473478112,0.03576821302772502,-0.6358813662070718,0.6339798449440013,1.590415504563566,3.8686890778104517,0.0,-1.0,1.0,0.0,-48.0,48.0
0.007680000000000001,5.101708945496531,-7.3963903239268545,2.2946813784303233,0.03668789037219614,-0.6515863652902795,0.6496360712774794,1.629693308545689,3.9868027851535075,0.0,-1.0,1.0,0.0,-48.0,48.0
0.0077,4.975086980104727,-7.484008827388339,2.508921847283612,0.03763681081579713,-0.6677628480200826,0.665762235959562,1.670150178875909,4.1045020754695125,0.0,-1.0,1.0,0.0,-48.0,48.0
0.00772,4.848805886150272,-7.571270693065782,2.7224648069155104,0.03861505647280756,-0.6844091585929167,0.6823566794548994,1.7117819632347475,4.2217853198797695,0.0,-1.0,1.0,0.0,-48.0,48.0
0.00774,4.7228645921802785,-7.658173530606469,2.93530893842619,0.03962271529781689,-0.7015236348571804,0.6994177355963977,1.7545844930429866,4.338650895330581,0.0,-1.0,1.0,0.0,-48.0,48.0
0.00776,4.597262029229368,-7.744714967688301,3.147452938458933,0.04065988124007878,-0.7191046083403168,0.7169437316050993,1.7985535835203543,4.4550971846785545,0.0,-1.0,1.0,0.0,-48.0,48.0
0.0077800000000000005,4.471997130783734,-7.830892650001404,3.35889551921767,0.04172665439538209,-0.7371504042761535,0.7349329881104786,1.8436850337450486,4.571122576775227,0.0,-1.0,1.0,0.0,-48.0,48.0
0.0078000000000000005,4.347068832744579,-7.916704241229265,3.569635408484686,0.04282314115543578,-0.7556593416325029,0.7533838191711518,1.8899746267141082,4.686725466551055,0.0,-1.0,1.0,0.0,-48.0,48.0
0.00782,4.222476073390943,-8.002147423029392,3.779671349638448,0.04394945435476497,-0.7746297331390188,0.7722945322960051,1.9374181294046182,4.801904255098784,0.0,-1.0,1.0,0.0,-48.0,48.0
0.007840000000000001,4.098217793341918,-8.087219895013519,3.9890021016716006,0.04510571341511592,-0.7940598853153099,0.7916634284657313,1.986011292835752,4.916657349756186,0.0,-1.0,1.0,0.0,-48.0,48.0
0.00786,3.9742929355183207,-8.171919374727295,4.197626439208975,0.046292044487367186,-0.8139480984992927,0.811488802154775,2.0357498521316155,5.030983164188093,0.0,-1.0,1.0,0.0,-48.0,48.0
0.00788,3.850700445103721,-8.256243597629606,4.405543152525885,0.04750858059094636,-0.8342926668758133,0.8317689413537005,2.0866295265849524,5.144880118467928,0.0,-1.0,1.0,0.0,-48.0,48.0
0.0079,3.727439269504992,-8.340190317071366,4.612751047566374,0.04875546175074943,-0.8550918785054902,0.8525021275919495,2.138646019721618,5.258346639158454,0.0,-1.0,1.0,0.0,-48.0,48.0
0.00792,3.604508358312299,-8.42375730427383,4.81924894596153,0.05003283513156148,-0.8763440153538055,0.8736866359610077,2.1917950193658626,5.371381159391906,0.0,-1.0,1.0,0.0,-48.0,48.0
0.007940000000000001,3.4819066632584965,-8.506942348306604,5.025035685048107,0.05134085516997972,-0.8980473533204485,0.8953207351379945,2.24607219770646,5.4839821189496,0.0,-1.0,1.0,0.0,-48.0,48.0
0.00796,3.359633138178128,-8.589743256065024,5.230110117886896,0.05267968370383444,-0.9202001622688639,0.9174026874096188,2.301473211363547,5.596147964340686,0.0,-1.0,1.0,0.0,-48.0,48.0
0.007980000000000001,3.237686738965772,-8.672157852247292,5.4344711132815195,0.0540494900991117,-0.942800706056065,0.939930748696577,2.3579937014563415,5.707877148880487,0.0,-1.0,1.0,0.0,-48.0,48.0
0.008,3.1160664235340816,-8.754183979331005,5.638117555796923,0.05545045137437325,-0.9658472425626435,0.9629031685783083,2.4156292936715453,5.81916813276797,-1.0,0.0,1.0,-48.0,0.0,48.0
0.008020000000000001,2.882248918408351,-8.610775636662323,5.728526718253972,0.05686694191321743,-0.9890631762279632,0.9860441821508643,2.4736881937925816,5.792599997684981,-1.0,0.0,1.0,-48.0,0.0,48.0
0.00804,2.649062606575913,-8.467592566712865,5.818529960136952,0.0582832725156376,-1.0121728874924187,1.0090790034905452,2.531481056136308,5.765960616115343,-1.0,0.0,1.0,-48.0,0.0,48.0
0.008060000000000001,2.416505766335521,-8.32463490301308,5.90812913667756,0.05969952899888185,-1.0351760944305686,1.0320073466512945,2.5890071694118655,5.7392502238323475,-1.0,0.0,1.0,-48.0,0.0,48.0
0.00808,2.1845766802774724,-8.181902780519362,5.99732610024189,0.06111579499784792,-1.0580725160111009,1.0548289266989783,2.646265824715276,5.712469062438071,-1.0,0.0,1.0,-48.0,0.0,48.0
0.008100000000000001,1.953273635282164,-8.039396335608451,6.086122700326287,0.06253215196848876,-1.08086187212011,1.0775434597345686,2.703256315587621,5.685617379333304,-1.0,0.0,1.0,-48.0,0.0,48.0
0.00812,1.7225949225191117,-7.8971157060720305,6.174520783552919,0.06394867919134527,-1.1035438835842328,1.1001506629171713,2.7599779380728373,5.658695427687515,-1.0,0.0,1.0,-48.0,0.0,48.0
0.008140000000000001,1.4925388374454762,-7.755061031110828,6.262522193665352,0.06536545377521083,-1.1261182721937024,1.1226502544869605,2.8164299907752968,5.631703466408689,-1.0,0.0,1.0,-48.0,0.0,48.0
0.00816,1.2631036798050337,-7.613232451328864,6.35012877152383,0.0667825506609245,-1.1485847607252504,1.1450419537879468,2.8726117749169946,5.604641760113154,-1.0,0.0,1.0,-48.0,0.0,48.0
0.008180000000000002,1.0342877536266943,-7.471630108727279,6.437342355100585,0.06820004262529829,-1.1709430729649348,1.1673254812906593,2.928522594394528,5.577510579095319,-1.0,0.0,1.0,-48.0,0.0,48.0
0.0082,0.8060893672234402,-7.330254146698266,6.524164779474826,0.0696180002851747,-1.1931929337308145,1.189500558614662,2.9841617558356797,5.550310199297402,-1.0,0.0,1.0,-48.0,0.0,48.0
0.00822,0.5785068331908292,-7.189104710018608,6.610597876827779,0.07103649210162001,-1.2153340688955396,1.211566908550976,3.039528568655784,5.523040902279044,-1.0,0.0,1.0,-48.0,0.0,48.0
0.00824,0.3515384684057725,-7.048181944843227,6.696643476437455,0.07245558438425033,-1.2373662054088133,1.2335242550843528,3.0946223451137334,5.4957029751869175,-1.0,0.0,1.0,-48.0,0.0,48.0
0.00826,0.1251825940252651,-6.907485998698585,6.7823034046733195,0.07387534129569254,-1.2592890713197245,1.2553723234154182,3.149442400367677,5.468296710724259,-1.0,0.0,1.0,-48.0,0.0,48.0
0.008280000000000001,-0.1005624645151304,-6.7670170204757705,6.867579484990901,0.07529582485618301,-1.2811023957990049,1.2771108399827105,3.203988052530475,5.440822407120342,-1.0,0.0,1.0,-48.0,0.0,48.0
0.0083,-0.32569837750245956,-6.626775160423688,6.9524735379261475,0.0767170949483001,-1.302805909161117,1.298739532484557,3.2582586227247594,5.413280368099908,-1.0,0.0,1.0,-48.0,0.0,48.0
0.008320000000000001,-0.5502268109479598,-6.486760570141833,7.0369873810897925,0.07813920932183689,-1.3243993428862788,1.3202581299008578,3.3122534351377833,5.385670902852518,-1.0,0.0,1.0,-48.0,0.0,48.0
0.00834,-0.7741494265882771,-6.34697340257318,7.1211228291614574,0.07956222359880886,-1.345882429642326,1.341666362514705,3.3659718170758683,5.357994326001893,-1.0,0.0,1.0,-48.0,0.0,48.0
0.008360000000000001,-0.9974678818870837,-6.2074138119966795,7.204881693883763,0.08098619127860288,-1.367254903306501,1.362963961933909,3.419413099018641,5.330250957575142,-1.0,0.0,1.0,-48.0,0.0,48.0
0.00838,-1.2201838300363397,-6.068081954019846,7.288265784056185,0.08241116374326289,-1.3885164989870775,1.3841506611123546,3.4725766146728607,5.3024411229719846,-1.0,0.0,1.0,-48.0,0.0,48.0
0.008400000000000001,-1.4422989199579588,-5.92897798557097,7.371276905528929,0.08383719026291762,-1.4096669530449215,1.4052261943712718,3.525461701026044,5.274565152933886,-1.0,0.0,1.0,-48.0,0.0,48.0
0.00842,-1.663814796305095,-5.790102064891436,7.453916861196531,0.0852643180013463,-1.4307060031148817,1.426190297420336,3.5780676983996798,5.246623383513164,-1.0,0.0,1.0,-48.0,0.0,48.0
0.008440000000000001,-1.8847330994638822,-5.651454351527625,7.536187450991507,0.08669259202168739,-1.4516333881271126,1.447042707378671,3.6303939505022265,5.218616156042007,-1.0,0.0,1.0,-48.0,0.0,48.0
0.00846,-2.1050554655547575,-5.513035006322959,7.618090471877717,0.08812205529228634,-1.4724488483282339,1.4677831627956939,3.682439804481713,5.190543817101483,-1.0,0.0,1.0,-48.0,0.0,48.0
0.008480000000000001,-2.3247835264342314,-5.37484419140954,7.6996277178437715,0.08955274869268745,-1.493152125302412,1.4884114036718572,3.7342046109781153,5.162406718490439,-1.0,0.0,1.0,-48.0,0.0,48.0
0.0085,-2.543918909696276,-5.236882070199899,7.780800979896175,0.0909847110197652,-1.5137429619922917,1.5089271714792305,3.7856877241753355,5.134205217194412,-1.0,0.0,1.0,-48.0,0.0,48.0
0.008520000000000002,-2.7624632386741483,-5.099148807378361,7.861612046052509,0.09241797899400107,-1.534221102719836,1.5293302091819836,3.836888501852957,5.105939675354412,-1.0,0.0,1.0,-48.0,0.0,48.0
0.00854,-2.9804181324418293,-4.961644568892523,7.942062701334352,0.09385258726590016,-1.554586293207023,1.549620261256704,3.887806305437598,5.07761046023573,-1.0,0.0,1.0,-48.0,0.0,48.0
0.00856,-3.1977852058158636,-4.824369521944362,8.022154727760226,0.09528856842255408,-1.5748382805964476,1.5697970737126152,3.938440500054039,5.049217944196623,-1.0,0.0,1.0,-48.0,0.0,48.0
0.00858,-3.4145660693569893,-4.687323834981362,8.101889904338352,0.09672595299434497,-1.5949768134717857,1.5898603941116423,3.988790454575973,5.020762504656981,-1.0,0.0,1.0,-48.0,0.0,48.0
0.0086,-3.630762329371775,-4.550507677687509,8.181270007059284,0.09816476946179425,-1.6150016418781448,1.6098099715883487,4.038855541676459,4.992244524066961,-1.0,0.0,1.0,-48.0,0.0,48.0
0.008620000000000001,-3.8463755879145616,-4.413921220973995,8.260296808888556,0.09960504426255638,-1.6349125173423056,1.6296455568697545,4.088635137878092,4.963664389875507,-1.0,0.0,1.0,-48.0,0.0,48.0
0.00864,-4.061407442789045,-4.277564636970023,8.338972079759069,0.10104680179855485,-1.6547091928928255,1.6493669022950015,4.138128623602805,4.935022494498897,-1.0,0.0,1.0,-48.0,0.0,48.0
0.008660000000000001,-4.275859487550274,-4.1414380990132384,8.417297586563512,0.10249006444326501,-1.674391423080043,1.6689737618349088,4.187335383221416,4.906319235289153,-1.0,0.0,1.0,-48.0,0.0,48.0
0.00868,-4.48973331150631,-4.005541781640268,8.495275093146578,0.10393485254913928,-1.6939589639959394,1.6884658911113712,4.236254805102794,4.877555014502491,-1.0,0.0,1.0,-48.0,0.0,48.0
0.008700000000000001,-4.7030304997202865,-3.8698758605768866,8.572906360297173,0.10538118445517908,-1.713411573293903,1.7078430474166513,4.284886281662772,4.848730239267626,-1.0,0.0,1.0,-48.0,0.0,48.0
0.00872,-4.9157526330121515,-3.734440512728301,8.650193145740452,0.10682907649465037,-1.732749010208353,1.7271049897325101,4.333229209412687,4.819845321554119,-1.0,0.0,1.0,-48.0,0.0,48.0
0.008740000000000001,-5.127901287960743,-3.5992359161690644,8.727137204129807,0.10827854300294493,-1.7519710355742628,1.7462514787492363,4.3812829890076594,4.790900678140591,-1.0,0.0,1.0,-48.0,0.0,48.0
0.00876,-5.339478036905625,-3.4642622501330984,8.803740287038723,0.10972959632558617,-1.7710774118465409,1.7652822768845102,4.429047025294493,4.761896730582958,-1.0,0.0,1.0,-48.0,0.0,48.0
0.008780000000000001,-5.550484447949247,-3.3295196950033605,8.880004142952608,0.1111822468263808,-1.790067903119311,1.7841971483021617,4.476520727359322,4.732833905182551,-1.0,0.0,1.0,-48.0,0.0,48.0
0.0088,-5.760922084958818,-3.1950084323016106,8.955930517260429,0.11263650289571372,-1.8089422751450497,1.8029958589307689,4.523703508574868,4.703712632954257,-1.0,0.0,1.0,-48.0,0.0,48.0
0.008820000000000001,-5.9707925075685555,-3.06072864467783,9.031521152246386,0.11409237095899105,-1.8277002953536303,1.8216781764821512,4.5705947866474546,4.674533349594544,-1.0,0.0,1.0,-48.0,0.0,48.0
0.00884,-6.180097271181614,-2.9266805158997387,9.106777787081352,0.11554985548522471,-1.8463417328712124,1.8402438704696993,4.617193983663629,4.645296495449493,-1.0,0.0,1.0,-48.0,0.0,48.0
0.008860000000000002,-6.388837926972418,-2.7928642308419698,9.181702157814387,0.11700895899576497,-1.8648663585390417,1.8586927122265977,4.663500526136532,4.616002515482744,-1.0,0.0,1.0,-48.0,0.0,48.0
0.00888,-6.597016021888663,-2.6592799754753442,9.256295997364008,0.11846968207317513,-1.8832739449320988,1.8770244749238856,4.709513845051874,4.586651859243426,-1.0,0.0,1.0,-48.0,0.0,48.0
0.0089,-6.804633098653689,-2.5259279368558136,9.330561035509502,0.1199320233702532,-1.9015642663776477,1.8952389335884126,4.755233375913663,4.557244980834013,-1.0,0.0,1.0,-48.0,0.0,48.0
0.00892,-7.0116906957686815,-2.3928083031134246,9.404498998882106,0.1213959796191969,-1.9197370989736549,1.9133358651206362,4.8006585587895705,4.527782338878149,-1.0,0.0,1.0,-48.0,0.0,48.0
0.00894,-7.218190347514894,-2.259921263441165,9.47811161095606,0.12286154564091226,-1.937792220607072,1.9313150483122905,4.845788838355955,4.498264396488443,-1.0,0.0,1.0,-48.0,0.0,48.0
0.008960000000000001,-7.424133583956137,-2.1272670080835487,9.551400592039686,0.12432871435446877,-1.9557294109720247,1.9491762638639327,4.8906236639426375,4.468691621234171,-1.0,0.0,1.0,-48.0,0.0,48.0
0.00898,-7.6295219309409985,-1.9948457283252956,9.624367659266294,0.12579747678669545,-1.9735484515878439,1.9669192944023295,4.935162489577252,4.439064485109009,-1.0,0.0,1.0,-48.0,0.0,48.0
0.009000000000000001,-7.8343569101054005,-1.862657616479662,9.697014526585063,0.12726782208192358,-1.9912491258170097,1.9845439244977394,4.979404774029384,4.409383464498618,-1.0,1.0,0.0,-48.0,48.0,0.0
0.00902,-7.926117753008905,-1.6181812383231464,9.54429899133205,0.12872282452188333,-2.008567550468523,2.001787163082091,5.022690643808881,4.247844586880391,-1.0,1.0,0.0,-48.0,48.0,0.0
0.009040000000000001,-8.017635131201603,-1.3742492316056159,9.391884362807218,0.13014537439298648,-2.0252408467444187,2.0183870321227597,5.0643627522671455,4.086631659112463,-1.0,1.0,0.0,-48.0,48.0,0.0
0.00906,-8.108909552038995,-1.1308647155902884,9.239774267629283,0.131535177713976,-2.041270314098317,2.0343448455775643,5.104424372658718,3.92574743142214,-1.0,1.0,0.0,-48.0,48.0,0.0
0.009080000000000001,-8.19994152006219,-0.8880307925156843,9.087972312577874,0.13289193318454934,-2.056657262784751,2.0496619285324247,5.142878805710796,3.7651946480924163,-1.0,1.0,0.0,-48.0,48.0,0.0
0.0091,-8.290731536971382,-0.6457505475823302,8.936482084553713,0.13421533257912813,-2.0714030138456,2.0643396171670116,5.17972937956325,3.604976047362063,-1.0,1.0,0.0,-48.0,48.0,0.0
0.009120000000000001,-8.381280101601451,-0.40402704893830943,8.78530715053976,0.13550506113840238,-2.0855088990960806,2.078379258720106,5.214979449707714,3.4450943613258183,-1.0,1.0,0.0,-48.0,48.0,0.0
0.00914,-8.471587709899312,-0.1628633476644974,8.63445105756381,0.1367607979586181,-2.098976261110236,2.0917822114546327,5.248632398925626,3.2855523158352646,-1.0,1.0,0.0,-48.0,48.0,0.0
0.009160000000000001,-8.561654854903395,0.07773752224133233,8.483917332662063,0.13798221637858735,-2.1118064532059613,2.1045498446224022,5.2806916372253205,3.1263526303998175,-1.0,1.0,0.0,-48.0,48.0,0.0
0.00918,-8.651482026724851,0.3177725438806973,8.333709482844155,0.1391689843643912,-2.1240008394295358,2.1166835384285267,5.311160601778097,2.9674980180883797,-1.0,1.0,0.0,-48.0,48.0,0.0
0.009200000000000002,-8.741069712530836,0.5572387174717047,8.18383099505913,0.14032076489175552,-2.1355607945396886,2.128184683995556,5.340042756853342,2.808991185431116,-1.0,1.0,0.0,-48.0,48.0,0.0
0.00922,-8.830418396529485,0.7961330603666252,8.03428533616286,0.14143721632606804,-2.146487703991175,2.1390546833273,5.367341593752631,2.6508348323218898,-1.0,1.0,0.0,-48.0,48.0,0.0
0.00924,-8.919528559956937,1.034452607070527,7.885075952886411,0.14251799280001812,-2.156782963917885,2.149294949272372,5.393060630742899,2.4930316519208273,-1.0,1.0,0.0,-48.0,48.0,0.0
0.009260000000000001,-9.008400681066068,1.2721944092603212,7.736206271805746,0.14356274458883023,-2.166447981115461,2.1589069054874286,5.417203412988611,2.335584330557433,-1.0,1.0,0.0,-48.0,48.0,0.0
0.00928,-9.097035235117072,1.5093555358044628,7.587679699312609,0.14457111848306628,-2.17548417302344,2.1678919864001225,5.439773512482962,2.178495547634099,-1.0,1.0,0.0,-48.0,48.0,0.0
0.009300000000000001,-9.185432694369966,1.7459330727835485,7.4394996215864175,0.14554275815897544,-2.183892967706929,2.1762516371717897,5.460774527978145,2.0217679755298184,-1.0,1.0,0.0,-48.0,48.0,0.0
0.00932,-9.273593528078715,1.9819241235111724,7.291669404567543,0.1464773045463628,-2.1916758038377795,2.1839873136598267,5.480210084914623,1.8654042795045287,-1.0,1.0,0.0,-48.0,48.0,0.0
0.009340000000000001,-9.361518202487314,2.2173258085558083,7.1441923939315055,0.14737439619395448,-2.1988341306753076,2.1911004823798126,5.4980838353494645,1.7094071176035672,-1.0,1.0,0.0,-48.0,48.0,0.0
0.00936,-9.449207180827466,2.452135265762903,6.997071915064564,0.14823366963223503,-2.2053694080465123,2.1975926204673435,5.5143994578837185,1.553779140562768,-1.0,1.0,0.0,-48.0,48.0,0.0
0.009380000000000001,-9.536660923318163,2.6863496502779736,6.850311273040188,0.14905475973373175,-2.2112831063258422,2.2034652156396035,5.529160657588859,1.3985229917136586,-1.0,1.0,0.0,-48.0,48.0,0.0
0.0094,-9.623879887166826,2.9199661345698993,6.703913752596927,0.14983730007072146,-2.21657670641446,2.208719766156658,5.542371165932252,1.243641306889304,-1.0,1.0,0.0,-48.0,48.0,0.0
0.009420000000000001,-9.71086452657234,3.152981908455191,6.557882618117149,0.15058092327033776,-2.2212516997190517,2.2133577807824842,5.554034740701718,1.0891367143302357,-1.0,1.0,0.0,-48.0,48.0,0.0
0.00944,-9.797615292729592,3.385394179122439,6.412221113607153,0.15128526136705125,-2.225309588130135,2.2173807787457385,5.564155165929123,0.9350118345910343,-1.0,1.0,0.0,-48.0,48.0,0.0
0.009460000000000001,-9.884132633835858,3.6172001711577124,6.266932462678146,0.15194994615250285,-2.2287518839999203,2.220790289700259,5.572736251813064,0.7812692804469845,-1.0,1.0,0.0,-48.0,48.0,0.0
0.00948,-9.970416995098688,3.8483971265701196,6.122019868528569,0.15257460952266277,-2.231580110119677,2.223587853685319,5.579781834640607,0.627911656801379,-1.0,1.0,0.0,-48.0,48.0,0.0
0.009500000000000001,-10.056468818745588,4.078982304818301,5.977486513927286,0.1531588838222944,-2.2337957996966273,2.225775021085606,5.58529577670811,0.47494156059289616,-1.0,1.0,0.0,-48.0,48.0,0.0
0.00952,-10.142288544035152,4.308952982837048,5.833335561198104,0.1537024021866962,-2.23540049633037,2.2273533525909666,5.5892819662411,0.32236158070362153,-1.0,1.0,0.0,-48.0,48.0,0.0
0.009540000000000002,-10.227876607269987,4.5383064550648555,5.689570152205133,0.15420479888070263,-2.2363957539888313,2.2283244191558857,5.591744317313271,0.17017429786713123,-1.0,1.0,0.0,-48.0,48.0,0.0
0.00956,-10.313233441811036,4.767040033471559,5.5461934083394775,0.1546657096349156,-2.236783136983741,2.2286898019587253,5.592686769764524,0.018382284577219465,-1.0,1.0,0.0,-48.0,48.0,0.0
0.00958,-10.398359478093631,4.995151047586869,5.403208430506762,0.15508477197914805,-2.2365642199456355,2.2284510923607104,5.5921132891181164,-0.13301189500329658,-1.0,1.0,0.0,-48.0,48.0,0.0
0.009600000000000001,-10.483255143644993,5.222636844529118,5.260618299115874,0.1554616255730527,-2.235740587798388,2.2276098918646676,5.590027866496905,-0.28400568513324087,-1.0,1.0,0.0,-48.0,48.0,0.0
0.00962,-10.567920863103279,5.449494789034508,5.118426074068772,0.15579591253391464,-2.234313835733281,2.2261678120735375,5.586434518538673,-0.43459653858340586,-1.0,1.0,0.0,-48.0,48.0,0.0
0.009640000000000001,-10.65235705823821,5.675722263487035,4.976634794751175,0.15608727776158582,-2.2322855691825905,2.22412647464862,5.58133728731056,-0.584781916726703,-1.0,1.0,0.0,-48.0,48.0,0.0
0.00966,-10.736564147973088,5.901316667948549,4.835247480024538,0.1563353692605358,-2.2296574037927135,2.2214875112676005,5.574740240222589,-0.7345592896277227,-1.0,1.0,0.0,-48.0,48.0,0.0
0.009680000000000001,-10.820542548408412,6.126275420189596,4.694267128218816,0.15653983845899896,-2.2264309653968306,2.2182525635823347,5.566647469940311,-0.8839261361322133,-1.0,1.0,0.0,-48.0,48.0,0.0
0.0097,-10.904292672846823,6.350595955720336,4.5536967171264875,0.15670034052519438,-2.222607889987089,2.2144232831763886,5.557063094296541,-1.032879943955973,-1.0,1.0,0.0,-48.0,48.0,0.0
0.009720000000000001,-10.987814931819635,6.574275727822268,4.413539203997366,0.15681653468059487,-2.218189823686338,2.2100013315223586,5.545991256202213,-1.1814182097736605,-1.0,1.0,0.0,-48.0,48.0,0.0
0.00974,-11.071109733114627,6.79731220757996,4.2737975255346665,0.15688808451022562,-2.2131784227193863,2.204988379938947,5.533436123556362,-1.3295384393070089,-1.0,1.0,0.0,-48.0,48.0,0.0
0.009760000000000001,-11.154177481805412,7.019702883913589,4.134474597891822,0.15691465826996662,-2.2075753533837976,2.199386109547809,5.519401889155188,-1.4772381474129819,-1.0,1.0,0.0,-48.0,48.0,0.0
0.00978,-11.237018580282028,7.241445263611468,3.99557331667056,0.15689592919084058,-2.2013822920202344,2.193196211230181,5.503892770600294,-1.6245148581713205,-1.0,1.0,0.0,-48.0,48.0,0.0
0.009800000000000001,-11.31963342828304,7.462536871363341,3.8570965569197,0.15683157578026158,-2.1946009249823315,2.186420385583264,5.486913010205998,-1.7713661049720464,-1.0,1.0,0.0,-48.0,48.0,0.0
0.00982,-11.402022422928868,7.6829752497936665,3.7190471731352015,0.15672128212022335,-2.187232948606113,2.17906034287639,5.4684668749058085,-1.9177894306023597,-1.0,1.0,0.0,-48.0,48.0,0.0
0.009840000000000002,-11.484185958756557,7.90275795949563,3.5814279992609275,0.1565647381624069,-2.179280069178957,2.1711178030069647,5.448558656158012,-2.0637823873334815,-1.0,1.0,0.0,-48.0,48.0,0.0
0.00986,-11.56612442775575,8.121882579065135,3.444241848690614,0.15636164002018374,-2.1707440029080947,2.162594495456175,5.427192669850404,-2.2093425370069184,-1.0,1.0,0.0,-48.0,48.0,0.0
0.009880000000000002,-11.647838219406063,8.340346705135492,3.307491514270571,0.15611169025749513,-2.1616264758886583,2.153492159244484,5.4043732562041535,-2.3544674511206516,-1.0,1.0,0.0,-48.0,48.0,0.0
0.0099,-11.729327720715625,8.55814795241207,3.1711797683035567,0.15581459817458496,-2.151929224071284,2.1438125428868977,5.380104779676814,-2.499154710914764,-1.0,1.0,0.0,-48.0,48.0,0.0
0.00992,-11.810593316260988,8.7752839537076,3.035309362553388,0.1554700800905659,-2.1416539932292475,2.1335574043480054,5.354391628864467,-2.6434019074569792,-1.0,1.0,0.0,-48.0,48.0,0.0
0.009940000000000001,-11.891635388228174,8.991752359977554,2.8998830282506205,0.15507785962279705,-2.130802538925162,2.1227285109968093,5.327238216403022,-2.7872066417277255,-1.0,1.0,0.0,-48.0,48.0,0.0
0.00996,-11.972454316454973,9.207550840355815,2.7649034760991587,0.15463766796305364,-2.1193766264772234,2.111327639561328,5.298648978868678,-2.9305665247048864,-1.0,1.0,0.0,-48.0,48.0,0.0
0.009980000000000001,-12.053050478474496,9.422677082190852,2.6303733962836437,0.15414924415046638,-2.107378030925006,2.0993565760829753,5.2686283766775,-3.073479177448391,-1.0,1.0,0.0,-48.0,48.0,0.0
0.01,-12.133424249559788,9.637128791081825,2.496295458477963,0.15361233534121127,-2.094808536994818,2.08681711587073,5.237180893984208,-3.215942231184257,0.0,1.0,-1.0,0.0,48.0,-48.0
0.010020000000000001,-11.988531486895006,9.738381464751365,2.2501500221436403,0.15302769567729593,-2.0816835122309403,2.0737245846888834,5.204344972335476,-3.351164104519092,0.0,1.0,-1.0,0.0,48.0,-48.0
0.01004,-11.844031157927892,9.83926230252009,2.0047688554078023,0.15239610388219846,-2.068018373268748,2.0600943561954126,5.170159174731119,-3.485917127529257,0.0,1.0,-1.0,0.0,48.0,-48.0
0.010060000000000001,-11.699921965551171,9.939768422521546,1.7601535430296258,0.15171735661322963,-2.053814991157188,2.045928309582548,5.134628198474678,-3.620199544462773,0.0,1.0,-1.0,0.0,48.0,-48.0
0.01008,-11.556202615245343,10.039896963488646,1.516305651756698,0.1509912592129834,-2.0390752441222832,2.0312283307828998,5.097756758298161,-3.7540096253628885,0.0,1.0,-1.0,0.0,48.0,-48.0
0.010100000000000001,-11.41287181511378,10.139645084767267,1.273226730346513,0.1502176259282805,-2.023801017468817,2.015996312362608,5.059549586104616,-3.8873456659563033,0.0,1.0,-1.0,0.0,48.0,-48.0
0.01012,-11.269928275918978,10.239009966329414,1.030918309589565,0.14939628012584405,-2.0079942034823834,2.0002341534150507,5.02001143071189,-4.020205987541202,0.0,1.0,-1.0,0.0,48.0,-48.0
0.010140000000000001,-11.127370711119532,10.33798880878634,0.7893819023331917,0.14852705450469594,-1.9916567013317703,1.9839437594550937,4.979147057597441,-4.152588936875603,0.0,1.0,-1.0,0.0,48.0,-48.0
0.01016,-10.985197836908224,10.43657883340124,0.5486190035069828,0.14760979130527174,-1.9747904169717128,1.9671270423139042,4.93696124864433,-4.284492886065532,0.0,1.0,-1.0,0.0,48.0,-48.0
0.010180000000000002,-10.843408372250778,10.534777282101865,0.30863109014891227,0.14664434251524172,-1.9573972630459624,1.949785920034286,4.8934588018882605,-4.4159162324534895,0.0,1.0,-1.0,0.0,48.0,-48.0
0.0102,-10.702001038925706,10.632581417492698,0.06941962143300728,0.14563057007203747,-1.9394791587907545,1.931922316766593,4.848644531265817,-4.546857398506759,0.0,1.0,-1.0,0.0,48.0,-48.0
0.010220000000000002,-10.560974561564784,10.729988522867071,-0.16901396130228685,0.14456834606207328,-1.9210380299385779,1.9135381626651504,4.8025232663637345,-4.677314831706012,0.0,1.0,-1.0,0.0,48.0,-48.0
0.01024,-10.420327667694604,10.82699590221884,-0.40666823452423695,0.14345755291665954,-1.9020758086223406,1.8946353937852516,4.755099852169354,-4.80728700443377,0.0,1.0,-1.0,0.0,48.0,-48.0
0.01026,-10.280059087778676,10.92360088025393,-0.6435417924752549,0.14229808360460136,-1.8825944332798523,1.8752159519806588,4.706379148822131,-4.936772413863132,0.0,1.0,-1.0,0.0,48.0,-48.0
0.010280000000000001,-10.140167555260522,11.01980080240153,-0.8796332471410085,0.14108984182147857,-1.8625958485586898,1.8552817848016736,4.6563660313663044,-5.0657695818464425,0.0,1.0,-1.0,0.0,48.0,-48.0
0.0103,-10.000651806607527,11.11559303482501,-1.114941228217482,0.1398327421756021,-1.8420820052214097,1.8348348453937247,4.605065389504668,-5.19427705480406,0.0,1.0,-1.0,0.0,48.0,-48.0
0.010320000000000001,-9.861510581355407,11.210974964432657,-1.349464383077249,0.13852671037064138,-1.821054860051102,1.8138770923964884,4.552482127353419,-5.3222934036132985,0.0,1.0,-1.0,0.0,48.0,-48.0
0.01034,-9.72274262215362,11.305943998887965,-1.583201376734346,0.1371716833849221,-1.7995163757573343,1.7924104898435527,4.498621163198177,-5.44981722349728,0.0,1.0,-1.0,0.0,48.0,-48.0
0.010360000000000001,-9.584346674811307,11.40049756661984,-1.8161508918085332,0.13576760964738616,-1.777468520882415,1.7704370070625908,4.443487429251043,-5.576847133914075,0.0,1.0,-1.0,0.0,48.0,-48.0
0.01038,-9.446321488344125,11.494633116832286,-2.048311628488162,0.1343144492102156,-1.7549132697080574,1.747958618576082,4.3870858714088445,-5.703381778445688,0.0,1.0,-1.0,0.0,48.0,-48.0
0.010400000000000001,-9.308665815021575,11.58834811951403,-2.2796823044924555,0.13281217391811384,-1.7318526021623672,1.7249773040025391,4.329421449012414,-5.82941982468737,0.0,1.0,-1.0,0.0,48.0,-48.0
0.01042,-9.171378410415212,11.681640065447642,-2.5102616550324295,0.13126076757424485,-1.7082885037272268,1.7014950479582733,4.270499134607045,-5.954959964136789,0.0,1.0,-1.0,0.0,48.0,-48.0
0.010440000000000001,-9.034458033447265,11.774506466218508,-2.7400484327712427,0.12966022610282507,-1.6842229653460086,1.677513839959658,4.210323913703981,-6.080000912083476,0.0,1.0,-1.0,0.0,48.0,-48.0
0.01046,-8.897903446440154,11.866944854223375,-2.969041407783222,0.1280105577083705,-1.6596579833316891,1.653035674325938,4.148900784543096,-6.204541407498184,0.0,1.0,-1.0,0.0,48.0,-48.0
0.010480000000000001,-8.761713415166355,11.958952782678704,-3.19723936751235,0.12631178303159202,-1.634595559275294,1.6280625500825203,4.086234757856585,-6.328580212922511,0.0,1.0,-1.0,0.0,48.0,-48.0
0.0105,-8.625886708899131,12.05052782562857,-3.4246411167294406,0.12456393530194547,-1.6090376999547435,1.6025964708648106,4.022330856633862,-6.452116114358403,0.0,1.0,-1.0,0.0,48.0,-48.0
0.010520000000000002,-8.49042210046358,12.141667577952395,-3.651245477488816,0.12276706048682715,-1.5829864172440313,1.576639444822524,3.9571941158874484,-6.575147921157969,0.0,1.0,-1.0,0.0,48.0,-48.0
0.01054,-8.355318366288497,12.232369655372194,-3.8770512890836963,0.12092121743742286,-1.5564437280228112,1.5501934845245406,3.8908295824200825,-6.697674465913144,0.0,1.0,-1.0,0.0,48.0,-48.0
0.010560000000000002,-8.220574286458564,12.32263169445968,-4.102057408001116,0.11902647803120424,-1.5294116540863143,1.523260606864226,3.823242314592813,-6.819694604345691,0.0,1.0,-1.0,0.0,48.0,-48.0
0.01058,-8.086188644767244,12.412451352642819,-4.326262707875576,0.11708292731107735,-1.5018922220556843,1.4958428329652942,3.7544373820943133,-6.941207215197019,0.0,1.0,-1.0,0.0,48.0,-48.0
0.0106,-7.952160228770032,12.501826308212266,-4.5496660794422334,0.1150906636211804,-1.4738874632886358,1.4679421880881292,3.6844198657111757,-7.062211200118342,0.0,1.0,-1.0,0.0,48.0,-48.0
0.010620000000000001,-7.81848782983832,12.590754260327316,-4.772266430488996,0.11304979873933567,-1.4453994137905273,1.4395607015366323,3.6131948570993924,-7.182705483560752,0.0,1.0,-1.0,0.0,48.0,-48.0
0.01064,-7.685170243213723,12.679232929021536,-4.994062685807813,0.11096045800615556,-1.4164301141258018,1.4107004065655602,3.5407674585569238,-7.302689012665402,0.0,1.0,-1.0,0.0,48.0,-48.0
0.010660000000000001,-7.552206268062737,12.767260055208126,-5.215053787145389,0.10882278045080232,-1.3869816093297824,1.3813633402883296,3.4671427827972963,-7.422160757153893,0.0,1.0,-1.0,0.0,48.0,-48.0
0.01068,-7.419594707532059,12.854833400684816,-5.435238693152757,0.10663691891340969,-1.3570559488208838,1.3515515435853507,3.392325952724405,-7.5411197092185525,0.0,1.0,-1.0,0.0,48.0,-48.0
0.010700000000000001,-7.287334368804075,12.941950748138511,-5.654616379334437,0.10440304016416163,-1.3266551863131635,1.3212670610127983,3.3163221012082937,-7.6595648834129975,0.0,1.0,-1.0,0.0,48.0,-48.0
0.01072,-7.1554240631530215,13.028609901149474,-5.873185837996453,0.10212132501903934,-1.2957813797293007,1.2905119407119188,3.23913637086215,-7.777495316542598,0.0,1.0,-1.0,0.0,48.0,-48.0
0.010740000000000001,-7.023862606001273,13.11480868419527,-6.090946078193996,0.09979196845223158,-1.2644365911139055,1.2592882343187637,3.1607739138202753,-7.894910067555191,0.0,1.0,-1.0,0.0,48.0,-48.0
0.01076,-6.89264881697626,13.200544942654188,-6.307896125677928,0.09741517970522043,-1.2326228865472708,1.2275979968744528,3.081239891517265,-8.011808217431721,0.0,1.0,-1.0,0.0,48.0,-48.0
0.010780000000000001,-6.761781519967502,13.285816542808478,-6.524035022840976,0.09499118239253891,-1.2003423360594487,1.1954432867358613,3.0005394744681624,-8.128188869077116,0.0,1.0,-1.0,0.0,48.0,-48.0
0.0108,-6.631259543184206,13.37062137184701,-6.739361828662804,0.09252021460421278,-1.1675970135447789,1.1628261654868315,2.9186778420498327,-8.244051147211081,0.0,1.0,-1.0,0.0,48.0,-48.0
0.010820000000000001,-6.501081719212969,13.454957337867741,-6.953875618654772,0.09000252900488276,-1.1343889966767384,1.1297486978497993,2.835660182283287,-8.359394198259146,0.0,1.0,-1.0,0.0,48.0,-48.0
0.01084,-6.371246885075997,13.538822369879636,-7.167575484803639,0.08743839292962247,-1.1007203668232504,1.0962129515979433,2.751491691617243,-8.474217190243607,0.0,1.0,-1.0,0.0,48.0,-48.0
0.010860000000000002,-6.241753882289431,13.622214417804368,-7.3804605355149375,0.0848280884764472,-1.066593208962315,1.0622209974677412,2.666177574712628,-8.588519312674741,0.0,1.0,-1.0,0.0,48.0,-48.0
0.01088,-6.112601556922105,13.705131452477445,-7.592529895555341,0.08217191259553044,-1.0320096115981026,1.0277749090720472,2.579723044228318,-8.70229977644189,0.0,1.0,-1.0,0.0,48.0,-48.0
0.010900000000000002,-5.983788759654395,13.787571465649124,-7.803782705994729,0.07947017717512392,-0.9969716666773751,0.9928767628135673,2.492133320607816,-8.815557813704842,0.0,1.0,-1.0,0.0,48.0,-48.0
0.010920000000000001,-5.855314345837526,13.869532469984781,-8.014218124147256,0.07672320912419822,-0.9614814695063646,0.9575286377988498,2.403413631867164,-8.928292677785057,0.0,1.0,-1.0,0.0,48.0,-48.0
0.01094,-5.727177175552843,13.951012499064973,-8.22383532351213,0.07393135045180221,-0.9255411186679939,0.9217326157526758,2.313569213383806,-9.040503643057171,0.0,1.0,-1.0,0.0,48.0,-48.0
0.010960000000000001,-5.5993761136715055,14.03200960738507,-8.432633493713565,0.07109495834315578,-0.8891527159395343,0.88549078093294,2.2226053076866266,-9.15219000484046,0.0,1.0,-1.0,0.0,48.0,-48.0
0.01098,-5.4719100299143015,14.112521870354412,-8.64061184044011,0.0682144052324814,-0.8523183662106579,0.8488052200459704,2.130527164247073,-9.263351079290329,0.0,1.0,-1.0,0.0,48.0,-48.0
0.011000000000000001,-5.34477779891156,14.192547384295175,-8.847769585383615,0.0652900788725799,-0.8150401774018624,0.8116780221622696,2.037340039271272,-9.373986203290036,1.0,0.0,-1.0,48.0,0.0,-48.0
0.01102,-5.105456077171734,14.047040415604112,-8.941584338432378,0.06234460496081375,-0.7775973547507782,0.7743872288004121,1.9437418414145555,-9.345627820220711,1.0,0.0,-1.0,48.0,0.0,-48.0
0.011040000000000001,-4.866773221664058,13.901661017021704,-9.034887795357646,0.05940064053783721,-0.7402681103515035,0.7372098874682362,1.8504279904377292,-9.317117165614444,1.0,0.0,-1.0,48.0,0.0,-48.0
0.01106,-4.628727497574966,13.756409645111932,-9.127682147536966,0.05645862882091299,-0.7030530584793078,0.7001465919525567,1.7573999989207527,-9.288456265185884,1.0,0.0,-1.0,48.0,0.0,-48.0
0.011080000000000001,-4.3913171769406105,13.61128676047047,-9.21996958352986,0.05351900890390344,-0.6659528052300938,0.663197928078832,1.6646593592275853,-9.259647136407677,1.0,0.0,-1.0,48.0,0.0,-48.0
0.0111,-4.154540538608504,13.466292827647242,-9.311752289038738,0.05058221573627251,-0.6289679485536205,0.6263644737436794,1.5722075435888356,-9.230691788480051,1.0,0.0,-1.0,48.0,0.0,-48.0
0.011120000000000001,-3.918395868198715,13.321428315069088,-9.403032446870373,0.047648680102900555,-0.5920990782867968,0.5896467989474419,1.4800460041845573,-9.201592222301084,1.0,0.0,-1.0,48.0,0.0,-48.0
0.01114,-3.6828814580655447,13.176693694963108,-9.493812236897563,0.04471882860471672,-0.555346776187163,0.5530454658269298,1.3881761732274938,-9.172350430437742,1.0,0.0,-1.0,48.0,0.0,-48.0
0.011160000000000002,-3.4479956072587488,13.032089443280125,-9.584093836021376,0.04179308364013297,-0.518711615966433,0.5165610286882045,1.2965994630464541,-9.142968397097551,1.0,0.0,-1.0,48.0,0.0,-48.0
0.01118,-3.213736621485257,12.887616039618834,-9.673879418133577,0.03887186338728452,-0.4821941633242173,0.4801940340395354,1.2053172661701232,-9.113448098101037,1.0,0.0,-1.0,48.0,0.0,-48.0
0.011200000000000002,-2.980102813070447,12.743273967150063,-9.763171154079616,0.035955581787060736,-0.445794975981804,0.44394502062439395,1.1143309554109888,-9.083791500854826,1.0,0.0,-1.0,48.0,0.0,-48.0
0.01122,-2.7470925009199068,12.599063712541733,-9.851971211621827,0.03304464852693074,-0.4095146037161125,0.4078145194546154,1.0236418839496904,-9.054000564325491,1.0,0.0,-1.0,48.0,0.0,-48.0
0.011240000000000002,-2.514704010480786,12.454985765883928,-9.940281755403142,0.030139469025547923,-0.3733535883936972,0.37180305384359363,0.9332513854194698,-9.02407723901402,1.0,0.0,-1.0,48.0,0.0,-48.0
0.011260000000000001,-2.2829356737036175,12.311040620614653,-10.028104946911036,0.027240444418137204,-0.3373124640049217,0.3359111394396389,0.8431607739910292,-8.99402346693107,1.0,0.0,-1.0,48.0,0.0,-48.0
0.01128,-2.051785829003766,12.167228773445753,-10.115442944441988,0.02434797154264978,-0.3013917566981762,0.3001392842593677,0.7533713444574877,-8.963841181572802,1.0,0.0,-1.0,48.0,0.0,-48.0
0.011300000000000001,-1.8212528212232026,12.0235507242894,-10.202297903066198,0.021462442926686455,-0.26559198481423874,0.26448798872122736,0.6638843723196729,-8.933532307897488,1.0,0.0,-1.0,48.0,0.0,-48.0
0.01132,-1.591335001592336,11.880006976185,-10.288671974592663,0.01858424677518084,-0.22991365892073226,0.22895774567910793,0.5747011138716429,-8.903098762302765,1.0,0.0,-1.0,48.0,0.0,-48.0
0.011340000000000001,-1.3620307276915842,11.736598035226322,-10.374567307534738,0.015713766958832878,-0.19435728184664025,0.19354904045600485,0.4858228062863374,-8.872542452603527,1.0,0.0,-1.0,48.0,0.0,-48.0
0.01136,-1.1333383634134488,11.593324410489332,-10.459986047075883,0.012851383003293894,-0.15892334871697092,0.158262350877823,0.3972506677015874,-8.841865278010559,1.0,0.0,-1.0,48.0,0.0,-48.0
0.011380000000000001,-0.9052562789241989,11.450186613960147,-10.544930335035948,0.009997470079087755,-0.12361234698745133,0.12309814730720389,0.3089858973061857,-8.811069129109793,1.0,0.0,-1.0,48.0,0.0,-48.0
0.0114,-0.6777828506260395,11.307185160463664,-10.629402309837625,0.007152398992271134,-0.0884247564793676,0.08805689267749364,0.22102967542631233,-8.780155887842213,1.0,0.0,-1.0,48.0,0.0,-48.0
0.011420000000000001,-0.45091646111889183,11.164320567592346,-10.713404106473455,0.004316536175816791,-0.05336104941442919,0.053139042526728936,0.13338316361200478,-8.74912742748447,1.0,0.0,-1.0,48.0,0.0,-48.0
0.01144,-0.22465549916274696,11.021593355635726,-10.79693785647298,0.0014902436817231174,-0.018421690449774257,0.018345045031759547,0.04604750472397222,-8.717985612630134,1.0,0.0,-1.0,48.0,0.0,-48.0
0.011460000000000001,0.0010016403604282687,10.879004047510014,-10.880005687870442,-0.0013261208261664548,0.016392863287007856,-0.016324658957615583,-0.04097617697955819,-8.686732299171535,1.0,0.0,-1.0,48.0,0.0,-48.0
0.01148,0.2260565564842274,10.736553168688417,-10.962609725172644,-0.00413220407863106,0.051082162162718055,-0.05086963588438072,-0.12768677575566637,-8.655369334282367,1.0,0.0,-1.0,48.0,0.0,-48.0
0.011500000000000002,0.45051084219571713,10.594241247131615,-11.044752089327332,-0.0069276572068433994,0.08564576400337681,-0.08528945945002611,-0.21408320428954253,-8.623898556400835,1.0,0.0,-1.0,48.0,0.0,-48.0
0.01152,0.6743660844728279,10.45206881321892,-11.126434897691748,-0.009712135747441243,0.12008323405892435,-0.1195837105801446,-0.30016439360697694,-8.592321795213499,1.0,0.0,-1.0,48.0,0.0,-48.0
0.011540000000000002,0.8976238643221102,10.31003639967958,-11.20766026400169,-0.0124852996469158,0.15439414496791315,-0.1537519773900222,-0.38592929298683903,-8.560640871639693,1.0,0.0,-1.0,48.0,0.0,-48.0
0.01156,1.1202857568159512,10.168144541524805,-11.288430298340757,-0.015246813265314239,0.18857807672207721,-0.18779385515010782,-0.47137686987325644,-8.528857597816671,1.0,0.0,-1.0,48.0,0.0,-48.0
0.011580000000000002,1.3423533311301483,10.026393775979917,-11.368747107110066,-0.017996345379272798,0.2226346166308991,-0.22170894625148113,-0.5565061097877956,-8.496973777085266,1.0,0.0,-1.0,48.0,0.0,-48.0
0.011600000000000001,1.5638281505809601,9.884784642417218,-11.448612792998178,-0.020733569184377805,0.256563359286059,-0.2554968601712041,-0.6413160162413556,-8.464991203976263,1.0,0.0,-1.0,48.0,0.0,-48.0
0.01162,1.78471177266246,9.743317682289025,-11.528029454951485,-0.023458162296870838,0.2903639065258835,-0.2891572134376718,-0.7258056106460659,-8.432911664197338,1.0,0.0,-1.0,48.0,0.0,-48.0
0.011640000000000001,2.0050057490835336,9.60199343906129,-11.606999188144824,-0.026169806754697586,0.3240358673997032,-0.3226896295958727,-0.8099739322269651,-8.400736934620614,1.0,0.0,-1.0,48.0,0.0,-48.0
0.01166,2.2247116258047743,9.460812458147661,-11.685524083952435,-0.028868189017910426,0.35757885813216034,-0.3560937391725981,-0.8938200379335581,-8.368468783270858,1.0,0.0,-1.0,48.0,0.0,-48.0
0.011680000000000001,2.4438309430755183,9.319775286843809,-11.763606229919327,-0.03155299996843465,0.3909925020875049,-0.38936917964163953,-0.9773430023513504,-8.336108969314243,1.0,0.0,-1.0,48.0,0.0,-48.0
0.0117,2.662365235470423,9.178882474262426,-11.84124770973285,-0.034223934909198214,0.42427642973378965,-0.4225155953888836,-1.0605419176131359,-8.303659243047743,1.0,0.0,-1.0,48.0,0.0,-48.0
0.011720000000000001,2.880316031926318,9.038134571268376,-11.918450603194694,-0.03688069356264099,0.45743027860708,-0.4555326376774218,-1.1434158933103251,-8.271121345889092,1.0,0.0,-1.0,48.0,0.0,-48.0
0.01174,3.097684855778571,8.897532130414548,-11.99521698619312,-0.039522980068601755,0.4904536932755671,-0.48841996461255843,-1.2259640564040353,-8.238497010367368,1.0,0.0,-1.0,48.0,0.0,-48.0
0.011760000000000001,3.314473224797668,8.75707570587792,-12.071548930675588,-0.042150502981598795,0.523346325303698,-0.5211772411068374,-1.3081855511362295,-8.205787960114122,1.0,0.0,-1.0,48.0,0.0,-48.0
0.01178,3.5306826512253906,8.616765853396236,-12.147448504621627,-0.04476297526750276,0.5561078332162144,-0.5538041388449734,-1.390079538940628,-8.172995909855148,1.0,0.0,-1.0,48.0,0.0,-48.0
0.011800000000000001,3.746314641811175,8.476603130204923,-12.222917772016098,-0.04736011429961759,0.5887378824622157,-0.586300336248804,-1.4716451983536842,-8.140122565402761,1.0,0.0,-1.0,48.0,0.0,-48.0
0.01182,3.9613706978480128,8.336588094974669,-12.297958792822682,-0.04994164185416795,0.6212361453791325,-0.618665518442151,-1.5528817249253413,-8.107169623648725,1.0,0.0,-1.0,48.0,0.0,-48.0
0.011840000000000002,4.175852315208594,8.196721307749176,-12.37257362295777,-0.05250728410520956,0.6536023011567305,-0.6508993772157087,-1.6337883311298664,-8.07413877255766,1.0,0.0,-1.0,48.0,0.0,-48.0
0.01186,4.38976098438094,8.057003329883615,-12.446764314264556,-0.05505677161896043,0.6858360358010295,-0.6830016109918435,-1.7143642462764752,-8.04103169116111,1.0,0.0,-1.0,48.0,0.0,-48.0
0.011880000000000002,4.603098190504309,7.9174347239832565,-12.520532914487566,-0.05758983934756956,0.7179370420982586,-0.7149719247894261,-1.7946087164200462,-8.007850049552093,1.0,0.0,-1.0,48.0,0.0,-48.0
0.0119,4.815865413404573,7.778016053842773,-12.593881467247346,-0.060106226622321325,0.7499050195787299,-0.7468100301885793,-1.8745210042716405,-7.9745955088802525,1.0,0.0,-1.0,48.0,0.0,-48.0
0.011920000000000002,5.028064127629833,7.638747884385754,-12.666812012015587,-0.06260567714629173,0.7817396744807524,-0.7785156452954617,-1.9541003891091149,-7.941269721347526,1.0,0.0,-1.0,48.0,0.0,-48.0
0.011940000000000001,5.23969580248556,7.499630781604873,-12.739326584090433,-0.06508793898645526,0.8134407197144723,-0.8100884947069736,-2.033346166687557,-7.907874330204407,1.0,0.0,-1.0,48.0,0.0,-48.0
0.01196,5.450761902069918,7.360665312502285,-12.811427214572204,-0.06755276456525787,0.8450078748257485,-0.8415283094754954,-2.1122576491498126,-7.874410969746698,1.0,0.0,-1.0,48.0,0.0,-48.0
0.011980000000000001,5.661263885308712,7.221852045030591,-12.883115930339303,-0.06999991065165699,0.8764408659599865,-0.8728348270735756,-2.1908341649369025,-7.840881265312803,1.0,0.0,-1.0,48.0,0.0,-48.0
0.012,5.871203205990227,7.083191548034248,-12.954394754024475,-0.0724291383516385,0.9077394258259582,-0.9040077913586082,-2.269075058698411,-7.807286833281631,1.0,-1.0,0.0,48.0,-48.0,0.0
