time_s,ia_A,ib_A,ic_A,ea_V,eb_V,ec_V,speed_rad_s,torque_Nm,cmd_a,cmd_b,cmd_c,vab_V,vbc_V,vca_V
0.0,0.0,0.0,0.0,0.0,0.0,0.0,0.0,0.0,1.0,-1.0,0.0,48.0,-24.0,-24.0
2e-05,0.16878323024035755,-0.16878323024035755,0.0,5.197576018417227e-13,-0.00013456325495493068,0.00013456325492643338,0.00033706360331956826,0.0673820035951589,1.0,-1.0,0.0,48.0,-24.000201844882145,-23.99979815511786
4e-05,0.3371049617223867,-0.3371049617223867,0.0,1.660573461471434e-11,-0.0005377625898681383,0.0005377625889576767,0.001347025948487044,0.1345797704006512,1.0,-1.0,0.0,48.0,-24.000806643875585,-23.99919335612441
6.000000000000001e-05,0.5049655104041747,-0.5049655104041747,0.0,1.258987208498931e-10,-0.0012088627613426935,0.0012088627544398992,0.0030280453402623825,0.20159343611797784,1.0,-1.0,0.0,48.0,-24.001813294072157,-23.998186705927836
8e-05,0.6723651939655693,-0.6723651939655693,0.0,5.296897892901571e-10,-0.0021471290850912754,0.0021471290560493637,0.005378281475412112,0.26842314343558377,1.0,-1.0,0.0,48.0,-24.003220693333752,-23.996779306666248
0.0001,0.83930433180092,-0.83930433180092,0.0,1.6139049155705665e-09,-0.0033518274653653703,0.003351827376877948,0.008395895512237945,0.33506904196071563,1.0,-1.0,0.0,48.0,-24.00502774030261,-23.99497225969739
0.00012000000000000002,1.0057832450115247,-1.0057832450115247,0.0,4.009499250352621e-09,-0.004822224424096534,0.004822224204263105,0.012079050139424681,0.40153128815142236,1.0,-1.0,0.0,48.0,-24.00723333441156,-23.992766665588437
0.00014000000000000001,1.1718022563977804,-1.1718022563977804,0.0,8.652263498342259e-09,-0.006557587129750349,0.006557586655362742,0.016425909644208824,0.4678100452487003,1.0,-1.0,0.0,48.0,-24.009836375894103,-23.99016362410589
0.00016,1.3373616904510481,-1.3373616904510481,0.0,1.6842044904642567e-08,-0.008557183425893743,0.008557182502475572,0.02143463997986942,0.5339054832087882,1.0,-1.0,0.0,48.0,-24.012835765794406,-23.987164234205597
0.00018,1.502461873345232,-1.502461873345232,0.0,3.0301385394976865e-08,-0.010820281859476347,0.010820280198107424,0.027103408832542565,0.5998177786356128,1.0,-1.0,0.0,48.0,-24.01623040597715,-23.98376959402285
0.0002,1.667103132928075,-1.667103132928075,0.0,5.123357946107722e-08,-0.013346151708826534,0.013346148899784131,0.03343038568736117,0.6655471147133869,1.0,-1.0,0.0,48.0,-24.02001919913741,-23.979980800862595
0.00022,1.831285798712182,-1.831285798712182,0.0,8.238015442621728e-08,-0.01613406301136289,0.01613405849461138,0.040413741893921426,0.7310936811393668,1.0,-1.0,0.0,48.0,-24.024201048810223,-23.97579895118978
0.00024000000000000003,1.9950102018657645,-1.9950102018657645,0.0,1.270777757684881e-07,-0.019183286591021753,0.01918327962358233,0.048051650731077776,0.7964576740567639,1.0,-1.0,0.0,48.0,-24.02877485938021,-23.971225140619794
0.00026000000000000003,2.1582766752031186,-2.1582766752031186,0.0,1.8931458022097944e-07,-0.022493094085401535,0.022493083705633236,0.05634228747106755,0.8616392959878219,1.0,-1.0,0.0,48.0,-24.033739536091048,-23.966260463908952
0.00028000000000000003,2.3210855531748336,-2.3210855531748336,0.0,2.737859394085548e-07,-0.02606275797262472,0.026062742961448022,0.0652838294429675,0.9266387557670557,1.0,-1.0,0.0,48.0,-24.039093985054798,-23.96090601494521
0.00030000000000000003,2.4834371718577457,-2.4834371718577457,0.0,3.85949656820395e-07,-0.029891551597917915,0.029891530437012044,0.07487445609548328,0.9914562684746566,1.0,-1.0,0.0,48.0,-24.044837113261146,-23.955162886738858
0.00032,2.6453318689446226,-2.6453318689446226,0.0,5.320806009559619e-07,-0.03397874919991116,0.033978720026915925,0.08511234905907408,1.056092055370067,1.0,-1.0,0.0,48.0,-24.050967828586575,-23.949032171413428
0.00034,2.8067699837336013,-2.8067699837336013,0.0,7.193247775194887e-07,-0.03832362593665677,0.0383235864974097,0.09599569220741354,1.1205463438257246,1.0,-1.0,0.0,48.0,-24.057485039803357,-23.94251496019665
0.00036,2.9677518571173707,-2.9677518571173707,0.0,9.557528435745833e-07,-0.042925457911368994,0.04292540550920843,0.10752267171818931,1.1848193672609817,1.0,-1.0,0.0,48.0,-24.06438765658847,-23.935612343411528
0.00038,3.128277831572109,-3.128277831572109,0.0,1.250413066605995e-06,-0.04778352219788466,0.047783453640049225,0.11969147613324244,1.2489113650761976,1.0,-1.0,0.0,48.0,-24.07167458953246,-23.928325410467544
0.0004,3.2883482511461737,-3.2883482511461737,0.0,1.6133837314701285e-06,-0.05289709686584629,0.05289700840700093,0.13250029641804859,1.3128225825870123,1.0,-1.0,0.0,48.0,-24.079344750148064,-23.920655249851936
0.00042,3.447963461448553,-3.447963461448553,0.0,2.055824998249423e-06,-0.058265461005607755,0.05826534828852657,0.1459473260205431,1.3765532709587935,1.0,-1.0,0.0,48.0,-24.087397050878838,-23.912602949121165
0.00044,3.607123809637083,-3.607123809637083,0.0,2.590030214058331e-06,-0.06388789475286404,0.06388775274629974,0.16003076092929128,1.4401036871412778,1.0,-1.0,0.0,48.0,-24.095830405107627,-23.90416959489237
0.00046,3.7658296444064248,-3.7658296444064248,0.0,3.2294766818803e-06,-0.069763679313005,0.06976350224677492,0.17474879973100582,1.5034740938033784,1.0,-1.0,0.0,48.0,-24.104643727164934,-23.89535627283506
0.00048000000000000007,3.9240813159758186,-3.9240813159758186,0.0,3.988875889545913e-06,-0.07589209698519511,0.0758918782825131,0.19009964366741355,1.5666647592681988,1.0,-1.0,0.0,48.0,-24.113835932337164,-23.886164067662833
0.0005,4.0818791760766056,-4.0818791760766056,0.0,4.884223201992187e-06,-0.08227243118617875,0.08227216339326276,0.2060814966914732,1.6296759574482167,1.0,-1.0,0.0,48.0,-24.123405936874747,-23.87659406312525
0.0005200000000000001,4.239223577939533,-4.239223577939533,0.0,5.932847019972022e-06,-0.08890396647381302,0.08890364118679737,0.22269256552294592,1.6925079677806718,1.0,-1.0,0.0,48.0,-24.133352658000195,-23.866647341999805
0.00054,4.396114876281829,-4.396114876281829,0.0,7.153457408410719e-06,-0.09578598857032816,0.0957855963595095,0.23993105970332035,1.7551610751631381,1.0,-1.0,0.0,48.0,-24.143675013915974,-23.85632498608403
0.0005600000000000001,4.552553427294081,-4.552553427294081,0.0,8.566194197633976e-06,-0.10291778438531679,0.10291731471676309,0.2577951916500951,1.8176355698892945,1.0,-1.0,0.0,48.0,-24.154371923812324,-23.845628076187676
0.00058,4.708539588626874,-4.708539588626874,0.0,1.0192674560717726e-05,-0.1102986420384525,0.11029808319300333,0.27628317671041897,1.8799317475848836,1.0,-1.0,0.0,48.0,-24.165442307874944,-23.834557692125053
0.0006000000000000001,4.864073719377252,-4.864073719377252,0.0,1.2056040070236166e-05,-0.11792785088193954,0.11792718987162636,0.2953932332140925,1.9420499091438859,1.0,-1.0,0.0,48.0,-24.17688508729257,-23.82311491270744
0.00062,5.019156180074933,-5.019156180074933,0.0,1.4181003237708469e-05,-0.12580470152269302,0.12580392400460821,0.3151235825259319,2.003990360664867,1.0,-1.0,0.0,48.0,-24.188699184264337,-23.811300815735663
0.00064,5.1737873326683665,-5.1737873326683665,0.0,1.6593893539069137e-05,-0.13392848584425213,0.1339275760318943,0.3354724490974979,2.065753413387553,1.0,-1.0,0.0,48.0,-24.200883522007253,-23.799116477992744
0.0006600000000000001,5.3279675405105555,-5.3279675405105555,0.0,1.9322702929509463e-05,-0.14229849702842604,0.14229743760055014,0.3564380605181903,2.127339383629594,1.0,-1.0,0.0,48.0,-24.213437024763294,-23.7865629752367
0.00068,5.4816971683446996,-5.4816971683446996,0.0,2.2397130851060357e-05,-0.15091402957667355,0.15091280158367365,0.3780186475657124,2.1887485927235297,1.0,-1.0,0.0,48.0,-24.226358617806593,-23.77364138219341
0.0007000000000000001,5.634976582289644,-5.634976582289644,0.0,2.584862873630798e-05,-0.15977437933121913,0.15977296209907108,0.400212444255906,2.249981366953977,1.0,-1.0,0.0,48.0,-24.239647227450313,-23.76035277254968
0.00072,5.787806149825131,-5.787806149825131,0.0,2.9710444011654448e-05,-0.1688788434959024,0.16887721452769439,0.4230176878919576,2.3110380374950052,1.0,-1.0,0.0,48.0,-24.253301781053647,-23.746698218946356
0.0007400000000000001,5.940186239776878,-5.940186239776878,0.0,3.401766360355624e-05,-0.1782267206567672,0.17822485553184514,0.4464326191129824,2.371918940347744,1.0,-1.0,0.0,48.0,-24.26732120702843,-23.732678792971573
0.00076,6.092117222301455,-6.092117222301455,0.0,3.8807256951191474e-05,-0.18781731080238595,0.18781518307314107,0.47045548194198217,2.4326244162781774,1.0,-1.0,0.0,48.0,-24.281704434845864,-23.71829556515414
0.0007800000000000001,6.243599468871,-6.243599468871,0.0,4.411811852902719e-05,-0.19764991534392443,0.1976474964302497,0.4950845238331854,2.493154810755173,1.0,-1.0,0.0,48.0,-24.296450395042946,-23.703549604957054
0.0008,6.394633352257746,-6.394633352257746,0.0,4.9991109882773395e-05,-0.20772383713494488,0.20772109621638732,0.5203179957187652,2.5535104738887093,1.0,-1.0,0.0,48.0,-24.31155801922892,-23.68844198077108
0.0008200000000000001,6.545219246518377,-6.545219246518377,0.0,5.646910118223096e-05,-0.218038380490951,0.21803528439658632,0.5461541520549446,2.6136917603683307,1.0,-1.0,0.0,48.0,-24.32702624009147,-23.67297375990853
0.00084,6.69535752697821,-6.69535752697821,0.0,6.359701229455366e-05,-0.2285928512086726,0.22858936430472868,0.5725912508674829,2.6736990294018073,1.0,-1.0,0.0,48.0,-24.342853991402922,-23.657146008597085
0.0008600000000000001,6.845048570215222,-6.845048570215222,0.0,7.142185338146336e-05,-0.23938655658509506,0.23938264066035037,0.5996275537965547,2.7335326446540273,1.0,-1.0,0.0,48.0,-24.359040208026208,-23.640959791973792
0.00088,6.994292754043888,-6.994292754043888,0.0,7.999276502397055e-05,-0.25041880543622996,0.25041441958521266,0.6272613261410143,2.7931929741860935,1.0,-1.0,0.0,48.0,-24.375583825920813,-23.624416174079183
0.0009000000000000001,7.143090457498886,-7.143090457498886,0.0,8.936105787816857e-05,-0.2616889081156323,0.2616840086196465,0.6554908369020563,2.8526803903946547,1.0,-1.0,0.0,48.0,-24.392483782148524,-23.607516217851472
0.00092,7.291442060818616,-7.291442060818616,0.0,9.958025186568257e-05,-0.2731961765326604,0.27319071673866496,0.6843143588262665,2.911995269951451,1.0,-1.0,0.0,48.0,-24.409739014879072,-23.590260985120935
0.0009400000000000001,7.43934794542859,-7.43934794542859,0.0,0.00011070611490236869,-0.2849399241704853,0.28493385436785024,0.7137301684480731,2.9711379937430866,1.0,-1.0,0.0,48.0,-24.427348463395646,-23.572651536604354
0.0009600000000000001,7.586808493924647,-7.586808493924647,0.0,0.00012279670116887122,-0.2969194661038446,0.2969127333990117,0.7437365461315943,3.0301089468110236,1.0,-1.0,0.0,48.0,-24.445311068100345,-23.55468893189965
0.0009800000000000002,7.733824090056024,-7.733824090056024,0.0,0.00013591238892665818,-0.3091341190165472,0.3091266672056175,0.7743317761118881,3.088908518291809,1.0,-1.0,0.0,48.0,-24.463625770519428,-23.536374229480572
0.001,7.880395118708287,-7.880395118708287,0.0,0.00015011591788316656,-0.3215832012187248,0.32157497065800117,0.8055141465356047,3.147537101357516,1.0,0.0,-1.0,0.0,48.0,-48.0
0.00102,7.9714136615724325,-7.744064448126155,-0.22734921344627812,0.0001652673222754205,-0.3338595763920871,0.3338505151120303,0.8362638430321269,3.0024577282593374,1.0,0.0,-1.0,0.0,48.0,-48.0
0.0010400000000000001,8.062183770550426,-7.608021444403701,-0.4541623261467258,0.00018116543479268127,-0.3455574496491625,0.34554751670995143,0.8655644155446997,2.857712687613942,1.0,0.0,-1.0,0.0,48.0,-48.0
0.0010600000000000002,8.152706120011981,-7.472269384667101,-0.6804367353448797,0.00019777870213507365,-0.35667815942734704,0.3566673156192814,0.8934192188532892,2.7133042669160967,1.0,0.0,-1.0,0.0,48.0,-48.0
0.00108,8.242981382651955,-7.33681152773213,-0.9061698549198242,0.00021507010617368718,-0.36722305310341785,0.3672112612465512,0.9198316305051298,2.569234732135477,1.0,0.0,-1.0,0.0,48.0,-48.0
0.0011,8.333010229520522,-7.201651114103303,-1.1313591154172193,0.00023299747104736334,-0.37719348691614785,0.37718071214308296,0.944805050599796,2.4255063277809867,1.0,0.0,-1.0,0.0,48.0,-48.0
0.0011200000000000001,8.422793330051757,-7.066791365972877,-1.3560019640788794,0.00025151376806975746,-0.3865908258891175,0.386577035911083,0.9683429015749155,2.282121276965303,1.0,0.0,-1.0,0.0,48.0,-48.0
0.0011400000000000002,8.512331352090692,-6.93223548721973,-1.5800958648709624,0.0002705674184252783,-0.3954164437537246,0.39540160911005295,0.9904486279925316,2.1390817814696046,1.0,0.0,-1.0,0.0,48.0,-48.0
0.00116,8.601624961918851,-6.797986663408106,-1.8036382985107449,0.00029010259363299875,-0.4036717228723909,0.40365581716352256,1.011125696326112,1.9963900218084958,1.0,0.0,-1.0,0.0,48.0,-48.0
0.00118,8.690674824278261,-6.664048061786243,-2.026626762492018,0.00031005951375814324,-0.4113580541619681,0.41134105426610235,1.030377594748209,1.85404815729513,1.0,0.0,-1.0,0.0,48.0,-48.0
0.0012000000000000001,8.779481602393975,-6.530422831284896,-2.24905877110908,0.0003303747433512406,-0.4184768370173404,0.41845872329085876,1.0482078329187716,1.712058326106527,1.0,0.0,-1.0,0.0,48.0,-48.0
0.0012200000000000002,8.868045957995113,-6.397114102515729,-2.470931855479384,0.0003509814850955358,-0.4250294792352265,0.4250102356970143,1.064619941774111,1.570422645349061,1.0,0.0,-1.0,0.0,48.0,-48.0
0.00124,8.956368551334426,-6.2641249877696135,-2.692243563564813,0.0003718098711437345,-0.43101739693817925,0.4309970114379713,1.0796174733165218,1.4291432111241376,1.0,0.0,-1.0,0.0,48.0,-48.0
0.00126,9.04445004120644,-6.1314585810148134,-2.912991460191627,0.00039278725212565083,-0.43644201449878506,0.436420478869663,1.0932040004045624,1.288222098594046,1.0,0.0,-1.0,0.0,48.0,-48.0
0.00128,9.132291084964113,-5.9991179578950735,-3.133173127069039,0.0004138384838087995,-0.4413047644640628,0.4412820746592324,1.1053831165439947,1.147661362047993,1.0,0.0,-1.0,0.0,48.0,-48.0
0.0013000000000000002,9.219892338534116,-5.867106175727609,-3.352786162806507,0.0004348862113944655,-0.44560708748005884,0.44558324369403907,1.1161584356793814,1.0074630349682843,1.0,0.0,-1.0,0.0,48.0,-48.0
0.0013200000000000002,9.307254456430698,-5.7354262735010115,-3.5718281829296874,0.00045585115143225666,-0.4493504322166447,0.44932543899099575,1.1255335919863514,0.867629130096693,1.0,0.0,-1.0,0.0,48.0,-48.0
0.00134,9.394378091768143,-5.604081271873051,-3.7902968198950915,0.000476652371336609,-0.452536255292513,0.45251012160623655,1.1335122396645247,0.7281616395009802,1.0,0.0,-1.0,0.0,48.0,-48.0
0.00136,9.481263896271871,-5.473074173168407,-4.008189723103464,0.0004972075664892037,-0.45516602120037286,0.45513876054511754,1.140098052731108,0.5890625346415688,1.0,0.0,-1.0,0.0,48.0,-48.0
0.0013800000000000002,9.567912520288177,-5.342407961376319,-4.225504558911858,0.0005174333349116919,-0.457241202232344,0.4572128326725485,1.1452947248151517,0.45033376643837686,1.0,0.0,-1.0,0.0,48.0,-48.0
0.0014000000000000002,9.654324612792614,-5.212085602148152,-4.442239010644463,0.0005372454494936164,-0.4587632784055549,0.458733822623662,1.1491059689524843,0.31197726533780523,1.0,0.0,-1.0,0.0,48.0,-48.0
0.00142,9.740500821397067,-5.082110042794905,-4.658390778602162,0.00055655912776085,-0.4597337373879368,0.45970322271481534,1.1515355173813098,0.17399494137986027,1.0,0.0,-1.0,0.0,48.0,-48.0
0.00144,9.826441792355498,-4.952484212284634,-4.873957580070863,0.0005752892991703418,-0.46015407442421913,0.4601225328549281,1.1525871213384795,0.036388684265419524,1.0,0.0,-1.0,0.0,48.0,-48.0
0.0014600000000000001,9.9121481705684,-4.823211021239838,-5.088937149328563,0.0005933508699174047,-0.4600257922621272,0.45999326045715905,1.1522645508564386,-0.10083963657634554,1.0,0.0,-1.0,0.0,48.0,-48.0
0.0014800000000000002,9.997620599585975,-4.694293361934754,-5.303327237651221,0.0006106589852422307,-0.4593504010787797,0.459316920350921,1.1505715945608486,-0.23768817192043934,1.0,0.0,-1.0,0.0,48.0,-48.0
0.0015,10.082859721610031,-4.5657341082926335,-5.517125613317398,0.0006271292892227497,-0.45812941840728605,0.45809503469423146,1.14751205946888,-0.3741550926783537,1.0,0.0,-1.0,0.0,48.0,-48.0
0.00152,10.167866177494641,-4.4375361158829305,-5.73033006161171,0.0006426781820414062,-0.4563643690635457,0.4563291328864074,1.1430897707881897,-0.5102385898302777,1.0,0.0,-1.0,0.0,48.0,-48.0
0.0015400000000000001,10.252640606745565,-4.309702221918485,-5.942938384827079,0.0006572230747138421,-0.4540567850732493,0.45402075148109783,1.1373085717165723,-0.6459368743571565,1.0,0.0,-1.0,0.0,48.0,-48.0
0.0015600000000000002,10.337183647518454,-4.182235245252635,-6.154948402265821,0.000670682641267922,-0.45120820559907876,0.4511714340996583,1.1301723232422918,-0.7812481771726485,1.0,0.0,-1.0,0.0,48.0,-48.0
0.00158,10.421495936615845,-4.055137986376298,-6.366357950239547,0.0006829770683619525,-0.44782017686811243,0.4477827313448688,1.1216849039450962,-0.9161707490549551,1.0,0.0,-1.0,0.0,48.0,-48.0
0.0016,10.505578109482963,-3.928413227415028,-6.577164882067935,0.000694028302331377,-0.44389425209942834,0.443856200714994,1.1118502097979137,-1.0507028605785471,1.0,0.0,-1.0,0.0,48.0,-48.0
0.0016200000000000001,10.589430800202368,-3.8020637321260415,-6.7873670680763265,0.0007037602936536442,-0.43943199143191203,0.4393934065181871,1.100672153969231,-1.1848428020457613,1.0,0.0,-1.0,0.0,48.0,-48.0
0.0016400000000000002,10.673054641487433,-3.676092245895217,-6.996962395592215,0.0007120992388213633,-0.4344349618522646,0.43439591978723924,1.0881546666261575,-1.3185888834183104,1.0,0.0,-1.0,0.0,48.0,-48.0
0.0016600000000000002,10.756450264674678,-3.550501495734075,-7.205948768940603,0.0007189738196142768,-0.4289047371232135,0.428865318194672,1.0743016947381745,-1.4519394342486704,1.0,0.0,-1.0,0.0,48.0,-48.0
0.00168,10.839618299714994,-3.4252941902767478,-7.414324109438247,0.0007243154397609762,-0.42284289771192574,0.42280318596817845,1.0591172018815709,-1.5848928036113814,1.0,0.0,-1.0,0.0,48.0,-48.0
0.0017000000000000001,10.922559375163743,-3.300473019776931,-7.622086355386812,0.0007280584589817115,-0.41625103071862374,0.41621111380640885,1.0426051680445665,-1.7174473600342461,1.0,0.0,-1.0,0.0,48.0,-48.0
0.0017200000000000002,11.005274118169764,-3.1760406561048398,-7.829233462064924,0.0007301404244040231,-0.4091307298054028,0.4090906987951048,1.0247695894331244,-1.8496014914294294,1.0,0.0,-1.0,0.0,48.0,-48.0
0.0017400000000000002,11.087763154463307,-3.051999752744151,-8.035763401719155,0.0007305022993433376,-0.40148359512525295,0.40144354432357865,1.00561447827745,-1.981353605024463,1.0,0.0,-1.0,0.0,48.0,-48.0
0.00176,11.170027108342907,-2.928352944788963,-8.241674163553943,0.0007290886894410635,-0.39331123325128187,0.3932712600015447,0.9851438626391867,-2.112702127293174,1.0,0.0,-1.0,0.0,48.0,-48.0
0.0017800000000000001,11.252066602661202,-2.8051028489407424,-8.446963753720459,0.0007258480661530943,-0.3846152571061424,0.38457546157629635,0.9633617862192942,-2.24364550388652,1.0,0.0,-1.0,0.0,48.0,-48.0
0.0018000000000000002,11.333882258809723,-2.682252063505306,-8.651630195304417,0.0007207329875820423,-0.37539728589166255,0.37535777085023414,0.9402723081666268,-2.374182199563343,1.0,0.0,-1.0,0.0,48.0,-48.0
0.0018200000000000002,11.415474696702669,-2.5598031683898004,-8.855671528312868,0.0007137003166468782,-0.36565894501867935,0.3656198155987422,0.9158795028871989,-2.5043106981210306,1.0,0.0,-1.0,0.0,48.0,-48.0
0.00184,11.496844534759683,-2.437758725099713,-9.05908580965997,0.0007047114365840646,-0.3554018660370763,0.3553632294884171,0.8901874598541483,-2.634029502326128,1.0,0.0,-1.0,0.0,48.0,-48.0
0.00186,11.577992389887651,-2.3161212767358963,-9.261871113151754,0.0006937324637746161,-0.34462768656602366,0.34458965199564406,0.86320028341839,-2.763337133844847,1.0,0.0,-1.0,0.0,48.0,-48.0
0.0018800000000000002,11.6589188774615,-2.19489334799164,-9.464025529469861,0.0006807344578919186,-0.33333805022442425,0.33330072832552876,0.8349220926199692,-2.892232133173524,1.0,0.0,-1.0,0.0,48.0,-48.0
0.0019000000000000002,11.739624611304093,-2.0740774451497557,-9.665547166154337,0.0006656936293654944,-0.3215346065615627,0.321498109331176,0.8053570210001068,-3.0207130595689904,1.0,0.0,-1.0,0.0,48.0,-48.0
0.0019200000000000003,11.820110203665134,-1.9536760560797175,-9.866434147585416,0.0006485915441562765,-0.3092190109879577,0.3091834514333235,0.7745092164139434,-3.148778490978895,1.0,0.0,-1.0,0.0,48.0,-48.0
0.00194,11.900376265199192,-1.8336916502348335,-10.066684614964359,0.0006294153258393153,-0.2963929247064212,0.29635841654032596,0.7423828408439799,-3.276427023971948,1.0,0.0,-1.0,0.0,48.0,-48.0
0.0019600000000000004,11.980423404942801,-1.7141266786494656,-10.266296726293335,0.0006081578549902064,-0.28305801464331976,0.28302467196849224,0.7089820702142136,-3.403657273668116,1.0,0.0,-1.0,0.0,48.0,-48.0
0.00198,12.06025223029065,-1.5949835739363214,-10.46526865635433,0.000584817965871886,-0.2692159533800444,0.2691838903627779,0.6743110942049815,-3.5304678736687394,1.0,0.0,-1.0,0.0,48.0,-48.0
0.002,12.139863346970952,-1.4762647502837547,-10.663598596687196,0.0005594006404187897,-0.25486841908467894,0.25483774961782374,0.6383741160684865,-3.656857475986623,0.0,1.0,-1.0,-48.0,48.0,0.0
0.00202,11.994212841545895,-1.2454503456702268,-10.748762495875669,0.0005319162941196663,-0.2400166881657401,0.2399875255708541,0.6011743323279791,-3.7830293270156505,0.0,1.0,-1.0,-48.0,48.0,0.0
0.00204,11.848959904863573,-1.0153720364884622,-10.833587868375112,0.000502381808369128,-0.2246620339081115,0.2246344905810167,0.562714931238495,-3.9087806650889867,0.0,1.0,-1.0,-48.0,48.0,0.0
0.00206,11.704103461911325,-0.7860313496608239,-10.918072112250501,0.00047082166258071426,-0.20880613912269208,0.20878032611696737,0.5230001263432855,-4.034109808180707,0.0,1.0,-1.0,-48.0,48.0,0.0
0.0020800000000000003,11.559642440475345,-0.5574297960224791,-11.002212644452866,0.00043726724709909447,-0.1924506935162082,0.1924267201643579,0.4820341479842982,-4.15901507859496,0.0,1.0,-1.0,-48.0,48.0,0.0
0.0021000000000000003,11.415575771099313,-0.3295688703013301,-11.086006900797983,0.00040175704486631507,-0.1755973936786973,0.1755753672033631,0.43982124325835537,-4.283494803069729,0.0,1.0,-1.0,-48.0,48.0,0.0
0.0021200000000000004,11.271902387042273,-0.10245005109768918,-11.169452335944584,0.0003643368103421021,-0.15824794307050463,0.15822796818587176,0.3963656759723006,-4.407547312880031,0.0,1.0,-1.0,-48.0,48.0,0.0
0.00214,11.128621224235783,0.12392519913628688,-11.25254642337207,0.00032505974567132335,-0.1404040520087924,0.14038623051234111,0.35167172659711526,-4.531170943940509,0.0,1.0,-1.0,-48.0,48.0,0.0
0.00216,10.98573122124032,0.34955543411742035,-11.33528665535774,0.00028398667409192314,-0.12206743765356574,0.12205186800831644,0.30574369222100795,-4.654364036907449,0.0,1.0,-1.0,-48.0,48.0,0.0
0.00218,10.843231319200976,0.5744392237525121,-11.417670542953488,0.00024118621057687414,-0.103239823993219,0.10322660090062429,0.25858588650149633,-4.7771249372801705,0.0,1.0,-1.0,-48.0,48.0,0.0
0.0022,10.701120461802484,0.7985751541596041,-11.499695615962088,0.00019673492970388295,-0.08392294182960024,0.08391215579323298,0.21020263961646835,-4.899451995501859,0.0,1.0,-1.0,-48.0,48.0,0.0
0.00222,10.559397595223542,1.0219618276894222,-11.581359422912964,0.00015071753074683545,-0.06411852876260038,0.06411026564279014,0.16059829821424304,-5.021343567059787,0.0,1.0,-1.0,-48.0,48.0,0.0
0.0022400000000000002,10.418061668090475,1.2445978629470178,-11.662659531037493,0.00010322699998317391,-0.04382832917426701,0.04382266973383611,0.10977722536263088,-5.142798012584934,0.0,1.0,-1.0,-48.0,48.0,0.0
0.0022600000000000003,10.277111631430259,1.4664818948135918,-11.743593526243851,5.436477021163869e-05,-0.023054094212446183,0.023051113653697136,0.05774380049700115,-5.2638136979510275,0.0,1.0,-1.0,-48.0,48.0,0.0
0.0022800000000000003,10.136546438622899,1.6876125744684969,-11.824159013091396,4.240877475033118e-06,-0.001797581773953552,0.00179734926706001,0.004502419367361704,-5.384388994372966,0.0,1.0,-1.0,-48.0,48.0,0.0
0.0023000000000000004,9.996365045353201,1.9079885694113992,-11.9043536147646,-4.702588501708952e-05,0.01993944351272194,-0.019936865309768553,-0.04994250601554225,-5.5045222785046395,0.0,1.0,-1.0,-48.0,48.0,0.0
0.00232,9.856566409561935,2.127608563484591,-11.984174973046526,-9.930781577067774e-05,0.04215521030517974,-0.04214976573491534,-0.10558654743510372,-5.624211932536188,0.0,1.0,-1.0,-48.0,48.0,0.0
0.00234,9.717149491396398,2.346471256895474,-12.063620748291873,-0.00015246815669899732,0.06484794056533505,-0.06483958146730716,-0.16242526052470468,-5.743456344290613,0.0,1.0,-1.0,-48.0,48.0,0.0
0.00236,9.578113253160442,2.5645753662391266,-12.14268861939957,-0.0002063609476283639,0.08801584957810248,-0.08800453579334043,-0.22045418482451823,-5.862253907319798,0.0,1.0,-1.0,-48.0,48.0,0.0
0.00238,9.439456659263898,2.781919624521042,-12.22137628378494,-0.0002608308836219338,0.11165714597054306,-0.11164284585386136,-0.2796688438392797,-5.98060302099994,0.0,1.0,-1.0,-48.0,48.0,0.0
0.0024000000000000002,9.301178676171466,2.998502781179962,-12.299681457351427,-0.0003157131751253978,0.13577003173146535,-0.13575272267144667,-0.34006474509700324,-6.098502090626351,0.0,1.0,-1.0,-48.0,48.0,0.0
0.0024200000000000003,9.163278272351132,3.214323602110816,-12.377601874461948,-0.0003708334109381921,0.16035270223148135,-0.1603323711779852,-0.4016373802086446,-6.215949527507675,0.0,1.0,-1.0,-48.0,48.0,0.0
0.0024400000000000003,9.025754418221991,3.429380869687758,-12.45513528790975,-0.0004260074240135599,0.18540334624351398,-0.1853799902425578,-0.4643822249287029,-6.332943749059481,0.0,1.0,-1.0,-48.0,48.0,0.0
0.0024600000000000004,8.888606086101628,3.6436733827872865,-12.532279468888914,-0.00048104116009054193,0.210920145963754,-0.2108937726996122,-0.5282947392167552,-6.449483178897244,0.0,1.0,-1.0,-48.0,48.0,0.0
0.00248,8.751832250152999,3.85719995681144,-12.60903220696444,-0.0005357305491606912,0.2369012770330633,-0.23687190537743022,-0.5933703672999162,-6.565566246928709,0.0,1.0,-1.0,-48.0,48.0,0.0
0.0025,8.615431886330846,4.069959423711075,-12.68539131004192,-0.0005898613797720499,0.2633449085588269,-0.26331256912688883,-0.6596045377362271,-6.681191389445672,0.0,1.0,-1.0,-48.0,48.0,0.0
0.00252,8.479403972327653,4.281950632009163,-12.761354604336816,-0.0006432091761726118,0.29024920313724023,-0.29021393885050156,-0.726992663478942,-6.796357049215085,0.0,1.0,-1.0,-48.0,48.0,0.0
0.00254,8.343747487519195,4.493172446824173,-12.836919934343367,-0.0006955390782952615,0.317612316876043,-0.31757418353175254,-0.7955301419417398,-6.911061675569599,0.0,1.0,-1.0,-48.0,48.0,0.0
0.00256,8.208461412909596,4.703623749893471,-12.912085162803068,-0.0007466057245858425,0.3454323994176889,-0.3453914662647094,-0.8652123550648292,-7.025303724497455,0.0,1.0,-1.0,-48.0,48.0,0.0
0.0025800000000000003,8.07354473107608,4.913303439596757,-12.986848170672838,-0.0007961531376757491,0.3737075939629489,-0.3736639442839154,-0.9360346693819512,-7.1390816587317625,0.0,1.0,-1.0,-48.0,48.0,0.0
0.0026000000000000003,7.93899642611322,5.122210430979512,-13.061206857092731,-0.0008439146129001245,0.402436037294951,-0.40238976899456164,-1.0079924360882724,-7.252393947839149,0.0,1.0,-1.0,-48.0,48.0,0.0
0.0026200000000000004,7.804815483576895,5.330343655776459,-13.135159139353354,-0.0008896126096624508,0.43161585980364764,-0.43156708600293003,-1.08108099110916,-7.365239068307778,0.0,1.0,-1.0,-48.0,48.0,0.0
0.0026400000000000004,7.671000890427835,5.537702062435028,-13.208702952862863,-0.0009329586456460173,0.46124518551071303,-0.46119403514711144,-1.1552956551698343,-7.477615503634743,0.0,1.0,-1.0,-48.0,48.0,0.0
0.00266,7.537551634974846,5.744284616138798,-13.281836251113644,-0.0009736531938724347,0.49132213209486636,-0.4912687505279904,-1.230631733865892,-7.5895217444128305,0.0,1.0,-1.0,-48.0,48.0,0.0
0.00268,7.404466706817663,5.9500902988309505,-13.354557005648614,-0.001011385582607066,0.5218448109176214,-0.5217893605405012,-1.307084517734701,-7.700956288416658,0.0,1.0,-1.0,-48.0,48.0,0.0
0.0027,7.271745096789534,6.155118109237646,-13.42686320602718,-0.0010458338981108948,0.55281132704945,-0.5527539879051375,-1.384649282327634,-7.811917640688131,0.0,1.0,-1.0,-48.0,48.0,0.0
0.00272,7.139385796899459,6.359367062891408,-13.498752859790867,-0.0010766648902380905,0.5842197792963733,-0.5841607496997356,-1.4633212882831763,-7.9224043136213185,0.0,1.0,-1.0,-48.0,48.0,0.0
0.0027400000000000002,7.007387800274146,6.562836192154445,-13.570223992428591,-0.0011035338808781262,0.616068260226965,-0.6160077573915061,-1.5430957814008657,-8.032414827046646,0.0,1.0,-1.0,-48.0,48.0,0.0
0.0027600000000000003,6.875750101099717,6.765524546241908,-13.641274647341625,-0.0011260846752410474,0.6483548561997692,-0.6482931168693253,-1.6239679927160733,-8.141947708314452,0.0,1.0,-1.0,-48.0,48.0,0.0
0.0027800000000000004,6.7444716945631225,6.967431191245099,-13.711902885808222,-0.0011439494759841096,0.6810776473911326,-0.681014928476279,-1.7059331385756202,-8.251001492377922,0.0,1.0,-1.0,-48.0,48.0,0.0
0.0028000000000000004,6.613551576793315,7.168555210154601,-13.782106786947915,-0.0011567488001776862,0.714234707823443,-0.7141712870424538,-1.7889864207142154,-8.359574721875315,0.0,1.0,-1.0,-48.0,48.0,0.0
0.00282,6.4829887448022046,7.368895702883307,-13.851884447685512,-0.0011640913991079976,0.7478241053937783,-0.7477602819179778,-1.873123026331716,-8.467665947211595,0.0,1.0,-1.0,-48.0,48.0,0.0
0.00284,6.352782196425368,7.568451786289408,-13.921233982714776,-0.0011655741809138678,0.78184390190296,-0.7817799970063047,-1.9583381281712033,-8.57527372663937,0.0,1.0,-1.0,-48.0,48.0,0.0
0.00286,6.2229309302625975,7.767222594199215,-13.990153524461812,-0.001160782136054375,0.8162921530850085,-0.8162285107977353,-2.044626884597854,-8.682396626339184,0.0,1.0,-1.0,-48.0,48.0,0.0
0.00288,6.093433945618222,7.965207277429916,-14.058641223048138,-0.0011492882656038842,0.851166908636996,-0.8511038964031817,-2.1319844396786225,-8.789033220499139,0.0,1.0,-1.0,-48.0,48.0,0.0
0.0029000000000000002,5.964290242441262,8.16240500381221,-14.126695246253473,-0.0011306535123706205,0.886466212249307,-0.8864042215881633,-2.2204059232627116,-8.895182091393853,0.0,1.0,-1.0,-48.0,48.0,0.0
0.0029200000000000003,5.835498821265427,8.358814958212804,-14.19431377947823,-0.001104426694834558,0.9221881016362838,-0.9221275488070378,-2.3098864510628307,-9.000841829462747,0.0,1.0,-1.0,-48.0,48.0,0.0
0.0029400000000000003,5.70705868314896,8.55443634255678,-14.26149502570574,-0.0010701444439000427,0.9583306085672716,-0.9582719352374552,-2.400421124737229,-9.10601103338766,0.0,1.0,-1.0,-48.0,48.0,0.0
0.0029600000000000004,5.578968829614368,8.749268375849818,-14.328237205464186,-0.001027331142458199,0.994891758898055,-0.9948354328150446,-2.4920050319725084,-9.21068831016979,0.0,1.0,-1.0,-48.0,48.0,0.0
0.0029800000000000004,5.4512282625880015,8.943310294200268,-14.39453855678827,-0.0009754988677537873,1.0318695726026805,-1.0318160882683183,-2.584633246567197,-9.314872275205946,0.0,1.0,-1.0,-48.0,48.0,0.0
0.003,5.323835984339555,9.136561350841054,-14.460397335180609,-0.0009141473365508135,1.0692620638056676,-1.0692119431537959,-2.6783008285160825,-9.418561552364109,-1.0,1.0,0.0,-48.0,0.0,48.0
0.00302,5.084268738354551,9.216499188867818,-14.300767927222369,-0.0008425675775861065,1.106798182354562,-1.1067519861926716,-2.7723288808226494,-9.387026264260575,-1.0,1.0,0.0,-48.0,0.0,48.0
0.00304,4.845354820361635,9.295955540363718,-14.141310360725353,-0.0007601795915405216,1.1442078376369105,-1.1441661585745482,-2.8660409011576506,-9.355355183372145,-1.0,1.0,0.0,-48.0,0.0,48.0
0.0030600000000000002,4.607092394829277,9.37493263474668,-13.982025029575956,-0.0006666704991385248,1.1814904792693286,-1.1814539270718942,-2.9594355323682784,-9.323548466246656,-1.0,1.0,0.0,-48.0,0.0,48.0
0.0030800000000000003,4.369479629737844,9.453432699907705,-13.822912329645549,-0.0005617317610584489,1.2186455576311934,-1.218614758981197,-3.0525114189133307,-9.2916062786513,-1.0,1.0,0.0,-48.0,0.0,48.0
0.0031000000000000003,4.132514696590917,9.531457962199934,-13.66397265879085,-0.0004450591894476949,1.2556725239017688,-1.2556481221593,-3.14526720695523,-9.259528795538438,-1.0,1.0,0.0,-48.0,0.0,48.0
0.0031200000000000004,3.8961957704266847,9.60901064642742,-13.505206416854104,-0.0003163529591398577,1.292570830097204,-1.292553485059621,-3.2377015444517063,-9.227316201011297,-1.0,1.0,0.0,-48.0,0.0,48.0
0.0031400000000000004,3.6605210298293347,9.686092975833677,-13.346614005663012,-0.00017531761857008624,1.3293399291073815,-1.3293303167682164,-3.329813081247132,-9.194968688289363,-1.0,1.0,0.0,-48.0,0.0,48.0
0.00316,3.425488656940498,9.762707172089948,-13.188195829030446,-2.1662100385091356e-05,1.3659792747326291,-1.36597808703973,-3.4216004691635082,-9.162486459673653,-1.0,1.0,0.0,-48.0,0.0,48.0
0.00318,3.1910968374706403,9.838855455283266,-13.029952292753906,0.00014490026825572975,1.4024883217202915,-1.402496266333194,-3.513062362091115,-9.129869726511751,-1.0,1.0,0.0,-48.0,0.0,48.0
0.0032,2.9573437607105806,9.91454004390422,-12.8718838046148,0.0003246517556914288,1.4388665258011517,-1.438884325847692,-3.604197416078789,-9.097118709162627,-1.0,1.0,0.0,-48.0,0.0,48.0
0.00322,2.7242276195429174,9.989763154834522,-12.71399077437744,0.0005178702160863122,1.4751133437257113,-1.4751417375578957,-3.695004289423867,-9.064233636961287,-1.0,1.0,0.0,-48.0,0.0,48.0
0.0032400000000000003,2.491746610453532,10.064527003334304,-12.556273613787836,0.0007248290800756264,1.5112282333003322,-1.5112679742494532,-3.785481642761769,-9.031214748183192,-1.0,1.0,0.0,-48.0,0.0,48.0
0.0032600000000000003,2.2598989335431128,10.138833803029184,-12.398732736572297,0.0009457973457333212,1.5472106534232217,-1.5472625095542438,-3.8756281391552236,-8.998062290008495,-1.0,1.0,0.0,-48.0,0.0,48.0
0.0032800000000000004,2.0286827925386426,10.212685765897104,-12.241368558435747,0.001181039569864979,1.5830600641202766,-1.58312481798549,-3.9654424441831324,-8.964776518486055,-1.0,1.0,0.0,-48.0,0.0,48.0
0.0033000000000000004,1.79809639480494,10.286085102254912,-12.084181497059852,0.00143081585962892,1.6187759265807797,-1.6188543749727367,-4.0549232260290795,-8.931357698497273,-1.0,1.0,0.0,-48.0,0.0,48.0
0.0033200000000000005,1.5681379513561993,10.359034020744742,-11.927171972100941,0.0016953818644884126,1.6543577031929495,-1.6544506568966795,-4.1440691555694755,-8.89780610371972,-1.0,1.0,0.0,-48.0,0.0,48.0
0.00334,1.3388056768675156,10.431534728320145,-11.77034040518766,0.0019749887684978283,1.6898048575793287,-1.6899131411238606,-4.232878906461331,-8.864122016590553,-1.0,1.0,0.0,-48.0,0.0,48.0
0.00336,1.1100977896864297,10.503589430232,-11.613687219918429,0.0022698832829255323,1.725116854632044,-1.7252413060412197,-4.3213511552296815,-8.830305728269742,-1.0,1.0,0.0,-48.0,0.0,48.0
0.00338,0.8820125118445024,10.575200330014196,-11.457212841858698,0.002580307639216112,1.7602931605478853,-1.7604346310904988,-4.409484581354613,-8.796357538603095,-1.0,1.0,0.0,-48.0,0.0,48.0
0.0034000000000000002,0.6545480690688503,10.6463696294691,-11.300917698537951,0.002906499582294646,1.7953332428632636,-1.7954925968025095,-4.497277867357949,-8.762277756085103,-1.0,1.0,0.0,-48.0,0.0,48.0
0.0034200000000000003,0.4277026907937014,10.717099528652799,-11.1448022194465,0.003248692364215451,1.8302365704889891,-1.8304146848312546,-4.584729698889544,-8.728066697821545,-1.0,1.0,0.0,-48.0,0.0,48.0
0.0034400000000000003,0.2014746101719478,10.787392225860131,-10.988866836032079,0.0036071147381577726,1.865002613744915,-1.8652003779879032,-4.671838764813211,-8.693724689491953,-1.0,1.0,0.0,-48.0,0.0,48.0
0.0034600000000000004,-0.024137935913296715,10.857249917609492,-10.833111981696195,0.003981990952770764,1.8996308443944103,-1.899849160274624,-4.7586037572922715,-8.659252065311826,-1.0,1.0,0.0,-48.0,0.0,48.0
0.0034800000000000005,-0.2491367068371506,10.926674798627438,-10.677538091790288,0.0043735407468700254,1.934120735678685,-1.9343605169182698,-4.845023371874719,-8.624649167994692,-1.0,1.0,0.0,-48.0,0.0,48.0
0.0035,-0.4735234582214414,10.99566906183309,-10.522145603611648,0.004781979344487885,1.9684717623509604,-1.9687339344039168,-4.931096307578016,-8.589916348713952,-1.0,1.0,0.0,-48.0,0.0,48.0
0.00352,-0.6972999419231627,11.064234898322301,-10.366934956399138,0.005207517450279598,2.002683400710476,-2.0029689005082623,-5.016821266973502,-8.555053967064547,-1.0,1.0,0.0,-48.0,0.0,48.0
0.00354,-0.920467906022937,11.132374497351647,-10.21190659132871,0.00565036124528733,2.0367551286363375,-2.0370649043328664,-5.102196956270409,-8.520062391024425,-1.0,1.0,0.0,-48.0,0.0,48.0
0.0035600000000000002,-1.1430290948135333,11.200090046322213,-10.05706095150868,0.006110712383064085,2.0706864256212087,-2.071021436337251,-5.187222085399505,-8.484941996915822,-1.0,1.0,0.0,-48.0,0.0,48.0
0.0035800000000000003,-1.3649852487883294,11.267383730763148,-9.902398481974819,0.006588767986159289,2.1044767728048366,-2.104837988371849,-5.271895368096337,-8.449693169366343,-1.0,1.0,0.0,-48.0,0.0,48.0
0.0036000000000000003,-1.5863381046298723,11.33425773431508,-9.747919629685208,0.0070847206429678995,2.1381256530074237,-2.1385140537108045,-5.356215521984095,-8.414316301269878,-1.0,1.0,0.0,-48.0,0.0,48.0
0.0036200000000000004,-1.807089395198373,11.400714238713281,-9.593624843514908,0.007598758404944709,2.1716325507628302,-2.1720491270846245,-5.440181268656071,-8.378811793747314,-1.0,1.0,0.0,-48.0,0.0,48.0
0.0036400000000000004,-2.0272408495202754,11.466755423770675,-9.4395145742504,0.008131064784185517,2.2049969523516157,-2.2054427047126834,-5.523791333757743,-8.343180056107073,-1.0,1.0,0.0,-48.0,0.0,48.0
0.0036600000000000005,-2.2467941927768145,11.532383467360635,-9.28558927458382,0.008681818751376703,2.2382183458339124,-2.2386942843355633,-5.607044447068441,-8.307421505805443,-1.0,1.0,0.0,-48.0,0.0,48.0
0.00368,-2.465751146292611,11.597600545399613,-9.131849399107002,0.009251194734114641,2.271296221082141,-2.2718033652472633,-5.68993934258263,-8.27153656840677,-1.0,1.0,0.0,-48.0,0.0,48.0
0.0037,-2.6841134275242897,11.66240883182958,-8.97829540430529,0.009839362615596519,2.3042300698135554,-2.304769448327246,-5.7724747585908,-8.23552567754343,-1.0,1.0,0.0,-48.0,0.0,48.0
0.00372,-2.9018827500491042,11.726810498600262,-8.824927748551158,0.010446487733683552,2.3370193856226136,-2.3375920360723232,-5.854649437759928,-8.199389274875644,-1.0,1.0,0.0,-48.0,0.0,48.0
0.0037400000000000003,-3.119060823553605,11.790807715651223,-8.671746892097618,0.011072730880338284,2.369663664013195,-2.370270632628412,-5.936462127213572,-8.163127810051098,-1.0,1.0,0.0,-48.0,0.0,48.0
0.0037600000000000003,-3.335649353822344,11.854402650893777,-8.518753297071433,0.011718248301436732,2.4021624024306356,-2.4028047438221147,-6.017911578611531,-8.12674174066441,-1.0,1.0,0.0,-48.0,0.0,48.0
0.0037800000000000004,-3.55165004272658,11.91759747019269,-8.36594742746611,0.012383191696956786,2.4345151002936,-2.43519387719216,-6.098996548229116,-8.09023153221642,-1.0,1.0,0.0,-48.0,0.0,48.0
0.0038000000000000004,-3.767064588213035,11.980394337347748,-8.213329749134713,0.013067708221543649,2.4667212590257797,-2.4674375420206833,-6.179715797036006,-8.053597658073276,-1.0,1.0,0.0,-48.0,0.0,48.0
0.0038200000000000005,-3.9818946842926835,12.042795414075124,-8.06090072978244,0.013771940485453448,2.498780382087423,-2.4995352493643557,-6.260068090774701,-8.016840599425382,-1.0,1.0,0.0,-48.0,0.0,48.0
0.0038400000000000005,-4.196142021029586,12.104802859988615,-7.908660838959029,0.014496026555875735,2.530691975006691,-2.5314865120853574,-6.340052200038552,-7.97996084524619,-1.0,1.0,0.0,-48.0,0.0,48.0
0.00386,-4.409808284529721,12.166418832580673,-7.756610548050952,0.015240099958635806,2.562455545410831,-2.563290844882188,-6.419666900349382,-7.942958892250774,-1.0,1.0,0.0,-48.0,0.0,48.0
0.00388,-4.622895156929906,12.227645487203304,-7.604750330273398,0.016004289680277544,2.594070603057195,-2.594947764320341,-6.498910972234711,-7.905835244854274,-1.0,1.0,0.0,-48.0,0.0,48.0
0.0039000000000000003,-4.835404316386723,12.288484977048801,-7.453080660662079,0.01678872017052728,2.6255366598640637,-2.626456788862798,-6.577783201304529,-7.868590415130192,-1.0,1.0,0.0,-48.0,0.0,48.0
0.003920000000000001,-5.047337437065503,12.348939453130317,-7.301602016064814,0.01759351134513952,2.6568532299413063,-2.6578174389003846,-6.656282378327684,-7.831224922768483,-1.0,1.0,0.0,-48.0,0.0,48.0
0.00394,-5.258696189129318,12.409011064262272,-7.1503148751329535,0.01841877858912472,2.6880198296208553,-2.689029236781954,-6.734407299307819,-7.793739295033525,-1.0,1.0,0.0,-48.0,0.0,48.0
0.00396,-5.469482238728128,12.46870195704065,-6.999219718312522,0.01926463276036018,2.719035977487014,-2.720091706844434,-6.8121567655589335,-7.756134066721911,-1.0,1.0,0.0,-48.0,0.0,48.0
0.00398,-5.679697247987793,12.528014275823086,-6.848317027835293,0.020131180193583304,2.7499011944065703,-2.7510043754426903,-6.889529583780466,-7.7184097801200835,-1.0,1.0,0.0,-48.0,0.0,48.0
0.004,-5.889342874999305,12.586950162708858,-6.697607287709553,0.021018522704768828,2.7806150035587467,-2.7817667709792513,-6.966524566131995,-7.680566984961841,-1.0,0.0,1.0,0.0,-48.0,48.0
0.00402,-5.985898511706332,12.42046786816529,-6.434569356458957,0.021924642782207408,2.810908573604026,-2.8121099511915038,-7.042468185838842,-7.508202530109317,-1.0,0.0,1.0,0.0,-48.0,48.0
0.00404,-6.082195084738392,12.254231251344216,-6.172036166605824,0.02284717706245668,2.840514127446876,-2.8417660091160255,-7.116689533144194,-7.3361129981237045,-1.0,0.0,1.0,0.0,-48.0,48.0
0.00406,-6.178233379009611,12.088244512434391,-5.9100111334247805,0.023785693037176547,2.8694327805841042,-2.8707360361836862,-7.189191372073738,-7.1643013477247885,-1.0,0.0,1.0,0.0,-48.0,48.0
0.00408,-6.2740141751697855,11.922511831300588,-5.648497656130802,0.02473974235568514,2.8976656607548708,-2.8990211351906634,-7.259976496219661,-6.992770533473067,-1.0,0.0,1.0,0.0,-48.0,48.0
0.0041,-6.3695382495408,11.757037367418482,-5.387499117877682,0.025708861287977787,2.9252139079108783,-2.926622420294569,-7.329047728698467,-6.821523505653443,-1.0,0.0,1.0,0.0,-48.0,48.0
0.00412,-6.464806374055426,11.591825259810951,-5.1270188857555254,0.026692571185927924,2.9520786741861516,-2.9535410170100946,-7.396407922107655,-6.650563210159559,-1.0,0.0,1.0,0.0,-48.0,48.0
0.0041400000000000005,-6.559819316198571,11.426879626985817,-4.867060310787246,0.027690378942633914,2.9782611238663725,-2.97977806220415,-7.46205995848122,-6.479892588378728,-1.0,0.0,1.0,0.0,-48.0,48.0
0.0041600000000000005,-6.654577838950824,11.262204566874937,-4.607626727924113,0.028701777449875936,3.0037624333577915,-3.0053347040905285,-7.526006749244024,-6.3095145770774534,-1.0,0.0,1.0,0.0,-48.0,48.0
0.0041800000000000006,-6.749082700734398,11.097804156774723,-4.348721456040325,0.02972624605364808,3.02858379115571,-3.0302121022240716,-7.588251235165015,-6.139432108287559,-1.0,0.0,1.0,0.0,-48.0,48.0
0.004200000000000001,-6.843334655361404,10.933682453288052,-4.090347797926648,0.030763251007730637,3.052726397812547,-3.0544114274943563,-7.648796386309314,-5.96964810919292,-1.0,0.0,1.0,0.0,-48.0,48.0
0.004220000000000001,-6.937334451984443,10.769843492267544,-3.8325090402831012,0.03181224592526845,3.076191465905484,-3.0779338621188876,-7.70764520198917,-5.800165502016799,-1.0,0.0,1.0,0.0,-48.0,48.0
0.004240000000000001,-7.031082835049499,10.60629128876023,-3.5752084537107316,0.03287267222832139,3.098980220003703,-3.1007805996358067,-7.764800710713794,-5.630987203909781,-1.0,0.0,1.0,0.0,-48.0,48.0
0.004260000000000001,-7.124580544251149,10.443029836953611,-3.3184492927024625,0.03394395959535333,3.1210938966352026,-3.122952844896116,-7.820265970138075,-5.462116126838306,-1.0,0.0,1.0,0.0,-48.0,48.0
0.00428,-7.217828314490008,10.280063110123063,-3.062234795633055,0.03502552640662705,3.142533744253233,-3.1444518140554227,-7.874044067010184,-5.293555177473835,-1.0,0.0,1.0,0.0,-48.0,48.0
0.0043,-7.3108268758324755,10.117395060580572,-2.8065681847480963,0.03611678018747193,3.1633010232023047,-3.1652787345651907,-7.926138117118076,-5.125307257082531,-1.0,0.0,1.0,0.0,-48.0,48.0
0.00432,-7.403576953472683,9.955029619624941,-2.551452666152258,0.03721711804939229,3.1833970056838106,-3.1854348451635133,-7.976551265234878,-4.957375261415674,-1.0,0.0,1.0,0.0,-48.0,48.0
0.00434,-7.496079267696701,9.792970697493228,-2.296891429796527,0.038325927128985256,3.202822975721259,-3.204921395865408,-8.025286685063204,-4.789762080600559,-1.0,0.0,1.0,0.0,-48.0,48.0
0.00436,-7.588334533848942,9.63122218331359,-2.0428876494646477,0.03944258502463604,3.221580229125111,-3.2237396479526157,-8.072347579178365,-4.622470599032038,-1.0,0.0,1.0,0.0,-48.0,48.0
0.00438,-7.680343462300743,9.469787945059444,-1.7894444827587013,0.04056646023096,3.2396700734572423,-3.2418908739629417,-8.117737178970511,-4.455503695264666,-1.0,0.0,1.0,0.0,-48.0,48.0
0.0044,-7.772106758421145,9.308671829504986,-1.5365650710838406,0.04169691257096106,3.257093827995011,-3.25937635767909,-8.161458744585694,-4.2888642419054115,-1.0,0.0,1.0,0.0,-48.0,48.0
0.00442,-7.86362512254982,9.147877662182013,-1.2842525396321938,0.04283329362587603,3.273852823694963,-3.2761973941170317,-8.203515564865842,-4.122555105507003,-1.0,0.0,1.0,0.0,-48.0,48.0
0.00444,-7.954899249972129,8.98740924733808,-1.0325099973659504,0.04397494716267566,3.2899484031561586,-3.2923552895138966,-8.24391095728771,-3.9565791464618183,-1.0,0.0,1.0,0.0,-48.0,48.0
0.00446,-8.045929830896345,8.82727036789598,-0.781340536999636,0.0451212095591923,3.3053819205831325,-3.3078513613153726,-8.282648267900726,-3.790939218896412,-1.0,0.0,1.0,0.0,-48.0,48.0
0.0044800000000000005,-8.136717550432914,8.667464785414506,-0.5307472349815915,0.04627141022684594,3.320154741748492,-3.3226869381626316,-8.319730871263816,-3.6256381705665817,-1.0,0.0,1.0,0.0,-48.0,48.0
0.0045000000000000005,-8.227263088575885,8.507996240050549,-0.2807331514746635,0.04742487203093974,3.3342682439551523,-3.3368633598787856,-8.355162170381181,-3.460678842753061,-1.0,0.0,1.0,0.0,-48.0,48.0
0.004520000000000001,-8.317567120186336,8.348868450522454,-0.03130133033611898,0.04858091170849676,3.347723815998224,-3.350381977454847,-8.388945596637019,-3.296064070157761,-1.0,0.0,1.0,0.0,-48.0,48.0
0.004540000000000001,-8.407630314977919,8.190085114074714,0.21754520090320476,0.049738840283610475,3.3605228581265454,-3.363244153035222,-8.42108460972922,-3.1317966808006164,-1.0,0.0,1.0,0.0,-48.0,48.0
0.004560000000000001,-8.497453337504401,8.031649906443898,0.46580343106050454,0.050897963480280854,3.3726667820038703,-3.375451259902729,-8.451582697602042,-2.9678794959169945,-1.0,0.0,1.0,0.0,-48.0,48.0
0.004580000000000001,-8.58703684714924,7.873566481825883,0.713470365323359,0.052057582132710147,3.384157010669714,-3.387004682463124,-8.480443376377742,-2.80431532985568,-1.0,0.0,1.0,0.0,-48.0,48.0
0.004600000000000001,-8.676381498117161,7.715838472844354,0.960543025272807,0.05321699259303022,3.3949949784998648,-3.397905816229169,-8.507670190287218,-2.641106989977433,-1.0,0.0,1.0,0.0,-48.0,48.0
0.00462,-8.765487939427702,7.558469490520569,1.2070184489071338,0.054375487136435974,3.405182131166557,-3.4081560678042018,-8.533266711599603,-2.4782572765541273,-1.0,0.0,1.0,0.0,-48.0,48.0
0.00464,-8.854356814910773,7.401463124244329,1.4528936906664445,0.05553235436369897,3.41471992559832,-3.4177568548652473,-8.557236540550898,-2.3157689826683914,-1.0,0.0,1.0,0.0,-48.0,48.0
0.00466,-8.942988763204081,7.244822941746306,1.6981658214577757,0.056686879601034364,3.4236098299395055,-3.4267096061456392,-8.579583305271564,-2.153644894113926,-1.0,0.0,1.0,0.0,-48.0,48.0
0.00468,-9.031384417752562,7.088552489071503,1.9428319286810591,0.05783834529729689,3.431853323509488,-3.435015761417173,-8.600310661713134,-1.9918877892962712,-1.0,0.0,1.0,0.0,-48.0,48.0
0.0047,-9.119544406809684,6.932655290554007,2.1868891162556765,0.05898603141848087,3.439451896761552,-3.442676771471772,-8.619422293573852,-1.830500439134175,-1.0,0.0,1.0,0.0,-48.0,48.0
0.00472,-9.207469353440649,6.77713484879295,2.430334504647699,0.060129215839498415,3.4464070512414775,-3.449694098102694,-8.636921912223302,-1.6694856069615076,-1.0,0.0,1.0,0.0,-48.0,48.0
0.00474,-9.295159875527483,6.621994644629703,2.67316523089778,0.06126717473321232,3.4527202995458013,-3.4560692140852467,-8.65281325662608,-1.5088460484297221,-1.0,0.0,1.0,0.0,-48.0,48.0
0.00476,-9.382616585775954,6.467238137126266,2.915378448649689,0.06239918295669948,3.4583931652797997,-3.461803603157036,-8.667100093264478,-1.3485845114108581,-1.0,0.0,1.0,0.0,-48.0,48.0
0.00478,-9.469840091724361,6.312868763544878,3.1569713281794822,0.06352451443472015,3.4634271830151397,-3.46689875999773,-8.679786216060212,-1.1887037359010761,-1.0,0.0,1.0,0.0,-48.0,48.0
0.0048000000000000004,-9.556830995754115,6.1588899393288274,3.3979410564252874,0.06464244254037062,3.467823898247271,-3.4713561902083554,-8.690875446295172,-1.0292064539247447,-1.0,0.0,1.0,0.0,-48.0,48.0
0.0048200000000000005,-9.643589895102139,6.005305058084437,3.6382848370177023,0.06575224047289503,3.471584867352507,-3.4751774102901183,-8.700371632531247,-0.8700953894390431,-1.0,0.0,1.0,0.0,-48.0,48.0
0.0048400000000000006,-9.730117381875031,5.852117491564244,3.877999890310787,0.06685318163263403,3.4747116575448183,-3.4783639476227446,-8.708278650529156,-0.7113732582390953,-1.0,0.0,1.0,0.0,-48.0,48.0
0.004860000000000001,-9.816414043065016,5.699330589651365,4.117083453413652,0.067944539993087,3.4772058468323648,-3.480917340442352,-8.71460040316637,-0.5530427678636352,-1.0,0.0,1.0,0.0,-48.0,48.0
0.004880000000000001,-9.902480460567613,5.546947680345005,4.355532780222608,0.06902559047006576,3.479069023973727,-3.4828391378188384,-8.719340820354075,-0.3951066175011797,-1.0,0.0,1.0,0.0,-48.0,48.0
0.004900000000000001,-9.988317211201045,5.394972069747148,4.593345141453897,0.0700956092879173,3.4803027884338795,-3.4841308996328095,-8.722503858953202,-0.23756749789672105,-1.0,0.0,1.0,0.0,-48.0,48.0
0.004920000000000001,-10.073924866727342,5.243407042050391,4.830517824676951,0.07115387434279342,3.4809087503398857,-3.4847941965520195,-8.724093502689522,-0.08042809125893524,-1.0,0.0,1.0,0.0,-48.0,48.0
0.004940000000000001,-10.159303993875161,5.092255859526935,5.0670481343482265,0.07219966556294632,3.4808885304363284,-3.484830610007342,-8.724113762067836,0.0763089288321126,-1.0,0.0,1.0,0.0,-48.0,48.0
0.00496,-10.244455154364223,4.941521762518699,5.302933391845524,0.07323226526602714,3.4802437600404894,-3.4842417321682757,-8.722568674285213,0.2326408975167471,-1.0,0.0,1.0,0.0,-48.0,48.0
0.00498,-10.32937890493146,4.791207969428543,5.538170935502916,0.07425095851336803,3.4789760809972536,-3.483029165917962,-8.71946230314334,0.3885651587470058,-1.0,0.0,1.0,0.0,-48.0,48.0
0.005,-10.414075797358729,4.6413176767126965,5.772758120646032,0.07525503346122499,3.4770871456337678,-3.4811945248277425,-8.71479873895994,0.5440790653773826,0.0,-1.0,1.0,48.0,-48.0,0.0
0.00502,-10.273501861168219,4.379331790788029,5.89417007038019,0.07624387034847346,3.4745826378971745,-3.478743459151632,-8.708592177082588,0.6971559574811519,0.0,-1.0,1.0,48.0,-48.0,0.0
0.00504,-10.133316227573374,4.118082711314506,6.015233516258868,0.07721686258796352,3.4714683842143015,-3.4756817623771723,-8.700857170697615,0.849767584347686,0.0,-1.0,1.0,48.0,-48.0,0.0
0.00506,-9.99351775901022,3.857572673478005,6.1359450855322155,0.0781733239579826,3.467746265215971,-3.4720112778869034,-8.6915983838865,1.0019116649026596,0.0,-1.0,1.0,48.0,-48.0,0.0
0.00508,-9.85410531772544,3.597803891591918,6.256301426133521,0.07911257293744933,3.463418170434495,-3.4677338582600843,-8.680820503399248,1.153585946494944,0.0,-1.0,1.0,48.0,-48.0,0.0
0.0051,-9.71507776580039,3.338778559102617,6.376299206697772,0.08003393302760742,3.458485998181427,-3.4628513651683877,-8.668528238370762,1.3047882047786472,0.0,-1.0,1.0,48.0,-48.0,0.0
0.00512,-9.576433965176603,3.080498848596472,6.495935116580131,0.08093673307011294,3.452951655425909,-3.457365669271968,-8.654726320038353,1.4555162435951856,0.0,-1.0,1.0,48.0,-48.0,0.0
0.0051400000000000005,-9.438172777682746,2.8229669118084035,6.615205865874343,0.08182030756150645,3.4468170576736243,-3.451278650115855,-8.639419501460482,1.605767894855354,0.0,-1.0,1.0,48.0,-48.0,0.0
0.0051600000000000005,-9.300293065063006,2.5661848796319533,6.734108185431052,0.08268399696405873,3.440084128846361,-3.444592196026696,-8.622612557236648,1.755541018421406,0.0,-1.0,1.0,48.0,-48.0,0.0
0.005180000000000001,-9.162793689006886,2.3101548621308607,6.852638826876025,0.08352714801298194,3.4327548011621647,-3.4373082040098275,-8.60431028322846,1.9048335019891711,0.0,-1.0,1.0,48.0,-48.0,0.0
0.005200000000000001,-9.025673511180399,2.0548789485521177,6.9707945626282815,0.08434911401999642,3.424831015016112,-3.4294285796466872,-8.584517496281888,2.0536432609701896,0.0,-1.0,1.0,48.0,-48.0,0.0
0.005220000000000001,-8.888931393258623,1.8003592073404953,7.088572185918128,0.08514925517324566,3.4163147188616763,-3.4209552369925675,-8.563239033950703,2.2019682383739005,0.0,-1.0,1.0,48.0,-48.0,0.0
0.005240000000000001,-8.752566196959602,1.5465976861545296,7.205968510805073,0.08592693883355074,3.40720786909271,-3.411890098474707,-8.540479754221076,2.3498064046898666,0.0,-1.0,1.0,48.0,-48.0,0.0
0.005260000000000001,-8.616576784079585,1.293596411883936,7.322980372195649,0.08668153982699746,3.3975124299260386,-3.4022350947907136,-8.516244535237385,2.4971557577700523,0.0,-1.0,1.0,48.0,-48.0,0.0
0.005280000000000001,-8.48096201652954,1.041357390668449,7.439604625861092,0.08741244073384803,3.3872303732846434,-3.391992164807318,-8.490538275029152,2.6440143227111617,0.0,-1.0,1.0,48.0,-48.0,0.0
0.0053,-8.345720756373003,0.789882607918082,7.555838148454922,0.08811903217377216,3.376363678681473,-3.3811632554594686,-8.46336589123921,2.7903801517370246,0.0,-1.0,1.0,48.0,-48.0,0.0
0.00532,-8.210851865865104,0.5391740283346951,7.671677837530408,0.08880071308739008,3.364914333103849,-3.3697503216497675,-8.434732320853005,2.936251324081123,0.0,-1.0,1.0,48.0,-48.0,0.0
0.00534,-8.076354207492932,0.2892335959350968,7.787120611557835,0.08945689101412137,3.352884330898489,-3.3577553261482156,-8.404642519929086,3.0816259458690607,0.0,-1.0,1.0,48.0,-48.0,0.0
0.00536,-7.9422266440170475,0.04006323407533994,7.902163409941708,0.09008698236633582,3.340275673657132,-3.345180239492314,-8.373101463330773,3.2265021500012465,0.0,-1.0,1.0,48.0,-48.0,0.0
0.00538,-7.80846803851421,-0.20833515452356033,8.01680319303777,0.09069041269979962,3.327090370102778,-3.3320270398874916,-8.340114144459,3.3708780960355957,0.0,-1.0,1.0,48.0,-48.0,0.0
0.0054,-7.6750772544212955,-0.4559596877486003,8.131036942169896,0.09126661698041254,3.313330435976534,-3.3182977131078575,-8.305685574986326,3.5147519700703427,0.0,-1.0,1.0,48.0,-48.0,0.0
0.00542,-7.5420531555803505,-0.7028085040664529,8.244861659646803,0.09181503984723231,3.298997893925062,-3.303994252397289,-8.269820784592108,3.658121984626942,0.0,-1.0,1.0,48.0,-48.0,0.0
0.00544,-7.409394606284787,-0.9488797624938408,8.358274368778627,0.09233513587178109,3.284094773388646,-3.2891186583708536,-8.232524820698863,3.8009863785330817,0.0,-1.0,1.0,48.0,-48.0,0.0
0.0054600000000000004,-7.277100471326692,-1.1941716425666322,8.471272113893324,0.09282636981363172,3.268623110489862,-3.273672938916557,-8.193802748209784,3.9433434168057957,0.0,-1.0,1.0,48.0,-48.0,0.0
0.0054800000000000005,-7.1451696160452265,-1.4386823443076757,8.583851960352902,0.09328821687226947,3.2525849479228506,-3.257659109097428,-8.153659649247437,4.085191390534689,0.0,-1.0,1.0,48.0,-48.0,0.0
0.0055000000000000005,-7.013600906376077,-1.6824100881933908,8.696010994569468,0.09372016293522653,3.2359823348432037,-3.241079191053925,-8.112100622893617,4.2265286167652745,0.0,-1.0,1.0,48.0,-48.0,0.0
0.005520000000000001,-6.882393208901997,-1.925353115119128,8.807746324021124,0.09412170482248665,3.2188173267584475,-3.2239352139066777,-8.069130784930364,4.367353438382432,0.0,-1.0,1.0,48.0,-48.0,0.0
0.005540000000000001,-6.751545390904321,-2.1675096863633154,8.919055077267636,0.09449235052715778,3.2010919854191413,-3.2062292136595634,-8.024755267582162,4.507664223993994,0.0,-1.0,1.0,48.0,-48.0,0.0
0.005560000000000001,-6.621056320415539,-2.4088780835504076,9.029934403965946,0.09483161945241028,3.1828083787105754,-3.187963233103106,-7.978979219259283,4.647459367814449,0.0,-1.0,1.0,48.0,-48.0,0.0
0.005580000000000001,-6.490924866272817,-2.6494566086126525,9.14038147488547,0.09513904264467946,3.163968580545069,-3.1691393217182036,-7.931807804302309,4.786737289548772,0.0,-1.0,1.0,48.0,-48.0,0.0
0.005600000000000001,-6.361149898172508,-2.8892435837506927,9.2503934819232,0.09541416302313102,3.1445746707548774,-3.1497595355802037,-7.883246202727802,4.925496434276411,0.0,-1.0,1.0,48.0,-48.0,0.0
0.005620000000000001,-6.231730286725583,-3.1282373513930097,9.359967638118592,0.0956565356053874,3.124628734985692,-3.129825937263281,-7.833299609975136,5.063735272335366,0.0,-1.0,1.0,48.0,-48.0,0.0
0.00564,-6.102664903514025,-3.3664362741542266,9.469101177668252,0.09586572772951624,3.104132864590748,-3.109340595745171,-7.7819732366545,5.201452299206451,0.0,-1.0,1.0,48.0,-48.0,0.0
0.00566,-5.973952621148049,-3.603838734792357,9.577791355940406,0.09604131927227832,3.083089156525528,-3.0883055863122206,-7.72927230829604,5.338646035397687,0.0,-1.0,1.0,48.0,-48.0,0.0
0.00568,-5.84559231332432,-3.8404431361648035,9.686035449489124,0.09618290286363596,3.0614997132430553,-3.0667229904647715,-7.675202065100167,5.475315026328799,0.0,-1.0,1.0,48.0,-48.0,0.0
0.0057,-5.717582854884935,-4.076247901183416,9.79383075606835,0.09629008409752217,3.0393666425898003,-3.044594895822883,-7.619767761689018,5.611457842215915,0.0,-1.0,1.0,48.0,-48.0,0.0
0.00572,-5.5899231218772725,-4.311251472768402,9.901174594645674,0.09636248173887003,3.0166920577021616,-3.0219233960323746,-7.562974666859065,5.747073077956385,0.0,-1.0,1.0,48.0,-48.0,0.0
0.00574,-5.462611991614672,-4.545452313801187,10.008064305415859,0.09639972792690404,2.9934780769035485,-2.9987105906712084,-7.504828063334881,5.882159353013743,0.0,-1.0,1.0,48.0,-48.0,0.0
0.00576,-5.335648342737932,-4.7788489070762425,10.114497249814175,0.0964014683746936,2.969726823602062,-2.974958585156204,-7.445333247524052,6.0167153113028515,0.0,-1.0,1.0,48.0,-48.0,0.0
0.00578,-5.209031055277541,-5.01143975525187,10.220470810529411,0.09636736256497032,2.9454404261887466,-2.9506694906500854,-7.384495529273236,6.1507396210751635,0.0,-1.0,1.0,48.0,-48.0,0.0
0.0058000000000000005,-5.082759010716708,-5.24322338079999,10.325982391516698,0.09629708394221022,2.9206210179364462,-2.925845423968858,-7.322320231625369,6.284230974804171,0.0,-1.0,1.0,48.0,-48.0,0.0
0.0058200000000000005,-4.956831092055108,-5.474198325954912,10.43102941801002,0.0961903201009837,2.895270736899234,-2.900488507489526,-7.258812690578021,6.417188089070979,0.0,-1.0,1.0,48.0,-48.0,0.0
0.005840000000000001,-4.831246183873372,-5.70436315266114,10.535609336534511,0.09604677297057386,2.869391725812436,-2.874600869058143,-7.19397825484289,6.54960970445008,0.0,-1.0,1.0,48.0,-48.0,0.0
0.005860000000000001,-4.706003172398257,-5.9337164425201925,10.63971961491845,0.09586615899586687,2.8429861319932224,-2.8481846418981966,-7.127822285606435,6.681494585395248,0.0,-1.0,1.0,48.0,-48.0,0.0
0.005880000000000001,-4.581100945568491,-6.1622567967364885,10.74335774230498,0.09564820931451638,2.8160561072417942,-2.821241964519332,-7.060350156291658,6.812841520125614,0.0,-1.0,1.0,48.0,-48.0,0.0
0.005900000000000001,-4.456538393101297,-6.38998283606227,10.846521229163567,0.09539266993038478,2.788603807743124,-2.7937749806264063,-6.991567252321013,6.943649320511893,0.0,-1.0,1.0,48.0,-48.0,0.0
0.005920000000000001,-4.3323144065595525,-6.616893200741627,10.94920760730118,0.09509930188326506,2.760631393969301,-2.7657858390288954,-6.921478970880469,7.073916821962786,0.0,-1.0,1.0,48.0,-48.0,0.0
0.005940000000000001,-4.208427879419533,-6.842986550453594,11.051414429873127,0.09476788141488629,2.7321410305824188,-2.7372766935506205,-6.850090720684683,7.203642883311531,0.0,-1.0,1.0,48.0,-48.0,0.0
0.005960000000000001,-4.084877707139335,-7.068261564254354,11.15313927139369,0.09439820013120681,2.7031348863380513,-2.708249702939831,-6.777407921743335,7.332826386702617,0.0,-1.0,1.0,48.0,-48.0,0.0
0.00598,-3.9616627872277954,-7.292716940518564,11.25437972774636,0.09399006516099863,2.673615133989297,-2.6787070307796275,-6.703436005128577,7.461466237478687,0.0,-1.0,1.0,48.0,-48.0,0.0
0.006,-3.8387820193139977,-7.516351396879861,11.355133416193858,0.09354329931072798,2.643583950191367,-2.648650845398701,-6.628180412743602,7.5895613640675705,1.0,-1.0,0.0,48.0,0.0,-48.0
0.00602,-3.6037120620497376,-7.626642042779558,11.230354104829296,0.09306745322855181,2.6133156499270673,-2.6183559802568457,-6.552328917436344,7.580705542600822,1.0,-1.0,0.0,48.0,0.0,-48.0
0.00604,-3.3692811922469446,-7.736420078073085,11.10570127032003,0.09257238471092355,2.5830836020813583,-2.5880963389004945,-6.476566942436947,7.571657557421561,1.0,-1.0,0.0,48.0,0.0,-48.0
0.00606,-3.135487574227671,-7.845687201439038,10.981174775666709,0.09205838894574567,2.5528885624677793,-2.5578726937034353,-6.400896401739895,7.562418936541665,1.0,-1.0,0.0,48.0,0.0,-48.0
0.00608,-2.90232937874502,-7.954445111561998,10.856774490307018,0.09152576083810499,2.5227312808245856,-2.527685810927615,-6.325319194075129,7.552991204850582,1.0,-1.0,0.0,48.0,0.0,-48.0
0.0061,-2.669804782964091,-8.062695507090448,10.732500290054539,0.09097479497435458,2.4926125008283235,-2.4975364507346947,-6.2498372029394815,7.543375884071988,1.0,-1.0,0.0,48.0,0.0,-48.0
0.0061200000000000004,-2.437911970442819,-8.170440086594985,10.608352057037804,0.09040578558660473,2.462532960107577,-2.4674253671977895,-6.174452296628563,7.533574492720938,1.0,-1.0,0.0,48.0,0.0,-48.0
0.0061400000000000005,-2.206649131112677,-8.277680548526831,10.484329679639508,0.0898190265176219,2.432493390256847,-2.437353308313404,-6.099166328269052,7.523588546061571,1.0,-1.0,0.0,48.0,0.0,-48.0
0.0061600000000000005,-1.9760144612593002,-8.384418591176606,10.360433052435907,0.08921481118613742,2.402494516850578,-2.407321016013547,-6.023981135851414,7.5134195560653065,1.0,-1.0,0.0,48.0,0.0,-48.0
0.006180000000000001,-1.7460061635029458,-8.490655912633434,10.23666207613638,0.08859343255256583,2.3725370594573425,-2.3773292261780363,-5.948898542263031,7.503069031369589,1.0,-1.0,0.0,48.0,0.0,-48.0
0.006200000000000001,-1.516622446778893,-8.596394210744277,10.11301665752317,0.08795518308513371,2.342621731654155,-2.347378668646996,-5.873920355321759,7.492538477237118,1.0,-1.0,0.0,48.0,0.0,-48.0
0.006220000000000001,-1.2878615263176876,-8.701635183073618,9.989496709391306,0.08730035472641914,2.312749241040934,-2.3174700672335127,-5.799048367809863,7.481829395515612,1.0,-1.0,0.0,48.0,0.0,-48.0
0.006240000000000001,-1.0597216236253182,-8.806380526863382,9.8661021504887,0.08662923886030198,2.2829202892551046,-2.287604139736488,-5.724284357508375,7.470943284598068,1.0,-1.0,0.0,48.0,0.0,-48.0
0.006260000000000001,-0.8322009664632706,-8.910631938993166,9.742832905456437,0.08594212627932554,2.2531355719863293,-2.2577815979536644,-5.64963008723183,7.459881639383541,1.0,-1.0,0.0,48.0,0.0,-48.0
0.006280000000000001,-0.6052977888284783,-9.014391115940754,9.619688904769232,0.08523930715246973,2.2233957789913874,-2.2280031476948152,-5.5750873048634055,7.448645951238423,1.0,-1.0,0.0,48.0,0.0,-48.0
0.006300000000000001,-0.3790103309331805,-9.117659753742902,9.496670084676083,0.08452107099333604,2.1937015941091813,-2.1982694887951237,-5.500657743390439,7.437237707958227,1.0,-1.0,0.0,48.0,0.0,-48.0
0.00632,-0.15333683918470697,-9.220439547956408,9.373776387141115,0.08378770662874375,2.1640536952758747,-2.1685813151287143,-5.426343120940328,7.4256583937298615,1.0,-1.0,0.0,48.0,0.0,-48.0
0.00634,0.07172443383493032,-9.3227321936195,9.251007759784569,0.08303950216773824,2.1344527545401584,-2.138939314622358,-5.352145140816788,7.413909489094417,1.0,-1.0,0.0,48.0,0.0,-48.0
0.00636,0.29617522938937846,-9.424539385213446,9.128364155824068,0.08227674497101102,2.104899438078657,-2.109344169269348,-5.278065491536515,7.401992470910453,1.0,-1.0,0.0,48.0,0.0,-48.0
0.00638,0.5200172826085048,-9.525862816624487,9.005845534015982,0.08149972162073137,2.0753944062114473,-2.079796555143536,-5.2041058468661845,7.389908812317753,1.0,-1.0,0.0,48.0,0.0,-48.0
0.0064,0.7432523225090044,-9.626704181106044,8.88345185859704,0.08070871789078926,2.0459383134177127,-2.0502971424135197,-5.130267865859812,7.377659982701599,1.0,-1.0,0.0,48.0,0.0,-48.0
0.00642,0.9658820720150878,-9.727065171241197,8.761183099226109,0.07990401871744993,2.0165318083515147,-2.020846595357004,-5.056553192896483,7.365247447657522,1.0,-1.0,0.0,48.0,0.0,-48.0
0.00644,1.1879082479792498,-9.826947478905444,8.639039230926194,0.07908590817041937,1.9871755338576844,-1.9914455723753062,-4.982963457718418,7.352672668956526,1.0,-1.0,0.0,48.0,0.0,-48.0
0.0064600000000000005,1.4093325612031364,-9.926352795229741,8.517020234026605,0.07825466942432052,1.9578701269878456,-1.9620947260080261,-4.909500275469395,7.339937104510834,1.0,-1.0,0.0,48.0,0.0,-48.0
0.0064800000000000005,1.6301567164584583,-10.025282810563816,8.395126094105358,0.07741058473058011,1.9286162190165423,-1.9327947029478592,-4.836165246733508,7.327042208340069,1.0,-1.0,0.0,48.0,0.0,-48.0
0.006500000000000001,1.8503824125080417,-10.123739214439771,8.27335680193173,0.07655393538972517,1.8994144354574891,-1.9035461440555665,-4.762959957574253,7.313989430537951,1.0,-1.0,0.0,48.0,0.0,-48.0
0.006520000000000001,2.070011342126877,-10.221723695535934,8.151712353409057,0.07568500172408932,1.870265396079937,-1.874349684375087,-4.689885979573955,7.300780217239451,1.0,-1.0,0.0,48.0,0.0,-48.0
0.006540000000000001,2.2890451921232984,-10.319237941641012,8.030192749517713,0.07480406305092813,1.8411697149251471,-1.8452059531488023,-4.616944869873519,7.287416010588423,1.0,-1.0,0.0,48.0,0.0,-48.0
0.006560000000000001,2.50748564336022,-10.41628363961851,7.908797996258289,0.07391139765594272,1.812128000322989,-1.816115573832941,-4.544138171212504,7.273898248705715,1.0,-1.0,0.0,48.0,0.0,-48.0
0.006580000000000001,2.7253343707764035,-10.512862475371405,7.787528104595001,0.07300728276721133,1.7831408549086267,-1.7870791641131247,-4.471467411969499,7.260228365657753,1.0,-1.0,0.0,48.0,0.0,-48.0
0.006600000000000001,2.9425930434078458,-10.60897613380712,7.6663830903992745,0.07209199452952803,1.754208875639337,-1.7580973359200542,-4.3989341062028355,7.246407791425565,1.0,-1.0,0.0,48.0,0.0,-48.0
0.006620000000000001,3.15926332440921,-10.704626298802767,7.545362974393557,0.07116580797914811,1.7253326538114158,-1.7291706954453354,-4.326539753691588,7.232437951874311,1.0,-1.0,0.0,48.0,0.0,-48.0
0.006640000000000001,3.3753468710752896,-10.79981465317062,7.42446778209533,0.07022899701893859,1.6965127750771993,-1.7002998431574388,-4.25428583997688,7.218320268723243,1.0,-1.0,0.0,48.0,0.0,-48.0
0.00666,3.590845334862556,-10.894542878623898,7.303697543761342,0.06928183439393429,1.6677498194621871,-1.6714853738177928,-4.182173836403506,7.204056159516135,1.0,-1.0,0.0,48.0,0.0,-48.0
0.00668,3.805760361410832,-10.98881265574285,7.183052294332017,0.06832459166729717,1.63904436138226,-1.6427278764970046,-4.110205200161807,7.189647037592185,1.0,-1.0,0.0,48.0,0.0,-48.0
0.0067,4.020093590564844,-11.082625663940986,7.062532073376142,0.06735753919667947,1.6103969696610112,-1.6140279345912218,-4.038381374329885,7.175094312057345,1.0,-1.0,0.0,48.0,0.0,-48.0
0.00672,4.233846656396005,-11.175983581431716,6.942136925035711,0.06638094611098846,1.581808207547163,-1.5853861258386095,-3.9667037879160643,7.1603993877561365,1.0,-1.0,0.0,48.0,0.0,-48.0
0.00674,4.447021187224171,-11.268888085195165,6.821866897970994,0.06539508028755224,1.5532786327320867,-1.5568030223359575,-3.8951738559016458,7.145563665243891,1.0,-1.0,0.0,48.0,0.0,-48.0
0.00676,4.659618805639436,-11.361340850945286,6.70172204530585,0.06440020832968597,1.5248087973674165,-1.5282791905554116,-3.8237929792839376,7.130588540759445,1.0,-1.0,0.0,48.0,0.0,-48.0
0.0067800000000000004,4.871641128524002,-11.453343553097222,6.581702424573219,0.0633965955446567,1.496399248082759,-1.4998151913613247,-3.7525625451195537,7.115475406198285,1.0,-1.0,0.0,48.0,0.0,-48.0
0.0068000000000000005,5.083089767074083,-11.54489786473495,6.4618080976608665,0.0623845059220461,1.4680505260034922,-1.4714115800272316,-3.6814839265679797,7.100225649086145,1.0,-1.0,0.0,48.0,0.0,-48.0
0.0068200000000000005,5.293966326821846,-11.636005457579174,6.342039130757327,0.06136420211250971,1.4397631667686563,-1.4430689062529327,-3.6105584829354025,7.084840652553026,1.0,-1.0,0.0,48.0,0.0,-48.0
0.006840000000000001,5.504272407657408,-11.726668001955478,6.22239559429807,0.0603359454069316,1.4115377005489338,-1.4147877141817027,-3.5397875597187936,7.069321795307655,1.0,-1.0,0.0,48.0,0.0,-48.0
0.006860000000000001,5.714009603850855,-11.81688716676275,6.102877562911895,0.05929999571597297,1.3833746520647174,-1.386568542417608,-3.469172488650246,7.053670451612411,1.0,-1.0,0.0,48.0,0.0,-48.0
0.006880000000000001,5.92317950407431,-11.906664619441855,5.983485115367546,0.058256611550013646,1.3552745406042648,-1.3584119240429355,-3.398714587741567,7.0378879912586445,1.0,-1.0,0.0,48.0,0.0,-48.0
0.006900000000000001,6.131783691424019,-11.996002025944568,5.864218334520549,0.0572060499994847,1.3272378800419353,-1.3303183866357335,-3.328415161329106,7.021975779542452,1.0,-1.0,0.0,48.0,0.0,-48.0
0.006920000000000001,6.339823743442503,-12.084901050702774,5.745077307260271,0.056148566715591104,1.2992651788565122,-1.3022884522874587,-3.258275500118825,7.005935177240882,1.0,-1.0,0.0,48.0,0.0,-48.0
0.006940000000000001,6.547301232140693,-12.173363356597907,5.6260621244572135,0.05508441589142308,1.271356940149607,-1.274322637620729,-3.1882968812316106,6.989767540588543,1.0,-1.0,0.0,48.0,0.0,-48.0
0.006960000000000001,6.7542177240201395,-12.26139060493066,5.507172880910521,0.05401385024345394,1.2435136616641391,-1.246421453807184,-3.1184805682488093,6.973474221254669,1.0,-1.0,0.0,48.0,0.0,-48.0
0.006980000000000001,6.960574780095214,-12.348984455390946,5.3884096752957324,0.052937120993423965,1.2157358358029045,-1.2185854065854418,-3.0488278112579987,6.957056566320588,1.0,-1.0,0.0,48.0,0.0,-48.0
0.007,7.166373955915349,-12.4361465660281,5.269772610112751,0.05185447785060773,1.1880239496472085,-1.1908149962791623,-2.9793398468989776,6.940515918257606,1.0,0.0,-1.0,0.0,48.0,-48.0
0.00702,7.259094524240884,-12.29783468847244,5.038740164231556,0.050777762462725896,1.1606432771238477,-1.1633761339056174,-2.9106819494666656,6.791105648815461,1.0,0.0,-1.0,0.0,48.0,-48.0
0.00704,7.351567230844251,-12.159712122599487,4.808144891755236,0.049718910599992304,1.1338580894830779,-1.136533732580151,-2.8435168876337946,6.641949265300013,1.0,0.0,-1.0,0.0,48.0,-48.0
0.00706,7.443792665099852,-12.021782496047898,4.577989830948046,0.04867830085001985,1.1076673577330516,-1.1102867830505836,-2.7778421085698497,6.493049558295288,1.0,0.0,-1.0,0.0,48.0,-48.0
0.00708,7.535771412987933,-11.884049418458531,4.348278005470598,0.047656297189249644,1.0820700421733545,-1.0846342645789713,-2.7136550316483543,6.3444092964184655,1.0,0.0,-1.0,0.0,48.0,-48.0
0.0071,7.627504057173383,-11.746516481480601,4.1190124243072175,0.04665324931903253,1.0570650924732445,-1.0595751450385198,-2.650953048666288,6.196031226368966,1.0,0.0,-1.0,0.0,48.0,-48.0
0.0071200000000000005,7.718991177082657,-11.609187258777576,3.890196081694919,0.04566949300052767,1.0326514477497657,-1.0351083810102437,-2.5897335240630173,6.0479180729779145,1.0,0.0,-1.0,0.0,48.0,-48.0
0.0071400000000000005,7.81023334897891,-11.472065306032915,3.6618319570540048,0.044705350388381,1.008828036645718,-1.0112329178793704,-2.529993795138734,5.900072539257998,1.0,0.0,-1.0,0.0,48.0,-48.0
0.0071600000000000006,7.901231146035314,-11.335154160955566,3.4339230149202526,0.043761130363146515,0.985593777407502,-0.9879476899314827,-2.4717311722723863,5.752497306453709,1.0,0.0,-1.0,0.0,48.0,-48.0
0.007180000000000001,7.9919851384065765,-11.198457343285286,3.2064722048787093,0.04283712886241466,0.9629475779628148,-0.9652516204483975,-2.414942939139106,5.60519503409196,1.0,0.0,-1.0,0.0,48.0,-48.0
0.007200000000000001,8.08249589329865,-11.061978354797722,2.979482461499071,0.04193362921061192,0.940888335998213,-0.943143621803786,-2.3596263529271315,5.458168360033069,1.0,0.0,-1.0,0.0,48.0,-48.0
0.007220000000000001,8.172763975036712,-10.925720679309345,2.7529567042726333,0.041050902447436456,0.9194149390365336,-0.9216225955585278,-2.3057786445542185,5.311419900522137,1.0,0.0,-1.0,0.0,48.0,-48.0
0.007240000000000001,8.26278994513133,-10.789687782682146,2.526897837550816,0.04018920765489558,0.8985262645141705,-0.9006874325558001,-2.2533970188835304,5.164952250240779,1.0,0.0,-1.0,0.0,48.0,-48.0
0.007260000000000001,8.352574362342931,-10.653883112828174,2.3013087504852434,0.03934879228291046,0.87822117985821,-0.8803370130158964,-2.202478654939016,5.0187679823592255,1.0,0.0,-1.0,0.0,48.0,-48.0
0.007280000000000001,8.442117782744463,-10.51831009971384,2.0761923169693772,0.0385298924734552,0.8584985425634182,-0.8605702066307821,-2.153020706120261,4.87286964858878,1.0,0.0,-1.0,0.0,48.0,-48.0
0.007300000000000001,8.531420759782398,-10.382972155364083,1.8515513955816858,0.037732733383196784,0.839357200269081,-0.8413858726583726,-2.10502030041681,4.7272597792346405,1.0,0.0,-1.0,0.0,48.0,-48.0
0.007320000000000001,8.620483844335949,-10.247872673866297,1.6273888295303487,0.03695752950460376,0.8207959908357004,-0.822782860016549,-2.0584745406219684,4.58194088324907,1.0,0.0,-1.0,0.0,48.0,-48.0
0.00734,8.709307584774642,-10.113015031374134,1.4037074465994919,0.03620448498549196,0.8028137424215355,-0.8047600073768898,-2.013380504546063,4.436915448284918,1.0,0.0,-1.0,0.0,48.0,-48.0
0.00736,8.797892527014191,-9.978402586111061,1.180510059096869,0.03547379394697526,0.7854092735589906,-0.7873161432581345,-1.9697352452291534,4.292185940749472,1.0,0.0,-1.0,0.0,48.0,-48.0
0.00738,8.886239214570633,-9.844038678373819,0.957799463803185,0.03476564079979179,0.7685813932308598,-0.7704500861193723,-1.9275357911532391,4.147754805858694,1.0,0.0,-1.0,0.0,48.0,-48.0
0.0074,8.974348188612867,-9.709926630535636,0.7355784419227692,0.03408020055897434,0.7523289009464088,-0.7541606444529513,-1.886779146453887,4.003624467691741,1.0,0.0,-1.0,0.0,48.0,-48.0
0.00742,9.062219988013497,-9.576069747049303,0.5138497590358052,0.03341763915683572,0.7366505868173026,-0.7384466168771053,-1.8474622911313272,3.8597973292458385,1.0,0.0,-1.0,0.0,48.0,-48.0
0.00744,9.149855149398073,-9.442471314450092,0.2926161650520191,0.03277811375424019,0.7215452316333794,-0.7233067922283075,-1.809582181260998,3.7162757724914983,1.0,0.0,-1.0,0.0,48.0,-48.0
0.0074600000000000005,9.237254207192649,-9.30913460135848,0.07188039416583081,0.03216177305013221,0.707011606938261,-0.7087399496533368,-1.773135749203534,3.573062158428024,1.0,0.0,-1.0,0.0,48.0,-48.0
0.0074800000000000005,9.324417693669776,-9.176062858482737,-0.1483548351870398,0.031568757589294616,0.6930484751048106,-0.6947448587010651,-1.7381199038142003,3.4301588271393744,1.0,0.0,-1.0,0.0,48.0,-48.0
0.007500000000000001,9.411346138992869,-9.043259318621345,-0.3680868203715231,0.030999200068308915,0.6796545894104211,-0.6813202794139578,-1.7045315306517665,3.2875680978502992,1.0,0.0,-1.0,0.0,48.0,-48.0
0.007520000000000001,9.498040071258973,-8.910727196665258,-0.5873128745937154,0.030453225639690707,0.6668286941121494,-0.6684649624192908,-1.6723674921868141,3.1452922689828244,1.0,0.0,-1.0,0.0,48.0,-48.0
0.007540000000000001,9.584500016539993,-8.778469689600023,-0.8060303269399708,0.02993095221417416,0.6545695245216805,-0.6561776490200796,-1.6416246280094826,3.0033336182130093,1.0,0.0,-1.0,0.0,48.0,-48.0
0.007560000000000001,9.670726498922322,-8.646489976507745,-1.024236522414578,0.029432490761119735,0.6428758070801326,-0.6444570712857206,-1.6122997550366427,2.8616944025280313,1.0,0.0,-1.0,0.0,48.0,-48.0
0.007580000000000001,9.756720040544936,-8.514791218568902,-1.2419288219760332,0.028957945607019992,0.6317462594326911,-0.633301952142343,-1.5843896677184992,2.7203768582835357,1.0,0.0,-1.0,0.0,48.0,-48.0
0.007600000000000001,9.842481161635948,-8.383376559064029,-1.4591046025719197,0.028507414732078924,0.6211795905030785,-0.6227110054628702,-1.5578911382446168,2.5793832012612987,1.0,0.0,-1.0,0.0,48.0,-48.0
0.007620000000000001,9.928010380547661,-8.25224912337526,-1.6757612571724023,0.028080990064840904,0.6111745005678564,-0.6126829361567893,-1.5328009167493715,2.438715626727173,1.0,0.0,-1.0,0.0,48.0,-48.0
0.007640000000000001,10.013308213790072,-8.121412018987723,-1.8918961948023485,0.027678757774845554,0.6017296813305568,-0.6032164402596274,-1.5091157315168173,2.298376309489296,1.0,0.0,-1.0,0.0,48.0,-48.0
0.007660000000000001,10.098375176062918,-7.990868335490832,-2.107506840572085,0.027300798563285805,0.5928438159956443,-0.5943102050221345,-1.4868322891849721,2.1583674039566025,1.0,0.0,-1.0,0.0,48.0,-48.0
0.007680000000000001,10.183211780286236,-7.860621144579435,-2.3225906357068005,0.02694718795164678,0.5845155793423055,-0.5859629089991691,-1.4659472749495166,2.0186910441975825,1.0,0.0,-1.0,0.0,48.0,-48.0
0.0077,10.267818537629427,-7.730673500054833,-2.5371450375745948,0.026617996568303562,0.5767436377980685,-0.5781732221382888,-1.4464573527669036,1.8793493439993338,1.0,0.0,-1.0,0.0,48.0,-48.0
0.00772,10.35219595753891,-7.6010284378256525,-2.751167519713259,0.02631329043305659,0.5695266495122434,-0.5709398058680399,-1.4283591655568704,1.7403443969268038,1.0,0.0,-1.0,0.0,48.0,-48.0
0.00774,10.436344547764298,-7.471688975908702,-2.9646555718555962,0.02603313123958443,0.5628632644291978,-0.5642613131859536,-1.4116493354043722,1.6016782763824162,1.0,0.0,-1.0,0.0,48.0,-48.0
0.00776,10.520264814383165,-7.34265811442959,-3.177606699953574,0.025777576635792925,0.5567521243614476,-0.5581363887462347,-1.3963244637609011,1.4633530356658246,1.0,0.0,-1.0,0.0,48.0,-48.0
0.0077800000000000005,10.603957261824412,-7.213938835623318,-3.3900184262010944,0.025546680502041973,0.5511918630625792,-0.5525636689471561,-1.3823811316452186,1.3253707080339765,1.0,0.0,-1.0,0.0,48.0,-48.0
0.0078000000000000005,10.687422392890221,-7.085534103834725,-3.6018882890554966,0.02534049322723011,0.546181106299988,-0.5475417820181431,-1.3698158998434766,1.1877333067614,1.0,0.0,-1.0,0.0,48.0,-48.0
0.00782,10.770660708776637,-6.957446865518868,-3.8132138432577682,0.025159061982719014,0.5417184719274462,-0.5430693481065607,-1.3586253091087432,1.0504428252007456,1.0,0.0,-1.0,0.0,48.0,-48.0
0.007840000000000001,10.853672709092764,-6.829680049241247,-4.023992659851517,0.02500243099407946,0.537802569957486,-0.5391449793641915,-1.348805880359916,0.9135012368435174,1.0,0.0,-1.0,0.0,48.0,-48.0
0.00786,10.93645889187862,-6.702236565678035,-4.234222326200586,0.024870641810641348,0.5344320026336076,-0.53576728003341,-1.3403541148800298,0.7769104953811163,1.0,0.0,-1.0,0.0,48.0,-48.0
0.00788,11.019019753621674,-6.575119307616081,-4.4439004460055935,0.024763733572831147,0.5316053645023047,-0.5329348465330475,-1.3332664945139499,0.6406725347659803,1.0,0.0,-1.0,0.0,48.0,-48.0
0.0079,11.101355789272013,-6.448331149952934,-4.65302463931908,0.024681743277279813,0.529321242484911,-0.5306462675439505,-1.3275394818654564,0.5047892692730447,1.0,0.0,-1.0,0.0,48.0,-48.0
0.00792,11.183467492256206,-6.321874949696802,-4.8615925425594035,0.024624706039685907,0.527578215949265,-0.5289001240942307,-1.3231695204937117,0.36926259356142976,1.0,0.0,-1.0,0.0,48.0,-48.0
0.007940000000000001,11.265355354489923,-6.195753545966277,-5.069601808523645,0.024592655355417964,0.5263748567811918,-0.5276949896441995,-1.3201530351091073,0.23409438273619232,1.0,0.0,-1.0,0.0,48.0,-48.0
0.00796,11.34701986638919,-6.0699697599902125,-5.277050106398976,0.024585623357841674,0.5257097294558042,-0.5270294301709981,-1.318486431768497,0.0992864924104917,1.0,0.0,-1.0,0.0,48.0,-48.0
0.007980000000000001,11.428461516880468,-5.9445263951072915,-5.483935121773176,0.02460364107435721,0.5255813911086185,-0.5269020042529088,-1.3181660980698024,-0.03515924123227743,1.0,0.0,-1.0,0.0,48.0,-48.0
0.008,11.509680793409373,-5.819426236765757,-5.690254556643616,0.024646738680133198,0.5259883916064892,-0.5273112631533566,-1.3191884033460006,-0.1692410013759158,0.0,1.0,-1.0,-48.0,48.0,0.0
0.008020000000000001,11.36563366512189,-5.582149773869744,-5.783483891252148,0.024714541463442114,0.5269206569365461,-0.5282471125246219,-1.3215280880308646,-0.29863539637963843,0.0,1.0,-1.0,-48.0,48.0,0.0
0.00804,11.221979208292122,-5.345528950912504,-5.876450257379618,0.024806672682740803,0.5283681151670595,-0.5296994599944457,-1.32515989763914,-0.4276657011247478,0.0,1.0,-1.0,-48.0,48.0,0.0
0.008060000000000001,11.078716234265716,-5.109565542914531,-5.969150691351185,0.024923158926995145,0.5303293087624495,-0.5316668492339508,-1.3300801827241626,-0.5563302071918717,0.0,1.0,-1.0,-48.0,48.0,0.0
0.00808,10.935843557504164,-4.874261309719089,-6.061582247785075,0.025064026894278075,0.5328027733700309,-0.5341478171004287,-1.3362852767671427,-0.6846272085933185,0.0,1.0,-1.0,-48.0,48.0,0.0
0.008100000000000001,10.793359995575114,-4.639617995985001,-6.153741999590114,0.025229303615252677,0.5357870378242322,-0.5371408936530098,-1.3437714962020175,-0.8125550018795944,0.0,1.0,-1.0,-48.0,48.0,0.0
0.00812,10.651264369141895,-4.405637331179394,-6.245627037962502,0.02541901667438857,0.5392806241513017,-0.5406446021686919,-1.3525351404413597,-0.9401118862450961,0.0,1.0,-1.0,-48.0,48.0,0.0
0.008140000000000001,10.509555501951766,-4.1723210295696145,-6.337234472382152,0.025633194428901825,0.5432820475744992,-0.5446574591587275,-1.3625724919033462,-1.0672961636334442,0.0,1.0,-1.0,-48.0,48.0,0.0
0.00816,10.368232220823375,-3.9396707902151045,-6.42856143060827,0.025871866225408248,0.5477898165197704,-0.5491779743853644,-1.3738798160397685,-1.1941061388420027,0.0,1.0,-1.0,-48.0,48.0,0.0
0.008180000000000002,10.227293355633009,-3.707688296958486,-6.5196050586745224,0.02613506261428104,0.552802432621905,-0.5542046508789409,-1.3864533613650987,-1.3205401196260167,0.0,1.0,-1.0,-48.0,48.0,0.0
0.0082,10.086737739300059,-3.476375218416609,-6.6103625208834496,0.02642281556170268,0.5583183907311713,-0.5597359849553281,-1.400289359486578,-1.4465964168019556,0.0,1.0,-1.0,-48.0,48.0,0.0
0.00822,9.946564207771317,-3.2457332079708614,-6.700830999800455,0.026735158659402656,0.5643361789204293,-0.5657704662337203,-1.4153840251353498,-1.5722733443504433,0.0,1.0,-1.0,-48.0,48.0,0.0
0.00824,9.806771600004446,-3.015763903757321,-6.791007696247124,0.027072127332071618,0.5708542784927212,-0.5723065776547709,-1.4317335561986122,-1.6975692195184737,0.0,1.0,-1.0,-48.0,48.0,0.0
0.00826,9.667358757950504,-2.7864689286565327,-6.880889829293972,0.027433759042443422,0.5778711639893288,-0.5793427954990629,-1.449334133752783,-1.8224823629210192,0.0,1.0,-1.0,-48.0,48.0,0.0
0.008280000000000001,9.5283245265354,-2.5578498902826805,-6.97047463625272,0.027820093494036968,0.5853853031983137,-0.5868775894059294,-1.468181922097699,-1.9470110986421665,0.0,1.0,-1.0,-48.0,48.0,0.0
0.0083,9.389667753640625,-2.329908380972759,-7.059759372667866,0.028231172831548773,0.5933951571635122,-0.594909422392596,-1.4882730687917938,-2.071153754335467,0.0,1.0,-1.0,-48.0,48.0,0.0
0.008320000000000001,9.25138729008288,-2.102645977775015,-7.148741312307864,0.0286670418388894,0.6018991801940142,-0.6034367508736703,-1.5096037046883084,-2.1949086613238826,0.0,1.0,-1.0,-48.0,48.0,0.0
0.00834,9.11348198959302,-1.8760642424374354,-7.237417747155583,0.02912774813485479,0.6108958198740903,-0.6124580246809471,-1.5321699439724652,-2.3182741546989205,0.0,1.0,-1.0,-48.0,48.0,0.0
0.008360000000000001,8.975950708793896,-1.6501647213955153,-7.32578598739838,0.02961334236642629,0.6203835170736,-0.6219716870835549,-1.5559678841996658,-2.4412485734193696,0.0,1.0,-1.0,-48.0,48.0,0.0
0.00838,8.838792307177565,-1.4249489457600968,-7.413843361417468,0.0301238783996906,0.6303607059588446,-0.6319761748084125,-1.580993606334634,-2.5638302604092265,0.0,1.0,-1.0,-48.0,48.0,0.0
0.008400000000000001,8.702005647081434,-1.2004184313045105,-7.501587215776922,0.030659413508374287,0.6408258140038972,-0.6424699180610228,-1.6072431747915772,-2.686017562655213,0.0,1.0,-1.0,-48.0,48.0,0.0
0.00842,8.56558959366376,-0.9765746784517982,-7.589014915211961,0.03122000855998416,0.6517772620023712,-0.6534513405465672,-1.6347126374752747,-2.8078088313034817,0.0,1.0,-1.0,-48.0,48.0,0.0
0.008440000000000001,8.429543014878151,-0.7534191722612634,-7.676123842616887,0.03180572819954902,0.6632134640796657,-0.6649188594913349,-1.6633980258231786,-2.929202421755912,0.0,1.0,-1.0,-48.0,48.0,0.0
0.00846,8.293864781447445,-0.530953382415118,-7.762911399032326,0.03241664103095428,0.6751328277056445,-0.6768708856644459,-1.6932953548484246,-3.0501966937655887,0.0,1.0,-1.0,-48.0,48.0,0.0
0.008480000000000001,8.158553766836583,-0.3091787632044764,-7.849375003632106,0.03305281979586554,0.6875337537077862,-0.6893058233999025,-1.7244006231838436,-3.1707900115318726,0.0,1.0,-1.0,-48.0,48.0,0.0
0.0085,8.023608847224944,-0.08809675351546599,-7.935512093709478,0.03371434155023313,0.7004146362847651,-0.7022220706189284,-1.756709813126871,-3.2909807437946483,0.0,1.0,-1.0,-48.0,48.0,0.0
0.008520000000000002,7.889028901477651,0.1322912231852986,-8.02132012466295,0.03440128783837429,0.7137738630205016,-0.7156180188526323,-1.7902188906854495,-3.4107672639281588,0.0,1.0,-1.0,-48.0,48.0,0.0
0.00854,7.754812811116388,0.35198375886510674,-8.106796569981494,0.035113744864625096,0.7276098148986365,-0.7294920532649517,-1.8249238056248087,-3.5301479500340203,0.0,1.0,-1.0,-48.0,48.0,0.0
0.00856,7.620959460289248,0.5709794609401355,-8.191938921229383,0.0358518036625597,0.7419208663174718,-0.7438425526759135,-1.8608204915152293,-3.6491211850338034,0.0,1.0,-1.0,-48.0,48.0,0.0
0.00858,7.487467735739993,0.7892769522904223,-8.276744688030416,0.03661556026176989,0.756705385105339,-0.7586678895851772,-1.8979048657806894,-3.767685356760865,0.0,1.0,-1.0,-48.0,48.0,0.0
0.0086,7.354336526776605,1.00687487127506,-8.361211398051665,0.037405115852200944,0.7719617325364078,-0.7739664301958705,-1.9361728297484286,-3.8858388580515593,0.0,1.0,-1.0,-48.0,48.0,0.0
0.008620000000000001,7.221564725239029,1.2237718717478325,-8.445336596986861,0.038220576946041,0.7876882633469496,-0.7897365344387263,-1.9756202686994597,-4.003580086835957,0.0,1.0,-1.0,-48.0,48.0,0.0
0.00864,7.08915122546638,1.439966623072702,-8.529117848539082,0.03906205553715663,0.8038833257520165,-0.8059765559964852,-2.016243051919923,-4.12090744622773,0.0,1.0,-1.0,-48.0,48.0,0.0
0.008660000000000001,6.957094924263324,1.6554578101398587,-8.612552734403183,0.03992966925807446,0.8205452614625759,-0.8226848423286053,-2.0580370327534023,-4.237819344613637,0.0,1.0,-1.0,-48.0,48.0,0.0
0.00868,6.8253947208659715,1.870244133381582,-8.695638854247553,0.04082354153450176,0.8376724057030568,-0.8398597346962258,-2.1009980486540685,-4.354314195742147,0.0,1.0,-1.0,-48.0,48.0,0.0
0.008700000000000001,6.694049516906949,2.0843243087886467,-8.778373825695596,0.04174380173738589,0.8552630872293545,-0.8574995681874331,-2.14512192124077,-4.470390418811667,0.0,1.0,-1.0,-48.0,48.0,0.0
0.00872,6.563058216380037,2.297697067926521,-8.860755284306558,0.042690585332506435,0.8733156283472333,-0.8756026717427762,-2.190404456351936,-4.58604643855791,0.0,1.0,-1.0,-48.0,48.0,0.0
0.008740000000000001,6.432419725603968,2.510361157952093,-8.942780883556061,0.04366403402760028,0.8918283449311906,-0.8941673681810778,-2.2368414441014197,-4.701280685340841,0.0,1.0,-1.0,-48.0,48.0,0.0
0.00876,6.302132953185863,2.722315341630171,-9.024448294816034,0.044664295917013715,0.9107995464437125,-0.9131919742254837,-2.2844286589351355,-4.816091595230781,0.0,1.0,-1.0,-48.0,48.0,0.0
0.008780000000000001,6.1721968099838485,2.9335583973504953,-9.105755207334344,0.04569152562388305,0.9302275359549884,-0.932674800529811,-2.333161859688629,-4.930477610094096,0.0,1.0,-1.0,-48.0,48.0,0.0
0.0088,6.0426102090693234,3.1440891191445046,-9.186699328213829,0.04674588443983769,0.9501106101630131,-0.9526141517051224,-2.383036789645425,-5.044437177678016,0.0,1.0,-1.0,-48.0,48.0,0.0
0.008820000000000001,5.913372065688443,3.353906316702596,-9.267278382391039,0.047827540462227834,0.9704470594141436,-0.9730083263465915,-2.4340491765962975,-5.157968751695034,0.0,1.0,-1.0,-48.0,48.0,0.0
0.00884,5.7844812972232695,3.5630088153911266,-9.347490112614397,0.04893666872887136,0.9912351677240413,-0.9938556170605896,-2.4861947328992957,-5.271070791906464,0.0,1.0,-1.0,-48.0,48.0,0.0
0.008860000000000002,5.65593682315218,3.7713954562698855,-9.427332279422066,0.05007345135032276,1.0124732127990637,-1.0151543104920622,-2.5394691555406985,-5.383741764205543,0.0,1.0,-1.0,-48.0,48.0,0.0
0.00888,5.5277375650099625,3.979065096109297,-9.50680266111926,0.05123807763965882,1.0341594660580373,-1.0369026873521148,-2.593868126196695,-5.495980140699707,0.0,1.0,-1.0,-48.0,48.0,0.0
0.0089,5.399882446347215,4.1860166074080425,-9.585899053755258,0.05243074423978457,1.0562921926544766,-1.0590990224458767,-2.6493873112959774,-5.607784399792386,0.0,1.0,-1.0,-48.0,48.0,0.0
0.00892,5.272370392689363,4.392248878410546,-9.664619271099909,0.05365165524825571,1.078869651499193,-1.0817415847005931,-2.7060223620830914,-5.7191530262640455,0.0,1.0,-1.0,-48.0,48.0,0.0
0.00894,5.145200331495229,4.5977608131245145,-9.742961144619743,0.05490102233961857,1.1018900952833122,-1.104828637193945,-2.7637689146825912,-5.8300845113525686,0.0,1.0,-1.0,-48.0,48.0,0.0
0.008960000000000001,5.018371192114968,4.802551331338774,-9.820922523453742,0.05617906488526931,1.1253517705017215,-1.1283584371826358,-2.822622590164052,-5.940577352833108,0.0,1.0,-1.0,-48.0,48.0,0.0
0.00898,4.891881905747786,5.00661936864082,-9.898501274388606,0.057486010070828895,1.149252917476891,-1.1523292361311723,-2.8825789946077913,-6.050630055097124,0.0,1.0,-1.0,-48.0,48.0,0.0
0.009000000000000001,4.765731405398937,5.20996387643475,-9.975695281833687,0.05882209301103923,1.1735917703831353,-1.1767392797409157,-2.943633719171479,-6.1602411292309025,-1.0,1.0,0.0,-48.0,0.0,48.0
0.00902,4.527396389150661,5.300062194490402,-9.827458583641063,0.060173817130294543,1.1980931811099267,-1.2013126967178063,-3.0050966484919055,-6.132331843409798,-1.0,1.0,0.0,-48.0,0.0,48.0
0.009040000000000001,4.289705198141006,5.389745749500839,-9.679450947641845,0.06152758848874091,1.2224829746218309,-1.225774583998183,-3.066280098603649,-6.104345326989108,-1.0,1.0,0.0,-48.0,0.0,48.0
0.00906,4.052656065558417,5.479016463969061,-9.531672529527478,0.06288350032426299,1.2467608408740976,-1.2501246359864477,-3.1271832983960457,-6.076281820083076,-1.0,1.0,0.0,-48.0,0.0,48.0
0.009080000000000001,3.816247228970605,5.567876257534454,-9.38412348650506,0.06424164341718418,1.2709264708615766,-1.2743625479901348,-3.187805479190902,-6.048141569060784,-1.0,1.0,0.0,-48.0,0.0,48.0
0.0091,3.5804769303246804,5.656327046967682,-9.236803977292363,0.06560210609347081,1.2949795566435671,-1.2984880162448484,-3.2481458748048317,-6.019924826514571,-1.0,1.0,0.0,-48.0,0.0,48.0
0.009120000000000001,3.3453434159467887,5.744370746165594,-9.089714162112383,0.06696497422808839,1.318919791368575,-1.3225007379391234,-3.3082037216113798,-5.991631851228311,-1.0,1.0,0.0,-48.0,0.0,48.0
0.00914,3.1108449365421835,5.832009266145817,-8.942854202688,0.06833033124850679,1.3427468692988982,-1.346400411239125,-3.3679782586027334,-5.963262908145689,-1.0,1.0,0.0,-48.0,0.0,48.0
0.009160000000000001,2.876979747194847,5.919244515041354,-8.796224262236201,0.06969825813835918,1.3664604858351157,-1.370186735313269,-3.4274687274512057,-5.934818268338364,-1.0,1.0,0.0,-48.0,0.0,48.0
0.00918,2.6437461073675186,6.00607839809489,-8.649824505462409,0.07106883344125182,1.3900603375404008,-1.39385941035668,-3.4866743725703087,-5.9062982089741105,-1.0,1.0,0.0,-48.0,0.0,48.0
0.009200000000000002,2.411142280901295,6.092512817653088,-8.503655098554383,0.07244213326473004,1.4135461221647485,-1.4174181376155703,-3.5455944411756044,-5.877703013284868,-1.0,1.0,0.0,-48.0,0.0,48.0
0.00922,2.179166536015619,6.178549673160602,-8.357716209176221,0.0738182312843967,1.4369175386690154,-1.4408626194114587,-3.604228183345139,-5.849032970534743,-1.0,1.0,0.0,-48.0,0.0,48.0
0.00924,1.9478171453078525,6.264190861154078,-8.21200800646193,0.0751971987481886,1.4601742872488737,-1.464192559165303,-3.6625748520796444,-5.8202883759879285,-1.0,1.0,0.0,-48.0,0.0,48.0
0.009260000000000001,1.717092385753097,6.349438275255928,-8.066530661009025,0.07657910448080793,1.483316069358597,-1.4874076614214902,-3.7206337033623598,-5.7914695308765864,-1.0,1.0,0.0,-48.0,0.0,48.0
0.00928,1.4869905387040152,6.434293806167964,-7.921284344871979,0.07796401488831148,1.506342587734715,-1.5105076318717003,-3.7784039962185347,-5.762576742368664,-1.0,1.0,0.0,-48.0,0.0,48.0
0.009300000000000001,1.2575098898903176,6.5187593416649765,-7.776269231555294,0.0793519939628593,1.5292535464195538,-1.5334921773786783,-3.835884992774667,-5.733610323535603,-1.0,1.0,0.0,-48.0,0.0,48.0
0.00932,1.0286487294186628,6.60283676658805,-7.631485496006713,0.0807431032876203,1.5520486507846099,-1.5563610059998414,-3.893075958317327,-5.70457059332006,-1.0,1.0,0.0,-48.0,0.0,48.0
0.009340000000000001,0.8004053517721115,6.686527962837882,-7.486933314609994,0.08213740204184,1.5747276075538164,-1.579113827010811,-3.9499761613517568,-5.675457876503493,-1.0,1.0,0.0,-48.0,0.0,48.0
0.00936,0.5727780558099491,6.769834809367829,-7.342612865177778,0.08353494700606634,1.597290124826642,-1.6017503509287736,-4.0065848736600485,-5.646272503673737,-1.0,1.0,0.0,-48.0,0.0,48.0
0.009380000000000001,0.3457651447671033,6.852759182176961,-7.198524326944065,0.08493579256753894,1.619735912101092,-1.6242702895357666,-4.062901370359093,-5.617014811192481,-1.0,1.0,0.0,-48.0,0.0,48.0
0.0094,0.11936492625391004,6.935302954302848,-7.054667880556758,0.08633999072573802,1.6420646802965235,-1.646673355901796,-4.118924929958106,-5.587685141162717,-1.0,1.0,0.0,-48.0,0.0,48.0
0.009420000000000001,-0.10642428774451407,7.0174679958143535,-6.9110437080698395,0.0877475910980977,1.664276141776379,-1.6689592644078741,-4.17465483441593,-5.5582838413960864,-1.0,1.0,0.0,-48.0,0.0,48.0
0.00944,-0.33160418086856147,7.099256173804164,-6.767651992935603,0.08915864092588018,1.6863700103707249,-1.6911277307688932,-4.230090369197907,-5.528811265380217,-1.0,1.0,0.0,-48.0,0.0,48.0
0.009460000000000001,-0.5561764323848122,7.180669352381341,-6.624492919996529,0.09057318508021533,1.7083460013987037,-1.7131784720564118,-4.285230823332518,-5.499267772245931,-1.0,1.0,0.0,-48.0,0.0,48.0
0.00948,-0.7801427171863846,7.261709392663592,-6.481566675477207,0.09199126606830259,1.7302038316908073,-1.735111206721285,-4.3400754894676155,-5.4696537267344665,-1.0,1.0,0.0,-48.0,0.0,48.0
0.009500000000000001,-1.003504705793672,7.342378152769582,-6.33887344697591,0.09341292403977881,1.7519432196110403,-1.7569256546162006,-4.394623663926397,-5.439969499164569,-1.0,1.0,0.0,-48.0,0.0,48.0
0.00952,-1.2262640643547362,7.422677487810965,-6.196413423456229,0.09483819679324929,1.7735638850789255,-1.778621537018062,-4.448874646762978,-5.41021546539959,-1.0,1.0,0.0,-48.0,0.0,48.0
0.009540000000000002,-1.4484224546461224,7.502609249884453,-6.054186795238331,0.09626711978298588,1.7950655495913868,-1.8001985766502728,-4.502827741817715,-5.38039200681445,-1.0,1.0,0.0,-48.0,0.0,48.0
0.00956,-1.6699815340733135,7.5821752880636195,-5.912193753990306,0.09769972612578881,1.8164479362444712,-1.8216564977048733,-4.5564822567721075,-5.350499510262627,-1.0,1.0,0.0,-48.0,0.0,48.0
0.00958,-1.8909429556715702,7.661377448390721,-5.770434492719151,0.0991360466080165,1.8377107697549602,-1.8429950258645746,-4.60983750320347,-5.320538368043001,-1.0,1.0,0.0,-48.0,0.0,48.0
0.009600000000000001,-2.111308368106572,7.740217573868315,-5.628909205761743,0.10057610969278,1.8588537764818145,-1.864213888324648,-4.662892796639185,-5.290508977866697,-1.0,1.0,0.0,-48.0,0.0,48.0
0.00962,-2.331079415675103,7.818697504450783,-5.48761808877568,0.10201994152730409,1.8798766844474901,-1.885312813814695,-4.715647456610659,-5.260411742823868,-1.0,1.0,0.0,-48.0,0.0,48.0
0.009640000000000001,-2.5502577383059766,7.896819077035799,-5.346561338729822,0.10346756595045682,1.9007792233591232,-1.9062915326203027,-4.768100806706974,-5.230247071350375,-1.0,1.0,0.0,-48.0,0.0,48.0
0.00966,-2.768844971560675,7.974584125455592,-5.205739153894917,0.10491900450044353,1.9215611246295499,-1.9271497766045516,-4.820252174628141,-5.200015377194457,-1.0,1.0,0.0,-48.0,0.0,48.0
0.009680000000000001,-2.986842746634376,8.05199448046822,-5.0651517338338445,0.10637427642267049,1.942222121398221,-1.9478872792294237,-4.872100892238098,-5.169717079383323,-1.0,1.0,0.0,-48.0,0.0,48.0
0.0097,-3.20425269035666,8.129051969748613,-4.924799279391952,0.10783339867777336,1.9627619485519325,-1.9685037755770547,-4.9236462956172895,-5.139352602189695,-1.0,1.0,0.0,-48.0,0.0,48.0
0.009720000000000001,-3.4210764251926102,8.20575841787963,-4.7846819926870205,0.10929638594981565,1.9831803427454608,-1.9889990023708892,-4.974887725114994,-5.108922375098276,-1.0,1.0,0.0,-48.0,0.0,48.0
0.00974,-3.637315569243592,8.282115646342918,-4.644800077099326,0.11076325065465241,2.0034770424220123,-2.00937269799668,-5.025824525401237,-5.078426832772199,-1.0,1.0,0.0,-48.0,0.0,48.0
0.009760000000000001,-3.8529717362484304,8.35812547350975,-4.5051537372613195,0.112234002948463,2.023651787833572,-2.0296246025233886,-5.076456045518451,-5.047866415019372,-1.0,1.0,0.0,-48.0,0.0,48.0
0.00978,-4.068046535584265,8.433789714631683,-4.365743179047418,0.11370865073645012,2.043704321061071,-2.0497544577239304,-5.126781638932704,-5.017241566758825,-1.0,1.0,0.0,-48.0,0.0,48.0
0.009800000000000001,-4.282541572267805,8.509110181831215,-4.22656860956341,0.11518719968170843,2.0636343860344573,-2.069762007095826,-5.176800663584698,-4.986552737986953,-1.0,1.0,0.0,-48.0,0.0,48.0
0.00982,-4.496458446956278,8.584088684092249,-4.087630237135971,0.11666965321425778,2.0834417285525686,-2.089646995881679,-5.226512481940318,-4.955800383743742,-1.0,1.0,0.0,-48.0,0.0,48.0
0.009840000000000002,-4.70979875594875,8.658727027250551,-3.9489282713018006,0.11815601254024691,2.1031260963029217,-2.10940917108958,-5.27591646104095,-4.924984964078906,-1.0,1.0,0.0,-48.0,0.0,48.0
0.00986,-4.922564091187157,8.733027013984024,-3.810462922796867,0.11964627665132191,2.122687238881309,-2.12904828151333,-5.325011972553362,-4.894106944018023,-1.0,1.0,0.0,-48.0,0.0,48.0
0.009880000000000002,-5.134756040257718,8.806990443803004,-3.672234403545285,0.12114044233416452,2.1421249078112887,-2.148564077752578,-5.37379839281934,-4.863166793528555,-1.0,1.0,0.0,-48.0,0.0,48.0
0.0099,-5.346376186392057,8.880619113040346,-3.534242926648289,0.12263850418019419,2.1614388565635028,-2.167956312232797,-5.422275102904885,-4.832164987485894,-1.0,1.0,0.0,-48.0,0.0,48.0
0.00992,-5.557426108468664,8.953914814841525,-3.3964887063728613,0.12414045459544089,2.18062884057488,-2.1872247392251594,-5.470441488649172,-4.801102005639272,-1.0,1.0,0.0,-48.0,0.0,48.0
0.009940000000000001,-5.767907381014217,9.026879339154592,-3.2589719581403744,0.12564628381058143,2.1996946172676735,-2.2063691148662605,-5.51829694071309,-4.769978332577693,-1.0,1.0,0.0,-48.0,0.0,48.0
0.00996,-5.977821574204947,9.09951447272005,-3.121692898515104,0.12715597989114355,2.218635946068358,-2.2253891971777207,-5.5658408546274645,-4.738794457695791,-1.0,1.0,0.0,-48.0,0.0,48.0
0.009980000000000001,-6.187170253868234,9.171821999060702,-2.984651745192468,0.12866952874787652,2.237452588426401,-2.244284746085671,-5.613072630840971,-4.707550875159616,-1.0,1.0,0.0,-48.0,0.0,48.0
0.01,-6.395954981483957,9.243803698471314,-2.847848716987358,0.13018691414728634,2.2561443078328574,-2.263055523440077,-5.659991674767637,-4.676248083872416,-1.0,0.0,1.0,0.0,-48.0,48.0
0.010020000000000001,-6.491655030958324,9.090417437284932,-2.598762406326608,0.1316928488905773,2.2744474653326336,-2.281437078192896,-5.705936589371932,-4.512788542581436,-1.0,0.0,1.0,0.0,-48.0,48.0
0.01004,-6.5871011264946775,8.937326604448316,-2.3502254779536385,0.1331718220937211,2.2920994440755105,-2.2991659705012415,-5.750248524328413,-4.34965261385525,-1.0,0.0,1.0,0.0,-48.0,48.0
0.010060000000000001,-6.682293830301349,8.784534908629016,-2.1022410783276673,0.13462347419987591,2.309101550645527,-2.316243488584793,-5.792930729540121,-4.186843052271891,-1.0,0.0,1.0,0.0,-48.0,48.0
0.01008,-6.77723370130456,8.632046038338132,-1.8548123370335712,0.1360474377190308,2.3254551027916883,-2.3326709314648375,-5.833986482428722,-4.024362606964278,-1.0,0.0,1.0,0.0,-48.0,48.0
0.010100000000000001,-6.871921295120368,8.47986366188946,-1.607942366769093,0.13744333763258892,2.3411614293949814,-2.3484496089533056,-5.8734190878795705,-3.8622140215166842,-1.0,0.0,1.0,0.0,-48.0,48.0
0.01012,-6.966357164028509,8.327991427360196,-1.361634263331687,0.13881079179573153,2.356221870435041,-2.363580841641301,-5.911231878185674,-3.70040003386195,-1.0,0.0,1.0,0.0,-48.0,48.0
0.010140000000000001,-7.060541856948379,8.176432962552546,-1.1158911056041676,0.14014941133754213,2.370637776956512,-2.3780659608871515,-5.947428212990698,-3.538923376178806,-1.0,0.0,1.0,0.0,-48.0,48.0
0.01016,-7.154475919416852,8.025191874956878,-0.8707159555400268,0.14145880105885963,2.38441051103508,-2.391906308803961,-5.982011479230892,-3.37778677478995,-1.0,0.0,1.0,0.0,-48.0,48.0
0.010180000000000002,-7.2481598935682205,7.8742717517157965,-0.6261118581475759,0.1427385598278408,2.397541445743187,-2.4051032382466673,-6.014985091076035,-3.2169929500602237,-1.0,0.0,1.0,0.0,-48.0,48.0
0.0102,-7.341594318115942,7.723676159589711,-0.38208184147376956,0.1439882809732,2.4100319651154303,-2.4176581127986045,-6.046352489869332,-3.0565446162955254,-1.0,0.0,1.0,0.0,-48.0,48.0
0.010220000000000002,-7.434779728336471,7.573408644923353,-0.1386289165868821,0.14520755267510826,2.4218834641136637,-2.429572306757586,-6.076117144066345,-2.8964444816418475,-1.0,0.0,1.0,0.0,-48.0,48.0
0.01024,-7.527716656054864,7.423472733613747,0.10424392244111691,0.14639595835371924,2.4330973485917746,-2.4408472051214716,-6.104282549172866,-2.736695247985015,-1.0,0.0,1.0,0.0,-48.0,48.0
0.01026,-7.620405629632424,7.273871931079139,0.34653369855328553,0.1475530770553028,2.4436750352601826,-2.451484203573263,-6.130852227681835,-2.577299610850588,-1.0,0.0,1.0,0.0,-48.0,48.0
0.010280000000000001,-7.712847173956145,7.124609722229276,0.5882374517268689,0.14867848383595744,2.4536179516500187,-2.4614847084656972,-6.155829729009235,-2.4182602593043403,-1.0,0.0,1.0,0.0,-48.0,48.0
0.0103,-7.805041810430006,6.9756895714368605,0.8293522389931457,0.14977175014287802,2.4629275360770118,-2.470850136805342,-6.179218629428981,-2.2595798758531522,-1.0,0.0,1.0,0.0,-48.0,48.0
0.010320000000000001,-7.896990056968249,6.827114922510041,1.0698751344582091,0.1508324441931554,2.4716052376051003,-2.4795819162362096,-6.201022532006863,-2.1012611363461517,-1.0,0.0,1.0,0.0,-48.0,48.0
0.01034,-7.988692427990313,6.678889198666287,1.3098032293240258,0.15186013135008014,2.479652516009739,-2.4876814850228723,-6.221245066533457,-1.9433067098765067,-1.0,0.0,1.0,0.0,-48.0,48.0
0.010360000000000001,-8.080149434417761,6.531015802507199,1.5491336319105617,0.15285437449692954,2.48707084174092,-2.495150292033084,-6.239889889456086,-1.7857192586833535,-1.0,0.0,1.0,0.0,-48.0,48.0
0.01038,-8.171361583672844,6.383498115994705,1.7878634676781389,0.1538147344082098,2.493861695885925,-2.5019897967199136,-6.256960683809788,-1.6285014380544012,-1.0,0.0,1.0,0.0,-48.0,48.0
0.010400000000000001,-8.262329379679008,6.23633950042817,2.025989879250838,0.154740770118333,2.5000265701317894,-2.5082014691033874,-6.272461159147316,-1.4716558962286643,-1.0,0.0,1.0,0.0,-48.0,48.0
0.01042,-8.353053322863008,6.089543296422896,2.2635100264401133,0.1556320392877003,2.5055669667274882,-2.5137867897516375,-6.286395051468159,-1.3151852742998575,-1.0,0.0,1.0,0.0,-48.0,48.0
0.010440000000000001,-8.443533910158937,5.9431128238895115,2.5004210862694256,0.15648809856617227,2.5104843984458576,-2.518747249761559,-6.298766123146627,-1.1590922061199183,-1.0,0.0,1.0,0.0,-48.0,48.0
0.01046,-8.533771635013803,5.797051382014732,2.736720252999072,0.15730850395389678,2.514780388545243,-2.523084350738977,-6.30957816285893,-1.0033793182031934,-1.0,0.0,1.0,0.0,-48.0,48.0
0.010480000000000001,-8.623766987395015,5.651362249243006,2.9724047381520107,0.1580928111594766,2.5184564707308783,-2.5267996047783323,-6.318834985509343,-0.8480492296307371,-1.0,0.0,1.0,0.0,-48.0,48.0
0.0105,-8.713520453799372,5.506048683259516,3.207471770539856,0.15884057595544776,2.5215141891160044,-2.529894534441865,-6.326540432155383,-0.6931045519552681,-1.0,0.0,1.0,0.0,-48.0,48.0
0.010520000000000002,-8.803032517263903,5.36111392097405,3.441918596289853,0.15955135453104827,2.523955098182727,-2.5323706727383137,-6.33269836993206,-0.5385478891062463,-1.0,0.0,1.0,0.0,-48.0,48.0
0.01054,-8.892303657378212,5.216561178506209,3.675742478872003,0.1602247038422524,2.5257807627426123,-2.534229563101133,-6.33731269197517,-0.38438183729558384,-1.0,0.0,1.0,0.0,-48.0,48.0
0.010560000000000002,-8.981334350298612,5.072393651171477,3.908940699127135,0.16086018195904758,2.5269927578970295,-2.5354727593662165,-6.340387317343646,-0.2306089849234807,-1.0,0.0,1.0,0.0,-48.0,48.0
0.01058,-9.070125068763733,4.928614513468612,4.141510555295122,0.16145734840993012,2.527592668997238,-2.536101825749129,-6.341926190940975,-0.07723191248488859,-1.0,0.0,1.0,0.0,-48.0,48.0
0.0106,-9.158676282111887,4.785226919067907,4.373449363043981,0.16201576452359734,2.5275820916042293,-2.536118336821866,-6.341933283435678,0.07574680752388496,-1.0,0.0,1.0,0.0,-48.0,48.0
0.010620000000000001,-9.246988456299906,4.642234000800651,4.604754455499255,0.16253499376781239,2.5269626314483133,-2.53552387748912,-6.340412591180856,0.22832461069806298,-1.0,0.0,1.0,0.0,-48.0,48.0
0.01064,-9.335062053923565,4.4996388706496795,4.835423183273885,0.16301460208541904,2.5257359043884606,-2.534320042964056,-6.33736813613282,0.3804989408168937,-1.0,0.0,1.0,0.0,-48.0,48.0
0.010660000000000001,-9.422897534239649,4.357444619740814,5.065452914498835,0.16345415822748352,2.5239035363714057,-2.532508438743616,-6.332803965768781,0.5322672499359651,-1.0,0.0,1.0,0.0,-48.0,48.0
0.01068,-9.510495353189416,4.2156543183355994,5.294841034853816,0.16385323408354094,2.5214671633905015,-2.5300906805833323,-6.326724153003627,0.6836269984789007,-1.0,0.0,1.0,0.0,-48.0,48.0
0.010700000000000001,-9.59785596342369,4.074271015824815,5.5235849475988745,0.16421140500892362,2.5184284314443377,-2.527068394471663,-6.3191327961057935,0.8345756553289729,-1.0,0.0,1.0,0.0,-48.0,48.0
0.01072,-9.684979814329363,3.933297740723302,5.7516820736060605,0.16452825014914782,2.5147889964951218,-2.523443216603845,-6.310034018612203,0.985110697920077,-1.0,0.0,1.0,0.0,-48.0,48.0
0.010740000000000001,-9.771867352057464,3.7927375006655404,5.979129851391924,0.16480335276133856,2.5105505244268205,-2.5192167933552603,-6.299431969242305,1.1352296123276382,-1.0,0.0,1.0,0.0,-48.0,48.0
0.01076,-9.85851901955258,3.6525932824025147,6.205925737150064,0.16503630053266816,2.505714691003075,-2.5143907812543445,-6.287330821811217,1.284929893358894,-1.0,0.0,1.0,0.0,-48.0,48.0
0.010780000000000001,-9.944935256583822,3.5128680517993405,6.432067204784482,0.1652266858957876,2.500283181824875,-2.508966846954992,-6.27373477514194,1.4342090446430882,-1.0,0.0,1.0,0.0,-48.0,48.0
0.0108,-10.031116499777124,3.3735647538341427,6.657551745942982,0.16537410634122782,2.494257692288008,-2.502946667208502,-6.258648052976708,1.5830645787210682,-1.0,0.0,1.0,0.0,-48.0,48.0
0.010820000000000001,-10.11706318264904,3.234686312597689,6.882376870051353,0.16547816472675034,2.487639927540275,-2.4963319288350463,-6.242074903887407,1.7314940171347963,-1.0,0.0,1.0,0.0,-48.0,48.0
0.01084,-10.2027757356418,3.096235631294256,7.106540104347544,0.16553846958362334,2.480431602438486,-2.4891243286946527,-6.2240196011851365,1.8794948905162463,-1.0,0.0,1.0,0.0,-48.0,48.0
0.010860000000000002,-10.28825458615988,2.958215592243239,7.330038993916641,0.16555463541980384,2.47263444150522,-2.4813255736577373,-6.204486442828849,2.0270647386762537,-1.0,0.0,1.0,0.0,-48.0,48.0
0.01088,-10.373500158607762,2.8206290568819727,7.552871101725788,0.16552628302000238,2.46425017888537,-2.4729373805751425,-6.183479751333128,2.174201110692737,-1.0,0.0,1.0,0.0,-48.0,48.0
0.010900000000000002,-10.458512874429177,2.6834788657692847,7.775034008659892,0.16545303974261052,2.4552805583024537,-2.4639614762477198,-6.161003873675077,2.320901564998863,-1.0,0.0,1.0,0.0,-48.0,48.0
0.010920000000000001,-10.543293152147513,2.5467678385902466,7.9965253135572665,0.16533453981346768,2.4457273330147102,-2.4543995973954393,-6.1370631812003245,2.467163669470619,-1.0,0.0,1.0,0.0,-48.0,48.0
0.01094,-10.627841407407635,2.410498774161652,8.217342633245982,0.1651704246164491,2.4355922657709757,-2.4442534906260347,-6.111662069528161,2.612985001514293,-1.0,0.0,1.0,0.0,-48.0,48.0
0.010960000000000001,-10.712158053018896,2.274674450438587,8.43748360258031,0.1649603429808509,2.424877128766328,-2.433524912403181,-6.0848049584557975,2.7583631481534665,-1.0,0.0,1.0,0.0,-48.0,48.0
0.01098,-10.796243498999395,2.139297624521933,8.656945874477461,0.16470395146555356,2.41358370359753,-2.4222156290142096,-6.056496291861769,2.903295706115685,-1.0,0.0,1.0,0.0,-48.0,48.0
0.011000000000000001,-10.880098152621546,2.004371032666651,8.875727119954895,0.1644009146399412,2.4017137812182323,-2.4103274165373616,-6.026740537608443,3.047780281918959,0.0,-1.0,1.0,48.0,-48.0,0.0
0.01102,-10.738677902369616,1.7573751026827535,8.981302799686864,0.16405177025597625,2.3892817455888347,-2.3978746898019416,-5.995573764546085,3.1854955475412536,0.0,-1.0,1.0,48.0,-48.0,0.0
0.011040000000000001,-10.597641745655304,1.5111416790515257,9.086500066603778,0.16365708244775712,2.3763020454049415,-2.3848719296956458,-5.96303220532595,3.3227372135300453,0.0,-1.0,1.0,48.0,-48.0,0.0
0.01106,-10.456988414653917,1.265672424466236,9.19131599018768,0.16321656792512246,2.362776580917354,-2.371321024249237,-5.929120604899408,3.459503493204639,0.0,-1.0,1.0,48.0,-48.0,0.0
0.011080000000000001,-10.316716643664197,1.020968983069353,9.295747660594843,0.16272995210822475,2.348707259228565,-2.3572238688033975,-5.8938437259550565,3.5957926257789823,0.0,-1.0,1.0,48.0,-48.0,0.0
0.0111,-10.17682516914514,0.7770329804751736,9.399792188669966,0.16219696935855873,2.334095994185132,-2.3425823659103937,-5.857206348660359,3.7316028762500304,0.0,-1.0,1.0,48.0,-48.0,0.0
0.011120000000000001,-10.037312729753527,0.5338660237932394,9.503446705960288,0.16161736320664763,2.318944706270586,-2.327398425236058,-5.819213270404344,3.866932535286412,0.0,-1.0,1.0,48.0,-48.0,0.0
0.01114,-9.898178066382698,0.29146970165336983,9.606708364729329,0.16099088657638047,2.303255322498925,-2.311673963462121,-5.779869305541475,4.001779919116913,0.0,-1.0,1.0,48.0,-48.0,0.0
0.011160000000000002,-9.759419922202028,0.04984558423145655,9.70957433797057,0.16031730200599137,2.287029776308642,-2.295410904188864,-5.7391792851365775,4.136143369419279,0.0,-1.0,1.0,48.0,-48.0,0.0
0.01118,-9.621037042697601,-0.19100477672315813,9.81204181942076,0.15959638186567598,2.270270007457341,-2.2786111778381373,-5.697148056710933,4.270021253208862,0.0,-1.0,1.0,48.0,-48.0,0.0
0.011200000000000002,-9.483028175713551,-0.4310798478595669,9.914108023573117,0.1588279085718368,2.252977961916876,-2.2612767215566842,-5.653780483989426,4.403411962727569,0.0,-1.0,1.0,48.0,-48.0,0.0
0.01122,-9.345392071494555,-0.6703781141956312,10.015770185690187,0.1580116747979524,2.2351555917690744,-2.2434094791198356,-5.6090814466488705,4.536313915332663,0.0,-1.0,1.0,48.0,-48.0,0.0
0.011240000000000002,-9.208127482728973,-0.9088980790876048,10.117025561816577,0.15714748368206363,2.2168048551019868,-2.225011400835519,-5.563055840067376,4.668725553385867,0.0,-1.0,1.0,48.0,-48.0,0.0
0.011260000000000001,-9.071233164593062,-1.1466382641982384,10.2178714287913,0.1562351490308728,2.1979277159067165,-2.206084443448636,-5.5157085750748935,4.800645344142336,0.0,-1.0,1.0,48.0,-48.0,0.0
0.01128,-8.93470787479585,-1.3835972094641715,10.318305084260022,0.15527449552044797,2.1785261439747625,-2.1866305700457587,-5.467044577704802,4.932071779639914,0.0,-1.0,1.0,48.0,-48.0,0.0
0.011300000000000001,-8.798550373624975,-1.6197734730619915,10.418323846686967,0.1542653588935311,2.15860211479594,-2.16665174996018,-5.4170687889466524,5.063003376588345,0.0,-1.0,1.0,48.0,-48.0,0.0
0.01132,-8.662759423993318,-1.8551656313732274,10.517925055366545,0.15320758615344263,2.138157609456835,-2.1461499586773165,-5.365786164500011,5.19343867625857,0.0,-1.0,1.0,48.0,-48.0,0.0
0.011340000000000001,-8.527333791486296,-2.0897722789485433,10.617106070434838,0.15210103575457967,2.1171946145397857,-2.1251271777404326,-5.313201674529373,5.323376244372243,0.0,-1.0,1.0,48.0,-48.0,0.0
0.01136,-8.392272244410133,-2.323592028470517,10.715864272880651,0.1509455777895041,2.0957151220224364,-2.1035853946567453,-5.25932030342024,5.452814670991152,0.0,-1.0,1.0,48.0,-48.0,0.0
0.011380000000000001,-8.25757355384066,-2.5566235107158004,10.81419706455646,0.1497410941726164,2.073721129177795,-2.081526602803845,-5.204147049536238,5.581752570406932,0.0,-1.0,1.0,48.0,-48.0,0.0
0.0114,-8.123236493673083,-2.788865374515864,10.912101868188948,0.14848747882041327,2.051214638474853,-2.0589528013364884,-5.147686924977407,5.710188581030665,0.0,-1.0,1.0,48.0,-48.0,0.0
0.011420000000000001,-7.989259840672232,-3.0203162867171516,11.009576127389384,0.1471846378283245,2.0281976574797174,-2.035865995093718,-5.089944955339513,5.838121365282779,0.0,-1.0,1.0,48.0,-48.0,0.0
0.01144,-7.855642374523724,-3.250974932139856,11.10661730666358,0.1458324896441296,2.0046721987572975,-2.0122681945063694,-5.030926179474561,5.965549609482846,0.0,-1.0,1.0,48.0,-48.0,0.0
0.011460000000000001,-7.722382877885597,-3.480840013536122,11.203222891421719,0.14443096523794777,1.9806402797734888,-1.9881614155048806,-4.970635649252292,6.092472023739667,0.0,-1.0,1.0,48.0,-48.0,0.0
0.01148,-7.5894801364408355,-3.709910251546899,11.299390387987735,0.14298000826880486,1.9561039227979187,-1.9635476794275086,-4.909078429322898,6.2188873418412625,0.0,-1.0,1.0,48.0,-48.0,0.0
0.011500000000000002,-7.4569329389502705,-3.938184384658257,11.395117323608527,0.14147957524777055,1.9310651548071749,-1.9384290129288513,-4.846259596880726,6.344794321145152,0.0,-1.0,1.0,48.0,-48.0,0.0
0.01152,-7.324740077306401,-4.165661169156375,11.490401246462776,0.13992963569766978,1.9055260073886002,-1.912807447888769,-4.782184241429186,6.470191742468535,0.0,-1.0,1.0,48.0,-48.0,0.0
0.011540000000000002,-7.192900346587516,-4.392339379082022,11.585239725669538,0.13833017230936273,1.8794885166445574,-1.8866850213216257,-4.716857464546643,6.595078409978788,0.0,-1.0,1.0,48.0,-48.0,0.0
0.01156,-7.061412545112697,-4.618217806183731,11.679630351296428,0.13668118109459823,1.8529547230972565,-1.8600637752859261,-4.6502843796535265,6.719453151083815,0.0,-1.0,1.0,48.0,-48.0,0.0
0.011580000000000002,-6.930275474497127,-4.843295259870499,11.773570734367626,0.13498267153543564,1.8259266715940479,-1.8329457567942664,-4.582470111780407,6.843314816322742,0.0,-1.0,1.0,48.0,-48.0,0.0
0.011600000000000001,-6.799487939708181,-5.067570567163219,11.8670585068714,0.13323466673023956,1.7984064112132698,-1.8053330177237037,-4.5134197973372965,6.966662279256486,0.0,-1.0,1.0,48.0,-48.0,0.0
0.01162,-6.669048749121856,-5.291042572645619,11.960091321767475,0.13143720353624533,1.7703959951705674,-1.7772276147264334,-4.44313858388392,7.089494436358622,0.0,-1.0,1.0,48.0,-48.0,0.0
0.011640000000000001,-6.538956714579847,-5.513710138414115,12.052666852993962,0.129590332708698,1.7418974807257301,-1.7486316091408605,-4.371631629901156,7.211810206906209,0.0,-1.0,1.0,48.0,-48.0,0.0
0.01166,-6.409210651447101,-5.735572144026847,12.144782795473947,0.12769411903656624,1.7129129290900484,-1.7195470669030477,-4.298904104563576,7.333608532870732,0.0,-1.0,1.0,48.0,-48.0,0.0
0.011680000000000001,-6.279809378669775,-5.956627486452112,12.236436865121886,0.12574864147483097,1.683444405334125,-1.6899760584584835,-4.224961187512985,7.4548883788092475,0.0,-1.0,1.0,48.0,-48.0,0.0
0.0117,-6.150751718833775,-6.176875080015674,12.32762679884945,0.12375399327335383,1.6534939782962337,-1.6599206586742812,-4.149808068633178,7.575648731755459,0.0,-1.0,1.0,48.0,-48.0,0.0
0.011720000000000001,-6.022036498223601,-6.396313856347634,12.418350354571235,0.12171028210232473,1.6230637204911218,-1.629382946751683,-4.073449947825647,7.69588860111107,0.0,-1.0,1.0,48.0,-48.0,0.0
0.01174,-5.893662546881794,-6.614942764328157,12.508605311209951,0.11961763017429505,1.5921557080193496,-1.5983650061389967,-3.9958920347865123,7.815607018537048,0.0,-1.0,1.0,48.0,-48.0,0.0
0.011760000000000001,-5.765628698668593,-6.8327607700328254,12.598389468701418,0.11747617436279555,1.560772020477068,-1.5668689244448515,-3.9171395487844087,7.934803037845185,0.0,-1.0,1.0,48.0,-48.0,0.0
0.01178,-5.637933791322184,-7.0497668566768406,12.687700647999025,0.11528606631754702,1.5289147408663362,-1.5348967933518756,-3.8371977184395867,8.053475734889531,0.0,-1.0,1.0,48.0,-48.0,0.0
0.011800000000000001,-5.5105766665191425,-7.26596002455889,12.776536691078032,0.11304747257626203,1.4965859555058554,-1.5024507085307002,-3.756071781503958,8.17162420745815,0.0,-1.0,1.0,48.0,-48.0,0.0
0.01182,-5.383556169935405,-7.481339291003907,12.864895460939312,0.11076057467304941,1.4637877539422506,-1.4695327695543967,-3.673766984642372,8.289247575164762,0.0,-1.0,1.0,48.0,-48.0,0.0
0.011840000000000002,-5.256871151307398,-7.695903690305495,12.952774841612893,0.10842556924341758,1.4305222288617594,-1.4361450798132305,-3.5902885832148272,8.406344979340648,0.0,-1.0,1.0,48.0,-48.0,0.0
0.01186,-5.130520464493725,-7.909652273667267,13.040172738160992,0.10604266812589062,1.3967914760024593,-1.4022897464298583,-3.505641841059909,8.522915582926498,0.0,-1.0,1.0,48.0,-48.0,0.0
0.011880000000000002,-5.004502967536874,-8.122584109143913,13.127087076680787,0.10361209846023371,1.3625975940668986,-1.3679688801748473,-3.419832030279161,8.638958570364506,0.0,-1.0,1.0,48.0,-48.0,0.0
0.0119,-4.878817522725516,-8.334698281581176,13.213515804306692,0.10113410278230239,1.3279426846352602,-1.3331845953826342,-3.332864431022685,8.754473147490373,0.0,-1.0,1.0,48.0,-48.0,0.0
0.011920000000000002,-4.753462996656795,-8.545993892555586,13.299456889212381,0.09860893911551309,1.2928288520789242,-1.29793900986781,-3.244744331275669,8.869458541425592,0.0,-1.0,1.0,48.0,-48.0,0.0
0.011940000000000001,-4.628438260299145,-8.756470060313136,13.384908320612281,0.09603688105895054,1.257258203474555,-1.2622342448418546,-3.155477026646146,8.983914000469621,0.0,-1.0,1.0,48.0,-48.0,0.0
0.01196,-4.503742189055078,-8.96612591970772,13.469868108762798,0.09341821787210956,1.2212328485185866,-1.2260724248301975,-3.0650678201536814,9.09783879399234,0.0,-1.0,1.0,48.0,-48.0,0.0
0.011980000000000001,-4.379373662824417,-9.174960622138661,13.554334284963078,0.09075325455628686,1.184754899442204,-1.189455677589708,-2.9735220220192393,9.211232212326431,0.0,-1.0,1.0,48.0,-48.0,0.0
0.012,-4.255331566067653,-9.3829733354877,13.638304901555353,0.08804231193262604,1.1478264709267745,-1.1523861340265773,-2.8808449494561206,9.324093566659888,1.0,-1.0,0.0,48.0,0.0,-48.0
