time_s,mechanical_angle_rad,speed_rad_s,hall_a,hall_b,hall_c,hall_code,hall_transition_class,hall_direction,hall_legal_event,speed_raw_rad_s,speed_filtered_rad_s,timeout,legal_edge_count
0.0,0.0,25.0,1.0,0.0,1.0,5.0,0.0,0.0,0.0,0.0,0.0,0.0,0.0
0.0001,0.0025000000000000014,25.0,1.0,0.0,1.0,5.0,0.0,0.0,0.0,0.0,0.0,0.0,0.0
0.0002,0.005000000000000004,25.0,1.0,0.0,1.0,5.0,0.0,0.0,0.0,0.0,0.0,0.0,0.0
0.0003,0.007500000000000003,25.0,1.0,0.0,1.0,5.0,0.0,0.0,0.0,0.0,0.0,0.0,0.0
0.0004,0.010000000000000002,25.0,1.0,0.0,1.0,5.0,0.0,0.0,0.0,0.0,0.0,0.0,0.0
0.0005,0.0125,25.0,1.0,0.0,1.0,5.0,0.0,0.0,0.0,0.0,0.0,0.0,0.0
0.0006,0.014999999999999998,25.0,1.0,0.0,1.0,5.0,0.0,0.0,0.0,0.0,0.0,0.0,0.0
0.0007,0.0175,25.0,1.0,0.0,1.0,5.0,0.0,0.0,0.0,0.0,0.0,0.0,0.0
0.0008,0.020000000000000004,25.0,1.0,0.0,1.0,5.0,0.0,0.0,0.0,0.0,0.0,0.0,0.0
0.0009,0.022499999999999996,25.0,1.0,0.0,1.0,5.0,0.0,0.0,0.0,0.0,0.0,0.0,0.0
0.001,0.024999999999999998,25.0,1.0,0.0,1.0,5.0,0.0,0.0,0.0,0.0,0.0,0.0,0.0
0.0011,0.0275,25.0,1.0,0.0,1.0,5.0,0.0,0.0,0.0,0.0,0.0,0.0,0.0
0.0012,0.029999999999999992,25.0,1.0,0.0,1.0,5.0,0.0,0.0,0.0,0.0,0.0,0.0,0.0
0.0013,0.03249999999999999,25.0,1.0,0.0,1.0,5.0,0.0,0.0,0.0,0.0,0.0,0.0,0.0
0.0014,0.03499999999999998,25.0,1.0,0.0,1.0,5.0,0.0,0.0,0.0,0.0,0.0,0.0,0.0
0.0015,0.03749999999999998,25.0,1.0,0.0,1.0,5.0,0.0,0.0,0.0,0.0,0.0,0.0,0.0
0.0016,0.03999999999999997,25.0,1.0,0.0,1.0,5.0,0.0,0.0,0.0,0.0,0.0,0.0,0.0
0.0017,0.04249999999999996,25.0,1.0,0.0,1.0,5.0,0.0,0.0,0.0,0.0,0.0,0.0,0.0
0.0018,0.04499999999999996,25.0,1.0,0.0,1.0,5.0,0.0,0.0,0.0,0.0,0.0,0.0,0.0
0.0019,0.04749999999999995,25.0,1.0,0.0,1.0,5.0,0.0,0.0,0.0,0.0,0.0,0.0,0.0
0.002,0.049999999999999954,25.0,1.0,0.0,1.0,5.0,0.0,0.0,0.0,0.0,0.0,0.0,0.0
0.0021,0.05249999999999994,25.0,1.0,0.0,1.0,5.0,0.0,0.0,0.0,0.0,0.0,0.0,0.0
0.0022,0.054999999999999945,25.0,1.0,0.0,1.0,5.0,0.0,0.0,0.0,0.0,0.0,0.0,0.0
0.0023,0.05749999999999993,25.0,1.0,0.0,1.0,5.0,0.0,0.0,0.0,0.0,0.0,0.0,0.0
0.0024,0.05999999999999992,25.0,1.0,0.0,1.0,5.0,0.0,0.0,0.0,0.0,0.0,0.0,0.0
0.0025,0.06249999999999993,25.0,1.0,0.0,1.0,5.0,0.0,0.0,0.0,0.0,0.0,0.0,0.0
0.0026,0.06499999999999993,25.0,1.0,0.0,1.0,5.0,0.0,0.0,0.0,0.0,0.0,0.0,0.0
0.0027,0.06749999999999994,25.0,1.0,0.0,1.0,5.0,0.0,0.0,0.0,0.0,0.0,0.0,0.0
0.0028,0.06999999999999994,25.0,1.0,0.0,1.0,5.0,0.0,0.0,0.0,0.0,0.0,0.0,0.0
0.0029,0.07249999999999994,25.0,1.0,0.0,1.0,5.0,0.0,0.0,0.0,0.0,0.0,0.0,0.0
0.003,0.07499999999999994,25.0,1.0,0.0,1.0,5.0,0.0,0.0,0.0,0.0,0.0,0.0,0.0
0.0031,0.07749999999999994,25.0,1.0,0.0,1.0,5.0,0.0,0.0,0.0,0.0,0.0,0.0,0.0
0.0032,0.07999999999999995,25.0,1.0,0.0,1.0,5.0,0.0,0.0,0.0,0.0,0.0,0.0,0.0
0.0033,0.08249999999999995,25.0,1.0,0.0,1.0,5.0,0.0,0.0,0.0,0.0,0.0,0.0,0.0
0.0034,0.08499999999999995,25.0,1.0,0.0,1.0,5.0,0.0,0.0,0.0,0.0,0.0,0.0,0.0
0.0035,0.08749999999999995,25.0,1.0,0.0,1.0,5.0,0.0,0.0,0.0,0.0,0.0,0.0,0.0
0.0036,0.08999999999999996,25.0,1.0,0.0,1.0,5.0,0.0,0.0,0.0,0.0,0.0,0.0,0.0
0.0037,0.09249999999999996,25.0,1.0,0.0,1.0,5.0,0.0,0.0,0.0,0.0,0.0,0.0,0.0
0.0038,0.09499999999999996,25.0,1.0,0.0,1.0,5.0,0.0,0.0,0.0,0.0,0.0,0.0,0.0
0.0039,0.09749999999999996,25.0,1.0,0.0,1.0,5.0,0.0,0.0,0.0,0.0,0.0,0.0,0.0
0.004,0.10000000000000007,25.0,1.0,0.0,1.0,5.0,0.0,0.0,0.0,0.0,0.0,0.0,0.0
0.0041,0.10250000000000019,25.0,1.0,0.0,1.0,5.0,0.0,0.0,0.0,0.0,0.0,0.0,0.0
0.0042,0.10500000000000029,25.0,1.0,0.0,1.0,5.0,0.0,0.0,0.0,0.0,0.0,0.0,0.0
0.0043,0.1075000000000004,25.0,1.0,0.0,1.0,5.0,0.0,0.0,0.0,0.0,0.0,0.0,0.0
0.0044,0.11000000000000051,25.0,1.0,0.0,1.0,5.0,0.0,0.0,0.0,0.0,0.0,0.0,0.0
0.0045,0.11250000000000061,25.0,1.0,0.0,1.0,5.0,0.0,0.0,0.0,0.0,0.0,0.0,0.0
0.0046,0.11500000000000073,25.0,1.0,0.0,1.0,5.0,0.0,0.0,0.0,0.0,0.0,0.0,0.0
0.0047,0.11750000000000084,25.0,1.0,0.0,1.0,5.0,0.0,0.0,0.0,0.0,0.0,0.0,0.0
0.0048,0.12000000000000094,25.0,1.0,0.0,1.0,5.0,0.0,0.0,0.0,0.0,0.0,0.0,0.0
0.0049,0.12250000000000105,25.0,1.0,0.0,1.0,5.0,0.0,0.0,0.0,0.0,0.0,0.0,0.0
0.005,0.12500000000000117,25.0,1.0,0.0,1.0,5.0,0.0,0.0,0.0,0.0,0.0,0.0,0.0
0.0051,0.1275000000000013,25.0,1.0,0.0,1.0,5.0,0.0,0.0,0.0,0.0,0.0,0.0,0.0
0.0052,0.13000000000000136,25.0,1.0,0.0,1.0,5.0,0.0,0.0,0.0,0.0,0.0,0.0,0.0
0.0053,0.1325000000000015,25.0,1.0,0.0,1.0,5.0,0.0,0.0,0.0,0.0,0.0,0.0,0.0
0.0054,0.13500000000000165,25.0,1.0,0.0,1.0,5.0,0.0,0.0,0.0,0.0,0.0,0.0,0.0
0.0055,0.1375000000000017,25.0,1.0,0.0,1.0,5.0,0.0,0.0,0.0,0.0,0.0,0.0,0.0
0.0056,0.14000000000000185,25.0,1.0,0.0,1.0,5.0,0.0,0.0,0.0,0.0,0.0,0.0,0.0
0.0057,0.142500000000002,25.0,1.0,0.0,1.0,5.0,0.0,0.0,0.0,0.0,0.0,0.0,0.0
0.0058,0.14500000000000204,25.0,1.0,0.0,1.0,5.0,0.0,0.0,0.0,0.0,0.0,0.0,0.0
0.0059,0.14750000000000218,25.0,1.0,0.0,1.0,5.0,0.0,0.0,0.0,0.0,0.0,0.0,0.0
0.006,0.15000000000000233,25.0,1.0,0.0,1.0,5.0,0.0,0.0,0.0,0.0,0.0,0.0,0.0
0.0061,0.15250000000000247,25.0,1.0,0.0,1.0,5.0,0.0,0.0,0.0,0.0,0.0,0.0,0.0
0.0062,0.15500000000000252,25.0,1.0,0.0,1.0,5.0,0.0,0.0,0.0,0.0,0.0,0.0,0.0
0.0063,0.15750000000000267,25.0,1.0,0.0,1.0,5.0,0.0,0.0,0.0,0.0,0.0,0.0,0.0
0.0064,0.1600000000000028,25.0,1.0,0.0,1.0,5.0,0.0,0.0,0.0,0.0,0.0,0.0,0.0
0.0065,0.16250000000000286,25.0,1.0,0.0,1.0,5.0,0.0,0.0,0.0,0.0,0.0,0.0,0.0
0.0066,0.165000000000003,25.0,1.0,0.0,1.0,5.0,0.0,0.0,0.0,0.0,0.0,0.0,0.0
0.0067,0.16750000000000315,25.0,1.0,0.0,1.0,5.0,0.0,0.0,0.0,0.0,0.0,0.0,0.0
0.0068,0.1700000000000032,25.0,1.0,0.0,1.0,5.0,0.0,0.0,0.0,0.0,0.0,0.0,0.0
0.0069,0.17250000000000335,25.0,1.0,0.0,1.0,5.0,0.0,0.0,0.0,0.0,0.0,0.0,0.0
0.007,0.17500000000000349,25.0,1.0,0.0,1.0,5.0,0.0,0.0,0.0,0.0,0.0,0.0,0.0
0.0071,0.17750000000000363,25.0,1.0,0.0,1.0,5.0,0.0,0.0,0.0,0.0,0.0,0.0,0.0
0.0072,0.18000000000000368,25.0,1.0,0.0,1.0,5.0,0.0,0.0,0.0,0.0,0.0,0.0,0.0
0.0073,0.18250000000000383,25.0,1.0,0.0,1.0,5.0,0.0,0.0,0.0,0.0,0.0,0.0,0.0
0.0074,0.18500000000000397,25.0,1.0,0.0,1.0,5.0,0.0,0.0,0.0,0.0,0.0,0.0,0.0
0.0075,0.18750000000000402,25.0,1.0,0.0,1.0,5.0,0.0,0.0,0.0,0.0,0.0,0.0,0.0
0.0076,0.19000000000000417,25.0,1.0,0.0,1.0,5.0,0.0,0.0,0.0,0.0,0.0,0.0,0.0
0.0077,0.1925000000000043,25.0,1.0,0.0,1.0,5.0,0.0,0.0,0.0,0.0,0.0,0.0,0.0
0.0078,0.19500000000000436,25.0,1.0,0.0,1.0,5.0,0.0,0.0,0.0,0.0,0.0,0.0,0.0
0.0079,0.19750000000000448,25.0,1.0,0.0,1.0,5.0,0.0,0.0,0.0,0.0,0.0,0.0,0.0
0.008,0.20000000000000454,25.0,1.0,0.0,1.0,5.0,0.0,0.0,0.0,0.0,0.0,0.0,0.0
0.0081,0.2025000000000046,25.0,1.0,0.0,1.0,5.0,0.0,0.0,0.0,0.0,0.0,0.0,0.0
0.0082,0.2050000000000047,25.0,1.0,0.0,1.0,5.0,0.0,0.0,0.0,0.0,0.0,0.0,0.0
0.0083,0.20750000000000476,25.0,1.0,0.0,1.0,5.0,0.0,0.0,0.0,0.0,0.0,0.0,0.0
0.0084,0.21000000000000482,25.0,1.0,0.0,1.0,5.0,0.0,0.0,0.0,0.0,0.0,0.0,0.0
0.0085,0.21250000000000493,25.0,1.0,0.0,1.0,5.0,0.0,0.0,0.0,0.0,0.0,0.0,0.0
0.0086,0.215000000000005,25.0,1.0,0.0,1.0,5.0,0.0,0.0,0.0,0.0,0.0,0.0,0.0
0.0087,0.21750000000000505,25.0,1.0,0.0,1.0,5.0,0.0,0.0,0.0,0.0,0.0,0.0,0.0
0.0088,0.22000000000000516,25.0,1.0,0.0,1.0,5.0,0.0,0.0,0.0,0.0,0.0,0.0,0.0
0.0089,0.22250000000000522,25.0,1.0,0.0,1.0,5.0,0.0,0.0,0.0,0.0,0.0,0.0,0.0
0.009,0.22500000000000528,25.0,1.0,0.0,1.0,5.0,0.0,0.0,0.0,0.0,0.0,0.0,0.0
0.0091,0.2275000000000054,25.0,1.0,0.0,1.0,5.0,0.0,0.0,0.0,0.0,0.0,0.0,0.0
0.0092,0.23000000000000545,25.0,1.0,0.0,1.0,5.0,0.0,0.0,0.0,0.0,0.0,0.0,0.0
0.0093,0.2325000000000055,25.0,1.0,0.0,1.0,5.0,0.0,0.0,0.0,0.0,0.0,0.0,0.0
0.0094,0.23500000000000562,25.0,1.0,0.0,1.0,5.0,0.0,0.0,0.0,0.0,0.0,0.0,0.0
0.0095,0.23750000000000568,25.0,1.0,0.0,1.0,5.0,0.0,0.0,0.0,0.0,0.0,0.0,0.0
0.0096,0.24000000000000574,25.0,1.0,0.0,1.0,5.0,0.0,0.0,0.0,0.0,0.0,0.0,0.0
0.0097,0.24250000000000585,25.0,1.0,0.0,1.0,5.0,0.0,0.0,0.0,0.0,0.0,0.0,0.0
0.0098,0.2450000000000059,25.0,1.0,0.0,1.0,5.0,0.0,0.0,0.0,0.0,0.0,0.0,0.0
0.0099,0.24750000000000602,25.0,1.0,0.0,1.0,5.0,0.0,0.0,0.0,0.0,0.0,0.0,0.0
0.01,0.25000000000000605,25.0,1.0,0.0,1.0,5.0,0.0,0.0,0.0,0.0,0.0,0.0,0.0
0.0101,0.25250000000000583,25.0,1.0,0.0,1.0,5.0,0.0,0.0,0.0,0.0,0.0,0.0,0.0
0.0102,0.25500000000000567,25.0,1.0,0.0,1.0,5.0,0.0,0.0,0.0,0.0,0.0,0.0,0.0
0.0103,0.25750000000000545,25.0,1.0,0.0,1.0,5.0,0.0,0.0,0.0,0.0,0.0,0.0,0.0
0.0104,0.2600000000000052,25.0,1.0,0.0,1.0,5.0,0.0,0.0,0.0,0.0,0.0,0.0,0.0
0.0105,0.26250000000000506,25.0,1.0,0.0,1.0,5.0,0.0,0.0,0.0,0.0,0.0,0.0,0.0
0.0106,0.26500000000000484,25.0,1.0,0.0,1.0,5.0,0.0,0.0,0.0,0.0,0.0,0.0,0.0
0.0107,0.2675000000000046,25.0,1.0,0.0,1.0,5.0,0.0,0.0,0.0,0.0,0.0,0.0,0.0
0.0108,0.27000000000000446,25.0,1.0,0.0,1.0,5.0,0.0,0.0,0.0,0.0,0.0,0.0,0.0
0.0109,0.27250000000000424,25.0,1.0,0.0,1.0,5.0,0.0,0.0,0.0,0.0,0.0,0.0,0.0
0.011,0.275000000000004,25.0,1.0,0.0,1.0,5.0,0.0,0.0,0.0,0.0,0.0,0.0,0.0
0.0111,0.27750000000000385,25.0,1.0,0.0,1.0,5.0,0.0,0.0,0.0,0.0,0.0,0.0,0.0
0.0112,0.28000000000000363,25.0,1.0,0.0,1.0,5.0,0.0,0.0,0.0,0.0,0.0,0.0,0.0
0.0113,0.2825000000000034,25.0,1.0,0.0,1.0,5.0,0.0,0.0,0.0,0.0,0.0,0.0,0.0
0.0114,0.28500000000000325,25.0,1.0,0.0,1.0,5.0,0.0,0.0,0.0,0.0,0.0,0.0,0.0
0.0115,0.28750000000000303,25.0,1.0,0.0,1.0,5.0,0.0,0.0,0.0,0.0,0.0,0.0,0.0
0.0116,0.2900000000000028,25.0,1.0,0.0,1.0,5.0,0.0,0.0,0.0,0.0,0.0,0.0,0.0
0.0117,0.29250000000000265,25.0,1.0,0.0,1.0,5.0,0.0,0.0,0.0,0.0,0.0,0.0,0.0
0.0118,0.2950000000000024,25.0,1.0,0.0,1.0,5.0,0.0,0.0,0.0,0.0,0.0,0.0,0.0
0.0119,0.29750000000000226,25.0,1.0,0.0,1.0,5.0,0.0,0.0,0.0,0.0,0.0,0.0,0.0
0.012,0.30000000000000204,25.0,1.0,0.0,1.0,5.0,0.0,0.0,0.0,0.0,0.0,0.0,0.0
0.0121,0.3025000000000018,25.0,1.0,0.0,1.0,5.0,0.0,0.0,0.0,0.0,0.0,0.0,0.0
0.0122,0.30500000000000166,25.0,1.0,0.0,1.0,5.0,0.0,0.0,0.0,0.0,0.0,0.0,0.0
0.0123,0.30750000000000144,25.0,1.0,0.0,1.0,5.0,0.0,0.0,0.0,0.0,0.0,0.0,0.0
0.0124,0.3100000000000012,25.0,1.0,0.0,1.0,5.0,0.0,0.0,0.0,0.0,0.0,0.0,0.0
0.0125,0.31250000000000105,25.0,1.0,0.0,1.0,5.0,0.0,0.0,0.0,0.0,0.0,0.0,0.0
0.0126,0.31500000000000083,25.0,1.0,0.0,1.0,5.0,0.0,0.0,0.0,0.0,0.0,0.0,0.0
0.0127,0.3175000000000006,25.0,1.0,0.0,1.0,5.0,0.0,0.0,0.0,0.0,0.0,0.0,0.0
0.0128,0.32000000000000045,25.0,1.0,0.0,1.0,5.0,0.0,0.0,0.0,0.0,0.0,0.0,0.0
0.0129,0.32250000000000023,25.0,1.0,0.0,1.0,5.0,0.0,0.0,0.0,0.0,0.0,0.0,0.0
0.013,0.325,25.0,1.0,0.0,1.0,5.0,0.0,0.0,0.0,0.0,0.0,0.0,0.0
0.0131,0.32749999999999985,25.0,1.0,0.0,1.0,5.0,0.0,0.0,0.0,0.0,0.0,0.0,0.0
0.0132,0.3299999999999996,25.0,1.0,0.0,1.0,5.0,0.0,0.0,0.0,0.0,0.0,0.0,0.0
0.0133,0.3324999999999994,25.0,1.0,0.0,1.0,5.0,0.0,0.0,0.0,0.0,0.0,0.0,0.0
0.0134,0.33499999999999924,25.0,1.0,0.0,1.0,5.0,0.0,0.0,0.0,0.0,0.0,0.0,0.0
0.0135,0.337499999999999,25.0,1.0,0.0,1.0,5.0,0.0,0.0,0.0,0.0,0.0,0.0,0.0
0.0136,0.3399999999999988,25.0,1.0,0.0,1.0,5.0,0.0,0.0,0.0,0.0,0.0,0.0,0.0
0.0137,0.34249999999999864,25.0,1.0,0.0,1.0,5.0,0.0,0.0,0.0,0.0,0.0,0.0,0.0
0.0138,0.3449999999999984,25.0,1.0,0.0,1.0,5.0,0.0,0.0,0.0,0.0,0.0,0.0,0.0
0.0139,0.3474999999999982,25.0,1.0,0.0,1.0,5.0,0.0,0.0,0.0,0.0,0.0,0.0,0.0
0.014,0.34999999999999803,25.0,1.0,0.0,1.0,5.0,0.0,0.0,0.0,0.0,0.0,0.0,0.0
0.0141,0.3524999999999978,25.0,1.0,0.0,1.0,5.0,0.0,0.0,0.0,0.0,0.0,0.0,0.0
0.0142,0.35499999999999765,25.0,1.0,0.0,1.0,5.0,0.0,0.0,0.0,0.0,0.0,0.0,0.0
0.0143,0.35749999999999743,25.0,1.0,0.0,1.0,5.0,0.0,0.0,0.0,0.0,0.0,0.0,0.0
0.0144,0.3599999999999972,25.0,1.0,0.0,1.0,5.0,0.0,0.0,0.0,0.0,0.0,0.0,0.0
0.0145,0.36249999999999705,25.0,1.0,0.0,1.0,5.0,0.0,0.0,0.0,0.0,0.0,0.0,0.0
0.0146,0.3649999999999968,25.0,1.0,0.0,1.0,5.0,0.0,0.0,0.0,0.0,0.0,0.0,0.0
0.0147,0.3674999999999966,25.0,1.0,0.0,1.0,5.0,0.0,0.0,0.0,0.0,0.0,0.0,0.0
0.0148,0.36999999999999644,25.0,1.0,0.0,1.0,5.0,0.0,0.0,0.0,0.0,0.0,0.0,0.0
0.0149,0.3724999999999962,25.0,1.0,0.0,1.0,5.0,0.0,0.0,0.0,0.0,0.0,0.0,0.0
0.015,0.374999999999996,25.0,1.0,0.0,1.0,5.0,0.0,0.0,0.0,0.0,0.0,0.0,0.0
0.0151,0.37749999999999584,25.0,1.0,0.0,1.0,5.0,0.0,0.0,0.0,0.0,0.0,0.0,0.0
0.0152,0.3799999999999956,25.0,1.0,0.0,1.0,5.0,0.0,0.0,0.0,0.0,0.0,0.0,0.0
0.0153,0.3824999999999954,25.0,1.0,0.0,1.0,5.0,0.0,0.0,0.0,0.0,0.0,0.0,0.0
0.0154,0.38499999999999523,25.0,1.0,0.0,1.0,5.0,0.0,0.0,0.0,0.0,0.0,0.0,0.0
0.0155,0.387499999999995,25.0,1.0,0.0,1.0,5.0,0.0,0.0,0.0,0.0,0.0,0.0,0.0
0.0156,0.3899999999999948,25.0,1.0,0.0,1.0,5.0,0.0,0.0,0.0,0.0,0.0,0.0,0.0
0.0157,0.3924999999999946,25.0,1.0,0.0,1.0,5.0,0.0,0.0,0.0,0.0,0.0,0.0,0.0
0.0158,0.3949999999999944,25.0,1.0,0.0,1.0,5.0,0.0,0.0,0.0,0.0,0.0,0.0,0.0
0.0159,0.3974999999999942,25.0,1.0,0.0,1.0,5.0,0.0,0.0,0.0,0.0,0.0,0.0,0.0
0.016,0.39999999999999397,25.0,1.0,0.0,1.0,5.0,0.0,0.0,0.0,0.0,0.0,0.0,0.0
0.0161,0.40249999999999375,25.0,1.0,0.0,1.0,5.0,0.0,0.0,0.0,0.0,0.0,0.0,0.0
0.0162,0.40499999999999353,25.0,1.0,0.0,1.0,5.0,0.0,0.0,0.0,0.0,0.0,0.0,0.0
0.0163,0.4074999999999933,25.0,1.0,0.0,1.0,5.0,0.0,0.0,0.0,0.0,0.0,0.0,0.0
0.0164,0.40999999999999315,25.0,1.0,0.0,1.0,5.0,0.0,0.0,0.0,0.0,0.0,0.0,0.0
0.0165,0.41249999999999293,25.0,1.0,0.0,1.0,5.0,0.0,0.0,0.0,0.0,0.0,0.0,0.0
0.0166,0.4149999999999927,25.0,1.0,0.0,1.0,5.0,0.0,0.0,0.0,0.0,0.0,0.0,0.0
0.0167,0.4174999999999925,25.0,1.0,0.0,1.0,5.0,0.0,0.0,0.0,0.0,0.0,0.0,0.0
0.0168,0.41999999999999227,25.0,1.0,0.0,1.0,5.0,0.0,0.0,0.0,0.0,0.0,0.0,0.0
0.0169,0.42249999999999205,25.0,1.0,0.0,1.0,5.0,0.0,0.0,0.0,0.0,0.0,0.0,0.0
0.017,0.4249999999999919,25.0,1.0,0.0,1.0,5.0,0.0,0.0,0.0,0.0,0.0,0.0,0.0
0.0171,0.42749999999999166,25.0,1.0,0.0,1.0,5.0,0.0,0.0,0.0,0.0,0.0,0.0,0.0
0.0172,0.42999999999999144,25.0,1.0,0.0,1.0,5.0,0.0,0.0,0.0,0.0,0.0,0.0,0.0
0.0173,0.4324999999999912,25.0,1.0,0.0,1.0,5.0,0.0,0.0,0.0,0.0,0.0,0.0,0.0
0.0174,0.434999999999991,25.0,1.0,0.0,1.0,5.0,0.0,0.0,0.0,0.0,0.0,0.0,0.0
0.0175,0.43749999999999084,25.0,1.0,0.0,1.0,5.0,0.0,0.0,0.0,0.0,0.0,0.0,0.0
0.0176,0.4399999999999906,25.0,1.0,0.0,1.0,5.0,0.0,0.0,0.0,0.0,0.0,0.0,0.0
0.0177,0.4424999999999904,25.0,1.0,0.0,1.0,5.0,0.0,0.0,0.0,0.0,0.0,0.0,0.0
0.0178,0.4449999999999902,25.0,1.0,0.0,1.0,5.0,0.0,0.0,0.0,0.0,0.0,0.0,0.0
0.0179,0.44749999999998996,25.0,1.0,0.0,1.0,5.0,0.0,0.0,0.0,0.0,0.0,0.0,0.0
0.018,0.44999999999998974,25.0,1.0,0.0,1.0,5.0,0.0,0.0,0.0,0.0,0.0,0.0,0.0
0.0181,0.4524999999999896,25.0,1.0,0.0,1.0,5.0,0.0,0.0,0.0,0.0,0.0,0.0,0.0
0.0182,0.45499999999998936,25.0,1.0,0.0,1.0,5.0,0.0,0.0,0.0,0.0,0.0,0.0,0.0
0.0183,0.45749999999998914,25.0,1.0,0.0,1.0,5.0,0.0,0.0,0.0,0.0,0.0,0.0,0.0
0.0184,0.4599999999999889,25.0,1.0,0.0,1.0,5.0,0.0,0.0,0.0,0.0,0.0,0.0,0.0
0.0185,0.4624999999999887,25.0,1.0,0.0,1.0,5.0,0.0,0.0,0.0,0.0,0.0,0.0,0.0
0.0186,0.4649999999999885,25.0,1.0,0.0,1.0,5.0,0.0,0.0,0.0,0.0,0.0,0.0,0.0
0.0187,0.4674999999999883,25.0,1.0,0.0,1.0,5.0,0.0,0.0,0.0,0.0,0.0,0.0,0.0
0.0188,0.4699999999999881,25.0,1.0,0.0,1.0,5.0,0.0,0.0,0.0,0.0,0.0,0.0,0.0
0.0189,0.4724999999999879,25.0,1.0,0.0,1.0,5.0,0.0,0.0,0.0,0.0,0.0,0.0,0.0
0.019,0.47499999999998765,25.0,1.0,0.0,1.0,5.0,0.0,0.0,0.0,0.0,0.0,0.0,0.0
0.0191,0.47749999999998743,25.0,1.0,0.0,1.0,5.0,0.0,0.0,0.0,0.0,0.0,0.0,0.0
0.0192,0.4799999999999872,25.0,1.0,0.0,1.0,5.0,0.0,0.0,0.0,0.0,0.0,0.0,0.0
0.0193,0.48249999999998705,25.0,1.0,0.0,1.0,5.0,0.0,0.0,0.0,0.0,0.0,0.0,0.0
0.0194,0.48499999999998683,25.0,1.0,0.0,1.0,5.0,0.0,0.0,0.0,0.0,0.0,0.0,0.0
0.0195,0.4874999999999866,25.0,1.0,0.0,1.0,5.0,0.0,0.0,0.0,0.0,0.0,0.0,0.0
0.0196,0.4899999999999864,25.0,1.0,0.0,1.0,5.0,0.0,0.0,0.0,0.0,0.0,0.0,0.0
0.0197,0.49249999999998617,25.0,1.0,0.0,1.0,5.0,0.0,0.0,0.0,0.0,0.0,0.0,0.0
0.0198,0.494999999999986,25.0,1.0,0.0,1.0,5.0,0.0,0.0,0.0,0.0,0.0,0.0,0.0
0.0199,0.4974999999999858,25.0,1.0,0.0,1.0,5.0,0.0,0.0,0.0,0.0,0.0,0.0,0.0
0.02,0.4999999999999855,25.0,1.0,0.0,1.0,5.0,0.0,0.0,0.0,0.0,0.0,0.0,0.0
0.0201,0.5024999999999854,25.0,1.0,0.0,1.0,5.0,0.0,0.0,0.0,0.0,0.0,0.0,0.0
0.0202,0.5049999999999852,25.0,1.0,0.0,1.0,5.0,0.0,0.0,0.0,0.0,0.0,0.0,0.0
0.0203,0.5074999999999851,25.0,1.0,0.0,1.0,5.0,0.0,0.0,0.0,0.0,0.0,0.0,0.0
0.0204,0.5099999999999849,25.0,1.0,0.0,1.0,5.0,0.0,0.0,0.0,0.0,0.0,0.0,0.0
0.0205,0.5124999999999847,25.0,1.0,0.0,1.0,5.0,0.0,0.0,0.0,0.0,0.0,0.0,0.0
0.0206,0.5149999999999846,25.0,1.0,0.0,1.0,5.0,0.0,0.0,0.0,0.0,0.0,0.0,0.0
0.0207,0.5174999999999844,25.0,1.0,0.0,1.0,5.0,0.0,0.0,0.0,0.0,0.0,0.0,0.0
0.0208,0.5199999999999843,25.0,1.0,0.0,1.0,5.0,0.0,0.0,0.0,0.0,0.0,0.0,0.0
0.0209,0.5224999999999841,25.0,1.0,0.0,1.0,5.0,0.0,0.0,0.0,0.0,0.0,0.0,0.0
0.021,0.5249999999999839,25.0,1.0,0.0,1.0,5.0,0.0,0.0,0.0,0.0,0.0,0.0,0.0
0.0211,0.5274999999999838,25.0,1.0,0.0,1.0,5.0,0.0,0.0,0.0,0.0,0.0,0.0,0.0
0.0212,0.5299999999999836,25.0,1.0,0.0,1.0,5.0,0.0,0.0,0.0,0.0,0.0,0.0,0.0
0.0213,0.5324999999999834,25.0,1.0,0.0,1.0,5.0,0.0,0.0,0.0,0.0,0.0,0.0,0.0
0.0214,0.5349999999999833,25.0,1.0,0.0,1.0,5.0,0.0,0.0,0.0,0.0,0.0,0.0,0.0
0.0215,0.5374999999999831,25.0,1.0,0.0,1.0,5.0,0.0,0.0,0.0,0.0,0.0,0.0,0.0
0.0216,0.5399999999999829,25.0,1.0,0.0,1.0,5.0,0.0,0.0,0.0,0.0,0.0,0.0,0.0
0.0217,0.5424999999999828,25.0,1.0,0.0,1.0,5.0,0.0,0.0,0.0,0.0,0.0,0.0,0.0
0.0218,0.5449999999999826,25.0,1.0,0.0,1.0,5.0,0.0,0.0,0.0,0.0,0.0,0.0,0.0
0.0219,0.5474999999999824,25.0,1.0,0.0,1.0,5.0,0.0,0.0,0.0,0.0,0.0,0.0,0.0
0.022,0.5499999999999823,25.0,1.0,0.0,1.0,5.0,0.0,0.0,0.0,0.0,0.0,0.0,0.0
0.0221,0.5524999999999821,25.0,1.0,0.0,1.0,5.0,0.0,0.0,0.0,0.0,0.0,0.0,0.0
0.0222,0.554999999999982,25.0,1.0,0.0,1.0,5.0,0.0,0.0,0.0,0.0,0.0,0.0,0.0
0.0223,0.5574999999999818,25.0,1.0,0.0,1.0,5.0,0.0,0.0,0.0,0.0,0.0,0.0,0.0
0.0224,0.5599999999999816,25.0,1.0,0.0,1.0,5.0,0.0,0.0,0.0,0.0,0.0,0.0,0.0
0.0225,0.5624999999999815,25.0,1.0,0.0,1.0,5.0,0.0,0.0,0.0,0.0,0.0,0.0,0.0
0.0226,0.5649999999999813,25.0,1.0,0.0,1.0,5.0,0.0,0.0,0.0,0.0,0.0,0.0,0.0
0.0227,0.5674999999999811,25.0,1.0,0.0,1.0,5.0,0.0,0.0,0.0,0.0,0.0,0.0,0.0
0.0228,0.569999999999981,25.0,1.0,0.0,1.0,5.0,0.0,0.0,0.0,0.0,0.0,0.0,0.0
0.0229,0.5724999999999808,25.0,1.0,0.0,1.0,5.0,0.0,0.0,0.0,0.0,0.0,0.0,0.0
0.023,0.5749999999999806,25.0,1.0,0.0,1.0,5.0,0.0,0.0,0.0,0.0,0.0,0.0,0.0
0.0231,0.5774999999999805,25.0,1.0,0.0,1.0,5.0,0.0,0.0,0.0,0.0,0.0,0.0,0.0
0.0232,0.5799999999999803,25.0,1.0,0.0,1.0,5.0,0.0,0.0,0.0,0.0,0.0,0.0,0.0
0.0233,0.5824999999999801,25.0,1.0,0.0,1.0,5.0,0.0,0.0,0.0,0.0,0.0,0.0,0.0
0.0234,0.58499999999998,25.0,1.0,0.0,1.0,5.0,0.0,0.0,0.0,0.0,0.0,0.0,0.0
0.0235,0.5874999999999798,25.0,1.0,0.0,1.0,5.0,0.0,0.0,0.0,0.0,0.0,0.0,0.0
0.0236,0.5899999999999797,25.0,1.0,0.0,1.0,5.0,0.0,0.0,0.0,0.0,0.0,0.0,0.0
0.0237,0.5924999999999795,25.0,1.0,0.0,1.0,5.0,0.0,0.0,0.0,0.0,0.0,0.0,0.0
0.0238,0.5949999999999793,25.0,1.0,0.0,1.0,5.0,0.0,0.0,0.0,0.0,0.0,0.0,0.0
0.0239,0.5974999999999792,25.0,1.0,0.0,1.0,5.0,0.0,0.0,0.0,0.0,0.0,0.0,0.0
0.024,0.599999999999979,25.0,1.0,0.0,1.0,5.0,0.0,0.0,0.0,0.0,0.0,0.0,0.0
0.0241,0.6024999999999788,25.0,1.0,0.0,1.0,5.0,0.0,0.0,0.0,0.0,0.0,0.0,0.0
0.0242,0.6049999999999787,25.0,1.0,0.0,1.0,5.0,0.0,0.0,0.0,0.0,0.0,0.0,0.0
0.0243,0.6074999999999785,25.0,1.0,0.0,1.0,5.0,0.0,0.0,0.0,0.0,0.0,0.0,0.0
0.0244,0.6099999999999783,25.0,1.0,0.0,1.0,5.0,0.0,0.0,0.0,0.0,0.0,0.0,0.0
0.0245,0.6124999999999782,25.0,1.0,0.0,1.0,5.0,0.0,0.0,0.0,0.0,0.0,0.0,0.0
0.0246,0.614999999999978,25.0,1.0,0.0,1.0,5.0,0.0,0.0,0.0,0.0,0.0,0.0,0.0
0.0247,0.6174999999999778,25.0,1.0,0.0,1.0,5.0,0.0,0.0,0.0,0.0,0.0,0.0,0.0
0.0248,0.6199999999999777,25.0,1.0,0.0,1.0,5.0,0.0,0.0,0.0,0.0,0.0,0.0,0.0
0.0249,0.6224999999999775,25.0,1.0,0.0,1.0,5.0,0.0,0.0,0.0,0.0,0.0,0.0,0.0
0.025,0.6249999999999774,25.0,1.0,0.0,1.0,5.0,0.0,0.0,0.0,0.0,0.0,0.0,0.0
0.0251,0.6274999999999772,25.0,1.0,0.0,1.0,5.0,0.0,0.0,0.0,0.0,0.0,0.0,0.0
0.0252,0.629999999999977,25.0,1.0,0.0,1.0,5.0,0.0,0.0,0.0,0.0,0.0,0.0,0.0
0.0253,0.6324999999999769,25.0,1.0,0.0,1.0,5.0,0.0,0.0,0.0,0.0,0.0,0.0,0.0
0.0254,0.6349999999999767,25.0,1.0,0.0,1.0,5.0,0.0,0.0,0.0,0.0,0.0,0.0,0.0
0.0255,0.6374999999999765,25.0,1.0,0.0,1.0,5.0,0.0,0.0,0.0,0.0,0.0,0.0,0.0
0.0256,0.6399999999999764,25.0,1.0,0.0,1.0,5.0,0.0,0.0,0.0,0.0,0.0,0.0,0.0
0.0257,0.6424999999999762,25.0,1.0,0.0,1.0,5.0,0.0,0.0,0.0,0.0,0.0,0.0,0.0
0.0258,0.644999999999976,25.0,1.0,0.0,1.0,5.0,0.0,0.0,0.0,0.0,0.0,0.0,0.0
0.0259,0.6474999999999759,25.0,1.0,0.0,1.0,5.0,0.0,0.0,0.0,0.0,0.0,0.0,0.0
0.026,0.6499999999999757,25.0,1.0,0.0,1.0,5.0,0.0,0.0,0.0,0.0,0.0,0.0,0.0
0.0261,0.6524999999999755,25.0,1.0,0.0,1.0,5.0,0.0,0.0,0.0,0.0,0.0,0.0,0.0
0.0262,0.6549999999999754,25.0,1.0,0.0,1.0,5.0,0.0,0.0,0.0,0.0,0.0,0.0,0.0
0.0263,0.6574999999999752,25.0,1.0,0.0,1.0,5.0,0.0,0.0,0.0,0.0,0.0,0.0,0.0
0.0264,0.659999999999975,25.0,1.0,0.0,1.0,5.0,0.0,0.0,0.0,0.0,0.0,0.0,0.0
0.0265,0.6624999999999749,25.0,1.0,0.0,1.0,5.0,0.0,0.0,0.0,0.0,0.0,0.0,0.0
0.0266,0.6649999999999747,25.0,1.0,0.0,1.0,5.0,0.0,0.0,0.0,0.0,0.0,0.0,0.0
0.0267,0.6674999999999746,25.0,1.0,0.0,1.0,5.0,0.0,0.0,0.0,0.0,0.0,0.0,0.0
0.0268,0.6699999999999744,25.0,1.0,0.0,1.0,5.0,0.0,0.0,0.0,0.0,0.0,0.0,0.0
0.0269,0.6724999999999742,25.0,1.0,0.0,1.0,5.0,0.0,0.0,0.0,0.0,0.0,0.0,0.0
0.027,0.6749999999999741,25.0,1.0,0.0,1.0,5.0,0.0,0.0,0.0,0.0,0.0,0.0,0.0
0.0271,0.6774999999999739,25.0,1.0,0.0,1.0,5.0,0.0,0.0,0.0,0.0,0.0,0.0,0.0
0.0272,0.6799999999999737,25.0,1.0,0.0,1.0,5.0,0.0,0.0,0.0,0.0,0.0,0.0,0.0
0.0273,0.6824999999999736,25.0,1.0,0.0,1.0,5.0,0.0,0.0,0.0,0.0,0.0,0.0,0.0
0.0274,0.6849999999999734,25.0,1.0,0.0,1.0,5.0,0.0,0.0,0.0,0.0,0.0,0.0,0.0
0.0275,0.6874999999999732,25.0,1.0,0.0,1.0,5.0,0.0,0.0,0.0,0.0,0.0,0.0,0.0
0.0276,0.6899999999999731,25.0,1.0,0.0,1.0,5.0,0.0,0.0,0.0,0.0,0.0,0.0,0.0
0.0277,0.6924999999999729,25.0,1.0,0.0,1.0,5.0,0.0,0.0,0.0,0.0,0.0,0.0,0.0
0.0278,0.6949999999999728,25.0,1.0,0.0,1.0,5.0,0.0,0.0,0.0,0.0,0.0,0.0,0.0
0.0279,0.6974999999999726,25.0,1.0,0.0,1.0,5.0,0.0,0.0,0.0,0.0,0.0,0.0,0.0
0.028,0.6999999999999724,25.0,1.0,0.0,1.0,5.0,0.0,0.0,0.0,0.0,0.0,0.0,0.0
0.0281,0.7024999999999723,25.0,1.0,0.0,1.0,5.0,0.0,0.0,0.0,0.0,0.0,0.0,0.0
0.0282,0.7049999999999721,25.0,1.0,0.0,1.0,5.0,0.0,0.0,0.0,0.0,0.0,0.0,0.0
0.0283,0.7074999999999719,25.0,1.0,0.0,1.0,5.0,0.0,0.0,0.0,0.0,0.0,0.0,0.0
0.0284,0.7099999999999718,25.0,1.0,0.0,1.0,5.0,0.0,0.0,0.0,0.0,0.0,0.0,0.0
0.0285,0.7124999999999716,25.0,1.0,0.0,1.0,5.0,0.0,0.0,0.0,0.0,0.0,0.0,0.0
0.0286,0.7149999999999714,25.0,1.0,0.0,1.0,5.0,0.0,0.0,0.0,0.0,0.0,0.0,0.0
0.0287,0.7174999999999713,25.0,1.0,0.0,1.0,5.0,0.0,0.0,0.0,0.0,0.0,0.0,0.0
0.0288,0.7199999999999711,25.0,1.0,0.0,1.0,5.0,0.0,0.0,0.0,0.0,0.0,0.0,0.0
0.0289,0.7224999999999709,25.0,1.0,0.0,1.0,5.0,0.0,0.0,0.0,0.0,0.0,0.0,0.0
0.029,0.7249999999999708,25.0,1.0,0.0,1.0,5.0,0.0,0.0,0.0,0.0,0.0,0.0,0.0
0.0291,0.7274999999999706,25.0,1.0,0.0,1.0,5.0,0.0,0.0,0.0,0.0,0.0,0.0,0.0
0.0292,0.7299999999999705,25.0,1.0,0.0,1.0,5.0,0.0,0.0,0.0,0.0,0.0,0.0,0.0
0.0293,0.7324999999999703,25.0,1.0,0.0,1.0,5.0,0.0,0.0,0.0,0.0,0.0,0.0,0.0
0.0294,0.7349999999999701,25.0,1.0,0.0,1.0,5.0,0.0,0.0,0.0,0.0,0.0,0.0,0.0
0.0295,0.73749999999997,25.0,1.0,0.0,1.0,5.0,0.0,0.0,0.0,0.0,0.0,0.0,0.0
0.0296,0.7399999999999698,25.0,1.0,0.0,1.0,5.0,0.0,0.0,0.0,0.0,0.0,0.0,0.0
0.0297,0.7424999999999696,25.0,1.0,0.0,1.0,5.0,0.0,0.0,0.0,0.0,0.0,0.0,0.0
0.0298,0.7449999999999695,25.0,1.0,0.0,1.0,5.0,0.0,0.0,0.0,0.0,0.0,0.0,0.0
0.0299,0.7474999999999693,25.0,1.0,0.0,1.0,5.0,0.0,0.0,0.0,0.0,0.0,0.0,0.0
0.03,0.7499999999999691,25.0,1.0,0.0,1.0,5.0,0.0,0.0,0.0,0.0,0.0,0.0,0.0
0.0301,0.752499999999969,25.0,1.0,0.0,1.0,5.0,0.0,0.0,0.0,0.0,0.0,0.0,0.0
0.0302,0.7549999999999688,25.0,1.0,0.0,1.0,5.0,0.0,0.0,0.0,0.0,0.0,0.0,0.0
0.0303,0.7574999999999686,25.0,1.0,0.0,1.0,5.0,0.0,0.0,0.0,0.0,0.0,0.0,0.0
0.0304,0.7599999999999685,25.0,1.0,0.0,1.0,5.0,0.0,0.0,0.0,0.0,0.0,0.0,0.0
0.0305,0.7624999999999683,25.0,1.0,0.0,1.0,5.0,0.0,0.0,0.0,0.0,0.0,0.0,0.0
0.0306,0.7649999999999681,25.0,1.0,0.0,1.0,5.0,0.0,0.0,0.0,0.0,0.0,0.0,0.0
0.0307,0.767499999999968,25.0,1.0,0.0,1.0,5.0,0.0,0.0,0.0,0.0,0.0,0.0,0.0
0.0308,0.7699999999999678,25.0,1.0,0.0,1.0,5.0,0.0,0.0,0.0,0.0,0.0,0.0,0.0
0.0309,0.7724999999999677,25.0,1.0,0.0,1.0,5.0,0.0,0.0,0.0,0.0,0.0,0.0,0.0
0.031,0.7749999999999675,25.0,1.0,0.0,1.0,5.0,0.0,0.0,0.0,0.0,0.0,0.0,0.0
0.0311,0.7774999999999673,25.0,1.0,0.0,1.0,5.0,0.0,0.0,0.0,0.0,0.0,0.0,0.0
0.0312,0.7799999999999672,25.0,1.0,0.0,1.0,5.0,0.0,0.0,0.0,0.0,0.0,0.0,0.0
0.0313,0.7824999999999668,25.0,1.0,0.0,1.0,5.0,0.0,0.0,0.0,0.0,0.0,0.0,0.0
0.0314,0.7849999999999657,25.0,1.0,0.0,1.0,5.0,0.0,0.0,0.0,0.0,0.0,0.0,0.0
0.0315,0.7874999999999649,25.0,1.0,0.0,1.0,5.0,0.0,0.0,0.0,0.0,0.0,0.0,0.0
0.0316,0.7899999999999641,25.0,1.0,0.0,1.0,5.0,0.0,0.0,0.0,0.0,0.0,0.0,0.0
0.0317,0.792499999999963,25.0,1.0,0.0,1.0,5.0,0.0,0.0,0.0,0.0,0.0,0.0,0.0
0.0318,0.7949999999999622,25.0,1.0,0.0,1.0,5.0,0.0,0.0,0.0,0.0,0.0,0.0,0.0
0.0319,0.7974999999999611,25.0,1.0,0.0,1.0,5.0,0.0,0.0,0.0,0.0,0.0,0.0,0.0
0.032,0.7999999999999603,25.0,1.0,0.0,1.0,5.0,0.0,0.0,0.0,0.0,0.0,0.0,0.0
0.0321,0.8024999999999592,25.0,1.0,0.0,1.0,5.0,0.0,0.0,0.0,0.0,0.0,0.0,0.0
0.0322,0.8049999999999584,25.0,1.0,0.0,1.0,5.0,0.0,0.0,0.0,0.0,0.0,0.0,0.0
0.0323,0.8074999999999576,25.0,1.0,0.0,1.0,5.0,0.0,0.0,0.0,0.0,0.0,0.0,0.0
0.0324,0.8099999999999565,25.0,1.0,0.0,1.0,5.0,0.0,0.0,0.0,0.0,0.0,0.0,0.0
0.0325,0.8124999999999557,25.0,1.0,0.0,1.0,5.0,0.0,0.0,0.0,0.0,0.0,0.0,0.0
0.0326,0.8149999999999546,25.0,1.0,0.0,1.0,5.0,0.0,0.0,0.0,0.0,0.0,0.0,0.0
0.0327,0.8174999999999538,25.0,1.0,0.0,1.0,5.0,0.0,0.0,0.0,0.0,0.0,0.0,0.0
0.0328,0.819999999999953,25.0,1.0,0.0,1.0,5.0,0.0,0.0,0.0,0.0,0.0,0.0,0.0
0.0329,0.8224999999999519,25.0,1.0,0.0,1.0,5.0,0.0,0.0,0.0,0.0,0.0,0.0,0.0
0.033,0.8249999999999511,25.0,1.0,0.0,1.0,5.0,0.0,0.0,0.0,0.0,0.0,0.0,0.0
0.0331,0.82749999999995,25.0,1.0,0.0,1.0,5.0,0.0,0.0,0.0,0.0,0.0,0.0,0.0
0.0332,0.8299999999999492,25.0,1.0,0.0,1.0,5.0,0.0,0.0,0.0,0.0,0.0,0.0,0.0
0.0333,0.8324999999999484,25.0,1.0,0.0,1.0,5.0,0.0,0.0,0.0,0.0,0.0,0.0,0.0
0.0334,0.8349999999999473,25.0,1.0,0.0,1.0,5.0,0.0,0.0,0.0,0.0,0.0,0.0,0.0
0.0335,0.8374999999999465,25.0,1.0,0.0,1.0,5.0,0.0,0.0,0.0,0.0,0.0,0.0,0.0
0.0336,0.8399999999999455,25.0,1.0,0.0,1.0,5.0,0.0,0.0,0.0,0.0,0.0,0.0,0.0
0.0337,0.8424999999999446,25.0,1.0,0.0,1.0,5.0,0.0,0.0,0.0,0.0,0.0,0.0,0.0
0.0338,0.8449999999999436,25.0,1.0,0.0,1.0,5.0,0.0,0.0,0.0,0.0,0.0,0.0,0.0
0.0339,0.8474999999999427,25.0,1.0,0.0,1.0,5.0,0.0,0.0,0.0,0.0,0.0,0.0,0.0
0.034,0.8499999999999419,25.0,1.0,0.0,1.0,5.0,0.0,0.0,0.0,0.0,0.0,0.0,0.0
0.0341,0.8524999999999409,25.0,1.0,0.0,1.0,5.0,0.0,0.0,0.0,0.0,0.0,0.0,0.0
0.0342,0.85499999999994,25.0,1.0,0.0,1.0,5.0,0.0,0.0,0.0,0.0,0.0,0.0,0.0
0.0343,0.857499999999939,25.0,1.0,0.0,1.0,5.0,0.0,0.0,0.0,0.0,0.0,0.0,0.0
0.0344,0.8599999999999381,25.0,1.0,0.0,1.0,5.0,0.0,0.0,0.0,0.0,0.0,0.0,0.0
0.0345,0.8624999999999373,25.0,1.0,0.0,1.0,5.0,0.0,0.0,0.0,0.0,0.0,0.0,0.0
0.0346,0.8649999999999363,25.0,1.0,0.0,1.0,5.0,0.0,0.0,0.0,0.0,0.0,0.0,0.0
0.0347,0.8674999999999354,25.0,1.0,0.0,1.0,5.0,0.0,0.0,0.0,0.0,0.0,0.0,0.0
0.0348,0.8699999999999344,25.0,1.0,0.0,1.0,5.0,0.0,0.0,0.0,0.0,0.0,0.0,0.0
0.0349,0.8724999999999336,25.0,1.0,0.0,1.0,5.0,0.0,0.0,0.0,0.0,0.0,0.0,0.0
0.035,0.8749999999999327,25.0,1.0,0.0,1.0,5.0,0.0,0.0,0.0,0.0,0.0,0.0,0.0
0.0351,0.8774999999999317,25.0,1.0,0.0,1.0,5.0,0.0,0.0,0.0,0.0,0.0,0.0,0.0
0.0352,0.8799999999999308,25.0,1.0,0.0,1.0,5.0,0.0,0.0,0.0,0.0,0.0,0.0,0.0
0.0353,0.8824999999999298,25.0,1.0,0.0,1.0,5.0,0.0,0.0,0.0,0.0,0.0,0.0,0.0
0.0354,0.884999999999929,25.0,1.0,0.0,1.0,5.0,0.0,0.0,0.0,0.0,0.0,0.0,0.0
0.0355,0.8874999999999279,25.0,1.0,0.0,1.0,5.0,0.0,0.0,0.0,0.0,0.0,0.0,0.0
0.0356,0.8899999999999271,25.0,1.0,0.0,1.0,5.0,0.0,0.0,0.0,0.0,0.0,0.0,0.0
0.0357,0.8924999999999262,25.0,1.0,0.0,1.0,5.0,0.0,0.0,0.0,0.0,0.0,0.0,0.0
0.0358,0.8949999999999252,25.0,1.0,0.0,1.0,5.0,0.0,0.0,0.0,0.0,0.0,0.0,0.0
0.0359,0.8974999999999244,25.0,1.0,0.0,1.0,5.0,0.0,0.0,0.0,0.0,0.0,0.0,0.0
0.036,0.8999999999999233,25.0,1.0,0.0,1.0,5.0,0.0,0.0,0.0,0.0,0.0,0.0,0.0
0.0361,0.9024999999999225,25.0,1.0,0.0,1.0,5.0,0.0,0.0,0.0,0.0,0.0,0.0,0.0
0.0362,0.9049999999999216,25.0,1.0,0.0,1.0,5.0,0.0,0.0,0.0,0.0,0.0,0.0,0.0
0.0363,0.9074999999999206,25.0,1.0,0.0,1.0,5.0,0.0,0.0,0.0,0.0,0.0,0.0,0.0
0.0364,0.9099999999999198,25.0,1.0,0.0,1.0,5.0,0.0,0.0,0.0,0.0,0.0,0.0,0.0
0.0365,0.9124999999999187,25.0,1.0,0.0,1.0,5.0,0.0,0.0,0.0,0.0,0.0,0.0,0.0
0.0366,0.9149999999999179,25.0,1.0,0.0,1.0,5.0,0.0,0.0,0.0,0.0,0.0,0.0,0.0
0.0367,0.917499999999917,25.0,1.0,0.0,1.0,5.0,0.0,0.0,0.0,0.0,0.0,0.0,0.0
0.0368,0.919999999999916,25.0,1.0,0.0,1.0,5.0,0.0,0.0,0.0,0.0,0.0,0.0,0.0
0.0369,0.9224999999999152,25.0,1.0,0.0,1.0,5.0,0.0,0.0,0.0,0.0,0.0,0.0,0.0
0.037,0.9249999999999141,25.0,1.0,0.0,1.0,5.0,0.0,0.0,0.0,0.0,0.0,0.0,0.0
0.0371,0.9274999999999133,25.0,1.0,0.0,1.0,5.0,0.0,0.0,0.0,0.0,0.0,0.0,0.0
0.0372,0.9299999999999122,25.0,1.0,0.0,1.0,5.0,0.0,0.0,0.0,0.0,0.0,0.0,0.0
0.0373,0.9324999999999114,25.0,1.0,0.0,1.0,5.0,0.0,0.0,0.0,0.0,0.0,0.0,0.0
0.0374,0.9349999999999106,25.0,1.0,0.0,1.0,5.0,0.0,0.0,0.0,0.0,0.0,0.0,0.0
0.0375,0.9374999999999095,25.0,1.0,0.0,1.0,5.0,0.0,0.0,0.0,0.0,0.0,0.0,0.0
0.0376,0.9399999999999087,25.0,1.0,0.0,1.0,5.0,0.0,0.0,0.0,0.0,0.0,0.0,0.0
0.0377,0.9424999999999076,25.0,1.0,0.0,1.0,5.0,0.0,0.0,0.0,0.0,0.0,0.0,0.0
0.0378,0.9449999999999068,25.0,1.0,0.0,1.0,5.0,0.0,0.0,0.0,0.0,0.0,0.0,0.0
0.0379,0.947499999999906,25.0,1.0,0.0,1.0,5.0,0.0,0.0,0.0,0.0,0.0,0.0,0.0
0.038,0.9499999999999049,25.0,1.0,0.0,1.0,5.0,0.0,0.0,0.0,0.0,0.0,0.0,0.0
0.0381,0.9524999999999041,25.0,1.0,0.0,1.0,5.0,0.0,0.0,0.0,0.0,0.0,0.0,0.0
0.0382,0.954999999999903,25.0,1.0,0.0,1.0,5.0,0.0,0.0,0.0,0.0,0.0,0.0,0.0
0.0383,0.9574999999999022,25.0,1.0,0.0,1.0,5.0,0.0,0.0,0.0,0.0,0.0,0.0,0.0
0.0384,0.9599999999999012,25.0,1.0,0.0,1.0,5.0,0.0,0.0,0.0,0.0,0.0,0.0,0.0
0.0385,0.9624999999999003,25.0,1.0,0.0,1.0,5.0,0.0,0.0,0.0,0.0,0.0,0.0,0.0
0.0386,0.9649999999998995,25.0,1.0,0.0,1.0,5.0,0.0,0.0,0.0,0.0,0.0,0.0,0.0
0.0387,0.9674999999998984,25.0,1.0,0.0,1.0,5.0,0.0,0.0,0.0,0.0,0.0,0.0,0.0
0.0388,0.9699999999998976,25.0,1.0,0.0,1.0,5.0,0.0,0.0,0.0,0.0,0.0,0.0,0.0
0.0389,0.9724999999998966,25.0,1.0,0.0,1.0,5.0,0.0,0.0,0.0,0.0,0.0,0.0,0.0
0.039,0.9749999999998957,25.0,1.0,0.0,1.0,5.0,0.0,0.0,0.0,0.0,0.0,0.0,0.0
0.0391,0.9774999999998949,25.0,1.0,0.0,1.0,5.0,0.0,0.0,0.0,0.0,0.0,0.0,0.0
0.0392,0.9799999999998938,25.0,1.0,0.0,1.0,5.0,0.0,0.0,0.0,0.0,0.0,0.0,0.0
0.0393,0.982499999999893,25.0,1.0,0.0,1.0,5.0,0.0,0.0,0.0,0.0,0.0,0.0,0.0
0.0394,0.984999999999892,25.0,1.0,0.0,1.0,5.0,0.0,0.0,0.0,0.0,0.0,0.0,0.0
0.0395,0.9874999999998911,25.0,1.0,0.0,1.0,5.0,0.0,0.0,0.0,0.0,0.0,0.0,0.0
0.0396,0.9899999999998903,25.0,1.0,0.0,1.0,5.0,0.0,0.0,0.0,0.0,0.0,0.0,0.0
0.0397,0.9924999999998892,25.0,1.0,0.0,1.0,5.0,0.0,0.0,0.0,0.0,0.0,0.0,0.0
0.0398,0.9949999999998884,25.0,1.0,0.0,1.0,5.0,0.0,0.0,0.0,0.0,0.0,0.0,0.0
0.0399,0.9974999999998874,25.0,1.0,0.0,1.0,5.0,0.0,0.0,0.0,0.0,0.0,0.0,0.0
0.04,0.9999999999998865,25.0,1.0,0.0,1.0,5.0,0.0,0.0,0.0,0.0,0.0,0.0,0.0
0.0401,1.0024999999998847,25.0,1.0,0.0,1.0,5.0,0.0,0.0,0.0,0.0,0.0,0.0,0.0
0.0402,1.0049999999998829,25.0,1.0,0.0,1.0,5.0,0.0,0.0,0.0,0.0,0.0,0.0,0.0
0.0403,1.007499999999881,25.0,1.0,0.0,1.0,5.0,0.0,0.0,0.0,0.0,0.0,0.0,0.0
0.0404,1.0099999999998792,25.0,1.0,0.0,1.0,5.0,0.0,0.0,0.0,0.0,0.0,0.0,0.0
0.0405,1.0124999999998774,25.0,1.0,0.0,1.0,5.0,0.0,0.0,0.0,0.0,0.0,0.0,0.0
0.0406,1.0149999999998756,25.0,1.0,0.0,1.0,5.0,0.0,0.0,0.0,0.0,0.0,0.0,0.0
0.0407,1.0174999999998737,25.0,1.0,0.0,1.0,5.0,0.0,0.0,0.0,0.0,0.0,0.0,0.0
0.0408,1.019999999999872,25.0,1.0,0.0,1.0,5.0,0.0,0.0,0.0,0.0,0.0,0.0,0.0
0.0409,1.02249999999987,25.0,1.0,0.0,1.0,5.0,0.0,0.0,0.0,0.0,0.0,0.0,0.0
0.041,1.0249999999998682,25.0,1.0,0.0,1.0,5.0,0.0,0.0,0.0,0.0,0.0,0.0,0.0
0.0411,1.0274999999998664,25.0,1.0,0.0,1.0,5.0,0.0,0.0,0.0,0.0,0.0,0.0,0.0
0.0412,1.0299999999998646,25.0,1.0,0.0,1.0,5.0,0.0,0.0,0.0,0.0,0.0,0.0,0.0
0.0413,1.0324999999998627,25.0,1.0,0.0,1.0,5.0,0.0,0.0,0.0,0.0,0.0,0.0,0.0
0.0414,1.034999999999861,25.0,1.0,0.0,1.0,5.0,0.0,0.0,0.0,0.0,0.0,0.0,0.0
0.0415,1.037499999999859,25.0,1.0,0.0,1.0,5.0,0.0,0.0,0.0,0.0,0.0,0.0,0.0
0.0416,1.0399999999998573,25.0,1.0,0.0,1.0,5.0,0.0,0.0,0.0,0.0,0.0,0.0,0.0
0.0417,1.0424999999998554,25.0,1.0,0.0,1.0,5.0,0.0,0.0,0.0,0.0,0.0,0.0,0.0
0.0418,1.0449999999998536,25.0,1.0,0.0,1.0,5.0,0.0,0.0,0.0,0.0,0.0,0.0,0.0
0.0419,1.0474999999998518,25.0,0.0,0.0,1.0,1.0,0.0,0.0,0.0,0.0,0.0,0.0,1.0
0.042,1.04999999999985,25.0,0.0,0.0,1.0,1.0,0.0,0.0,0.0,0.0,0.0,0.0,1.0
0.0421,1.0524999999998481,25.0,0.0,0.0,1.0,1.0,0.0,0.0,0.0,0.0,0.0,0.0,1.0
0.0422,1.0549999999998463,25.0,0.0,0.0,1.0,1.0,0.0,0.0,0.0,0.0,0.0,0.0,1.0
0.0423,1.0574999999998445,25.0,0.0,0.0,1.0,1.0,0.0,0.0,0.0,0.0,0.0,0.0,1.0
0.0424,1.0599999999998426,25.0,0.0,0.0,1.0,1.0,0.0,0.0,0.0,0.0,0.0,0.0,1.0
0.0425,1.0624999999998408,25.0,0.0,0.0,1.0,1.0,0.0,0.0,0.0,0.0,0.0,0.0,1.0
0.0426,1.064999999999839,25.0,0.0,0.0,1.0,1.0,0.0,0.0,0.0,0.0,0.0,0.0,1.0
0.0427,1.0674999999998371,25.0,0.0,0.0,1.0,1.0,0.0,0.0,0.0,0.0,0.0,0.0,1.0
0.0428,1.0699999999998353,25.0,0.0,0.0,1.0,1.0,0.0,0.0,0.0,0.0,0.0,0.0,1.0
0.0429,1.0724999999998335,25.0,0.0,0.0,1.0,1.0,0.0,0.0,0.0,0.0,0.0,0.0,1.0
0.043,1.0749999999998316,25.0,0.0,0.0,1.0,1.0,0.0,0.0,0.0,0.0,0.0,0.0,1.0
0.0431,1.0774999999998298,25.0,0.0,0.0,1.0,1.0,0.0,0.0,0.0,0.0,0.0,0.0,1.0
0.0432,1.079999999999828,25.0,0.0,0.0,1.0,1.0,0.0,0.0,0.0,0.0,0.0,0.0,1.0
0.0433,1.0824999999998262,25.0,0.0,0.0,1.0,1.0,0.0,0.0,0.0,0.0,0.0,0.0,1.0
0.0434,1.0849999999998243,25.0,0.0,0.0,1.0,1.0,0.0,0.0,0.0,0.0,0.0,0.0,1.0
0.0435,1.0874999999998225,25.0,0.0,0.0,1.0,1.0,0.0,0.0,0.0,0.0,0.0,0.0,1.0
0.0436,1.0899999999998207,25.0,0.0,0.0,1.0,1.0,0.0,0.0,0.0,0.0,0.0,0.0,1.0
0.0437,1.0924999999998188,25.0,0.0,0.0,1.0,1.0,0.0,0.0,0.0,0.0,0.0,0.0,1.0
0.0438,1.094999999999817,25.0,0.0,0.0,1.0,1.0,0.0,0.0,0.0,0.0,0.0,0.0,1.0
0.0439,1.0974999999998152,25.0,0.0,0.0,1.0,1.0,0.0,0.0,0.0,0.0,0.0,0.0,1.0
0.044,1.0999999999998133,25.0,0.0,0.0,1.0,1.0,0.0,0.0,0.0,0.0,0.0,0.0,1.0
0.0441,1.1024999999998115,25.0,0.0,0.0,1.0,1.0,0.0,0.0,0.0,0.0,0.0,0.0,1.0
0.0442,1.1049999999998097,25.0,0.0,0.0,1.0,1.0,0.0,0.0,0.0,0.0,0.0,0.0,1.0
0.0443,1.1074999999998079,25.0,0.0,0.0,1.0,1.0,0.0,0.0,0.0,0.0,0.0,0.0,1.0
0.0444,1.109999999999806,25.0,0.0,0.0,1.0,1.0,0.0,0.0,0.0,0.0,0.0,0.0,1.0
0.0445,1.1124999999998042,25.0,0.0,0.0,1.0,1.0,0.0,0.0,0.0,0.0,0.0,0.0,1.0
0.0446,1.1149999999998024,25.0,0.0,0.0,1.0,1.0,0.0,0.0,0.0,0.0,0.0,0.0,1.0
0.0447,1.1174999999998005,25.0,0.0,0.0,1.0,1.0,0.0,0.0,0.0,0.0,0.0,0.0,1.0
0.0448,1.1199999999997987,25.0,0.0,0.0,1.0,1.0,0.0,0.0,0.0,0.0,0.0,0.0,1.0
0.0449,1.1224999999997969,25.0,0.0,0.0,1.0,1.0,0.0,0.0,0.0,0.0,0.0,0.0,1.0
0.045,1.124999999999795,25.0,0.0,0.0,1.0,1.0,0.0,0.0,0.0,0.0,0.0,0.0,1.0
0.0451,1.1274999999997932,25.0,0.0,0.0,1.0,1.0,0.0,0.0,0.0,0.0,0.0,0.0,1.0
0.0452,1.1299999999997914,25.0,0.0,0.0,1.0,1.0,0.0,0.0,0.0,0.0,0.0,0.0,1.0
0.0453,1.1324999999997896,25.0,0.0,0.0,1.0,1.0,0.0,0.0,0.0,0.0,0.0,0.0,1.0
0.0454,1.1349999999997877,25.0,0.0,0.0,1.0,1.0,0.0,0.0,0.0,0.0,0.0,0.0,1.0
0.0455,1.137499999999786,25.0,0.0,0.0,1.0,1.0,0.0,0.0,0.0,0.0,0.0,0.0,1.0
0.0456,1.139999999999784,25.0,0.0,0.0,1.0,1.0,0.0,0.0,0.0,0.0,0.0,0.0,1.0
0.0457,1.1424999999997822,25.0,0.0,0.0,1.0,1.0,0.0,0.0,0.0,0.0,0.0,0.0,1.0
0.0458,1.1449999999997804,25.0,0.0,0.0,1.0,1.0,0.0,0.0,0.0,0.0,0.0,0.0,1.0
0.0459,1.1474999999997786,25.0,0.0,0.0,1.0,1.0,0.0,0.0,0.0,0.0,0.0,0.0,1.0
0.046,1.1499999999997768,25.0,0.0,0.0,1.0,1.0,0.0,0.0,0.0,0.0,0.0,0.0,1.0
0.0461,1.152499999999775,25.0,0.0,0.0,1.0,1.0,0.0,0.0,0.0,0.0,0.0,0.0,1.0
0.0462,1.154999999999773,25.0,0.0,0.0,1.0,1.0,0.0,0.0,0.0,0.0,0.0,0.0,1.0
0.0463,1.1574999999997713,25.0,0.0,0.0,1.0,1.0,0.0,0.0,0.0,0.0,0.0,0.0,1.0
0.0464,1.1599999999997694,25.0,0.0,0.0,1.0,1.0,0.0,0.0,0.0,0.0,0.0,0.0,1.0
0.0465,1.1624999999997676,25.0,0.0,0.0,1.0,1.0,0.0,0.0,0.0,0.0,0.0,0.0,1.0
0.0466,1.1649999999997658,25.0,0.0,0.0,1.0,1.0,0.0,0.0,0.0,0.0,0.0,0.0,1.0
0.0467,1.167499999999764,25.0,0.0,0.0,1.0,1.0,0.0,0.0,0.0,0.0,0.0,0.0,1.0
0.0468,1.1699999999997621,25.0,0.0,0.0,1.0,1.0,0.0,0.0,0.0,0.0,0.0,0.0,1.0
0.0469,1.1724999999997603,25.0,0.0,0.0,1.0,1.0,0.0,0.0,0.0,0.0,0.0,0.0,1.0
0.047,1.1749999999997585,25.0,0.0,0.0,1.0,1.0,0.0,0.0,0.0,0.0,0.0,0.0,1.0
0.0471,1.1774999999997566,25.0,0.0,0.0,1.0,1.0,0.0,0.0,0.0,0.0,0.0,0.0,1.0
0.0472,1.1799999999997548,25.0,0.0,0.0,1.0,1.0,0.0,0.0,0.0,0.0,0.0,0.0,1.0
0.0473,1.182499999999753,25.0,0.0,0.0,1.0,1.0,0.0,0.0,0.0,0.0,0.0,0.0,1.0
0.0474,1.1849999999997511,25.0,0.0,0.0,1.0,1.0,0.0,0.0,0.0,0.0,0.0,0.0,1.0
0.0475,1.1874999999997493,25.0,0.0,0.0,1.0,1.0,0.0,0.0,0.0,0.0,0.0,0.0,1.0
0.0476,1.1899999999997475,25.0,0.0,0.0,1.0,1.0,0.0,0.0,0.0,0.0,0.0,0.0,1.0
0.0477,1.1924999999997457,25.0,0.0,0.0,1.0,1.0,0.0,0.0,0.0,0.0,0.0,0.0,1.0
0.0478,1.1949999999997438,25.0,0.0,0.0,1.0,1.0,0.0,0.0,0.0,0.0,0.0,0.0,1.0
0.0479,1.197499999999742,25.0,0.0,0.0,1.0,1.0,0.0,0.0,0.0,0.0,0.0,0.0,1.0
0.048,1.1999999999997402,25.0,0.0,0.0,1.0,1.0,0.0,0.0,0.0,0.0,0.0,0.0,1.0
0.0481,1.2024999999997383,25.0,0.0,0.0,1.0,1.0,0.0,0.0,0.0,0.0,0.0,0.0,1.0
0.0482,1.2049999999997365,25.0,0.0,0.0,1.0,1.0,0.0,0.0,0.0,0.0,0.0,0.0,1.0
0.0483,1.2074999999997347,25.0,0.0,0.0,1.0,1.0,0.0,0.0,0.0,0.0,0.0,0.0,1.0
0.0484,1.2099999999997328,25.0,0.0,0.0,1.0,1.0,0.0,0.0,0.0,0.0,0.0,0.0,1.0
0.0485,1.212499999999731,25.0,0.0,0.0,1.0,1.0,0.0,0.0,0.0,0.0,0.0,0.0,1.0
0.0486,1.2149999999997292,25.0,0.0,0.0,1.0,1.0,0.0,0.0,0.0,0.0,0.0,0.0,1.0
0.0487,1.2174999999997274,25.0,0.0,0.0,1.0,1.0,0.0,0.0,0.0,0.0,0.0,0.0,1.0
0.0488,1.2199999999997255,25.0,0.0,0.0,1.0,1.0,0.0,0.0,0.0,0.0,0.0,0.0,1.0
0.0489,1.2224999999997237,25.0,0.0,0.0,1.0,1.0,0.0,0.0,0.0,0.0,0.0,0.0,1.0
0.049,1.2249999999997219,25.0,0.0,0.0,1.0,1.0,0.0,0.0,0.0,0.0,0.0,0.0,1.0
0.0491,1.22749999999972,25.0,0.0,0.0,1.0,1.0,0.0,0.0,0.0,0.0,0.0,0.0,1.0
0.0492,1.2299999999997182,25.0,0.0,0.0,1.0,1.0,0.0,0.0,0.0,0.0,0.0,0.0,1.0
0.0493,1.2324999999997164,25.0,0.0,0.0,1.0,1.0,0.0,0.0,0.0,0.0,0.0,0.0,1.0
0.0494,1.2349999999997145,25.0,0.0,0.0,1.0,1.0,0.0,0.0,0.0,0.0,0.0,0.0,1.0
0.0495,1.2374999999997127,25.0,0.0,0.0,1.0,1.0,0.0,0.0,0.0,0.0,0.0,0.0,1.0
0.0496,1.239999999999711,25.0,0.0,0.0,1.0,1.0,0.0,0.0,0.0,0.0,0.0,0.0,1.0
0.0497,1.242499999999709,25.0,0.0,0.0,1.0,1.0,0.0,0.0,0.0,0.0,0.0,0.0,1.0
0.0498,1.2449999999997072,25.0,0.0,0.0,1.0,1.0,0.0,0.0,0.0,0.0,0.0,0.0,1.0
0.0499,1.2474999999997054,25.0,0.0,0.0,1.0,1.0,0.0,0.0,0.0,0.0,0.0,0.0,1.0
0.05,1.2499999999997036,25.0,0.0,0.0,1.0,1.0,0.0,0.0,0.0,0.0,0.0,0.0,1.0
0.0501,1.2524999999997017,25.0,0.0,0.0,1.0,1.0,0.0,0.0,0.0,0.0,0.0,0.0,1.0
0.0502,1.2549999999997,25.0,0.0,0.0,1.0,1.0,0.0,0.0,0.0,0.0,0.0,0.0,1.0
0.0503,1.257499999999698,25.0,0.0,0.0,1.0,1.0,0.0,0.0,0.0,0.0,0.0,0.0,1.0
0.0504,1.2599999999996963,25.0,0.0,0.0,1.0,1.0,0.0,0.0,0.0,0.0,0.0,0.0,1.0
0.0505,1.2624999999996944,25.0,0.0,0.0,1.0,1.0,0.0,0.0,0.0,0.0,0.0,0.0,1.0
0.0506,1.2649999999996926,25.0,0.0,0.0,1.0,1.0,0.0,0.0,0.0,0.0,0.0,0.0,1.0
0.0507,1.2674999999996908,25.0,0.0,0.0,1.0,1.0,0.0,0.0,0.0,0.0,0.0,0.0,1.0
0.0508,1.269999999999689,25.0,0.0,0.0,1.0,1.0,0.0,0.0,0.0,0.0,0.0,0.0,1.0
0.0509,1.272499999999687,25.0,0.0,0.0,1.0,1.0,0.0,0.0,0.0,0.0,0.0,0.0,1.0
0.051,1.2749999999996853,25.0,0.0,0.0,1.0,1.0,0.0,0.0,0.0,0.0,0.0,0.0,1.0
0.0511,1.2774999999996834,25.0,0.0,0.0,1.0,1.0,0.0,0.0,0.0,0.0,0.0,0.0,1.0
0.0512,1.2799999999996816,25.0,0.0,0.0,1.0,1.0,0.0,0.0,0.0,0.0,0.0,0.0,1.0
0.0513,1.2824999999996798,25.0,0.0,0.0,1.0,1.0,0.0,0.0,0.0,0.0,0.0,0.0,1.0
0.0514,1.284999999999678,25.0,0.0,0.0,1.0,1.0,0.0,0.0,0.0,0.0,0.0,0.0,1.0
0.0515,1.2874999999996761,25.0,0.0,0.0,1.0,1.0,0.0,0.0,0.0,0.0,0.0,0.0,1.0
0.0516,1.2899999999996743,25.0,0.0,0.0,1.0,1.0,0.0,0.0,0.0,0.0,0.0,0.0,1.0
0.0517,1.2924999999996725,25.0,0.0,0.0,1.0,1.0,0.0,0.0,0.0,0.0,0.0,0.0,1.0
0.0518,1.2949999999996706,25.0,0.0,0.0,1.0,1.0,0.0,0.0,0.0,0.0,0.0,0.0,1.0
0.0519,1.2974999999996688,25.0,0.0,0.0,1.0,1.0,0.0,0.0,0.0,0.0,0.0,0.0,1.0
0.052,1.299999999999667,25.0,0.0,0.0,1.0,1.0,0.0,0.0,0.0,0.0,0.0,0.0,1.0
0.0521,1.3024999999996651,25.0,0.0,0.0,1.0,1.0,0.0,0.0,0.0,0.0,0.0,0.0,1.0
0.0522,1.3049999999996633,25.0,0.0,0.0,1.0,1.0,0.0,0.0,0.0,0.0,0.0,0.0,1.0
0.0523,1.3074999999996615,25.0,0.0,0.0,1.0,1.0,0.0,0.0,0.0,0.0,0.0,0.0,1.0
0.0524,1.3099999999996597,25.0,0.0,0.0,1.0,1.0,0.0,0.0,0.0,0.0,0.0,0.0,1.0
0.0525,1.3124999999996578,25.0,0.0,0.0,1.0,1.0,0.0,0.0,0.0,0.0,0.0,0.0,1.0
0.0526,1.314999999999656,25.0,0.0,0.0,1.0,1.0,0.0,0.0,0.0,0.0,0.0,0.0,1.0
0.0527,1.3174999999996542,25.0,0.0,0.0,1.0,1.0,0.0,0.0,0.0,0.0,0.0,0.0,1.0
0.0528,1.3199999999996523,25.0,0.0,0.0,1.0,1.0,0.0,0.0,0.0,0.0,0.0,0.0,1.0
0.0529,1.3224999999996505,25.0,0.0,0.0,1.0,1.0,0.0,0.0,0.0,0.0,0.0,0.0,1.0
0.053,1.3249999999996487,25.0,0.0,0.0,1.0,1.0,0.0,0.0,0.0,0.0,0.0,0.0,1.0
0.0531,1.3274999999996469,25.0,0.0,0.0,1.0,1.0,0.0,0.0,0.0,0.0,0.0,0.0,1.0
0.0532,1.329999999999645,25.0,0.0,0.0,1.0,1.0,0.0,0.0,0.0,0.0,0.0,0.0,1.0
0.0533,1.3324999999996432,25.0,0.0,0.0,1.0,1.0,0.0,0.0,0.0,0.0,0.0,0.0,1.0
0.0534,1.3349999999996414,25.0,0.0,0.0,1.0,1.0,0.0,0.0,0.0,0.0,0.0,0.0,1.0
0.0535,1.3374999999996395,25.0,0.0,0.0,1.0,1.0,0.0,0.0,0.0,0.0,0.0,0.0,1.0
0.0536,1.3399999999996377,25.0,0.0,0.0,1.0,1.0,0.0,0.0,0.0,0.0,0.0,0.0,1.0
0.0537,1.3424999999996359,25.0,0.0,0.0,1.0,1.0,0.0,0.0,0.0,0.0,0.0,0.0,1.0
0.0538,1.344999999999634,25.0,0.0,0.0,1.0,1.0,0.0,0.0,0.0,0.0,0.0,0.0,1.0
0.0539,1.3474999999996322,25.0,0.0,0.0,1.0,1.0,0.0,0.0,0.0,0.0,0.0,0.0,1.0
0.054,1.3499999999996304,25.0,0.0,0.0,1.0,1.0,0.0,0.0,0.0,0.0,0.0,0.0,1.0
0.0541,1.3524999999996286,25.0,0.0,0.0,1.0,1.0,0.0,0.0,0.0,0.0,0.0,0.0,1.0
0.0542,1.3549999999996267,25.0,0.0,0.0,1.0,1.0,0.0,0.0,0.0,0.0,0.0,0.0,1.0
0.0543,1.357499999999625,25.0,0.0,0.0,1.0,1.0,0.0,0.0,0.0,0.0,0.0,0.0,1.0
0.0544,1.359999999999623,25.0,0.0,0.0,1.0,1.0,0.0,0.0,0.0,0.0,0.0,0.0,1.0
0.0545,1.3624999999996212,25.0,0.0,0.0,1.0,1.0,0.0,0.0,0.0,0.0,0.0,0.0,1.0
0.0546,1.3649999999996194,25.0,0.0,0.0,1.0,1.0,0.0,0.0,0.0,0.0,0.0,0.0,1.0
0.0547,1.3674999999996176,25.0,0.0,0.0,1.0,1.0,0.0,0.0,0.0,0.0,0.0,0.0,1.0
0.0548,1.3699999999996157,25.0,0.0,0.0,1.0,1.0,0.0,0.0,0.0,0.0,0.0,0.0,1.0
0.0549,1.372499999999614,25.0,0.0,0.0,1.0,1.0,0.0,0.0,0.0,0.0,0.0,0.0,1.0
0.055,1.374999999999612,25.0,0.0,0.0,1.0,1.0,0.0,0.0,0.0,0.0,0.0,0.0,1.0
0.0551,1.3774999999996103,25.0,0.0,0.0,1.0,1.0,0.0,0.0,0.0,0.0,0.0,0.0,1.0
0.0552,1.3799999999996084,25.0,0.0,0.0,1.0,1.0,0.0,0.0,0.0,0.0,0.0,0.0,1.0
0.0553,1.3824999999996066,25.0,0.0,0.0,1.0,1.0,0.0,0.0,0.0,0.0,0.0,0.0,1.0
0.0554,1.3849999999996048,25.0,0.0,0.0,1.0,1.0,0.0,0.0,0.0,0.0,0.0,0.0,1.0
0.0555,1.387499999999603,25.0,0.0,0.0,1.0,1.0,0.0,0.0,0.0,0.0,0.0,0.0,1.0
0.0556,1.389999999999601,25.0,0.0,0.0,1.0,1.0,0.0,0.0,0.0,0.0,0.0,0.0,1.0
0.0557,1.3924999999995993,25.0,0.0,0.0,1.0,1.0,0.0,0.0,0.0,0.0,0.0,0.0,1.0
0.0558,1.3949999999995975,25.0,0.0,0.0,1.0,1.0,0.0,0.0,0.0,0.0,0.0,0.0,1.0
0.0559,1.3974999999995956,25.0,0.0,0.0,1.0,1.0,0.0,0.0,0.0,0.0,0.0,0.0,1.0
0.056,1.3999999999995938,25.0,0.0,0.0,1.0,1.0,0.0,0.0,0.0,0.0,0.0,0.0,1.0
0.0561,1.402499999999592,25.0,0.0,0.0,1.0,1.0,0.0,0.0,0.0,0.0,0.0,0.0,1.0
0.0562,1.4049999999995901,25.0,0.0,0.0,1.0,1.0,0.0,0.0,0.0,0.0,0.0,0.0,1.0
0.0563,1.4074999999995883,25.0,0.0,0.0,1.0,1.0,0.0,0.0,0.0,0.0,0.0,0.0,1.0
0.0564,1.4099999999995865,25.0,0.0,0.0,1.0,1.0,0.0,0.0,0.0,0.0,0.0,0.0,1.0
0.0565,1.4124999999995846,25.0,0.0,0.0,1.0,1.0,0.0,0.0,0.0,0.0,0.0,0.0,1.0
0.0566,1.4149999999995828,25.0,0.0,0.0,1.0,1.0,0.0,0.0,0.0,0.0,0.0,0.0,1.0
0.0567,1.417499999999581,25.0,0.0,0.0,1.0,1.0,0.0,0.0,0.0,0.0,0.0,0.0,1.0
0.0568,1.4199999999995792,25.0,0.0,0.0,1.0,1.0,0.0,0.0,0.0,0.0,0.0,0.0,1.0
0.0569,1.4224999999995773,25.0,0.0,0.0,1.0,1.0,0.0,0.0,0.0,0.0,0.0,0.0,1.0
0.057,1.4249999999995755,25.0,0.0,0.0,1.0,1.0,0.0,0.0,0.0,0.0,0.0,0.0,1.0
0.0571,1.4274999999995737,25.0,0.0,0.0,1.0,1.0,0.0,0.0,0.0,0.0,0.0,0.0,1.0
0.0572,1.4299999999995718,25.0,0.0,0.0,1.0,1.0,0.0,0.0,0.0,0.0,0.0,0.0,1.0
0.0573,1.43249999999957,25.0,0.0,0.0,1.0,1.0,0.0,0.0,0.0,0.0,0.0,0.0,1.0
0.0574,1.4349999999995682,25.0,0.0,0.0,1.0,1.0,0.0,0.0,0.0,0.0,0.0,0.0,1.0
0.0575,1.4374999999995663,25.0,0.0,0.0,1.0,1.0,0.0,0.0,0.0,0.0,0.0,0.0,1.0
0.0576,1.4399999999995645,25.0,0.0,0.0,1.0,1.0,0.0,0.0,0.0,0.0,0.0,0.0,1.0
0.0577,1.4424999999995627,25.0,0.0,0.0,1.0,1.0,0.0,0.0,0.0,0.0,0.0,0.0,1.0
0.0578,1.4449999999995609,25.0,0.0,0.0,1.0,1.0,0.0,0.0,0.0,0.0,0.0,0.0,1.0
0.0579,1.447499999999559,25.0,0.0,0.0,1.0,1.0,0.0,0.0,0.0,0.0,0.0,0.0,1.0
0.058,1.4499999999995572,25.0,0.0,0.0,1.0,1.0,0.0,0.0,0.0,0.0,0.0,0.0,1.0
0.0581,1.4524999999995554,25.0,0.0,0.0,1.0,1.0,0.0,0.0,0.0,0.0,0.0,0.0,1.0
0.0582,1.4549999999995535,25.0,0.0,0.0,1.0,1.0,0.0,0.0,0.0,0.0,0.0,0.0,1.0
0.0583,1.4574999999995517,25.0,0.0,0.0,1.0,1.0,0.0,0.0,0.0,0.0,0.0,0.0,1.0
0.0584,1.4599999999995499,25.0,0.0,0.0,1.0,1.0,0.0,0.0,0.0,0.0,0.0,0.0,1.0
0.0585,1.462499999999548,25.0,0.0,0.0,1.0,1.0,0.0,0.0,0.0,0.0,0.0,0.0,1.0
0.0586,1.4649999999995462,25.0,0.0,0.0,1.0,1.0,0.0,0.0,0.0,0.0,0.0,0.0,1.0
0.0587,1.4674999999995444,25.0,0.0,0.0,1.0,1.0,0.0,0.0,0.0,0.0,0.0,0.0,1.0
0.0588,1.4699999999995426,25.0,0.0,0.0,1.0,1.0,0.0,0.0,0.0,0.0,0.0,0.0,1.0
0.0589,1.4724999999995407,25.0,0.0,0.0,1.0,1.0,0.0,0.0,0.0,0.0,0.0,0.0,1.0
0.059,1.474999999999539,25.0,0.0,0.0,1.0,1.0,0.0,0.0,0.0,0.0,0.0,0.0,1.0
0.0591,1.477499999999537,25.0,0.0,0.0,1.0,1.0,0.0,0.0,0.0,0.0,0.0,0.0,1.0
0.0592,1.4799999999995352,25.0,0.0,0.0,1.0,1.0,0.0,0.0,0.0,0.0,0.0,0.0,1.0
0.0593,1.4824999999995334,25.0,0.0,0.0,1.0,1.0,0.0,0.0,0.0,0.0,0.0,0.0,1.0
0.0594,1.4849999999995316,25.0,0.0,0.0,1.0,1.0,0.0,0.0,0.0,0.0,0.0,0.0,1.0
0.0595,1.4874999999995298,25.0,0.0,0.0,1.0,1.0,0.0,0.0,0.0,0.0,0.0,0.0,1.0
0.0596,1.489999999999528,25.0,0.0,0.0,1.0,1.0,0.0,0.0,0.0,0.0,0.0,0.0,1.0
0.0597,1.492499999999526,25.0,0.0,0.0,1.0,1.0,0.0,0.0,0.0,0.0,0.0,0.0,1.0
0.0598,1.4949999999995243,25.0,0.0,0.0,1.0,1.0,0.0,0.0,0.0,0.0,0.0,0.0,1.0
0.0599,1.4974999999995224,25.0,0.0,0.0,1.0,1.0,0.0,0.0,0.0,0.0,0.0,0.0,1.0
0.06,1.4999999999995206,25.0,0.0,0.0,1.0,1.0,0.0,0.0,0.0,0.0,0.0,0.0,1.0
0.0601,1.5024999999995188,25.0,0.0,0.0,1.0,1.0,0.0,0.0,0.0,0.0,0.0,0.0,1.0
0.0602,1.504999999999517,25.0,0.0,0.0,1.0,1.0,0.0,0.0,0.0,0.0,0.0,0.0,1.0
0.0603,1.5074999999995151,25.0,0.0,0.0,1.0,1.0,0.0,0.0,0.0,0.0,0.0,0.0,1.0
0.0604,1.5099999999995133,25.0,0.0,0.0,1.0,1.0,0.0,0.0,0.0,0.0,0.0,0.0,1.0
0.0605,1.5124999999995115,25.0,0.0,0.0,1.0,1.0,0.0,0.0,0.0,0.0,0.0,0.0,1.0
0.0606,1.5149999999995096,25.0,0.0,0.0,1.0,1.0,0.0,0.0,0.0,0.0,0.0,0.0,1.0
0.0607,1.5174999999995078,25.0,0.0,0.0,1.0,1.0,0.0,0.0,0.0,0.0,0.0,0.0,1.0
0.0608,1.519999999999506,25.0,0.0,0.0,1.0,1.0,0.0,0.0,0.0,0.0,0.0,0.0,1.0
0.0609,1.5224999999995041,25.0,0.0,0.0,1.0,1.0,0.0,0.0,0.0,0.0,0.0,0.0,1.0
0.061,1.5249999999995023,25.0,0.0,0.0,1.0,1.0,0.0,0.0,0.0,0.0,0.0,0.0,1.0
0.0611,1.5274999999995005,25.0,0.0,0.0,1.0,1.0,0.0,0.0,0.0,0.0,0.0,0.0,1.0
0.0612,1.5299999999994986,25.0,0.0,0.0,1.0,1.0,0.0,0.0,0.0,0.0,0.0,0.0,1.0
0.0613,1.5324999999994968,25.0,0.0,0.0,1.0,1.0,0.0,0.0,0.0,0.0,0.0,0.0,1.0
0.0614,1.534999999999495,25.0,0.0,0.0,1.0,1.0,0.0,0.0,0.0,0.0,0.0,0.0,1.0
0.0615,1.5374999999994932,25.0,0.0,0.0,1.0,1.0,0.0,0.0,0.0,0.0,0.0,0.0,1.0
0.0616,1.5399999999994913,25.0,0.0,0.0,1.0,1.0,0.0,0.0,0.0,0.0,0.0,0.0,1.0
0.0617,1.5424999999994895,25.0,0.0,0.0,1.0,1.0,0.0,0.0,0.0,0.0,0.0,0.0,1.0
0.0618,1.5449999999994877,25.0,0.0,0.0,1.0,1.0,0.0,0.0,0.0,0.0,0.0,0.0,1.0
0.0619,1.5474999999994858,25.0,0.0,0.0,1.0,1.0,0.0,0.0,0.0,0.0,0.0,0.0,1.0
0.062,1.549999999999484,25.0,0.0,0.0,1.0,1.0,0.0,0.0,0.0,0.0,0.0,0.0,1.0
0.0621,1.5524999999994822,25.0,0.0,0.0,1.0,1.0,0.0,0.0,0.0,0.0,0.0,0.0,1.0
0.0622,1.5549999999994804,25.0,0.0,0.0,1.0,1.0,0.0,0.0,0.0,0.0,0.0,0.0,1.0
0.0623,1.5574999999994785,25.0,0.0,0.0,1.0,1.0,0.0,0.0,0.0,0.0,0.0,0.0,1.0
0.0624,1.5599999999994767,25.0,0.0,0.0,1.0,1.0,0.0,0.0,0.0,0.0,0.0,0.0,1.0
0.0625,1.5624999999994749,25.0,0.0,0.0,1.0,1.0,0.0,0.0,0.0,0.0,0.0,0.0,1.0
0.0626,1.5649999999994744,25.0,0.0,0.0,1.0,1.0,0.0,0.0,0.0,0.0,0.0,0.0,1.0
0.0627,1.5674999999994739,25.0,0.0,0.0,1.0,1.0,0.0,0.0,0.0,0.0,0.0,0.0,1.0
0.0628,1.569999999999473,25.0,0.0,0.0,1.0,1.0,0.0,0.0,0.0,0.0,0.0,0.0,1.0
0.0629,1.5724999999994724,25.0,0.0,0.0,1.0,1.0,0.0,0.0,0.0,0.0,0.0,0.0,1.0
0.063,1.574999999999472,25.0,0.0,0.0,1.0,1.0,0.0,0.0,0.0,0.0,0.0,0.0,1.0
0.0631,1.5774999999994714,25.0,0.0,0.0,1.0,1.0,0.0,0.0,0.0,0.0,0.0,0.0,1.0
0.0632,1.579999999999471,25.0,0.0,0.0,1.0,1.0,0.0,0.0,0.0,0.0,0.0,0.0,1.0
0.0633,1.58249999999947,25.0,0.0,0.0,1.0,1.0,0.0,0.0,0.0,0.0,0.0,0.0,1.0
0.0634,1.5849999999994695,25.0,0.0,0.0,1.0,1.0,0.0,0.0,0.0,0.0,0.0,0.0,1.0
0.0635,1.587499999999469,25.0,0.0,0.0,1.0,1.0,0.0,0.0,0.0,0.0,0.0,0.0,1.0
0.0636,1.5899999999994685,25.0,0.0,0.0,1.0,1.0,0.0,0.0,0.0,0.0,0.0,0.0,1.0
0.0637,1.592499999999468,25.0,0.0,0.0,1.0,1.0,0.0,0.0,0.0,0.0,0.0,0.0,1.0
0.0638,1.594999999999467,25.0,0.0,0.0,1.0,1.0,0.0,0.0,0.0,0.0,0.0,0.0,1.0
0.0639,1.5974999999994666,25.0,0.0,0.0,1.0,1.0,0.0,0.0,0.0,0.0,0.0,0.0,1.0
0.064,1.599999999999466,25.0,0.0,0.0,1.0,1.0,0.0,0.0,0.0,0.0,0.0,0.0,1.0
0.0641,1.6024999999994656,25.0,0.0,0.0,1.0,1.0,0.0,0.0,0.0,0.0,0.0,0.0,1.0
0.0642,1.6049999999994646,25.0,0.0,0.0,1.0,1.0,0.0,0.0,0.0,0.0,0.0,0.0,1.0
0.0643,1.6074999999994641,25.0,0.0,0.0,1.0,1.0,0.0,0.0,0.0,0.0,0.0,0.0,1.0
0.0644,1.6099999999994636,25.0,0.0,0.0,1.0,1.0,0.0,0.0,0.0,0.0,0.0,0.0,1.0
0.0645,1.6124999999994631,25.0,0.0,0.0,1.0,1.0,0.0,0.0,0.0,0.0,0.0,0.0,1.0
0.0646,1.6149999999994626,25.0,0.0,0.0,1.0,1.0,0.0,0.0,0.0,0.0,0.0,0.0,1.0
0.0647,1.6174999999994617,25.0,0.0,0.0,1.0,1.0,0.0,0.0,0.0,0.0,0.0,0.0,1.0
0.0648,1.6199999999994612,25.0,0.0,0.0,1.0,1.0,0.0,0.0,0.0,0.0,0.0,0.0,1.0
0.0649,1.6224999999994607,25.0,0.0,0.0,1.0,1.0,0.0,0.0,0.0,0.0,0.0,0.0,1.0
0.065,1.6249999999994602,25.0,0.0,0.0,1.0,1.0,0.0,0.0,0.0,0.0,0.0,0.0,1.0
0.0651,1.6274999999994597,25.0,0.0,0.0,1.0,1.0,0.0,0.0,0.0,0.0,0.0,0.0,1.0
0.0652,1.6299999999994588,25.0,0.0,0.0,1.0,1.0,0.0,0.0,0.0,0.0,0.0,0.0,1.0
0.0653,1.6324999999994583,25.0,0.0,0.0,1.0,1.0,0.0,0.0,0.0,0.0,0.0,0.0,1.0
0.0654,1.6349999999994578,25.0,0.0,0.0,1.0,1.0,0.0,0.0,0.0,0.0,0.0,0.0,1.0
0.0655,1.6374999999994573,25.0,0.0,0.0,1.0,1.0,0.0,0.0,0.0,0.0,0.0,0.0,1.0
0.0656,1.6399999999994568,25.0,0.0,0.0,1.0,1.0,0.0,0.0,0.0,0.0,0.0,0.0,1.0
0.0657,1.6424999999994558,25.0,0.0,0.0,1.0,1.0,0.0,0.0,0.0,0.0,0.0,0.0,1.0
0.0658,1.6449999999994553,25.0,0.0,0.0,1.0,1.0,0.0,0.0,0.0,0.0,0.0,0.0,1.0
0.0659,1.6474999999994548,25.0,0.0,0.0,1.0,1.0,0.0,0.0,0.0,0.0,0.0,0.0,1.0
0.066,1.6499999999994543,25.0,0.0,0.0,1.0,1.0,0.0,0.0,0.0,0.0,0.0,0.0,1.0
0.0661,1.6524999999994539,25.0,0.0,0.0,1.0,1.0,0.0,0.0,0.0,0.0,0.0,0.0,1.0
0.0662,1.654999999999453,25.0,0.0,0.0,1.0,1.0,0.0,0.0,0.0,0.0,0.0,0.0,1.0
0.0663,1.6574999999994524,25.0,0.0,0.0,1.0,1.0,0.0,0.0,0.0,0.0,0.0,0.0,1.0
0.0664,1.659999999999452,25.0,0.0,0.0,1.0,1.0,0.0,0.0,0.0,0.0,0.0,0.0,1.0
0.0665,1.6624999999994514,25.0,0.0,0.0,1.0,1.0,0.0,0.0,0.0,0.0,0.0,0.0,1.0
0.0666,1.664999999999451,25.0,0.0,0.0,1.0,1.0,0.0,0.0,0.0,0.0,0.0,0.0,1.0
0.0667,1.66749999999945,25.0,0.0,0.0,1.0,1.0,0.0,0.0,0.0,0.0,0.0,0.0,1.0
0.0668,1.6699999999994495,25.0,0.0,0.0,1.0,1.0,0.0,0.0,0.0,0.0,0.0,0.0,1.0
0.0669,1.672499999999449,25.0,0.0,0.0,1.0,1.0,0.0,0.0,0.0,0.0,0.0,0.0,1.0
0.067,1.6749999999994485,25.0,0.0,0.0,1.0,1.0,0.0,0.0,0.0,0.0,0.0,0.0,1.0
0.0671,1.677499999999448,25.0,0.0,0.0,1.0,1.0,0.0,0.0,0.0,0.0,0.0,0.0,1.0
0.0672,1.679999999999447,25.0,0.0,0.0,1.0,1.0,0.0,0.0,0.0,0.0,0.0,0.0,1.0
0.0673,1.6824999999994465,25.0,0.0,0.0,1.0,1.0,0.0,0.0,0.0,0.0,0.0,0.0,1.0
0.0674,1.684999999999446,25.0,0.0,0.0,1.0,1.0,0.0,0.0,0.0,0.0,0.0,0.0,1.0
0.0675,1.6874999999994456,25.0,0.0,0.0,1.0,1.0,0.0,0.0,0.0,0.0,0.0,0.0,1.0
0.0676,1.6899999999994446,25.0,0.0,0.0,1.0,1.0,0.0,0.0,0.0,0.0,0.0,0.0,1.0
0.0677,1.6924999999994441,25.0,0.0,0.0,1.0,1.0,0.0,0.0,0.0,0.0,0.0,0.0,1.0
0.0678,1.6949999999994436,25.0,0.0,0.0,1.0,1.0,0.0,0.0,0.0,0.0,0.0,0.0,1.0
0.0679,1.6974999999994431,25.0,0.0,0.0,1.0,1.0,0.0,0.0,0.0,0.0,0.0,0.0,1.0
0.068,1.6999999999994426,25.0,0.0,0.0,1.0,1.0,0.0,0.0,0.0,0.0,0.0,0.0,1.0
0.0681,1.7024999999994417,25.0,0.0,0.0,1.0,1.0,0.0,0.0,0.0,0.0,0.0,0.0,1.0
0.0682,1.7049999999994412,25.0,0.0,0.0,1.0,1.0,0.0,0.0,0.0,0.0,0.0,0.0,1.0
0.0683,1.7074999999994407,25.0,0.0,0.0,1.0,1.0,0.0,0.0,0.0,0.0,0.0,0.0,1.0
0.0684,1.7099999999994402,25.0,0.0,0.0,1.0,1.0,0.0,0.0,0.0,0.0,0.0,0.0,1.0
0.0685,1.7124999999994397,25.0,0.0,0.0,1.0,1.0,0.0,0.0,0.0,0.0,0.0,0.0,1.0
0.0686,1.7149999999994388,25.0,0.0,0.0,1.0,1.0,0.0,0.0,0.0,0.0,0.0,0.0,1.0
0.0687,1.7174999999994383,25.0,0.0,0.0,1.0,1.0,0.0,0.0,0.0,0.0,0.0,0.0,1.0
0.0688,1.7199999999994378,25.0,0.0,0.0,1.0,1.0,0.0,0.0,0.0,0.0,0.0,0.0,1.0
0.0689,1.7224999999994373,25.0,0.0,0.0,1.0,1.0,0.0,0.0,0.0,0.0,0.0,0.0,1.0
0.069,1.7249999999994368,25.0,0.0,0.0,1.0,1.0,0.0,0.0,0.0,0.0,0.0,0.0,1.0
0.0691,1.7274999999994358,25.0,0.0,0.0,1.0,1.0,0.0,0.0,0.0,0.0,0.0,0.0,1.0
0.0692,1.7299999999994353,25.0,0.0,0.0,1.0,1.0,0.0,0.0,0.0,0.0,0.0,0.0,1.0
0.0693,1.7324999999994348,25.0,0.0,0.0,1.0,1.0,0.0,0.0,0.0,0.0,0.0,0.0,1.0
0.0694,1.7349999999994343,25.0,0.0,0.0,1.0,1.0,0.0,0.0,0.0,0.0,0.0,0.0,1.0
0.0695,1.7374999999994338,25.0,0.0,0.0,1.0,1.0,0.0,0.0,0.0,0.0,0.0,0.0,1.0
0.0696,1.739999999999433,25.0,0.0,0.0,1.0,1.0,0.0,0.0,0.0,0.0,0.0,0.0,1.0
0.0697,1.7424999999994324,25.0,0.0,0.0,1.0,1.0,0.0,0.0,0.0,0.0,0.0,0.0,1.0
0.0698,1.744999999999432,25.0,0.0,0.0,1.0,1.0,0.0,0.0,0.0,0.0,0.0,0.0,1.0
0.0699,1.7474999999994314,25.0,0.0,0.0,1.0,1.0,0.0,0.0,0.0,0.0,0.0,0.0,1.0
0.07,1.749999999999431,25.0,0.0,0.0,1.0,1.0,0.0,0.0,0.0,0.0,0.0,0.0,1.0
0.0701,1.75249999999943,25.0,0.0,0.0,1.0,1.0,0.0,0.0,0.0,0.0,0.0,0.0,1.0
0.0702,1.7549999999994295,25.0,0.0,0.0,1.0,1.0,0.0,0.0,0.0,0.0,0.0,0.0,1.0
0.0703,1.757499999999429,25.0,0.0,0.0,1.0,1.0,0.0,0.0,0.0,0.0,0.0,0.0,1.0
0.0704,1.7599999999994285,25.0,0.0,0.0,1.0,1.0,0.0,0.0,0.0,0.0,0.0,0.0,1.0
0.0705,1.7624999999994275,25.0,0.0,0.0,1.0,1.0,0.0,0.0,0.0,0.0,0.0,0.0,1.0
0.0706,1.764999999999427,25.0,0.0,0.0,1.0,1.0,0.0,0.0,0.0,0.0,0.0,0.0,1.0
0.0707,1.7674999999994265,25.0,0.0,0.0,1.0,1.0,0.0,0.0,0.0,0.0,0.0,0.0,1.0
0.0708,1.769999999999426,25.0,0.0,0.0,1.0,1.0,0.0,0.0,0.0,0.0,0.0,0.0,1.0
0.0709,1.7724999999994255,25.0,0.0,0.0,1.0,1.0,0.0,0.0,0.0,0.0,0.0,0.0,1.0
0.071,1.7749999999994246,25.0,0.0,0.0,1.0,1.0,0.0,0.0,0.0,0.0,0.0,0.0,1.0
0.0711,1.777499999999424,25.0,0.0,0.0,1.0,1.0,0.0,0.0,0.0,0.0,0.0,0.0,1.0
0.0712,1.7799999999994236,25.0,0.0,0.0,1.0,1.0,0.0,0.0,0.0,0.0,0.0,0.0,1.0
0.0713,1.782499999999423,25.0,0.0,0.0,1.0,1.0,0.0,0.0,0.0,0.0,0.0,0.0,1.0
0.0714,1.7849999999994226,25.0,0.0,0.0,1.0,1.0,0.0,0.0,0.0,0.0,0.0,0.0,1.0
0.0715,1.7874999999994217,25.0,0.0,0.0,1.0,1.0,0.0,0.0,0.0,0.0,0.0,0.0,1.0
0.0716,1.7899999999994212,25.0,0.0,0.0,1.0,1.0,0.0,0.0,0.0,0.0,0.0,0.0,1.0
0.0717,1.7924999999994207,25.0,0.0,0.0,1.0,1.0,0.0,0.0,0.0,0.0,0.0,0.0,1.0
0.0718,1.7949999999994202,25.0,0.0,0.0,1.0,1.0,0.0,0.0,0.0,0.0,0.0,0.0,1.0
0.0719,1.7974999999994197,25.0,0.0,0.0,1.0,1.0,0.0,0.0,0.0,0.0,0.0,0.0,1.0
0.072,1.7999999999994187,25.0,0.0,0.0,1.0,1.0,0.0,0.0,0.0,0.0,0.0,0.0,1.0
0.0721,1.8024999999994182,25.0,0.0,0.0,1.0,1.0,0.0,0.0,0.0,0.0,0.0,0.0,1.0
0.0722,1.8049999999994177,25.0,0.0,0.0,1.0,1.0,0.0,0.0,0.0,0.0,0.0,0.0,1.0
0.0723,1.8074999999994172,25.0,0.0,0.0,1.0,1.0,0.0,0.0,0.0,0.0,0.0,0.0,1.0
0.0724,1.8099999999994167,25.0,0.0,0.0,1.0,1.0,0.0,0.0,0.0,0.0,0.0,0.0,1.0
0.0725,1.8124999999994158,25.0,0.0,0.0,1.0,1.0,0.0,0.0,0.0,0.0,0.0,0.0,1.0
0.0726,1.8149999999994153,25.0,0.0,0.0,1.0,1.0,0.0,0.0,0.0,0.0,0.0,0.0,1.0
0.0727,1.8174999999994148,25.0,0.0,0.0,1.0,1.0,0.0,0.0,0.0,0.0,0.0,0.0,1.0
0.0728,1.8199999999994143,25.0,0.0,0.0,1.0,1.0,0.0,0.0,0.0,0.0,0.0,0.0,1.0
0.0729,1.8224999999994138,25.0,0.0,0.0,1.0,1.0,0.0,0.0,0.0,0.0,0.0,0.0,1.0
0.073,1.8249999999994129,25.0,0.0,0.0,1.0,1.0,0.0,0.0,0.0,0.0,0.0,0.0,1.0
0.0731,1.8274999999994124,25.0,0.0,0.0,1.0,1.0,0.0,0.0,0.0,0.0,0.0,0.0,1.0
0.0732,1.8299999999994119,25.0,0.0,0.0,1.0,1.0,0.0,0.0,0.0,0.0,0.0,0.0,1.0
0.0733,1.8324999999994114,25.0,0.0,0.0,1.0,1.0,0.0,0.0,0.0,0.0,0.0,0.0,1.0
0.0734,1.8349999999994109,25.0,0.0,0.0,1.0,1.0,0.0,0.0,0.0,0.0,0.0,0.0,1.0
0.0735,1.83749999999941,25.0,0.0,0.0,1.0,1.0,0.0,0.0,0.0,0.0,0.0,0.0,1.0
0.0736,1.8399999999994094,25.0,0.0,0.0,1.0,1.0,0.0,0.0,0.0,0.0,0.0,0.0,1.0
0.0737,1.842499999999409,25.0,0.0,0.0,1.0,1.0,0.0,0.0,0.0,0.0,0.0,0.0,1.0
0.0738,1.8449999999994084,25.0,0.0,0.0,1.0,1.0,0.0,0.0,0.0,0.0,0.0,0.0,1.0
0.0739,1.8474999999994075,25.0,0.0,0.0,1.0,1.0,0.0,0.0,0.0,0.0,0.0,0.0,1.0
0.074,1.849999999999407,25.0,0.0,0.0,1.0,1.0,0.0,0.0,0.0,0.0,0.0,0.0,1.0
0.0741,1.8524999999994065,25.0,0.0,0.0,1.0,1.0,0.0,0.0,0.0,0.0,0.0,0.0,1.0
0.0742,1.854999999999406,25.0,0.0,0.0,1.0,1.0,0.0,0.0,0.0,0.0,0.0,0.0,1.0
0.0743,1.8574999999994055,25.0,0.0,0.0,1.0,1.0,0.0,0.0,0.0,0.0,0.0,0.0,1.0
0.0744,1.8599999999994046,25.0,0.0,0.0,1.0,1.0,0.0,0.0,0.0,0.0,0.0,0.0,1.0
0.0745,1.862499999999404,25.0,0.0,0.0,1.0,1.0,0.0,0.0,0.0,0.0,0.0,0.0,1.0
0.0746,1.8649999999994036,25.0,0.0,0.0,1.0,1.0,0.0,0.0,0.0,0.0,0.0,0.0,1.0
0.0747,1.867499999999403,25.0,0.0,0.0,1.0,1.0,0.0,0.0,0.0,0.0,0.0,0.0,1.0
0.0748,1.8699999999994026,25.0,0.0,0.0,1.0,1.0,0.0,0.0,0.0,0.0,0.0,0.0,1.0
0.0749,1.8724999999994016,25.0,0.0,0.0,1.0,1.0,0.0,0.0,0.0,0.0,0.0,0.0,1.0
0.075,1.8749999999994011,25.0,0.0,0.0,1.0,1.0,0.0,0.0,0.0,0.0,0.0,0.0,1.0
0.0751,1.8774999999994006,25.0,0.0,0.0,1.0,1.0,0.0,0.0,0.0,0.0,0.0,0.0,1.0
0.0752,1.8799999999994002,25.0,0.0,0.0,1.0,1.0,0.0,0.0,0.0,0.0,0.0,0.0,1.0
0.0753,1.8824999999993997,25.0,0.0,0.0,1.0,1.0,0.0,0.0,0.0,0.0,0.0,0.0,1.0
0.0754,1.8849999999993987,25.0,0.0,0.0,1.0,1.0,0.0,0.0,0.0,0.0,0.0,0.0,1.0
0.0755,1.8874999999993982,25.0,0.0,0.0,1.0,1.0,0.0,0.0,0.0,0.0,0.0,0.0,1.0
0.0756,1.8899999999993977,25.0,0.0,0.0,1.0,1.0,0.0,0.0,0.0,0.0,0.0,0.0,1.0
0.0757,1.8924999999993972,25.0,0.0,0.0,1.0,1.0,0.0,0.0,0.0,0.0,0.0,0.0,1.0
0.0758,1.8949999999993967,25.0,0.0,0.0,1.0,1.0,0.0,0.0,0.0,0.0,0.0,0.0,1.0
0.0759,1.8974999999993958,25.0,0.0,0.0,1.0,1.0,0.0,0.0,0.0,0.0,0.0,0.0,1.0
0.076,1.8999999999993953,25.0,0.0,0.0,1.0,1.0,0.0,0.0,0.0,0.0,0.0,0.0,1.0
0.0761,1.9024999999993948,25.0,0.0,0.0,1.0,1.0,0.0,0.0,0.0,0.0,0.0,0.0,1.0
0.0762,1.9049999999993943,25.0,0.0,0.0,1.0,1.0,0.0,0.0,0.0,0.0,0.0,0.0,1.0
0.0763,1.9074999999993938,25.0,0.0,0.0,1.0,1.0,0.0,0.0,0.0,0.0,0.0,0.0,1.0
0.0764,1.9099999999993929,25.0,0.0,0.0,1.0,1.0,0.0,0.0,0.0,0.0,0.0,0.0,1.0
0.0765,1.9124999999993924,25.0,0.0,0.0,1.0,1.0,0.0,0.0,0.0,0.0,0.0,0.0,1.0
0.0766,1.9149999999993919,25.0,0.0,0.0,1.0,1.0,0.0,0.0,0.0,0.0,0.0,0.0,1.0
0.0767,1.9174999999993914,25.0,0.0,0.0,1.0,1.0,0.0,0.0,0.0,0.0,0.0,0.0,1.0
0.0768,1.9199999999993904,25.0,0.0,0.0,1.0,1.0,0.0,0.0,0.0,0.0,0.0,0.0,1.0
0.0769,1.92249999999939,25.0,0.0,0.0,1.0,1.0,0.0,0.0,0.0,0.0,0.0,0.0,1.0
0.077,1.9249999999993894,25.0,0.0,0.0,1.0,1.0,0.0,0.0,0.0,0.0,0.0,0.0,1.0
0.0771,1.927499999999389,25.0,0.0,0.0,1.0,1.0,0.0,0.0,0.0,0.0,0.0,0.0,1.0
0.0772,1.9299999999993884,25.0,0.0,0.0,1.0,1.0,0.0,0.0,0.0,0.0,0.0,0.0,1.0
0.0773,1.9324999999993875,25.0,0.0,0.0,1.0,1.0,0.0,0.0,0.0,0.0,0.0,0.0,1.0
0.0774,1.934999999999387,25.0,0.0,0.0,1.0,1.0,0.0,0.0,0.0,0.0,0.0,0.0,1.0
0.0775,1.9374999999993865,25.0,0.0,0.0,1.0,1.0,0.0,0.0,0.0,0.0,0.0,0.0,1.0
0.0776,1.939999999999386,25.0,0.0,0.0,1.0,1.0,0.0,0.0,0.0,0.0,0.0,0.0,1.0
0.0777,1.9424999999993855,25.0,0.0,0.0,1.0,1.0,0.0,0.0,0.0,0.0,0.0,0.0,1.0
0.0778,1.9449999999993846,25.0,0.0,0.0,1.0,1.0,0.0,0.0,0.0,0.0,0.0,0.0,1.0
0.0779,1.947499999999384,25.0,0.0,0.0,1.0,1.0,0.0,0.0,0.0,0.0,0.0,0.0,1.0
0.078,1.9499999999993836,25.0,0.0,0.0,1.0,1.0,0.0,0.0,0.0,0.0,0.0,0.0,1.0
0.0781,1.952499999999383,25.0,0.0,0.0,1.0,1.0,0.0,0.0,0.0,0.0,0.0,0.0,1.0
0.0782,1.9549999999993826,25.0,0.0,0.0,1.0,1.0,0.0,0.0,0.0,0.0,0.0,0.0,1.0
0.0783,1.9574999999993816,25.0,0.0,0.0,1.0,1.0,0.0,0.0,0.0,0.0,0.0,0.0,1.0
0.0784,1.9599999999993811,25.0,0.0,0.0,1.0,1.0,0.0,0.0,0.0,0.0,0.0,0.0,1.0
0.0785,1.9624999999993806,25.0,0.0,0.0,1.0,1.0,0.0,0.0,0.0,0.0,0.0,0.0,1.0
0.0786,1.9649999999993801,25.0,0.0,0.0,1.0,1.0,0.0,0.0,0.0,0.0,0.0,0.0,1.0
0.0787,1.9674999999993796,25.0,0.0,0.0,1.0,1.0,0.0,0.0,0.0,0.0,0.0,0.0,1.0
0.0788,1.9699999999993787,25.0,0.0,0.0,1.0,1.0,0.0,0.0,0.0,0.0,0.0,0.0,1.0
0.0789,1.9724999999993782,25.0,0.0,0.0,1.0,1.0,0.0,0.0,0.0,0.0,0.0,0.0,1.0
0.079,1.9749999999993777,25.0,0.0,0.0,1.0,1.0,0.0,0.0,0.0,0.0,0.0,0.0,1.0
0.0791,1.9774999999993772,25.0,0.0,0.0,1.0,1.0,0.0,0.0,0.0,0.0,0.0,0.0,1.0
0.0792,1.9799999999993767,25.0,0.0,0.0,1.0,1.0,0.0,0.0,0.0,0.0,0.0,0.0,1.0
0.0793,1.9824999999993758,25.0,0.0,0.0,1.0,1.0,0.0,0.0,0.0,0.0,0.0,0.0,1.0
0.0794,1.9849999999993753,25.0,0.0,0.0,1.0,1.0,0.0,0.0,0.0,0.0,0.0,0.0,1.0
0.0795,1.9874999999993748,25.0,0.0,0.0,1.0,1.0,0.0,0.0,0.0,0.0,0.0,0.0,1.0
0.0796,1.9899999999993743,25.0,0.0,0.0,1.0,1.0,0.0,0.0,0.0,0.0,0.0,0.0,1.0
0.0797,1.9924999999993733,25.0,0.0,0.0,1.0,1.0,0.0,0.0,0.0,0.0,0.0,0.0,1.0
0.0798,1.9949999999993728,25.0,0.0,0.0,1.0,1.0,0.0,0.0,0.0,0.0,0.0,0.0,1.0
0.0799,1.9974999999993723,25.0,0.0,0.0,1.0,1.0,0.0,0.0,0.0,0.0,0.0,0.0,1.0
0.08,1.9999999999993716,25.0,0.0,0.0,1.0,1.0,0.0,0.0,0.0,0.0,0.0,0.0,1.0
0.0801,2.0024999999993756,25.0,0.0,0.0,1.0,1.0,0.0,0.0,0.0,0.0,0.0,0.0,1.0
0.0802,2.004999999999379,25.0,0.0,0.0,1.0,1.0,0.0,0.0,0.0,0.0,0.0,0.0,1.0
0.0803,2.007499999999383,25.0,0.0,0.0,1.0,1.0,0.0,0.0,0.0,0.0,0.0,0.0,1.0
0.0804,2.009999999999387,25.0,0.0,0.0,1.0,1.0,0.0,0.0,0.0,0.0,0.0,0.0,1.0
0.0805,2.012499999999391,25.0,0.0,0.0,1.0,1.0,0.0,0.0,0.0,0.0,0.0,0.0,1.0
0.0806,2.014999999999395,25.0,0.0,0.0,1.0,1.0,0.0,0.0,0.0,0.0,0.0,0.0,1.0
0.0807,2.0174999999993983,25.0,0.0,0.0,1.0,1.0,0.0,0.0,0.0,0.0,0.0,0.0,1.0
0.0808,2.0199999999994023,25.0,0.0,0.0,1.0,1.0,0.0,0.0,0.0,0.0,0.0,0.0,1.0
0.0809,2.022499999999406,25.0,0.0,0.0,1.0,1.0,0.0,0.0,0.0,0.0,0.0,0.0,1.0
0.081,2.02499999999941,25.0,0.0,0.0,1.0,1.0,0.0,0.0,0.0,0.0,0.0,0.0,1.0
0.0811,2.027499999999414,25.0,0.0,0.0,1.0,1.0,0.0,0.0,0.0,0.0,0.0,0.0,1.0
0.0812,2.0299999999994176,25.0,0.0,0.0,1.0,1.0,0.0,0.0,0.0,0.0,0.0,0.0,1.0
0.0813,2.0324999999994215,25.0,0.0,0.0,1.0,1.0,0.0,0.0,0.0,0.0,0.0,0.0,1.0
0.0814,2.0349999999994255,25.0,0.0,0.0,1.0,1.0,0.0,0.0,0.0,0.0,0.0,0.0,1.0
0.0815,2.0374999999994294,25.0,0.0,0.0,1.0,1.0,0.0,0.0,0.0,0.0,0.0,0.0,1.0
0.0816,2.0399999999994334,25.0,0.0,0.0,1.0,1.0,0.0,0.0,0.0,0.0,0.0,0.0,1.0
0.0817,2.042499999999437,25.0,0.0,0.0,1.0,1.0,0.0,0.0,0.0,0.0,0.0,0.0,1.0
0.0818,2.044999999999441,25.0,0.0,0.0,1.0,1.0,0.0,0.0,0.0,0.0,0.0,0.0,1.0
0.0819,2.0474999999994448,25.0,0.0,0.0,1.0,1.0,0.0,0.0,0.0,0.0,0.0,0.0,1.0
0.082,2.0499999999994487,25.0,0.0,0.0,1.0,1.0,0.0,0.0,0.0,0.0,0.0,0.0,1.0
0.0821,2.0524999999994527,25.0,0.0,0.0,1.0,1.0,0.0,0.0,0.0,0.0,0.0,0.0,1.0
0.0822,2.054999999999456,25.0,0.0,0.0,1.0,1.0,0.0,0.0,0.0,0.0,0.0,0.0,1.0
0.0823,2.05749999999946,25.0,0.0,0.0,1.0,1.0,0.0,0.0,0.0,0.0,0.0,0.0,1.0
0.0824,2.059999999999464,25.0,0.0,0.0,1.0,1.0,0.0,0.0,0.0,0.0,0.0,0.0,1.0
0.0825,2.062499999999468,25.0,0.0,0.0,1.0,1.0,0.0,0.0,0.0,0.0,0.0,0.0,1.0
0.0826,2.064999999999472,25.0,0.0,0.0,1.0,1.0,0.0,0.0,0.0,0.0,0.0,0.0,1.0
0.0827,2.0674999999994754,25.0,0.0,0.0,1.0,1.0,0.0,0.0,0.0,0.0,0.0,0.0,1.0
0.0828,2.0699999999994794,25.0,0.0,0.0,1.0,1.0,0.0,0.0,0.0,0.0,0.0,0.0,1.0
0.0829,2.0724999999994833,25.0,0.0,0.0,1.0,1.0,0.0,0.0,0.0,0.0,0.0,0.0,1.0
0.083,2.0749999999994873,25.0,0.0,0.0,1.0,1.0,0.0,0.0,0.0,0.0,0.0,0.0,1.0
0.0831,2.0774999999994908,25.0,0.0,0.0,1.0,1.0,0.0,0.0,0.0,0.0,0.0,0.0,1.0
0.0832,2.0799999999994947,25.0,0.0,0.0,1.0,1.0,0.0,0.0,0.0,0.0,0.0,0.0,1.0
0.0833,2.0824999999994986,25.0,0.0,0.0,1.0,1.0,0.0,0.0,0.0,0.0,0.0,0.0,1.0
0.0834,2.0849999999995026,25.0,0.0,0.0,1.0,1.0,0.0,0.0,0.0,0.0,0.0,0.0,1.0
0.0835,2.0874999999995065,25.0,0.0,0.0,1.0,1.0,0.0,0.0,0.0,0.0,0.0,0.0,1.0
0.0836,2.08999999999951,25.0,0.0,0.0,1.0,1.0,0.0,0.0,0.0,0.0,0.0,0.0,1.0
0.0837,2.092499999999514,25.0,0.0,0.0,1.0,1.0,0.0,0.0,0.0,0.0,0.0,0.0,1.0
0.0838,2.094999999999518,25.0,0.0,1.0,1.0,3.0,0.0,0.0,0.0,24.99874793976126,24.99874793976126,0.0,2.0
0.0839,2.097499999999522,25.0,0.0,1.0,1.0,3.0,0.0,0.0,0.0,24.99874793976126,24.99874793976126,0.0,2.0
0.084,2.099999999999526,25.0,0.0,1.0,1.0,3.0,0.0,0.0,0.0,24.99874793976126,24.99874793976126,0.0,2.0
0.0841,2.1024999999995293,25.0,0.0,1.0,1.0,3.0,0.0,0.0,0.0,24.99874793976126,24.99874793976126,0.0,2.0
0.0842,2.1049999999995332,25.0,0.0,1.0,1.0,3.0,0.0,0.0,0.0,24.99874793976126,24.99874793976126,0.0,2.0
0.0843,2.107499999999537,25.0,0.0,1.0,1.0,3.0,0.0,0.0,0.0,24.99874793976126,24.99874793976126,0.0,2.0
0.0844,2.109999999999541,25.0,0.0,1.0,1.0,3.0,0.0,0.0,0.0,24.99874793976126,24.99874793976126,0.0,2.0
0.0845,2.112499999999545,25.0,0.0,1.0,1.0,3.0,0.0,0.0,0.0,24.99874793976126,24.99874793976126,0.0,2.0
0.0846,2.1149999999995486,25.0,0.0,1.0,1.0,3.0,0.0,0.0,0.0,24.99874793976126,24.99874793976126,0.0,2.0
0.0847,2.1174999999995525,25.0,0.0,1.0,1.0,3.0,0.0,0.0,0.0,24.99874793976126,24.99874793976126,0.0,2.0
0.0848,2.1199999999995565,25.0,0.0,1.0,1.0,3.0,0.0,0.0,0.0,24.99874793976126,24.99874793976126,0.0,2.0
0.0849,2.1224999999995604,25.0,0.0,1.0,1.0,3.0,0.0,0.0,0.0,24.99874793976126,24.99874793976126,0.0,2.0
0.085,2.1249999999995643,25.0,0.0,1.0,1.0,3.0,0.0,0.0,0.0,24.99874793976126,24.99874793976126,0.0,2.0
0.0851,2.127499999999568,25.0,0.0,1.0,1.0,3.0,0.0,0.0,0.0,24.99874793976126,24.99874793976126,0.0,2.0
0.0852,2.129999999999572,25.0,0.0,1.0,1.0,3.0,0.0,0.0,0.0,24.99874793976126,24.99874793976126,0.0,2.0
0.0853,2.1324999999995757,25.0,0.0,1.0,1.0,3.0,0.0,0.0,0.0,24.99874793976126,24.99874793976126,0.0,2.0
0.0854,2.1349999999995797,25.0,0.0,1.0,1.0,3.0,0.0,0.0,0.0,24.99874793976126,24.99874793976126,0.0,2.0
0.0855,2.1374999999995836,25.0,0.0,1.0,1.0,3.0,0.0,0.0,0.0,24.99874793976126,24.99874793976126,0.0,2.0
0.0856,2.139999999999587,25.0,0.0,1.0,1.0,3.0,0.0,0.0,0.0,24.99874793976126,24.99874793976126,0.0,2.0
0.0857,2.142499999999591,25.0,0.0,1.0,1.0,3.0,0.0,0.0,0.0,24.99874793976126,24.99874793976126,0.0,2.0
0.0858,2.144999999999595,25.0,0.0,1.0,1.0,3.0,0.0,0.0,0.0,24.99874793976126,24.99874793976126,0.0,2.0
0.0859,2.147499999999599,25.0,0.0,1.0,1.0,3.0,0.0,0.0,0.0,24.99874793976126,24.99874793976126,0.0,2.0
0.086,2.1499999999996025,25.0,0.0,1.0,1.0,3.0,0.0,0.0,0.0,24.99874793976126,24.99874793976126,0.0,2.0
0.0861,2.1524999999996064,25.0,0.0,1.0,1.0,3.0,0.0,0.0,0.0,24.99874793976126,24.99874793976126,0.0,2.0
0.0862,2.1549999999996103,25.0,0.0,1.0,1.0,3.0,0.0,0.0,0.0,24.99874793976126,24.99874793976126,0.0,2.0
0.0863,2.1574999999996143,25.0,0.0,1.0,1.0,3.0,0.0,0.0,0.0,24.99874793976126,24.99874793976126,0.0,2.0
0.0864,2.1599999999996182,25.0,0.0,1.0,1.0,3.0,0.0,0.0,0.0,24.99874793976126,24.99874793976126,0.0,2.0
0.0865,2.1624999999996217,25.0,0.0,1.0,1.0,3.0,0.0,0.0,0.0,24.99874793976126,24.99874793976126,0.0,2.0
0.0866,2.1649999999996257,25.0,0.0,1.0,1.0,3.0,0.0,0.0,0.0,24.99874793976126,24.99874793976126,0.0,2.0
0.0867,2.1674999999996296,25.0,0.0,1.0,1.0,3.0,0.0,0.0,0.0,24.99874793976126,24.99874793976126,0.0,2.0
0.0868,2.1699999999996336,25.0,0.0,1.0,1.0,3.0,0.0,0.0,0.0,24.99874793976126,24.99874793976126,0.0,2.0
0.0869,2.1724999999996375,25.0,0.0,1.0,1.0,3.0,0.0,0.0,0.0,24.99874793976126,24.99874793976126,0.0,2.0
0.087,2.174999999999641,25.0,0.0,1.0,1.0,3.0,0.0,0.0,0.0,24.99874793976126,24.99874793976126,0.0,2.0
0.0871,2.177499999999645,25.0,0.0,1.0,1.0,3.0,0.0,0.0,0.0,24.99874793976126,24.99874793976126,0.0,2.0
0.0872,2.179999999999649,25.0,0.0,1.0,1.0,3.0,0.0,0.0,0.0,24.99874793976126,24.99874793976126,0.0,2.0
0.0873,2.182499999999653,25.0,0.0,1.0,1.0,3.0,0.0,0.0,0.0,24.99874793976126,24.99874793976126,0.0,2.0
0.0874,2.1849999999996568,25.0,0.0,1.0,1.0,3.0,0.0,0.0,0.0,24.99874793976126,24.99874793976126,0.0,2.0
0.0875,2.1874999999996603,25.0,0.0,1.0,1.0,3.0,0.0,0.0,0.0,24.99874793976126,24.99874793976126,0.0,2.0
0.0876,2.189999999999664,25.0,0.0,1.0,1.0,3.0,0.0,0.0,0.0,24.99874793976126,24.99874793976126,0.0,2.0
0.0877,2.192499999999668,25.0,0.0,1.0,1.0,3.0,0.0,0.0,0.0,24.99874793976126,24.99874793976126,0.0,2.0
0.0878,2.194999999999672,25.0,0.0,1.0,1.0,3.0,0.0,0.0,0.0,24.99874793976126,24.99874793976126,0.0,2.0
0.0879,2.197499999999676,25.0,0.0,1.0,1.0,3.0,0.0,0.0,0.0,24.99874793976126,24.99874793976126,0.0,2.0
0.088,2.1999999999996795,25.0,0.0,1.0,1.0,3.0,0.0,0.0,0.0,24.99874793976126,24.99874793976126,0.0,2.0
0.0881,2.2024999999996835,25.0,0.0,1.0,1.0,3.0,0.0,0.0,0.0,24.99874793976126,24.99874793976126,0.0,2.0
0.0882,2.2049999999996874,25.0,0.0,1.0,1.0,3.0,0.0,0.0,0.0,24.99874793976126,24.99874793976126,0.0,2.0
0.0883,2.2074999999996914,25.0,0.0,1.0,1.0,3.0,0.0,0.0,0.0,24.99874793976126,24.99874793976126,0.0,2.0
0.0884,2.2099999999996953,25.0,0.0,1.0,1.0,3.0,0.0,0.0,0.0,24.99874793976126,24.99874793976126,0.0,2.0
0.0885,2.212499999999699,25.0,0.0,1.0,1.0,3.0,0.0,0.0,0.0,24.99874793976126,24.99874793976126,0.0,2.0
0.0886,2.2149999999997028,25.0,0.0,1.0,1.0,3.0,0.0,0.0,0.0,24.99874793976126,24.99874793976126,0.0,2.0
0.0887,2.2174999999997067,25.0,0.0,1.0,1.0,3.0,0.0,0.0,0.0,24.99874793976126,24.99874793976126,0.0,2.0
0.0888,2.2199999999997106,25.0,0.0,1.0,1.0,3.0,0.0,0.0,0.0,24.99874793976126,24.99874793976126,0.0,2.0
0.0889,2.2224999999997146,25.0,0.0,1.0,1.0,3.0,0.0,0.0,0.0,24.99874793976126,24.99874793976126,0.0,2.0
0.089,2.224999999999718,25.0,0.0,1.0,1.0,3.0,0.0,0.0,0.0,24.99874793976126,24.99874793976126,0.0,2.0
0.0891,2.227499999999722,25.0,0.0,1.0,1.0,3.0,0.0,0.0,0.0,24.99874793976126,24.99874793976126,0.0,2.0
0.0892,2.229999999999726,25.0,0.0,1.0,1.0,3.0,0.0,0.0,0.0,24.99874793976126,24.99874793976126,0.0,2.0
0.0893,2.23249999999973,25.0,0.0,1.0,1.0,3.0,0.0,0.0,0.0,24.99874793976126,24.99874793976126,0.0,2.0
0.0894,2.2349999999997334,25.0,0.0,1.0,1.0,3.0,0.0,0.0,0.0,24.99874793976126,24.99874793976126,0.0,2.0
0.0895,2.2374999999997374,25.0,0.0,1.0,1.0,3.0,0.0,0.0,0.0,24.99874793976126,24.99874793976126,0.0,2.0
0.0896,2.2399999999997413,25.0,0.0,1.0,1.0,3.0,0.0,0.0,0.0,24.99874793976126,24.99874793976126,0.0,2.0
0.0897,2.2424999999997453,25.0,0.0,1.0,1.0,3.0,0.0,0.0,0.0,24.99874793976126,24.99874793976126,0.0,2.0
0.0898,2.244999999999749,25.0,0.0,1.0,1.0,3.0,0.0,0.0,0.0,24.99874793976126,24.99874793976126,0.0,2.0
0.0899,2.2474999999997527,25.0,0.0,1.0,1.0,3.0,0.0,0.0,0.0,24.99874793976126,24.99874793976126,0.0,2.0
0.09,2.2499999999997566,25.0,0.0,1.0,1.0,3.0,0.0,0.0,0.0,24.99874793976126,24.99874793976126,0.0,2.0
0.0901,2.2524999999997606,25.0,0.0,1.0,1.0,3.0,0.0,0.0,0.0,24.99874793976126,24.99874793976126,0.0,2.0
0.0902,2.2549999999997645,25.0,0.0,1.0,1.0,3.0,0.0,0.0,0.0,24.99874793976126,24.99874793976126,0.0,2.0
0.0903,2.2574999999997685,25.0,0.0,1.0,1.0,3.0,0.0,0.0,0.0,24.99874793976126,24.99874793976126,0.0,2.0
0.0904,2.259999999999772,25.0,0.0,1.0,1.0,3.0,0.0,0.0,0.0,24.99874793976126,24.99874793976126,0.0,2.0
0.0905,2.262499999999776,25.0,0.0,1.0,1.0,3.0,0.0,0.0,0.0,24.99874793976126,24.99874793976126,0.0,2.0
0.0906,2.26499999999978,25.0,0.0,1.0,1.0,3.0,0.0,0.0,0.0,24.99874793976126,24.99874793976126,0.0,2.0
0.0907,2.267499999999784,25.0,0.0,1.0,1.0,3.0,0.0,0.0,0.0,24.99874793976126,24.99874793976126,0.0,2.0
0.0908,2.2699999999997877,25.0,0.0,1.0,1.0,3.0,0.0,0.0,0.0,24.99874793976126,24.99874793976126,0.0,2.0
0.0909,2.2724999999997912,25.0,0.0,1.0,1.0,3.0,0.0,0.0,0.0,24.99874793976126,24.99874793976126,0.0,2.0
0.091,2.274999999999795,25.0,0.0,1.0,1.0,3.0,0.0,0.0,0.0,24.99874793976126,24.99874793976126,0.0,2.0
0.0911,2.277499999999799,25.0,0.0,1.0,1.0,3.0,0.0,0.0,0.0,24.99874793976126,24.99874793976126,0.0,2.0
0.0912,2.279999999999803,25.0,0.0,1.0,1.0,3.0,0.0,0.0,0.0,24.99874793976126,24.99874793976126,0.0,2.0
0.0913,2.282499999999807,25.0,0.0,1.0,1.0,3.0,0.0,0.0,0.0,24.99874793976126,24.99874793976126,0.0,2.0
0.0914,2.2849999999998105,25.0,0.0,1.0,1.0,3.0,0.0,0.0,0.0,24.99874793976126,24.99874793976126,0.0,2.0
0.0915,2.2874999999998145,25.0,0.0,1.0,1.0,3.0,0.0,0.0,0.0,24.99874793976126,24.99874793976126,0.0,2.0
0.0916,2.2899999999998184,25.0,0.0,1.0,1.0,3.0,0.0,0.0,0.0,24.99874793976126,24.99874793976126,0.0,2.0
0.0917,2.2924999999998223,25.0,0.0,1.0,1.0,3.0,0.0,0.0,0.0,24.99874793976126,24.99874793976126,0.0,2.0
0.0918,2.2949999999998263,25.0,0.0,1.0,1.0,3.0,0.0,0.0,0.0,24.99874793976126,24.99874793976126,0.0,2.0
0.0919,2.29749999999983,25.0,0.0,1.0,1.0,3.0,0.0,0.0,0.0,24.99874793976126,24.99874793976126,0.0,2.0
0.092,2.2999999999998337,25.0,0.0,1.0,1.0,3.0,0.0,0.0,0.0,24.99874793976126,24.99874793976126,0.0,2.0
0.0921,2.3024999999998377,25.0,0.0,1.0,1.0,3.0,0.0,0.0,0.0,24.99874793976126,24.99874793976126,0.0,2.0
0.0922,2.3049999999998416,25.0,0.0,1.0,1.0,3.0,0.0,0.0,0.0,24.99874793976126,24.99874793976126,0.0,2.0
0.0923,2.307499999999845,25.0,0.0,1.0,1.0,3.0,0.0,0.0,0.0,24.99874793976126,24.99874793976126,0.0,2.0
0.0924,2.309999999999849,25.0,0.0,1.0,1.0,3.0,0.0,0.0,0.0,24.99874793976126,24.99874793976126,0.0,2.0
0.0925,2.312499999999853,25.0,0.0,1.0,1.0,3.0,0.0,0.0,0.0,24.99874793976126,24.99874793976126,0.0,2.0
0.0926,2.314999999999857,25.0,0.0,1.0,1.0,3.0,0.0,0.0,0.0,24.99874793976126,24.99874793976126,0.0,2.0
0.0927,2.317499999999861,25.0,0.0,1.0,1.0,3.0,0.0,0.0,0.0,24.99874793976126,24.99874793976126,0.0,2.0
0.0928,2.3199999999998644,25.0,0.0,1.0,1.0,3.0,0.0,0.0,0.0,24.99874793976126,24.99874793976126,0.0,2.0
0.0929,2.3224999999998683,25.0,0.0,1.0,1.0,3.0,0.0,0.0,0.0,24.99874793976126,24.99874793976126,0.0,2.0
0.093,2.3249999999998723,25.0,0.0,1.0,1.0,3.0,0.0,0.0,0.0,24.99874793976126,24.99874793976126,0.0,2.0
0.0931,2.3274999999998762,25.0,0.0,1.0,1.0,3.0,0.0,0.0,0.0,24.99874793976126,24.99874793976126,0.0,2.0
0.0932,2.32999999999988,25.0,0.0,1.0,1.0,3.0,0.0,0.0,0.0,24.99874793976126,24.99874793976126,0.0,2.0
0.0933,2.3324999999998837,25.0,0.0,1.0,1.0,3.0,0.0,0.0,0.0,24.99874793976126,24.99874793976126,0.0,2.0
0.0934,2.3349999999998876,25.0,0.0,1.0,1.0,3.0,0.0,0.0,0.0,24.99874793976126,24.99874793976126,0.0,2.0
0.0935,2.3374999999998916,25.0,0.0,1.0,1.0,3.0,0.0,0.0,0.0,24.99874793976126,24.99874793976126,0.0,2.0
0.0936,2.3399999999998955,25.0,0.0,1.0,1.0,3.0,0.0,0.0,0.0,24.99874793976126,24.99874793976126,0.0,2.0
0.0937,2.3424999999998994,25.0,0.0,1.0,1.0,3.0,0.0,0.0,0.0,24.99874793976126,24.99874793976126,0.0,2.0
0.0938,2.344999999999903,25.0,0.0,1.0,1.0,3.0,0.0,0.0,0.0,24.99874793976126,24.99874793976126,0.0,2.0
0.0939,2.347499999999907,25.0,0.0,1.0,1.0,3.0,0.0,0.0,0.0,24.99874793976126,24.99874793976126,0.0,2.0
0.094,2.349999999999911,25.0,0.0,1.0,1.0,3.0,0.0,0.0,0.0,24.99874793976126,24.99874793976126,0.0,2.0
0.0941,2.3524999999999148,25.0,0.0,1.0,1.0,3.0,0.0,0.0,0.0,24.99874793976126,24.99874793976126,0.0,2.0
0.0942,2.3549999999999187,25.0,0.0,1.0,1.0,3.0,0.0,0.0,0.0,24.99874793976126,24.99874793976126,0.0,2.0
0.0943,2.357499999999922,25.0,0.0,1.0,1.0,3.0,0.0,0.0,0.0,24.99874793976126,24.99874793976126,0.0,2.0
0.0944,2.359999999999926,25.0,0.0,1.0,1.0,3.0,0.0,0.0,0.0,24.99874793976126,24.99874793976126,0.0,2.0
0.0945,2.36249999999993,25.0,0.0,1.0,1.0,3.0,0.0,0.0,0.0,24.99874793976126,24.99874793976126,0.0,2.0
0.0946,2.364999999999934,25.0,0.0,1.0,1.0,3.0,0.0,0.0,0.0,24.99874793976126,24.99874793976126,0.0,2.0
0.0947,2.367499999999938,25.0,0.0,1.0,1.0,3.0,0.0,0.0,0.0,24.99874793976126,24.99874793976126,0.0,2.0
0.0948,2.3699999999999415,25.0,0.0,1.0,1.0,3.0,0.0,0.0,0.0,24.99874793976126,24.99874793976126,0.0,2.0
0.0949,2.3724999999999454,25.0,0.0,1.0,1.0,3.0,0.0,0.0,0.0,24.99874793976126,24.99874793976126,0.0,2.0
0.095,2.3749999999999494,25.0,0.0,1.0,1.0,3.0,0.0,0.0,0.0,24.99874793976126,24.99874793976126,0.0,2.0
0.0951,2.3774999999999533,25.0,0.0,1.0,1.0,3.0,0.0,0.0,0.0,24.99874793976126,24.99874793976126,0.0,2.0
0.0952,2.3799999999999573,25.0,0.0,1.0,1.0,3.0,0.0,0.0,0.0,24.99874793976126,24.99874793976126,0.0,2.0
0.0953,2.3824999999999608,25.0,0.0,1.0,1.0,3.0,0.0,0.0,0.0,24.99874793976126,24.99874793976126,0.0,2.0
0.0954,2.3849999999999647,25.0,0.0,1.0,1.0,3.0,0.0,0.0,0.0,24.99874793976126,24.99874793976126,0.0,2.0
0.0955,2.3874999999999686,25.0,0.0,1.0,1.0,3.0,0.0,0.0,0.0,24.99874793976126,24.99874793976126,0.0,2.0
0.0956,2.3899999999999726,25.0,0.0,1.0,1.0,3.0,0.0,0.0,0.0,24.99874793976126,24.99874793976126,0.0,2.0
0.0957,2.392499999999976,25.0,0.0,1.0,1.0,3.0,0.0,0.0,0.0,24.99874793976126,24.99874793976126,0.0,2.0
0.0958,2.39499999999998,25.0,0.0,1.0,1.0,3.0,0.0,0.0,0.0,24.99874793976126,24.99874793976126,0.0,2.0
0.0959,2.397499999999984,25.0,0.0,1.0,1.0,3.0,0.0,0.0,0.0,24.99874793976126,24.99874793976126,0.0,2.0
0.096,2.399999999999988,25.0,0.0,1.0,1.0,3.0,0.0,0.0,0.0,24.99874793976126,24.99874793976126,0.0,2.0
0.0961,2.402499999999992,25.0,0.0,1.0,1.0,3.0,0.0,0.0,0.0,24.99874793976126,24.99874793976126,0.0,2.0
0.0962,2.4049999999999954,25.0,0.0,1.0,1.0,3.0,0.0,0.0,0.0,24.99874793976126,24.99874793976126,0.0,2.0
0.0963,2.4074999999999993,25.0,0.0,1.0,1.0,3.0,0.0,0.0,0.0,24.99874793976126,24.99874793976126,0.0,2.0
0.0964,2.4100000000000033,25.0,0.0,1.0,1.0,3.0,0.0,0.0,0.0,24.99874793976126,24.99874793976126,0.0,2.0
0.0965,2.412500000000007,25.0,0.0,1.0,1.0,3.0,0.0,0.0,0.0,24.99874793976126,24.99874793976126,0.0,2.0
0.0966,2.415000000000011,25.0,0.0,1.0,1.0,3.0,0.0,0.0,0.0,24.99874793976126,24.99874793976126,0.0,2.0
0.0967,2.4175000000000146,25.0,0.0,1.0,1.0,3.0,0.0,0.0,0.0,24.99874793976126,24.99874793976126,0.0,2.0
0.0968,2.4200000000000186,25.0,0.0,1.0,1.0,3.0,0.0,0.0,0.0,24.99874793976126,24.99874793976126,0.0,2.0
0.0969,2.4225000000000225,25.0,0.0,1.0,1.0,3.0,0.0,0.0,0.0,24.99874793976126,24.99874793976126,0.0,2.0
0.097,2.4250000000000265,25.0,0.0,1.0,1.0,3.0,0.0,0.0,0.0,24.99874793976126,24.99874793976126,0.0,2.0
0.0971,2.4275000000000304,25.0,0.0,1.0,1.0,3.0,0.0,0.0,0.0,24.99874793976126,24.99874793976126,0.0,2.0
0.0972,2.430000000000034,25.0,0.0,1.0,1.0,3.0,0.0,0.0,0.0,24.99874793976126,24.99874793976126,0.0,2.0
0.0973,2.432500000000038,25.0,0.0,1.0,1.0,3.0,0.0,0.0,0.0,24.99874793976126,24.99874793976126,0.0,2.0
0.0974,2.435000000000042,25.0,0.0,1.0,1.0,3.0,0.0,0.0,0.0,24.99874793976126,24.99874793976126,0.0,2.0
0.0975,2.4375000000000457,25.0,0.0,1.0,1.0,3.0,0.0,0.0,0.0,24.99874793976126,24.99874793976126,0.0,2.0
0.0976,2.4400000000000497,25.0,0.0,1.0,1.0,3.0,0.0,0.0,0.0,24.99874793976126,24.99874793976126,0.0,2.0
0.0977,2.442500000000053,25.0,0.0,1.0,1.0,3.0,0.0,0.0,0.0,24.99874793976126,24.99874793976126,0.0,2.0
0.0978,2.445000000000057,25.0,0.0,1.0,1.0,3.0,0.0,0.0,0.0,24.99874793976126,24.99874793976126,0.0,2.0
0.0979,2.447500000000061,25.0,0.0,1.0,1.0,3.0,0.0,0.0,0.0,24.99874793976126,24.99874793976126,0.0,2.0
0.098,2.450000000000065,25.0,0.0,1.0,1.0,3.0,0.0,0.0,0.0,24.99874793976126,24.99874793976126,0.0,2.0
0.0981,2.452500000000069,25.0,0.0,1.0,1.0,3.0,0.0,0.0,0.0,24.99874793976126,24.99874793976126,0.0,2.0
0.0982,2.4550000000000725,25.0,0.0,1.0,1.0,3.0,0.0,0.0,0.0,24.99874793976126,24.99874793976126,0.0,2.0
0.0983,2.4575000000000764,25.0,0.0,1.0,1.0,3.0,0.0,0.0,0.0,24.99874793976126,24.99874793976126,0.0,2.0
0.0984,2.4600000000000803,25.0,0.0,1.0,1.0,3.0,0.0,0.0,0.0,24.99874793976126,24.99874793976126,0.0,2.0
0.0985,2.4625000000000843,25.0,0.0,1.0,1.0,3.0,0.0,0.0,0.0,24.99874793976126,24.99874793976126,0.0,2.0
0.0986,2.465000000000088,25.0,0.0,1.0,1.0,3.0,0.0,0.0,0.0,24.99874793976126,24.99874793976126,0.0,2.0
0.0987,2.4675000000000917,25.0,0.0,1.0,1.0,3.0,0.0,0.0,0.0,24.99874793976126,24.99874793976126,0.0,2.0
0.0988,2.4700000000000957,25.0,0.0,1.0,1.0,3.0,0.0,0.0,0.0,24.99874793976126,24.99874793976126,0.0,2.0
0.0989,2.4725000000000996,25.0,0.0,1.0,1.0,3.0,0.0,0.0,0.0,24.99874793976126,24.99874793976126,0.0,2.0
0.099,2.4750000000001036,25.0,0.0,1.0,1.0,3.0,0.0,0.0,0.0,24.99874793976126,24.99874793976126,0.0,2.0
0.0991,2.477500000000107,25.0,0.0,1.0,1.0,3.0,0.0,0.0,0.0,24.99874793976126,24.99874793976126,0.0,2.0
0.0992,2.480000000000111,25.0,0.0,1.0,1.0,3.0,0.0,0.0,0.0,24.99874793976126,24.99874793976126,0.0,2.0
0.0993,2.482500000000115,25.0,0.0,1.0,1.0,3.0,0.0,0.0,0.0,24.99874793976126,24.99874793976126,0.0,2.0
0.0994,2.485000000000119,25.0,0.0,1.0,1.0,3.0,0.0,0.0,0.0,24.99874793976126,24.99874793976126,0.0,2.0
0.0995,2.487500000000123,25.0,0.0,1.0,1.0,3.0,0.0,0.0,0.0,24.99874793976126,24.99874793976126,0.0,2.0
0.0996,2.4900000000001263,25.0,0.0,1.0,1.0,3.0,0.0,0.0,0.0,24.99874793976126,24.99874793976126,0.0,2.0
0.0997,2.4925000000001303,25.0,0.0,1.0,1.0,3.0,0.0,0.0,0.0,24.99874793976126,24.99874793976126,0.0,2.0
0.0998,2.495000000000134,25.0,0.0,1.0,1.0,3.0,0.0,0.0,0.0,24.99874793976126,24.99874793976126,0.0,2.0
0.0999,2.497500000000138,25.0,0.0,1.0,1.0,3.0,0.0,0.0,0.0,24.99874793976126,24.99874793976126,0.0,2.0
0.1,2.500000000000142,25.0,0.0,1.0,1.0,3.0,0.0,0.0,0.0,24.99874793976126,24.99874793976126,0.0,2.0
0.1001,2.5025000000001456,25.0,0.0,1.0,1.0,3.0,0.0,0.0,0.0,24.99874793976126,24.99874793976126,0.0,2.0
0.1002,2.5050000000001496,25.0,0.0,1.0,1.0,3.0,0.0,0.0,0.0,24.99874793976126,24.99874793976126,0.0,2.0
0.1003,2.5075000000001535,25.0,0.0,1.0,1.0,3.0,0.0,0.0,0.0,24.99874793976126,24.99874793976126,0.0,2.0
0.1004,2.5100000000001574,25.0,0.0,1.0,1.0,3.0,0.0,0.0,0.0,24.99874793976126,24.99874793976126,0.0,2.0
0.1005,2.5125000000001614,25.0,0.0,1.0,1.0,3.0,0.0,0.0,0.0,24.99874793976126,24.99874793976126,0.0,2.0
0.1006,2.515000000000165,25.0,0.0,1.0,1.0,3.0,0.0,0.0,0.0,24.99874793976126,24.99874793976126,0.0,2.0
0.1007,2.517500000000169,25.0,0.0,1.0,1.0,3.0,0.0,0.0,0.0,24.99874793976126,24.99874793976126,0.0,2.0
0.1008,2.5200000000001728,25.0,0.0,1.0,1.0,3.0,0.0,0.0,0.0,24.99874793976126,24.99874793976126,0.0,2.0
0.1009,2.5225000000001767,25.0,0.0,1.0,1.0,3.0,0.0,0.0,0.0,24.99874793976126,24.99874793976126,0.0,2.0
0.101,2.5250000000001807,25.0,0.0,1.0,1.0,3.0,0.0,0.0,0.0,24.99874793976126,24.99874793976126,0.0,2.0
0.1011,2.527500000000184,25.0,0.0,1.0,1.0,3.0,0.0,0.0,0.0,24.99874793976126,24.99874793976126,0.0,2.0
0.1012,2.530000000000188,25.0,0.0,1.0,1.0,3.0,0.0,0.0,0.0,24.99874793976126,24.99874793976126,0.0,2.0
0.1013,2.532500000000192,25.0,0.0,1.0,1.0,3.0,0.0,0.0,0.0,24.99874793976126,24.99874793976126,0.0,2.0
0.1014,2.535000000000196,25.0,0.0,1.0,1.0,3.0,0.0,0.0,0.0,24.99874793976126,24.99874793976126,0.0,2.0
0.1015,2.5375000000002,25.0,0.0,1.0,1.0,3.0,0.0,0.0,0.0,24.99874793976126,24.99874793976126,0.0,2.0
0.1016,2.5400000000002034,25.0,0.0,1.0,1.0,3.0,0.0,0.0,0.0,24.99874793976126,24.99874793976126,0.0,2.0
0.1017,2.5425000000002074,25.0,0.0,1.0,1.0,3.0,0.0,0.0,0.0,24.99874793976126,24.99874793976126,0.0,2.0
0.1018,2.5450000000002113,25.0,0.0,1.0,1.0,3.0,0.0,0.0,0.0,24.99874793976126,24.99874793976126,0.0,2.0
0.1019,2.5475000000002153,25.0,0.0,1.0,1.0,3.0,0.0,0.0,0.0,24.99874793976126,24.99874793976126,0.0,2.0
0.102,2.5500000000002188,25.0,0.0,1.0,1.0,3.0,0.0,0.0,0.0,24.99874793976126,24.99874793976126,0.0,2.0
0.1021,2.5525000000002227,25.0,0.0,1.0,1.0,3.0,0.0,0.0,0.0,24.99874793976126,24.99874793976126,0.0,2.0
0.1022,2.5550000000002266,25.0,0.0,1.0,1.0,3.0,0.0,0.0,0.0,24.99874793976126,24.99874793976126,0.0,2.0
0.1023,2.5575000000002306,25.0,0.0,1.0,1.0,3.0,0.0,0.0,0.0,24.99874793976126,24.99874793976126,0.0,2.0
0.1024,2.5600000000002345,25.0,0.0,1.0,1.0,3.0,0.0,0.0,0.0,24.99874793976126,24.99874793976126,0.0,2.0
0.1025,2.562500000000238,25.0,0.0,1.0,1.0,3.0,0.0,0.0,0.0,24.99874793976126,24.99874793976126,0.0,2.0
0.1026,2.565000000000242,25.0,0.0,1.0,1.0,3.0,0.0,0.0,0.0,24.99874793976126,24.99874793976126,0.0,2.0
0.1027,2.567500000000246,25.0,0.0,1.0,1.0,3.0,0.0,0.0,0.0,24.99874793976126,24.99874793976126,0.0,2.0
0.1028,2.57000000000025,25.0,0.0,1.0,1.0,3.0,0.0,0.0,0.0,24.99874793976126,24.99874793976126,0.0,2.0
0.1029,2.572500000000254,25.0,0.0,1.0,1.0,3.0,0.0,0.0,0.0,24.99874793976126,24.99874793976126,0.0,2.0
0.103,2.5750000000002573,25.0,0.0,1.0,1.0,3.0,0.0,0.0,0.0,24.99874793976126,24.99874793976126,0.0,2.0
0.1031,2.5775000000002612,25.0,0.0,1.0,1.0,3.0,0.0,0.0,0.0,24.99874793976126,24.99874793976126,0.0,2.0
0.1032,2.580000000000265,25.0,0.0,1.0,1.0,3.0,0.0,0.0,0.0,24.99874793976126,24.99874793976126,0.0,2.0
0.1033,2.582500000000269,25.0,0.0,1.0,1.0,3.0,0.0,0.0,0.0,24.99874793976126,24.99874793976126,0.0,2.0
0.1034,2.585000000000273,25.0,0.0,1.0,1.0,3.0,0.0,0.0,0.0,24.99874793976126,24.99874793976126,0.0,2.0
0.1035,2.5875000000002766,25.0,0.0,1.0,1.0,3.0,0.0,0.0,0.0,24.99874793976126,24.99874793976126,0.0,2.0
0.1036,2.5900000000002805,25.0,0.0,1.0,1.0,3.0,0.0,0.0,0.0,24.99874793976126,24.99874793976126,0.0,2.0
0.1037,2.5925000000002845,25.0,0.0,1.0,1.0,3.0,0.0,0.0,0.0,24.99874793976126,24.99874793976126,0.0,2.0
0.1038,2.5950000000002884,25.0,0.0,1.0,1.0,3.0,0.0,0.0,0.0,24.99874793976126,24.99874793976126,0.0,2.0
0.1039,2.5975000000002924,25.0,0.0,1.0,1.0,3.0,0.0,0.0,0.0,24.99874793976126,24.99874793976126,0.0,2.0
0.104,2.600000000000296,25.0,0.0,1.0,1.0,3.0,0.0,0.0,0.0,24.99874793976126,24.99874793976126,0.0,2.0
0.1041,2.6025000000003,25.0,0.0,1.0,1.0,3.0,0.0,0.0,0.0,24.99874793976126,24.99874793976126,0.0,2.0
0.1042,2.6050000000003037,25.0,0.0,1.0,1.0,3.0,0.0,0.0,0.0,24.99874793976126,24.99874793976126,0.0,2.0
0.1043,2.6075000000003077,25.0,0.0,1.0,1.0,3.0,0.0,0.0,0.0,24.99874793976126,24.99874793976126,0.0,2.0
0.1044,2.6100000000003116,25.0,0.0,1.0,1.0,3.0,0.0,0.0,0.0,24.99874793976126,24.99874793976126,0.0,2.0
0.1045,2.612500000000315,25.0,0.0,1.0,1.0,3.0,0.0,0.0,0.0,24.99874793976126,24.99874793976126,0.0,2.0
0.1046,2.615000000000319,25.0,0.0,1.0,1.0,3.0,0.0,0.0,0.0,24.99874793976126,24.99874793976126,0.0,2.0
0.1047,2.617500000000323,25.0,0.0,1.0,1.0,3.0,0.0,0.0,0.0,24.99874793976126,24.99874793976126,0.0,2.0
0.1048,2.620000000000327,25.0,0.0,1.0,1.0,3.0,0.0,0.0,0.0,24.99874793976126,24.99874793976126,0.0,2.0
0.1049,2.6225000000003305,25.0,0.0,1.0,1.0,3.0,0.0,0.0,0.0,24.99874793976126,24.99874793976126,0.0,2.0
0.105,2.6250000000003344,25.0,0.0,1.0,1.0,3.0,0.0,0.0,0.0,24.99874793976126,24.99874793976126,0.0,2.0
0.1051,2.6275000000003383,25.0,0.0,1.0,1.0,3.0,0.0,0.0,0.0,24.99874793976126,24.99874793976126,0.0,2.0
0.1052,2.6300000000003423,25.0,0.0,1.0,1.0,3.0,0.0,0.0,0.0,24.99874793976126,24.99874793976126,0.0,2.0
0.1053,2.6325000000003462,25.0,0.0,1.0,1.0,3.0,0.0,0.0,0.0,24.99874793976126,24.99874793976126,0.0,2.0
0.1054,2.6350000000003497,25.0,0.0,1.0,1.0,3.0,0.0,0.0,0.0,24.99874793976126,24.99874793976126,0.0,2.0
0.1055,2.6375000000003537,25.0,0.0,1.0,1.0,3.0,0.0,0.0,0.0,24.99874793976126,24.99874793976126,0.0,2.0
0.1056,2.6400000000003576,25.0,0.0,1.0,1.0,3.0,0.0,0.0,0.0,24.99874793976126,24.99874793976126,0.0,2.0
0.1057,2.6425000000003616,25.0,0.0,1.0,1.0,3.0,0.0,0.0,0.0,24.99874793976126,24.99874793976126,0.0,2.0
0.1058,2.6450000000003655,25.0,0.0,1.0,1.0,3.0,0.0,0.0,0.0,24.99874793976126,24.99874793976126,0.0,2.0
0.1059,2.647500000000369,25.0,0.0,1.0,1.0,3.0,0.0,0.0,0.0,24.99874793976126,24.99874793976126,0.0,2.0
0.106,2.650000000000373,25.0,0.0,1.0,1.0,3.0,0.0,0.0,0.0,24.99874793976126,24.99874793976126,0.0,2.0
0.1061,2.652500000000377,25.0,0.0,1.0,1.0,3.0,0.0,0.0,0.0,24.99874793976126,24.99874793976126,0.0,2.0
0.1062,2.655000000000381,25.0,0.0,1.0,1.0,3.0,0.0,0.0,0.0,24.99874793976126,24.99874793976126,0.0,2.0
0.1063,2.6575000000003848,25.0,0.0,1.0,1.0,3.0,0.0,0.0,0.0,24.99874793976126,24.99874793976126,0.0,2.0
0.1064,2.6600000000003883,25.0,0.0,1.0,1.0,3.0,0.0,0.0,0.0,24.99874793976126,24.99874793976126,0.0,2.0
0.1065,2.662500000000392,25.0,0.0,1.0,1.0,3.0,0.0,0.0,0.0,24.99874793976126,24.99874793976126,0.0,2.0
0.1066,2.665000000000396,25.0,0.0,1.0,1.0,3.0,0.0,0.0,0.0,24.99874793976126,24.99874793976126,0.0,2.0
0.1067,2.6675000000004,25.0,0.0,1.0,1.0,3.0,0.0,0.0,0.0,24.99874793976126,24.99874793976126,0.0,2.0
0.1068,2.670000000000404,25.0,0.0,1.0,1.0,3.0,0.0,0.0,0.0,24.99874793976126,24.99874793976126,0.0,2.0
0.1069,2.6725000000004075,25.0,0.0,1.0,1.0,3.0,0.0,0.0,0.0,24.99874793976126,24.99874793976126,0.0,2.0
0.107,2.6750000000004115,25.0,0.0,1.0,1.0,3.0,0.0,0.0,0.0,24.99874793976126,24.99874793976126,0.0,2.0
0.1071,2.6775000000004154,25.0,0.0,1.0,1.0,3.0,0.0,0.0,0.0,24.99874793976126,24.99874793976126,0.0,2.0
0.1072,2.6800000000004194,25.0,0.0,1.0,1.0,3.0,0.0,0.0,0.0,24.99874793976126,24.99874793976126,0.0,2.0
0.1073,2.6825000000004233,25.0,0.0,1.0,1.0,3.0,0.0,0.0,0.0,24.99874793976126,24.99874793976126,0.0,2.0
0.1074,2.685000000000427,25.0,0.0,1.0,1.0,3.0,0.0,0.0,0.0,24.99874793976126,24.99874793976126,0.0,2.0
0.1075,2.6875000000004308,25.0,0.0,1.0,1.0,3.0,0.0,0.0,0.0,24.99874793976126,24.99874793976126,0.0,2.0
0.1076,2.6900000000004347,25.0,0.0,1.0,1.0,3.0,0.0,0.0,0.0,24.99874793976126,24.99874793976126,0.0,2.0
0.1077,2.6925000000004387,25.0,0.0,1.0,1.0,3.0,0.0,0.0,0.0,24.99874793976126,24.99874793976126,0.0,2.0
0.1078,2.6950000000004426,25.0,0.0,1.0,1.0,3.0,0.0,0.0,0.0,24.99874793976126,24.99874793976126,0.0,2.0
0.1079,2.697500000000446,25.0,0.0,1.0,1.0,3.0,0.0,0.0,0.0,24.99874793976126,24.99874793976126,0.0,2.0
0.108,2.70000000000045,25.0,0.0,1.0,1.0,3.0,0.0,0.0,0.0,24.99874793976126,24.99874793976126,0.0,2.0
0.1081,2.702500000000454,25.0,0.0,1.0,1.0,3.0,0.0,0.0,0.0,24.99874793976126,24.99874793976126,0.0,2.0
0.1082,2.705000000000458,25.0,0.0,1.0,1.0,3.0,0.0,0.0,0.0,24.99874793976126,24.99874793976126,0.0,2.0
0.1083,2.7075000000004614,25.0,0.0,1.0,1.0,3.0,0.0,0.0,0.0,24.99874793976126,24.99874793976126,0.0,2.0
0.1084,2.7100000000004654,25.0,0.0,1.0,1.0,3.0,0.0,0.0,0.0,24.99874793976126,24.99874793976126,0.0,2.0
0.1085,2.7125000000004693,25.0,0.0,1.0,1.0,3.0,0.0,0.0,0.0,24.99874793976126,24.99874793976126,0.0,2.0
0.1086,2.7150000000004733,25.0,0.0,1.0,1.0,3.0,0.0,0.0,0.0,24.99874793976126,24.99874793976126,0.0,2.0
0.1087,2.717500000000477,25.0,0.0,1.0,1.0,3.0,0.0,0.0,0.0,24.99874793976126,24.99874793976126,0.0,2.0
0.1088,2.7200000000004807,25.0,0.0,1.0,1.0,3.0,0.0,0.0,0.0,24.99874793976126,24.99874793976126,0.0,2.0
0.1089,2.7225000000004846,25.0,0.0,1.0,1.0,3.0,0.0,0.0,0.0,24.99874793976126,24.99874793976126,0.0,2.0
0.109,2.7250000000004886,25.0,0.0,1.0,1.0,3.0,0.0,0.0,0.0,24.99874793976126,24.99874793976126,0.0,2.0
0.1091,2.7275000000004925,25.0,0.0,1.0,1.0,3.0,0.0,0.0,0.0,24.99874793976126,24.99874793976126,0.0,2.0
0.1092,2.7300000000004965,25.0,0.0,1.0,1.0,3.0,0.0,0.0,0.0,24.99874793976126,24.99874793976126,0.0,2.0
0.1093,2.7325000000005,25.0,0.0,1.0,1.0,3.0,0.0,0.0,0.0,24.99874793976126,24.99874793976126,0.0,2.0
0.1094,2.735000000000504,25.0,0.0,1.0,1.0,3.0,0.0,0.0,0.0,24.99874793976126,24.99874793976126,0.0,2.0
0.1095,2.737500000000508,25.0,0.0,1.0,1.0,3.0,0.0,0.0,0.0,24.99874793976126,24.99874793976126,0.0,2.0
0.1096,2.740000000000512,25.0,0.0,1.0,1.0,3.0,0.0,0.0,0.0,24.99874793976126,24.99874793976126,0.0,2.0
0.1097,2.7425000000005157,25.0,0.0,1.0,1.0,3.0,0.0,0.0,0.0,24.99874793976126,24.99874793976126,0.0,2.0
0.1098,2.7450000000005192,25.0,0.0,1.0,1.0,3.0,0.0,0.0,0.0,24.99874793976126,24.99874793976126,0.0,2.0
0.1099,2.747500000000523,25.0,0.0,1.0,1.0,3.0,0.0,0.0,0.0,24.99874793976126,24.99874793976126,0.0,2.0
0.11,2.750000000000527,25.0,0.0,1.0,1.0,3.0,0.0,0.0,0.0,24.99874793976126,24.99874793976126,0.0,2.0
0.1101,2.752500000000531,25.0,0.0,1.0,1.0,3.0,0.0,0.0,0.0,24.99874793976126,24.99874793976126,0.0,2.0
0.1102,2.755000000000535,25.0,0.0,1.0,1.0,3.0,0.0,0.0,0.0,24.99874793976126,24.99874793976126,0.0,2.0
0.1103,2.7575000000005385,25.0,0.0,1.0,1.0,3.0,0.0,0.0,0.0,24.99874793976126,24.99874793976126,0.0,2.0
0.1104,2.7600000000005425,25.0,0.0,1.0,1.0,3.0,0.0,0.0,0.0,24.99874793976126,24.99874793976126,0.0,2.0
0.1105,2.7625000000005464,25.0,0.0,1.0,1.0,3.0,0.0,0.0,0.0,24.99874793976126,24.99874793976126,0.0,2.0
0.1106,2.7650000000005504,25.0,0.0,1.0,1.0,3.0,0.0,0.0,0.0,24.99874793976126,24.99874793976126,0.0,2.0
0.1107,2.7675000000005543,25.0,0.0,1.0,1.0,3.0,0.0,0.0,0.0,24.99874793976126,24.99874793976126,0.0,2.0
0.1108,2.770000000000558,25.0,0.0,1.0,1.0,3.0,0.0,0.0,0.0,24.99874793976126,24.99874793976126,0.0,2.0
0.1109,2.7725000000005617,25.0,0.0,1.0,1.0,3.0,0.0,0.0,0.0,24.99874793976126,24.99874793976126,0.0,2.0
0.111,2.7750000000005657,25.0,0.0,1.0,1.0,3.0,0.0,0.0,0.0,24.99874793976126,24.99874793976126,0.0,2.0
0.1111,2.7775000000005696,25.0,0.0,1.0,1.0,3.0,0.0,0.0,0.0,24.99874793976126,24.99874793976126,0.0,2.0
0.1112,2.780000000000573,25.0,0.0,1.0,1.0,3.0,0.0,0.0,0.0,24.99874793976126,24.99874793976126,0.0,2.0
0.1113,2.782500000000577,25.0,0.0,1.0,1.0,3.0,0.0,0.0,0.0,24.99874793976126,24.99874793976126,0.0,2.0
0.1114,2.785000000000581,25.0,0.0,1.0,1.0,3.0,0.0,0.0,0.0,24.99874793976126,24.99874793976126,0.0,2.0
0.1115,2.787500000000585,25.0,0.0,1.0,1.0,3.0,0.0,0.0,0.0,24.99874793976126,24.99874793976126,0.0,2.0
0.1116,2.790000000000589,25.0,0.0,1.0,1.0,3.0,0.0,0.0,0.0,24.99874793976126,24.99874793976126,0.0,2.0
0.1117,2.7925000000005924,25.0,0.0,1.0,1.0,3.0,0.0,0.0,0.0,24.99874793976126,24.99874793976126,0.0,2.0
0.1118,2.7950000000005963,25.0,0.0,1.0,1.0,3.0,0.0,0.0,0.0,24.99874793976126,24.99874793976126,0.0,2.0
0.1119,2.7975000000006003,25.0,0.0,1.0,1.0,3.0,0.0,0.0,0.0,24.99874793976126,24.99874793976126,0.0,2.0
0.112,2.8000000000006042,25.0,0.0,1.0,1.0,3.0,0.0,0.0,0.0,24.99874793976126,24.99874793976126,0.0,2.0
0.1121,2.802500000000608,25.0,0.0,1.0,1.0,3.0,0.0,0.0,0.0,24.99874793976126,24.99874793976126,0.0,2.0
0.1122,2.8050000000006117,25.0,0.0,1.0,1.0,3.0,0.0,0.0,0.0,24.99874793976126,24.99874793976126,0.0,2.0
0.1123,2.8075000000006156,25.0,0.0,1.0,1.0,3.0,0.0,0.0,0.0,24.99874793976126,24.99874793976126,0.0,2.0
0.1124,2.8100000000006196,25.0,0.0,1.0,1.0,3.0,0.0,0.0,0.0,24.99874793976126,24.99874793976126,0.0,2.0
0.1125,2.8125000000006235,25.0,0.0,1.0,1.0,3.0,0.0,0.0,0.0,24.99874793976126,24.99874793976126,0.0,2.0
0.1126,2.8150000000006274,25.0,0.0,1.0,1.0,3.0,0.0,0.0,0.0,24.99874793976126,24.99874793976126,0.0,2.0
0.1127,2.817500000000631,25.0,0.0,1.0,1.0,3.0,0.0,0.0,0.0,24.99874793976126,24.99874793976126,0.0,2.0
0.1128,2.820000000000635,25.0,0.0,1.0,1.0,3.0,0.0,0.0,0.0,24.99874793976126,24.99874793976126,0.0,2.0
0.1129,2.822500000000639,25.0,0.0,1.0,1.0,3.0,0.0,0.0,0.0,24.99874793976126,24.99874793976126,0.0,2.0
0.113,2.8250000000006428,25.0,0.0,1.0,1.0,3.0,0.0,0.0,0.0,24.99874793976126,24.99874793976126,0.0,2.0
0.1131,2.8275000000006467,25.0,0.0,1.0,1.0,3.0,0.0,0.0,0.0,24.99874793976126,24.99874793976126,0.0,2.0
0.1132,2.83000000000065,25.0,0.0,1.0,1.0,3.0,0.0,0.0,0.0,24.99874793976126,24.99874793976126,0.0,2.0
0.1133,2.832500000000654,25.0,0.0,1.0,1.0,3.0,0.0,0.0,0.0,24.99874793976126,24.99874793976126,0.0,2.0
0.1134,2.835000000000658,25.0,0.0,1.0,1.0,3.0,0.0,0.0,0.0,24.99874793976126,24.99874793976126,0.0,2.0
0.1135,2.837500000000662,25.0,0.0,1.0,1.0,3.0,0.0,0.0,0.0,24.99874793976126,24.99874793976126,0.0,2.0
0.1136,2.840000000000666,25.0,0.0,1.0,1.0,3.0,0.0,0.0,0.0,24.99874793976126,24.99874793976126,0.0,2.0
0.1137,2.8425000000006695,25.0,0.0,1.0,1.0,3.0,0.0,0.0,0.0,24.99874793976126,24.99874793976126,0.0,2.0
0.1138,2.8450000000006734,25.0,0.0,1.0,1.0,3.0,0.0,0.0,0.0,24.99874793976126,24.99874793976126,0.0,2.0
0.1139,2.8475000000006774,25.0,0.0,1.0,1.0,3.0,0.0,0.0,0.0,24.99874793976126,24.99874793976126,0.0,2.0
0.114,2.8500000000006813,25.0,0.0,1.0,1.0,3.0,0.0,0.0,0.0,24.99874793976126,24.99874793976126,0.0,2.0
0.1141,2.852500000000685,25.0,0.0,1.0,1.0,3.0,0.0,0.0,0.0,24.99874793976126,24.99874793976126,0.0,2.0
0.1142,2.8550000000006888,25.0,0.0,1.0,1.0,3.0,0.0,0.0,0.0,24.99874793976126,24.99874793976126,0.0,2.0
0.1143,2.8575000000006927,25.0,0.0,1.0,1.0,3.0,0.0,0.0,0.0,24.99874793976126,24.99874793976126,0.0,2.0
0.1144,2.8600000000006967,25.0,0.0,1.0,1.0,3.0,0.0,0.0,0.0,24.99874793976126,24.99874793976126,0.0,2.0
0.1145,2.8625000000007006,25.0,0.0,1.0,1.0,3.0,0.0,0.0,0.0,24.99874793976126,24.99874793976126,0.0,2.0
0.1146,2.865000000000704,25.0,0.0,1.0,1.0,3.0,0.0,0.0,0.0,24.99874793976126,24.99874793976126,0.0,2.0
0.1147,2.867500000000708,25.0,0.0,1.0,1.0,3.0,0.0,0.0,0.0,24.99874793976126,24.99874793976126,0.0,2.0
0.1148,2.870000000000712,25.0,0.0,1.0,1.0,3.0,0.0,0.0,0.0,24.99874793976126,24.99874793976126,0.0,2.0
0.1149,2.872500000000716,25.0,0.0,1.0,1.0,3.0,0.0,0.0,0.0,24.99874793976126,24.99874793976126,0.0,2.0
0.115,2.87500000000072,25.0,0.0,1.0,1.0,3.0,0.0,0.0,0.0,24.99874793976126,24.99874793976126,0.0,2.0
0.1151,2.8775000000007234,25.0,0.0,1.0,1.0,3.0,0.0,0.0,0.0,24.99874793976126,24.99874793976126,0.0,2.0
0.1152,2.8800000000007273,25.0,0.0,1.0,1.0,3.0,0.0,0.0,0.0,24.99874793976126,24.99874793976126,0.0,2.0
0.1153,2.8825000000007313,25.0,0.0,1.0,1.0,3.0,0.0,0.0,0.0,24.99874793976126,24.99874793976126,0.0,2.0
0.1154,2.885000000000735,25.0,0.0,1.0,1.0,3.0,0.0,0.0,0.0,24.99874793976126,24.99874793976126,0.0,2.0
0.1155,2.887500000000739,25.0,0.0,1.0,1.0,3.0,0.0,0.0,0.0,24.99874793976126,24.99874793976126,0.0,2.0
0.1156,2.8900000000007426,25.0,0.0,1.0,1.0,3.0,0.0,0.0,0.0,24.99874793976126,24.99874793976126,0.0,2.0
0.1157,2.8925000000007466,25.0,0.0,1.0,1.0,3.0,0.0,0.0,0.0,24.99874793976126,24.99874793976126,0.0,2.0
0.1158,2.8950000000007505,25.0,0.0,1.0,1.0,3.0,0.0,0.0,0.0,24.99874793976126,24.99874793976126,0.0,2.0
0.1159,2.8975000000007545,25.0,0.0,1.0,1.0,3.0,0.0,0.0,0.0,24.99874793976126,24.99874793976126,0.0,2.0
0.116,2.9000000000007584,25.0,0.0,1.0,1.0,3.0,0.0,0.0,0.0,24.99874793976126,24.99874793976126,0.0,2.0
0.1161,2.902500000000762,25.0,0.0,1.0,1.0,3.0,0.0,0.0,0.0,24.99874793976126,24.99874793976126,0.0,2.0
0.1162,2.905000000000766,25.0,0.0,1.0,1.0,3.0,0.0,0.0,0.0,24.99874793976126,24.99874793976126,0.0,2.0
0.1163,2.90750000000077,25.0,0.0,1.0,1.0,3.0,0.0,0.0,0.0,24.99874793976126,24.99874793976126,0.0,2.0
0.1164,2.9100000000007737,25.0,0.0,1.0,1.0,3.0,0.0,0.0,0.0,24.99874793976126,24.99874793976126,0.0,2.0
0.1165,2.9125000000007777,25.0,0.0,1.0,1.0,3.0,0.0,0.0,0.0,24.99874793976126,24.99874793976126,0.0,2.0
0.1166,2.915000000000781,25.0,0.0,1.0,1.0,3.0,0.0,0.0,0.0,24.99874793976126,24.99874793976126,0.0,2.0
0.1167,2.917500000000785,25.0,0.0,1.0,1.0,3.0,0.0,0.0,0.0,24.99874793976126,24.99874793976126,0.0,2.0
0.1168,2.920000000000789,25.0,0.0,1.0,1.0,3.0,0.0,0.0,0.0,24.99874793976126,24.99874793976126,0.0,2.0
0.1169,2.922500000000793,25.0,0.0,1.0,1.0,3.0,0.0,0.0,0.0,24.99874793976126,24.99874793976126,0.0,2.0
0.117,2.925000000000797,25.0,0.0,1.0,1.0,3.0,0.0,0.0,0.0,24.99874793976126,24.99874793976126,0.0,2.0
0.1171,2.9275000000008005,25.0,0.0,1.0,1.0,3.0,0.0,0.0,0.0,24.99874793976126,24.99874793976126,0.0,2.0
0.1172,2.9300000000008044,25.0,0.0,1.0,1.0,3.0,0.0,0.0,0.0,24.99874793976126,24.99874793976126,0.0,2.0
0.1173,2.9325000000008083,25.0,0.0,1.0,1.0,3.0,0.0,0.0,0.0,24.99874793976126,24.99874793976126,0.0,2.0
0.1174,2.9350000000008123,25.0,0.0,1.0,1.0,3.0,0.0,0.0,0.0,24.99874793976126,24.99874793976126,0.0,2.0
0.1175,2.937500000000816,25.0,0.0,1.0,1.0,3.0,0.0,0.0,0.0,24.99874793976126,24.99874793976126,0.0,2.0
0.1176,2.9400000000008197,25.0,0.0,1.0,1.0,3.0,0.0,0.0,0.0,24.99874793976126,24.99874793976126,0.0,2.0
0.1177,2.9425000000008237,25.0,0.0,1.0,1.0,3.0,0.0,0.0,0.0,24.99874793976126,24.99874793976126,0.0,2.0
0.1178,2.9450000000008276,25.0,0.0,1.0,1.0,3.0,0.0,0.0,0.0,24.99874793976126,24.99874793976126,0.0,2.0
0.1179,2.9475000000008316,25.0,0.0,1.0,1.0,3.0,0.0,0.0,0.0,24.99874793976126,24.99874793976126,0.0,2.0
0.118,2.950000000000835,25.0,0.0,1.0,1.0,3.0,0.0,0.0,0.0,24.99874793976126,24.99874793976126,0.0,2.0
0.1181,2.952500000000839,25.0,0.0,1.0,1.0,3.0,0.0,0.0,0.0,24.99874793976126,24.99874793976126,0.0,2.0
0.1182,2.955000000000843,25.0,0.0,1.0,1.0,3.0,0.0,0.0,0.0,24.99874793976126,24.99874793976126,0.0,2.0
0.1183,2.957500000000847,25.0,0.0,1.0,1.0,3.0,0.0,0.0,0.0,24.99874793976126,24.99874793976126,0.0,2.0
0.1184,2.960000000000851,25.0,0.0,1.0,1.0,3.0,0.0,0.0,0.0,24.99874793976126,24.99874793976126,0.0,2.0
0.1185,2.9625000000008543,25.0,0.0,1.0,1.0,3.0,0.0,0.0,0.0,24.99874793976126,24.99874793976126,0.0,2.0
0.1186,2.9650000000008583,25.0,0.0,1.0,1.0,3.0,0.0,0.0,0.0,24.99874793976126,24.99874793976126,0.0,2.0
0.1187,2.9675000000008622,25.0,0.0,1.0,1.0,3.0,0.0,0.0,0.0,24.99874793976126,24.99874793976126,0.0,2.0
0.1188,2.970000000000866,25.0,0.0,1.0,1.0,3.0,0.0,0.0,0.0,24.99874793976126,24.99874793976126,0.0,2.0
0.1189,2.97250000000087,25.0,0.0,1.0,1.0,3.0,0.0,0.0,0.0,24.99874793976126,24.99874793976126,0.0,2.0
0.119,2.9750000000008736,25.0,0.0,1.0,1.0,3.0,0.0,0.0,0.0,24.99874793976126,24.99874793976126,0.0,2.0
0.1191,2.9775000000008776,25.0,0.0,1.0,1.0,3.0,0.0,0.0,0.0,24.99874793976126,24.99874793976126,0.0,2.0
0.1192,2.9800000000008815,25.0,0.0,1.0,1.0,3.0,0.0,0.0,0.0,24.99874793976126,24.99874793976126,0.0,2.0
0.1193,2.9825000000008854,25.0,0.0,1.0,1.0,3.0,0.0,0.0,0.0,24.99874793976126,24.99874793976126,0.0,2.0
0.1194,2.9850000000008894,25.0,0.0,1.0,1.0,3.0,0.0,0.0,0.0,24.99874793976126,24.99874793976126,0.0,2.0
0.1195,2.987500000000893,25.0,0.0,1.0,1.0,3.0,0.0,0.0,0.0,24.99874793976126,24.99874793976126,0.0,2.0
0.1196,2.990000000000897,25.0,0.0,1.0,1.0,3.0,0.0,0.0,0.0,24.99874793976126,24.99874793976126,0.0,2.0
0.1197,2.9925000000009008,25.0,0.0,1.0,1.0,3.0,0.0,0.0,0.0,24.99874793976126,24.99874793976126,0.0,2.0
0.1198,2.9950000000009047,25.0,0.0,1.0,1.0,3.0,0.0,0.0,0.0,24.99874793976126,24.99874793976126,0.0,2.0
0.1199,2.9975000000009087,25.0,0.0,1.0,1.0,3.0,0.0,0.0,0.0,24.99874793976126,24.99874793976126,0.0,2.0
0.12,3.000000000000912,25.0,0.0,1.0,1.0,3.0,0.0,0.0,0.0,24.99874793976126,24.99874793976126,0.0,2.0
0.1201,3.002500000000916,25.0,0.0,1.0,1.0,3.0,0.0,0.0,0.0,24.99874793976126,24.99874793976126,0.0,2.0
0.1202,3.00500000000092,25.0,0.0,1.0,1.0,3.0,0.0,0.0,0.0,24.99874793976126,24.99874793976126,0.0,2.0
0.1203,3.007500000000924,25.0,0.0,1.0,1.0,3.0,0.0,0.0,0.0,24.99874793976126,24.99874793976126,0.0,2.0
0.1204,3.0100000000009275,25.0,0.0,1.0,1.0,3.0,0.0,0.0,0.0,24.99874793976126,24.99874793976126,0.0,2.0
0.1205,3.0125000000009314,25.0,0.0,1.0,1.0,3.0,0.0,0.0,0.0,24.99874793976126,24.99874793976126,0.0,2.0
0.1206,3.0150000000009354,25.0,0.0,1.0,1.0,3.0,0.0,0.0,0.0,24.99874793976126,24.99874793976126,0.0,2.0
0.1207,3.0175000000009393,25.0,0.0,1.0,1.0,3.0,0.0,0.0,0.0,24.99874793976126,24.99874793976126,0.0,2.0
0.1208,3.0200000000009433,25.0,0.0,1.0,1.0,3.0,0.0,0.0,0.0,24.99874793976126,24.99874793976126,0.0,2.0
0.1209,3.0225000000009468,25.0,0.0,1.0,1.0,3.0,0.0,0.0,0.0,24.99874793976126,24.99874793976126,0.0,2.0
0.121,3.0250000000009507,25.0,0.0,1.0,1.0,3.0,0.0,0.0,0.0,24.99874793976126,24.99874793976126,0.0,2.0
0.1211,3.0275000000009546,25.0,0.0,1.0,1.0,3.0,0.0,0.0,0.0,24.99874793976126,24.99874793976126,0.0,2.0
0.1212,3.0300000000009586,25.0,0.0,1.0,1.0,3.0,0.0,0.0,0.0,24.99874793976126,24.99874793976126,0.0,2.0
0.1213,3.0325000000009625,25.0,0.0,1.0,1.0,3.0,0.0,0.0,0.0,24.99874793976126,24.99874793976126,0.0,2.0
0.1214,3.035000000000966,25.0,0.0,1.0,1.0,3.0,0.0,0.0,0.0,24.99874793976126,24.99874793976126,0.0,2.0
0.1215,3.03750000000097,25.0,0.0,1.0,1.0,3.0,0.0,0.0,0.0,24.99874793976126,24.99874793976126,0.0,2.0
0.1216,3.040000000000974,25.0,0.0,1.0,1.0,3.0,0.0,0.0,0.0,24.99874793976126,24.99874793976126,0.0,2.0
0.1217,3.042500000000978,25.0,0.0,1.0,1.0,3.0,0.0,0.0,0.0,24.99874793976126,24.99874793976126,0.0,2.0
0.1218,3.045000000000982,25.0,0.0,1.0,1.0,3.0,0.0,0.0,0.0,24.99874793976126,24.99874793976126,0.0,2.0
0.1219,3.0475000000009853,25.0,0.0,1.0,1.0,3.0,0.0,0.0,0.0,24.99874793976126,24.99874793976126,0.0,2.0
0.122,3.0500000000009893,25.0,0.0,1.0,1.0,3.0,0.0,0.0,0.0,24.99874793976126,24.99874793976126,0.0,2.0
0.1221,3.052500000000993,25.0,0.0,1.0,1.0,3.0,0.0,0.0,0.0,24.99874793976126,24.99874793976126,0.0,2.0
0.1222,3.055000000000997,25.0,0.0,1.0,1.0,3.0,0.0,0.0,0.0,24.99874793976126,24.99874793976126,0.0,2.0
0.1223,3.057500000001001,25.0,0.0,1.0,1.0,3.0,0.0,0.0,0.0,24.99874793976126,24.99874793976126,0.0,2.0
0.1224,3.0600000000010046,25.0,0.0,1.0,1.0,3.0,0.0,0.0,0.0,24.99874793976126,24.99874793976126,0.0,2.0
0.1225,3.0625000000010085,25.0,0.0,1.0,1.0,3.0,0.0,0.0,0.0,24.99874793976126,24.99874793976126,0.0,2.0
0.1226,3.0650000000010125,25.0,0.0,1.0,1.0,3.0,0.0,0.0,0.0,24.99874793976126,24.99874793976126,0.0,2.0
0.1227,3.0675000000010164,25.0,0.0,1.0,1.0,3.0,0.0,0.0,0.0,24.99874793976126,24.99874793976126,0.0,2.0
0.1228,3.0700000000010204,25.0,0.0,1.0,1.0,3.0,0.0,0.0,0.0,24.99874793976126,24.99874793976126,0.0,2.0
0.1229,3.072500000001024,25.0,0.0,1.0,1.0,3.0,0.0,0.0,0.0,24.99874793976126,24.99874793976126,0.0,2.0
0.123,3.075000000001028,25.0,0.0,1.0,1.0,3.0,0.0,0.0,0.0,24.99874793976126,24.99874793976126,0.0,2.0
0.1231,3.0775000000010317,25.0,0.0,1.0,1.0,3.0,0.0,0.0,0.0,24.99874793976126,24.99874793976126,0.0,2.0
0.1232,3.0800000000010357,25.0,0.0,1.0,1.0,3.0,0.0,0.0,0.0,24.99874793976126,24.99874793976126,0.0,2.0
0.1233,3.0825000000010396,25.0,0.0,1.0,1.0,3.0,0.0,0.0,0.0,24.99874793976126,24.99874793976126,0.0,2.0
0.1234,3.085000000001043,25.0,0.0,1.0,1.0,3.0,0.0,0.0,0.0,24.99874793976126,24.99874793976126,0.0,2.0
0.1235,3.087500000001047,25.0,0.0,1.0,1.0,3.0,0.0,0.0,0.0,24.99874793976126,24.99874793976126,0.0,2.0
0.1236,3.090000000001051,25.0,0.0,1.0,1.0,3.0,0.0,0.0,0.0,24.99874793976126,24.99874793976126,0.0,2.0
0.1237,3.092500000001055,25.0,0.0,1.0,1.0,3.0,0.0,0.0,0.0,24.99874793976126,24.99874793976126,0.0,2.0
0.1238,3.0950000000010585,25.0,0.0,1.0,1.0,3.0,0.0,0.0,0.0,24.99874793976126,24.99874793976126,0.0,2.0
0.1239,3.0975000000010624,25.0,0.0,1.0,1.0,3.0,0.0,0.0,0.0,24.99874793976126,24.99874793976126,0.0,2.0
0.124,3.1000000000010663,25.0,0.0,1.0,1.0,3.0,0.0,0.0,0.0,24.99874793976126,24.99874793976126,0.0,2.0
0.1241,3.1025000000010703,25.0,0.0,1.0,1.0,3.0,0.0,0.0,0.0,24.99874793976126,24.99874793976126,0.0,2.0
0.1242,3.1050000000010742,25.0,0.0,1.0,1.0,3.0,0.0,0.0,0.0,24.99874793976126,24.99874793976126,0.0,2.0
0.1243,3.1075000000010777,25.0,0.0,1.0,1.0,3.0,0.0,0.0,0.0,24.99874793976126,24.99874793976126,0.0,2.0
0.1244,3.1100000000010817,25.0,0.0,1.0,1.0,3.0,0.0,0.0,0.0,24.99874793976126,24.99874793976126,0.0,2.0
0.1245,3.1125000000010856,25.0,0.0,1.0,1.0,3.0,0.0,0.0,0.0,24.99874793976126,24.99874793976126,0.0,2.0
0.1246,3.1150000000010896,25.0,0.0,1.0,1.0,3.0,0.0,0.0,0.0,24.99874793976126,24.99874793976126,0.0,2.0
0.1247,3.1175000000010935,25.0,0.0,1.0,1.0,3.0,0.0,0.0,0.0,24.99874793976126,24.99874793976126,0.0,2.0
0.1248,3.120000000001097,25.0,0.0,1.0,1.0,3.0,0.0,0.0,0.0,24.99874793976126,24.99874793976126,0.0,2.0
0.1249,3.122500000001101,25.0,0.0,1.0,1.0,3.0,0.0,0.0,0.0,24.99874793976126,24.99874793976126,0.0,2.0
0.125,3.125000000001105,25.0,0.0,1.0,1.0,3.0,0.0,0.0,0.0,24.99874793976126,24.99874793976126,0.0,2.0
0.1251,3.1275000000011057,25.0,0.0,1.0,1.0,3.0,0.0,0.0,0.0,24.99874793976126,24.99874793976126,0.0,2.0
0.1252,3.1300000000011066,25.0,0.0,1.0,1.0,3.0,0.0,0.0,0.0,24.99874793976126,24.99874793976126,0.0,2.0
0.1253,3.1325000000011074,25.0,0.0,1.0,1.0,3.0,0.0,0.0,0.0,24.99874793976126,24.99874793976126,0.0,2.0
0.1254,3.1350000000011082,25.0,0.0,1.0,1.0,3.0,0.0,0.0,0.0,24.99874793976126,24.99874793976126,0.0,2.0
0.1255,3.137500000001109,25.0,0.0,1.0,1.0,3.0,0.0,0.0,0.0,24.99874793976126,24.99874793976126,0.0,2.0
0.1256,3.14000000000111,25.0,0.0,1.0,1.0,3.0,0.0,0.0,0.0,24.99874793976126,24.99874793976126,0.0,2.0
0.1257,-3.1406853071784755,25.0,0.0,1.0,0.0,2.0,0.0,0.0,0.0,24.998747939761166,24.998747939761238,0.0,3.0
0.1258,-3.1381853071784747,25.0,0.0,1.0,0.0,2.0,0.0,0.0,0.0,24.998747939761166,24.998747939761238,0.0,3.0
0.1259,-3.135685307178474,25.0,0.0,1.0,0.0,2.0,0.0,0.0,0.0,24.998747939761166,24.998747939761238,0.0,3.0
0.126,-3.133185307178473,25.0,0.0,1.0,0.0,2.0,0.0,0.0,0.0,24.998747939761166,24.998747939761238,0.0,3.0
0.1261,-3.130685307178472,25.0,0.0,1.0,0.0,2.0,0.0,0.0,0.0,24.998747939761166,24.998747939761238,0.0,3.0
0.1262,-3.1281853071784713,25.0,0.0,1.0,0.0,2.0,0.0,0.0,0.0,24.998747939761166,24.998747939761238,0.0,3.0
0.1263,-3.1256853071784705,25.0,0.0,1.0,0.0,2.0,0.0,0.0,0.0,24.998747939761166,24.998747939761238,0.0,3.0
0.1264,-3.1231853071784696,25.0,0.0,1.0,0.0,2.0,0.0,0.0,0.0,24.998747939761166,24.998747939761238,0.0,3.0
0.1265,-3.120685307178469,25.0,0.0,1.0,0.0,2.0,0.0,0.0,0.0,24.998747939761166,24.998747939761238,0.0,3.0
0.1266,-3.118185307178468,25.0,0.0,1.0,0.0,2.0,0.0,0.0,0.0,24.998747939761166,24.998747939761238,0.0,3.0
0.1267,-3.115685307178467,25.0,0.0,1.0,0.0,2.0,0.0,0.0,0.0,24.998747939761166,24.998747939761238,0.0,3.0
0.1268,-3.1131853071784663,25.0,0.0,1.0,0.0,2.0,0.0,0.0,0.0,24.998747939761166,24.998747939761238,0.0,3.0
0.1269,-3.1106853071784655,25.0,0.0,1.0,0.0,2.0,0.0,0.0,0.0,24.998747939761166,24.998747939761238,0.0,3.0
0.127,-3.1081853071784646,25.0,0.0,1.0,0.0,2.0,0.0,0.0,0.0,24.998747939761166,24.998747939761238,0.0,3.0
0.1271,-3.105685307178464,25.0,0.0,1.0,0.0,2.0,0.0,0.0,0.0,24.998747939761166,24.998747939761238,0.0,3.0
0.1272,-3.103185307178463,25.0,0.0,1.0,0.0,2.0,0.0,0.0,0.0,24.998747939761166,24.998747939761238,0.0,3.0
0.1273,-3.100685307178462,25.0,0.0,1.0,0.0,2.0,0.0,0.0,0.0,24.998747939761166,24.998747939761238,0.0,3.0
0.1274,-3.0981853071784613,25.0,0.0,1.0,0.0,2.0,0.0,0.0,0.0,24.998747939761166,24.998747939761238,0.0,3.0
0.1275,-3.0956853071784605,25.0,0.0,1.0,0.0,2.0,0.0,0.0,0.0,24.998747939761166,24.998747939761238,0.0,3.0
0.1276,-3.0931853071784596,25.0,0.0,1.0,0.0,2.0,0.0,0.0,0.0,24.998747939761166,24.998747939761238,0.0,3.0
0.1277,-3.090685307178459,25.0,0.0,1.0,0.0,2.0,0.0,0.0,0.0,24.998747939761166,24.998747939761238,0.0,3.0
0.1278,-3.088185307178458,25.0,0.0,1.0,0.0,2.0,0.0,0.0,0.0,24.998747939761166,24.998747939761238,0.0,3.0
0.1279,-3.085685307178457,25.0,0.0,1.0,0.0,2.0,0.0,0.0,0.0,24.998747939761166,24.998747939761238,0.0,3.0
0.128,-3.0831853071784563,25.0,0.0,1.0,0.0,2.0,0.0,0.0,0.0,24.998747939761166,24.998747939761238,0.0,3.0
0.1281,-3.0806853071784555,25.0,0.0,1.0,0.0,2.0,0.0,0.0,0.0,24.998747939761166,24.998747939761238,0.0,3.0
0.1282,-3.0781853071784546,25.0,0.0,1.0,0.0,2.0,0.0,0.0,0.0,24.998747939761166,24.998747939761238,0.0,3.0
0.1283,-3.075685307178454,25.0,0.0,1.0,0.0,2.0,0.0,0.0,0.0,24.998747939761166,24.998747939761238,0.0,3.0
0.1284,-3.073185307178453,25.0,0.0,1.0,0.0,2.0,0.0,0.0,0.0,24.998747939761166,24.998747939761238,0.0,3.0
0.1285,-3.070685307178452,25.0,0.0,1.0,0.0,2.0,0.0,0.0,0.0,24.998747939761166,24.998747939761238,0.0,3.0
0.1286,-3.0681853071784513,25.0,0.0,1.0,0.0,2.0,0.0,0.0,0.0,24.998747939761166,24.998747939761238,0.0,3.0
0.1287,-3.0656853071784504,25.0,0.0,1.0,0.0,2.0,0.0,0.0,0.0,24.998747939761166,24.998747939761238,0.0,3.0
0.1288,-3.0631853071784496,25.0,0.0,1.0,0.0,2.0,0.0,0.0,0.0,24.998747939761166,24.998747939761238,0.0,3.0
0.1289,-3.0606853071784488,25.0,0.0,1.0,0.0,2.0,0.0,0.0,0.0,24.998747939761166,24.998747939761238,0.0,3.0
0.129,-3.058185307178448,25.0,0.0,1.0,0.0,2.0,0.0,0.0,0.0,24.998747939761166,24.998747939761238,0.0,3.0
0.1291,-3.055685307178447,25.0,0.0,1.0,0.0,2.0,0.0,0.0,0.0,24.998747939761166,24.998747939761238,0.0,3.0
0.1292,-3.0531853071784463,25.0,0.0,1.0,0.0,2.0,0.0,0.0,0.0,24.998747939761166,24.998747939761238,0.0,3.0
0.1293,-3.0506853071784454,25.0,0.0,1.0,0.0,2.0,0.0,0.0,0.0,24.998747939761166,24.998747939761238,0.0,3.0
0.1294,-3.0481853071784446,25.0,0.0,1.0,0.0,2.0,0.0,0.0,0.0,24.998747939761166,24.998747939761238,0.0,3.0
0.1295,-3.0456853071784438,25.0,0.0,1.0,0.0,2.0,0.0,0.0,0.0,24.998747939761166,24.998747939761238,0.0,3.0
0.1296,-3.043185307178443,25.0,0.0,1.0,0.0,2.0,0.0,0.0,0.0,24.998747939761166,24.998747939761238,0.0,3.0
0.1297,-3.040685307178442,25.0,0.0,1.0,0.0,2.0,0.0,0.0,0.0,24.998747939761166,24.998747939761238,0.0,3.0
0.1298,-3.0381853071784413,25.0,0.0,1.0,0.0,2.0,0.0,0.0,0.0,24.998747939761166,24.998747939761238,0.0,3.0
0.1299,-3.0356853071784404,25.0,0.0,1.0,0.0,2.0,0.0,0.0,0.0,24.998747939761166,24.998747939761238,0.0,3.0
0.13,-3.0331853071784396,25.0,0.0,1.0,0.0,2.0,0.0,0.0,0.0,24.998747939761166,24.998747939761238,0.0,3.0
0.1301,-3.0306853071784388,25.0,0.0,1.0,0.0,2.0,0.0,0.0,0.0,24.998747939761166,24.998747939761238,0.0,3.0
0.1302,-3.028185307178438,25.0,0.0,1.0,0.0,2.0,0.0,0.0,0.0,24.998747939761166,24.998747939761238,0.0,3.0
0.1303,-3.025685307178437,25.0,0.0,1.0,0.0,2.0,0.0,0.0,0.0,24.998747939761166,24.998747939761238,0.0,3.0
0.1304,-3.0231853071784363,25.0,0.0,1.0,0.0,2.0,0.0,0.0,0.0,24.998747939761166,24.998747939761238,0.0,3.0
0.1305,-3.0206853071784354,25.0,0.0,1.0,0.0,2.0,0.0,0.0,0.0,24.998747939761166,24.998747939761238,0.0,3.0
0.1306,-3.0181853071784346,25.0,0.0,1.0,0.0,2.0,0.0,0.0,0.0,24.998747939761166,24.998747939761238,0.0,3.0
0.1307,-3.0156853071784337,25.0,0.0,1.0,0.0,2.0,0.0,0.0,0.0,24.998747939761166,24.998747939761238,0.0,3.0
0.1308,-3.013185307178433,25.0,0.0,1.0,0.0,2.0,0.0,0.0,0.0,24.998747939761166,24.998747939761238,0.0,3.0
0.1309,-3.010685307178432,25.0,0.0,1.0,0.0,2.0,0.0,0.0,0.0,24.998747939761166,24.998747939761238,0.0,3.0
0.131,-3.0081853071784312,25.0,0.0,1.0,0.0,2.0,0.0,0.0,0.0,24.998747939761166,24.998747939761238,0.0,3.0
0.1311,-3.0056853071784304,25.0,0.0,1.0,0.0,2.0,0.0,0.0,0.0,24.998747939761166,24.998747939761238,0.0,3.0
0.1312,-3.0031853071784296,25.0,0.0,1.0,0.0,2.0,0.0,0.0,0.0,24.998747939761166,24.998747939761238,0.0,3.0
0.1313,-3.0006853071784287,25.0,0.0,1.0,0.0,2.0,0.0,0.0,0.0,24.998747939761166,24.998747939761238,0.0,3.0
0.1314,-2.998185307178428,25.0,0.0,1.0,0.0,2.0,0.0,0.0,0.0,24.998747939761166,24.998747939761238,0.0,3.0
0.1315,-2.995685307178427,25.0,0.0,1.0,0.0,2.0,0.0,0.0,0.0,24.998747939761166,24.998747939761238,0.0,3.0
0.1316,-2.9931853071784262,25.0,0.0,1.0,0.0,2.0,0.0,0.0,0.0,24.998747939761166,24.998747939761238,0.0,3.0
0.1317,-2.9906853071784254,25.0,0.0,1.0,0.0,2.0,0.0,0.0,0.0,24.998747939761166,24.998747939761238,0.0,3.0
0.1318,-2.9881853071784246,25.0,0.0,1.0,0.0,2.0,0.0,0.0,0.0,24.998747939761166,24.998747939761238,0.0,3.0
0.1319,-2.9856853071784237,25.0,0.0,1.0,0.0,2.0,0.0,0.0,0.0,24.998747939761166,24.998747939761238,0.0,3.0
0.132,-2.983185307178423,25.0,0.0,1.0,0.0,2.0,0.0,0.0,0.0,24.998747939761166,24.998747939761238,0.0,3.0
0.1321,-2.980685307178422,25.0,0.0,1.0,0.0,2.0,0.0,0.0,0.0,24.998747939761166,24.998747939761238,0.0,3.0
0.1322,-2.9781853071784212,25.0,0.0,1.0,0.0,2.0,0.0,0.0,0.0,24.998747939761166,24.998747939761238,0.0,3.0
0.1323,-2.9756853071784204,25.0,0.0,1.0,0.0,2.0,0.0,0.0,0.0,24.998747939761166,24.998747939761238,0.0,3.0
0.1324,-2.9731853071784196,25.0,0.0,1.0,0.0,2.0,0.0,0.0,0.0,24.998747939761166,24.998747939761238,0.0,3.0
0.1325,-2.9706853071784187,25.0,0.0,1.0,0.0,2.0,0.0,0.0,0.0,24.998747939761166,24.998747939761238,0.0,3.0
0.1326,-2.968185307178418,25.0,0.0,1.0,0.0,2.0,0.0,0.0,0.0,24.998747939761166,24.998747939761238,0.0,3.0
0.1327,-2.965685307178417,25.0,0.0,1.0,0.0,2.0,0.0,0.0,0.0,24.998747939761166,24.998747939761238,0.0,3.0
0.1328,-2.963185307178416,25.0,0.0,1.0,0.0,2.0,0.0,0.0,0.0,24.998747939761166,24.998747939761238,0.0,3.0
0.1329,-2.9606853071784154,25.0,0.0,1.0,0.0,2.0,0.0,0.0,0.0,24.998747939761166,24.998747939761238,0.0,3.0
0.133,-2.9581853071784145,25.0,0.0,1.0,0.0,2.0,0.0,0.0,0.0,24.998747939761166,24.998747939761238,0.0,3.0
0.1331,-2.9556853071784137,25.0,0.0,1.0,0.0,2.0,0.0,0.0,0.0,24.998747939761166,24.998747939761238,0.0,3.0
0.1332,-2.953185307178413,25.0,0.0,1.0,0.0,2.0,0.0,0.0,0.0,24.998747939761166,24.998747939761238,0.0,3.0
0.1333,-2.950685307178412,25.0,0.0,1.0,0.0,2.0,0.0,0.0,0.0,24.998747939761166,24.998747939761238,0.0,3.0
0.1334,-2.948185307178411,25.0,0.0,1.0,0.0,2.0,0.0,0.0,0.0,24.998747939761166,24.998747939761238,0.0,3.0
0.1335,-2.9456853071784104,25.0,0.0,1.0,0.0,2.0,0.0,0.0,0.0,24.998747939761166,24.998747939761238,0.0,3.0
0.1336,-2.9431853071784095,25.0,0.0,1.0,0.0,2.0,0.0,0.0,0.0,24.998747939761166,24.998747939761238,0.0,3.0
0.1337,-2.9406853071784087,25.0,0.0,1.0,0.0,2.0,0.0,0.0,0.0,24.998747939761166,24.998747939761238,0.0,3.0
0.1338,-2.938185307178408,25.0,0.0,1.0,0.0,2.0,0.0,0.0,0.0,24.998747939761166,24.998747939761238,0.0,3.0
0.1339,-2.935685307178407,25.0,0.0,1.0,0.0,2.0,0.0,0.0,0.0,24.998747939761166,24.998747939761238,0.0,3.0
0.134,-2.933185307178406,25.0,0.0,1.0,0.0,2.0,0.0,0.0,0.0,24.998747939761166,24.998747939761238,0.0,3.0
0.1341,-2.9306853071784054,25.0,0.0,1.0,0.0,2.0,0.0,0.0,0.0,24.998747939761166,24.998747939761238,0.0,3.0
0.1342,-2.9281853071784045,25.0,0.0,1.0,0.0,2.0,0.0,0.0,0.0,24.998747939761166,24.998747939761238,0.0,3.0
0.1343,-2.9256853071784037,25.0,0.0,1.0,0.0,2.0,0.0,0.0,0.0,24.998747939761166,24.998747939761238,0.0,3.0
0.1344,-2.923185307178403,25.0,0.0,1.0,0.0,2.0,0.0,0.0,0.0,24.998747939761166,24.998747939761238,0.0,3.0
0.1345,-2.920685307178402,25.0,0.0,1.0,0.0,2.0,0.0,0.0,0.0,24.998747939761166,24.998747939761238,0.0,3.0
0.1346,-2.918185307178401,25.0,0.0,1.0,0.0,2.0,0.0,0.0,0.0,24.998747939761166,24.998747939761238,0.0,3.0
0.1347,-2.9156853071784004,25.0,0.0,1.0,0.0,2.0,0.0,0.0,0.0,24.998747939761166,24.998747939761238,0.0,3.0
0.1348,-2.9131853071783995,25.0,0.0,1.0,0.0,2.0,0.0,0.0,0.0,24.998747939761166,24.998747939761238,0.0,3.0
0.1349,-2.9106853071783987,25.0,0.0,1.0,0.0,2.0,0.0,0.0,0.0,24.998747939761166,24.998747939761238,0.0,3.0
0.135,-2.908185307178398,25.0,0.0,1.0,0.0,2.0,0.0,0.0,0.0,24.998747939761166,24.998747939761238,0.0,3.0
0.1351,-2.905685307178397,25.0,0.0,1.0,0.0,2.0,0.0,0.0,0.0,24.998747939761166,24.998747939761238,0.0,3.0
0.1352,-2.903185307178396,25.0,0.0,1.0,0.0,2.0,0.0,0.0,0.0,24.998747939761166,24.998747939761238,0.0,3.0
0.1353,-2.9006853071783953,25.0,0.0,1.0,0.0,2.0,0.0,0.0,0.0,24.998747939761166,24.998747939761238,0.0,3.0
0.1354,-2.8981853071783945,25.0,0.0,1.0,0.0,2.0,0.0,0.0,0.0,24.998747939761166,24.998747939761238,0.0,3.0
0.1355,-2.8956853071783937,25.0,0.0,1.0,0.0,2.0,0.0,0.0,0.0,24.998747939761166,24.998747939761238,0.0,3.0
0.1356,-2.893185307178393,25.0,0.0,1.0,0.0,2.0,0.0,0.0,0.0,24.998747939761166,24.998747939761238,0.0,3.0
0.1357,-2.890685307178392,25.0,0.0,1.0,0.0,2.0,0.0,0.0,0.0,24.998747939761166,24.998747939761238,0.0,3.0
0.1358,-2.888185307178391,25.0,0.0,1.0,0.0,2.0,0.0,0.0,0.0,24.998747939761166,24.998747939761238,0.0,3.0
0.1359,-2.8856853071783903,25.0,0.0,1.0,0.0,2.0,0.0,0.0,0.0,24.998747939761166,24.998747939761238,0.0,3.0
0.136,-2.8831853071783895,25.0,0.0,1.0,0.0,2.0,0.0,0.0,0.0,24.998747939761166,24.998747939761238,0.0,3.0
0.1361,-2.8806853071783887,25.0,0.0,1.0,0.0,2.0,0.0,0.0,0.0,24.998747939761166,24.998747939761238,0.0,3.0
0.1362,-2.878185307178388,25.0,0.0,1.0,0.0,2.0,0.0,0.0,0.0,24.998747939761166,24.998747939761238,0.0,3.0
0.1363,-2.875685307178387,25.0,0.0,1.0,0.0,2.0,0.0,0.0,0.0,24.998747939761166,24.998747939761238,0.0,3.0
0.1364,-2.873185307178386,25.0,0.0,1.0,0.0,2.0,0.0,0.0,0.0,24.998747939761166,24.998747939761238,0.0,3.0
0.1365,-2.8706853071783853,25.0,0.0,1.0,0.0,2.0,0.0,0.0,0.0,24.998747939761166,24.998747939761238,0.0,3.0
0.1366,-2.8681853071783845,25.0,0.0,1.0,0.0,2.0,0.0,0.0,0.0,24.998747939761166,24.998747939761238,0.0,3.0
0.1367,-2.8656853071783837,25.0,0.0,1.0,0.0,2.0,0.0,0.0,0.0,24.998747939761166,24.998747939761238,0.0,3.0
0.1368,-2.863185307178383,25.0,0.0,1.0,0.0,2.0,0.0,0.0,0.0,24.998747939761166,24.998747939761238,0.0,3.0
0.1369,-2.860685307178382,25.0,0.0,1.0,0.0,2.0,0.0,0.0,0.0,24.998747939761166,24.998747939761238,0.0,3.0
0.137,-2.858185307178381,25.0,0.0,1.0,0.0,2.0,0.0,0.0,0.0,24.998747939761166,24.998747939761238,0.0,3.0
0.1371,-2.8556853071783803,25.0,0.0,1.0,0.0,2.0,0.0,0.0,0.0,24.998747939761166,24.998747939761238,0.0,3.0
0.1372,-2.8531853071783795,25.0,0.0,1.0,0.0,2.0,0.0,0.0,0.0,24.998747939761166,24.998747939761238,0.0,3.0
0.1373,-2.8506853071783786,25.0,0.0,1.0,0.0,2.0,0.0,0.0,0.0,24.998747939761166,24.998747939761238,0.0,3.0
0.1374,-2.848185307178378,25.0,0.0,1.0,0.0,2.0,0.0,0.0,0.0,24.998747939761166,24.998747939761238,0.0,3.0
0.1375,-2.845685307178377,25.0,0.0,1.0,0.0,2.0,0.0,0.0,0.0,24.998747939761166,24.998747939761238,0.0,3.0
0.1376,-2.843185307178376,25.0,0.0,1.0,0.0,2.0,0.0,0.0,0.0,24.998747939761166,24.998747939761238,0.0,3.0
0.1377,-2.8406853071783753,25.0,0.0,1.0,0.0,2.0,0.0,0.0,0.0,24.998747939761166,24.998747939761238,0.0,3.0
0.1378,-2.8381853071783745,25.0,0.0,1.0,0.0,2.0,0.0,0.0,0.0,24.998747939761166,24.998747939761238,0.0,3.0
0.1379,-2.8356853071783736,25.0,0.0,1.0,0.0,2.0,0.0,0.0,0.0,24.998747939761166,24.998747939761238,0.0,3.0
0.138,-2.833185307178373,25.0,0.0,1.0,0.0,2.0,0.0,0.0,0.0,24.998747939761166,24.998747939761238,0.0,3.0
0.1381,-2.830685307178372,25.0,0.0,1.0,0.0,2.0,0.0,0.0,0.0,24.998747939761166,24.998747939761238,0.0,3.0
0.1382,-2.828185307178371,25.0,0.0,1.0,0.0,2.0,0.0,0.0,0.0,24.998747939761166,24.998747939761238,0.0,3.0
0.1383,-2.8256853071783703,25.0,0.0,1.0,0.0,2.0,0.0,0.0,0.0,24.998747939761166,24.998747939761238,0.0,3.0
0.1384,-2.8231853071783695,25.0,0.0,1.0,0.0,2.0,0.0,0.0,0.0,24.998747939761166,24.998747939761238,0.0,3.0
0.1385,-2.8206853071783686,25.0,0.0,1.0,0.0,2.0,0.0,0.0,0.0,24.998747939761166,24.998747939761238,0.0,3.0
0.1386,-2.818185307178368,25.0,0.0,1.0,0.0,2.0,0.0,0.0,0.0,24.998747939761166,24.998747939761238,0.0,3.0
0.1387,-2.815685307178367,25.0,0.0,1.0,0.0,2.0,0.0,0.0,0.0,24.998747939761166,24.998747939761238,0.0,3.0
0.1388,-2.813185307178366,25.0,0.0,1.0,0.0,2.0,0.0,0.0,0.0,24.998747939761166,24.998747939761238,0.0,3.0
0.1389,-2.8106853071783653,25.0,0.0,1.0,0.0,2.0,0.0,0.0,0.0,24.998747939761166,24.998747939761238,0.0,3.0
0.139,-2.8081853071783645,25.0,0.0,1.0,0.0,2.0,0.0,0.0,0.0,24.998747939761166,24.998747939761238,0.0,3.0
0.1391,-2.8056853071783636,25.0,0.0,1.0,0.0,2.0,0.0,0.0,0.0,24.998747939761166,24.998747939761238,0.0,3.0
0.1392,-2.803185307178363,25.0,0.0,1.0,0.0,2.0,0.0,0.0,0.0,24.998747939761166,24.998747939761238,0.0,3.0
0.1393,-2.800685307178362,25.0,0.0,1.0,0.0,2.0,0.0,0.0,0.0,24.998747939761166,24.998747939761238,0.0,3.0
0.1394,-2.798185307178361,25.0,0.0,1.0,0.0,2.0,0.0,0.0,0.0,24.998747939761166,24.998747939761238,0.0,3.0
0.1395,-2.7956853071783603,25.0,0.0,1.0,0.0,2.0,0.0,0.0,0.0,24.998747939761166,24.998747939761238,0.0,3.0
0.1396,-2.7931853071783594,25.0,0.0,1.0,0.0,2.0,0.0,0.0,0.0,24.998747939761166,24.998747939761238,0.0,3.0
0.1397,-2.7906853071783586,25.0,0.0,1.0,0.0,2.0,0.0,0.0,0.0,24.998747939761166,24.998747939761238,0.0,3.0
0.1398,-2.7881853071783578,25.0,0.0,1.0,0.0,2.0,0.0,0.0,0.0,24.998747939761166,24.998747939761238,0.0,3.0
0.1399,-2.785685307178357,25.0,0.0,1.0,0.0,2.0,0.0,0.0,0.0,24.998747939761166,24.998747939761238,0.0,3.0
0.14,-2.783185307178356,25.0,0.0,1.0,0.0,2.0,0.0,0.0,0.0,24.998747939761166,24.998747939761238,0.0,3.0
0.1401,-2.7806853071783553,25.0,0.0,1.0,0.0,2.0,0.0,0.0,0.0,24.998747939761166,24.998747939761238,0.0,3.0
0.1402,-2.7781853071783544,25.0,0.0,1.0,0.0,2.0,0.0,0.0,0.0,24.998747939761166,24.998747939761238,0.0,3.0
0.1403,-2.7756853071783536,25.0,0.0,1.0,0.0,2.0,0.0,0.0,0.0,24.998747939761166,24.998747939761238,0.0,3.0
0.1404,-2.7731853071783528,25.0,0.0,1.0,0.0,2.0,0.0,0.0,0.0,24.998747939761166,24.998747939761238,0.0,3.0
0.1405,-2.770685307178352,25.0,0.0,1.0,0.0,2.0,0.0,0.0,0.0,24.998747939761166,24.998747939761238,0.0,3.0
0.1406,-2.768185307178351,25.0,0.0,1.0,0.0,2.0,0.0,0.0,0.0,24.998747939761166,24.998747939761238,0.0,3.0
0.1407,-2.7656853071783503,25.0,0.0,1.0,0.0,2.0,0.0,0.0,0.0,24.998747939761166,24.998747939761238,0.0,3.0
0.1408,-2.7631853071783494,25.0,0.0,1.0,0.0,2.0,0.0,0.0,0.0,24.998747939761166,24.998747939761238,0.0,3.0
0.1409,-2.7606853071783486,25.0,0.0,1.0,0.0,2.0,0.0,0.0,0.0,24.998747939761166,24.998747939761238,0.0,3.0
0.141,-2.7581853071783478,25.0,0.0,1.0,0.0,2.0,0.0,0.0,0.0,24.998747939761166,24.998747939761238,0.0,3.0
0.1411,-2.755685307178347,25.0,0.0,1.0,0.0,2.0,0.0,0.0,0.0,24.998747939761166,24.998747939761238,0.0,3.0
0.1412,-2.753185307178346,25.0,0.0,1.0,0.0,2.0,0.0,0.0,0.0,24.998747939761166,24.998747939761238,0.0,3.0
0.1413,-2.7506853071783453,25.0,0.0,1.0,0.0,2.0,0.0,0.0,0.0,24.998747939761166,24.998747939761238,0.0,3.0
0.1414,-2.7481853071783444,25.0,0.0,1.0,0.0,2.0,0.0,0.0,0.0,24.998747939761166,24.998747939761238,0.0,3.0
0.1415,-2.7456853071783436,25.0,0.0,1.0,0.0,2.0,0.0,0.0,0.0,24.998747939761166,24.998747939761238,0.0,3.0
0.1416,-2.7431853071783427,25.0,0.0,1.0,0.0,2.0,0.0,0.0,0.0,24.998747939761166,24.998747939761238,0.0,3.0
0.1417,-2.740685307178342,25.0,0.0,1.0,0.0,2.0,0.0,0.0,0.0,24.998747939761166,24.998747939761238,0.0,3.0
0.1418,-2.738185307178341,25.0,0.0,1.0,0.0,2.0,0.0,0.0,0.0,24.998747939761166,24.998747939761238,0.0,3.0
0.1419,-2.7356853071783402,25.0,0.0,1.0,0.0,2.0,0.0,0.0,0.0,24.998747939761166,24.998747939761238,0.0,3.0
0.142,-2.7331853071783394,25.0,0.0,1.0,0.0,2.0,0.0,0.0,0.0,24.998747939761166,24.998747939761238,0.0,3.0
0.1421,-2.7306853071783386,25.0,0.0,1.0,0.0,2.0,0.0,0.0,0.0,24.998747939761166,24.998747939761238,0.0,3.0
0.1422,-2.7281853071783377,25.0,0.0,1.0,0.0,2.0,0.0,0.0,0.0,24.998747939761166,24.998747939761238,0.0,3.0
0.1423,-2.725685307178337,25.0,0.0,1.0,0.0,2.0,0.0,0.0,0.0,24.998747939761166,24.998747939761238,0.0,3.0
0.1424,-2.723185307178336,25.0,0.0,1.0,0.0,2.0,0.0,0.0,0.0,24.998747939761166,24.998747939761238,0.0,3.0
0.1425,-2.7206853071783352,25.0,0.0,1.0,0.0,2.0,0.0,0.0,0.0,24.998747939761166,24.998747939761238,0.0,3.0
0.1426,-2.7181853071783344,25.0,0.0,1.0,0.0,2.0,0.0,0.0,0.0,24.998747939761166,24.998747939761238,0.0,3.0
0.1427,-2.7156853071783336,25.0,0.0,1.0,0.0,2.0,0.0,0.0,0.0,24.998747939761166,24.998747939761238,0.0,3.0
0.1428,-2.7131853071783327,25.0,0.0,1.0,0.0,2.0,0.0,0.0,0.0,24.998747939761166,24.998747939761238,0.0,3.0
0.1429,-2.710685307178332,25.0,0.0,1.0,0.0,2.0,0.0,0.0,0.0,24.998747939761166,24.998747939761238,0.0,3.0
0.143,-2.708185307178331,25.0,0.0,1.0,0.0,2.0,0.0,0.0,0.0,24.998747939761166,24.998747939761238,0.0,3.0
0.1431,-2.7056853071783302,25.0,0.0,1.0,0.0,2.0,0.0,0.0,0.0,24.998747939761166,24.998747939761238,0.0,3.0
0.1432,-2.7031853071783294,25.0,0.0,1.0,0.0,2.0,0.0,0.0,0.0,24.998747939761166,24.998747939761238,0.0,3.0
0.1433,-2.7006853071783286,25.0,0.0,1.0,0.0,2.0,0.0,0.0,0.0,24.998747939761166,24.998747939761238,0.0,3.0
0.1434,-2.6981853071783277,25.0,0.0,1.0,0.0,2.0,0.0,0.0,0.0,24.998747939761166,24.998747939761238,0.0,3.0
0.1435,-2.695685307178327,25.0,0.0,1.0,0.0,2.0,0.0,0.0,0.0,24.998747939761166,24.998747939761238,0.0,3.0
0.1436,-2.693185307178326,25.0,0.0,1.0,0.0,2.0,0.0,0.0,0.0,24.998747939761166,24.998747939761238,0.0,3.0
0.1437,-2.690685307178325,25.0,0.0,1.0,0.0,2.0,0.0,0.0,0.0,24.998747939761166,24.998747939761238,0.0,3.0
0.1438,-2.6881853071783244,25.0,0.0,1.0,0.0,2.0,0.0,0.0,0.0,24.998747939761166,24.998747939761238,0.0,3.0
0.1439,-2.6856853071783235,25.0,0.0,1.0,0.0,2.0,0.0,0.0,0.0,24.998747939761166,24.998747939761238,0.0,3.0
0.144,-2.6831853071783227,25.0,0.0,1.0,0.0,2.0,0.0,0.0,0.0,24.998747939761166,24.998747939761238,0.0,3.0
0.1441,-2.680685307178322,25.0,0.0,1.0,0.0,2.0,0.0,0.0,0.0,24.998747939761166,24.998747939761238,0.0,3.0
0.1442,-2.678185307178321,25.0,0.0,1.0,0.0,2.0,0.0,0.0,0.0,24.998747939761166,24.998747939761238,0.0,3.0
0.1443,-2.67568530717832,25.0,0.0,1.0,0.0,2.0,0.0,0.0,0.0,24.998747939761166,24.998747939761238,0.0,3.0
0.1444,-2.6731853071783194,25.0,0.0,1.0,0.0,2.0,0.0,0.0,0.0,24.998747939761166,24.998747939761238,0.0,3.0
0.1445,-2.6706853071783185,25.0,0.0,1.0,0.0,2.0,0.0,0.0,0.0,24.998747939761166,24.998747939761238,0.0,3.0
0.1446,-2.6681853071783177,25.0,0.0,1.0,0.0,2.0,0.0,0.0,0.0,24.998747939761166,24.998747939761238,0.0,3.0
0.1447,-2.665685307178317,25.0,0.0,1.0,0.0,2.0,0.0,0.0,0.0,24.998747939761166,24.998747939761238,0.0,3.0
0.1448,-2.663185307178316,25.0,0.0,1.0,0.0,2.0,0.0,0.0,0.0,24.998747939761166,24.998747939761238,0.0,3.0
0.1449,-2.660685307178315,25.0,0.0,1.0,0.0,2.0,0.0,0.0,0.0,24.998747939761166,24.998747939761238,0.0,3.0
0.145,-2.6581853071783144,25.0,0.0,1.0,0.0,2.0,0.0,0.0,0.0,24.998747939761166,24.998747939761238,0.0,3.0
0.1451,-2.6556853071783135,25.0,0.0,1.0,0.0,2.0,0.0,0.0,0.0,24.998747939761166,24.998747939761238,0.0,3.0
0.1452,-2.6531853071783127,25.0,0.0,1.0,0.0,2.0,0.0,0.0,0.0,24.998747939761166,24.998747939761238,0.0,3.0
0.1453,-2.650685307178312,25.0,0.0,1.0,0.0,2.0,0.0,0.0,0.0,24.998747939761166,24.998747939761238,0.0,3.0
0.1454,-2.648185307178311,25.0,0.0,1.0,0.0,2.0,0.0,0.0,0.0,24.998747939761166,24.998747939761238,0.0,3.0
0.1455,-2.64568530717831,25.0,0.0,1.0,0.0,2.0,0.0,0.0,0.0,24.998747939761166,24.998747939761238,0.0,3.0
0.1456,-2.6431853071783094,25.0,0.0,1.0,0.0,2.0,0.0,0.0,0.0,24.998747939761166,24.998747939761238,0.0,3.0
0.1457,-2.6406853071783085,25.0,0.0,1.0,0.0,2.0,0.0,0.0,0.0,24.998747939761166,24.998747939761238,0.0,3.0
0.1458,-2.6381853071783077,25.0,0.0,1.0,0.0,2.0,0.0,0.0,0.0,24.998747939761166,24.998747939761238,0.0,3.0
0.1459,-2.635685307178307,25.0,0.0,1.0,0.0,2.0,0.0,0.0,0.0,24.998747939761166,24.998747939761238,0.0,3.0
0.146,-2.633185307178306,25.0,0.0,1.0,0.0,2.0,0.0,0.0,0.0,24.998747939761166,24.998747939761238,0.0,3.0
0.1461,-2.630685307178305,25.0,0.0,1.0,0.0,2.0,0.0,0.0,0.0,24.998747939761166,24.998747939761238,0.0,3.0
0.1462,-2.6281853071783043,25.0,0.0,1.0,0.0,2.0,0.0,0.0,0.0,24.998747939761166,24.998747939761238,0.0,3.0
0.1463,-2.6256853071783035,25.0,0.0,1.0,0.0,2.0,0.0,0.0,0.0,24.998747939761166,24.998747939761238,0.0,3.0
0.1464,-2.6231853071783027,25.0,0.0,1.0,0.0,2.0,0.0,0.0,0.0,24.998747939761166,24.998747939761238,0.0,3.0
0.1465,-2.620685307178302,25.0,0.0,1.0,0.0,2.0,0.0,0.0,0.0,24.998747939761166,24.998747939761238,0.0,3.0
0.1466,-2.618185307178301,25.0,0.0,1.0,0.0,2.0,0.0,0.0,0.0,24.998747939761166,24.998747939761238,0.0,3.0
0.1467,-2.6156853071783,25.0,0.0,1.0,0.0,2.0,0.0,0.0,0.0,24.998747939761166,24.998747939761238,0.0,3.0
0.1468,-2.6131853071782993,25.0,0.0,1.0,0.0,2.0,0.0,0.0,0.0,24.998747939761166,24.998747939761238,0.0,3.0
0.1469,-2.6106853071782985,25.0,0.0,1.0,0.0,2.0,0.0,0.0,0.0,24.998747939761166,24.998747939761238,0.0,3.0
0.147,-2.6081853071782977,25.0,0.0,1.0,0.0,2.0,0.0,0.0,0.0,24.998747939761166,24.998747939761238,0.0,3.0
0.1471,-2.605685307178297,25.0,0.0,1.0,0.0,2.0,0.0,0.0,0.0,24.998747939761166,24.998747939761238,0.0,3.0
0.1472,-2.603185307178296,25.0,0.0,1.0,0.0,2.0,0.0,0.0,0.0,24.998747939761166,24.998747939761238,0.0,3.0
0.1473,-2.600685307178295,25.0,0.0,1.0,0.0,2.0,0.0,0.0,0.0,24.998747939761166,24.998747939761238,0.0,3.0
0.1474,-2.5981853071782943,25.0,0.0,1.0,0.0,2.0,0.0,0.0,0.0,24.998747939761166,24.998747939761238,0.0,3.0
0.1475,-2.5956853071782935,25.0,0.0,1.0,0.0,2.0,0.0,0.0,0.0,24.998747939761166,24.998747939761238,0.0,3.0
0.1476,-2.5931853071782927,25.0,0.0,1.0,0.0,2.0,0.0,0.0,0.0,24.998747939761166,24.998747939761238,0.0,3.0
0.1477,-2.590685307178292,25.0,0.0,1.0,0.0,2.0,0.0,0.0,0.0,24.998747939761166,24.998747939761238,0.0,3.0
0.1478,-2.588185307178291,25.0,0.0,1.0,0.0,2.0,0.0,0.0,0.0,24.998747939761166,24.998747939761238,0.0,3.0
0.1479,-2.58568530717829,25.0,0.0,1.0,0.0,2.0,0.0,0.0,0.0,24.998747939761166,24.998747939761238,0.0,3.0
0.148,-2.5831853071782893,25.0,0.0,1.0,0.0,2.0,0.0,0.0,0.0,24.998747939761166,24.998747939761238,0.0,3.0
0.1481,-2.5806853071782885,25.0,0.0,1.0,0.0,2.0,0.0,0.0,0.0,24.998747939761166,24.998747939761238,0.0,3.0
0.1482,-2.5781853071782876,25.0,0.0,1.0,0.0,2.0,0.0,0.0,0.0,24.998747939761166,24.998747939761238,0.0,3.0
0.1483,-2.575685307178287,25.0,0.0,1.0,0.0,2.0,0.0,0.0,0.0,24.998747939761166,24.998747939761238,0.0,3.0
0.1484,-2.573185307178286,25.0,0.0,1.0,0.0,2.0,0.0,0.0,0.0,24.998747939761166,24.998747939761238,0.0,3.0
0.1485,-2.570685307178285,25.0,0.0,1.0,0.0,2.0,0.0,0.0,0.0,24.998747939761166,24.998747939761238,0.0,3.0
0.1486,-2.5681853071782843,25.0,0.0,1.0,0.0,2.0,0.0,0.0,0.0,24.998747939761166,24.998747939761238,0.0,3.0
0.1487,-2.5656853071782835,25.0,0.0,1.0,0.0,2.0,0.0,0.0,0.0,24.998747939761166,24.998747939761238,0.0,3.0
0.1488,-2.5631853071782826,25.0,0.0,1.0,0.0,2.0,0.0,0.0,0.0,24.998747939761166,24.998747939761238,0.0,3.0
0.1489,-2.560685307178282,25.0,0.0,1.0,0.0,2.0,0.0,0.0,0.0,24.998747939761166,24.998747939761238,0.0,3.0
0.149,-2.558185307178281,25.0,0.0,1.0,0.0,2.0,0.0,0.0,0.0,24.998747939761166,24.998747939761238,0.0,3.0
0.1491,-2.55568530717828,25.0,0.0,1.0,0.0,2.0,0.0,0.0,0.0,24.998747939761166,24.998747939761238,0.0,3.0
0.1492,-2.5531853071782793,25.0,0.0,1.0,0.0,2.0,0.0,0.0,0.0,24.998747939761166,24.998747939761238,0.0,3.0
0.1493,-2.5506853071782785,25.0,0.0,1.0,0.0,2.0,0.0,0.0,0.0,24.998747939761166,24.998747939761238,0.0,3.0
0.1494,-2.5481853071782776,25.0,0.0,1.0,0.0,2.0,0.0,0.0,0.0,24.998747939761166,24.998747939761238,0.0,3.0
0.1495,-2.545685307178277,25.0,0.0,1.0,0.0,2.0,0.0,0.0,0.0,24.998747939761166,24.998747939761238,0.0,3.0
0.1496,-2.543185307178276,25.0,0.0,1.0,0.0,2.0,0.0,0.0,0.0,24.998747939761166,24.998747939761238,0.0,3.0
0.1497,-2.540685307178275,25.0,0.0,1.0,0.0,2.0,0.0,0.0,0.0,24.998747939761166,24.998747939761238,0.0,3.0
0.1498,-2.5381853071782743,25.0,0.0,1.0,0.0,2.0,0.0,0.0,0.0,24.998747939761166,24.998747939761238,0.0,3.0
0.1499,-2.5356853071782735,25.0,0.0,1.0,0.0,2.0,0.0,0.0,0.0,24.998747939761166,24.998747939761238,0.0,3.0
0.15,-2.5331853071782726,25.0,0.0,1.0,0.0,2.0,0.0,0.0,0.0,24.998747939761166,24.998747939761238,0.0,3.0
0.1501,-2.530685307178272,25.0,0.0,1.0,0.0,2.0,0.0,0.0,0.0,24.998747939761166,24.998747939761238,0.0,3.0
0.1502,-2.528185307178271,25.0,0.0,1.0,0.0,2.0,0.0,0.0,0.0,24.998747939761166,24.998747939761238,0.0,3.0
0.1503,-2.52568530717827,25.0,0.0,1.0,0.0,2.0,0.0,0.0,0.0,24.998747939761166,24.998747939761238,0.0,3.0
0.1504,-2.5231853071782693,25.0,0.0,1.0,0.0,2.0,0.0,0.0,0.0,24.998747939761166,24.998747939761238,0.0,3.0
0.1505,-2.5206853071782684,25.0,0.0,1.0,0.0,2.0,0.0,0.0,0.0,24.998747939761166,24.998747939761238,0.0,3.0
0.1506,-2.5181853071782676,25.0,0.0,1.0,0.0,2.0,0.0,0.0,0.0,24.998747939761166,24.998747939761238,0.0,3.0
0.1507,-2.5156853071782668,25.0,0.0,1.0,0.0,2.0,0.0,0.0,0.0,24.998747939761166,24.998747939761238,0.0,3.0
0.1508,-2.513185307178266,25.0,0.0,1.0,0.0,2.0,0.0,0.0,0.0,24.998747939761166,24.998747939761238,0.0,3.0
0.1509,-2.510685307178265,25.0,0.0,1.0,0.0,2.0,0.0,0.0,0.0,24.998747939761166,24.998747939761238,0.0,3.0
0.151,-2.5081853071782643,25.0,0.0,1.0,0.0,2.0,0.0,0.0,0.0,24.998747939761166,24.998747939761238,0.0,3.0
0.1511,-2.5056853071782634,25.0,0.0,1.0,0.0,2.0,0.0,0.0,0.0,24.998747939761166,24.998747939761238,0.0,3.0
0.1512,-2.5031853071782626,25.0,0.0,1.0,0.0,2.0,0.0,0.0,0.0,24.998747939761166,24.998747939761238,0.0,3.0
0.1513,-2.5006853071782618,25.0,0.0,1.0,0.0,2.0,0.0,0.0,0.0,24.998747939761166,24.998747939761238,0.0,3.0
0.1514,-2.498185307178261,25.0,0.0,1.0,0.0,2.0,0.0,0.0,0.0,24.998747939761166,24.998747939761238,0.0,3.0
0.1515,-2.49568530717826,25.0,0.0,1.0,0.0,2.0,0.0,0.0,0.0,24.998747939761166,24.998747939761238,0.0,3.0
0.1516,-2.4931853071782593,25.0,0.0,1.0,0.0,2.0,0.0,0.0,0.0,24.998747939761166,24.998747939761238,0.0,3.0
0.1517,-2.4906853071782584,25.0,0.0,1.0,0.0,2.0,0.0,0.0,0.0,24.998747939761166,24.998747939761238,0.0,3.0
0.1518,-2.4881853071782576,25.0,0.0,1.0,0.0,2.0,0.0,0.0,0.0,24.998747939761166,24.998747939761238,0.0,3.0
0.1519,-2.4856853071782568,25.0,0.0,1.0,0.0,2.0,0.0,0.0,0.0,24.998747939761166,24.998747939761238,0.0,3.0
0.152,-2.483185307178256,25.0,0.0,1.0,0.0,2.0,0.0,0.0,0.0,24.998747939761166,24.998747939761238,0.0,3.0
0.1521,-2.480685307178255,25.0,0.0,1.0,0.0,2.0,0.0,0.0,0.0,24.998747939761166,24.998747939761238,0.0,3.0
0.1522,-2.4781853071782542,25.0,0.0,1.0,0.0,2.0,0.0,0.0,0.0,24.998747939761166,24.998747939761238,0.0,3.0
0.1523,-2.4756853071782534,25.0,0.0,1.0,0.0,2.0,0.0,0.0,0.0,24.998747939761166,24.998747939761238,0.0,3.0
0.1524,-2.4731853071782526,25.0,0.0,1.0,0.0,2.0,0.0,0.0,0.0,24.998747939761166,24.998747939761238,0.0,3.0
0.1525,-2.4706853071782517,25.0,0.0,1.0,0.0,2.0,0.0,0.0,0.0,24.998747939761166,24.998747939761238,0.0,3.0
0.1526,-2.468185307178251,25.0,0.0,1.0,0.0,2.0,0.0,0.0,0.0,24.998747939761166,24.998747939761238,0.0,3.0
0.1527,-2.46568530717825,25.0,0.0,1.0,0.0,2.0,0.0,0.0,0.0,24.998747939761166,24.998747939761238,0.0,3.0
0.1528,-2.4631853071782492,25.0,0.0,1.0,0.0,2.0,0.0,0.0,0.0,24.998747939761166,24.998747939761238,0.0,3.0
0.1529,-2.4606853071782484,25.0,0.0,1.0,0.0,2.0,0.0,0.0,0.0,24.998747939761166,24.998747939761238,0.0,3.0
0.153,-2.4581853071782476,25.0,0.0,1.0,0.0,2.0,0.0,0.0,0.0,24.998747939761166,24.998747939761238,0.0,3.0
0.1531,-2.4556853071782467,25.0,0.0,1.0,0.0,2.0,0.0,0.0,0.0,24.998747939761166,24.998747939761238,0.0,3.0
0.1532,-2.453185307178246,25.0,0.0,1.0,0.0,2.0,0.0,0.0,0.0,24.998747939761166,24.998747939761238,0.0,3.0
0.1533,-2.450685307178245,25.0,0.0,1.0,0.0,2.0,0.0,0.0,0.0,24.998747939761166,24.998747939761238,0.0,3.0
0.1534,-2.4481853071782442,25.0,0.0,1.0,0.0,2.0,0.0,0.0,0.0,24.998747939761166,24.998747939761238,0.0,3.0
0.1535,-2.4456853071782434,25.0,0.0,1.0,0.0,2.0,0.0,0.0,0.0,24.998747939761166,24.998747939761238,0.0,3.0
0.1536,-2.4431853071782426,25.0,0.0,1.0,0.0,2.0,0.0,0.0,0.0,24.998747939761166,24.998747939761238,0.0,3.0
0.1537,-2.4406853071782417,25.0,0.0,1.0,0.0,2.0,0.0,0.0,0.0,24.998747939761166,24.998747939761238,0.0,3.0
0.1538,-2.438185307178241,25.0,0.0,1.0,0.0,2.0,0.0,0.0,0.0,24.998747939761166,24.998747939761238,0.0,3.0
0.1539,-2.43568530717824,25.0,0.0,1.0,0.0,2.0,0.0,0.0,0.0,24.998747939761166,24.998747939761238,0.0,3.0
0.154,-2.433185307178239,25.0,0.0,1.0,0.0,2.0,0.0,0.0,0.0,24.998747939761166,24.998747939761238,0.0,3.0
0.1541,-2.4306853071782384,25.0,0.0,1.0,0.0,2.0,0.0,0.0,0.0,24.998747939761166,24.998747939761238,0.0,3.0
0.1542,-2.4281853071782376,25.0,0.0,1.0,0.0,2.0,0.0,0.0,0.0,24.998747939761166,24.998747939761238,0.0,3.0
0.1543,-2.4256853071782367,25.0,0.0,1.0,0.0,2.0,0.0,0.0,0.0,24.998747939761166,24.998747939761238,0.0,3.0
0.1544,-2.423185307178236,25.0,0.0,1.0,0.0,2.0,0.0,0.0,0.0,24.998747939761166,24.998747939761238,0.0,3.0
0.1545,-2.420685307178235,25.0,0.0,1.0,0.0,2.0,0.0,0.0,0.0,24.998747939761166,24.998747939761238,0.0,3.0
0.1546,-2.418185307178234,25.0,0.0,1.0,0.0,2.0,0.0,0.0,0.0,24.998747939761166,24.998747939761238,0.0,3.0
0.1547,-2.4156853071782334,25.0,0.0,1.0,0.0,2.0,0.0,0.0,0.0,24.998747939761166,24.998747939761238,0.0,3.0
0.1548,-2.4131853071782325,25.0,0.0,1.0,0.0,2.0,0.0,0.0,0.0,24.998747939761166,24.998747939761238,0.0,3.0
0.1549,-2.4106853071782317,25.0,0.0,1.0,0.0,2.0,0.0,0.0,0.0,24.998747939761166,24.998747939761238,0.0,3.0
0.155,-2.408185307178231,25.0,0.0,1.0,0.0,2.0,0.0,0.0,0.0,24.998747939761166,24.998747939761238,0.0,3.0
0.1551,-2.40568530717823,25.0,0.0,1.0,0.0,2.0,0.0,0.0,0.0,24.998747939761166,24.998747939761238,0.0,3.0
0.1552,-2.403185307178229,25.0,0.0,1.0,0.0,2.0,0.0,0.0,0.0,24.998747939761166,24.998747939761238,0.0,3.0
0.1553,-2.4006853071782284,25.0,0.0,1.0,0.0,2.0,0.0,0.0,0.0,24.998747939761166,24.998747939761238,0.0,3.0
0.1554,-2.3981853071782275,25.0,0.0,1.0,0.0,2.0,0.0,0.0,0.0,24.998747939761166,24.998747939761238,0.0,3.0
0.1555,-2.3956853071782267,25.0,0.0,1.0,0.0,2.0,0.0,0.0,0.0,24.998747939761166,24.998747939761238,0.0,3.0
0.1556,-2.393185307178226,25.0,0.0,1.0,0.0,2.0,0.0,0.0,0.0,24.998747939761166,24.998747939761238,0.0,3.0
0.1557,-2.390685307178225,25.0,0.0,1.0,0.0,2.0,0.0,0.0,0.0,24.998747939761166,24.998747939761238,0.0,3.0
0.1558,-2.388185307178224,25.0,0.0,1.0,0.0,2.0,0.0,0.0,0.0,24.998747939761166,24.998747939761238,0.0,3.0
0.1559,-2.3856853071782234,25.0,0.0,1.0,0.0,2.0,0.0,0.0,0.0,24.998747939761166,24.998747939761238,0.0,3.0
0.156,-2.3831853071782225,25.0,0.0,1.0,0.0,2.0,0.0,0.0,0.0,24.998747939761166,24.998747939761238,0.0,3.0
0.1561,-2.3806853071782217,25.0,0.0,1.0,0.0,2.0,0.0,0.0,0.0,24.998747939761166,24.998747939761238,0.0,3.0
0.1562,-2.378185307178221,25.0,0.0,1.0,0.0,2.0,0.0,0.0,0.0,24.998747939761166,24.998747939761238,0.0,3.0
0.1563,-2.37568530717822,25.0,0.0,1.0,0.0,2.0,0.0,0.0,0.0,24.998747939761166,24.998747939761238,0.0,3.0
0.1564,-2.373185307178219,25.0,0.0,1.0,0.0,2.0,0.0,0.0,0.0,24.998747939761166,24.998747939761238,0.0,3.0
0.1565,-2.3706853071782183,25.0,0.0,1.0,0.0,2.0,0.0,0.0,0.0,24.998747939761166,24.998747939761238,0.0,3.0
0.1566,-2.3681853071782175,25.0,0.0,1.0,0.0,2.0,0.0,0.0,0.0,24.998747939761166,24.998747939761238,0.0,3.0
0.1567,-2.3656853071782167,25.0,0.0,1.0,0.0,2.0,0.0,0.0,0.0,24.998747939761166,24.998747939761238,0.0,3.0
0.1568,-2.363185307178216,25.0,0.0,1.0,0.0,2.0,0.0,0.0,0.0,24.998747939761166,24.998747939761238,0.0,3.0
0.1569,-2.360685307178215,25.0,0.0,1.0,0.0,2.0,0.0,0.0,0.0,24.998747939761166,24.998747939761238,0.0,3.0
0.157,-2.358185307178214,25.0,0.0,1.0,0.0,2.0,0.0,0.0,0.0,24.998747939761166,24.998747939761238,0.0,3.0
0.1571,-2.3556853071782133,25.0,0.0,1.0,0.0,2.0,0.0,0.0,0.0,24.998747939761166,24.998747939761238,0.0,3.0
0.1572,-2.3531853071782125,25.0,0.0,1.0,0.0,2.0,0.0,0.0,0.0,24.998747939761166,24.998747939761238,0.0,3.0
0.1573,-2.3506853071782117,25.0,0.0,1.0,0.0,2.0,0.0,0.0,0.0,24.998747939761166,24.998747939761238,0.0,3.0
0.1574,-2.348185307178211,25.0,0.0,1.0,0.0,2.0,0.0,0.0,0.0,24.998747939761166,24.998747939761238,0.0,3.0
0.1575,-2.34568530717821,25.0,0.0,1.0,0.0,2.0,0.0,0.0,0.0,24.998747939761166,24.998747939761238,0.0,3.0
0.1576,-2.343185307178209,25.0,0.0,1.0,0.0,2.0,0.0,0.0,0.0,24.998747939761166,24.998747939761238,0.0,3.0
0.1577,-2.3406853071782083,25.0,0.0,1.0,0.0,2.0,0.0,0.0,0.0,24.998747939761166,24.998747939761238,0.0,3.0
0.1578,-2.3381853071782075,25.0,0.0,1.0,0.0,2.0,0.0,0.0,0.0,24.998747939761166,24.998747939761238,0.0,3.0
0.1579,-2.3356853071782067,25.0,0.0,1.0,0.0,2.0,0.0,0.0,0.0,24.998747939761166,24.998747939761238,0.0,3.0
0.158,-2.333185307178206,25.0,0.0,1.0,0.0,2.0,0.0,0.0,0.0,24.998747939761166,24.998747939761238,0.0,3.0
0.1581,-2.330685307178205,25.0,0.0,1.0,0.0,2.0,0.0,0.0,0.0,24.998747939761166,24.998747939761238,0.0,3.0
0.1582,-2.328185307178204,25.0,0.0,1.0,0.0,2.0,0.0,0.0,0.0,24.998747939761166,24.998747939761238,0.0,3.0
0.1583,-2.3256853071782033,25.0,0.0,1.0,0.0,2.0,0.0,0.0,0.0,24.998747939761166,24.998747939761238,0.0,3.0
0.1584,-2.3231853071782025,25.0,0.0,1.0,0.0,2.0,0.0,0.0,0.0,24.998747939761166,24.998747939761238,0.0,3.0
0.1585,-2.3206853071782017,25.0,0.0,1.0,0.0,2.0,0.0,0.0,0.0,24.998747939761166,24.998747939761238,0.0,3.0
0.1586,-2.318185307178201,25.0,0.0,1.0,0.0,2.0,0.0,0.0,0.0,24.998747939761166,24.998747939761238,0.0,3.0
0.1587,-2.3156853071782,25.0,0.0,1.0,0.0,2.0,0.0,0.0,0.0,24.998747939761166,24.998747939761238,0.0,3.0
0.1588,-2.313185307178199,25.0,0.0,1.0,0.0,2.0,0.0,0.0,0.0,24.998747939761166,24.998747939761238,0.0,3.0
0.1589,-2.3106853071781983,25.0,0.0,1.0,0.0,2.0,0.0,0.0,0.0,24.998747939761166,24.998747939761238,0.0,3.0
0.159,-2.3081853071781975,25.0,0.0,1.0,0.0,2.0,0.0,0.0,0.0,24.998747939761166,24.998747939761238,0.0,3.0
0.1591,-2.3056853071781966,25.0,0.0,1.0,0.0,2.0,0.0,0.0,0.0,24.998747939761166,24.998747939761238,0.0,3.0
0.1592,-2.303185307178196,25.0,0.0,1.0,0.0,2.0,0.0,0.0,0.0,24.998747939761166,24.998747939761238,0.0,3.0
0.1593,-2.300685307178195,25.0,0.0,1.0,0.0,2.0,0.0,0.0,0.0,24.998747939761166,24.998747939761238,0.0,3.0
0.1594,-2.298185307178194,25.0,0.0,1.0,0.0,2.0,0.0,0.0,0.0,24.998747939761166,24.998747939761238,0.0,3.0
0.1595,-2.2956853071781933,25.0,0.0,1.0,0.0,2.0,0.0,0.0,0.0,24.998747939761166,24.998747939761238,0.0,3.0
0.1596,-2.2931853071781925,25.0,0.0,1.0,0.0,2.0,0.0,0.0,0.0,24.998747939761166,24.998747939761238,0.0,3.0
0.1597,-2.2906853071781916,25.0,0.0,1.0,0.0,2.0,0.0,0.0,0.0,24.998747939761166,24.998747939761238,0.0,3.0
0.1598,-2.288185307178191,25.0,0.0,1.0,0.0,2.0,0.0,0.0,0.0,24.998747939761166,24.998747939761238,0.0,3.0
0.1599,-2.28568530717819,25.0,0.0,1.0,0.0,2.0,0.0,0.0,0.0,24.998747939761166,24.998747939761238,0.0,3.0
0.16,-2.283185307178189,25.0,0.0,1.0,0.0,2.0,0.0,0.0,0.0,24.998747939761166,24.998747939761238,0.0,3.0
0.1601,-2.2806853071781883,25.0,0.0,1.0,0.0,2.0,0.0,0.0,0.0,24.998747939761166,24.998747939761238,0.0,3.0
0.1602,-2.2781853071781875,25.0,0.0,1.0,0.0,2.0,0.0,0.0,0.0,24.998747939761166,24.998747939761238,0.0,3.0
0.1603,-2.2756853071781866,25.0,0.0,1.0,0.0,2.0,0.0,0.0,0.0,24.998747939761166,24.998747939761238,0.0,3.0
0.1604,-2.273185307178186,25.0,0.0,1.0,0.0,2.0,0.0,0.0,0.0,24.998747939761166,24.998747939761238,0.0,3.0
0.1605,-2.270685307178185,25.0,0.0,1.0,0.0,2.0,0.0,0.0,0.0,24.998747939761166,24.998747939761238,0.0,3.0
0.1606,-2.268185307178184,25.0,0.0,1.0,0.0,2.0,0.0,0.0,0.0,24.998747939761166,24.998747939761238,0.0,3.0
0.1607,-2.2656853071781833,25.0,0.0,1.0,0.0,2.0,0.0,0.0,0.0,24.998747939761166,24.998747939761238,0.0,3.0
0.1608,-2.2631853071781824,25.0,0.0,1.0,0.0,2.0,0.0,0.0,0.0,24.998747939761166,24.998747939761238,0.0,3.0
0.1609,-2.2606853071781816,25.0,0.0,1.0,0.0,2.0,0.0,0.0,0.0,24.998747939761166,24.998747939761238,0.0,3.0
0.161,-2.258185307178181,25.0,0.0,1.0,0.0,2.0,0.0,0.0,0.0,24.998747939761166,24.998747939761238,0.0,3.0
0.1611,-2.25568530717818,25.0,0.0,1.0,0.0,2.0,0.0,0.0,0.0,24.998747939761166,24.998747939761238,0.0,3.0
0.1612,-2.253185307178179,25.0,0.0,1.0,0.0,2.0,0.0,0.0,0.0,24.998747939761166,24.998747939761238,0.0,3.0
0.1613,-2.2506853071781783,25.0,0.0,1.0,0.0,2.0,0.0,0.0,0.0,24.998747939761166,24.998747939761238,0.0,3.0
0.1614,-2.2481853071781774,25.0,0.0,1.0,0.0,2.0,0.0,0.0,0.0,24.998747939761166,24.998747939761238,0.0,3.0
0.1615,-2.2456853071781766,25.0,0.0,1.0,0.0,2.0,0.0,0.0,0.0,24.998747939761166,24.998747939761238,0.0,3.0
0.1616,-2.2431853071781758,25.0,0.0,1.0,0.0,2.0,0.0,0.0,0.0,24.998747939761166,24.998747939761238,0.0,3.0
0.1617,-2.240685307178175,25.0,0.0,1.0,0.0,2.0,0.0,0.0,0.0,24.998747939761166,24.998747939761238,0.0,3.0
0.1618,-2.238185307178174,25.0,0.0,1.0,0.0,2.0,0.0,0.0,0.0,24.998747939761166,24.998747939761238,0.0,3.0
0.1619,-2.2356853071781733,25.0,0.0,1.0,0.0,2.0,0.0,0.0,0.0,24.998747939761166,24.998747939761238,0.0,3.0
0.162,-2.2331853071781724,25.0,0.0,1.0,0.0,2.0,0.0,0.0,0.0,24.998747939761166,24.998747939761238,0.0,3.0
0.1621,-2.2306853071781716,25.0,0.0,1.0,0.0,2.0,0.0,0.0,0.0,24.998747939761166,24.998747939761238,0.0,3.0
0.1622,-2.2281853071781708,25.0,0.0,1.0,0.0,2.0,0.0,0.0,0.0,24.998747939761166,24.998747939761238,0.0,3.0
0.1623,-2.22568530717817,25.0,0.0,1.0,0.0,2.0,0.0,0.0,0.0,24.998747939761166,24.998747939761238,0.0,3.0
0.1624,-2.223185307178169,25.0,0.0,1.0,0.0,2.0,0.0,0.0,0.0,24.998747939761166,24.998747939761238,0.0,3.0
0.1625,-2.2206853071781683,25.0,0.0,1.0,0.0,2.0,0.0,0.0,0.0,24.998747939761166,24.998747939761238,0.0,3.0
0.1626,-2.2181853071781674,25.0,0.0,1.0,0.0,2.0,0.0,0.0,0.0,24.998747939761166,24.998747939761238,0.0,3.0
0.1627,-2.2156853071781666,25.0,0.0,1.0,0.0,2.0,0.0,0.0,0.0,24.998747939761166,24.998747939761238,0.0,3.0
0.1628,-2.2131853071781658,25.0,0.0,1.0,0.0,2.0,0.0,0.0,0.0,24.998747939761166,24.998747939761238,0.0,3.0
0.1629,-2.210685307178165,25.0,0.0,1.0,0.0,2.0,0.0,0.0,0.0,24.998747939761166,24.998747939761238,0.0,3.0
0.163,-2.208185307178164,25.0,0.0,1.0,0.0,2.0,0.0,0.0,0.0,24.998747939761166,24.998747939761238,0.0,3.0
0.1631,-2.2056853071781632,25.0,0.0,1.0,0.0,2.0,0.0,0.0,0.0,24.998747939761166,24.998747939761238,0.0,3.0
0.1632,-2.2031853071781624,25.0,0.0,1.0,0.0,2.0,0.0,0.0,0.0,24.998747939761166,24.998747939761238,0.0,3.0
0.1633,-2.2006853071781616,25.0,0.0,1.0,0.0,2.0,0.0,0.0,0.0,24.998747939761166,24.998747939761238,0.0,3.0
0.1634,-2.1981853071781607,25.0,0.0,1.0,0.0,2.0,0.0,0.0,0.0,24.998747939761166,24.998747939761238,0.0,3.0
0.1635,-2.19568530717816,25.0,0.0,1.0,0.0,2.0,0.0,0.0,0.0,24.998747939761166,24.998747939761238,0.0,3.0
0.1636,-2.193185307178159,25.0,0.0,1.0,0.0,2.0,0.0,0.0,0.0,24.998747939761166,24.998747939761238,0.0,3.0
0.1637,-2.1906853071781582,25.0,0.0,1.0,0.0,2.0,0.0,0.0,0.0,24.998747939761166,24.998747939761238,0.0,3.0
0.1638,-2.1881853071781574,25.0,0.0,1.0,0.0,2.0,0.0,0.0,0.0,24.998747939761166,24.998747939761238,0.0,3.0
0.1639,-2.1856853071781566,25.0,0.0,1.0,0.0,2.0,0.0,0.0,0.0,24.998747939761166,24.998747939761238,0.0,3.0
0.164,-2.1831853071781557,25.0,0.0,1.0,0.0,2.0,0.0,0.0,0.0,24.998747939761166,24.998747939761238,0.0,3.0
0.1641,-2.180685307178155,25.0,0.0,1.0,0.0,2.0,0.0,0.0,0.0,24.998747939761166,24.998747939761238,0.0,3.0
0.1642,-2.178185307178154,25.0,0.0,1.0,0.0,2.0,0.0,0.0,0.0,24.998747939761166,24.998747939761238,0.0,3.0
0.1643,-2.1756853071781532,25.0,0.0,1.0,0.0,2.0,0.0,0.0,0.0,24.998747939761166,24.998747939761238,0.0,3.0
0.1644,-2.1731853071781524,25.0,0.0,1.0,0.0,2.0,0.0,0.0,0.0,24.998747939761166,24.998747939761238,0.0,3.0
0.1645,-2.1706853071781516,25.0,0.0,1.0,0.0,2.0,0.0,0.0,0.0,24.998747939761166,24.998747939761238,0.0,3.0
0.1646,-2.1681853071781507,25.0,0.0,1.0,0.0,2.0,0.0,0.0,0.0,24.998747939761166,24.998747939761238,0.0,3.0
0.1647,-2.16568530717815,25.0,0.0,1.0,0.0,2.0,0.0,0.0,0.0,24.998747939761166,24.998747939761238,0.0,3.0
0.1648,-2.163185307178149,25.0,0.0,1.0,0.0,2.0,0.0,0.0,0.0,24.998747939761166,24.998747939761238,0.0,3.0
0.1649,-2.160685307178148,25.0,0.0,1.0,0.0,2.0,0.0,0.0,0.0,24.998747939761166,24.998747939761238,0.0,3.0
0.165,-2.1581853071781474,25.0,0.0,1.0,0.0,2.0,0.0,0.0,0.0,24.998747939761166,24.998747939761238,0.0,3.0
0.1651,-2.1556853071781465,25.0,0.0,1.0,0.0,2.0,0.0,0.0,0.0,24.998747939761166,24.998747939761238,0.0,3.0
0.1652,-2.1531853071781457,25.0,0.0,1.0,0.0,2.0,0.0,0.0,0.0,24.998747939761166,24.998747939761238,0.0,3.0
0.1653,-2.150685307178145,25.0,0.0,1.0,0.0,2.0,0.0,0.0,0.0,24.998747939761166,24.998747939761238,0.0,3.0
0.1654,-2.148185307178144,25.0,0.0,1.0,0.0,2.0,0.0,0.0,0.0,24.998747939761166,24.998747939761238,0.0,3.0
0.1655,-2.145685307178143,25.0,0.0,1.0,0.0,2.0,0.0,0.0,0.0,24.998747939761166,24.998747939761238,0.0,3.0
0.1656,-2.1431853071781424,25.0,0.0,1.0,0.0,2.0,0.0,0.0,0.0,24.998747939761166,24.998747939761238,0.0,3.0
0.1657,-2.1406853071781415,25.0,0.0,1.0,0.0,2.0,0.0,0.0,0.0,24.998747939761166,24.998747939761238,0.0,3.0
0.1658,-2.1381853071781407,25.0,0.0,1.0,0.0,2.0,0.0,0.0,0.0,24.998747939761166,24.998747939761238,0.0,3.0
0.1659,-2.13568530717814,25.0,0.0,1.0,0.0,2.0,0.0,0.0,0.0,24.998747939761166,24.998747939761238,0.0,3.0
0.166,-2.133185307178139,25.0,0.0,1.0,0.0,2.0,0.0,0.0,0.0,24.998747939761166,24.998747939761238,0.0,3.0
0.1661,-2.130685307178138,25.0,0.0,1.0,0.0,2.0,0.0,0.0,0.0,24.998747939761166,24.998747939761238,0.0,3.0
0.1662,-2.1281853071781374,25.0,0.0,1.0,0.0,2.0,0.0,0.0,0.0,24.998747939761166,24.998747939761238,0.0,3.0
0.1663,-2.1256853071781365,25.0,0.0,1.0,0.0,2.0,0.0,0.0,0.0,24.998747939761166,24.998747939761238,0.0,3.0
0.1664,-2.1231853071781357,25.0,0.0,1.0,0.0,2.0,0.0,0.0,0.0,24.998747939761166,24.998747939761238,0.0,3.0
0.1665,-2.120685307178135,25.0,0.0,1.0,0.0,2.0,0.0,0.0,0.0,24.998747939761166,24.998747939761238,0.0,3.0
0.1666,-2.118185307178134,25.0,0.0,1.0,0.0,2.0,0.0,0.0,0.0,24.998747939761166,24.998747939761238,0.0,3.0
0.1667,-2.115685307178133,25.0,0.0,1.0,0.0,2.0,0.0,0.0,0.0,24.998747939761166,24.998747939761238,0.0,3.0
0.1668,-2.1131853071781324,25.0,0.0,1.0,0.0,2.0,0.0,0.0,0.0,24.998747939761166,24.998747939761238,0.0,3.0
0.1669,-2.1106853071781315,25.0,0.0,1.0,0.0,2.0,0.0,0.0,0.0,24.998747939761166,24.998747939761238,0.0,3.0
0.167,-2.1081853071781307,25.0,0.0,1.0,0.0,2.0,0.0,0.0,0.0,24.998747939761166,24.998747939761238,0.0,3.0
0.1671,-2.10568530717813,25.0,0.0,1.0,0.0,2.0,0.0,0.0,0.0,24.998747939761166,24.998747939761238,0.0,3.0
0.1672,-2.103185307178129,25.0,0.0,1.0,0.0,2.0,0.0,0.0,0.0,24.998747939761166,24.998747939761238,0.0,3.0
0.1673,-2.100685307178128,25.0,0.0,1.0,0.0,2.0,0.0,0.0,0.0,24.998747939761166,24.998747939761238,0.0,3.0
0.1674,-2.0981853071781273,25.0,0.0,1.0,0.0,2.0,0.0,0.0,0.0,24.998747939761166,24.998747939761238,0.0,3.0
0.1675,-2.0956853071781265,25.0,0.0,1.0,0.0,2.0,0.0,0.0,0.0,24.998747939761166,24.998747939761238,0.0,3.0
0.1676,-2.0931853071781257,25.0,1.0,1.0,0.0,6.0,0.0,0.0,0.0,24.998747939761216,24.99874793976123,0.0,4.0
0.1677,-2.090685307178125,25.0,1.0,1.0,0.0,6.0,0.0,0.0,0.0,24.998747939761216,24.99874793976123,0.0,4.0
0.1678,-2.088185307178124,25.0,1.0,1.0,0.0,6.0,0.0,0.0,0.0,24.998747939761216,24.99874793976123,0.0,4.0
0.1679,-2.085685307178123,25.0,1.0,1.0,0.0,6.0,0.0,0.0,0.0,24.998747939761216,24.99874793976123,0.0,4.0
0.168,-2.0831853071781223,25.0,1.0,1.0,0.0,6.0,0.0,0.0,0.0,24.998747939761216,24.99874793976123,0.0,4.0
0.1681,-2.0806853071781215,25.0,1.0,1.0,0.0,6.0,0.0,0.0,0.0,24.998747939761216,24.99874793976123,0.0,4.0
0.1682,-2.0781853071781207,25.0,1.0,1.0,0.0,6.0,0.0,0.0,0.0,24.998747939761216,24.99874793976123,0.0,4.0
0.1683,-2.07568530717812,25.0,1.0,1.0,0.0,6.0,0.0,0.0,0.0,24.998747939761216,24.99874793976123,0.0,4.0
0.1684,-2.073185307178119,25.0,1.0,1.0,0.0,6.0,0.0,0.0,0.0,24.998747939761216,24.99874793976123,0.0,4.0
0.1685,-2.070685307178118,25.0,1.0,1.0,0.0,6.0,0.0,0.0,0.0,24.998747939761216,24.99874793976123,0.0,4.0
0.1686,-2.0681853071781173,25.0,1.0,1.0,0.0,6.0,0.0,0.0,0.0,24.998747939761216,24.99874793976123,0.0,4.0
0.1687,-2.0656853071781165,25.0,1.0,1.0,0.0,6.0,0.0,0.0,0.0,24.998747939761216,24.99874793976123,0.0,4.0
0.1688,-2.0631853071781157,25.0,1.0,1.0,0.0,6.0,0.0,0.0,0.0,24.998747939761216,24.99874793976123,0.0,4.0
0.1689,-2.060685307178115,25.0,1.0,1.0,0.0,6.0,0.0,0.0,0.0,24.998747939761216,24.99874793976123,0.0,4.0
0.169,-2.058185307178114,25.0,1.0,1.0,0.0,6.0,0.0,0.0,0.0,24.998747939761216,24.99874793976123,0.0,4.0
0.1691,-2.055685307178113,25.0,1.0,1.0,0.0,6.0,0.0,0.0,0.0,24.998747939761216,24.99874793976123,0.0,4.0
0.1692,-2.0531853071781123,25.0,1.0,1.0,0.0,6.0,0.0,0.0,0.0,24.998747939761216,24.99874793976123,0.0,4.0
0.1693,-2.0506853071781115,25.0,1.0,1.0,0.0,6.0,0.0,0.0,0.0,24.998747939761216,24.99874793976123,0.0,4.0
0.1694,-2.0481853071781106,25.0,1.0,1.0,0.0,6.0,0.0,0.0,0.0,24.998747939761216,24.99874793976123,0.0,4.0
0.1695,-2.04568530717811,25.0,1.0,1.0,0.0,6.0,0.0,0.0,0.0,24.998747939761216,24.99874793976123,0.0,4.0
0.1696,-2.043185307178109,25.0,1.0,1.0,0.0,6.0,0.0,0.0,0.0,24.998747939761216,24.99874793976123,0.0,4.0
0.1697,-2.040685307178108,25.0,1.0,1.0,0.0,6.0,0.0,0.0,0.0,24.998747939761216,24.99874793976123,0.0,4.0
0.1698,-2.0381853071781073,25.0,1.0,1.0,0.0,6.0,0.0,0.0,0.0,24.998747939761216,24.99874793976123,0.0,4.0
0.1699,-2.0356853071781065,25.0,1.0,1.0,0.0,6.0,0.0,0.0,0.0,24.998747939761216,24.99874793976123,0.0,4.0
0.17,-2.0331853071781056,25.0,1.0,1.0,0.0,6.0,0.0,0.0,0.0,24.998747939761216,24.99874793976123,0.0,4.0
0.1701,-2.030685307178105,25.0,1.0,1.0,0.0,6.0,0.0,0.0,0.0,24.998747939761216,24.99874793976123,0.0,4.0
0.1702,-2.028185307178104,25.0,1.0,1.0,0.0,6.0,0.0,0.0,0.0,24.998747939761216,24.99874793976123,0.0,4.0
0.1703,-2.025685307178103,25.0,1.0,1.0,0.0,6.0,0.0,0.0,0.0,24.998747939761216,24.99874793976123,0.0,4.0
0.1704,-2.0231853071781023,25.0,1.0,1.0,0.0,6.0,0.0,0.0,0.0,24.998747939761216,24.99874793976123,0.0,4.0
0.1705,-2.0206853071781015,25.0,1.0,1.0,0.0,6.0,0.0,0.0,0.0,24.998747939761216,24.99874793976123,0.0,4.0
0.1706,-2.0181853071781006,25.0,1.0,1.0,0.0,6.0,0.0,0.0,0.0,24.998747939761216,24.99874793976123,0.0,4.0
0.1707,-2.0156853071781,25.0,1.0,1.0,0.0,6.0,0.0,0.0,0.0,24.998747939761216,24.99874793976123,0.0,4.0
0.1708,-2.013185307178099,25.0,1.0,1.0,0.0,6.0,0.0,0.0,0.0,24.998747939761216,24.99874793976123,0.0,4.0
0.1709,-2.010685307178098,25.0,1.0,1.0,0.0,6.0,0.0,0.0,0.0,24.998747939761216,24.99874793976123,0.0,4.0
0.171,-2.0081853071780973,25.0,1.0,1.0,0.0,6.0,0.0,0.0,0.0,24.998747939761216,24.99874793976123,0.0,4.0
0.1711,-2.0056853071780965,25.0,1.0,1.0,0.0,6.0,0.0,0.0,0.0,24.998747939761216,24.99874793976123,0.0,4.0
0.1712,-2.0031853071780956,25.0,1.0,1.0,0.0,6.0,0.0,0.0,0.0,24.998747939761216,24.99874793976123,0.0,4.0
0.1713,-2.000685307178095,25.0,1.0,1.0,0.0,6.0,0.0,0.0,0.0,24.998747939761216,24.99874793976123,0.0,4.0
0.1714,-1.9981853071780975,25.0,1.0,1.0,0.0,6.0,0.0,0.0,0.0,24.998747939761216,24.99874793976123,0.0,4.0
0.1715,-1.9956853071781007,25.0,1.0,1.0,0.0,6.0,0.0,0.0,0.0,24.998747939761216,24.99874793976123,0.0,4.0
0.1716,-1.9931853071781045,25.0,1.0,1.0,0.0,6.0,0.0,0.0,0.0,24.998747939761216,24.99874793976123,0.0,4.0
0.1717,-1.9906853071781083,25.0,1.0,1.0,0.0,6.0,0.0,0.0,0.0,24.998747939761216,24.99874793976123,0.0,4.0
0.1718,-1.9881853071781115,25.0,1.0,1.0,0.0,6.0,0.0,0.0,0.0,24.998747939761216,24.99874793976123,0.0,4.0
0.1719,-1.9856853071781153,25.0,1.0,1.0,0.0,6.0,0.0,0.0,0.0,24.998747939761216,24.99874793976123,0.0,4.0
0.172,-1.9831853071781191,25.0,1.0,1.0,0.0,6.0,0.0,0.0,0.0,24.998747939761216,24.99874793976123,0.0,4.0
0.1721,-1.9806853071781223,25.0,1.0,1.0,0.0,6.0,0.0,0.0,0.0,24.998747939761216,24.99874793976123,0.0,4.0
0.1722,-1.9781853071781261,25.0,1.0,1.0,0.0,6.0,0.0,0.0,0.0,24.998747939761216,24.99874793976123,0.0,4.0
0.1723,-1.9756853071781293,25.0,1.0,1.0,0.0,6.0,0.0,0.0,0.0,24.998747939761216,24.99874793976123,0.0,4.0
0.1724,-1.9731853071781331,25.0,1.0,1.0,0.0,6.0,0.0,0.0,0.0,24.998747939761216,24.99874793976123,0.0,4.0
0.1725,-1.970685307178137,25.0,1.0,1.0,0.0,6.0,0.0,0.0,0.0,24.998747939761216,24.99874793976123,0.0,4.0
0.1726,-1.96818530717814,25.0,1.0,1.0,0.0,6.0,0.0,0.0,0.0,24.998747939761216,24.99874793976123,0.0,4.0
0.1727,-1.965685307178144,25.0,1.0,1.0,0.0,6.0,0.0,0.0,0.0,24.998747939761216,24.99874793976123,0.0,4.0
0.1728,-1.963185307178147,25.0,1.0,1.0,0.0,6.0,0.0,0.0,0.0,24.998747939761216,24.99874793976123,0.0,4.0
0.1729,-1.960685307178151,25.0,1.0,1.0,0.0,6.0,0.0,0.0,0.0,24.998747939761216,24.99874793976123,0.0,4.0
0.173,-1.9581853071781548,25.0,1.0,1.0,0.0,6.0,0.0,0.0,0.0,24.998747939761216,24.99874793976123,0.0,4.0
0.1731,-1.955685307178158,25.0,1.0,1.0,0.0,6.0,0.0,0.0,0.0,24.998747939761216,24.99874793976123,0.0,4.0
0.1732,-1.9531853071781617,25.0,1.0,1.0,0.0,6.0,0.0,0.0,0.0,24.998747939761216,24.99874793976123,0.0,4.0
0.1733,-1.950685307178165,25.0,1.0,1.0,0.0,6.0,0.0,0.0,0.0,24.998747939761216,24.99874793976123,0.0,4.0
0.1734,-1.9481853071781687,25.0,1.0,1.0,0.0,6.0,0.0,0.0,0.0,24.998747939761216,24.99874793976123,0.0,4.0
0.1735,-1.9456853071781726,25.0,1.0,1.0,0.0,6.0,0.0,0.0,0.0,24.998747939761216,24.99874793976123,0.0,4.0
0.1736,-1.9431853071781757,25.0,1.0,1.0,0.0,6.0,0.0,0.0,0.0,24.998747939761216,24.99874793976123,0.0,4.0
0.1737,-1.9406853071781796,25.0,1.0,1.0,0.0,6.0,0.0,0.0,0.0,24.998747939761216,24.99874793976123,0.0,4.0
0.1738,-1.9381853071781827,25.0,1.0,1.0,0.0,6.0,0.0,0.0,0.0,24.998747939761216,24.99874793976123,0.0,4.0
0.1739,-1.9356853071781865,25.0,1.0,1.0,0.0,6.0,0.0,0.0,0.0,24.998747939761216,24.99874793976123,0.0,4.0
0.174,-1.9331853071781904,25.0,1.0,1.0,0.0,6.0,0.0,0.0,0.0,24.998747939761216,24.99874793976123,0.0,4.0
0.1741,-1.9306853071781935,25.0,1.0,1.0,0.0,6.0,0.0,0.0,0.0,24.998747939761216,24.99874793976123,0.0,4.0
0.1742,-1.9281853071781974,25.0,1.0,1.0,0.0,6.0,0.0,0.0,0.0,24.998747939761216,24.99874793976123,0.0,4.0
0.1743,-1.9256853071782005,25.0,1.0,1.0,0.0,6.0,0.0,0.0,0.0,24.998747939761216,24.99874793976123,0.0,4.0
0.1744,-1.9231853071782044,25.0,1.0,1.0,0.0,6.0,0.0,0.0,0.0,24.998747939761216,24.99874793976123,0.0,4.0
0.1745,-1.9206853071782082,25.0,1.0,1.0,0.0,6.0,0.0,0.0,0.0,24.998747939761216,24.99874793976123,0.0,4.0
0.1746,-1.9181853071782113,25.0,1.0,1.0,0.0,6.0,0.0,0.0,0.0,24.998747939761216,24.99874793976123,0.0,4.0
0.1747,-1.9156853071782152,25.0,1.0,1.0,0.0,6.0,0.0,0.0,0.0,24.998747939761216,24.99874793976123,0.0,4.0
0.1748,-1.9131853071782183,25.0,1.0,1.0,0.0,6.0,0.0,0.0,0.0,24.998747939761216,24.99874793976123,0.0,4.0
0.1749,-1.9106853071782222,25.0,1.0,1.0,0.0,6.0,0.0,0.0,0.0,24.998747939761216,24.99874793976123,0.0,4.0
0.175,-1.908185307178226,25.0,1.0,1.0,0.0,6.0,0.0,0.0,0.0,24.998747939761216,24.99874793976123,0.0,4.0
0.1751,-1.9056853071782291,25.0,1.0,1.0,0.0,6.0,0.0,0.0,0.0,24.998747939761216,24.99874793976123,0.0,4.0
0.1752,-1.903185307178233,25.0,1.0,1.0,0.0,6.0,0.0,0.0,0.0,24.998747939761216,24.99874793976123,0.0,4.0
0.1753,-1.9006853071782361,25.0,1.0,1.0,0.0,6.0,0.0,0.0,0.0,24.998747939761216,24.99874793976123,0.0,4.0
0.1754,-1.89818530717824,25.0,1.0,1.0,0.0,6.0,0.0,0.0,0.0,24.998747939761216,24.99874793976123,0.0,4.0
0.1755,-1.8956853071782438,25.0,1.0,1.0,0.0,6.0,0.0,0.0,0.0,24.998747939761216,24.99874793976123,0.0,4.0
0.1756,-1.893185307178247,25.0,1.0,1.0,0.0,6.0,0.0,0.0,0.0,24.998747939761216,24.99874793976123,0.0,4.0
0.1757,-1.8906853071782508,25.0,1.0,1.0,0.0,6.0,0.0,0.0,0.0,24.998747939761216,24.99874793976123,0.0,4.0
0.1758,-1.888185307178254,25.0,1.0,1.0,0.0,6.0,0.0,0.0,0.0,24.998747939761216,24.99874793976123,0.0,4.0
0.1759,-1.8856853071782578,25.0,1.0,1.0,0.0,6.0,0.0,0.0,0.0,24.998747939761216,24.99874793976123,0.0,4.0
0.176,-1.8831853071782616,25.0,1.0,1.0,0.0,6.0,0.0,0.0,0.0,24.998747939761216,24.99874793976123,0.0,4.0
0.1761,-1.8806853071782648,25.0,1.0,1.0,0.0,6.0,0.0,0.0,0.0,24.998747939761216,24.99874793976123,0.0,4.0
0.1762,-1.8781853071782686,25.0,1.0,1.0,0.0,6.0,0.0,0.0,0.0,24.998747939761216,24.99874793976123,0.0,4.0
0.1763,-1.8756853071782718,25.0,1.0,1.0,0.0,6.0,0.0,0.0,0.0,24.998747939761216,24.99874793976123,0.0,4.0
0.1764,-1.8731853071782756,25.0,1.0,1.0,0.0,6.0,0.0,0.0,0.0,24.998747939761216,24.99874793976123,0.0,4.0
0.1765,-1.8706853071782794,25.0,1.0,1.0,0.0,6.0,0.0,0.0,0.0,24.998747939761216,24.99874793976123,0.0,4.0
0.1766,-1.8681853071782826,25.0,1.0,1.0,0.0,6.0,0.0,0.0,0.0,24.998747939761216,24.99874793976123,0.0,4.0
0.1767,-1.8656853071782864,25.0,1.0,1.0,0.0,6.0,0.0,0.0,0.0,24.998747939761216,24.99874793976123,0.0,4.0
0.1768,-1.8631853071782896,25.0,1.0,1.0,0.0,6.0,0.0,0.0,0.0,24.998747939761216,24.99874793976123,0.0,4.0
0.1769,-1.8606853071782934,25.0,1.0,1.0,0.0,6.0,0.0,0.0,0.0,24.998747939761216,24.99874793976123,0.0,4.0
0.177,-1.8581853071782972,25.0,1.0,1.0,0.0,6.0,0.0,0.0,0.0,24.998747939761216,24.99874793976123,0.0,4.0
0.1771,-1.8556853071783004,25.0,1.0,1.0,0.0,6.0,0.0,0.0,0.0,24.998747939761216,24.99874793976123,0.0,4.0
0.1772,-1.8531853071783042,25.0,1.0,1.0,0.0,6.0,0.0,0.0,0.0,24.998747939761216,24.99874793976123,0.0,4.0
0.1773,-1.8506853071783074,25.0,1.0,1.0,0.0,6.0,0.0,0.0,0.0,24.998747939761216,24.99874793976123,0.0,4.0
0.1774,-1.8481853071783112,25.0,1.0,1.0,0.0,6.0,0.0,0.0,0.0,24.998747939761216,24.99874793976123,0.0,4.0
0.1775,-1.845685307178315,25.0,1.0,1.0,0.0,6.0,0.0,0.0,0.0,24.998747939761216,24.99874793976123,0.0,4.0
0.1776,-1.8431853071783182,25.0,1.0,1.0,0.0,6.0,0.0,0.0,0.0,24.998747939761216,24.99874793976123,0.0,4.0
0.1777,-1.840685307178322,25.0,1.0,1.0,0.0,6.0,0.0,0.0,0.0,24.998747939761216,24.99874793976123,0.0,4.0
0.1778,-1.8381853071783252,25.0,1.0,1.0,0.0,6.0,0.0,0.0,0.0,24.998747939761216,24.99874793976123,0.0,4.0
0.1779,-1.835685307178329,25.0,1.0,1.0,0.0,6.0,0.0,0.0,0.0,24.998747939761216,24.99874793976123,0.0,4.0
0.178,-1.8331853071783328,25.0,1.0,1.0,0.0,6.0,0.0,0.0,0.0,24.998747939761216,24.99874793976123,0.0,4.0
0.1781,-1.830685307178336,25.0,1.0,1.0,0.0,6.0,0.0,0.0,0.0,24.998747939761216,24.99874793976123,0.0,4.0
0.1782,-1.8281853071783398,25.0,1.0,1.0,0.0,6.0,0.0,0.0,0.0,24.998747939761216,24.99874793976123,0.0,4.0
0.1783,-1.8256853071783437,25.0,1.0,1.0,0.0,6.0,0.0,0.0,0.0,24.998747939761216,24.99874793976123,0.0,4.0
0.1784,-1.8231853071783468,25.0,1.0,1.0,0.0,6.0,0.0,0.0,0.0,24.998747939761216,24.99874793976123,0.0,4.0
0.1785,-1.8206853071783506,25.0,1.0,1.0,0.0,6.0,0.0,0.0,0.0,24.998747939761216,24.99874793976123,0.0,4.0
0.1786,-1.8181853071783538,25.0,1.0,1.0,0.0,6.0,0.0,0.0,0.0,24.998747939761216,24.99874793976123,0.0,4.0
0.1787,-1.8156853071783576,25.0,1.0,1.0,0.0,6.0,0.0,0.0,0.0,24.998747939761216,24.99874793976123,0.0,4.0
0.1788,-1.8131853071783615,25.0,1.0,1.0,0.0,6.0,0.0,0.0,0.0,24.998747939761216,24.99874793976123,0.0,4.0
0.1789,-1.8106853071783646,25.0,1.0,1.0,0.0,6.0,0.0,0.0,0.0,24.998747939761216,24.99874793976123,0.0,4.0
0.179,-1.8081853071783685,25.0,1.0,1.0,0.0,6.0,0.0,0.0,0.0,24.998747939761216,24.99874793976123,0.0,4.0
0.1791,-1.8056853071783716,25.0,1.0,1.0,0.0,6.0,0.0,0.0,0.0,24.998747939761216,24.99874793976123,0.0,4.0
0.1792,-1.8031853071783754,25.0,1.0,1.0,0.0,6.0,0.0,0.0,0.0,24.998747939761216,24.99874793976123,0.0,4.0
0.1793,-1.8006853071783793,25.0,1.0,1.0,0.0,6.0,0.0,0.0,0.0,24.998747939761216,24.99874793976123,0.0,4.0
0.1794,-1.7981853071783824,25.0,1.0,1.0,0.0,6.0,0.0,0.0,0.0,24.998747939761216,24.99874793976123,0.0,4.0
0.1795,-1.7956853071783863,25.0,1.0,1.0,0.0,6.0,0.0,0.0,0.0,24.998747939761216,24.99874793976123,0.0,4.0
0.1796,-1.7931853071783894,25.0,1.0,1.0,0.0,6.0,0.0,0.0,0.0,24.998747939761216,24.99874793976123,0.0,4.0
0.1797,-1.7906853071783932,25.0,1.0,1.0,0.0,6.0,0.0,0.0,0.0,24.998747939761216,24.99874793976123,0.0,4.0
0.1798,-1.788185307178397,25.0,1.0,1.0,0.0,6.0,0.0,0.0,0.0,24.998747939761216,24.99874793976123,0.0,4.0
0.1799,-1.7856853071784002,25.0,1.0,1.0,0.0,6.0,0.0,0.0,0.0,24.998747939761216,24.99874793976123,0.0,4.0
0.18,-1.783185307178404,25.0,1.0,1.0,0.0,6.0,0.0,0.0,0.0,24.998747939761216,24.99874793976123,0.0,4.0
0.1801,-1.7806853071784072,25.0,1.0,1.0,0.0,6.0,0.0,0.0,0.0,24.998747939761216,24.99874793976123,0.0,4.0
0.1802,-1.778185307178411,25.0,1.0,1.0,0.0,6.0,0.0,0.0,0.0,24.998747939761216,24.99874793976123,0.0,4.0
0.1803,-1.7756853071784149,25.0,1.0,1.0,0.0,6.0,0.0,0.0,0.0,24.998747939761216,24.99874793976123,0.0,4.0
0.1804,-1.773185307178418,25.0,1.0,1.0,0.0,6.0,0.0,0.0,0.0,24.998747939761216,24.99874793976123,0.0,4.0
0.1805,-1.7706853071784219,25.0,1.0,1.0,0.0,6.0,0.0,0.0,0.0,24.998747939761216,24.99874793976123,0.0,4.0
0.1806,-1.768185307178425,25.0,1.0,1.0,0.0,6.0,0.0,0.0,0.0,24.998747939761216,24.99874793976123,0.0,4.0
0.1807,-1.7656853071784289,25.0,1.0,1.0,0.0,6.0,0.0,0.0,0.0,24.998747939761216,24.99874793976123,0.0,4.0
0.1808,-1.7631853071784327,25.0,1.0,1.0,0.0,6.0,0.0,0.0,0.0,24.998747939761216,24.99874793976123,0.0,4.0
0.1809,-1.7606853071784359,25.0,1.0,1.0,0.0,6.0,0.0,0.0,0.0,24.998747939761216,24.99874793976123,0.0,4.0
0.181,-1.7581853071784397,25.0,1.0,1.0,0.0,6.0,0.0,0.0,0.0,24.998747939761216,24.99874793976123,0.0,4.0
0.1811,-1.7556853071784428,25.0,1.0,1.0,0.0,6.0,0.0,0.0,0.0,24.998747939761216,24.99874793976123,0.0,4.0
0.1812,-1.7531853071784467,25.0,1.0,1.0,0.0,6.0,0.0,0.0,0.0,24.998747939761216,24.99874793976123,0.0,4.0
0.1813,-1.7506853071784505,25.0,1.0,1.0,0.0,6.0,0.0,0.0,0.0,24.998747939761216,24.99874793976123,0.0,4.0
0.1814,-1.7481853071784537,25.0,1.0,1.0,0.0,6.0,0.0,0.0,0.0,24.998747939761216,24.99874793976123,0.0,4.0
0.1815,-1.7456853071784575,25.0,1.0,1.0,0.0,6.0,0.0,0.0,0.0,24.998747939761216,24.99874793976123,0.0,4.0
0.1816,-1.7431853071784607,25.0,1.0,1.0,0.0,6.0,0.0,0.0,0.0,24.998747939761216,24.99874793976123,0.0,4.0
0.1817,-1.7406853071784645,25.0,1.0,1.0,0.0,6.0,0.0,0.0,0.0,24.998747939761216,24.99874793976123,0.0,4.0
0.1818,-1.7381853071784683,25.0,1.0,1.0,0.0,6.0,0.0,0.0,0.0,24.998747939761216,24.99874793976123,0.0,4.0
0.1819,-1.7356853071784715,25.0,1.0,1.0,0.0,6.0,0.0,0.0,0.0,24.998747939761216,24.99874793976123,0.0,4.0
0.182,-1.7331853071784753,25.0,1.0,1.0,0.0,6.0,0.0,0.0,0.0,24.998747939761216,24.99874793976123,0.0,4.0
0.1821,-1.7306853071784785,25.0,1.0,1.0,0.0,6.0,0.0,0.0,0.0,24.998747939761216,24.99874793976123,0.0,4.0
0.1822,-1.7281853071784823,25.0,1.0,1.0,0.0,6.0,0.0,0.0,0.0,24.998747939761216,24.99874793976123,0.0,4.0
0.1823,-1.7256853071784861,25.0,1.0,1.0,0.0,6.0,0.0,0.0,0.0,24.998747939761216,24.99874793976123,0.0,4.0
0.1824,-1.7231853071784893,25.0,1.0,1.0,0.0,6.0,0.0,0.0,0.0,24.998747939761216,24.99874793976123,0.0,4.0
0.1825,-1.720685307178493,25.0,1.0,1.0,0.0,6.0,0.0,0.0,0.0,24.998747939761216,24.99874793976123,0.0,4.0
0.1826,-1.7181853071784963,25.0,1.0,1.0,0.0,6.0,0.0,0.0,0.0,24.998747939761216,24.99874793976123,0.0,4.0
0.1827,-1.7156853071785,25.0,1.0,1.0,0.0,6.0,0.0,0.0,0.0,24.998747939761216,24.99874793976123,0.0,4.0
0.1828,-1.713185307178504,25.0,1.0,1.0,0.0,6.0,0.0,0.0,0.0,24.998747939761216,24.99874793976123,0.0,4.0
0.1829,-1.710685307178507,25.0,1.0,1.0,0.0,6.0,0.0,0.0,0.0,24.998747939761216,24.99874793976123,0.0,4.0
0.183,-1.708185307178511,25.0,1.0,1.0,0.0,6.0,0.0,0.0,0.0,24.998747939761216,24.99874793976123,0.0,4.0
0.1831,-1.705685307178514,25.0,1.0,1.0,0.0,6.0,0.0,0.0,0.0,24.998747939761216,24.99874793976123,0.0,4.0
0.1832,-1.703185307178518,25.0,1.0,1.0,0.0,6.0,0.0,0.0,0.0,24.998747939761216,24.99874793976123,0.0,4.0
0.1833,-1.7006853071785217,25.0,1.0,1.0,0.0,6.0,0.0,0.0,0.0,24.998747939761216,24.99874793976123,0.0,4.0
0.1834,-1.698185307178525,25.0,1.0,1.0,0.0,6.0,0.0,0.0,0.0,24.998747939761216,24.99874793976123,0.0,4.0
0.1835,-1.6956853071785287,25.0,1.0,1.0,0.0,6.0,0.0,0.0,0.0,24.998747939761216,24.99874793976123,0.0,4.0
0.1836,-1.6931853071785319,25.0,1.0,1.0,0.0,6.0,0.0,0.0,0.0,24.998747939761216,24.99874793976123,0.0,4.0
0.1837,-1.6906853071785357,25.0,1.0,1.0,0.0,6.0,0.0,0.0,0.0,24.998747939761216,24.99874793976123,0.0,4.0
0.1838,-1.6881853071785395,25.0,1.0,1.0,0.0,6.0,0.0,0.0,0.0,24.998747939761216,24.99874793976123,0.0,4.0
0.1839,-1.6856853071785427,25.0,1.0,1.0,0.0,6.0,0.0,0.0,0.0,24.998747939761216,24.99874793976123,0.0,4.0
0.184,-1.6831853071785465,25.0,1.0,1.0,0.0,6.0,0.0,0.0,0.0,24.998747939761216,24.99874793976123,0.0,4.0
0.1841,-1.6806853071785497,25.0,1.0,1.0,0.0,6.0,0.0,0.0,0.0,24.998747939761216,24.99874793976123,0.0,4.0
0.1842,-1.6781853071785535,25.0,1.0,1.0,0.0,6.0,0.0,0.0,0.0,24.998747939761216,24.99874793976123,0.0,4.0
0.1843,-1.6756853071785573,25.0,1.0,1.0,0.0,6.0,0.0,0.0,0.0,24.998747939761216,24.99874793976123,0.0,4.0
0.1844,-1.6731853071785605,25.0,1.0,1.0,0.0,6.0,0.0,0.0,0.0,24.998747939761216,24.99874793976123,0.0,4.0
0.1845,-1.6706853071785643,25.0,1.0,1.0,0.0,6.0,0.0,0.0,0.0,24.998747939761216,24.99874793976123,0.0,4.0
0.1846,-1.6681853071785682,25.0,1.0,1.0,0.0,6.0,0.0,0.0,0.0,24.998747939761216,24.99874793976123,0.0,4.0
0.1847,-1.6656853071785713,25.0,1.0,1.0,0.0,6.0,0.0,0.0,0.0,24.998747939761216,24.99874793976123,0.0,4.0
0.1848,-1.6631853071785752,25.0,1.0,1.0,0.0,6.0,0.0,0.0,0.0,24.998747939761216,24.99874793976123,0.0,4.0
0.1849,-1.6606853071785783,25.0,1.0,1.0,0.0,6.0,0.0,0.0,0.0,24.998747939761216,24.99874793976123,0.0,4.0
0.185,-1.6581853071785821,25.0,1.0,1.0,0.0,6.0,0.0,0.0,0.0,24.998747939761216,24.99874793976123,0.0,4.0
0.1851,-1.655685307178586,25.0,1.0,1.0,0.0,6.0,0.0,0.0,0.0,24.998747939761216,24.99874793976123,0.0,4.0
0.1852,-1.6531853071785891,25.0,1.0,1.0,0.0,6.0,0.0,0.0,0.0,24.998747939761216,24.99874793976123,0.0,4.0
0.1853,-1.650685307178593,25.0,1.0,1.0,0.0,6.0,0.0,0.0,0.0,24.998747939761216,24.99874793976123,0.0,4.0
0.1854,-1.6481853071785961,25.0,1.0,1.0,0.0,6.0,0.0,0.0,0.0,24.998747939761216,24.99874793976123,0.0,4.0
0.1855,-1.6456853071786,25.0,1.0,1.0,0.0,6.0,0.0,0.0,0.0,24.998747939761216,24.99874793976123,0.0,4.0
0.1856,-1.6431853071786038,25.0,1.0,1.0,0.0,6.0,0.0,0.0,0.0,24.998747939761216,24.99874793976123,0.0,4.0
0.1857,-1.640685307178607,25.0,1.0,1.0,0.0,6.0,0.0,0.0,0.0,24.998747939761216,24.99874793976123,0.0,4.0
0.1858,-1.6381853071786108,25.0,1.0,1.0,0.0,6.0,0.0,0.0,0.0,24.998747939761216,24.99874793976123,0.0,4.0
0.1859,-1.635685307178614,25.0,1.0,1.0,0.0,6.0,0.0,0.0,0.0,24.998747939761216,24.99874793976123,0.0,4.0
0.186,-1.6331853071786178,25.0,1.0,1.0,0.0,6.0,0.0,0.0,0.0,24.998747939761216,24.99874793976123,0.0,4.0
0.1861,-1.6306853071786216,25.0,1.0,1.0,0.0,6.0,0.0,0.0,0.0,24.998747939761216,24.99874793976123,0.0,4.0
0.1862,-1.6281853071786248,25.0,1.0,1.0,0.0,6.0,0.0,0.0,0.0,24.998747939761216,24.99874793976123,0.0,4.0
0.1863,-1.6256853071786286,25.0,1.0,1.0,0.0,6.0,0.0,0.0,0.0,24.998747939761216,24.99874793976123,0.0,4.0
0.1864,-1.6231853071786317,25.0,1.0,1.0,0.0,6.0,0.0,0.0,0.0,24.998747939761216,24.99874793976123,0.0,4.0
0.1865,-1.6206853071786356,25.0,1.0,1.0,0.0,6.0,0.0,0.0,0.0,24.998747939761216,24.99874793976123,0.0,4.0
0.1866,-1.6181853071786394,25.0,1.0,1.0,0.0,6.0,0.0,0.0,0.0,24.998747939761216,24.99874793976123,0.0,4.0
0.1867,-1.6156853071786426,25.0,1.0,1.0,0.0,6.0,0.0,0.0,0.0,24.998747939761216,24.99874793976123,0.0,4.0
0.1868,-1.6131853071786464,25.0,1.0,1.0,0.0,6.0,0.0,0.0,0.0,24.998747939761216,24.99874793976123,0.0,4.0
0.1869,-1.6106853071786496,25.0,1.0,1.0,0.0,6.0,0.0,0.0,0.0,24.998747939761216,24.99874793976123,0.0,4.0
0.187,-1.6081853071786534,25.0,1.0,1.0,0.0,6.0,0.0,0.0,0.0,24.998747939761216,24.99874793976123,0.0,4.0
0.1871,-1.6056853071786572,25.0,1.0,1.0,0.0,6.0,0.0,0.0,0.0,24.998747939761216,24.99874793976123,0.0,4.0
0.1872,-1.6031853071786604,25.0,1.0,1.0,0.0,6.0,0.0,0.0,0.0,24.998747939761216,24.99874793976123,0.0,4.0
0.1873,-1.6006853071786642,25.0,1.0,1.0,0.0,6.0,0.0,0.0,0.0,24.998747939761216,24.99874793976123,0.0,4.0
0.1874,-1.5981853071786674,25.0,1.0,1.0,0.0,6.0,0.0,0.0,0.0,24.998747939761216,24.99874793976123,0.0,4.0
0.1875,-1.5956853071786712,25.0,1.0,1.0,0.0,6.0,0.0,0.0,0.0,24.998747939761216,24.99874793976123,0.0,4.0
0.1876,-1.593185307178675,25.0,1.0,1.0,0.0,6.0,0.0,0.0,0.0,24.998747939761216,24.99874793976123,0.0,4.0
0.1877,-1.5906853071786782,25.0,1.0,1.0,0.0,6.0,0.0,0.0,0.0,24.998747939761216,24.99874793976123,0.0,4.0
0.1878,-1.588185307178682,25.0,1.0,1.0,0.0,6.0,0.0,0.0,0.0,24.998747939761216,24.99874793976123,0.0,4.0
0.1879,-1.5856853071786852,25.0,1.0,1.0,0.0,6.0,0.0,0.0,0.0,24.998747939761216,24.99874793976123,0.0,4.0
0.188,-1.583185307178689,25.0,1.0,1.0,0.0,6.0,0.0,0.0,0.0,24.998747939761216,24.99874793976123,0.0,4.0
0.1881,-1.5806853071786928,25.0,1.0,1.0,0.0,6.0,0.0,0.0,0.0,24.998747939761216,24.99874793976123,0.0,4.0
0.1882,-1.578185307178696,25.0,1.0,1.0,0.0,6.0,0.0,0.0,0.0,24.998747939761216,24.99874793976123,0.0,4.0
0.1883,-1.5756853071786998,25.0,1.0,1.0,0.0,6.0,0.0,0.0,0.0,24.998747939761216,24.99874793976123,0.0,4.0
0.1884,-1.573185307178703,25.0,1.0,1.0,0.0,6.0,0.0,0.0,0.0,24.998747939761216,24.99874793976123,0.0,4.0
0.1885,-1.5706853071787068,25.0,1.0,1.0,0.0,6.0,0.0,0.0,0.0,24.998747939761216,24.99874793976123,0.0,4.0
0.1886,-1.5681853071787106,25.0,1.0,1.0,0.0,6.0,0.0,0.0,0.0,24.998747939761216,24.99874793976123,0.0,4.0
0.1887,-1.5656853071787138,25.0,1.0,1.0,0.0,6.0,0.0,0.0,0.0,24.998747939761216,24.99874793976123,0.0,4.0
0.1888,-1.5631853071787176,25.0,1.0,1.0,0.0,6.0,0.0,0.0,0.0,24.998747939761216,24.99874793976123,0.0,4.0
0.1889,-1.5606853071787208,25.0,1.0,1.0,0.0,6.0,0.0,0.0,0.0,24.998747939761216,24.99874793976123,0.0,4.0
0.189,-1.5581853071787246,25.0,1.0,1.0,0.0,6.0,0.0,0.0,0.0,24.998747939761216,24.99874793976123,0.0,4.0
0.1891,-1.5556853071787284,25.0,1.0,1.0,0.0,6.0,0.0,0.0,0.0,24.998747939761216,24.99874793976123,0.0,4.0
0.1892,-1.5531853071787316,25.0,1.0,1.0,0.0,6.0,0.0,0.0,0.0,24.998747939761216,24.99874793976123,0.0,4.0
0.1893,-1.5506853071787354,25.0,1.0,1.0,0.0,6.0,0.0,0.0,0.0,24.998747939761216,24.99874793976123,0.0,4.0
0.1894,-1.5481853071787386,25.0,1.0,1.0,0.0,6.0,0.0,0.0,0.0,24.998747939761216,24.99874793976123,0.0,4.0
0.1895,-1.5456853071787424,25.0,1.0,1.0,0.0,6.0,0.0,0.0,0.0,24.998747939761216,24.99874793976123,0.0,4.0
0.1896,-1.5431853071787462,25.0,1.0,1.0,0.0,6.0,0.0,0.0,0.0,24.998747939761216,24.99874793976123,0.0,4.0
0.1897,-1.5406853071787494,25.0,1.0,1.0,0.0,6.0,0.0,0.0,0.0,24.998747939761216,24.99874793976123,0.0,4.0
0.1898,-1.5381853071787532,25.0,1.0,1.0,0.0,6.0,0.0,0.0,0.0,24.998747939761216,24.99874793976123,0.0,4.0
0.1899,-1.5356853071787564,25.0,1.0,1.0,0.0,6.0,0.0,0.0,0.0,24.998747939761216,24.99874793976123,0.0,4.0
0.19,-1.5331853071787602,25.0,1.0,1.0,0.0,6.0,0.0,0.0,0.0,24.998747939761216,24.99874793976123,0.0,4.0
0.1901,-1.530685307178764,25.0,1.0,1.0,0.0,6.0,0.0,0.0,0.0,24.998747939761216,24.99874793976123,0.0,4.0
0.1902,-1.5281853071787672,25.0,1.0,1.0,0.0,6.0,0.0,0.0,0.0,24.998747939761216,24.99874793976123,0.0,4.0
0.1903,-1.525685307178771,25.0,1.0,1.0,0.0,6.0,0.0,0.0,0.0,24.998747939761216,24.99874793976123,0.0,4.0
0.1904,-1.5231853071787742,25.0,1.0,1.0,0.0,6.0,0.0,0.0,0.0,24.998747939761216,24.99874793976123,0.0,4.0
0.1905,-1.520685307178778,25.0,1.0,1.0,0.0,6.0,0.0,0.0,0.0,24.998747939761216,24.99874793976123,0.0,4.0
0.1906,-1.5181853071787819,25.0,1.0,1.0,0.0,6.0,0.0,0.0,0.0,24.998747939761216,24.99874793976123,0.0,4.0
0.1907,-1.515685307178785,25.0,1.0,1.0,0.0,6.0,0.0,0.0,0.0,24.998747939761216,24.99874793976123,0.0,4.0
0.1908,-1.5131853071787889,25.0,1.0,1.0,0.0,6.0,0.0,0.0,0.0,24.998747939761216,24.99874793976123,0.0,4.0
0.1909,-1.5106853071787927,25.0,1.0,1.0,0.0,6.0,0.0,0.0,0.0,24.998747939761216,24.99874793976123,0.0,4.0
0.191,-1.5081853071787958,25.0,1.0,1.0,0.0,6.0,0.0,0.0,0.0,24.998747939761216,24.99874793976123,0.0,4.0
0.1911,-1.5056853071787997,25.0,1.0,1.0,0.0,6.0,0.0,0.0,0.0,24.998747939761216,24.99874793976123,0.0,4.0
0.1912,-1.5031853071788028,25.0,1.0,1.0,0.0,6.0,0.0,0.0,0.0,24.998747939761216,24.99874793976123,0.0,4.0
0.1913,-1.5006853071788067,25.0,1.0,1.0,0.0,6.0,0.0,0.0,0.0,24.998747939761216,24.99874793976123,0.0,4.0
0.1914,-1.4981853071788105,25.0,1.0,1.0,0.0,6.0,0.0,0.0,0.0,24.998747939761216,24.99874793976123,0.0,4.0
0.1915,-1.4956853071788136,25.0,1.0,1.0,0.0,6.0,0.0,0.0,0.0,24.998747939761216,24.99874793976123,0.0,4.0
0.1916,-1.4931853071788175,25.0,1.0,1.0,0.0,6.0,0.0,0.0,0.0,24.998747939761216,24.99874793976123,0.0,4.0
0.1917,-1.4906853071788206,25.0,1.0,1.0,0.0,6.0,0.0,0.0,0.0,24.998747939761216,24.99874793976123,0.0,4.0
0.1918,-1.4881853071788245,25.0,1.0,1.0,0.0,6.0,0.0,0.0,0.0,24.998747939761216,24.99874793976123,0.0,4.0
0.1919,-1.4856853071788283,25.0,1.0,1.0,0.0,6.0,0.0,0.0,0.0,24.998747939761216,24.99874793976123,0.0,4.0
0.192,-1.4831853071788315,25.0,1.0,1.0,0.0,6.0,0.0,0.0,0.0,24.998747939761216,24.99874793976123,0.0,4.0
0.1921,-1.4806853071788353,25.0,1.0,1.0,0.0,6.0,0.0,0.0,0.0,24.998747939761216,24.99874793976123,0.0,4.0
0.1922,-1.4781853071788384,25.0,1.0,1.0,0.0,6.0,0.0,0.0,0.0,24.998747939761216,24.99874793976123,0.0,4.0
0.1923,-1.4756853071788423,25.0,1.0,1.0,0.0,6.0,0.0,0.0,0.0,24.998747939761216,24.99874793976123,0.0,4.0
0.1924,-1.473185307178846,25.0,1.0,1.0,0.0,6.0,0.0,0.0,0.0,24.998747939761216,24.99874793976123,0.0,4.0
0.1925,-1.4706853071788493,25.0,1.0,1.0,0.0,6.0,0.0,0.0,0.0,24.998747939761216,24.99874793976123,0.0,4.0
0.1926,-1.468185307178853,25.0,1.0,1.0,0.0,6.0,0.0,0.0,0.0,24.998747939761216,24.99874793976123,0.0,4.0
0.1927,-1.4656853071788563,25.0,1.0,1.0,0.0,6.0,0.0,0.0,0.0,24.998747939761216,24.99874793976123,0.0,4.0
0.1928,-1.46318530717886,25.0,1.0,1.0,0.0,6.0,0.0,0.0,0.0,24.998747939761216,24.99874793976123,0.0,4.0
0.1929,-1.460685307178864,25.0,1.0,1.0,0.0,6.0,0.0,0.0,0.0,24.998747939761216,24.99874793976123,0.0,4.0
0.193,-1.458185307178867,25.0,1.0,1.0,0.0,6.0,0.0,0.0,0.0,24.998747939761216,24.99874793976123,0.0,4.0
0.1931,-1.455685307178871,25.0,1.0,1.0,0.0,6.0,0.0,0.0,0.0,24.998747939761216,24.99874793976123,0.0,4.0
0.1932,-1.453185307178874,25.0,1.0,1.0,0.0,6.0,0.0,0.0,0.0,24.998747939761216,24.99874793976123,0.0,4.0
0.1933,-1.450685307178878,25.0,1.0,1.0,0.0,6.0,0.0,0.0,0.0,24.998747939761216,24.99874793976123,0.0,4.0
0.1934,-1.4481853071788817,25.0,1.0,1.0,0.0,6.0,0.0,0.0,0.0,24.998747939761216,24.99874793976123,0.0,4.0
0.1935,-1.4456853071788849,25.0,1.0,1.0,0.0,6.0,0.0,0.0,0.0,24.998747939761216,24.99874793976123,0.0,4.0
0.1936,-1.4431853071788887,25.0,1.0,1.0,0.0,6.0,0.0,0.0,0.0,24.998747939761216,24.99874793976123,0.0,4.0
0.1937,-1.4406853071788919,25.0,1.0,1.0,0.0,6.0,0.0,0.0,0.0,24.998747939761216,24.99874793976123,0.0,4.0
0.1938,-1.4381853071788957,25.0,1.0,1.0,0.0,6.0,0.0,0.0,0.0,24.998747939761216,24.99874793976123,0.0,4.0
0.1939,-1.4356853071788995,25.0,1.0,1.0,0.0,6.0,0.0,0.0,0.0,24.998747939761216,24.99874793976123,0.0,4.0
0.194,-1.4331853071789027,25.0,1.0,1.0,0.0,6.0,0.0,0.0,0.0,24.998747939761216,24.99874793976123,0.0,4.0
0.1941,-1.4306853071789065,25.0,1.0,1.0,0.0,6.0,0.0,0.0,0.0,24.998747939761216,24.99874793976123,0.0,4.0
0.1942,-1.4281853071789097,25.0,1.0,1.0,0.0,6.0,0.0,0.0,0.0,24.998747939761216,24.99874793976123,0.0,4.0
0.1943,-1.4256853071789135,25.0,1.0,1.0,0.0,6.0,0.0,0.0,0.0,24.998747939761216,24.99874793976123,0.0,4.0
0.1944,-1.4231853071789173,25.0,1.0,1.0,0.0,6.0,0.0,0.0,0.0,24.998747939761216,24.99874793976123,0.0,4.0
0.1945,-1.4206853071789205,25.0,1.0,1.0,0.0,6.0,0.0,0.0,0.0,24.998747939761216,24.99874793976123,0.0,4.0
0.1946,-1.4181853071789243,25.0,1.0,1.0,0.0,6.0,0.0,0.0,0.0,24.998747939761216,24.99874793976123,0.0,4.0
0.1947,-1.4156853071789275,25.0,1.0,1.0,0.0,6.0,0.0,0.0,0.0,24.998747939761216,24.99874793976123,0.0,4.0
0.1948,-1.4131853071789313,25.0,1.0,1.0,0.0,6.0,0.0,0.0,0.0,24.998747939761216,24.99874793976123,0.0,4.0
0.1949,-1.4106853071789351,25.0,1.0,1.0,0.0,6.0,0.0,0.0,0.0,24.998747939761216,24.99874793976123,0.0,4.0
0.195,-1.4081853071789383,25.0,1.0,1.0,0.0,6.0,0.0,0.0,0.0,24.998747939761216,24.99874793976123,0.0,4.0
0.1951,-1.4056853071789421,25.0,1.0,1.0,0.0,6.0,0.0,0.0,0.0,24.998747939761216,24.99874793976123,0.0,4.0
0.1952,-1.4031853071789453,25.0,1.0,1.0,0.0,6.0,0.0,0.0,0.0,24.998747939761216,24.99874793976123,0.0,4.0
0.1953,-1.4006853071789491,25.0,1.0,1.0,0.0,6.0,0.0,0.0,0.0,24.998747939761216,24.99874793976123,0.0,4.0
0.1954,-1.398185307178953,25.0,1.0,1.0,0.0,6.0,0.0,0.0,0.0,24.998747939761216,24.99874793976123,0.0,4.0
0.1955,-1.3956853071789561,25.0,1.0,1.0,0.0,6.0,0.0,0.0,0.0,24.998747939761216,24.99874793976123,0.0,4.0
0.1956,-1.39318530717896,25.0,1.0,1.0,0.0,6.0,0.0,0.0,0.0,24.998747939761216,24.99874793976123,0.0,4.0
0.1957,-1.390685307178963,25.0,1.0,1.0,0.0,6.0,0.0,0.0,0.0,24.998747939761216,24.99874793976123,0.0,4.0
0.1958,-1.388185307178967,25.0,1.0,1.0,0.0,6.0,0.0,0.0,0.0,24.998747939761216,24.99874793976123,0.0,4.0
0.1959,-1.3856853071789708,25.0,1.0,1.0,0.0,6.0,0.0,0.0,0.0,24.998747939761216,24.99874793976123,0.0,4.0
0.196,-1.383185307178974,25.0,1.0,1.0,0.0,6.0,0.0,0.0,0.0,24.998747939761216,24.99874793976123,0.0,4.0
0.1961,-1.3806853071789777,25.0,1.0,1.0,0.0,6.0,0.0,0.0,0.0,24.998747939761216,24.99874793976123,0.0,4.0
0.1962,-1.378185307178981,25.0,1.0,1.0,0.0,6.0,0.0,0.0,0.0,24.998747939761216,24.99874793976123,0.0,4.0
0.1963,-1.3756853071789847,25.0,1.0,1.0,0.0,6.0,0.0,0.0,0.0,24.998747939761216,24.99874793976123,0.0,4.0
0.1964,-1.3731853071789886,25.0,1.0,1.0,0.0,6.0,0.0,0.0,0.0,24.998747939761216,24.99874793976123,0.0,4.0
0.1965,-1.3706853071789917,25.0,1.0,1.0,0.0,6.0,0.0,0.0,0.0,24.998747939761216,24.99874793976123,0.0,4.0
0.1966,-1.3681853071789956,25.0,1.0,1.0,0.0,6.0,0.0,0.0,0.0,24.998747939761216,24.99874793976123,0.0,4.0
0.1967,-1.3656853071789987,25.0,1.0,1.0,0.0,6.0,0.0,0.0,0.0,24.998747939761216,24.99874793976123,0.0,4.0
0.1968,-1.3631853071790025,25.0,1.0,1.0,0.0,6.0,0.0,0.0,0.0,24.998747939761216,24.99874793976123,0.0,4.0
0.1969,-1.3606853071790064,25.0,1.0,1.0,0.0,6.0,0.0,0.0,0.0,24.998747939761216,24.99874793976123,0.0,4.0
0.197,-1.3581853071790095,25.0,1.0,1.0,0.0,6.0,0.0,0.0,0.0,24.998747939761216,24.99874793976123,0.0,4.0
0.1971,-1.3556853071790134,25.0,1.0,1.0,0.0,6.0,0.0,0.0,0.0,24.998747939761216,24.99874793976123,0.0,4.0
0.1972,-1.3531853071790172,25.0,1.0,1.0,0.0,6.0,0.0,0.0,0.0,24.998747939761216,24.99874793976123,0.0,4.0
0.1973,-1.3506853071790204,25.0,1.0,1.0,0.0,6.0,0.0,0.0,0.0,24.998747939761216,24.99874793976123,0.0,4.0
0.1974,-1.3481853071790242,25.0,1.0,1.0,0.0,6.0,0.0,0.0,0.0,24.998747939761216,24.99874793976123,0.0,4.0
0.1975,-1.3456853071790273,25.0,1.0,1.0,0.0,6.0,0.0,0.0,0.0,24.998747939761216,24.99874793976123,0.0,4.0
0.1976,-1.3431853071790312,25.0,1.0,1.0,0.0,6.0,0.0,0.0,0.0,24.998747939761216,24.99874793976123,0.0,4.0
0.1977,-1.340685307179035,25.0,1.0,1.0,0.0,6.0,0.0,0.0,0.0,24.998747939761216,24.99874793976123,0.0,4.0
0.1978,-1.3381853071790382,25.0,1.0,1.0,0.0,6.0,0.0,0.0,0.0,24.998747939761216,24.99874793976123,0.0,4.0
0.1979,-1.335685307179042,25.0,1.0,1.0,0.0,6.0,0.0,0.0,0.0,24.998747939761216,24.99874793976123,0.0,4.0
0.198,-1.3331853071790452,25.0,1.0,1.0,0.0,6.0,0.0,0.0,0.0,24.998747939761216,24.99874793976123,0.0,4.0
0.1981,-1.330685307179049,25.0,1.0,1.0,0.0,6.0,0.0,0.0,0.0,24.998747939761216,24.99874793976123,0.0,4.0
0.1982,-1.3281853071790528,25.0,1.0,1.0,0.0,6.0,0.0,0.0,0.0,24.998747939761216,24.99874793976123,0.0,4.0
0.1983,-1.325685307179056,25.0,1.0,1.0,0.0,6.0,0.0,0.0,0.0,24.998747939761216,24.99874793976123,0.0,4.0
0.1984,-1.3231853071790598,25.0,1.0,1.0,0.0,6.0,0.0,0.0,0.0,24.998747939761216,24.99874793976123,0.0,4.0
0.1985,-1.320685307179063,25.0,1.0,1.0,0.0,6.0,0.0,0.0,0.0,24.998747939761216,24.99874793976123,0.0,4.0
0.1986,-1.3181853071790668,25.0,1.0,1.0,0.0,6.0,0.0,0.0,0.0,24.998747939761216,24.99874793976123,0.0,4.0
0.1987,-1.3156853071790706,25.0,1.0,1.0,0.0,6.0,0.0,0.0,0.0,24.998747939761216,24.99874793976123,0.0,4.0
0.1988,-1.3131853071790738,25.0,1.0,1.0,0.0,6.0,0.0,0.0,0.0,24.998747939761216,24.99874793976123,0.0,4.0
0.1989,-1.3106853071790776,25.0,1.0,1.0,0.0,6.0,0.0,0.0,0.0,24.998747939761216,24.99874793976123,0.0,4.0
0.199,-1.3081853071790808,25.0,1.0,1.0,0.0,6.0,0.0,0.0,0.0,24.998747939761216,24.99874793976123,0.0,4.0
0.1991,-1.3056853071790846,25.0,1.0,1.0,0.0,6.0,0.0,0.0,0.0,24.998747939761216,24.99874793976123,0.0,4.0
0.1992,-1.3031853071790884,25.0,1.0,1.0,0.0,6.0,0.0,0.0,0.0,24.998747939761216,24.99874793976123,0.0,4.0
0.1993,-1.3006853071790916,25.0,1.0,1.0,0.0,6.0,0.0,0.0,0.0,24.998747939761216,24.99874793976123,0.0,4.0
0.1994,-1.2981853071790954,25.0,1.0,1.0,0.0,6.0,0.0,0.0,0.0,24.998747939761216,24.99874793976123,0.0,4.0
0.1995,-1.2956853071790986,25.0,1.0,1.0,0.0,6.0,0.0,0.0,0.0,24.998747939761216,24.99874793976123,0.0,4.0
0.1996,-1.2931853071791024,25.0,1.0,1.0,0.0,6.0,0.0,0.0,0.0,24.998747939761216,24.99874793976123,0.0,4.0
0.1997,-1.2906853071791062,25.0,1.0,1.0,0.0,6.0,0.0,0.0,0.0,24.998747939761216,24.99874793976123,0.0,4.0
0.1998,-1.2881853071791094,25.0,1.0,1.0,0.0,6.0,0.0,0.0,0.0,24.998747939761216,24.99874793976123,0.0,4.0
0.1999,-1.2856853071791132,25.0,1.0,1.0,0.0,6.0,0.0,0.0,0.0,24.998747939761216,24.99874793976123,0.0,4.0
0.2,-1.2831853071791164,25.0,1.0,1.0,0.0,6.0,0.0,0.0,0.0,24.998747939761216,24.99874793976123,0.0,4.0
0.2001,-1.2806853071791202,25.0,1.0,1.0,0.0,6.0,0.0,0.0,0.0,24.998747939761216,24.99874793976123,0.0,4.0
0.2002,-1.278185307179124,25.0,1.0,1.0,0.0,6.0,0.0,0.0,0.0,24.998747939761216,24.99874793976123,0.0,4.0
0.2003,-1.2756853071791272,25.0,1.0,1.0,0.0,6.0,0.0,0.0,0.0,24.998747939761216,24.99874793976123,0.0,4.0
0.2004,-1.273185307179131,25.0,1.0,1.0,0.0,6.0,0.0,0.0,0.0,24.998747939761216,24.99874793976123,0.0,4.0
0.2005,-1.2706853071791342,25.0,1.0,1.0,0.0,6.0,0.0,0.0,0.0,24.998747939761216,24.99874793976123,0.0,4.0
0.2006,-1.268185307179138,25.0,1.0,1.0,0.0,6.0,0.0,0.0,0.0,24.998747939761216,24.99874793976123,0.0,4.0
0.2007,-1.2656853071791418,25.0,1.0,1.0,0.0,6.0,0.0,0.0,0.0,24.998747939761216,24.99874793976123,0.0,4.0
0.2008,-1.263185307179145,25.0,1.0,1.0,0.0,6.0,0.0,0.0,0.0,24.998747939761216,24.99874793976123,0.0,4.0
0.2009,-1.2606853071791488,25.0,1.0,1.0,0.0,6.0,0.0,0.0,0.0,24.998747939761216,24.99874793976123,0.0,4.0
0.201,-1.258185307179152,25.0,1.0,1.0,0.0,6.0,0.0,0.0,0.0,24.998747939761216,24.99874793976123,0.0,4.0
0.2011,-1.2556853071791558,25.0,1.0,1.0,0.0,6.0,0.0,0.0,0.0,24.998747939761216,24.99874793976123,0.0,4.0
0.2012,-1.2531853071791597,25.0,1.0,1.0,0.0,6.0,0.0,0.0,0.0,24.998747939761216,24.99874793976123,0.0,4.0
0.2013,-1.2506853071791628,25.0,1.0,1.0,0.0,6.0,0.0,0.0,0.0,24.998747939761216,24.99874793976123,0.0,4.0
0.2014,-1.2481853071791666,25.0,1.0,1.0,0.0,6.0,0.0,0.0,0.0,24.998747939761216,24.99874793976123,0.0,4.0
0.2015,-1.2456853071791698,25.0,1.0,1.0,0.0,6.0,0.0,0.0,0.0,24.998747939761216,24.99874793976123,0.0,4.0
0.2016,-1.2431853071791736,25.0,1.0,1.0,0.0,6.0,0.0,0.0,0.0,24.998747939761216,24.99874793976123,0.0,4.0
0.2017,-1.2406853071791775,25.0,1.0,1.0,0.0,6.0,0.0,0.0,0.0,24.998747939761216,24.99874793976123,0.0,4.0
0.2018,-1.2381853071791806,25.0,1.0,1.0,0.0,6.0,0.0,0.0,0.0,24.998747939761216,24.99874793976123,0.0,4.0
0.2019,-1.2356853071791845,25.0,1.0,1.0,0.0,6.0,0.0,0.0,0.0,24.998747939761216,24.99874793976123,0.0,4.0
0.202,-1.2331853071791876,25.0,1.0,1.0,0.0,6.0,0.0,0.0,0.0,24.998747939761216,24.99874793976123,0.0,4.0
0.2021,-1.2306853071791914,25.0,1.0,1.0,0.0,6.0,0.0,0.0,0.0,24.998747939761216,24.99874793976123,0.0,4.0
0.2022,-1.2281853071791953,25.0,1.0,1.0,0.0,6.0,0.0,0.0,0.0,24.998747939761216,24.99874793976123,0.0,4.0
0.2023,-1.2256853071791984,25.0,1.0,1.0,0.0,6.0,0.0,0.0,0.0,24.998747939761216,24.99874793976123,0.0,4.0
0.2024,-1.2231853071792023,25.0,1.0,1.0,0.0,6.0,0.0,0.0,0.0,24.998747939761216,24.99874793976123,0.0,4.0
0.2025,-1.2206853071792054,25.0,1.0,1.0,0.0,6.0,0.0,0.0,0.0,24.998747939761216,24.99874793976123,0.0,4.0
0.2026,-1.2181853071792093,25.0,1.0,1.0,0.0,6.0,0.0,0.0,0.0,24.998747939761216,24.99874793976123,0.0,4.0
0.2027,-1.215685307179213,25.0,1.0,1.0,0.0,6.0,0.0,0.0,0.0,24.998747939761216,24.99874793976123,0.0,4.0
0.2028,-1.2131853071792162,25.0,1.0,1.0,0.0,6.0,0.0,0.0,0.0,24.998747939761216,24.99874793976123,0.0,4.0
0.2029,-1.21068530717922,25.0,1.0,1.0,0.0,6.0,0.0,0.0,0.0,24.998747939761216,24.99874793976123,0.0,4.0
0.203,-1.2081853071792232,25.0,1.0,1.0,0.0,6.0,0.0,0.0,0.0,24.998747939761216,24.99874793976123,0.0,4.0
0.2031,-1.205685307179227,25.0,1.0,1.0,0.0,6.0,0.0,0.0,0.0,24.998747939761216,24.99874793976123,0.0,4.0
0.2032,-1.203185307179231,25.0,1.0,1.0,0.0,6.0,0.0,0.0,0.0,24.998747939761216,24.99874793976123,0.0,4.0
0.2033,-1.200685307179234,25.0,1.0,1.0,0.0,6.0,0.0,0.0,0.0,24.998747939761216,24.99874793976123,0.0,4.0
0.2034,-1.1981853071792379,25.0,1.0,1.0,0.0,6.0,0.0,0.0,0.0,24.998747939761216,24.99874793976123,0.0,4.0
0.2035,-1.1956853071792417,25.0,1.0,1.0,0.0,6.0,0.0,0.0,0.0,24.998747939761216,24.99874793976123,0.0,4.0
0.2036,-1.1931853071792449,25.0,1.0,1.0,0.0,6.0,0.0,0.0,0.0,24.998747939761216,24.99874793976123,0.0,4.0
0.2037,-1.1906853071792487,25.0,1.0,1.0,0.0,6.0,0.0,0.0,0.0,24.998747939761216,24.99874793976123,0.0,4.0
0.2038,-1.1881853071792519,25.0,1.0,1.0,0.0,6.0,0.0,0.0,0.0,24.998747939761216,24.99874793976123,0.0,4.0
0.2039,-1.1856853071792557,25.0,1.0,1.0,0.0,6.0,0.0,0.0,0.0,24.998747939761216,24.99874793976123,0.0,4.0
0.204,-1.1831853071792595,25.0,1.0,1.0,0.0,6.0,0.0,0.0,0.0,24.998747939761216,24.99874793976123,0.0,4.0
0.2041,-1.1806853071792627,25.0,1.0,1.0,0.0,6.0,0.0,0.0,0.0,24.998747939761216,24.99874793976123,0.0,4.0
0.2042,-1.1781853071792665,25.0,1.0,1.0,0.0,6.0,0.0,0.0,0.0,24.998747939761216,24.99874793976123,0.0,4.0
0.2043,-1.1756853071792697,25.0,1.0,1.0,0.0,6.0,0.0,0.0,0.0,24.998747939761216,24.99874793976123,0.0,4.0
0.2044,-1.1731853071792735,25.0,1.0,1.0,0.0,6.0,0.0,0.0,0.0,24.998747939761216,24.99874793976123,0.0,4.0
0.2045,-1.1706853071792773,25.0,1.0,1.0,0.0,6.0,0.0,0.0,0.0,24.998747939761216,24.99874793976123,0.0,4.0
0.2046,-1.1681853071792805,25.0,1.0,1.0,0.0,6.0,0.0,0.0,0.0,24.998747939761216,24.99874793976123,0.0,4.0
0.2047,-1.1656853071792843,25.0,1.0,1.0,0.0,6.0,0.0,0.0,0.0,24.998747939761216,24.99874793976123,0.0,4.0
0.2048,-1.1631853071792875,25.0,1.0,1.0,0.0,6.0,0.0,0.0,0.0,24.998747939761216,24.99874793976123,0.0,4.0
0.2049,-1.1606853071792913,25.0,1.0,1.0,0.0,6.0,0.0,0.0,0.0,24.998747939761216,24.99874793976123,0.0,4.0
0.205,-1.1581853071792951,25.0,1.0,1.0,0.0,6.0,0.0,0.0,0.0,24.998747939761216,24.99874793976123,0.0,4.0
0.2051,-1.1556853071792983,25.0,1.0,1.0,0.0,6.0,0.0,0.0,0.0,24.998747939761216,24.99874793976123,0.0,4.0
0.2052,-1.1531853071793021,25.0,1.0,1.0,0.0,6.0,0.0,0.0,0.0,24.998747939761216,24.99874793976123,0.0,4.0
0.2053,-1.1506853071793053,25.0,1.0,1.0,0.0,6.0,0.0,0.0,0.0,24.998747939761216,24.99874793976123,0.0,4.0
0.2054,-1.1481853071793091,25.0,1.0,1.0,0.0,6.0,0.0,0.0,0.0,24.998747939761216,24.99874793976123,0.0,4.0
0.2055,-1.145685307179313,25.0,1.0,1.0,0.0,6.0,0.0,0.0,0.0,24.998747939761216,24.99874793976123,0.0,4.0
0.2056,-1.143185307179316,25.0,1.0,1.0,0.0,6.0,0.0,0.0,0.0,24.998747939761216,24.99874793976123,0.0,4.0
0.2057,-1.14068530717932,25.0,1.0,1.0,0.0,6.0,0.0,0.0,0.0,24.998747939761216,24.99874793976123,0.0,4.0
0.2058,-1.138185307179323,25.0,1.0,1.0,0.0,6.0,0.0,0.0,0.0,24.998747939761216,24.99874793976123,0.0,4.0
0.2059,-1.135685307179327,25.0,1.0,1.0,0.0,6.0,0.0,0.0,0.0,24.998747939761216,24.99874793976123,0.0,4.0
0.206,-1.1331853071793307,25.0,1.0,1.0,0.0,6.0,0.0,0.0,0.0,24.998747939761216,24.99874793976123,0.0,4.0
0.2061,-1.130685307179334,25.0,1.0,1.0,0.0,6.0,0.0,0.0,0.0,24.998747939761216,24.99874793976123,0.0,4.0
0.2062,-1.1281853071793377,25.0,1.0,1.0,0.0,6.0,0.0,0.0,0.0,24.998747939761216,24.99874793976123,0.0,4.0
0.2063,-1.125685307179341,25.0,1.0,1.0,0.0,6.0,0.0,0.0,0.0,24.998747939761216,24.99874793976123,0.0,4.0
0.2064,-1.1231853071793447,25.0,1.0,1.0,0.0,6.0,0.0,0.0,0.0,24.998747939761216,24.99874793976123,0.0,4.0
0.2065,-1.1206853071793486,25.0,1.0,1.0,0.0,6.0,0.0,0.0,0.0,24.998747939761216,24.99874793976123,0.0,4.0
0.2066,-1.1181853071793517,25.0,1.0,1.0,0.0,6.0,0.0,0.0,0.0,24.998747939761216,24.99874793976123,0.0,4.0
0.2067,-1.1156853071793555,25.0,1.0,1.0,0.0,6.0,0.0,0.0,0.0,24.998747939761216,24.99874793976123,0.0,4.0
0.2068,-1.1131853071793587,25.0,1.0,1.0,0.0,6.0,0.0,0.0,0.0,24.998747939761216,24.99874793976123,0.0,4.0
0.2069,-1.1106853071793625,25.0,1.0,1.0,0.0,6.0,0.0,0.0,0.0,24.998747939761216,24.99874793976123,0.0,4.0
0.207,-1.1081853071793664,25.0,1.0,1.0,0.0,6.0,0.0,0.0,0.0,24.998747939761216,24.99874793976123,0.0,4.0
0.2071,-1.1056853071793695,25.0,1.0,1.0,0.0,6.0,0.0,0.0,0.0,24.998747939761216,24.99874793976123,0.0,4.0
0.2072,-1.1031853071793734,25.0,1.0,1.0,0.0,6.0,0.0,0.0,0.0,24.998747939761216,24.99874793976123,0.0,4.0
0.2073,-1.1006853071793765,25.0,1.0,1.0,0.0,6.0,0.0,0.0,0.0,24.998747939761216,24.99874793976123,0.0,4.0
0.2074,-1.0981853071793803,25.0,1.0,1.0,0.0,6.0,0.0,0.0,0.0,24.998747939761216,24.99874793976123,0.0,4.0
0.2075,-1.0956853071793842,25.0,1.0,1.0,0.0,6.0,0.0,0.0,0.0,24.998747939761216,24.99874793976123,0.0,4.0
0.2076,-1.0931853071793873,25.0,1.0,1.0,0.0,6.0,0.0,0.0,0.0,24.998747939761216,24.99874793976123,0.0,4.0
0.2077,-1.0906853071793912,25.0,1.0,1.0,0.0,6.0,0.0,0.0,0.0,24.998747939761216,24.99874793976123,0.0,4.0
0.2078,-1.0881853071793943,25.0,1.0,1.0,0.0,6.0,0.0,0.0,0.0,24.998747939761216,24.99874793976123,0.0,4.0
0.2079,-1.0856853071793982,25.0,1.0,1.0,0.0,6.0,0.0,0.0,0.0,24.998747939761216,24.99874793976123,0.0,4.0
0.208,-1.083185307179402,25.0,1.0,1.0,0.0,6.0,0.0,0.0,0.0,24.998747939761216,24.99874793976123,0.0,4.0
0.2081,-1.0806853071794051,25.0,1.0,1.0,0.0,6.0,0.0,0.0,0.0,24.998747939761216,24.99874793976123,0.0,4.0
0.2082,-1.078185307179409,25.0,1.0,1.0,0.0,6.0,0.0,0.0,0.0,24.998747939761216,24.99874793976123,0.0,4.0
0.2083,-1.0756853071794121,25.0,1.0,1.0,0.0,6.0,0.0,0.0,0.0,24.998747939761216,24.99874793976123,0.0,4.0
0.2084,-1.073185307179416,25.0,1.0,1.0,0.0,6.0,0.0,0.0,0.0,24.998747939761216,24.99874793976123,0.0,4.0
0.2085,-1.0706853071794198,25.0,1.0,1.0,0.0,6.0,0.0,0.0,0.0,24.998747939761216,24.99874793976123,0.0,4.0
0.2086,-1.068185307179423,25.0,1.0,1.0,0.0,6.0,0.0,0.0,0.0,24.998747939761216,24.99874793976123,0.0,4.0
0.2087,-1.0656853071794268,25.0,1.0,1.0,0.0,6.0,0.0,0.0,0.0,24.998747939761216,24.99874793976123,0.0,4.0
0.2088,-1.06318530717943,25.0,1.0,1.0,0.0,6.0,0.0,0.0,0.0,24.998747939761216,24.99874793976123,0.0,4.0
0.2089,-1.0606853071794338,25.0,1.0,1.0,0.0,6.0,0.0,0.0,0.0,24.998747939761216,24.99874793976123,0.0,4.0
0.209,-1.0581853071794376,25.0,1.0,1.0,0.0,6.0,0.0,0.0,0.0,24.998747939761216,24.99874793976123,0.0,4.0
0.2091,-1.0556853071794408,25.0,1.0,1.0,0.0,6.0,0.0,0.0,0.0,24.998747939761216,24.99874793976123,0.0,4.0
0.2092,-1.0531853071794446,25.0,1.0,1.0,0.0,6.0,0.0,0.0,0.0,24.998747939761216,24.99874793976123,0.0,4.0
0.2093,-1.0506853071794477,25.0,1.0,1.0,0.0,6.0,0.0,0.0,0.0,24.998747939761216,24.99874793976123,0.0,4.0
0.2094,-1.0481853071794516,25.0,1.0,1.0,0.0,6.0,0.0,0.0,0.0,24.998747939761216,24.99874793976123,0.0,4.0
0.2095,-1.0456853071794554,25.0,1.0,0.0,0.0,4.0,0.0,0.0,0.0,25.004717077282674,25.000240224141592,0.0,5.0
0.2096,-1.0431853071794586,25.0,1.0,0.0,0.0,4.0,0.0,0.0,0.0,25.004717077282674,25.000240224141592,0.0,5.0
0.2097,-1.0406853071794624,25.0,1.0,0.0,0.0,4.0,0.0,0.0,0.0,25.004717077282674,25.000240224141592,0.0,5.0
0.2098,-1.0381853071794662,25.0,1.0,0.0,0.0,4.0,0.0,0.0,0.0,25.004717077282674,25.000240224141592,0.0,5.0
0.2099,-1.0356853071794694,25.0,1.0,0.0,0.0,4.0,0.0,0.0,0.0,25.004717077282674,25.000240224141592,0.0,5.0
0.21,-1.0331853071794732,25.0,1.0,0.0,0.0,4.0,0.0,0.0,0.0,25.004717077282674,25.000240224141592,0.0,5.0
0.2101,-1.0306853071794764,25.0,1.0,0.0,0.0,4.0,0.0,0.0,0.0,25.004717077282674,25.000240224141592,0.0,5.0
0.2102,-1.0281853071794802,25.0,1.0,0.0,0.0,4.0,0.0,0.0,0.0,25.004717077282674,25.000240224141592,0.0,5.0
0.2103,-1.025685307179484,25.0,1.0,0.0,0.0,4.0,0.0,0.0,0.0,25.004717077282674,25.000240224141592,0.0,5.0
0.2104,-1.0231853071794872,25.0,1.0,0.0,0.0,4.0,0.0,0.0,0.0,25.004717077282674,25.000240224141592,0.0,5.0
0.2105,-1.020685307179491,25.0,1.0,0.0,0.0,4.0,0.0,0.0,0.0,25.004717077282674,25.000240224141592,0.0,5.0
0.2106,-1.0181853071794942,25.0,1.0,0.0,0.0,4.0,0.0,0.0,0.0,25.004717077282674,25.000240224141592,0.0,5.0
0.2107,-1.015685307179498,25.0,1.0,0.0,0.0,4.0,0.0,0.0,0.0,25.004717077282674,25.000240224141592,0.0,5.0
0.2108,-1.0131853071795018,25.0,1.0,0.0,0.0,4.0,0.0,0.0,0.0,25.004717077282674,25.000240224141592,0.0,5.0
0.2109,-1.010685307179505,25.0,1.0,0.0,0.0,4.0,0.0,0.0,0.0,25.004717077282674,25.000240224141592,0.0,5.0
0.211,-1.0081853071795088,25.0,1.0,0.0,0.0,4.0,0.0,0.0,0.0,25.004717077282674,25.000240224141592,0.0,5.0
0.2111,-1.005685307179512,25.0,1.0,0.0,0.0,4.0,0.0,0.0,0.0,25.004717077282674,25.000240224141592,0.0,5.0
0.2112,-1.0031853071795158,25.0,1.0,0.0,0.0,4.0,0.0,0.0,0.0,25.004717077282674,25.000240224141592,0.0,5.0
0.2113,-1.0006853071795196,25.0,1.0,0.0,0.0,4.0,0.0,0.0,0.0,25.004717077282674,25.000240224141592,0.0,5.0
0.2114,-0.998185307179522,25.0,1.0,0.0,0.0,4.0,0.0,0.0,0.0,25.004717077282674,25.000240224141592,0.0,5.0
0.2115,-0.9956853071795249,25.0,1.0,0.0,0.0,4.0,0.0,0.0,0.0,25.004717077282674,25.000240224141592,0.0,5.0
0.2116,-0.9931853071795269,25.0,1.0,0.0,0.0,4.0,0.0,0.0,0.0,25.004717077282674,25.000240224141592,0.0,5.0
0.2117,-0.9906853071795297,25.0,1.0,0.0,0.0,4.0,0.0,0.0,0.0,25.004717077282674,25.000240224141592,0.0,5.0
0.2118,-0.9881853071795326,25.0,1.0,0.0,0.0,4.0,0.0,0.0,0.0,25.004717077282674,25.000240224141592,0.0,5.0
0.2119,-0.9856853071795346,25.0,1.0,0.0,0.0,4.0,0.0,0.0,0.0,25.004717077282674,25.000240224141592,0.0,5.0
0.212,-0.9831853071795374,25.0,1.0,0.0,0.0,4.0,0.0,0.0,0.0,25.004717077282674,25.000240224141592,0.0,5.0
0.2121,-0.9806853071795395,25.0,1.0,0.0,0.0,4.0,0.0,0.0,0.0,25.004717077282674,25.000240224141592,0.0,5.0
0.2122,-0.9781853071795423,25.0,1.0,0.0,0.0,4.0,0.0,0.0,0.0,25.004717077282674,25.000240224141592,0.0,5.0
0.2123,-0.9756853071795452,25.0,1.0,0.0,0.0,4.0,0.0,0.0,0.0,25.004717077282674,25.000240224141592,0.0,5.0
0.2124,-0.9731853071795472,25.0,1.0,0.0,0.0,4.0,0.0,0.0,0.0,25.004717077282674,25.000240224141592,0.0,5.0
0.2125,-0.97068530717955,25.0,1.0,0.0,0.0,4.0,0.0,0.0,0.0,25.004717077282674,25.000240224141592,0.0,5.0
0.2126,-0.9681853071795521,25.0,1.0,0.0,0.0,4.0,0.0,0.0,0.0,25.004717077282674,25.000240224141592,0.0,5.0
0.2127,-0.9656853071795549,25.0,1.0,0.0,0.0,4.0,0.0,0.0,0.0,25.004717077282674,25.000240224141592,0.0,5.0
0.2128,-0.9631853071795577,25.0,1.0,0.0,0.0,4.0,0.0,0.0,0.0,25.004717077282674,25.000240224141592,0.0,5.0
0.2129,-0.9606853071795598,25.0,1.0,0.0,0.0,4.0,0.0,0.0,0.0,25.004717077282674,25.000240224141592,0.0,5.0
0.213,-0.9581853071795626,25.0,1.0,0.0,0.0,4.0,0.0,0.0,0.0,25.004717077282674,25.000240224141592,0.0,5.0
0.2131,-0.9556853071795647,25.0,1.0,0.0,0.0,4.0,0.0,0.0,0.0,25.004717077282674,25.000240224141592,0.0,5.0
0.2132,-0.9531853071795675,25.0,1.0,0.0,0.0,4.0,0.0,0.0,0.0,25.004717077282674,25.000240224141592,0.0,5.0
0.2133,-0.9506853071795703,25.0,1.0,0.0,0.0,4.0,0.0,0.0,0.0,25.004717077282674,25.000240224141592,0.0,5.0
0.2134,-0.9481853071795724,25.0,1.0,0.0,0.0,4.0,0.0,0.0,0.0,25.004717077282674,25.000240224141592,0.0,5.0
0.2135,-0.9456853071795752,25.0,1.0,0.0,0.0,4.0,0.0,0.0,0.0,25.004717077282674,25.000240224141592,0.0,5.0
0.2136,-0.9431853071795773,25.0,1.0,0.0,0.0,4.0,0.0,0.0,0.0,25.004717077282674,25.000240224141592,0.0,5.0
0.2137,-0.9406853071795801,25.0,1.0,0.0,0.0,4.0,0.0,0.0,0.0,25.004717077282674,25.000240224141592,0.0,5.0
0.2138,-0.9381853071795829,25.0,1.0,0.0,0.0,4.0,0.0,0.0,0.0,25.004717077282674,25.000240224141592,0.0,5.0
0.2139,-0.935685307179585,25.0,1.0,0.0,0.0,4.0,0.0,0.0,0.0,25.004717077282674,25.000240224141592,0.0,5.0
0.214,-0.9331853071795878,25.0,1.0,0.0,0.0,4.0,0.0,0.0,0.0,25.004717077282674,25.000240224141592,0.0,5.0
0.2141,-0.9306853071795899,25.0,1.0,0.0,0.0,4.0,0.0,0.0,0.0,25.004717077282674,25.000240224141592,0.0,5.0
0.2142,-0.9281853071795927,25.0,1.0,0.0,0.0,4.0,0.0,0.0,0.0,25.004717077282674,25.000240224141592,0.0,5.0
0.2143,-0.9256853071795955,25.0,1.0,0.0,0.0,4.0,0.0,0.0,0.0,25.004717077282674,25.000240224141592,0.0,5.0
0.2144,-0.9231853071795976,25.0,1.0,0.0,0.0,4.0,0.0,0.0,0.0,25.004717077282674,25.000240224141592,0.0,5.0
0.2145,-0.9206853071796004,25.0,1.0,0.0,0.0,4.0,0.0,0.0,0.0,25.004717077282674,25.000240224141592,0.0,5.0
0.2146,-0.9181853071796025,25.0,1.0,0.0,0.0,4.0,0.0,0.0,0.0,25.004717077282674,25.000240224141592,0.0,5.0
0.2147,-0.9156853071796053,25.0,1.0,0.0,0.0,4.0,0.0,0.0,0.0,25.004717077282674,25.000240224141592,0.0,5.0
0.2148,-0.9131853071796081,25.0,1.0,0.0,0.0,4.0,0.0,0.0,0.0,25.004717077282674,25.000240224141592,0.0,5.0
0.2149,-0.9106853071796102,25.0,1.0,0.0,0.0,4.0,0.0,0.0,0.0,25.004717077282674,25.000240224141592,0.0,5.0
0.215,-0.908185307179613,25.0,1.0,0.0,0.0,4.0,0.0,0.0,0.0,25.004717077282674,25.000240224141592,0.0,5.0
0.2151,-0.905685307179615,25.0,1.0,0.0,0.0,4.0,0.0,0.0,0.0,25.004717077282674,25.000240224141592,0.0,5.0
0.2152,-0.9031853071796179,25.0,1.0,0.0,0.0,4.0,0.0,0.0,0.0,25.004717077282674,25.000240224141592,0.0,5.0
0.2153,-0.9006853071796207,25.0,1.0,0.0,0.0,4.0,0.0,0.0,0.0,25.004717077282674,25.000240224141592,0.0,5.0
0.2154,-0.8981853071796227,25.0,1.0,0.0,0.0,4.0,0.0,0.0,0.0,25.004717077282674,25.000240224141592,0.0,5.0
0.2155,-0.8956853071796256,25.0,1.0,0.0,0.0,4.0,0.0,0.0,0.0,25.004717077282674,25.000240224141592,0.0,5.0
0.2156,-0.8931853071796276,25.0,1.0,0.0,0.0,4.0,0.0,0.0,0.0,25.004717077282674,25.000240224141592,0.0,5.0
0.2157,-0.8906853071796305,25.0,1.0,0.0,0.0,4.0,0.0,0.0,0.0,25.004717077282674,25.000240224141592,0.0,5.0
0.2158,-0.8881853071796333,25.0,1.0,0.0,0.0,4.0,0.0,0.0,0.0,25.004717077282674,25.000240224141592,0.0,5.0
0.2159,-0.8856853071796353,25.0,1.0,0.0,0.0,4.0,0.0,0.0,0.0,25.004717077282674,25.000240224141592,0.0,5.0
0.216,-0.8831853071796382,25.0,1.0,0.0,0.0,4.0,0.0,0.0,0.0,25.004717077282674,25.000240224141592,0.0,5.0
0.2161,-0.880685307179641,25.0,1.0,0.0,0.0,4.0,0.0,0.0,0.0,25.004717077282674,25.000240224141592,0.0,5.0
0.2162,-0.878185307179643,25.0,1.0,0.0,0.0,4.0,0.0,0.0,0.0,25.004717077282674,25.000240224141592,0.0,5.0
0.2163,-0.8756853071796459,25.0,1.0,0.0,0.0,4.0,0.0,0.0,0.0,25.004717077282674,25.000240224141592,0.0,5.0
0.2164,-0.8731853071796479,25.0,1.0,0.0,0.0,4.0,0.0,0.0,0.0,25.004717077282674,25.000240224141592,0.0,5.0
0.2165,-0.8706853071796508,25.0,1.0,0.0,0.0,4.0,0.0,0.0,0.0,25.004717077282674,25.000240224141592,0.0,5.0
0.2166,-0.8681853071796536,25.0,1.0,0.0,0.0,4.0,0.0,0.0,0.0,25.004717077282674,25.000240224141592,0.0,5.0
0.2167,-0.8656853071796556,25.0,1.0,0.0,0.0,4.0,0.0,0.0,0.0,25.004717077282674,25.000240224141592,0.0,5.0
0.2168,-0.8631853071796585,25.0,1.0,0.0,0.0,4.0,0.0,0.0,0.0,25.004717077282674,25.000240224141592,0.0,5.0
0.2169,-0.8606853071796605,25.0,1.0,0.0,0.0,4.0,0.0,0.0,0.0,25.004717077282674,25.000240224141592,0.0,5.0
0.217,-0.8581853071796633,25.0,1.0,0.0,0.0,4.0,0.0,0.0,0.0,25.004717077282674,25.000240224141592,0.0,5.0
0.2171,-0.8556853071796662,25.0,1.0,0.0,0.0,4.0,0.0,0.0,0.0,25.004717077282674,25.000240224141592,0.0,5.0
0.2172,-0.8531853071796682,25.0,1.0,0.0,0.0,4.0,0.0,0.0,0.0,25.004717077282674,25.000240224141592,0.0,5.0
0.2173,-0.8506853071796711,25.0,1.0,0.0,0.0,4.0,0.0,0.0,0.0,25.004717077282674,25.000240224141592,0.0,5.0
0.2174,-0.8481853071796731,25.0,1.0,0.0,0.0,4.0,0.0,0.0,0.0,25.004717077282674,25.000240224141592,0.0,5.0
0.2175,-0.8456853071796759,25.0,1.0,0.0,0.0,4.0,0.0,0.0,0.0,25.004717077282674,25.000240224141592,0.0,5.0
0.2176,-0.8431853071796788,25.0,1.0,0.0,0.0,4.0,0.0,0.0,0.0,25.004717077282674,25.000240224141592,0.0,5.0
0.2177,-0.8406853071796808,25.0,1.0,0.0,0.0,4.0,0.0,0.0,0.0,25.004717077282674,25.000240224141592,0.0,5.0
0.2178,-0.8381853071796836,25.0,1.0,0.0,0.0,4.0,0.0,0.0,0.0,25.004717077282674,25.000240224141592,0.0,5.0
0.2179,-0.8356853071796857,25.0,1.0,0.0,0.0,4.0,0.0,0.0,0.0,25.004717077282674,25.000240224141592,0.0,5.0
0.218,-0.8331853071796885,25.0,1.0,0.0,0.0,4.0,0.0,0.0,0.0,25.004717077282674,25.000240224141592,0.0,5.0
0.2181,-0.8306853071796914,25.0,1.0,0.0,0.0,4.0,0.0,0.0,0.0,25.004717077282674,25.000240224141592,0.0,5.0
0.2182,-0.8281853071796934,25.0,1.0,0.0,0.0,4.0,0.0,0.0,0.0,25.004717077282674,25.000240224141592,0.0,5.0
0.2183,-0.8256853071796962,25.0,1.0,0.0,0.0,4.0,0.0,0.0,0.0,25.004717077282674,25.000240224141592,0.0,5.0
0.2184,-0.8231853071796983,25.0,1.0,0.0,0.0,4.0,0.0,0.0,0.0,25.004717077282674,25.000240224141592,0.0,5.0
0.2185,-0.8206853071797011,25.0,1.0,0.0,0.0,4.0,0.0,0.0,0.0,25.004717077282674,25.000240224141592,0.0,5.0
0.2186,-0.818185307179704,25.0,1.0,0.0,0.0,4.0,0.0,0.0,0.0,25.004717077282674,25.000240224141592,0.0,5.0
0.2187,-0.815685307179706,25.0,1.0,0.0,0.0,4.0,0.0,0.0,0.0,25.004717077282674,25.000240224141592,0.0,5.0
0.2188,-0.8131853071797088,25.0,1.0,0.0,0.0,4.0,0.0,0.0,0.0,25.004717077282674,25.000240224141592,0.0,5.0
0.2189,-0.8106853071797109,25.0,1.0,0.0,0.0,4.0,0.0,0.0,0.0,25.004717077282674,25.000240224141592,0.0,5.0
0.219,-0.8081853071797137,25.0,1.0,0.0,0.0,4.0,0.0,0.0,0.0,25.004717077282674,25.000240224141592,0.0,5.0
0.2191,-0.8056853071797165,25.0,1.0,0.0,0.0,4.0,0.0,0.0,0.0,25.004717077282674,25.000240224141592,0.0,5.0
0.2192,-0.8031853071797186,25.0,1.0,0.0,0.0,4.0,0.0,0.0,0.0,25.004717077282674,25.000240224141592,0.0,5.0
0.2193,-0.8006853071797214,25.0,1.0,0.0,0.0,4.0,0.0,0.0,0.0,25.004717077282674,25.000240224141592,0.0,5.0
0.2194,-0.7981853071797235,25.0,1.0,0.0,0.0,4.0,0.0,0.0,0.0,25.004717077282674,25.000240224141592,0.0,5.0
0.2195,-0.7956853071797263,25.0,1.0,0.0,0.0,4.0,0.0,0.0,0.0,25.004717077282674,25.000240224141592,0.0,5.0
0.2196,-0.7931853071797291,25.0,1.0,0.0,0.0,4.0,0.0,0.0,0.0,25.004717077282674,25.000240224141592,0.0,5.0
0.2197,-0.7906853071797312,25.0,1.0,0.0,0.0,4.0,0.0,0.0,0.0,25.004717077282674,25.000240224141592,0.0,5.0
0.2198,-0.788185307179734,25.0,1.0,0.0,0.0,4.0,0.0,0.0,0.0,25.004717077282674,25.000240224141592,0.0,5.0
0.2199,-0.7856853071797361,25.0,1.0,0.0,0.0,4.0,0.0,0.0,0.0,25.004717077282674,25.000240224141592,0.0,5.0
0.22,-0.7831853071797389,25.0,1.0,0.0,0.0,4.0,0.0,0.0,0.0,25.004717077282674,25.000240224141592,0.0,5.0
0.2201,-0.7806853071797417,25.0,1.0,0.0,0.0,4.0,0.0,0.0,0.0,25.004717077282674,25.000240224141592,0.0,5.0
0.2202,-0.7781853071797438,25.0,1.0,0.0,0.0,4.0,0.0,0.0,0.0,25.004717077282674,25.000240224141592,0.0,5.0
0.2203,-0.7756853071797466,25.0,1.0,0.0,0.0,4.0,0.0,0.0,0.0,25.004717077282674,25.000240224141592,0.0,5.0
0.2204,-0.7731853071797486,25.0,1.0,0.0,0.0,4.0,0.0,0.0,0.0,25.004717077282674,25.000240224141592,0.0,5.0
0.2205,-0.7706853071797515,25.0,1.0,0.0,0.0,4.0,0.0,0.0,0.0,25.004717077282674,25.000240224141592,0.0,5.0
0.2206,-0.7681853071797543,25.0,1.0,0.0,0.0,4.0,0.0,0.0,0.0,25.004717077282674,25.000240224141592,0.0,5.0
0.2207,-0.7656853071797564,25.0,1.0,0.0,0.0,4.0,0.0,0.0,0.0,25.004717077282674,25.000240224141592,0.0,5.0
0.2208,-0.7631853071797592,25.0,1.0,0.0,0.0,4.0,0.0,0.0,0.0,25.004717077282674,25.000240224141592,0.0,5.0
0.2209,-0.7606853071797612,25.0,1.0,0.0,0.0,4.0,0.0,0.0,0.0,25.004717077282674,25.000240224141592,0.0,5.0
0.221,-0.7581853071797641,25.0,1.0,0.0,0.0,4.0,0.0,0.0,0.0,25.004717077282674,25.000240224141592,0.0,5.0
0.2211,-0.7556853071797669,25.0,1.0,0.0,0.0,4.0,0.0,0.0,0.0,25.004717077282674,25.000240224141592,0.0,5.0
0.2212,-0.753185307179769,25.0,1.0,0.0,0.0,4.0,0.0,0.0,0.0,25.004717077282674,25.000240224141592,0.0,5.0
0.2213,-0.7506853071797718,25.0,1.0,0.0,0.0,4.0,0.0,0.0,0.0,25.004717077282674,25.000240224141592,0.0,5.0
0.2214,-0.7481853071797738,25.0,1.0,0.0,0.0,4.0,0.0,0.0,0.0,25.004717077282674,25.000240224141592,0.0,5.0
0.2215,-0.7456853071797767,25.0,1.0,0.0,0.0,4.0,0.0,0.0,0.0,25.004717077282674,25.000240224141592,0.0,5.0
0.2216,-0.7431853071797795,25.0,1.0,0.0,0.0,4.0,0.0,0.0,0.0,25.004717077282674,25.000240224141592,0.0,5.0
0.2217,-0.7406853071797815,25.0,1.0,0.0,0.0,4.0,0.0,0.0,0.0,25.004717077282674,25.000240224141592,0.0,5.0
0.2218,-0.7381853071797844,25.0,1.0,0.0,0.0,4.0,0.0,0.0,0.0,25.004717077282674,25.000240224141592,0.0,5.0
0.2219,-0.7356853071797872,25.0,1.0,0.0,0.0,4.0,0.0,0.0,0.0,25.004717077282674,25.000240224141592,0.0,5.0
0.222,-0.7331853071797892,25.0,1.0,0.0,0.0,4.0,0.0,0.0,0.0,25.004717077282674,25.000240224141592,0.0,5.0
0.2221,-0.7306853071797921,25.0,1.0,0.0,0.0,4.0,0.0,0.0,0.0,25.004717077282674,25.000240224141592,0.0,5.0
0.2222,-0.7281853071797941,25.0,1.0,0.0,0.0,4.0,0.0,0.0,0.0,25.004717077282674,25.000240224141592,0.0,5.0
0.2223,-0.725685307179797,25.0,1.0,0.0,0.0,4.0,0.0,0.0,0.0,25.004717077282674,25.000240224141592,0.0,5.0
0.2224,-0.7231853071797998,25.0,1.0,0.0,0.0,4.0,0.0,0.0,0.0,25.004717077282674,25.000240224141592,0.0,5.0
0.2225,-0.7206853071798018,25.0,1.0,0.0,0.0,4.0,0.0,0.0,0.0,25.004717077282674,25.000240224141592,0.0,5.0
0.2226,-0.7181853071798047,25.0,1.0,0.0,0.0,4.0,0.0,0.0,0.0,25.004717077282674,25.000240224141592,0.0,5.0
0.2227,-0.7156853071798067,25.0,1.0,0.0,0.0,4.0,0.0,0.0,0.0,25.004717077282674,25.000240224141592,0.0,5.0
0.2228,-0.7131853071798095,25.0,1.0,0.0,0.0,4.0,0.0,0.0,0.0,25.004717077282674,25.000240224141592,0.0,5.0
0.2229,-0.7106853071798124,25.0,1.0,0.0,0.0,4.0,0.0,0.0,0.0,25.004717077282674,25.000240224141592,0.0,5.0
0.223,-0.7081853071798144,25.0,1.0,0.0,0.0,4.0,0.0,0.0,0.0,25.004717077282674,25.000240224141592,0.0,5.0
0.2231,-0.7056853071798173,25.0,1.0,0.0,0.0,4.0,0.0,0.0,0.0,25.004717077282674,25.000240224141592,0.0,5.0
0.2232,-0.7031853071798193,25.0,1.0,0.0,0.0,4.0,0.0,0.0,0.0,25.004717077282674,25.000240224141592,0.0,5.0
0.2233,-0.7006853071798221,25.0,1.0,0.0,0.0,4.0,0.0,0.0,0.0,25.004717077282674,25.000240224141592,0.0,5.0
0.2234,-0.698185307179825,25.0,1.0,0.0,0.0,4.0,0.0,0.0,0.0,25.004717077282674,25.000240224141592,0.0,5.0
0.2235,-0.695685307179827,25.0,1.0,0.0,0.0,4.0,0.0,0.0,0.0,25.004717077282674,25.000240224141592,0.0,5.0
0.2236,-0.6931853071798298,25.0,1.0,0.0,0.0,4.0,0.0,0.0,0.0,25.004717077282674,25.000240224141592,0.0,5.0
0.2237,-0.6906853071798319,25.0,1.0,0.0,0.0,4.0,0.0,0.0,0.0,25.004717077282674,25.000240224141592,0.0,5.0
0.2238,-0.6881853071798347,25.0,1.0,0.0,0.0,4.0,0.0,0.0,0.0,25.004717077282674,25.000240224141592,0.0,5.0
0.2239,-0.6856853071798376,25.0,1.0,0.0,0.0,4.0,0.0,0.0,0.0,25.004717077282674,25.000240224141592,0.0,5.0
0.224,-0.6831853071798396,25.0,1.0,0.0,0.0,4.0,0.0,0.0,0.0,25.004717077282674,25.000240224141592,0.0,5.0
0.2241,-0.6806853071798424,25.0,1.0,0.0,0.0,4.0,0.0,0.0,0.0,25.004717077282674,25.000240224141592,0.0,5.0
0.2242,-0.6781853071798445,25.0,1.0,0.0,0.0,4.0,0.0,0.0,0.0,25.004717077282674,25.000240224141592,0.0,5.0
0.2243,-0.6756853071798473,25.0,1.0,0.0,0.0,4.0,0.0,0.0,0.0,25.004717077282674,25.000240224141592,0.0,5.0
0.2244,-0.6731853071798501,25.0,1.0,0.0,0.0,4.0,0.0,0.0,0.0,25.004717077282674,25.000240224141592,0.0,5.0
0.2245,-0.6706853071798522,25.0,1.0,0.0,0.0,4.0,0.0,0.0,0.0,25.004717077282674,25.000240224141592,0.0,5.0
0.2246,-0.668185307179855,25.0,1.0,0.0,0.0,4.0,0.0,0.0,0.0,25.004717077282674,25.000240224141592,0.0,5.0
0.2247,-0.6656853071798571,25.0,1.0,0.0,0.0,4.0,0.0,0.0,0.0,25.004717077282674,25.000240224141592,0.0,5.0
0.2248,-0.6631853071798599,25.0,1.0,0.0,0.0,4.0,0.0,0.0,0.0,25.004717077282674,25.000240224141592,0.0,5.0
0.2249,-0.6606853071798627,25.0,1.0,0.0,0.0,4.0,0.0,0.0,0.0,25.004717077282674,25.000240224141592,0.0,5.0
0.225,-0.6581853071798648,25.0,1.0,0.0,0.0,4.0,0.0,0.0,0.0,25.004717077282674,25.000240224141592,0.0,5.0
0.2251,-0.6556853071798676,25.0,1.0,0.0,0.0,4.0,0.0,0.0,0.0,25.004717077282674,25.000240224141592,0.0,5.0
0.2252,-0.6531853071798697,25.0,1.0,0.0,0.0,4.0,0.0,0.0,0.0,25.004717077282674,25.000240224141592,0.0,5.0
0.2253,-0.6506853071798725,25.0,1.0,0.0,0.0,4.0,0.0,0.0,0.0,25.004717077282674,25.000240224141592,0.0,5.0
0.2254,-0.6481853071798753,25.0,1.0,0.0,0.0,4.0,0.0,0.0,0.0,25.004717077282674,25.000240224141592,0.0,5.0
0.2255,-0.6456853071798774,25.0,1.0,0.0,0.0,4.0,0.0,0.0,0.0,25.004717077282674,25.000240224141592,0.0,5.0
0.2256,-0.6431853071798802,25.0,1.0,0.0,0.0,4.0,0.0,0.0,0.0,25.004717077282674,25.000240224141592,0.0,5.0
0.2257,-0.6406853071798823,25.0,1.0,0.0,0.0,4.0,0.0,0.0,0.0,25.004717077282674,25.000240224141592,0.0,5.0
0.2258,-0.6381853071798851,25.0,1.0,0.0,0.0,4.0,0.0,0.0,0.0,25.004717077282674,25.000240224141592,0.0,5.0
0.2259,-0.6356853071798879,25.0,1.0,0.0,0.0,4.0,0.0,0.0,0.0,25.004717077282674,25.000240224141592,0.0,5.0
0.226,-0.63318530717989,25.0,1.0,0.0,0.0,4.0,0.0,0.0,0.0,25.004717077282674,25.000240224141592,0.0,5.0
0.2261,-0.6306853071798928,25.0,1.0,0.0,0.0,4.0,0.0,0.0,0.0,25.004717077282674,25.000240224141592,0.0,5.0
0.2262,-0.6281853071798948,25.0,1.0,0.0,0.0,4.0,0.0,0.0,0.0,25.004717077282674,25.000240224141592,0.0,5.0
0.2263,-0.6256853071798977,25.0,1.0,0.0,0.0,4.0,0.0,0.0,0.0,25.004717077282674,25.000240224141592,0.0,5.0
0.2264,-0.6231853071799005,25.0,1.0,0.0,0.0,4.0,0.0,0.0,0.0,25.004717077282674,25.000240224141592,0.0,5.0
0.2265,-0.6206853071799026,25.0,1.0,0.0,0.0,4.0,0.0,0.0,0.0,25.004717077282674,25.000240224141592,0.0,5.0
0.2266,-0.6181853071799054,25.0,1.0,0.0,0.0,4.0,0.0,0.0,0.0,25.004717077282674,25.000240224141592,0.0,5.0
0.2267,-0.6156853071799074,25.0,1.0,0.0,0.0,4.0,0.0,0.0,0.0,25.004717077282674,25.000240224141592,0.0,5.0
0.2268,-0.6131853071799103,25.0,1.0,0.0,0.0,4.0,0.0,0.0,0.0,25.004717077282674,25.000240224141592,0.0,5.0
0.2269,-0.6106853071799131,25.0,1.0,0.0,0.0,4.0,0.0,0.0,0.0,25.004717077282674,25.000240224141592,0.0,5.0
0.227,-0.6081853071799151,25.0,1.0,0.0,0.0,4.0,0.0,0.0,0.0,25.004717077282674,25.000240224141592,0.0,5.0
0.2271,-0.605685307179918,25.0,1.0,0.0,0.0,4.0,0.0,0.0,0.0,25.004717077282674,25.000240224141592,0.0,5.0
0.2272,-0.60318530717992,25.0,1.0,0.0,0.0,4.0,0.0,0.0,0.0,25.004717077282674,25.000240224141592,0.0,5.0
0.2273,-0.6006853071799229,25.0,1.0,0.0,0.0,4.0,0.0,0.0,0.0,25.004717077282674,25.000240224141592,0.0,5.0
0.2274,-0.5981853071799257,25.0,1.0,0.0,0.0,4.0,0.0,0.0,0.0,25.004717077282674,25.000240224141592,0.0,5.0
0.2275,-0.5956853071799277,25.0,1.0,0.0,0.0,4.0,0.0,0.0,0.0,25.004717077282674,25.000240224141592,0.0,5.0
0.2276,-0.5931853071799306,25.0,1.0,0.0,0.0,4.0,0.0,0.0,0.0,25.004717077282674,25.000240224141592,0.0,5.0
0.2277,-0.5906853071799326,25.0,1.0,0.0,0.0,4.0,0.0,0.0,0.0,25.004717077282674,25.000240224141592,0.0,5.0
0.2278,-0.5881853071799354,25.0,1.0,0.0,0.0,4.0,0.0,0.0,0.0,25.004717077282674,25.000240224141592,0.0,5.0
0.2279,-0.5856853071799383,25.0,1.0,0.0,0.0,4.0,0.0,0.0,0.0,25.004717077282674,25.000240224141592,0.0,5.0
0.228,-0.5831853071799403,25.0,1.0,0.0,0.0,4.0,0.0,0.0,0.0,25.004717077282674,25.000240224141592,0.0,5.0
0.2281,-0.5806853071799432,25.0,1.0,0.0,0.0,4.0,0.0,0.0,0.0,25.004717077282674,25.000240224141592,0.0,5.0
0.2282,-0.578185307179946,25.0,1.0,0.0,0.0,4.0,0.0,0.0,0.0,25.004717077282674,25.000240224141592,0.0,5.0
0.2283,-0.575685307179948,25.0,1.0,0.0,0.0,4.0,0.0,0.0,0.0,25.004717077282674,25.000240224141592,0.0,5.0
0.2284,-0.5731853071799509,25.0,1.0,0.0,0.0,4.0,0.0,0.0,0.0,25.004717077282674,25.000240224141592,0.0,5.0
0.2285,-0.5706853071799529,25.0,1.0,0.0,0.0,4.0,0.0,0.0,0.0,25.004717077282674,25.000240224141592,0.0,5.0
0.2286,-0.5681853071799557,25.0,1.0,0.0,0.0,4.0,0.0,0.0,0.0,25.004717077282674,25.000240224141592,0.0,5.0
0.2287,-0.5656853071799586,25.0,1.0,0.0,0.0,4.0,0.0,0.0,0.0,25.004717077282674,25.000240224141592,0.0,5.0
0.2288,-0.5631853071799606,25.0,1.0,0.0,0.0,4.0,0.0,0.0,0.0,25.004717077282674,25.000240224141592,0.0,5.0
0.2289,-0.5606853071799635,25.0,1.0,0.0,0.0,4.0,0.0,0.0,0.0,25.004717077282674,25.000240224141592,0.0,5.0
0.229,-0.5581853071799655,25.0,1.0,0.0,0.0,4.0,0.0,0.0,0.0,25.004717077282674,25.000240224141592,0.0,5.0
0.2291,-0.5556853071799683,25.0,1.0,0.0,0.0,4.0,0.0,0.0,0.0,25.004717077282674,25.000240224141592,0.0,5.0
0.2292,-0.5531853071799712,25.0,1.0,0.0,0.0,4.0,0.0,0.0,0.0,25.004717077282674,25.000240224141592,0.0,5.0
0.2293,-0.5506853071799732,25.0,1.0,0.0,0.0,4.0,0.0,0.0,0.0,25.004717077282674,25.000240224141592,0.0,5.0
0.2294,-0.548185307179976,25.0,1.0,0.0,0.0,4.0,0.0,0.0,0.0,25.004717077282674,25.000240224141592,0.0,5.0
0.2295,-0.5456853071799781,25.0,1.0,0.0,0.0,4.0,0.0,0.0,0.0,25.004717077282674,25.000240224141592,0.0,5.0
0.2296,-0.5431853071799809,25.0,1.0,0.0,0.0,4.0,0.0,0.0,0.0,25.004717077282674,25.000240224141592,0.0,5.0
0.2297,-0.5406853071799838,25.0,1.0,0.0,0.0,4.0,0.0,0.0,0.0,25.004717077282674,25.000240224141592,0.0,5.0
0.2298,-0.5381853071799858,25.0,1.0,0.0,0.0,4.0,0.0,0.0,0.0,25.004717077282674,25.000240224141592,0.0,5.0
0.2299,-0.5356853071799886,25.0,1.0,0.0,0.0,4.0,0.0,0.0,0.0,25.004717077282674,25.000240224141592,0.0,5.0
0.23,-0.5331853071799907,25.0,1.0,0.0,0.0,4.0,0.0,0.0,0.0,25.004717077282674,25.000240224141592,0.0,5.0
0.2301,-0.5306853071799935,25.0,1.0,0.0,0.0,4.0,0.0,0.0,0.0,25.004717077282674,25.000240224141592,0.0,5.0
0.2302,-0.5281853071799963,25.0,1.0,0.0,0.0,4.0,0.0,0.0,0.0,25.004717077282674,25.000240224141592,0.0,5.0
0.2303,-0.5256853071799984,25.0,1.0,0.0,0.0,4.0,0.0,0.0,0.0,25.004717077282674,25.000240224141592,0.0,5.0
0.2304,-0.5231853071800012,25.0,1.0,0.0,0.0,4.0,0.0,0.0,0.0,25.004717077282674,25.000240224141592,0.0,5.0
0.2305,-0.5206853071800033,25.0,1.0,0.0,0.0,4.0,0.0,0.0,0.0,25.004717077282674,25.000240224141592,0.0,5.0
0.2306,-0.5181853071800061,25.0,1.0,0.0,0.0,4.0,0.0,0.0,0.0,25.004717077282674,25.000240224141592,0.0,5.0
0.2307,-0.5156853071800089,25.0,1.0,0.0,0.0,4.0,0.0,0.0,0.0,25.004717077282674,25.000240224141592,0.0,5.0
0.2308,-0.513185307180011,25.0,1.0,0.0,0.0,4.0,0.0,0.0,0.0,25.004717077282674,25.000240224141592,0.0,5.0
0.2309,-0.5106853071800138,25.0,1.0,0.0,0.0,4.0,0.0,0.0,0.0,25.004717077282674,25.000240224141592,0.0,5.0
0.231,-0.5081853071800159,25.0,1.0,0.0,0.0,4.0,0.0,0.0,0.0,25.004717077282674,25.000240224141592,0.0,5.0
0.2311,-0.5056853071800187,25.0,1.0,0.0,0.0,4.0,0.0,0.0,0.0,25.004717077282674,25.000240224141592,0.0,5.0
0.2312,-0.5031853071800215,25.0,1.0,0.0,0.0,4.0,0.0,0.0,0.0,25.004717077282674,25.000240224141592,0.0,5.0
0.2313,-0.5006853071800236,25.0,1.0,0.0,0.0,4.0,0.0,0.0,0.0,25.004717077282674,25.000240224141592,0.0,5.0
0.2314,-0.49818530718002635,25.0,1.0,0.0,0.0,4.0,0.0,0.0,0.0,25.004717077282674,25.000240224141592,0.0,5.0
0.2315,-0.4956853071800285,25.0,1.0,0.0,0.0,4.0,0.0,0.0,0.0,25.004717077282674,25.000240224141592,0.0,5.0
0.2316,-0.49318530718003134,25.0,1.0,0.0,0.0,4.0,0.0,0.0,0.0,25.004717077282674,25.000240224141592,0.0,5.0
0.2317,-0.49068530718003417,25.0,1.0,0.0,0.0,4.0,0.0,0.0,0.0,25.004717077282674,25.000240224141592,0.0,5.0
0.2318,-0.48818530718003633,25.0,1.0,0.0,0.0,4.0,0.0,0.0,0.0,25.004717077282674,25.000240224141592,0.0,5.0
0.2319,-0.48568530718003916,25.0,1.0,0.0,0.0,4.0,0.0,0.0,0.0,25.004717077282674,25.000240224141592,0.0,5.0
0.232,-0.4831853071800413,25.0,1.0,0.0,0.0,4.0,0.0,0.0,0.0,25.004717077282674,25.000240224141592,0.0,5.0
0.2321,-0.48068530718004415,25.0,1.0,0.0,0.0,4.0,0.0,0.0,0.0,25.004717077282674,25.000240224141592,0.0,5.0
0.2322,-0.478185307180047,25.0,1.0,0.0,0.0,4.0,0.0,0.0,0.0,25.004717077282674,25.000240224141592,0.0,5.0
0.2323,-0.47568530718004914,25.0,1.0,0.0,0.0,4.0,0.0,0.0,0.0,25.004717077282674,25.000240224141592,0.0,5.0
0.2324,-0.473185307180052,25.0,1.0,0.0,0.0,4.0,0.0,0.0,0.0,25.004717077282674,25.000240224141592,0.0,5.0
0.2325,-0.47068530718005414,25.0,1.0,0.0,0.0,4.0,0.0,0.0,0.0,25.004717077282674,25.000240224141592,0.0,5.0
0.2326,-0.46818530718005696,25.0,1.0,0.0,0.0,4.0,0.0,0.0,0.0,25.004717077282674,25.000240224141592,0.0,5.0
0.2327,-0.4656853071800598,25.0,1.0,0.0,0.0,4.0,0.0,0.0,0.0,25.004717077282674,25.000240224141592,0.0,5.0
0.2328,-0.46318530718006196,25.0,1.0,0.0,0.0,4.0,0.0,0.0,0.0,25.004717077282674,25.000240224141592,0.0,5.0
0.2329,-0.4606853071800648,25.0,1.0,0.0,0.0,4.0,0.0,0.0,0.0,25.004717077282674,25.000240224141592,0.0,5.0
0.233,-0.45818530718006695,25.0,1.0,0.0,0.0,4.0,0.0,0.0,0.0,25.004717077282674,25.000240224141592,0.0,5.0
0.2331,-0.4556853071800698,25.0,1.0,0.0,0.0,4.0,0.0,0.0,0.0,25.004717077282674,25.000240224141592,0.0,5.0
0.2332,-0.4531853071800726,25.0,1.0,0.0,0.0,4.0,0.0,0.0,0.0,25.004717077282674,25.000240224141592,0.0,5.0
0.2333,-0.45068530718007477,25.0,1.0,0.0,0.0,4.0,0.0,0.0,0.0,25.004717077282674,25.000240224141592,0.0,5.0
0.2334,-0.4481853071800776,25.0,1.0,0.0,0.0,4.0,0.0,0.0,0.0,25.004717077282674,25.000240224141592,0.0,5.0
0.2335,-0.44568530718007976,25.0,1.0,0.0,0.0,4.0,0.0,0.0,0.0,25.004717077282674,25.000240224141592,0.0,5.0
0.2336,-0.4431853071800826,25.0,1.0,0.0,0.0,4.0,0.0,0.0,0.0,25.004717077282674,25.000240224141592,0.0,5.0
0.2337,-0.4406853071800854,25.0,1.0,0.0,0.0,4.0,0.0,0.0,0.0,25.004717077282674,25.000240224141592,0.0,5.0
0.2338,-0.4381853071800876,25.0,1.0,0.0,0.0,4.0,0.0,0.0,0.0,25.004717077282674,25.000240224141592,0.0,5.0
0.2339,-0.4356853071800904,25.0,1.0,0.0,0.0,4.0,0.0,0.0,0.0,25.004717077282674,25.000240224141592,0.0,5.0
0.234,-0.43318530718009257,25.0,1.0,0.0,0.0,4.0,0.0,0.0,0.0,25.004717077282674,25.000240224141592,0.0,5.0
0.2341,-0.4306853071800954,25.0,1.0,0.0,0.0,4.0,0.0,0.0,0.0,25.004717077282674,25.000240224141592,0.0,5.0
0.2342,-0.42818530718009823,25.0,1.0,0.0,0.0,4.0,0.0,0.0,0.0,25.004717077282674,25.000240224141592,0.0,5.0
0.2343,-0.4256853071801004,25.0,1.0,0.0,0.0,4.0,0.0,0.0,0.0,25.004717077282674,25.000240224141592,0.0,5.0
0.2344,-0.4231853071801032,25.0,1.0,0.0,0.0,4.0,0.0,0.0,0.0,25.004717077282674,25.000240224141592,0.0,5.0
0.2345,-0.42068530718010605,25.0,1.0,0.0,0.0,4.0,0.0,0.0,0.0,25.004717077282674,25.000240224141592,0.0,5.0
0.2346,-0.4181853071801082,25.0,1.0,0.0,0.0,4.0,0.0,0.0,0.0,25.004717077282674,25.000240224141592,0.0,5.0
0.2347,-0.41568530718011104,25.0,1.0,0.0,0.0,4.0,0.0,0.0,0.0,25.004717077282674,25.000240224141592,0.0,5.0
0.2348,-0.4131853071801132,25.0,1.0,0.0,0.0,4.0,0.0,0.0,0.0,25.004717077282674,25.000240224141592,0.0,5.0
0.2349,-0.41068530718011603,25.0,1.0,0.0,0.0,4.0,0.0,0.0,0.0,25.004717077282674,25.000240224141592,0.0,5.0
0.235,-0.40818530718011886,25.0,1.0,0.0,0.0,4.0,0.0,0.0,0.0,25.004717077282674,25.000240224141592,0.0,5.0
0.2351,-0.405685307180121,25.0,1.0,0.0,0.0,4.0,0.0,0.0,0.0,25.004717077282674,25.000240224141592,0.0,5.0
0.2352,-0.40318530718012385,25.0,1.0,0.0,0.0,4.0,0.0,0.0,0.0,25.004717077282674,25.000240224141592,0.0,5.0
0.2353,-0.400685307180126,25.0,1.0,0.0,0.0,4.0,0.0,0.0,0.0,25.004717077282674,25.000240224141592,0.0,5.0
0.2354,-0.39818530718012884,25.0,1.0,0.0,0.0,4.0,0.0,0.0,0.0,25.004717077282674,25.000240224141592,0.0,5.0
0.2355,-0.3956853071801317,25.0,1.0,0.0,0.0,4.0,0.0,0.0,0.0,25.004717077282674,25.000240224141592,0.0,5.0
0.2356,-0.39318530718013384,25.0,1.0,0.0,0.0,4.0,0.0,0.0,0.0,25.004717077282674,25.000240224141592,0.0,5.0
0.2357,-0.39068530718013667,25.0,1.0,0.0,0.0,4.0,0.0,0.0,0.0,25.004717077282674,25.000240224141592,0.0,5.0
0.2358,-0.3881853071801388,25.0,1.0,0.0,0.0,4.0,0.0,0.0,0.0,25.004717077282674,25.000240224141592,0.0,5.0
0.2359,-0.38568530718014166,25.0,1.0,0.0,0.0,4.0,0.0,0.0,0.0,25.004717077282674,25.000240224141592,0.0,5.0
0.236,-0.3831853071801445,25.0,1.0,0.0,0.0,4.0,0.0,0.0,0.0,25.004717077282674,25.000240224141592,0.0,5.0
0.2361,-0.38068530718014665,25.0,1.0,0.0,0.0,4.0,0.0,0.0,0.0,25.004717077282674,25.000240224141592,0.0,5.0
0.2362,-0.3781853071801495,25.0,1.0,0.0,0.0,4.0,0.0,0.0,0.0,25.004717077282674,25.000240224141592,0.0,5.0
0.2363,-0.37568530718015164,25.0,1.0,0.0,0.0,4.0,0.0,0.0,0.0,25.004717077282674,25.000240224141592,0.0,5.0
0.2364,-0.37318530718015447,25.0,1.0,0.0,0.0,4.0,0.0,0.0,0.0,25.004717077282674,25.000240224141592,0.0,5.0
0.2365,-0.3706853071801573,25.0,1.0,0.0,0.0,4.0,0.0,0.0,0.0,25.004717077282674,25.000240224141592,0.0,5.0
0.2366,-0.36818530718015946,25.0,1.0,0.0,0.0,4.0,0.0,0.0,0.0,25.004717077282674,25.000240224141592,0.0,5.0
0.2367,-0.3656853071801623,25.0,1.0,0.0,0.0,4.0,0.0,0.0,0.0,25.004717077282674,25.000240224141592,0.0,5.0
0.2368,-0.36318530718016445,25.0,1.0,0.0,0.0,4.0,0.0,0.0,0.0,25.004717077282674,25.000240224141592,0.0,5.0
0.2369,-0.3606853071801673,25.0,1.0,0.0,0.0,4.0,0.0,0.0,0.0,25.004717077282674,25.000240224141592,0.0,5.0
0.237,-0.3581853071801701,25.0,1.0,0.0,0.0,4.0,0.0,0.0,0.0,25.004717077282674,25.000240224141592,0.0,5.0
0.2371,-0.35568530718017227,25.0,1.0,0.0,0.0,4.0,0.0,0.0,0.0,25.004717077282674,25.000240224141592,0.0,5.0
0.2372,-0.3531853071801751,25.0,1.0,0.0,0.0,4.0,0.0,0.0,0.0,25.004717077282674,25.000240224141592,0.0,5.0
0.2373,-0.35068530718017726,25.0,1.0,0.0,0.0,4.0,0.0,0.0,0.0,25.004717077282674,25.000240224141592,0.0,5.0
0.2374,-0.3481853071801801,25.0,1.0,0.0,0.0,4.0,0.0,0.0,0.0,25.004717077282674,25.000240224141592,0.0,5.0
0.2375,-0.3456853071801829,25.0,1.0,0.0,0.0,4.0,0.0,0.0,0.0,25.004717077282674,25.000240224141592,0.0,5.0
0.2376,-0.3431853071801851,25.0,1.0,0.0,0.0,4.0,0.0,0.0,0.0,25.004717077282674,25.000240224141592,0.0,5.0
0.2377,-0.3406853071801879,25.0,1.0,0.0,0.0,4.0,0.0,0.0,0.0,25.004717077282674,25.000240224141592,0.0,5.0
0.2378,-0.3381853071801901,25.0,1.0,0.0,0.0,4.0,0.0,0.0,0.0,25.004717077282674,25.000240224141592,0.0,5.0
0.2379,-0.3356853071801929,25.0,1.0,0.0,0.0,4.0,0.0,0.0,0.0,25.004717077282674,25.000240224141592,0.0,5.0
0.238,-0.33318530718019573,25.0,1.0,0.0,0.0,4.0,0.0,0.0,0.0,25.004717077282674,25.000240224141592,0.0,5.0
0.2381,-0.3306853071801979,25.0,1.0,0.0,0.0,4.0,0.0,0.0,0.0,25.004717077282674,25.000240224141592,0.0,5.0
0.2382,-0.3281853071802007,25.0,1.0,0.0,0.0,4.0,0.0,0.0,0.0,25.004717077282674,25.000240224141592,0.0,5.0
0.2383,-0.3256853071802029,25.0,1.0,0.0,0.0,4.0,0.0,0.0,0.0,25.004717077282674,25.000240224141592,0.0,5.0
0.2384,-0.3231853071802057,25.0,1.0,0.0,0.0,4.0,0.0,0.0,0.0,25.004717077282674,25.000240224141592,0.0,5.0
0.2385,-0.32068530718020855,25.0,1.0,0.0,0.0,4.0,0.0,0.0,0.0,25.004717077282674,25.000240224141592,0.0,5.0
0.2386,-0.3181853071802107,25.0,1.0,0.0,0.0,4.0,0.0,0.0,0.0,25.004717077282674,25.000240224141592,0.0,5.0
0.2387,-0.31568530718021354,25.0,1.0,0.0,0.0,4.0,0.0,0.0,0.0,25.004717077282674,25.000240224141592,0.0,5.0
0.2388,-0.3131853071802157,25.0,1.0,0.0,0.0,4.0,0.0,0.0,0.0,25.004717077282674,25.000240224141592,0.0,5.0
0.2389,-0.31068530718021853,25.0,1.0,0.0,0.0,4.0,0.0,0.0,0.0,25.004717077282674,25.000240224141592,0.0,5.0
0.239,-0.30818530718022136,25.0,1.0,0.0,0.0,4.0,0.0,0.0,0.0,25.004717077282674,25.000240224141592,0.0,5.0
0.2391,-0.3056853071802235,25.0,1.0,0.0,0.0,4.0,0.0,0.0,0.0,25.004717077282674,25.000240224141592,0.0,5.0
0.2392,-0.30318530718022635,25.0,1.0,0.0,0.0,4.0,0.0,0.0,0.0,25.004717077282674,25.000240224141592,0.0,5.0
0.2393,-0.3006853071802285,25.0,1.0,0.0,0.0,4.0,0.0,0.0,0.0,25.004717077282674,25.000240224141592,0.0,5.0
0.2394,-0.29818530718023134,25.0,1.0,0.0,0.0,4.0,0.0,0.0,0.0,25.004717077282674,25.000240224141592,0.0,5.0
0.2395,-0.29568530718023417,25.0,1.0,0.0,0.0,4.0,0.0,0.0,0.0,25.004717077282674,25.000240224141592,0.0,5.0
0.2396,-0.29318530718023633,25.0,1.0,0.0,0.0,4.0,0.0,0.0,0.0,25.004717077282674,25.000240224141592,0.0,5.0
0.2397,-0.29068530718023916,25.0,1.0,0.0,0.0,4.0,0.0,0.0,0.0,25.004717077282674,25.000240224141592,0.0,5.0
0.2398,-0.2881853071802413,25.0,1.0,0.0,0.0,4.0,0.0,0.0,0.0,25.004717077282674,25.000240224141592,0.0,5.0
0.2399,-0.28568530718024415,25.0,1.0,0.0,0.0,4.0,0.0,0.0,0.0,25.004717077282674,25.000240224141592,0.0,5.0
0.24,-0.283185307180247,25.0,1.0,0.0,0.0,4.0,0.0,0.0,0.0,25.004717077282674,25.000240224141592,0.0,5.0
0.2401,-0.28068530718024914,25.0,1.0,0.0,0.0,4.0,0.0,0.0,0.0,25.004717077282674,25.000240224141592,0.0,5.0
0.2402,-0.278185307180252,25.0,1.0,0.0,0.0,4.0,0.0,0.0,0.0,25.004717077282674,25.000240224141592,0.0,5.0
0.2403,-0.27568530718025414,25.0,1.0,0.0,0.0,4.0,0.0,0.0,0.0,25.004717077282674,25.000240224141592,0.0,5.0
0.2404,-0.27318530718025696,25.0,1.0,0.0,0.0,4.0,0.0,0.0,0.0,25.004717077282674,25.000240224141592,0.0,5.0
0.2405,-0.2706853071802598,25.0,1.0,0.0,0.0,4.0,0.0,0.0,0.0,25.004717077282674,25.000240224141592,0.0,5.0
0.2406,-0.26818530718026196,25.0,1.0,0.0,0.0,4.0,0.0,0.0,0.0,25.004717077282674,25.000240224141592,0.0,5.0
0.2407,-0.2656853071802648,25.0,1.0,0.0,0.0,4.0,0.0,0.0,0.0,25.004717077282674,25.000240224141592,0.0,5.0
0.2408,-0.2631853071802676,25.0,1.0,0.0,0.0,4.0,0.0,0.0,0.0,25.004717077282674,25.000240224141592,0.0,5.0
0.2409,-0.2606853071802698,25.0,1.0,0.0,0.0,4.0,0.0,0.0,0.0,25.004717077282674,25.000240224141592,0.0,5.0
0.241,-0.2581853071802726,25.0,1.0,0.0,0.0,4.0,0.0,0.0,0.0,25.004717077282674,25.000240224141592,0.0,5.0
0.2411,-0.25568530718027477,25.0,1.0,0.0,0.0,4.0,0.0,0.0,0.0,25.004717077282674,25.000240224141592,0.0,5.0
0.2412,-0.2531853071802776,25.0,1.0,0.0,0.0,4.0,0.0,0.0,0.0,25.004717077282674,25.000240224141592,0.0,5.0
0.2413,-0.2506853071802804,25.0,1.0,0.0,0.0,4.0,0.0,0.0,0.0,25.004717077282674,25.000240224141592,0.0,5.0
0.2414,-0.24818530718028234,25.0,1.0,0.0,0.0,4.0,0.0,0.0,0.0,25.004717077282674,25.000240224141592,0.0,5.0
0.2415,-0.24568530718028486,25.0,1.0,0.0,0.0,4.0,0.0,0.0,0.0,25.004717077282674,25.000240224141592,0.0,5.0
0.2416,-0.2431853071802867,25.0,1.0,0.0,0.0,4.0,0.0,0.0,0.0,25.004717077282674,25.000240224141592,0.0,5.0
0.2417,-0.24068530718028922,25.0,1.0,0.0,0.0,4.0,0.0,0.0,0.0,25.004717077282674,25.000240224141592,0.0,5.0
0.2418,-0.23818530718029174,25.0,1.0,0.0,0.0,4.0,0.0,0.0,0.0,25.004717077282674,25.000240224141592,0.0,5.0
0.2419,-0.23568530718029357,25.0,1.0,0.0,0.0,4.0,0.0,0.0,0.0,25.004717077282674,25.000240224141592,0.0,5.0
0.242,-0.2331853071802961,25.0,1.0,0.0,0.0,4.0,0.0,0.0,0.0,25.004717077282674,25.000240224141592,0.0,5.0
0.2421,-0.23068530718029792,25.0,1.0,0.0,0.0,4.0,0.0,0.0,0.0,25.004717077282674,25.000240224141592,0.0,5.0
0.2422,-0.22818530718030045,25.0,1.0,0.0,0.0,4.0,0.0,0.0,0.0,25.004717077282674,25.000240224141592,0.0,5.0
0.2423,-0.22568530718030297,25.0,1.0,0.0,0.0,4.0,0.0,0.0,0.0,25.004717077282674,25.000240224141592,0.0,5.0
0.2424,-0.2231853071803048,25.0,1.0,0.0,0.0,4.0,0.0,0.0,0.0,25.004717077282674,25.000240224141592,0.0,5.0
0.2425,-0.22068530718030732,25.0,1.0,0.0,0.0,4.0,0.0,0.0,0.0,25.004717077282674,25.000240224141592,0.0,5.0
0.2426,-0.21818530718030915,25.0,1.0,0.0,0.0,4.0,0.0,0.0,0.0,25.004717077282674,25.000240224141592,0.0,5.0
0.2427,-0.21568530718031168,25.0,1.0,0.0,0.0,4.0,0.0,0.0,0.0,25.004717077282674,25.000240224141592,0.0,5.0
0.2428,-0.2131853071803142,25.0,1.0,0.0,0.0,4.0,0.0,0.0,0.0,25.004717077282674,25.000240224141592,0.0,5.0
0.2429,-0.21068530718031603,25.0,1.0,0.0,0.0,4.0,0.0,0.0,0.0,25.004717077282674,25.000240224141592,0.0,5.0
0.243,-0.20818530718031855,25.0,1.0,0.0,0.0,4.0,0.0,0.0,0.0,25.004717077282674,25.000240224141592,0.0,5.0
0.2431,-0.20568530718032038,25.0,1.0,0.0,0.0,4.0,0.0,0.0,0.0,25.004717077282674,25.000240224141592,0.0,5.0
0.2432,-0.2031853071803229,25.0,1.0,0.0,0.0,4.0,0.0,0.0,0.0,25.004717077282674,25.000240224141592,0.0,5.0
0.2433,-0.20068530718032543,25.0,1.0,0.0,0.0,4.0,0.0,0.0,0.0,25.004717077282674,25.000240224141592,0.0,5.0
0.2434,-0.19818530718032726,25.0,1.0,0.0,0.0,4.0,0.0,0.0,0.0,25.004717077282674,25.000240224141592,0.0,5.0
0.2435,-0.19568530718032978,25.0,1.0,0.0,0.0,4.0,0.0,0.0,0.0,25.004717077282674,25.000240224141592,0.0,5.0
0.2436,-0.1931853071803316,25.0,1.0,0.0,0.0,4.0,0.0,0.0,0.0,25.004717077282674,25.000240224141592,0.0,5.0
0.2437,-0.19068530718033413,25.0,1.0,0.0,0.0,4.0,0.0,0.0,0.0,25.004717077282674,25.000240224141592,0.0,5.0
0.2438,-0.18818530718033666,25.0,1.0,0.0,0.0,4.0,0.0,0.0,0.0,25.004717077282674,25.000240224141592,0.0,5.0
0.2439,-0.1856853071803385,25.0,1.0,0.0,0.0,4.0,0.0,0.0,0.0,25.004717077282674,25.000240224141592,0.0,5.0
0.244,-0.183185307180341,25.0,1.0,0.0,0.0,4.0,0.0,0.0,0.0,25.004717077282674,25.000240224141592,0.0,5.0
0.2441,-0.18068530718034284,25.0,1.0,0.0,0.0,4.0,0.0,0.0,0.0,25.004717077282674,25.000240224141592,0.0,5.0
0.2442,-0.17818530718034536,25.0,1.0,0.0,0.0,4.0,0.0,0.0,0.0,25.004717077282674,25.000240224141592,0.0,5.0
0.2443,-0.1756853071803479,25.0,1.0,0.0,0.0,4.0,0.0,0.0,0.0,25.004717077282674,25.000240224141592,0.0,5.0
0.2444,-0.17318530718034972,25.0,1.0,0.0,0.0,4.0,0.0,0.0,0.0,25.004717077282674,25.000240224141592,0.0,5.0
0.2445,-0.17068530718035224,25.0,1.0,0.0,0.0,4.0,0.0,0.0,0.0,25.004717077282674,25.000240224141592,0.0,5.0
0.2446,-0.16818530718035407,25.0,1.0,0.0,0.0,4.0,0.0,0.0,0.0,25.004717077282674,25.000240224141592,0.0,5.0
0.2447,-0.1656853071803566,25.0,1.0,0.0,0.0,4.0,0.0,0.0,0.0,25.004717077282674,25.000240224141592,0.0,5.0
0.2448,-0.16318530718035912,25.0,1.0,0.0,0.0,4.0,0.0,0.0,0.0,25.004717077282674,25.000240224141592,0.0,5.0
0.2449,-0.16068530718036095,25.0,1.0,0.0,0.0,4.0,0.0,0.0,0.0,25.004717077282674,25.000240224141592,0.0,5.0
0.245,-0.15818530718036347,25.0,1.0,0.0,0.0,4.0,0.0,0.0,0.0,25.004717077282674,25.000240224141592,0.0,5.0
0.2451,-0.1556853071803653,25.0,1.0,0.0,0.0,4.0,0.0,0.0,0.0,25.004717077282674,25.000240224141592,0.0,5.0
0.2452,-0.15318530718036782,25.0,1.0,0.0,0.0,4.0,0.0,0.0,0.0,25.004717077282674,25.000240224141592,0.0,5.0
0.2453,-0.15068530718037035,25.0,1.0,0.0,0.0,4.0,0.0,0.0,0.0,25.004717077282674,25.000240224141592,0.0,5.0
0.2454,-0.14818530718037218,25.0,1.0,0.0,0.0,4.0,0.0,0.0,0.0,25.004717077282674,25.000240224141592,0.0,5.0
0.2455,-0.1456853071803747,25.0,1.0,0.0,0.0,4.0,0.0,0.0,0.0,25.004717077282674,25.000240224141592,0.0,5.0
0.2456,-0.14318530718037653,25.0,1.0,0.0,0.0,4.0,0.0,0.0,0.0,25.004717077282674,25.000240224141592,0.0,5.0
0.2457,-0.14068530718037905,25.0,1.0,0.0,0.0,4.0,0.0,0.0,0.0,25.004717077282674,25.000240224141592,0.0,5.0
0.2458,-0.13818530718038158,25.0,1.0,0.0,0.0,4.0,0.0,0.0,0.0,25.004717077282674,25.000240224141592,0.0,5.0
0.2459,-0.1356853071803834,25.0,1.0,0.0,0.0,4.0,0.0,0.0,0.0,25.004717077282674,25.000240224141592,0.0,5.0
0.246,-0.13318530718038593,25.0,1.0,0.0,0.0,4.0,0.0,0.0,0.0,25.004717077282674,25.000240224141592,0.0,5.0
0.2461,-0.13068530718038776,25.0,1.0,0.0,0.0,4.0,0.0,0.0,0.0,25.004717077282674,25.000240224141592,0.0,5.0
0.2462,-0.12818530718039028,25.0,1.0,0.0,0.0,4.0,0.0,0.0,0.0,25.004717077282674,25.000240224141592,0.0,5.0
0.2463,-0.1256853071803928,25.0,1.0,0.0,0.0,4.0,0.0,0.0,0.0,25.004717077282674,25.000240224141592,0.0,5.0
0.2464,-0.12318530718039464,25.0,1.0,0.0,0.0,4.0,0.0,0.0,0.0,25.004717077282674,25.000240224141592,0.0,5.0
0.2465,-0.12068530718039716,25.0,1.0,0.0,0.0,4.0,0.0,0.0,0.0,25.004717077282674,25.000240224141592,0.0,5.0
0.2466,-0.11818530718039899,25.0,1.0,0.0,0.0,4.0,0.0,0.0,0.0,25.004717077282674,25.000240224141592,0.0,5.0
0.2467,-0.11568530718040151,25.0,1.0,0.0,0.0,4.0,0.0,0.0,0.0,25.004717077282674,25.000240224141592,0.0,5.0
0.2468,-0.11318530718040404,25.0,1.0,0.0,0.0,4.0,0.0,0.0,0.0,25.004717077282674,25.000240224141592,0.0,5.0
0.2469,-0.11068530718040587,25.0,1.0,0.0,0.0,4.0,0.0,0.0,0.0,25.004717077282674,25.000240224141592,0.0,5.0
0.247,-0.10818530718040839,25.0,1.0,0.0,0.0,4.0,0.0,0.0,0.0,25.004717077282674,25.000240224141592,0.0,5.0
0.2471,-0.10568530718041091,25.0,1.0,0.0,0.0,4.0,0.0,0.0,0.0,25.004717077282674,25.000240224141592,0.0,5.0
0.2472,-0.10318530718041274,25.0,1.0,0.0,0.0,4.0,0.0,0.0,0.0,25.004717077282674,25.000240224141592,0.0,5.0
0.2473,-0.10068530718041527,25.0,1.0,0.0,0.0,4.0,0.0,0.0,0.0,25.004717077282674,25.000240224141592,0.0,5.0
0.2474,-0.0981853071804171,25.0,1.0,0.0,0.0,4.0,0.0,0.0,0.0,25.004717077282674,25.000240224141592,0.0,5.0
0.2475,-0.09568530718041962,25.0,1.0,0.0,0.0,4.0,0.0,0.0,0.0,25.004717077282674,25.000240224141592,0.0,5.0
0.2476,-0.09318530718042214,25.0,1.0,0.0,0.0,4.0,0.0,0.0,0.0,25.004717077282674,25.000240224141592,0.0,5.0
0.2477,-0.09068530718042397,25.0,1.0,0.0,0.0,4.0,0.0,0.0,0.0,25.004717077282674,25.000240224141592,0.0,5.0
0.2478,-0.0881853071804265,25.0,1.0,0.0,0.0,4.0,0.0,0.0,0.0,25.004717077282674,25.000240224141592,0.0,5.0
0.2479,-0.08568530718042833,25.0,1.0,0.0,0.0,4.0,0.0,0.0,0.0,25.004717077282674,25.000240224141592,0.0,5.0
0.248,-0.08318530718043085,25.0,1.0,0.0,0.0,4.0,0.0,0.0,0.0,25.004717077282674,25.000240224141592,0.0,5.0
0.2481,-0.08068530718043337,25.0,1.0,0.0,0.0,4.0,0.0,0.0,0.0,25.004717077282674,25.000240224141592,0.0,5.0
0.2482,-0.0781853071804352,25.0,1.0,0.0,0.0,4.0,0.0,0.0,0.0,25.004717077282674,25.000240224141592,0.0,5.0
0.2483,-0.07568530718043773,25.0,1.0,0.0,0.0,4.0,0.0,0.0,0.0,25.004717077282674,25.000240224141592,0.0,5.0
0.2484,-0.07318530718043956,25.0,1.0,0.0,0.0,4.0,0.0,0.0,0.0,25.004717077282674,25.000240224141592,0.0,5.0
0.2485,-0.07068530718044208,25.0,1.0,0.0,0.0,4.0,0.0,0.0,0.0,25.004717077282674,25.000240224141592,0.0,5.0
0.2486,-0.0681853071804446,25.0,1.0,0.0,0.0,4.0,0.0,0.0,0.0,25.004717077282674,25.000240224141592,0.0,5.0
0.2487,-0.06568530718044643,25.0,1.0,0.0,0.0,4.0,0.0,0.0,0.0,25.004717077282674,25.000240224141592,0.0,5.0
0.2488,-0.06318530718044896,25.0,1.0,0.0,0.0,4.0,0.0,0.0,0.0,25.004717077282674,25.000240224141592,0.0,5.0
0.2489,-0.060685307180450794,25.0,1.0,0.0,0.0,4.0,0.0,0.0,0.0,25.004717077282674,25.000240224141592,0.0,5.0
0.249,-0.05818530718045332,25.0,1.0,0.0,0.0,4.0,0.0,0.0,0.0,25.004717077282674,25.000240224141592,0.0,5.0
0.2491,-0.05568530718045584,25.0,1.0,0.0,0.0,4.0,0.0,0.0,0.0,25.004717077282674,25.000240224141592,0.0,5.0
0.2492,-0.05318530718045767,25.0,1.0,0.0,0.0,4.0,0.0,0.0,0.0,25.004717077282674,25.000240224141592,0.0,5.0
0.2493,-0.050685307180460194,25.0,1.0,0.0,0.0,4.0,0.0,0.0,0.0,25.004717077282674,25.000240224141592,0.0,5.0
0.2494,-0.048185307180462024,25.0,1.0,0.0,0.0,4.0,0.0,0.0,0.0,25.004717077282674,25.000240224141592,0.0,5.0
0.2495,-0.04568530718046455,25.0,1.0,0.0,0.0,4.0,0.0,0.0,0.0,25.004717077282674,25.000240224141592,0.0,5.0
0.2496,-0.04318530718046707,25.0,1.0,0.0,0.0,4.0,0.0,0.0,0.0,25.004717077282674,25.000240224141592,0.0,5.0
0.2497,-0.0406853071804689,25.0,1.0,0.0,0.0,4.0,0.0,0.0,0.0,25.004717077282674,25.000240224141592,0.0,5.0
0.2498,-0.038185307180471424,25.0,1.0,0.0,0.0,4.0,0.0,0.0,0.0,25.004717077282674,25.000240224141592,0.0,5.0
0.2499,-0.035685307180473254,25.0,1.0,0.0,0.0,4.0,0.0,0.0,0.0,25.004717077282674,25.000240224141592,0.0,5.0
0.25,-0.03318530718047578,25.0,1.0,0.0,0.0,4.0,0.0,0.0,0.0,25.004717077282674,25.000240224141592,0.0,5.0
