time_s,mechanical_angle_rad,speed_rad_s,hall_a,hall_b,hall_c,hall_code,hall_transition_class,hall_direction,hall_legal_event,speed_raw_rad_s,speed_filtered_rad_s,timeout,legal_edge_count
0.0,0.0,400.0,1.0,0.0,1.0,5.0,0.0,0.0,0.0,0.0,0.0,0.0,0.0
0.0001,0.039999773783079395,399.9932212999542,1.0,0.0,1.0,5.0,0.0,0.0,0.0,0.0,0.0,0.0,0.0
0.0002,0.0799981964800867,399.9730087150152,1.0,0.0,1.0,5.0,0.0,0.0,0.0,0.0,0.0,0.0,0.0
0.0003,0.1199939333822358,399.93952980870057,1.0,0.0,1.0,5.0,0.0,0.0,0.0,0.0,0.0,0.0,0.0
0.0004,0.15998566390852678,399.8928911634201,1.0,0.0,1.0,5.0,0.0,0.0,0.0,0.0,0.0,0.0,0.0
0.0005,0.1999720730152922,399.8330897924772,1.0,0.0,1.0,5.0,0.0,0.0,0.0,0.0,0.0,0.0,0.0
0.0006,0.23995183861181102,399.75998674340656,1.0,0.0,1.0,5.0,0.0,0.0,0.0,0.0,0.0,0.0,0.0
0.0007,0.27992361864577314,399.6733313227247,1.0,0.0,1.0,5.0,0.0,0.0,0.0,0.0,0.0,0.0,0.0
0.0008,0.31988604411465615,399.5728582512859,1.0,0.0,1.0,5.0,0.0,0.0,0.0,0.0,0.0,0.0,0.0
0.0009,0.3598377259133683,399.45846748195817,1.0,0.0,1.0,5.0,0.0,0.0,0.0,0.0,0.0,0.0,0.0
0.001,0.39977728352191594,399.330477909561,1.0,0.0,1.0,5.0,0.0,0.0,0.0,0.0,0.0,0.0,0.0
0.0011,0.43970340154488297,399.18992345788934,1.0,0.0,1.0,5.0,0.0,0.0,0.0,0.0,0.0,0.0,0.0
0.0012,0.47961491580307736,399.03883738774437,1.0,0.0,1.0,5.0,0.0,0.0,0.0,0.0,0.0,0.0,0.0
0.0013,0.5195109231764208,398.8803606989559,1.0,0.0,1.0,5.0,0.0,0.0,0.0,0.0,0.0,0.0,0.0
0.0014,0.5593908215723141,398.71687954521053,1.0,0.0,1.0,5.0,0.0,0.0,0.0,0.0,0.0,0.0,0.0
0.0015,0.5992541828211363,398.5499368015232,1.0,0.0,1.0,5.0,0.0,0.0,0.0,0.0,0.0,0.0,0.0
0.0016,0.6391007674757351,398.3817607215541,1.0,0.0,1.0,5.0,0.0,0.0,0.0,0.0,0.0,0.0,0.0
0.0017,0.6789305782907086,398.2148742368521,1.0,0.0,1.0,5.0,0.0,0.0,0.0,0.0,0.0,0.0,0.0
0.0018,0.7187438603234715,398.0514976867615,1.0,0.0,1.0,5.0,0.0,0.0,0.0,0.0,0.0,0.0,0.0
0.0019,0.7585410408833916,397.8929680328402,1.0,0.0,1.0,5.0,0.0,0.0,0.0,0.0,0.0,0.0,0.0
0.002,0.7983224993806938,397.73470537906815,1.0,0.0,1.0,5.0,0.0,0.0,0.0,0.0,0.0,0.0,0.0
0.0021,0.8380876224890971,397.5659991311112,1.0,0.0,1.0,5.0,0.0,0.0,0.0,0.0,0.0,0.0,0.0
0.0022,0.8778353576092572,397.3870395411287,1.0,0.0,1.0,5.0,0.0,0.0,0.0,0.0,0.0,0.0,0.0
0.0023,0.917564704942718,397.198311664797,1.0,0.0,1.0,5.0,0.0,0.0,0.0,0.0,0.0,0.0,0.0
0.0024,0.9572747060732237,397.0001648938103,1.0,0.0,1.0,5.0,0.0,0.0,0.0,0.0,0.0,0.0,0.0
0.0025,0.9969644328175112,396.7928640624002,1.0,0.0,1.0,5.0,0.0,0.0,0.0,0.0,0.0,0.0,0.0
0.0026,1.0366329815411421,396.57664310443187,1.0,0.0,1.0,5.0,0.0,0.0,0.0,0.0,0.0,0.0,0.0
0.0027,1.0762794719622968,396.35173806678165,0.0,0.0,1.0,1.0,0.0,0.0,0.0,0.0,0.0,0.0,1.0
0.0028,1.1159030476513536,396.1183870002189,0.0,0.0,1.0,1.0,0.0,0.0,0.0,0.0,0.0,0.0,1.0
0.0029,1.1555028748396663,395.87679752127787,0.0,0.0,1.0,1.0,0.0,0.0,0.0,0.0,0.0,0.0,1.0
0.003,1.1950781368923113,395.62709574880193,0.0,0.0,1.0,1.0,0.0,0.0,0.0,0.0,0.0,0.0,1.0
0.0031,1.234628023681833,395.3692797477887,0.0,0.0,1.0,1.0,0.0,0.0,0.0,0.0,0.0,0.0,1.0
0.0032,1.2741517176521817,395.10320433674,0.0,0.0,1.0,1.0,0.0,0.0,0.0,0.0,0.0,0.0,1.0
0.0033,1.3136483809689854,394.82862152344387,0.0,0.0,1.0,1.0,0.0,0.0,0.0,0.0,0.0,0.0,1.0
0.0034,1.3531171502127246,394.5452926881064,0.0,0.0,1.0,1.0,0.0,0.0,0.0,0.0,0.0,0.0,1.0
0.0035,1.3925571460899446,394.2531761305773,0.0,0.0,1.0,1.0,0.0,0.0,0.0,0.0,0.0,0.0,1.0
0.0036,1.4319675052297234,393.95267771697985,0.0,0.0,1.0,1.0,0.0,0.0,0.0,0.0,0.0,0.0,1.0
0.0037,1.4713474390118475,393.644934257479,0.0,0.0,1.0,1.0,0.0,0.0,0.0,0.0,0.0,0.0,1.0
0.0038,1.5106963204305555,393.33208153936374,0.0,0.0,1.0,1.0,0.0,0.0,0.0,0.0,0.0,0.0,1.0
0.0039,1.5500137945035415,393.0174466475757,0.0,0.0,1.0,1.0,0.0,0.0,0.0,0.0,0.0,0.0,1.0
0.004,1.5892998933316804,392.70521451061757,0.0,0.0,1.0,1.0,0.0,0.0,0.0,0.0,0.0,0.0,1.0
0.0041,1.6285550099432007,392.3981822228231,0.0,0.0,1.0,1.0,0.0,0.0,0.0,0.0,0.0,0.0,1.0
0.0042,1.6677797889375026,392.0989367804834,0.0,0.0,1.0,1.0,0.0,0.0,0.0,0.0,0.0,0.0,1.0
0.0043,1.7069751546077505,391.8104033626207,0.0,0.0,1.0,1.0,0.0,0.0,0.0,0.0,0.0,0.0,1.0
0.0044,1.7461423177644053,391.53528726695185,0.0,0.0,1.0,1.0,0.0,0.0,0.0,0.0,0.0,0.0,1.0
0.0045,1.7852827240828644,391.2754882221465,0.0,0.0,1.0,1.0,0.0,0.0,0.0,0.0,0.0,0.0,1.0
0.0046,1.8243979483128332,391.03162347720655,0.0,0.0,1.0,1.0,0.0,0.0,0.0,0.0,0.0,0.0,1.0
0.0047,1.863489550451897,390.80275503477225,0.0,0.0,1.0,1.0,0.0,0.0,0.0,0.0,0.0,0.0,1.0
0.0048,1.902558888334396,390.5845940877228,0.0,0.0,1.0,1.0,0.0,0.0,0.0,0.0,0.0,0.0,1.0
0.0049,1.941606326264507,390.36327591882514,0.0,0.0,1.0,1.0,0.0,0.0,0.0,0.0,0.0,0.0,1.0
0.005,1.9806313709136507,390.13677612347,0.0,0.0,1.0,1.0,0.0,0.0,0.0,0.0,0.0,0.0,1.0
0.0051,2.0196335169492707,389.9053384905571,0.0,0.0,1.0,1.0,0.0,0.0,0.0,0.0,0.0,0.0,1.0
0.0052,2.058612280462291,389.66915619471666,0.0,0.0,1.0,1.0,0.0,0.0,0.0,0.0,0.0,0.0,1.0
0.0053,2.0975671961716373,389.42841378049104,0.0,1.0,1.0,3.0,0.0,0.0,0.0,392.20882067288363,392.20882067288363,0.0,2.0
0.0054,2.1364978176207665,389.18330330779634,0.0,1.0,1.0,3.0,0.0,0.0,0.0,392.20882067288363,392.20882067288363,0.0,2.0
0.0055,2.1754037174505005,388.93400986417345,0.0,1.0,1.0,3.0,0.0,0.0,0.0,392.20882067288363,392.20882067288363,0.0,2.0
0.0056,2.214284484908322,388.68067270041416,0.0,1.0,1.0,3.0,0.0,0.0,0.0,392.20882067288363,392.20882067288363,0.0,2.0
0.0057,2.253139718877313,388.4233377298639,0.0,1.0,1.0,3.0,0.0,0.0,0.0,392.20882067288363,392.20882067288363,0.0,2.0
0.0058,2.2919690166068007,388.1619228661567,0.0,1.0,1.0,3.0,0.0,0.0,0.0,392.20882067288363,392.20882067288363,0.0,2.0
0.0059,2.3307719605569663,387.89621847856966,0.0,1.0,1.0,3.0,0.0,0.0,0.0,392.20882067288363,392.20882067288363,0.0,2.0
0.006,2.369548107833662,387.6259412282347,0.0,1.0,1.0,3.0,0.0,0.0,0.0,392.20882067288363,392.20882067288363,0.0,2.0
0.0061,2.408296988148159,387.3508516241655,0.0,1.0,1.0,3.0,0.0,0.0,0.0,392.20882067288363,392.20882067288363,0.0,2.0
0.0062,2.4470181167461686,387.0709347066641,0.0,1.0,1.0,3.0,0.0,0.0,0.0,392.20882067288363,392.20882067288363,0.0,2.0
0.0063,2.485711028040701,386.7866298920219,0.0,1.0,1.0,3.0,0.0,0.0,0.0,392.20882067288363,392.20882067288363,0.0,2.0
0.0064,2.524375333545284,386.49908105121733,0.0,1.0,1.0,3.0,0.0,0.0,0.0,392.20882067288363,392.20882067288363,0.0,2.0
0.0065,2.563010804078685,386.210363673298,0.0,1.0,1.0,3.0,0.0,0.0,0.0,392.20882067288363,392.20882067288363,0.0,2.0
0.0066,2.601617471378567,385.9236369091886,0.0,1.0,1.0,3.0,0.0,0.0,0.0,392.20882067288363,392.20882067288363,0.0,2.0
0.0067,2.640195736705067,385.6430219803967,0.0,1.0,1.0,3.0,0.0,0.0,0.0,392.20882067288363,392.20882067288363,0.0,2.0
0.0068,2.6787463819255275,385.3715897533726,0.0,1.0,1.0,3.0,0.0,0.0,0.0,392.20882067288363,392.20882067288363,0.0,2.0
0.0069,2.7172704357707502,385.1115994797894,0.0,1.0,1.0,3.0,0.0,0.0,0.0,392.20882067288363,392.20882067288363,0.0,2.0
0.007,2.7557691657090313,384.8655172360614,0.0,1.0,1.0,3.0,0.0,0.0,0.0,392.20882067288363,392.20882067288363,0.0,2.0
0.0071,2.7942440772371695,384.63554934997995,0.0,1.0,1.0,3.0,0.0,0.0,0.0,392.20882067288363,392.20882067288363,0.0,2.0
0.0072,2.8326968618120367,384.42312806171935,0.0,1.0,1.0,3.0,0.0,0.0,0.0,392.20882067288363,392.20882067288363,0.0,2.0
0.0073,2.8711292974456484,384.22849631618703,0.0,1.0,1.0,3.0,0.0,0.0,0.0,392.20882067288363,392.20882067288363,0.0,2.0
0.0074,2.9095431163038636,384.0504662689895,0.0,1.0,1.0,3.0,0.0,0.0,0.0,392.20882067288363,392.20882067288363,0.0,2.0
0.0075,2.9479395703385434,383.87817603417915,0.0,1.0,1.0,3.0,0.0,0.0,0.0,392.20882067288363,392.20882067288363,0.0,2.0
0.0076,2.9863186702638336,383.70344390202894,0.0,1.0,1.0,3.0,0.0,0.0,0.0,392.20882067288363,392.20882067288363,0.0,2.0
0.0077,3.024680187725221,383.5265665404448,0.0,1.0,1.0,3.0,0.0,0.0,0.0,392.20882067288363,392.20882067288363,0.0,2.0
0.0078,3.063023918653076,383.34773973180813,0.0,1.0,1.0,3.0,0.0,0.0,0.0,392.20882067288363,392.20882067288363,0.0,2.0
0.0079,3.101349675329048,383.1671021119831,0.0,1.0,1.0,3.0,0.0,0.0,0.0,392.20882067288363,392.20882067288363,0.0,2.0
0.008,3.1396572827165437,382.9847738751909,0.0,1.0,1.0,3.0,0.0,0.0,0.0,392.20882067288363,392.20882067288363,0.0,2.0
0.0081,-3.105238729375644,382.80087660065624,0.0,1.0,0.0,2.0,0.0,0.0,0.0,386.41976058914986,390.7615556519502,0.0,3.0
0.0082,-3.066967897485656,382.61552804528077,0.0,1.0,0.0,2.0,0.0,0.0,0.0,386.41976058914986,390.7615556519502,0.0,3.0
0.0083,-3.0287156691865276,382.42881451461403,0.0,1.0,0.0,2.0,0.0,0.0,0.0,386.41976058914986,390.7615556519502,0.0,3.0
0.0084,-2.9904821794446312,382.240751517407,0.0,1.0,0.0,2.0,0.0,0.0,0.0,386.41976058914986,390.7615556519502,0.0,3.0
0.0085,-2.9522675667298146,382.05124904964083,0.0,1.0,0.0,2.0,0.0,0.0,0.0,386.41976058914986,390.7615556519502,0.0,3.0
0.0086,-2.914071984417892,381.86009990473286,0.0,1.0,0.0,2.0,0.0,0.0,0.0,386.41976058914986,390.7615556519502,0.0,3.0
0.0087,-2.8758956114992538,381.66700769795153,0.0,1.0,0.0,2.0,0.0,0.0,0.0,386.41976058914986,390.7615556519502,0.0,3.0
0.0088,-2.8377386579828072,381.4716663259532,0.0,1.0,0.0,2.0,0.0,0.0,0.0,386.41976058914986,390.7615556519502,0.0,3.0
0.0089,-2.799601359575923,381.27389487964064,0.0,1.0,0.0,2.0,0.0,0.0,0.0,386.41976058914986,390.7615556519502,0.0,3.0
0.009,-2.761483956310754,381.07382178144786,0.0,1.0,0.0,2.0,0.0,0.0,0.0,386.41976058914986,390.7615556519502,0.0,3.0
0.0091,-2.723386651020091,380.8720994091978,0.0,1.0,0.0,2.0,0.0,0.0,0.0,386.41976058914986,390.7615556519502,0.0,3.0
0.0092,-2.6853095461114806,380.67011710567186,0.0,1.0,0.0,2.0,0.0,0.0,0.0,386.41976058914986,390.7615556519502,0.0,3.0
0.0093,-2.6472525608817534,380.4701696034891,0.0,1.0,0.0,2.0,0.0,0.0,0.0,386.41976058914986,390.7615556519502,0.0,3.0
0.0094,-2.609215336167678,380.27553443160815,0.0,1.0,0.0,2.0,0.0,0.0,0.0,386.41976058914986,390.7615556519502,0.0,3.0
0.0095,-2.5711971521312584,380.08983350597333,0.0,1.0,0.0,2.0,0.0,0.0,0.0,386.41976058914986,390.7615556519502,0.0,3.0
0.0096,-2.533197005504226,379.91506426560477,0.0,1.0,0.0,2.0,0.0,0.0,0.0,386.41976058914986,390.7615556519502,0.0,3.0
0.0097,-2.495213715199999,379.75301669321027,0.0,1.0,0.0,2.0,0.0,0.0,0.0,386.41976058914986,390.7615556519502,0.0,3.0
0.0098,-2.457245918834174,379.6054527366604,0.0,1.0,0.0,2.0,0.0,0.0,0.0,386.41976058914986,390.7615556519502,0.0,3.0
0.0099,-2.4192920982655277,379.47364988849876,0.0,1.0,0.0,2.0,0.0,0.0,0.0,386.41976058914986,390.7615556519502,0.0,3.0
0.01,-2.3813506495312033,379.35798656929484,0.0,1.0,0.0,2.0,0.0,0.0,0.0,386.41976058914986,390.7615556519502,0.0,3.0
0.0101,-2.343420235842061,379.25004277384267,0.0,1.0,0.0,2.0,0.0,0.0,0.0,386.41976058914986,390.7615556519502,0.0,3.0
0.0102,-2.3055006838605214,379.1408209066323,0.0,1.0,0.0,2.0,0.0,0.0,0.0,386.41976058914986,390.7615556519502,0.0,3.0
0.0103,-2.2675921002148978,379.03073840867086,0.0,1.0,0.0,2.0,0.0,0.0,0.0,386.41976058914986,390.7615556519502,0.0,3.0
0.0104,-2.2296945542715663,378.92010932680927,0.0,1.0,0.0,2.0,0.0,0.0,0.0,386.41976058914986,390.7615556519502,0.0,3.0
0.0105,-2.191808089708464,378.8091367331391,0.0,1.0,0.0,2.0,0.0,0.0,0.0,386.41976058914986,390.7615556519502,0.0,3.0
0.0106,-2.153932734272648,378.69794227357283,0.0,1.0,0.0,2.0,0.0,0.0,0.0,386.41976058914986,390.7615556519502,0.0,3.0
0.0107,-2.1160685060482667,378.58660358730907,0.0,1.0,0.0,2.0,0.0,0.0,0.0,386.41976058914986,390.7615556519502,0.0,3.0
0.0108,-2.078215416241678,378.47518433879634,1.0,1.0,0.0,6.0,0.0,0.0,0.0,380.79910952603586,388.2709441204716,0.0,4.0
0.0109,-2.0403734697912936,378.3637464777185,1.0,1.0,0.0,6.0,0.0,0.0,0.0,380.79910952603586,388.2709441204716,0.0,4.0
0.011,-2.0025426658240266,378.2523410511842,1.0,1.0,0.0,6.0,0.0,0.0,0.0,380.79910952603586,388.2709441204716,0.0,4.0
0.0111,-1.9647229999782765,378.1409812715625,1.0,1.0,0.0,6.0,0.0,0.0,0.0,380.79910952603586,388.2709441204716,0.0,4.0
0.0112,-1.9269144699033236,378.02960806753674,1.0,1.0,0.0,6.0,0.0,0.0,0.0,380.79910952603586,388.2709441204716,0.0,4.0
0.0113,-1.8891170839846456,377.9180626405385,1.0,1.0,0.0,6.0,0.0,0.0,0.0,380.79910952603586,388.2709441204716,0.0,4.0
0.0114,-1.8513308717998382,377.80608189202945,1.0,1.0,0.0,6.0,0.0,0.0,0.0,380.79910952603586,388.2709441204716,0.0,4.0
0.0115,-1.8135558932806477,377.6933309680938,1.0,1.0,0.0,6.0,0.0,0.0,0.0,380.79910952603586,388.2709441204716,0.0,4.0
0.0116,-1.7757922423258807,377.57948285773233,1.0,1.0,0.0,6.0,0.0,0.0,0.0,380.79910952603586,388.2709441204716,0.0,4.0
0.0117,-1.7380400399408085,377.4643480394254,1.0,1.0,0.0,6.0,0.0,0.0,0.0,380.79910952603586,388.2709441204716,0.0,4.0
0.0118,-1.7002994121421486,377.3480474472257,1.0,1.0,0.0,6.0,0.0,0.0,0.0,380.79910952603586,388.2709441204716,0.0,4.0
0.0119,-1.6625704491326256,377.2312098777951,1.0,1.0,0.0,6.0,0.0,0.0,0.0,380.79910952603586,388.2709441204716,0.0,4.0
0.012,-1.6248531447809027,377.1151622511521,1.0,1.0,0.0,6.0,0.0,0.0,0.0,380.79910952603586,388.2709441204716,0.0,4.0
0.0121,-1.5871473191211458,377.00207168619227,1.0,1.0,0.0,6.0,0.0,0.0,0.0,380.79910952603586,388.2709441204716,0.0,4.0
0.0122,-1.549452530851277,376.89499492199303,1.0,1.0,0.0,6.0,0.0,0.0,0.0,380.79910952603586,388.2709441204716,0.0,4.0
0.0123,-1.5117680159872862,376.79693653183756,1.0,1.0,0.0,6.0,0.0,0.0,0.0,380.79910952603586,388.2709441204716,0.0,4.0
0.0124,-1.4740927969309774,376.709285948772,1.0,1.0,0.0,6.0,0.0,0.0,0.0,380.79910952603586,388.2709441204716,0.0,4.0
0.0125,-1.4364257678913346,376.6333590594282,1.0,1.0,0.0,6.0,0.0,0.0,0.0,380.79910952603586,388.2709441204716,0.0,4.0
0.0126,-1.39876569351955,376.57036254169253,1.0,1.0,0.0,6.0,0.0,0.0,0.0,380.79910952603586,388.2709441204716,0.0,4.0
0.0127,-1.361111415914838,376.51504644794227,1.0,1.0,0.0,6.0,0.0,0.0,0.0,380.79910952603586,388.2709441204716,0.0,4.0
0.0128,-1.3234627252459374,376.45859440882424,1.0,1.0,0.0,6.0,0.0,0.0,0.0,380.79910952603586,388.2709441204716,0.0,4.0
0.0129,-1.2858197239480473,376.4013350999708,1.0,1.0,0.0,6.0,0.0,0.0,0.0,380.79910952603586,388.2709441204716,0.0,4.0
0.013,-1.2481824703133528,376.3437105577254,1.0,1.0,0.0,6.0,0.0,0.0,0.0,380.79910952603586,388.2709441204716,0.0,4.0
0.0131,-1.2105509815622504,376.2860905219357,1.0,1.0,0.0,6.0,0.0,0.0,0.0,380.79910952603586,388.2709441204716,0.0,4.0
0.0132,-1.1729252431828106,376.2287377315145,1.0,1.0,0.0,6.0,0.0,0.0,0.0,380.79910952603586,388.2709441204716,0.0,4.0
0.0133,-1.1353052197105267,376.17181152154865,1.0,1.0,0.0,6.0,0.0,0.0,0.0,380.79910952603586,388.2709441204716,0.0,4.0
0.0134,-1.0976908638558545,376.11539460275316,1.0,1.0,0.0,6.0,0.0,0.0,0.0,380.79910952603586,388.2709441204716,0.0,4.0
0.0135,-1.0600821224589718,376.059527184637,1.0,1.0,0.0,6.0,0.0,0.0,0.0,380.79910952603586,388.2709441204716,0.0,4.0
0.0136,-1.022478939257943,376.0042345632425,1.0,0.0,0.0,4.0,0.0,0.0,0.0,376.689766617481,385.37564974472394,0.0,5.0
0.0137,-0.9848812556475678,375.94953858530596,1.0,0.0,0.0,4.0,0.0,0.0,0.0,376.689766617481,385.37564974472394,0.0,5.0
0.0138,-0.9472890112734921,375.89544944979235,1.0,0.0,0.0,4.0,0.0,0.0,0.0,376.689766617481,385.37564974472394,0.0,5.0
0.0139,-0.9097021463235163,375.8419410389977,1.0,0.0,0.0,4.0,0.0,0.0,0.0,376.689766617481,385.37564974472394,0.0,5.0
0.014,-0.8721206067464115,375.7889189843233,1.0,0.0,0.0,4.0,0.0,0.0,0.0,376.689766617481,385.37564974472394,0.0,5.0
0.0141,-0.8345443524843799,375.7361947497405,1.0,0.0,0.0,4.0,0.0,0.0,0.0,376.689766617481,385.37564974472394,0.0,5.0
0.0142,-0.7969733673788517,375.68348053448995,1.0,0.0,0.0,4.0,0.0,0.0,0.0,376.689766617481,385.37564974472394,0.0,5.0
0.0143,-0.7594076679632472,375.63041868543405,1.0,0.0,0.0,4.0,0.0,0.0,0.0,376.689766617481,385.37564974472394,0.0,5.0
0.0144,-0.7218473071498099,375.57665562209536,1.0,0.0,0.0,4.0,0.0,0.0,0.0,376.689766617481,385.37564974472394,0.0,5.0
0.0145,-0.684292368115852,375.52196381483816,1.0,0.0,0.0,4.0,0.0,0.0,0.0,376.689766617481,385.37564974472394,0.0,5.0
0.0146,-0.6467429437911348,375.46640583664737,1.0,0.0,0.0,4.0,0.0,0.0,0.0,376.689766617481,385.37564974472394,0.0,5.0
0.0147,-0.6091990985367778,375.4105223724023,1.0,0.0,0.0,4.0,0.0,0.0,0.0,376.689766617481,385.37564974472394,0.0,5.0
0.0148,-0.5716608110598916,375.35551342525326,1.0,0.0,0.0,4.0,0.0,0.0,0.0,376.689766617481,385.37564974472394,0.0,5.0
0.0149,-0.5341279011904739,375.30337282680296,1.0,0.0,0.0,4.0,0.0,0.0,0.0,376.689766617481,385.37564974472394,0.0,5.0
0.015,-0.49659994729363627,375.2569297063618,1.0,0.0,0.0,4.0,0.0,0.0,0.0,376.689766617481,385.37564974472394,0.0,5.0
0.0151,-0.4590762353919075,375.21878856752596,1.0,0.0,0.0,4.0,0.0,0.0,0.0,376.689766617481,385.37564974472394,0.0,5.0
0.0152,-0.4215558786678815,375.1899832300852,1.0,0.0,0.0,4.0,0.0,0.0,0.0,376.689766617481,385.37564974472394,0.0,5.0
0.0153,-0.384037950569659,375.1689332092718,1.0,0.0,0.0,4.0,0.0,0.0,0.0,376.689766617481,385.37564974472394,0.0,5.0
0.0154,-0.3465221206519089,375.1474685782972,1.0,0.0,0.0,4.0,0.0,0.0,0.0,376.689766617481,385.37564974472394,0.0,5.0
0.0155,-0.30900849527931934,375.1248620055244,1.0,0.0,0.0,4.0,0.0,0.0,0.0,376.689766617481,385.37564974472394,0.0,5.0
0.0156,-0.27149717826495157,375.10135983476727,1.0,0.0,0.0,4.0,0.0,0.0,0.0,376.689766617481,385.37564974472394,0.0,5.0
0.0157,-0.23398823995957513,375.07735856734007,1.0,0.0,0.0,4.0,0.0,0.0,0.0,376.689766617481,385.37564974472394,0.0,5.0
0.0158,-0.1964817093612545,375.0532705609522,1.0,0.0,0.0,4.0,0.0,0.0,0.0,376.689766617481,385.37564974472394,0.0,5.0
0.0159,-0.15897757712535526,375.0294406270255,1.0,0.0,0.0,4.0,0.0,0.0,0.0,376.689766617481,385.37564974472394,0.0,5.0
0.016,-0.12147580446173989,375.00611044646917,1.0,0.0,0.0,4.0,0.0,0.0,0.0,376.689766617481,385.37564974472394,0.0,5.0
0.0161,-0.08397633361319352,374.98342037518387,1.0,0.0,0.0,4.0,0.0,0.0,0.0,376.689766617481,385.37564974472394,0.0,5.0
0.0162,-0.04647909686975976,374.96143438792546,1.0,0.0,0.0,4.0,0.0,0.0,0.0,376.689766617481,385.37564974472394,0.0,5.0
0.0163,-0.00898402256658069,374.9401729985089,1.0,0.0,0.0,4.0,0.0,0.0,0.0,376.689766617481,385.37564974472394,0.0,5.0
0.0164,0.028508962032003742,374.9196406204254,1.0,0.0,1.0,5.0,0.0,0.0,0.0,375.33962408480215,382.8666433297435,0.0,6.0
0.0165,0.06599992988461488,374.89983776674393,1.0,0.0,1.0,5.0,0.0,0.0,0.0,375.33962408480215,382.8666433297435,0.0,6.0
0.0166,0.10348895359895872,374.88075422336834,1.0,0.0,1.0,5.0,0.0,0.0,0.0,375.33962408480215,382.8666433297435,0.0,6.0
0.0167,0.14097610330714763,374.8623458305614,1.0,0.0,1.0,5.0,0.0,0.0,0.0,375.33962408480215,382.8666433297435,0.0,6.0
0.0168,0.17846144173508188,374.8445034203633,1.0,0.0,1.0,5.0,0.0,0.0,0.0,375.33962408480215,382.8666433297435,0.0,6.0
0.0169,0.21594501629132568,374.82702661038536,1.0,0.0,1.0,5.0,0.0,0.0,0.0,375.33962408480215,382.8666433297435,0.0,6.0
0.017,0.2534268493805153,374.80961692794347,1.0,0.0,1.0,5.0,0.0,0.0,0.0,375.33962408480215,382.8666433297435,0.0,6.0
0.0171,0.2909069295775881,374.7919039955418,1.0,0.0,1.0,5.0,0.0,0.0,0.0,375.33962408480215,382.8666433297435,0.0,6.0
0.0172,0.3283852075281332,374.7735151761755,1.0,0.0,1.0,5.0,0.0,0.0,0.0,375.33962408480215,382.8666433297435,0.0,6.0
0.0173,0.36586160119377004,374.75419282961775,1.0,0.0,1.0,5.0,0.0,0.0,0.0,375.33962408480215,382.8666433297435,0.0,6.0
0.0174,0.4033360150288542,374.73395383359934,1.0,0.0,1.0,5.0,0.0,0.0,0.0,375.33962408480215,382.8666433297435,0.0,6.0
0.0175,0.44080837654436716,374.7132737722841,1.0,0.0,1.0,5.0,0.0,0.0,0.0,375.33962408480215,382.8666433297435,0.0,6.0
0.0176,0.4782786913062217,374.69326542622537,1.0,0.0,1.0,5.0,0.0,0.0,0.0,375.33962408480215,382.8666433297435,0.0,6.0
0.0177,0.5157471138702667,374.6758120461737,1.0,0.0,1.0,5.0,0.0,0.0,0.0,375.33962408480215,382.8666433297435,0.0,6.0
0.0178,0.5532140280248229,374.6636061464865,1.0,0.0,1.0,5.0,0.0,0.0,0.0,375.33962408480215,382.8666433297435,0.0,6.0
0.0179,0.5906800888587467,374.6587099140671,1.0,0.0,1.0,5.0,0.0,0.0,0.0,375.33962408480215,382.8666433297435,0.0,6.0
0.018,0.628145837633214,374.6562902735154,1.0,0.0,1.0,5.0,0.0,0.0,0.0,375.33962408480215,382.8666433297435,0.0,6.0
0.0181,0.6656113336273987,374.65349593369797,1.0,0.0,1.0,5.0,0.0,0.0,0.0,375.33962408480215,382.8666433297435,0.0,6.0
0.0182,0.7030765028925452,374.64970136169694,1.0,0.0,1.0,5.0,0.0,0.0,0.0,375.33962408480215,382.8666433297435,0.0,6.0
0.0183,0.7405412368861316,374.6448072559099,1.0,0.0,1.0,5.0,0.0,0.0,0.0,375.33962408480215,382.8666433297435,0.0,6.0
0.0184,0.7780054351847033,374.6390432885947,1.0,0.0,1.0,5.0,0.0,0.0,0.0,375.33962408480215,382.8666433297435,0.0,6.0
0.0185,0.8154690292762764,374.63279170412784,1.0,0.0,1.0,5.0,0.0,0.0,0.0,375.33962408480215,382.8666433297435,0.0,6.0
0.0186,0.8529319907084167,374.62645323650287,1.0,0.0,1.0,5.0,0.0,0.0,0.0,375.33962408480215,382.8666433297435,0.0,6.0
0.0187,0.890394328325971,374.6203632985945,1.0,0.0,1.0,5.0,0.0,0.0,0.0,375.33962408480215,382.8666433297435,0.0,6.0
0.0188,0.927856079556359,374.61475555080517,1.0,0.0,1.0,5.0,0.0,0.0,0.0,375.33962408480215,382.8666433297435,0.0,6.0
0.0189,0.9653173000209246,374.609762758298,1.0,0.0,1.0,5.0,0.0,0.0,0.0,375.33962408480215,382.8666433297435,0.0,6.0
0.019,1.0027780545242244,374.60544100523686,1.0,0.0,1.0,5.0,0.0,0.0,0.0,375.33962408480215,382.8666433297435,0.0,6.0
0.0191,1.0402384110064915,374.6018022970316,1.0,0.0,1.0,5.0,0.0,0.0,0.0,375.33962408480215,382.8666433297435,0.0,6.0
0.0192,1.0776984376006904,374.59884204889823,0.0,0.0,1.0,1.0,0.0,0.0,0.0,375.3396240848019,380.9848885185081,0.0,7.0
0.0193,1.1151582017570694,374.59655175599363,0.0,0.0,1.0,1.0,0.0,0.0,0.0,375.3396240848019,380.9848885185081,0.0,7.0
0.0194,1.1526177696977826,374.59491278016134,0.0,0.0,1.0,1.0,0.0,0.0,0.0,375.3396240848019,380.9848885185081,0.0,7.0
0.0195,1.1900772043790484,374.5938736420999,0.0,0.0,1.0,1.0,0.0,0.0,0.0,375.3396240848019,380.9848885185081,0.0,7.0
0.0196,1.227536560683185,374.59331912940246,0.0,0.0,1.0,1.0,0.0,0.0,0.0,375.3396240848019,380.9848885185081,0.0,7.0
0.0197,1.2649958776229202,374.59304375771916,0.0,0.0,1.0,1.0,0.0,0.0,0.0,375.3396240848019,380.9848885185081,0.0,7.0
0.0198,1.3024551687099004,374.59274402873797,0.0,0.0,1.0,1.0,0.0,0.0,0.0,375.3396240848019,380.9848885185081,0.0,7.0
0.0199,1.3399144130753355,374.59204334113633,0.0,0.0,1.0,1.0,0.0,0.0,0.0,375.3396240848019,380.9848885185081,0.0,7.0
0.02,1.3773735511786842,374.59056019379096,0.0,0.0,1.0,1.0,0.0,0.0,0.0,375.3396240848019,380.9848885185081,0.0,7.0
0.0201,1.414832489719804,374.58802409151485,0.0,0.0,1.0,1.0,0.0,0.0,0.0,375.3396240848019,380.9848885185081,0.0,7.0
0.0202,1.4522911203594902,374.5844339733985,0.0,0.0,1.0,1.0,0.0,0.0,0.0,375.3396240848019,380.9848885185081,0.0,7.0
0.0203,1.48974935573196,374.58024157911564,0.0,0.0,1.0,1.0,0.0,0.0,0.0,375.3396240848019,380.9848885185081,0.0,7.0
0.0204,1.527207183818988,374.57652928469764,0.0,0.0,1.0,1.0,0.0,0.0,0.0,375.3396240848019,380.9848885185081,0.0,7.0
0.0205,1.5646647380451126,374.575105785942,0.0,0.0,1.0,1.0,0.0,0.0,0.0,375.3396240848019,380.9848885185081,0.0,7.0
0.0206,1.6021222486237077,374.575105785942,0.0,0.0,1.0,1.0,0.0,0.0,0.0,375.3396240848019,380.9848885185081,0.0,7.0
0.0207,1.6395797592023027,374.575105785942,0.0,0.0,1.0,1.0,0.0,0.0,0.0,375.3396240848019,380.9848885185081,0.0,7.0
0.0208,1.6770372696262974,374.5750913447254,0.0,0.0,1.0,1.0,0.0,0.0,0.0,375.3396240848019,380.9848885185081,0.0,7.0
0.0209,1.714494762965597,374.57464057454393,0.0,0.0,1.0,1.0,0.0,0.0,0.0,375.3396240848019,380.9848885185081,0.0,7.0
0.021,1.7519521638744429,374.5731911488151,0.0,0.0,1.0,1.0,0.0,0.0,0.0,375.3396240848019,380.9848885185081,0.0,7.0
0.0211,1.7894093646705975,374.5706566259531,0.0,0.0,1.0,1.0,0.0,0.0,0.0,375.3396240848019,380.9848885185081,0.0,7.0
0.0212,1.8268662667319249,374.56727280016054,0.0,0.0,1.0,1.0,0.0,0.0,0.0,375.3396240848019,380.9848885185081,0.0,7.0
0.0213,1.864322803677217,374.56342266302374,0.0,0.0,1.0,1.0,0.0,0.0,0.0,375.3396240848019,380.9848885185081,0.0,7.0
0.0214,1.9017789490652588,374.55950411904087,0.0,0.0,1.0,1.0,0.0,0.0,0.0,375.3396240848019,380.9848885185081,0.0,7.0
0.0215,1.9392347133650518,374.5558479435209,0.0,0.0,1.0,1.0,0.0,0.0,0.0,375.3396240848019,380.9848885185081,0.0,7.0
0.0216,1.9766901351359907,374.5526827945743,0.0,0.0,1.0,1.0,0.0,0.0,0.0,375.3396240848019,380.9848885185081,0.0,7.0
0.0217,2.014145270655586,374.5501370433448,0.0,0.0,1.0,1.0,0.0,0.0,0.0,375.3396240848019,380.9848885185081,0.0,7.0
0.0218,2.051600184997008,374.54826345290365,0.0,0.0,1.0,1.0,0.0,0.0,0.0,375.3396240848019,380.9848885185081,0.0,7.0
0.0219,2.0890549460921384,374.5470717748515,0.0,0.0,1.0,1.0,0.0,0.0,0.0,375.3396240848019,380.9848885185081,0.0,7.0
0.022,2.12650962187919,374.546555865357,0.0,1.0,1.0,3.0,0.0,0.0,0.0,373.99912542735626,379.2384477457201,0.0,8.0
0.0221,2.163964275227488,374.54653125030734,0.0,1.0,1.0,3.0,0.0,0.0,0.0,373.99912542735626,379.2384477457201,0.0,8.0
0.0222,2.2014189283525196,374.54653125030734,0.0,1.0,1.0,3.0,0.0,0.0,0.0,373.99912542735626,379.2384477457201,0.0,8.0
0.0223,2.2388735814775513,374.54653125030734,0.0,1.0,1.0,3.0,0.0,0.0,0.0,373.99912542735626,379.2384477457201,0.0,8.0
0.0224,2.276328234602583,374.54653125030734,0.0,1.0,1.0,3.0,0.0,0.0,0.0,373.99912542735626,379.2384477457201,0.0,8.0
0.0225,2.3137828877276148,374.546531249257,0.0,1.0,1.0,3.0,0.0,0.0,0.0,373.99912542735626,379.2384477457201,0.0,8.0
0.0226,2.351237539155974,374.5464645469702,0.0,1.0,1.0,3.0,0.0,0.0,0.0,373.99912542735626,379.2384477457201,0.0,8.0
0.0227,2.388692167497489,374.5460034277295,0.0,1.0,1.0,3.0,0.0,0.0,0.0,373.99912542735626,379.2384477457201,0.0,8.0
0.0228,2.4261467139093735,374.54476805737005,0.0,1.0,1.0,3.0,0.0,0.0,0.0,373.99912542735626,379.2384477457201,0.0,8.0
0.0229,2.4636010862237656,374.54249524050516,0.0,1.0,1.0,3.0,0.0,0.0,0.0,373.99912542735626,379.2384477457201,0.0,8.0
0.023,2.501055178303493,374.5391981601108,0.0,1.0,1.0,3.0,0.0,0.0,0.0,373.99912542735626,379.2384477457201,0.0,8.0
0.0231,2.538508906773673,374.53535002337054,0.0,1.0,1.0,3.0,0.0,0.0,0.0,373.99912542735626,379.2384477457201,0.0,8.0
0.0232,2.5759622660717256,374.5320606939921,0.0,1.0,1.0,3.0,0.0,0.0,0.0,373.99912542735626,379.2384477457201,0.0,8.0
0.0233,2.613415397926361,374.5310584180528,0.0,1.0,1.0,3.0,0.0,0.0,0.0,373.99912542735626,379.2384477457201,0.0,8.0
0.0234,2.6508685037681667,374.5310584180528,0.0,1.0,1.0,3.0,0.0,0.0,0.0,373.99912542735626,379.2384477457201,0.0,8.0
0.0235,2.6883216096099725,374.5310584180528,0.0,1.0,1.0,3.0,0.0,0.0,0.0,373.99912542735626,379.2384477457201,0.0,8.0
0.0236,2.7257747152673875,374.53104201727314,0.0,1.0,1.0,3.0,0.0,0.0,0.0,373.99912542735626,379.2384477457201,0.0,8.0
0.0237,2.763227803181616,374.53058160714033,0.0,1.0,1.0,3.0,0.0,0.0,0.0,373.99912542735626,379.2384477457201,0.0,8.0
0.0238,2.8006807981398203,374.52913478690795,0.0,1.0,1.0,3.0,0.0,0.0,0.0,373.99912542735626,379.2384477457201,0.0,8.0
0.0239,2.8381335945848174,374.52663171778045,0.0,1.0,1.0,3.0,0.0,0.0,0.0,373.99912542735626,379.2384477457201,0.0,8.0
0.024,2.875586097272888,374.52331684820035,0.0,1.0,1.0,3.0,0.0,0.0,0.0,373.99912542735626,379.2384477457201,0.0,8.0
0.0241,2.9130382437320033,374.5195754532434,0.0,1.0,1.0,3.0,0.0,0.0,0.0,373.99912542735626,379.2384477457201,0.0,8.0
0.0242,2.9504900114259818,374.51580343080826,0.0,1.0,1.0,3.0,0.0,0.0,0.0,373.99912542735626,379.2384477457201,0.0,8.0
0.0243,2.9879414144013556,374.5123273379751,0.0,1.0,1.0,3.0,0.0,0.0,0.0,373.99912542735626,379.2384477457201,0.0,8.0
0.0244,3.025392494336706,374.5093711305814,0.0,1.0,1.0,3.0,0.0,0.0,0.0,373.99912542735626,379.2384477457201,0.0,8.0
0.0245,3.062843310186113,374.50705917619996,0.0,1.0,1.0,3.0,0.0,0.0,0.0,373.99912542735626,379.2384477457201,0.0,8.0
0.0246,3.1002939293601703,374.5054415027084,0.0,1.0,1.0,3.0,0.0,0.0,0.0,373.99912542735626,379.2384477457201,0.0,8.0
0.0247,3.137744421919857,374.50452638615735,0.0,1.0,1.0,3.0,0.0,0.0,0.0,373.99912542735626,379.2384477457201,0.0,8.0
0.0248,-3.1079904494190793,374.5042955644429,0.0,1.0,0.0,2.0,0.0,0.0,0.0,373.99912542735626,377.92861716612913,0.0,9.0
0.0249,-3.070540019862636,374.5042955644429,0.0,1.0,0.0,2.0,0.0,0.0,0.0,373.99912542735626,377.92861716612913,0.0,9.0
0.025,-3.03308959030619,374.5042955644429,0.0,1.0,0.0,2.0,0.0,0.0,0.0,373.99912542735626,377.92861716612913,0.0,9.0
0.0251,-2.9956391607497466,374.5042955644429,0.0,1.0,0.0,2.0,0.0,0.0,0.0,373.99912542735626,377.92861716612913,0.0,9.0
0.0252,-2.958188731193303,374.5042955644429,0.0,1.0,0.0,2.0,0.0,0.0,0.0,373.99912542735626,377.92861716612913,0.0,9.0
0.0253,-2.9207383016368595,374.5042955644429,0.0,1.0,0.0,2.0,0.0,0.0,0.0,373.99912542735626,377.92861716612913,0.0,9.0
0.0254,-2.8832878736175873,374.5042334887557,0.0,1.0,0.0,2.0,0.0,0.0,0.0,373.99912542735626,377.92861716612913,0.0,9.0
0.0255,-2.845837467808512,374.50378522246723,0.0,1.0,0.0,2.0,0.0,0.0,0.0,373.99912542735626,377.92861716612913,0.0,9.0
0.0256,-2.808387142175346,374.50257278327194,0.0,1.0,0.0,2.0,0.0,0.0,0.0,373.99912542735626,377.92861716612913,0.0,9.0
0.0257,-2.7709369875673593,374.5003402119955,0.0,1.0,0.0,2.0,0.0,0.0,0.0,373.99912542735626,377.92861716612913,0.0,9.0
0.0258,-2.7334871077566443,374.4971145184156,0.0,1.0,0.0,2.0,0.0,0.0,0.0,373.99912542735626,377.92861716612913,0.0,9.0
0.0259,-2.6960375820264035,374.4933895439791,0.0,1.0,0.0,2.0,0.0,0.0,0.0,373.99912542735626,377.92861716612913,0.0,9.0
0.026,-2.6585884094866286,374.49030140823805,0.0,1.0,0.0,2.0,0.0,0.0,0.0,373.99912542735626,377.92861716612913,0.0,9.0
0.0261,-2.6211394406636903,374.4895038506933,0.0,1.0,0.0,2.0,0.0,0.0,0.0,373.99912542735626,377.92861716612913,0.0,9.0
0.0262,-2.583690490278619,374.4895038506933,0.0,1.0,0.0,2.0,0.0,0.0,0.0,373.99912542735626,377.92861716612913,0.0,9.0
0.0263,-2.5462415398935474,374.4895038506933,0.0,1.0,0.0,2.0,0.0,0.0,0.0,373.99912542735626,377.92861716612913,0.0,9.0
0.0264,-2.508792589722354,374.4894856050907,0.0,1.0,0.0,2.0,0.0,0.0,0.0,373.99912542735626,377.92861716612913,0.0,9.0
0.0265,-2.4713436578647356,374.4890173151082,0.0,1.0,0.0,2.0,0.0,0.0,0.0,373.99912542735626,377.92861716612913,0.0,9.0
0.0266,-2.4338948192808902,374.48757517263664,0.0,1.0,0.0,2.0,0.0,0.0,0.0,373.99912542735626,377.92861716612913,0.0,9.0
0.0267,-2.3964461774577313,374.4851043340265,0.0,1.0,0.0,2.0,0.0,0.0,0.0,373.99912542735626,377.92861716612913,0.0,9.0
0.0268,-2.3589978244427656,374.4818569539155,0.0,1.0,0.0,2.0,0.0,0.0,0.0,373.99912542735626,377.92861716612913,0.0,9.0
0.0269,-2.3215498190463864,374.4782202098384,0.0,1.0,0.0,2.0,0.0,0.0,0.0,373.99912542735626,377.92861716612913,0.0,9.0
0.027,-2.2841021801633032,374.47458802554587,0.0,1.0,0.0,2.0,0.0,0.0,0.0,373.99912542735626,377.92861716612913,0.0,9.0
0.0271,-2.2466548904162127,374.47128301596916,0.0,1.0,0.0,2.0,0.0,0.0,0.0,373.99912542735626,377.92861716612913,0.0,9.0
0.0272,-2.209207905220811,374.468524801776,0.0,1.0,0.0,2.0,0.0,0.0,0.0,373.99912542735626,377.92861716612913,0.0,9.0
0.0273,-2.171761163123603,374.46643409045447,0.0,1.0,0.0,2.0,0.0,0.0,0.0,373.99912542735626,377.92861716612913,0.0,9.0
0.0274,-2.134314594523576,374.46505842764645,0.0,1.0,0.0,2.0,0.0,0.0,0.0,373.99912542735626,377.92861716612913,0.0,9.0
0.0275,-2.0968681273578205,374.4644047581196,0.0,1.0,0.0,2.0,0.0,0.0,0.0,373.99912542735626,377.92861716612913,0.0,9.0
0.0276,-2.059421692134314,374.464343838708,1.0,1.0,0.0,6.0,0.0,0.0,0.0,375.3396240848019,377.2813688957973,0.0,10.0
0.0277,-2.0219752577504453,374.464343838708,1.0,1.0,0.0,6.0,0.0,0.0,0.0,375.3396240848019,377.2813688957973,0.0,10.0
0.0278,-1.984528823366574,374.464343838708,1.0,1.0,0.0,6.0,0.0,0.0,0.0,375.3396240848019,377.2813688957973,0.0,10.0
0.0279,-1.9470823889826994,374.464343838708,1.0,1.0,0.0,6.0,0.0,0.0,0.0,375.3396240848019,377.2813688957973,0.0,10.0
0.028,-1.9096359545988257,374.464343838708,1.0,1.0,0.0,6.0,0.0,0.0,0.0,375.3396240848019,377.2813688957973,0.0,10.0
0.0281,-1.872189520214952,374.464343838708,1.0,1.0,0.0,6.0,0.0,0.0,0.0,375.3396240848019,377.2813688957973,0.0,10.0
0.0282,-1.834743087225643,374.46428602701025,1.0,1.0,0.0,6.0,0.0,0.0,0.0,375.3396240848019,377.2813688957973,0.0,10.0
0.0283,-1.7972966756106996,374.46385018616394,1.0,1.0,0.0,6.0,0.0,0.0,0.0,375.3396240848019,377.2813688957973,0.0,10.0
0.0284,-1.7598503424622134,374.4626601946244,1.0,1.0,0.0,6.0,0.0,0.0,0.0,375.3396240848019,377.2813688957973,0.0,10.0
0.0285,-1.7224041773312107,374.4604669596525,1.0,1.0,0.0,6.0,0.0,0.0,0.0,375.3396240848019,377.2813688957973,0.0,10.0
0.0286,-1.68495828170632,374.4573104455192,1.0,1.0,0.0,6.0,0.0,0.0,0.0,375.3396240848019,377.2813688957973,0.0,10.0
0.0287,-1.6475127309760496,374.45370368976415,1.0,1.0,0.0,6.0,0.0,0.0,0.0,375.3396240848019,377.2813688957973,0.0,10.0
0.0288,-1.610067518165801,374.45080710183163,1.0,1.0,0.0,6.0,0.0,0.0,0.0,375.3396240848019,377.2813688957973,0.0,10.0
0.0289,-1.5726224873395922,374.4501798113152,1.0,1.0,0.0,6.0,0.0,0.0,0.0,375.3396240848019,377.2813688957973,0.0,10.0
0.029,-1.5351774693584592,374.4501798113152,1.0,1.0,0.0,6.0,0.0,0.0,0.0,375.3396240848019,377.2813688957973,0.0,10.0
0.0291,-1.4977324513773274,374.4501798113152,1.0,1.0,0.0,6.0,0.0,0.0,0.0,375.3396240848019,377.2813688957973,0.0,10.0
0.0292,-1.4602874336383609,374.45015987260757,1.0,1.0,0.0,6.0,0.0,0.0,0.0,375.3396240848019,377.2813688957973,0.0,10.0
0.0293,-1.4228424346944228,374.4496853946201,1.0,1.0,0.0,6.0,0.0,0.0,0.0,375.3396240848019,377.2813688957973,0.0,10.0
0.0294,-1.385397529146815,374.4482498447621,1.0,1.0,0.0,6.0,0.0,0.0,0.0,375.3396240848019,377.2813688957973,0.0,10.0
0.0295,-1.347952818468438,374.44581190942904,1.0,1.0,0.0,6.0,0.0,0.0,0.0,375.3396240848019,377.2813688957973,0.0,10.0
0.0296,-1.3105083916820932,374.4426306005787,1.0,1.0,0.0,6.0,0.0,0.0,0.0,375.3396240848019,377.2813688957973,0.0,10.0
0.0297,-1.2730643041657042,374.43909467289296,1.0,1.0,0.0,6.0,0.0,0.0,0.0,375.3396240848019,377.2813688957973,0.0,10.0
0.0298,-1.2356205714140305,374.43559612758446,1.0,1.0,0.0,6.0,0.0,0.0,0.0,375.3396240848019,377.2813688957973,0.0,10.0
0.0299,-1.1981771729431783,374.43245390667363,1.0,1.0,0.0,6.0,0.0,0.0,0.0,375.3396240848019,377.2813688957973,0.0,10.0
0.03,-1.1607340614555148,374.42988364122795,1.0,1.0,0.0,6.0,0.0,0.0,0.0,375.3396240848019,377.2813688957973,0.0,10.0
0.0301,-1.1232911731567115,374.4280026959157,1.0,1.0,0.0,6.0,0.0,0.0,0.0,375.3396240848019,377.2813688957973,0.0,10.0
0.0302,-1.0858484363862502,374.42685636368,1.0,1.0,0.0,6.0,0.0,0.0,0.0,375.3396240848019,377.2813688957973,0.0,10.0
0.0303,-1.0484057771924085,374.42645038602217,1.0,1.0,0.0,6.0,0.0,0.0,0.0,375.3396240848019,377.2813688957973,0.0,10.0
0.0304,-1.010963132251426,374.4264493925717,1.0,0.0,0.0,4.0,0.0,0.0,0.0,374.64007621482216,376.62104572555353,0.0,11.0
0.0305,-0.9735204873121686,374.4264493925717,1.0,0.0,0.0,4.0,0.0,0.0,0.0,374.64007621482216,376.62104572555353,0.0,11.0
0.0306,-0.936077842372911,374.4264493925717,1.0,0.0,0.0,4.0,0.0,0.0,0.0,374.64007621482216,376.62104572555353,0.0,11.0
0.0307,-0.8986351974336523,374.4264493925717,1.0,0.0,0.0,4.0,0.0,0.0,0.0,374.64007621482216,376.62104572555353,0.0,11.0
0.0308,-0.8611925524943947,374.4264493925717,1.0,0.0,0.0,4.0,0.0,0.0,0.0,374.64007621482216,376.62104572555353,0.0,11.0
0.0309,-0.8237499075551372,374.4264493925717,1.0,0.0,0.0,4.0,0.0,0.0,0.0,374.64007621482216,376.62104572555353,0.0,11.0
0.031,-0.7863072638813379,374.4263955561365,1.0,0.0,0.0,4.0,0.0,0.0,0.0,374.64007621482216,376.62104572555353,0.0,11.0
0.0311,-0.748864640776468,374.425971848127,1.0,0.0,0.0,4.0,0.0,0.0,0.0,374.64007621482216,376.62104572555353,0.0,11.0
0.0312,-0.7114220944572436,374.4248039941027,1.0,0.0,0.0,4.0,0.0,0.0,0.0,374.64007621482216,376.62104572555353,0.0,11.0
0.0313,-0.6739797131939912,374.4226493799166,1.0,0.0,0.0,4.0,0.0,0.0,0.0,374.64007621482216,376.62104572555353,0.0,11.0
0.0314,-0.6365375962715561,374.4195600544224,1.0,0.0,0.0,4.0,0.0,0.0,0.0,374.64007621482216,376.62104572555353,0.0,11.0
0.0315,-0.599095815377073,374.4160668461985,1.0,0.0,0.0,4.0,0.0,0.0,0.0,374.64007621482216,376.62104572555353,0.0,11.0
0.0316,-0.5616543578105654,374.41335255951674,1.0,0.0,0.0,4.0,0.0,0.0,0.0,374.64007621482216,376.62104572555353,0.0,11.0
0.0317,-0.5242130624403004,374.4128660560494,1.0,0.0,0.0,4.0,0.0,0.0,0.0,374.64007621482216,376.62104572555353,0.0,11.0
0.0318,-0.48677177583470466,374.4128660560494,1.0,0.0,0.0,4.0,0.0,0.0,0.0,374.64007621482216,376.62104572555353,0.0,11.0
0.0319,-0.4493304892291114,374.4128660560494,1.0,0.0,0.0,4.0,0.0,0.0,0.0,374.64007621482216,376.62104572555353,0.0,11.0
0.032,-0.4118892028919596,374.4128446057642,1.0,0.0,0.0,4.0,0.0,0.0,0.0,374.64007621482216,376.62104572555353,0.0,11.0
0.0321,-0.3744479357426546,374.41236555729176,1.0,0.0,0.0,4.0,0.0,0.0,0.0,374.64007621482216,376.62104572555353,0.0,11.0
0.0322,-0.3370067619295312,374.41093836325257,1.0,0.0,0.0,4.0,0.0,0.0,0.0,374.64007621482216,376.62104572555353,0.0,11.0
0.0323,-0.2995657809689167,374.4085338996773,1.0,0.0,0.0,4.0,0.0,0.0,0.0,374.64007621482216,376.62104572555353,0.0,11.0
0.0324,-0.26212507902107357,374.40541727280214,1.0,0.0,0.0,4.0,0.0,0.0,0.0,374.64007621482216,376.62104572555353,0.0,11.0
0.0325,-0.2246847082446195,374.4019785365166,1.0,0.0,0.0,4.0,0.0,0.0,0.0,374.64007621482216,376.62104572555353,0.0,11.0
0.0326,-0.18724468095682975,374.3986078364658,1.0,0.0,0.0,4.0,0.0,0.0,0.0,374.64007621482216,376.62104572555353,0.0,11.0
0.0327,-0.14980497377201907,374.39562070386205,1.0,0.0,0.0,4.0,0.0,0.0,0.0,374.64007621482216,376.62104572555353,0.0,11.0
0.0328,-0.11236553685366504,374.39322910615175,1.0,0.0,0.0,4.0,0.0,0.0,0.0,374.64007621482216,376.62104572555353,0.0,11.0
0.0329,-0.07492630420941496,374.3915473591938,1.0,0.0,0.0,4.0,0.0,0.0,0.0,374.64007621482216,376.62104572555353,0.0,11.0
0.033,-0.03748720223664247,374.39061871235464,1.0,0.0,0.0,4.0,0.0,0.0,0.0,374.64007621482216,376.62104572555353,0.0,11.0
0.0331,-4.8155452804509195e-05,374.39041968905985,1.0,0.0,0.0,4.0,0.0,0.0,0.0,374.64007621482216,376.62104572555353,0.0,11.0
0.0332,0.037390886516092244,374.39041968905985,1.0,0.0,1.0,5.0,0.0,0.0,0.0,373.36036402801494,375.80587530116884,0.0,12.0
0.0333,0.07482992848498893,374.39041968905985,1.0,0.0,1.0,5.0,0.0,0.0,0.0,373.36036402801494,375.80587530116884,0.0,12.0
0.0334,0.11226897045388301,374.39041968905985,1.0,0.0,1.0,5.0,0.0,0.0,0.0,373.36036402801494,375.80587530116884,0.0,12.0
0.0335,0.14970801242277992,374.39041968905985,1.0,0.0,1.0,5.0,0.0,0.0,0.0,373.36036402801494,375.80587530116884,0.0,12.0
0.0336,0.18714705439167442,374.39041968905985,1.0,0.0,1.0,5.0,0.0,0.0,0.0,373.36036402801494,375.80587530116884,0.0,12.0
0.0337,0.22458609636057147,374.39041968905985,1.0,0.0,1.0,5.0,0.0,0.0,0.0,373.36036402801494,375.80587530116884,0.0,12.0
0.0338,0.2620251371820343,374.3903695936594,1.0,0.0,1.0,5.0,0.0,0.0,0.0,373.36036402801494,375.80587530116884,0.0,12.0
0.0339,0.29946415821735767,374.3899578268481,1.0,0.0,1.0,5.0,0.0,0.0,0.0,373.36036402801494,375.80587530116884,0.0,12.0
0.034,0.3369031041308728,374.3888119290421,1.0,0.0,1.0,5.0,0.0,0.0,0.0,373.36036402801494,375.80587530116884,0.0,12.0
0.0341,0.37434188791736106,374.3866953625106,1.0,0.0,1.0,5.0,0.0,0.0,0.0,373.36036402801494,375.80587530116884,0.0,12.0
0.0342,0.41178041241750873,374.38367139563024,1.0,0.0,1.0,5.0,0.0,0.0,0.0,373.36036402801494,375.80587530116884,0.0,12.0
0.0343,0.44921860945541314,374.3802872759929,1.0,0.0,1.0,5.0,0.0,0.0,0.0,373.36036402801494,375.80587530116884,0.0,12.0
0.0344,0.48665649710543774,374.3777463747036,1.0,0.0,1.0,5.0,0.0,0.0,0.0,373.36036402801494,375.80587530116884,0.0,12.0
0.0345,0.5240942404783048,374.3773754137198,1.0,0.0,1.0,5.0,0.0,0.0,0.0,373.36036402801494,375.80587530116884,0.0,12.0
0.0346,0.5615319780196655,374.3773754137198,1.0,0.0,1.0,5.0,0.0,0.0,0.0,373.36036402801494,375.80587530116884,0.0,12.0
0.0347,0.5989697155610287,374.3773754137198,1.0,0.0,1.0,5.0,0.0,0.0,0.0,373.36036402801494,375.80587530116884,0.0,12.0
0.0348,0.6364074528103731,374.37735265629874,1.0,0.0,1.0,5.0,0.0,0.0,0.0,373.36036402801494,375.80587530116884,0.0,12.0
0.0349,0.6738451705664912,374.37687057693074,1.0,0.0,1.0,5.0,0.0,0.0,0.0,373.36036402801494,375.80587530116884,0.0,12.0
0.035,0.7112827952171236,374.3754533577317,1.0,0.0,1.0,5.0,0.0,0.0,0.0,373.36036402801494,375.80587530116884,0.0,12.0
0.0351,0.7487202291442041,374.37308283348636,1.0,0.0,1.0,5.0,0.0,0.0,0.0,373.36036402801494,375.80587530116884,0.0,12.0
0.0352,0.7861573888962167,374.3700295162103,1.0,0.0,1.0,5.0,0.0,0.0,0.0,373.36036402801494,375.80587530116884,0.0,12.0
0.0353,0.8235942253347242,374.36668452142595,1.0,0.0,1.0,5.0,0.0,0.0,0.0,373.36036402801494,375.80587530116884,0.0,12.0
0.0354,0.8610307291141206,374.3634362183956,1.0,0.0,1.0,5.0,0.0,0.0,0.0,373.36036402801494,375.80587530116884,0.0,12.0
0.0355,0.8984669263338615,374.36059698230923,1.0,0.0,1.0,5.0,0.0,0.0,0.0,373.36036402801494,375.80587530116884,0.0,12.0
0.0356,0.9359028692104008,374.3583754250806,1.0,0.0,1.0,5.0,0.0,0.0,0.0,373.36036402801494,375.80587530116884,0.0,12.0
0.0357,0.9733386258047885,374.3568830870619,1.0,0.0,1.0,5.0,0.0,0.0,0.0,373.36036402801494,375.80587530116884,0.0,12.0
0.0358,1.0107742715558647,374.35616136528785,1.0,0.0,1.0,5.0,0.0,0.0,0.0,373.36036402801494,375.80587530116884,0.0,12.0
0.0359,1.048209881538835,374.356089503266,0.0,0.0,1.0,1.0,1.0,1.0,1.0,375.3396240848019,375.68931249707714,0.0,13.0
0.036,1.08564549048915,374.356089503266,0.0,0.0,1.0,1.0,0.0,0.0,0.0,375.3396240848019,375.68931249707714,0.0,13.0
0.0361,1.1230810994394675,374.356089503266,0.0,0.0,1.0,1.0,0.0,0.0,0.0,375.3396240848019,375.68931249707714,0.0,13.0
0.0362,1.1605167083897852,374.356089503266,0.0,0.0,1.0,1.0,0.0,0.0,0.0,375.3396240848019,375.68931249707714,0.0,13.0
0.0363,1.1979523173401,374.356089503266,0.0,0.0,1.0,1.0,0.0,0.0,0.0,375.3396240848019,375.68931249707714,0.0,13.0
0.0364,1.2353879262904177,374.356089503266,0.0,0.0,1.0,1.0,0.0,0.0,0.0,375.3396240848019,375.68931249707714,0.0,13.0
0.0365,1.2728235352407327,374.356089503266,0.0,0.0,1.0,1.0,0.0,0.0,0.0,375.3396240848019,375.68931249707714,0.0,13.0
0.0366,1.310259143152332,374.35604295418364,0.0,0.0,1.0,1.0,0.0,0.0,0.0,375.3396240848019,375.68931249707714,0.0,13.0
0.0367,1.3476947320436292,374.3556430120979,0.0,0.0,1.0,1.0,0.0,0.0,0.0,375.3396240848019,375.68931249707714,0.0,13.0
0.0368,1.3851302474686447,374.3545189845422,0.0,0.0,1.0,1.0,0.0,0.0,0.0,375.3396240848019,375.68931249707714,0.0,13.0
0.0369,1.4225656036730374,374.3524399970068,0.0,0.0,1.0,1.0,0.0,0.0,0.0,375.3396240848019,375.68931249707714,0.0,13.0
0.037,1.4600007055458082,374.34947967936984,0.0,0.0,1.0,1.0,0.0,0.0,0.0,375.3396240848019,375.68931249707714,0.0,13.0
0.0371,1.4974354882352243,374.3462003591587,0.0,0.0,1.0,1.0,0.0,0.0,0.0,375.3396240848019,375.68931249707714,0.0,13.0
0.0372,1.5348699748468517,374.3438242100072,0.0,0.0,1.0,1.0,0.0,0.0,0.0,375.3396240848019,375.68931249707714,0.0,13.0
0.0373,1.5723043333264868,374.3435471809827,0.0,0.0,1.0,1.0,0.0,0.0,0.0,375.3396240848019,375.68931249707714,0.0,13.0
0.0374,1.6097386880445752,374.3435471809827,0.0,0.0,1.0,1.0,0.0,0.0,0.0,375.3396240848019,375.68931249707714,0.0,13.0
0.0375,1.6471730427626612,374.3435471809827,0.0,0.0,1.0,1.0,0.0,0.0,0.0,375.3396240848019,375.68931249707714,0.0,13.0
0.0376,1.6846073971684439,374.3435233373053,0.0,0.0,1.0,1.0,0.0,0.0,0.0,375.3396240848019,375.68931249707714,0.0,13.0
0.0377,1.7220417318610708,374.34303968691296,0.0,0.0,1.0,1.0,0.0,0.0,0.0,375.3396240848019,375.68931249707714,0.0,13.0
0.0378,1.7594759738377572,374.34163392572185,0.0,0.0,1.0,1.0,0.0,0.0,0.0,375.3396240848019,375.68931249707714,0.0,13.0
0.0379,1.796910027319852,374.3392977129309,0.0,0.0,1.0,1.0,0.0,0.0,0.0,375.3396240848019,375.68931249707714,0.0,13.0
0.038,1.83434381141832,374.33630634275795,0.0,0.0,1.0,1.0,0.0,0.0,0.0,375.3396240848019,375.68931249707714,0.0,13.0
0.0381,1.871777279828306,374.33305178921245,0.0,0.0,1.0,1.0,0.0,0.0,0.0,375.3396240848019,375.68931249707714,0.0,13.0
0.0382,1.9092104259846525,374.3299207339572,0.0,0.0,1.0,1.0,0.0,0.0,0.0,375.3396240848019,375.68931249707714,0.0,13.0
0.0383,1.9466432785272734,374.3272226435419,0.0,0.0,1.0,1.0,0.0,0.0,0.0,375.3396240848019,375.68931249707714,0.0,13.0
0.0384,1.98407589190699,374.32516306605254,0.0,0.0,1.0,1.0,0.0,0.0,0.0,375.3396240848019,375.68931249707714,0.0,13.0
0.0385,2.0215083361358506,374.3238510211329,0.0,0.0,1.0,1.0,0.0,0.0,0.0,375.3396240848019,375.68931249707714,0.0,13.0
0.0386,2.058940688392917,374.32332622902595,0.0,0.0,1.0,1.0,0.0,0.0,0.0,375.3396240848019,375.68931249707714,0.0,13.0
0.0387,2.0963730200259825,374.3233157629936,0.0,1.0,1.0,3.0,0.0,0.0,0.0,374.4969032816424,375.3912101932185,0.0,14.0
0.0388,2.1338053516022706,374.3233157629936,0.0,1.0,1.0,3.0,0.0,0.0,0.0,374.4969032816424,375.3912101932185,0.0,14.0
0.0389,2.171237683178556,374.3233157629936,0.0,1.0,1.0,3.0,0.0,0.0,0.0,374.4969032816424,375.3912101932185,0.0,14.0
0.039,2.208670014754844,374.3233157629936,0.0,1.0,1.0,3.0,0.0,0.0,0.0,374.4969032816424,375.3912101932185,0.0,14.0
0.0391,2.2461023463311323,374.3233157629936,0.0,1.0,1.0,3.0,0.0,0.0,0.0,374.4969032816424,375.3912101932185,0.0,14.0
0.0392,2.2835346779074177,374.3233157629936,0.0,1.0,1.0,3.0,0.0,0.0,0.0,374.4969032816424,375.3912101932185,0.0,14.0
0.0393,2.320967009483706,374.3233157629936,0.0,1.0,1.0,3.0,0.0,0.0,0.0,374.4969032816424,375.3912101932185,0.0,14.0
0.0394,2.358399340121947,374.3232725938685,0.0,1.0,1.0,3.0,0.0,0.0,0.0,374.4969032816424,375.3912101932185,0.0,14.0
0.0395,2.395831652492923,374.3228844153162,0.0,1.0,1.0,3.0,0.0,0.0,0.0,374.4969032816424,375.3912101932185,0.0,14.0
0.0396,2.433263893051217,374.3217822418733,0.0,1.0,1.0,3.0,0.0,0.0,0.0,374.4969032816424,375.3912101932185,0.0,14.0
0.0397,2.4706959772800468,374.3197404409924,0.0,1.0,1.0,3.0,0.0,0.0,0.0,374.4969032816424,375.3912101932185,0.0,14.0
0.0398,2.508127812040482,374.3168421550014,0.0,1.0,1.0,3.0,0.0,0.0,0.0,374.4969032816424,375.3912101932185,0.0,14.0
0.0399,2.5455593356208177,374.31366348513706,0.0,1.0,1.0,3.0,0.0,0.0,0.0,374.4969032816424,375.3912101932185,0.0,14.0
0.04,2.582990575822303,374.3114437039044,0.0,1.0,1.0,3.0,0.0,0.0,0.0,374.4969032816424,375.3912101932185,0.0,14.0
0.0401,2.620421702369612,374.31124213207625,0.0,1.0,1.0,3.0,0.0,0.0,0.0,374.4969032816424,375.3912101932185,0.0,14.0
0.0402,2.6578528265828067,374.31124213207625,0.0,1.0,1.0,3.0,0.0,0.0,0.0,374.4969032816424,375.3912101932185,0.0,14.0
0.0403,2.6952839507960014,374.31124213207625,0.0,1.0,1.0,3.0,0.0,0.0,0.0,374.4969032816424,375.3912101932185,0.0,14.0
0.0404,2.7327150746803155,374.31121743348825,0.0,1.0,1.0,3.0,0.0,0.0,0.0,374.4969032816424,375.3912101932185,0.0,14.0
0.0405,2.770146178714435,374.31073359178424,0.0,1.0,1.0,3.0,0.0,0.0,0.0,374.4969032816424,375.3912101932185,0.0,14.0
0.0406,2.80757719056981,374.3093406446108,0.0,1.0,1.0,3.0,0.0,0.0,0.0,374.4969032816424,375.3912101932185,0.0,14.0
0.0407,2.8450080162481575,374.3070390265718,0.0,1.0,1.0,3.0,0.0,0.0,0.0,374.4969032816424,375.3912101932185,0.0,14.0
0.0408,2.882438577283588,374.30410824717313,0.0,1.0,1.0,3.0,0.0,0.0,0.0,374.4969032816424,375.3912101932185,0.0,14.0
0.0409,2.919868830029373,374.30094096514534,0.0,1.0,1.0,3.0,0.0,0.0,0.0,374.4969032816424,375.3912101932185,0.0,14.0
0.041,2.9572987705225824,374.2979222707495,0.0,1.0,1.0,3.0,0.0,0.0,0.0,374.4969032816424,375.3912101932185,0.0,14.0
0.0411,2.99472842978314,374.2953589618667,0.0,1.0,1.0,3.0,0.0,0.0,0.0,374.4969032816424,375.3912101932185,0.0,14.0
0.0412,3.032157864362425,374.2934537994199,0.0,1.0,1.0,3.0,0.0,0.0,0.0,374.4969032816424,375.3912101932185,0.0,14.0
0.0413,3.0695871461158637,374.29231352056223,0.0,1.0,1.0,3.0,0.0,0.0,0.0,374.4969032816424,375.3912101932185,0.0,14.0
0.0414,3.1070163538677176,374.29197358104346,0.0,1.0,1.0,3.0,0.0,0.0,0.0,374.4969032816424,375.3912101932185,0.0,14.0
0.0415,-3.1387397559537766,374.29197358104346,0.0,1.0,0.0,2.0,1.0,1.0,1.0,373.50266910003927,374.9190749199237,0.0,15.0
0.0416,-3.1013105585956873,374.29197358104346,0.0,1.0,0.0,2.0,0.0,0.0,0.0,373.50266910003927,374.9190749199237,0.0,15.0
0.0417,-3.0638813612375952,374.29197358104346,0.0,1.0,0.0,2.0,0.0,0.0,0.0,373.50266910003927,374.9190749199237,0.0,15.0
0.0418,-3.026452163879506,374.29197358104346,0.0,1.0,0.0,2.0,0.0,0.0,0.0,373.50266910003927,374.9190749199237,0.0,15.0
0.0419,-2.989022966521414,374.29197358104346,0.0,1.0,0.0,2.0,0.0,0.0,0.0,373.50266910003927,374.9190749199237,0.0,15.0
0.042,-2.951593769163322,374.29197358104346,0.0,1.0,0.0,2.0,0.0,0.0,0.0,373.50266910003927,374.9190749199237,0.0,15.0
0.0421,-2.9141645718052325,374.29197358104346,0.0,1.0,0.0,2.0,0.0,0.0,0.0,373.50266910003927,374.9190749199237,0.0,15.0
0.0422,-2.87673537529163,374.2919336454717,0.0,1.0,0.0,2.0,0.0,0.0,0.0,373.50266910003927,374.9190749199237,0.0,15.0
0.0423,-2.8393061963021498,374.2915572090324,0.0,1.0,0.0,2.0,0.0,0.0,0.0,373.50266910003927,374.9190749199237,0.0,15.0
0.0424,-2.8018770874690913,374.2904769238373,0.0,1.0,0.0,2.0,0.0,0.0,0.0,373.50266910003927,374.9190749199237,0.0,15.0
0.0425,-2.7644481320842895,374.28847197261047,0.0,1.0,0.0,2.0,0.0,0.0,0.0,373.50266910003927,374.9190749199237,0.0,15.0
0.0426,-2.727019421390017,374.2856341717512,0.0,1.0,0.0,2.0,0.0,0.0,0.0,373.50266910003927,374.9190749199237,0.0,15.0
0.0427,-2.689591014139046,374.28255212270756,0.0,1.0,0.0,2.0,0.0,0.0,0.0,373.50266910003927,374.9190749199237,0.0,15.0
0.0428,-2.652162878162479,374.2804805510739,0.0,1.0,0.0,2.0,0.0,0.0,0.0,373.50266910003927,374.9190749199237,0.0,15.0
0.0429,-2.6147348429162856,374.2803386795657,0.0,1.0,0.0,2.0,0.0,0.0,0.0,373.50266910003927,374.9190749199237,0.0,15.0
0.043,-2.5773068090483444,374.2803386795657,0.0,1.0,0.0,2.0,0.0,0.0,0.0,373.50266910003927,374.9190749199237,0.0,15.0
0.0431,-2.539878775180401,374.2803386795657,0.0,1.0,0.0,2.0,0.0,0.0,0.0,373.50266910003927,374.9190749199237,0.0,15.0
0.0432,-2.5024507416538833,374.2803133624618,0.0,1.0,0.0,2.0,0.0,0.0,0.0,373.50266910003927,374.9190749199237,0.0,15.0
0.0433,-2.4650227280348074,374.27983062955855,0.0,1.0,0.0,2.0,0.0,0.0,0.0,373.50266910003927,374.9190749199237,0.0,15.0
0.0434,-2.4275948059202492,374.2784517339959,0.0,1.0,0.0,2.0,0.0,0.0,0.0,373.50266910003927,374.9190749199237,0.0,15.0
0.0435,-2.3901670675870847,374.2761849123682,0.0,1.0,0.0,2.0,0.0,0.0,0.0,373.50266910003927,374.9190749199237,0.0,15.0
0.0436,-2.3527395892110192,374.2733133720926,0.0,1.0,0.0,2.0,0.0,0.0,0.0,373.50266910003927,374.9190749199237,0.0,15.0
0.0437,-2.315312411946017,374.2702303079114,0.0,1.0,0.0,2.0,0.0,0.0,0.0,373.50266910003927,374.9190749199237,0.0,15.0
0.0438,-2.2778855373194817,374.2673193204685,0.0,1.0,0.0,2.0,0.0,0.0,0.0,373.50266910003927,374.9190749199237,0.0,15.0
0.0439,-2.240458932080482,374.26488477158654,0.0,1.0,0.0,2.0,0.0,0.0,0.0,373.50266910003927,374.9190749199237,0.0,15.0
0.044,-2.203032537700631,374.2631268978646,0.0,1.0,0.0,2.0,0.0,0.0,0.0,373.50266910003927,374.9190749199237,0.0,15.0
0.0441,-2.1656062805798966,374.2621503772903,0.0,1.0,0.0,2.0,0.0,0.0,0.0,373.50266910003927,374.9190749199237,0.0,15.0
0.0442,-2.1281800807126063,374.26195315860525,0.0,1.0,0.0,2.0,0.0,0.0,0.0,373.50266910003927,374.9190749199237,0.0,15.0
0.0443,-2.090753885396759,374.26195315860525,1.0,1.0,0.0,6.0,1.0,1.0,1.0,373.9991254273567,374.68908754678193,0.0,16.0
0.0444,-2.0533276900809083,374.26195315860525,1.0,1.0,0.0,6.0,0.0,0.0,0.0,373.9991254273567,374.68908754678193,0.0,16.0
0.0445,-2.015901494765061,374.26195315860525,1.0,1.0,0.0,6.0,0.0,0.0,0.0,373.9991254273567,374.68908754678193,0.0,16.0
0.0446,-1.9784752994492096,374.26195315860525,1.0,1.0,0.0,6.0,0.0,0.0,0.0,373.9991254273567,374.68908754678193,0.0,16.0
0.0447,-1.94104910413336,374.26195315860525,1.0,1.0,0.0,6.0,0.0,0.0,0.0,373.9991254273567,374.68908754678193,0.0,16.0
0.0448,-1.9036229088175076,374.26195315860525,1.0,1.0,0.0,6.0,0.0,0.0,0.0,373.9991254273567,374.68908754678193,0.0,16.0
0.0449,-1.8661967135016553,374.26195315860525,1.0,1.0,0.0,6.0,0.0,0.0,0.0,373.9991254273567,374.68908754678193,0.0,16.0
0.045,-1.8287705189431955,374.2619163237703,1.0,1.0,0.0,6.0,0.0,0.0,0.0,373.9991254273567,374.68908754678193,0.0,16.0
0.0451,-1.7913443411736232,374.26155163558394,1.0,1.0,0.0,6.0,0.0,0.0,0.0,373.9991254273567,374.68908754678193,0.0,16.0
0.0452,-1.753918231898349,374.26049330794586,1.0,1.0,0.0,6.0,0.0,0.0,0.0,373.9991254273567,374.68908754678193,0.0,16.0
0.0453,-1.7164922731963748,374.2585249090832,1.0,1.0,0.0,6.0,0.0,0.0,0.0,373.9991254273567,374.68908754678193,0.0,16.0
0.0454,-1.6790665544877847,374.2557461032595,1.0,1.0,0.0,6.0,0.0,0.0,0.0,373.9991254273567,374.68908754678193,0.0,16.0
0.0455,-1.6416411317444344,374.252756751195,1.0,1.0,0.0,6.0,0.0,0.0,0.0,373.9991254273567,374.68908754678193,0.0,16.0
0.0456,-1.6042159687502624,374.25082544111723,1.0,1.0,0.0,6.0,0.0,0.0,0.0,373.9991254273567,374.68908754678193,0.0,16.0
0.0457,-1.5667908950004383,374.2507298768012,1.0,1.0,0.0,6.0,0.0,0.0,0.0,373.9991254273567,374.68908754678193,0.0,16.0
0.0458,-1.5293658220127673,374.2507298768012,1.0,1.0,0.0,6.0,0.0,0.0,0.0,373.9991254273567,374.68908754678193,0.0,16.0
0.0459,-1.4919407490250962,374.2507298768012,1.0,1.0,0.0,6.0,0.0,0.0,0.0,373.9991254273567,374.68908754678193,0.0,16.0
0.046,-1.4545156763872096,374.2507041777805,1.0,1.0,0.0,6.0,0.0,0.0,0.0,373.9991254273567,374.68908754678193,0.0,16.0
0.0461,-1.417090623637667,374.2502237754734,1.0,1.0,0.0,6.0,0.0,0.0,0.0,373.9991254273567,374.68908754678193,0.0,16.0
0.0462,-1.3796656615914675,374.2488600592784,1.0,1.0,0.0,6.0,0.0,0.0,0.0,373.9991254273567,374.68908754678193,0.0,16.0
0.0463,-1.342240880862601,374.24662816146093,1.0,1.0,0.0,6.0,0.0,0.0,0.0,373.9991254273567,374.68908754678193,0.0,16.0
0.0464,-1.30481635546366,374.24381451331925,1.0,1.0,0.0,6.0,0.0,0.0,0.0,373.9991254273567,374.68908754678193,0.0,16.0
0.0465,-1.2673921242120774,374.24081271823957,1.0,1.0,0.0,6.0,0.0,0.0,0.0,373.9991254273567,374.68908754678193,0.0,16.0
0.0466,-1.229968186356057,374.2380049930867,1.0,1.0,0.0,6.0,0.0,0.0,0.0,373.9991254273567,374.68908754678193,0.0,16.0
0.0467,-1.192544506552569,374.2356934889724,1.0,1.0,0.0,6.0,0.0,0.0,0.0,373.9991254273567,374.68908754678193,0.0,16.0
0.0468,-1.1551210244106318,374.2340761682772,1.0,1.0,0.0,6.0,0.0,0.0,0.0,373.9991254273567,374.68908754678193,0.0,16.0
0.0469,-1.1176976646766592,374.2332558597515,1.0,1.0,0.0,6.0,0.0,0.0,0.0,373.9991254273567,374.68908754678193,0.0,16.0
0.047,-1.0802743473494116,374.23315733748086,1.0,1.0,0.0,6.0,0.0,0.0,0.0,373.9991254273567,374.68908754678193,0.0,16.0
0.0471,-1.0428510316156738,374.23315733748086,1.0,0.0,0.0,4.0,0.0,0.0,0.0,375.3396240847982,374.851721681286,0.0,17.0
0.0472,-1.005427715881939,374.23315733748086,1.0,0.0,0.0,4.0,0.0,0.0,0.0,375.3396240847982,374.851721681286,0.0,17.0
0.0473,-0.9680044001481997,374.23315733748086,1.0,0.0,0.0,4.0,0.0,0.0,0.0,375.3396240847982,374.851721681286,0.0,17.0
0.0474,-0.9305810844144627,374.23315733748086,1.0,0.0,0.0,4.0,0.0,0.0,0.0,375.3396240847982,374.851721681286,0.0,17.0
0.0475,-0.8931577686807232,374.23315733748086,1.0,0.0,0.0,4.0,0.0,0.0,0.0,375.3396240847982,374.851721681286,0.0,17.0
0.0476,-0.8557344529469836,374.23315733748086,1.0,0.0,0.0,4.0,0.0,0.0,0.0,375.3396240847982,374.851721681286,0.0,17.0
0.0477,-0.8183111372132467,374.23315733748086,1.0,0.0,0.0,4.0,0.0,0.0,0.0,375.3396240847982,374.851721681286,0.0,17.0
0.0478,-0.7808878221557617,374.2331234793046,1.0,0.0,0.0,4.0,0.0,0.0,0.0,375.3396240847982,374.851721681286,0.0,17.0
0.0479,-0.7434645231586556,374.23277056337014,1.0,0.0,0.0,4.0,0.0,0.0,0.0,375.3396240847982,374.851721681286,0.0,17.0
0.048,-0.7060412909857191,374.23173428606515,1.0,0.0,0.0,4.0,0.0,0.0,0.0,375.3396240847982,374.851721681286,0.0,17.0
0.0481,-0.6686182065148464,374.22980217037195,1.0,0.0,0.0,4.0,0.0,0.0,0.0,375.3396240847982,374.851721681286,0.0,17.0
0.0482,-0.6311953574174111,374.22708091569166,1.0,0.0,0.0,4.0,0.0,0.0,0.0,375.3396240847982,374.851721681286,0.0,17.0
0.0483,-0.5937727970590867,374.2241804334317,1.0,0.0,0.0,4.0,0.0,0.0,0.0,375.3396240847982,374.851721681286,0.0,17.0
0.0484,-0.5563504854896468,374.22238163696136,1.0,0.0,0.0,4.0,0.0,0.0,0.0,375.3396240847982,374.851721681286,0.0,17.0
0.0485,-0.5189282529999378,374.2223210475854,1.0,0.0,0.0,4.0,0.0,0.0,0.0,375.3396240847982,374.851721681286,0.0,17.0
0.0486,-0.48150602089519146,374.2223210475854,1.0,0.0,0.0,4.0,0.0,0.0,0.0,375.3396240847982,374.851721681286,0.0,17.0
0.0487,-0.4440837887904422,374.2223210475854,1.0,0.0,0.0,4.0,0.0,0.0,0.0,375.3396240847982,374.851721681286,0.0,17.0
0.0488,-0.40666155703958884,374.2222951991764,1.0,0.0,0.0,4.0,0.0,0.0,0.0,375.3396240847982,374.851721681286,0.0,17.0
0.0489,-0.3692393450854193,374.22181827274557,1.0,0.0,0.0,4.0,0.0,0.0,0.0,375.3396240847982,374.851721681286,0.0,17.0
0.049,-0.3318172229159357,374.22047076212954,1.0,0.0,0.0,4.0,0.0,0.0,0.0,375.3396240847982,374.851721681286,0.0,17.0
0.0491,-0.2943952795401522,374.21827384857505,1.0,0.0,0.0,4.0,0.0,0.0,0.0,375.3396240847982,374.851721681286,0.0,17.0
0.0492,-0.2569735869290398,374.21551675118496,1.0,0.0,0.0,4.0,0.0,0.0,0.0,375.3396240847982,374.851721681286,0.0,17.0
0.0493,-0.21955218171145133,374.2125933727543,1.0,0.0,0.0,4.0,0.0,0.0,0.0,375.3396240847982,374.851721681286,0.0,17.0
0.0494,-0.18213106100340762,374.20988465496714,1.0,0.0,0.0,4.0,0.0,0.0,0.0,375.3396240847982,374.851721681286,0.0,17.0
0.0495,-0.144710187499608,374.2076907564438,1.0,0.0,0.0,4.0,0.0,0.0,0.0,375.3396240847982,374.851721681286,0.0,17.0
0.0496,-0.1072894990528709,374.20620760371224,1.0,0.0,0.0,4.0,0.0,0.0,0.0,375.3396240847982,374.851721681286,0.0,17.0
0.0497,-0.06986891884022563,374.2055363741416,1.0,0.0,0.0,4.0,0.0,0.0,0.0,375.3396240847982,374.851721681286,0.0,17.0
0.0498,-0.032448368516046565,374.205499642954,1.0,0.0,0.0,4.0,0.0,0.0,0.0,375.3396240847982,374.851721681286,0.0,17.0
0.0499,0.0049721814482395835,374.205499642954,1.0,0.0,1.0,5.0,0.0,0.0,0.0,373.9991254273567,374.6385726178037,0.0,18.0
0.05,0.042392731412525746,374.205499642954,1.0,0.0,1.0,5.0,0.0,0.0,0.0,373.9991254273567,374.6385726178037,0.0,18.0
0.0501,0.07981328137680932,374.205499642954,1.0,0.0,1.0,5.0,0.0,0.0,0.0,373.9991254273567,374.6385726178037,0.0,18.0
0.0502,0.11723383134109551,374.205499642954,1.0,0.0,1.0,5.0,0.0,0.0,0.0,373.9991254273567,374.6385726178037,0.0,18.0
0.0503,0.15465438130537912,374.205499642954,1.0,0.0,1.0,5.0,0.0,0.0,0.0,373.9991254273567,374.6385726178037,0.0,18.0
0.0504,0.19207493126966532,374.205499642954,1.0,0.0,1.0,5.0,0.0,0.0,0.0,373.9991254273567,374.6385726178037,0.0,18.0
0.0505,0.22949548123395153,374.205499642954,1.0,0.0,1.0,5.0,0.0,0.0,0.0,373.9991254273567,374.6385726178037,0.0,18.0
0.0506,0.2669160305974938,374.2054686424101,1.0,0.0,1.0,5.0,0.0,0.0,0.0,373.9991254273567,374.6385726178037,0.0,18.0
0.0507,0.3043365646230659,374.2051275328224,1.0,0.0,1.0,5.0,0.0,0.0,0.0,373.9991254273567,374.6385726178037,0.0,18.0
0.0508,0.3417570335038386,374.2041134129831,1.0,0.0,1.0,5.0,0.0,0.0,0.0,373.9991254273567,374.6385726178037,0.0,18.0
0.0509,0.3791773575517181,374.202217330777,1.0,0.0,1.0,5.0,0.0,0.0,0.0,373.9991254273567,374.6385726178037,0.0,18.0
0.051,0.41659745077165117,374.199552222638,1.0,0.0,1.0,5.0,0.0,0.0,0.0,373.9991254273567,374.6385726178037,0.0,18.0
0.0511,0.4540172622328387,374.1967368741868,1.0,0.0,1.0,5.0,0.0,0.0,0.0,373.9991254273567,374.6385726178037,0.0,18.0
0.0512,0.49143683531427607,374.1950630372045,1.0,0.0,1.0,5.0,0.0,0.0,0.0,373.9991254273567,374.6385726178037,0.0,18.0
0.0513,0.528856338273502,374.1950278903022,1.0,0.0,1.0,5.0,0.0,0.0,0.0,373.9991254273567,374.6385726178037,0.0,18.0
0.0514,0.5662758410625228,374.1950278903022,1.0,0.0,1.0,5.0,0.0,0.0,0.0,373.9991254273567,374.6385726178037,0.0,18.0
0.0515,0.603695343851541,374.1950278903022,1.0,0.0,1.0,5.0,0.0,0.0,0.0,373.9991254273567,374.6385726178037,0.0,18.0
0.0516,0.641114846286726,374.19500211724346,1.0,0.0,1.0,5.0,0.0,0.0,0.0,373.9991254273567,374.6385726178037,0.0,18.0
0.0517,0.6785343290854695,374.19452973760906,1.0,0.0,1.0,5.0,0.0,0.0,0.0,373.9991254273567,374.6385726178037,0.0,18.0
0.0518,0.715953723126721,374.1931993651524,1.0,0.0,1.0,5.0,0.0,0.0,0.0,373.9991254273567,374.6385726178037,0.0,18.0
0.0519,0.7533729409494655,374.19103743646457,1.0,0.0,1.0,5.0,0.0,0.0,0.0,373.9991254273567,374.6385726178037,0.0,18.0
0.052,0.7907919125080193,374.1883355556019,1.0,0.0,1.0,5.0,0.0,0.0,0.0,373.9991254273567,374.6385726178037,0.0,18.0
0.0521,0.8282106032218025,374.18548783088187,1.0,0.0,1.0,5.0,0.0,0.0,0.0,373.9991254273567,374.6385726178037,0.0,18.0
0.0522,0.8656290179683497,374.1828740390791,1.0,0.0,1.0,5.0,0.0,0.0,0.0,373.9991254273567,374.6385726178037,0.0,18.0
0.0523,0.9030471958935,374.18079255757095,1.0,0.0,1.0,5.0,0.0,0.0,0.0,373.9991254273567,374.6385726178037,0.0,18.0
0.0524,0.9404652008014559,374.1794375045645,1.0,0.0,1.0,5.0,0.0,0.0,0.0,373.9991254273567,374.6385726178037,0.0,18.0
0.0525,0.9778831110064277,374.17890859301406,1.0,0.0,1.0,5.0,0.0,0.0,0.0,373.9991254273567,374.6385726178037,0.0,18.0
0.0526,1.0153010012996142,374.17890270252,1.0,0.0,1.0,5.0,0.0,0.0,0.0,373.9991254273567,374.6385726178037,0.0,18.0
0.0527,1.052718891569857,374.17890270252,0.0,0.0,1.0,1.0,0.0,0.0,0.0,373.9991254273558,374.47871082019174,0.0,19.0
0.0528,1.0901367818401024,374.17890270252,0.0,0.0,1.0,1.0,0.0,0.0,0.0,373.9991254273558,374.47871082019174,0.0,19.0
0.0529,1.1275546721103478,374.17890270252,0.0,0.0,1.0,1.0,0.0,0.0,0.0,373.9991254273558,374.47871082019174,0.0,19.0
0.053,1.1649725623805907,374.17890270252,0.0,0.0,1.0,1.0,0.0,0.0,0.0,373.9991254273558,374.47871082019174,0.0,19.0
0.0531,1.202390452650836,374.17890270252,0.0,0.0,1.0,1.0,0.0,0.0,0.0,373.9991254273558,374.47871082019174,0.0,19.0
0.0532,1.2398083429210789,374.17890270252,0.0,0.0,1.0,1.0,0.0,0.0,0.0,373.9991254273558,374.47871082019174,0.0,19.0
0.0533,1.2772262331913242,374.17890270252,0.0,0.0,1.0,1.0,0.0,0.0,0.0,373.9991254273558,374.47871082019174,0.0,19.0
0.0534,1.3146441229309669,374.1788744428518,0.0,0.0,1.0,1.0,0.0,0.0,0.0,373.9991254273558,374.47871082019174,0.0,19.0
0.0535,1.352061998049053,374.17854517755063,0.0,0.0,1.0,1.0,0.0,0.0,0.0,373.9991254273558,374.47871082019174,0.0,19.0
0.0536,1.3894798097115488,374.1775533295627,0.0,0.0,1.0,1.0,0.0,0.0,0.0,373.9991254273558,374.47871082019174,0.0,19.0
0.0537,1.4268974794091884,374.1756930443932,0.0,0.0,1.0,1.0,0.0,0.0,0.0,373.9991254273558,374.47871082019174,0.0,19.0
0.0538,1.464314922752143,374.1730827130186,0.0,0.0,1.0,1.0,0.0,0.0,0.0,373.9991254273558,374.47871082019174,0.0,19.0
0.0539,1.501732091076767,374.1703488506248,0.0,0.0,1.0,1.0,0.0,0.0,0.0,373.9991254273558,374.47871082019174,0.0,19.0
0.054,1.539149030893061,374.1687926093766,0.0,0.0,1.0,1.0,0.0,0.0,0.0,373.9991254273558,374.47871082019174,0.0,19.0
0.0541,1.576565908448319,374.16877494564994,0.0,0.0,1.0,1.0,0.0,0.0,0.0,373.9991254273558,374.47871082019174,0.0,19.0
0.0542,1.613982785942872,374.16877494564994,0.0,0.0,1.0,1.0,0.0,0.0,0.0,373.9991254273558,374.47871082019174,0.0,19.0
0.0543,1.6513996634374277,374.16877494564994,0.0,0.0,1.0,1.0,0.0,0.0,0.0,373.9991254273558,374.47871082019174,0.0,19.0
0.0544,1.6888165405822089,374.1687494617031,0.0,0.0,1.0,1.0,0.0,0.0,0.0,373.9991254273558,374.47871082019174,0.0,19.0
0.0545,1.726233398315199,374.16828262780894,0.0,0.0,1.0,1.0,0.0,0.0,0.0,373.9991254273558,374.47871082019174,0.0,19.0
0.0546,1.7636501684180725,374.1669702399542,0.0,0.0,1.0,1.0,0.0,0.0,0.0,373.9991254273558,374.47871082019174,0.0,19.0
0.0547,1.8010667649218948,374.1648432436654,0.0,0.0,1.0,1.0,0.0,0.0,0.0,373.9991254273558,374.47871082019174,0.0,19.0
0.0548,1.838483119594884,374.1621952541692,0.0,0.0,1.0,1.0,0.0,0.0,0.0,373.9991254273558,374.47871082019174,0.0,19.0
0.0549,1.875899199771364,374.1594205043481,0.0,0.0,1.0,1.0,0.0,0.0,0.0,373.9991254273558,374.47871082019174,0.0,19.0
0.055,1.9133150121914553,374.15689771708765,0.0,0.0,1.0,1.0,0.0,0.0,0.0,373.9991254273558,374.47871082019174,0.0,19.0
0.0551,1.950730597727085,374.15492369297914,0.0,0.0,1.0,1.0,0.0,0.0,0.0,373.9991254273558,374.47871082019174,0.0,19.0
0.0552,1.9881460217466813,374.1536909594315,0.0,0.0,1.0,1.0,0.0,0.0,0.0,373.9991254273558,374.47871082019174,0.0,19.0
0.0553,2.0255613639814234,374.1532969559066,0.0,0.0,1.0,1.0,0.0,0.0,0.0,373.9991254273558,374.47871082019174,0.0,19.0
0.0554,2.062976693677001,374.1532969559066,0.0,0.0,1.0,1.0,0.0,0.0,0.0,373.9991254273558,374.47871082019174,0.0,19.0
0.0555,2.100392023372581,374.1532969559066,0.0,1.0,1.0,3.0,0.0,0.0,0.0,373.9991254273567,374.358814471983,0.0,20.0
0.0556,2.1378073530681587,374.1532969559066,0.0,1.0,1.0,3.0,0.0,0.0,0.0,373.9991254273567,374.358814471983,0.0,20.0
0.0557,2.1752226827637386,374.1532969559066,0.0,1.0,1.0,3.0,0.0,0.0,0.0,373.9991254273567,374.358814471983,0.0,20.0
0.0558,2.2126380124593186,374.1532969559066,0.0,1.0,1.0,3.0,0.0,0.0,0.0,373.9991254273567,374.358814471983,0.0,20.0
0.0559,2.2500533421548963,374.1532969559066,0.0,1.0,1.0,3.0,0.0,0.0,0.0,373.9991254273567,374.358814471983,0.0,20.0
0.056,2.287468671850476,374.1532969559066,0.0,1.0,1.0,3.0,0.0,0.0,0.0,373.9991254273567,374.358814471983,0.0,20.0
0.0561,2.324884001546054,374.1532969559066,0.0,1.0,1.0,3.0,0.0,0.0,0.0,373.9991254273567,374.358814471983,0.0,20.0
0.0562,2.3622993307759903,374.1532713205605,0.0,1.0,1.0,3.0,0.0,0.0,0.0,373.9991254273567,374.358814471983,0.0,20.0
0.0563,2.3997146460945458,374.152953936267,0.0,1.0,1.0,3.0,0.0,0.0,0.0,373.9991254273567,374.358814471983,0.0,20.0
0.0564,2.437129899656573,374.15198447622566,0.0,1.0,1.0,3.0,0.0,0.0,0.0,373.9991254273567,374.358814471983,0.0,20.0
0.0565,2.4745450141211065,374.15015976034437,0.0,1.0,1.0,3.0,0.0,0.0,0.0,373.9991254273567,374.358814471983,0.0,20.0
0.0566,2.511959906633817,374.14760286811986,0.0,1.0,1.0,3.0,0.0,0.0,0.0,373.9991254273567,374.358814471983,0.0,20.0
0.0567,2.549374530634304,374.1449469311721,0.0,1.0,1.0,3.0,0.0,0.0,0.0,373.9991254273567,374.358814471983,0.0,20.0
0.0568,2.586788935473532,374.14350111079,0.0,1.0,1.0,3.0,0.0,0.0,0.0,373.9991254273567,374.358814471983,0.0,20.0
0.0569,2.624203284922547,374.1434943462442,0.0,1.0,1.0,3.0,0.0,0.0,0.0,373.9991254273567,374.358814471983,0.0,20.0
0.057,2.661617634357161,374.1434943462442,0.0,1.0,1.0,3.0,0.0,0.0,0.0,373.9991254273567,374.358814471983,0.0,20.0
0.0571,2.699031983791773,374.1434943462442,0.0,1.0,1.0,3.0,0.0,0.0,0.0,373.9991254273567,374.358814471983,0.0,20.0
0.0572,2.7364463328844257,374.1434693515078,0.0,1.0,1.0,3.0,0.0,0.0,0.0,373.9991254273567,374.358814471983,0.0,20.0
0.0573,2.7738606628500593,374.1430089928337,0.0,1.0,1.0,3.0,0.0,0.0,0.0,373.9991254273567,374.358814471983,0.0,20.0
0.0574,2.811274906405276,374.14171535693094,0.0,1.0,1.0,3.0,0.0,0.0,0.0,373.9991254273567,374.358814471983,0.0,20.0
0.0575,2.8486889790186107,374.1396231939055,0.0,1.0,1.0,3.0,0.0,0.0,0.0,373.9991254273567,374.358814471983,0.0,20.0
0.0576,2.8861028141654055,374.1370277817722,0.0,1.0,1.0,3.0,0.0,0.0,0.0,373.9991254273567,374.358814471983,0.0,20.0
0.0577,2.923516380967986,374.1343234078305,0.0,1.0,1.0,3.0,0.0,0.0,0.0,373.9991254273567,374.358814471983,0.0,20.0
0.0578,2.9609296879049927,374.1318878520655,0.0,1.0,1.0,3.0,0.0,0.0,0.0,373.9991254273567,374.358814471983,0.0,20.0
0.0579,2.998342777466571,374.13001653613645,0.0,1.0,1.0,3.0,0.0,0.0,0.0,373.9991254273567,374.358814471983,0.0,20.0
0.058,3.0357557164983437,374.12890060492265,0.0,1.0,1.0,3.0,0.0,0.0,0.0,373.9991254273567,374.358814471983,0.0,20.0
0.0581,3.073168585965021,374.1286195932706,0.0,1.0,1.0,3.0,0.0,0.0,0.0,373.9991254273567,374.358814471983,0.0,20.0
0.0582,3.110581447924341,374.1286195932706,0.0,1.0,1.0,3.0,0.0,0.0,0.0,373.9991254273567,374.358814471983,0.0,20.0
0.0583,-3.1351909972959273,374.1286195932706,0.0,1.0,0.0,2.0,0.0,0.0,0.0,373.9991254273558,374.26889221082627,0.0,21.0
0.0584,-3.097778135336607,374.1286195932706,0.0,1.0,0.0,2.0,0.0,0.0,0.0,373.9991254273558,374.26889221082627,0.0,21.0
0.0585,-3.060365273377287,374.1286195932706,0.0,1.0,0.0,2.0,0.0,0.0,0.0,373.9991254273558,374.26889221082627,0.0,21.0
0.0586,-3.022952411417969,374.1286195932706,0.0,1.0,0.0,2.0,0.0,0.0,0.0,373.9991254273558,374.26889221082627,0.0,21.0
0.0587,-2.985539549458649,374.1286195932706,0.0,1.0,0.0,2.0,0.0,0.0,0.0,373.9991254273558,374.26889221082627,0.0,21.0
0.0588,-2.948126687499331,374.1286195932706,0.0,1.0,0.0,2.0,0.0,0.0,0.0,373.9991254273558,374.26889221082627,0.0,21.0
0.0589,-2.910713825540011,374.1286195932706,0.0,1.0,0.0,2.0,0.0,0.0,0.0,373.9991254273558,374.26889221082627,0.0,21.0
0.059,-2.8733009639864213,374.12859646440114,0.0,1.0,0.0,2.0,0.0,0.0,0.0,373.9991254273558,374.26889221082627,0.0,21.0
0.0591,-2.835888115640853,374.1282909924986,0.0,1.0,0.0,2.0,0.0,0.0,0.0,373.9991254273558,374.26889221082627,0.0,21.0
0.0592,-2.7984753273432843,374.12734403388225,0.0,1.0,0.0,2.0,0.0,0.0,0.0,373.9991254273558,374.26889221082627,0.0,21.0
0.0593,-2.7610626752764844,374.1255546650431,0.0,1.0,0.0,2.0,0.0,0.0,0.0,373.9991254273558,374.26889221082627,0.0,21.0
0.0594,-2.723650240827417,374.1230499051825,0.0,1.0,0.0,2.0,0.0,0.0,0.0,373.9991254273558,374.26889221082627,0.0,21.0
0.0595,-2.6862380686131884,374.1204684203947,0.0,1.0,0.0,2.0,0.0,0.0,0.0,373.9991254273558,374.26889221082627,0.0,21.0
0.0596,-2.6488261067241248,374.1191260347873,0.0,1.0,0.0,2.0,0.0,0.0,0.0,373.9991254273558,374.26889221082627,0.0,21.0
0.0597,-2.6114141942442766,374.1191247870941,0.0,1.0,0.0,2.0,0.0,0.0,0.0,373.9991254273558,374.26889221082627,0.0,21.0
0.0598,-2.5740022817655737,374.1191247870941,0.0,1.0,0.0,2.0,0.0,0.0,0.0,373.9991254273558,374.26889221082627,0.0,21.0
0.0599,-2.536590369286868,374.1191247870941,0.0,1.0,0.0,2.0,0.0,0.0,0.0,373.9991254273558,374.26889221082627,0.0,21.0
0.06,-2.4991784571389024,374.1191004657886,0.0,1.0,0.0,2.0,0.0,0.0,0.0,373.9991254273558,374.26889221082627,0.0,21.0
0.0601,-2.4617665637774118,374.1186474449134,0.0,1.0,0.0,2.0,0.0,0.0,0.0,373.9991254273558,374.26889221082627,0.0,21.0
0.0602,-2.4243547555216693,374.11737325580793,0.0,1.0,0.0,2.0,0.0,0.0,0.0,373.9991254273558,374.26889221082627,0.0,21.0
0.0603,-2.3869431155188434,374.1153157862416,0.0,1.0,0.0,2.0,0.0,0.0,0.0,373.9991254273558,374.26889221082627,0.0,21.0
0.0604,-2.3495317086888,374.11277165078394,0.0,1.0,0.0,2.0,0.0,0.0,0.0,373.9991254273558,374.26889221082627,0.0,21.0
0.0605,-2.312120564242206,374.11013512995885,0.0,1.0,0.0,2.0,0.0,0.0,0.0,373.9991254273558,374.26889221082627,0.0,21.0
0.0606,-2.2747096720796134,374.1077831711415,0.0,1.0,0.0,2.0,0.0,0.0,0.0,373.9991254273558,374.26889221082627,0.0,21.0
0.0607,-2.2372989881946195,374.1060100085062,0.0,1.0,0.0,2.0,0.0,0.0,0.0,373.9991254273558,374.26889221082627,0.0,21.0
0.0608,-2.1998884443462776,374.10500560410867,0.0,1.0,0.0,2.0,0.0,0.0,0.0,373.9991254273558,374.26889221082627,0.0,21.0
0.0609,-2.1624779587651584,374.10481367392384,0.0,1.0,0.0,2.0,0.0,0.0,0.0,373.9991254273558,374.26889221082627,0.0,21.0
0.061,-2.1250674773977782,374.10481367392384,0.0,1.0,0.0,2.0,0.0,0.0,0.0,373.9991254273558,374.26889221082627,0.0,21.0
0.0611,-2.0876569960303955,374.10481367392384,1.0,1.0,0.0,6.0,0.0,0.0,0.0,373.9991254273567,374.2014505149589,0.0,22.0
0.0612,-2.0502465146630153,374.10481367392384,1.0,1.0,0.0,6.0,0.0,0.0,0.0,373.9991254273567,374.2014505149589,0.0,22.0
0.0613,-2.0128360332956325,374.10481367392384,1.0,1.0,0.0,6.0,0.0,0.0,0.0,373.9991254273567,374.2014505149589,0.0,22.0
0.0614,-1.9754255519282509,374.10481367392384,1.0,1.0,0.0,6.0,0.0,0.0,0.0,373.9991254273567,374.2014505149589,0.0,22.0
0.0615,-1.9380150705608719,374.10481367392384,1.0,1.0,0.0,6.0,0.0,0.0,0.0,373.9991254273567,374.2014505149589,0.0,22.0
0.0616,-1.9006045891934906,374.10481367392384,1.0,1.0,0.0,6.0,0.0,0.0,0.0,373.9991254273567,374.2014505149589,0.0,22.0
0.0617,-1.8631941078261116,374.10481367392384,1.0,1.0,0.0,6.0,0.0,0.0,0.0,373.9991254273567,374.2014505149589,0.0,22.0
0.0618,-1.8257836268094554,374.10479293136723,1.0,1.0,0.0,6.0,0.0,0.0,0.0,373.9991254273567,374.2014505149589,0.0,22.0
0.0619,-1.7883731583050864,374.10449939453133,1.0,1.0,0.0,6.0,0.0,0.0,0.0,373.9991254273567,374.2014505149589,0.0,22.0
0.062,-1.750962748131481,374.10357504482965,1.0,1.0,0.0,6.0,0.0,0.0,0.0,373.9991254273567,374.2014505149589,0.0,22.0
0.0621,-1.713552471322767,374.1018208040998,1.0,1.0,0.0,6.0,0.0,0.0,0.0,373.9991254273567,374.2014505149589,0.0,22.0
0.0622,-1.6761424078649945,374.0993669002647,1.0,1.0,0.0,6.0,0.0,0.0,0.0,373.9991254273567,374.2014505149589,0.0,22.0
0.0623,-1.6387326005877618,374.09685648274615,1.0,1.0,0.0,6.0,0.0,0.0,0.0,373.9991254273567,374.2014505149589,0.0,22.0
0.0624,-1.6013229952971009,374.0956106708656,1.0,1.0,0.0,6.0,0.0,0.0,0.0,373.9991254273567,374.2014505149589,0.0,22.0
0.0625,-1.5639134342300243,374.0956106708656,1.0,1.0,0.0,6.0,0.0,0.0,0.0,373.9991254273567,374.2014505149589,0.0,22.0
0.0626,-1.5265038731629232,374.0956106708656,1.0,1.0,0.0,6.0,0.0,0.0,0.0,373.9991254273567,374.2014505149589,0.0,22.0
0.0627,-1.4890943120958222,374.0956106708656,1.0,1.0,0.0,6.0,0.0,0.0,0.0,373.9991254273567,374.2014505149589,0.0,22.0
0.0628,-1.4516847513452111,374.09558718955606,1.0,1.0,0.0,6.0,0.0,0.0,0.0,373.9991254273567,374.2014505149589,0.0,22.0
0.0629,-1.4142752089891557,374.0951423047147,1.0,1.0,0.0,6.0,0.0,0.0,0.0,373.9991254273567,374.2014505149589,0.0,22.0
0.063,-1.3768657503560633,374.09388819088036,1.0,1.0,0.0,6.0,0.0,0.0,0.0,373.9991254273567,374.2014505149589,0.0,22.0
0.0631,-1.3394564572604153,374.09186523988495,1.0,1.0,0.0,6.0,0.0,0.0,0.0,373.9991254273567,374.2014505149589,0.0,22.0
0.0632,-1.3020473931154362,374.0893710958797,1.0,1.0,0.0,6.0,0.0,0.0,0.0,373.9991254273567,374.2014505149589,0.0,22.0
0.0633,-1.2646385855802413,374.0867999787406,1.0,1.0,0.0,6.0,0.0,0.0,0.0,373.9991254273567,374.2014505149589,0.0,22.0
0.0634,-1.2272300230465274,374.084528112261,1.0,1.0,0.0,6.0,0.0,0.0,0.0,373.9991254273567,374.2014505149589,0.0,22.0
0.0635,-1.1898216600881935,374.0828487283652,1.0,1.0,0.0,6.0,0.0,0.0,0.0,373.9991254273567,374.2014505149589,0.0,22.0
0.0636,-1.1524134271462103,374.08195079806444,1.0,1.0,0.0,6.0,0.0,0.0,0.0,373.9991254273567,374.2014505149589,0.0,22.0
0.0637,-1.1150052422461545,374.08182738922693,1.0,1.0,0.0,6.0,0.0,0.0,0.0,373.9991254273567,374.2014505149589,0.0,22.0
0.0638,-1.0775970595072215,374.08182738922693,1.0,1.0,0.0,6.0,0.0,0.0,0.0,373.9991254273567,374.2014505149589,0.0,22.0
0.0639,-1.0401888767682832,374.08182738922693,1.0,0.0,0.0,4.0,0.0,0.0,0.0,373.9991254273651,374.1508692430604,0.0,23.0
0.064,-1.0027806940293449,374.08182738922693,1.0,0.0,0.0,4.0,0.0,0.0,0.0,373.9991254273651,374.1508692430604,0.0,23.0
0.0641,-0.9653725112904067,374.08182738922693,1.0,0.0,0.0,4.0,0.0,0.0,0.0,373.9991254273651,374.1508692430604,0.0,23.0
0.0642,-0.9279643285514735,374.08182738922693,1.0,0.0,0.0,4.0,0.0,0.0,0.0,373.9991254273651,374.1508692430604,0.0,23.0
0.0643,-0.8905561458125352,374.08182738922693,1.0,0.0,0.0,4.0,0.0,0.0,0.0,373.9991254273651,374.1508692430604,0.0,23.0
0.0644,-0.8531479630735969,374.08182738922693,1.0,0.0,0.0,4.0,0.0,0.0,0.0,373.9991254273651,374.1508692430604,0.0,23.0
0.0645,-0.8157397803346585,374.08182738922693,1.0,0.0,0.0,4.0,0.0,0.0,0.0,373.9991254273651,374.1508692430604,0.0,23.0
0.0646,-0.7783315978962491,374.0818089098605,1.0,0.0,0.0,4.0,0.0,0.0,0.0,373.9991254273651,374.1508692430604,0.0,23.0
0.0647,-0.7409234272830127,374.08152731929954,1.0,0.0,0.0,4.0,0.0,0.0,0.0,373.9991254273651,374.1508692430604,0.0,23.0
0.0648,-0.7035153132756236,374.0806256773893,1.0,0.0,0.0,4.0,0.0,0.0,0.0,373.9991254273651,374.1508692430604,0.0,23.0
0.0649,-0.6661073297685535,374.07890634771894,1.0,0.0,0.0,4.0,0.0,0.0,0.0,373.9991254273651,374.1508692430604,0.0,23.0
0.065,-0.6286995554114887,374.076502054317,1.0,0.0,0.0,4.0,0.0,0.0,0.0,373.9991254273651,374.1508692430604,0.0,23.0
0.0651,-0.5912920313980254,374.0740594092163,1.0,0.0,0.0,4.0,0.0,0.0,0.0,373.9991254273651,374.1508692430604,0.0,23.0
0.0652,-0.5538847015192044,374.0729013927713,1.0,0.0,0.0,4.0,0.0,0.0,0.0,373.9991254273651,374.1508692430604,0.0,23.0
0.0653,-0.5164774113799114,374.0729013927713,1.0,0.0,0.0,4.0,0.0,0.0,0.0,373.9991254273651,374.1508692430604,0.0,23.0
0.0654,-0.4790701212406186,374.0729013927713,1.0,0.0,0.0,4.0,0.0,0.0,0.0,373.9991254273651,374.1508692430604,0.0,23.0
0.0655,-0.44166283110132604,374.0729013927713,1.0,0.0,0.0,4.0,0.0,0.0,0.0,373.9991254273651,374.1508692430604,0.0,23.0
0.0656,-0.40425554126167995,374.072878898994,1.0,0.0,0.0,4.0,0.0,0.0,0.0,373.9991254273651,374.1508692430604,0.0,23.0
0.0657,-0.3668482693777251,374.07244288658137,1.0,0.0,0.0,4.0,0.0,0.0,0.0,373.9991254273651,374.1508692430604,0.0,23.0
0.0658,-0.3294410797622737,374.0712094158085,1.0,0.0,0.0,4.0,0.0,0.0,0.0,373.9991254273651,374.1508692430604,0.0,23.0
0.0659,-0.2920340529470032,374.0692207785841,1.0,0.0,0.0,4.0,0.0,0.0,0.0,373.9991254273651,374.1508692430604,0.0,23.0
0.066,-0.2546272509326276,374.0667753583527,1.0,0.0,0.0,4.0,0.0,0.0,0.0,373.9991254273651,374.1508692430604,0.0,23.0
0.0661,-0.2172206999370596,374.0642672663498,1.0,0.0,0.0,4.0,0.0,0.0,0.0,373.9991254273651,374.1508692430604,0.0,23.0
0.0662,-0.17981438694981028,374.06207211006335,1.0,0.0,0.0,4.0,0.0,0.0,0.0,373.9991254273651,374.1508692430604,0.0,23.0
0.0663,-0.142408265216753,374.06048229839166,1.0,0.0,0.0,4.0,0.0,0.0,0.0,373.9991254273651,374.1508692430604,0.0,23.0
0.0664,-0.10500226393381555,374.059685995732,1.0,0.0,0.0,4.0,0.0,0.0,0.0,373.9991254273651,374.1508692430604,0.0,23.0
0.0665,-0.06759630162024098,374.0596134416357,1.0,0.0,0.0,4.0,0.0,0.0,0.0,373.9991254273651,374.1508692430604,0.0,23.0
0.0666,-0.03019034027606187,374.0596134416357,1.0,0.0,0.0,4.0,0.0,0.0,0.0,373.9991254273651,374.1508692430604,0.0,23.0
0.0667,0.007215621068112085,374.0596134416357,1.0,0.0,1.0,5.0,0.0,0.0,0.0,373.99912542735484,374.112933289134,0.0,24.0
0.0668,0.044621582412291215,374.0596134416357,1.0,0.0,1.0,5.0,0.0,0.0,0.0,373.99912542735484,374.112933289134,0.0,24.0
0.0669,0.08202754375647038,374.0596134416357,1.0,0.0,1.0,5.0,0.0,0.0,0.0,373.99912542735484,374.112933289134,0.0,24.0
0.067,0.11943350510064961,374.0596134416357,1.0,0.0,1.0,5.0,0.0,0.0,0.0,373.99912542735484,374.112933289134,0.0,24.0
0.0671,0.15683946644482868,374.0596134416357,1.0,0.0,1.0,5.0,0.0,0.0,0.0,373.99912542735484,374.112933289134,0.0,24.0
0.0672,0.19424542778900258,374.0596134416357,1.0,0.0,1.0,5.0,0.0,0.0,0.0,373.99912542735484,374.112933289134,0.0,24.0
0.0673,0.23165138913318165,374.0596134416357,1.0,0.0,1.0,5.0,0.0,0.0,0.0,373.99912542735484,374.112933289134,0.0,24.0
0.0674,0.2690573502223419,374.0595970990594,1.0,0.0,1.0,5.0,0.0,0.0,0.0,373.99912542735484,374.112933289134,0.0,24.0
0.0675,0.3064633001636869,374.05932745223765,1.0,0.0,1.0,5.0,0.0,0.0,0.0,373.99912542735484,374.112933289134,0.0,24.0
0.0676,0.3438691952305148,374.05844860634664,1.0,0.0,1.0,5.0,0.0,0.0,0.0,373.99912542735484,374.112933289134,0.0,24.0
0.0677,0.3812749626597065,374.05676397170834,1.0,0.0,1.0,5.0,0.0,0.0,0.0,373.99912542735484,374.112933289134,0.0,24.0
0.0678,0.41868052507538933,374.05440807465754,1.0,0.0,1.0,5.0,0.0,0.0,0.0,373.99912542735484,374.112933289134,0.0,24.0
0.0679,0.45608584277293723,374.05202999915525,1.0,0.0,1.0,5.0,0.0,0.0,0.0,373.99912542735484,374.112933289134,0.0,24.0
0.068,0.4934909737077419,374.050950737978,1.0,0.0,1.0,5.0,0.0,0.0,0.0,373.99912542735484,374.112933289134,0.0,24.0
0.0681,0.5308960687815494,374.050950737978,1.0,0.0,1.0,5.0,0.0,0.0,0.0,373.99912542735484,374.112933289134,0.0,24.0
0.0682,0.5683011638553619,374.050950737978,1.0,0.0,1.0,5.0,0.0,0.0,0.0,373.99912542735484,374.112933289134,0.0,24.0
0.0683,0.6057062589291744,374.050950737978,1.0,0.0,1.0,5.0,0.0,0.0,0.0,373.99912542735484,374.112933289134,0.0,24.0
0.0684,0.6431113537223055,374.0509293592425,1.0,0.0,1.0,5.0,0.0,0.0,0.0,373.99912542735484,374.112933289134,0.0,24.0
0.0685,0.6805164310411843,374.0505028962267,1.0,0.0,1.0,5.0,0.0,0.0,0.0,373.99912542735484,374.112933289134,0.0,24.0
0.0686,0.7179214276116653,374.049290580878,1.0,0.0,1.0,5.0,0.0,0.0,0.0,373.99912542735484,374.112933289134,0.0,24.0
0.0687,0.7553262641368266,374.0473360274835,1.0,0.0,1.0,5.0,0.0,0.0,0.0,373.99912542735484,374.112933289134,0.0,24.0
0.0688,0.7927308799381688,374.0449380828742,1.0,0.0,1.0,5.0,0.0,0.0,0.0,373.99912542735484,374.112933289134,0.0,24.0
0.0689,0.8301352501333931,374.0424907062511,1.0,0.0,1.0,5.0,0.0,0.0,0.0,373.99912542735484,374.112933289134,0.0,24.0
0.069,0.8675393890334024,374.04036899390746,1.0,0.0,1.0,5.0,0.0,0.0,0.0,373.99912542735484,374.112933289134,0.0,24.0
0.0691,0.9049433446330679,374.0388647051176,1.0,0.0,1.0,5.0,0.0,0.0,0.0,373.99912542735484,374.112933289134,0.0,24.0
0.0692,0.9423471889122712,374.0381653752825,1.0,0.0,1.0,5.0,0.0,0.0,0.0,373.99912542735484,374.112933289134,0.0,24.0
0.0693,0.9797510021134571,374.03812851809414,1.0,0.0,1.0,5.0,0.0,0.0,0.0,373.99912542735484,374.112933289134,0.0,24.0
0.0694,1.0171548149652812,374.03812851809414,1.0,0.0,1.0,5.0,0.0,0.0,0.0,373.99912542735484,374.112933289134,0.0,24.0
0.0695,1.0545586278171029,374.03812851809414,0.0,0.0,1.0,1.0,0.0,0.0,0.0,373.9991254273567,374.0844813236897,0.0,25.0
0.0696,1.0919624406689192,374.03812851809414,0.0,0.0,1.0,1.0,0.0,0.0,0.0,373.9991254273567,374.0844813236897,0.0,25.0
0.0697,1.129366253520741,374.03812851809414,0.0,0.0,1.0,1.0,0.0,0.0,0.0,373.9991254273567,374.0844813236897,0.0,25.0
0.0698,1.1667700663725626,374.03812851809414,0.0,0.0,1.0,1.0,0.0,0.0,0.0,373.9991254273567,374.0844813236897,0.0,25.0
0.0699,1.2041738792243843,374.03812851809414,0.0,0.0,1.0,1.0,0.0,0.0,0.0,373.9991254273567,374.0844813236897,0.0,25.0
0.07,1.241577692076206,374.03812851809414,0.0,0.0,1.0,1.0,0.0,0.0,0.0,373.9991254273567,374.0844813236897,0.0,25.0
0.0701,1.2789815049280224,374.03812851809414,0.0,0.0,1.0,1.0,0.0,0.0,0.0,373.9991254273567,374.0844813236897,0.0,25.0
0.0702,1.3163853175657738,374.0381141825839,0.0,0.0,1.0,1.0,0.0,0.0,0.0,373.9991254273567,374.0844813236897,0.0,25.0
0.0703,1.35378911972205,374.03785646134526,0.0,0.0,1.0,1.0,0.0,0.0,0.0,373.9991254273567,374.0844813236897,0.0,25.0
0.0704,1.3911928687401462,374.03700048747646,0.0,0.0,1.0,1.0,0.0,0.0,0.0,373.9991254273567,374.0844813236897,0.0,25.0
0.0705,1.4285964929806814,374.0353503324219,0.0,0.0,1.0,1.0,0.0,0.0,0.0,373.9991254273567,374.0844813236897,0.0,25.0
0.0706,1.465999916281225,374.0330416502103,0.0,0.0,1.0,1.0,0.0,0.0,0.0,373.9991254273567,374.0844813236897,0.0,25.0
0.0707,1.503403100283676,374.030725035681,0.0,0.0,1.0,1.0,0.0,0.0,0.0,373.9991254273567,374.0844813236897,0.0,25.0
0.0708,1.5408061044250063,374.0297163704255,0.0,0.0,1.0,1.0,0.0,0.0,0.0,373.9991254273567,374.0844813236897,0.0,25.0
0.0709,1.5782090760620635,374.0297163704255,0.0,0.0,1.0,1.0,0.0,0.0,0.0,373.9991254273567,374.0844813236897,0.0,25.0
0.071,1.6156120476991154,374.0297163704255,0.0,0.0,1.0,1.0,0.0,0.0,0.0,373.9991254273567,374.0844813236897,0.0,25.0
0.0711,1.6530150193361726,374.0297163704255,0.0,0.0,1.0,1.0,0.0,0.0,0.0,373.9991254273567,374.0844813236897,0.0,25.0
0.0712,1.6904179907131578,374.02969621355874,0.0,0.0,1.0,1.0,0.0,0.0,0.0,373.9991254273567,374.0844813236897,0.0,25.0
0.0713,1.7278209451355135,374.0292799197841,0.0,0.0,1.0,1.0,0.0,0.0,0.0,373.9991254273567,374.0844813236897,0.0,25.0
0.0714,1.765223820389624,374.02808922163746,0.0,0.0,1.0,1.0,0.0,0.0,0.0,373.9991254273567,374.0844813236897,0.0,25.0
0.0715,1.8026265383671412,374.02616850137406,0.0,0.0,1.0,1.0,0.0,0.0,0.0,373.9991254273567,374.0844813236897,0.0,25.0
0.0716,1.8400290396251924,374.0238168056195,0.0,0.0,1.0,1.0,0.0,0.0,0.0,373.9991254273567,374.0844813236897,0.0,25.0
0.0717,1.8774313005159515,374.02142790161247,0.0,0.0,1.0,1.0,0.0,0.0,0.0,373.9991254273567,374.0844813236897,0.0,25.0
0.0718,1.9148333365534107,374.019376477032,0.0,0.0,1.0,1.0,0.0,0.0,0.0,373.9991254273567,374.0844813236897,0.0,25.0
0.0719,1.9522351968899991,374.01795380929815,0.0,0.0,1.0,1.0,0.0,0.0,0.0,373.9991254273567,374.0844813236897,0.0,25.0
0.072,1.9896369546155475,374.0173469761077,0.0,0.0,1.0,1.0,0.0,0.0,0.0,373.9991254273567,374.0844813236897,0.0,25.0
0.0721,2.027038687982242,374.01733284066637,0.0,0.0,1.0,1.0,0.0,0.0,0.0,373.9991254273567,374.0844813236897,0.0,25.0
0.0722,2.0644404212663217,374.01733284066637,0.0,0.0,1.0,1.0,0.0,0.0,0.0,373.9991254273567,374.0844813236897,0.0,25.0
0.0723,2.1018421545504014,374.01733284066637,0.0,1.0,1.0,3.0,0.0,0.0,0.0,373.9991254273567,374.06314234960644,0.0,26.0
0.0724,2.139243887834481,374.01733284066637,0.0,1.0,1.0,3.0,0.0,0.0,0.0,373.9991254273567,374.06314234960644,0.0,26.0
0.0725,2.176645621118555,374.01733284066637,0.0,1.0,1.0,3.0,0.0,0.0,0.0,373.9991254273567,374.06314234960644,0.0,26.0
0.0726,2.2140473544026347,374.01733284066637,0.0,1.0,1.0,3.0,0.0,0.0,0.0,373.9991254273567,374.06314234960644,0.0,26.0
0.0727,2.2514490876867144,374.01733284066637,0.0,1.0,1.0,3.0,0.0,0.0,0.0,373.9991254273567,374.06314234960644,0.0,26.0
0.0728,2.288850820970794,374.01733284066637,0.0,1.0,1.0,3.0,0.0,0.0,0.0,373.9991254273567,374.06314234960644,0.0,26.0
0.0729,2.3262525542548738,374.01733284066637,0.0,1.0,1.0,3.0,0.0,0.0,0.0,373.9991254273567,374.06314234960644,0.0,26.0
0.073,2.3636542873614035,374.0173203793623,0.0,1.0,1.0,3.0,0.0,0.0,0.0,373.9991254273567,374.06314234960644,0.0,26.0
0.0731,2.401056010640465,374.0170745483728,0.0,1.0,1.0,3.0,0.0,0.0,0.0,373.9991254273567,374.06314234960644,0.0,26.0
0.0732,2.438457682521088,374.01624150908765,0.0,1.0,1.0,3.0,0.0,0.0,0.0,373.9991254273567,374.06314234960644,0.0,26.0
0.0733,2.4758592324808757,374.01462561860353,0.0,1.0,1.0,3.0,0.0,0.0,0.0,373.9991254273567,374.06314234960644,0.0,26.0
0.0734,2.5132605855127013,374.0123630035247,0.0,1.0,1.0,3.0,0.0,0.0,0.0,373.9991254273567,374.06314234960644,0.0,26.0
0.0735,2.5506617044672746,374.0101048377413,0.0,1.0,1.0,3.0,0.0,0.0,0.0,373.9991254273567,374.06314234960644,0.0,26.0
0.0736,2.5880626500050425,374.00915939650235,0.0,1.0,1.0,3.0,0.0,0.0,0.0,373.9991254273567,374.06314234960644,0.0,26.0
0.0737,2.625463565944708,374.00915939650235,0.0,1.0,1.0,3.0,0.0,0.0,0.0,373.9991254273567,374.06314234960644,0.0,26.0
0.0738,2.662864481884373,374.00915939650235,0.0,1.0,1.0,3.0,0.0,0.0,0.0,373.9991254273567,374.06314234960644,0.0,26.0
0.0739,2.7002653978240327,374.00915939650235,0.0,1.0,1.0,3.0,0.0,0.0,0.0,373.9991254273567,374.06314234960644,0.0,26.0
0.074,2.737666313525396,374.0091405473108,0.0,1.0,1.0,3.0,0.0,0.0,0.0,373.9991254273567,374.06314234960644,0.0,26.0
0.0741,2.7750672128256157,374.00873498766407,0.0,1.0,1.0,3.0,0.0,0.0,0.0,373.9991254273567,374.06314234960644,0.0,26.0
0.0742,2.8124680345925013,374.00756632235834,0.0,1.0,1.0,3.0,0.0,0.0,0.0,373.9991254273567,374.06314234960644,0.0,26.0
0.0743,2.8498687018621434,374.0056791677858,0.0,1.0,1.0,3.0,0.0,0.0,0.0,373.9991254273567,374.06314234960644,0.0,26.0
0.0744,2.8872691563441966,374.003372517232,0.0,1.0,1.0,3.0,0.0,0.0,0.0,373.9991254273567,374.06314234960644,0.0,26.0
0.0745,2.9246693755283593,374.00103990849254,0.0,1.0,1.0,3.0,0.0,0.0,0.0,373.9991254273567,374.06314234960644,0.0,26.0
0.0746,2.962069376038507,373.99905572037324,0.0,1.0,1.0,3.0,0.0,0.0,0.0,373.9991254273567,374.06314234960644,0.0,26.0
0.0747,2.999469208105097,373.9977109107555,0.0,1.0,1.0,3.0,0.0,0.0,0.0,373.9991254273567,374.06314234960644,0.0,26.0
0.0748,3.036868945865209,373.9971922650474,0.0,1.0,1.0,3.0,0.0,0.0,0.0,373.9991254273567,374.06314234960644,0.0,26.0
0.0749,3.074268664849369,373.9971897808614,0.0,1.0,1.0,3.0,0.0,0.0,0.0,373.9991254273567,374.06314234960644,0.0,26.0
0.075,3.1116683838274732,373.9971897808614,0.0,1.0,1.0,3.0,0.0,0.0,0.0,373.9991254273567,374.06314234960644,0.0,26.0
0.0751,-3.1341172043740086,373.9971897808614,0.0,1.0,0.0,2.0,0.0,0.0,0.0,373.9991254273567,374.047138119044,0.0,27.0
0.0752,-3.0967174853959043,373.9971897808614,0.0,1.0,0.0,2.0,0.0,0.0,0.0,373.9991254273567,374.047138119044,0.0,27.0
0.0753,-3.0593177664178,373.9971897808614,0.0,1.0,0.0,2.0,0.0,0.0,0.0,373.9991254273567,374.047138119044,0.0,27.0
0.0754,-3.0219180474397014,373.9971897808614,0.0,1.0,0.0,2.0,0.0,0.0,0.0,373.9991254273567,374.047138119044,0.0,27.0
0.0755,-2.984518328461597,373.9971897808614,0.0,1.0,0.0,2.0,0.0,0.0,0.0,373.9991254273567,374.047138119044,0.0,27.0
0.0756,-2.9471186094834927,373.9971897808614,0.0,1.0,0.0,2.0,0.0,0.0,0.0,373.9991254273567,374.047138119044,0.0,27.0
0.0757,-2.9097188905053883,373.9971897808614,0.0,1.0,0.0,2.0,0.0,0.0,0.0,373.9991254273567,374.047138119044,0.0,27.0
0.0758,-2.8723191716725625,373.9971790581548,0.0,1.0,0.0,2.0,0.0,0.0,0.0,373.9991254273567,374.047138119044,0.0,27.0
0.0759,-2.8349194620269276,373.9969450636109,0.0,1.0,0.0,2.0,0.0,0.0,0.0,373.9991254273567,374.047138119044,0.0,27.0
0.076,-2.797519802038273,373.9961350070922,0.0,1.0,0.0,2.0,0.0,0.0,0.0,373.9991254273567,374.047138119044,0.0,27.0
0.0761,-2.7601202611179176,373.9945531666654,0.0,1.0,0.0,2.0,0.0,0.0,0.0,373.9991254273567,374.047138119044,0.0,27.0
0.0762,-2.7227209131733874,373.99233550613144,0.0,1.0,0.0,2.0,0.0,0.0,0.0,373.9991254273567,374.047138119044,0.0,27.0
0.0763,-2.6853217942780416,373.9901328754125,0.0,1.0,0.0,2.0,0.0,0.0,0.0,373.9991254273567,374.047138119044,0.0,27.0
0.0764,-2.647922842797237,373.9892439904677,0.0,1.0,0.0,2.0,0.0,0.0,0.0,373.9991254273567,374.047138119044,0.0,27.0
0.0765,-2.610523918398171,373.9892439904677,0.0,1.0,0.0,2.0,0.0,0.0,0.0,373.9991254273567,374.047138119044,0.0,27.0
0.0766,-2.5731249939991048,373.9892439904677,0.0,1.0,0.0,2.0,0.0,0.0,0.0,373.9991254273567,374.047138119044,0.0,27.0
0.0767,-2.5357260696000385,373.9892439904677,0.0,1.0,0.0,2.0,0.0,0.0,0.0,373.9991254273567,374.047138119044,0.0,27.0
0.0768,-2.4983271454168245,373.98922651368883,0.0,1.0,0.0,2.0,0.0,0.0,0.0,373.9991254273567,374.047138119044,0.0,27.0
0.0769,-2.4609282370516685,373.988832200118,0.0,1.0,0.0,2.0,0.0,0.0,0.0,373.9991254273567,374.047138119044,0.0,27.0
0.077,-2.42352940453512,373.987685941224,0.0,1.0,0.0,2.0,0.0,0.0,0.0,373.9991254273567,374.047138119044,0.0,27.0
0.0771,-2.3861307237287246,373.9858320718279,0.0,1.0,0.0,2.0,0.0,0.0,0.0,373.9991254273567,374.047138119044,0.0,27.0
0.0772,-2.3487322518499454,373.98356928752145,0.0,1.0,0.0,2.0,0.0,0.0,0.0,373.9991254273567,374.047138119044,0.0,27.0
0.0773,-2.311334010364658,373.9812908607174,0.0,1.0,0.0,2.0,0.0,0.0,0.0,373.9991254273567,374.047138119044,0.0,27.0
0.0774,-2.2739359816284734,373.97937095797494,0.0,1.0,0.0,2.0,0.0,0.0,0.0,373.9991254273567,374.047138119044,0.0,27.0
0.0775,-2.2365381144090706,373.9781003746669,0.0,1.0,0.0,2.0,0.0,0.0,0.0,373.9991254273567,374.047138119044,0.0,27.0
0.0776,-2.199140333582221,373.97766552683447,0.0,1.0,0.0,2.0,0.0,0.0,0.0,373.9991254273567,374.047138119044,0.0,27.0
0.0777,-2.1617425670295156,373.97766552683447,0.0,1.0,0.0,2.0,0.0,0.0,0.0,373.9991254273567,374.047138119044,0.0,27.0
0.0778,-2.124344800476816,373.97766552683447,0.0,1.0,0.0,2.0,0.0,0.0,0.0,373.9991254273567,374.047138119044,0.0,27.0
0.0779,-2.086947033924111,373.97766552683447,1.0,1.0,0.0,6.0,0.0,0.0,0.0,373.9991254273567,374.0351349461222,0.0,28.0
0.078,-2.0495492673714057,373.97766552683447,1.0,1.0,0.0,6.0,0.0,0.0,0.0,373.9991254273567,374.0351349461222,0.0,28.0
0.0781,-2.0121515008187005,373.97766552683447,1.0,1.0,0.0,6.0,0.0,0.0,0.0,373.9991254273567,374.0351349461222,0.0,28.0
0.0782,-1.9747537342660018,373.97766552683447,1.0,1.0,0.0,6.0,0.0,0.0,0.0,373.9991254273567,374.0351349461222,0.0,28.0
0.0783,-1.9373559677133112,373.97766552683447,1.0,1.0,0.0,6.0,0.0,0.0,0.0,373.9991254273567,374.0351349461222,0.0,28.0
0.0784,-1.8999582011606153,373.97766552683447,1.0,1.0,0.0,6.0,0.0,0.0,0.0,373.9991254273567,374.0351349461222,0.0,28.0
0.0785,-1.8625604346079194,373.97766552683447,1.0,1.0,0.0,6.0,0.0,0.0,0.0,373.9991254273567,374.0351349461222,0.0,28.0
0.0786,-1.8251626681723008,373.9776564049308,1.0,1.0,0.0,6.0,0.0,0.0,0.0,373.9991254273567,374.0351349461222,0.0,28.0
0.0787,-1.7877649102986806,373.9774341734812,1.0,1.0,0.0,6.0,0.0,0.0,0.0,373.9991254273567,374.0351349461222,0.0,28.0
0.0788,-1.7503672003406765,373.97664713281245,1.0,1.0,0.0,6.0,0.0,0.0,0.0,373.9991254273567,374.0351349461222,0.0,28.0
0.0789,-1.7129696066034623,373.97509912862853,1.0,1.0,0.0,6.0,0.0,0.0,0.0,373.9991254273567,374.0351349461222,0.0,28.0
0.079,-1.6755722019481838,373.9729253464831,1.0,1.0,0.0,6.0,0.0,0.0,0.0,373.9991254273567,374.0351349461222,0.0,28.0
0.0791,-1.6381750215002366,373.97077543770916,1.0,1.0,0.0,6.0,0.0,0.0,0.0,373.9991254273567,374.0351349461222,0.0,28.0
0.0792,-1.6007780028896914,373.9699370711313,1.0,1.0,0.0,6.0,0.0,0.0,0.0,373.9991254273567,374.0351349461222,0.0,28.0
0.0793,-1.5633810091825684,373.9699370711313,1.0,1.0,0.0,6.0,0.0,0.0,0.0,373.9991254273567,374.0351349461222,0.0,28.0
0.0794,-1.52598401547544,373.9699370711313,1.0,1.0,0.0,6.0,0.0,0.0,0.0,373.9991254273567,374.0351349461222,0.0,28.0
0.0795,-1.4885870217683117,373.9699370711313,1.0,1.0,0.0,6.0,0.0,0.0,0.0,373.9991254273567,374.0351349461222,0.0,28.0
0.0796,-1.4511900282543426,373.96992101065496,1.0,1.0,0.0,6.0,0.0,0.0,0.0,373.9991254273567,374.0351349461222,0.0,28.0
0.0797,-1.4137930499499562,373.9695384040297,1.0,1.0,0.0,6.0,0.0,0.0,0.0,373.9991254273567,374.0351349461222,0.0,28.0
0.0798,-1.3763961457642728,373.96841488676455,1.0,1.0,0.0,6.0,0.0,0.0,0.0,373.9991254273567,374.0351349461222,0.0,28.0
0.0799,-1.3389993904964126,373.9665940122973,1.0,1.0,0.0,6.0,0.0,0.0,0.0,373.9991254273567,374.0351349461222,0.0,28.0
0.08,-1.3016028403673225,373.96437394143794,1.0,1.0,0.0,6.0,0.0,0.0,0.0,373.9991254273567,374.0351349461222,0.0,28.0
0.0801,-1.2642065158878328,373.9621476459973,1.0,1.0,0.0,6.0,0.0,0.0,0.0,373.9991254273567,374.0351349461222,0.0,28.0
0.0802,-1.2268103984789507,373.96028917356074,1.0,1.0,0.0,6.0,0.0,0.0,0.0,373.9991254273567,374.0351349461222,0.0,28.0
0.0803,-1.1894144359795569,373.95908930889937,1.0,1.0,0.0,6.0,0.0,0.0,0.0,373.9991254273567,374.0351349461222,0.0,28.0
0.0804,-1.152018552357482,373.9587287947821,1.0,1.0,0.0,6.0,0.0,0.0,0.0,373.9991254273567,374.0351349461222,0.0,28.0
0.0805,-1.1146226794779912,373.9587287947821,1.0,1.0,0.0,6.0,0.0,0.0,0.0,373.9991254273567,374.0351349461222,0.0,28.0
0.0806,-1.0772268065985005,373.9587287947821,1.0,1.0,0.0,6.0,0.0,0.0,0.0,373.9991254273567,374.0351349461222,0.0,28.0
0.0807,-1.0398309337190148,373.9587287947821,1.0,0.0,0.0,4.0,0.0,0.0,0.0,373.99912542735484,374.02613256643036,0.0,29.0
0.0808,-1.002435060839524,373.9587287947821,1.0,0.0,0.0,4.0,0.0,0.0,0.0,373.99912542735484,374.02613256643036,0.0,29.0
0.0809,-0.9650391879600299,373.9587287947821,1.0,0.0,0.0,4.0,0.0,0.0,0.0,373.99912542735484,374.02613256643036,0.0,29.0
0.081,-0.9276433150805355,373.9587287947821,1.0,0.0,0.0,4.0,0.0,0.0,0.0,373.99912542735484,374.02613256643036,0.0,29.0
0.0811,-0.8902474422010412,373.9587287947821,1.0,0.0,0.0,4.0,0.0,0.0,0.0,373.99912542735484,374.02613256643036,0.0,29.0
0.0812,-0.852851569321552,373.9587287947821,1.0,0.0,0.0,4.0,0.0,0.0,0.0,373.99912542735484,374.02613256643036,0.0,29.0
0.0813,-0.8154556964420577,373.9587287947821,1.0,0.0,0.0,4.0,0.0,0.0,0.0,373.99912542735484,374.02613256643036,0.0,29.0
0.0814,-0.7780598236553086,373.95872113441715,1.0,0.0,0.0,4.0,0.0,0.0,0.0,373.99912542735484,374.02613256643036,0.0,29.0
0.0815,-0.7406639588218653,373.95851057226315,1.0,0.0,0.0,4.0,0.0,0.0,0.0,373.99912542735484,374.02613256643036,0.0,29.0
0.0816,-0.7032681401646118,373.95774656486935,1.0,0.0,0.0,4.0,0.0,0.0,0.0,373.99912542735484,374.02613256643036,0.0,29.0
0.0817,-0.6658724348865552,373.9562321840919,1.0,0.0,0.0,4.0,0.0,0.0,0.0,373.99912542735484,374.02613256643036,0.0,29.0
0.0818,-0.628476914853052,373.9541012418725,1.0,0.0,0.0,4.0,0.0,0.0,0.0,373.99912542735484,374.02613256643036,0.0,29.0
0.0819,-0.5910816143644878,373.95200134432287,1.0,0.0,0.0,4.0,0.0,0.0,0.0,373.99912542735484,374.02613256643036,0.0,29.0
0.082,-0.5536864705433949,373.9512080214022,1.0,0.0,0.0,4.0,0.0,0.0,0.0,373.99912542735484,374.02613256643036,0.0,29.0
0.0821,-0.5162913497412388,373.9512080214022,1.0,0.0,0.0,4.0,0.0,0.0,0.0,373.99912542735484,374.02613256643036,0.0,29.0
0.0822,-0.47889622893908856,373.9512080214022,1.0,0.0,0.0,4.0,0.0,0.0,0.0,373.99912542735484,374.02613256643036,0.0,29.0
0.0823,-0.44150110813693344,373.9512080214022,1.0,0.0,0.0,4.0,0.0,0.0,0.0,373.99912542735484,374.02613256643036,0.0,29.0
0.0824,-0.4041059875054481,373.95119340073626,1.0,0.0,0.0,4.0,0.0,0.0,0.0,373.99912542735484,374.02613256643036,0.0,29.0
0.0825,-0.366710881453776,373.95082291254573,1.0,0.0,0.0,4.0,0.0,0.0,0.0,373.99912542735484,374.02613256643036,0.0,29.0
0.0826,-0.32931584775011,373.9497224371512,1.0,0.0,0.0,4.0,0.0,0.0,0.0,373.99912542735484,374.02613256643036,0.0,29.0
0.0827,-0.29192096016885954,373.94793426066565,1.0,0.0,0.0,4.0,0.0,0.0,0.0,373.99912542735484,374.02613256643036,0.0,29.0
0.0828,-0.2545262740076381,373.94575577791875,1.0,0.0,0.0,4.0,0.0,0.0,0.0,373.99912542735484,374.02613256643036,0.0,29.0
0.0829,-0.21713180890818146,373.9435796248885,1.0,0.0,0.0,4.0,0.0,0.0,0.0,373.99912542735484,374.02613256643036,0.0,29.0
0.083,-0.1797375454394966,373.9417798198883,1.0,0.0,0.0,4.0,0.0,0.0,0.0,373.99912542735484,374.02613256643036,0.0,29.0
0.0831,-0.14234343058196366,373.9406472840213,1.0,0.0,0.0,4.0,0.0,0.0,0.0,373.99912542735484,374.02613256643036,0.0,29.0
0.0832,-0.10494938752602818,373.940350577481,1.0,0.0,0.0,4.0,0.0,0.0,0.0,373.99912542735484,374.02613256643036,0.0,29.0
0.0833,-0.0675553524682645,373.940350577481,1.0,0.0,0.0,4.0,0.0,0.0,0.0,373.99912542735484,374.02613256643036,0.0,29.0
0.0834,-0.030161317410500856,373.940350577481,1.0,0.0,0.0,4.0,0.0,0.0,0.0,373.99912542735484,374.02613256643036,0.0,29.0
0.0835,0.007232717647262815,373.940350577481,1.0,0.0,1.0,5.0,0.0,0.0,0.0,373.9991254273567,374.019380781662,0.0,30.0
0.0836,0.04462675270502128,373.940350577481,1.0,0.0,1.0,5.0,0.0,0.0,0.0,373.9991254273567,374.019380781662,0.0,30.0
0.0837,0.08202078776278494,373.940350577481,1.0,0.0,1.0,5.0,0.0,0.0,0.0,373.9991254273567,374.019380781662,0.0,30.0
0.0838,0.11941482282054863,373.940350577481,1.0,0.0,1.0,5.0,0.0,0.0,0.0,373.9991254273567,374.019380781662,0.0,30.0
0.0839,0.15680885787831253,373.940350577481,1.0,0.0,1.0,5.0,0.0,0.0,0.0,373.9991254273567,374.019380781662,0.0,30.0
0.084,0.19420289293607648,373.940350577481,1.0,0.0,1.0,5.0,0.0,0.0,0.0,373.9991254273567,374.019380781662,0.0,30.0
0.0841,0.23159692799383524,373.940350577481,1.0,0.0,1.0,5.0,0.0,0.0,0.0,373.9991254273567,374.019380781662,0.0,30.0
0.0842,0.26899096297956154,373.9403442387734,1.0,0.0,1.0,5.0,0.0,0.0,0.0,373.9991254273567,374.019380781662,0.0,30.0
0.0843,0.3063849906028159,373.940145230911,1.0,0.0,1.0,5.0,0.0,0.0,0.0,373.9991254273567,374.019380781662,0.0,30.0
0.0844,0.3437789737854118,373.9394042581249,1.0,0.0,1.0,5.0,0.0,0.0,0.0,373.9991254273567,374.019380781662,0.0,30.0
0.0845,0.381172846423645,373.9379232892091,1.0,0.0,1.0,5.0,0.0,0.0,0.0,373.9991254273567,374.019380781662,0.0,30.0
0.0846,0.4185665375999835,373.9358341873149,1.0,0.0,1.0,5.0,0.0,0.0,0.0,373.9991254273567,374.019380781662,0.0,30.0
0.0847,0.4559600137212051,373.9337816942811,1.0,0.0,1.0,5.0,0.0,0.0,0.0,373.9991254273567,374.019380781662,0.0,30.0
0.0848,0.4933533379562358,373.93302844385914,1.0,0.0,1.0,5.0,0.0,0.0,0.0,373.9991254273567,374.019380781662,0.0,30.0
0.0849,0.5307466408006366,373.93302844385914,1.0,0.0,1.0,5.0,0.0,0.0,0.0,373.9991254273567,374.019380781662,0.0,30.0
0.085,0.5681399436450373,373.93302844385914,1.0,0.0,1.0,5.0,0.0,0.0,0.0,373.9991254273567,374.019380781662,0.0,30.0
0.0851,0.6055332464894329,373.93302844385914,1.0,0.0,1.0,5.0,0.0,0.0,0.0,373.9991254273567,374.019380781662,0.0,30.0
0.0852,0.6429265491850658,373.9330152668268,1.0,0.0,1.0,5.0,0.0,0.0,0.0,373.9991254273567,374.019380781662,0.0,30.0
0.0853,0.6803198379479001,373.9326572607059,1.0,0.0,1.0,5.0,0.0,0.0,0.0,373.9991254273567,374.019380781662,0.0,30.0
0.0854,0.7177130561701093,373.93158009550837,1.0,0.0,1.0,5.0,0.0,0.0,0.0,373.9991254273567,374.019380781662,0.0,30.0
0.0855,0.7551061310665417,373.92982431610454,1.0,0.0,1.0,5.0,0.0,0.0,0.0,373.9991254273567,374.019380781662,0.0,30.0
0.0856,0.792499008192783,373.92768632478794,1.0,0.0,1.0,5.0,0.0,0.0,0.0,373.9991254273567,374.019380781662,0.0,30.0
0.0857,0.8298916686935311,373.92555838578613,1.0,0.0,1.0,5.0,0.0,0.0,0.0,373.9991254273567,374.019380781662,0.0,30.0
0.0858,0.8672841327721704,373.92381457408396,1.0,0.0,1.0,5.0,0.0,0.0,0.0,373.9991254273567,374.019380781662,0.0,30.0
0.0859,0.904676454239146,373.9227460892145,1.0,0.0,1.0,5.0,0.0,0.0,0.0,373.9991254273567,374.019380781662,0.0,30.0
0.086,0.9420687105136569,373.9225039242371,1.0,0.0,1.0,5.0,0.0,0.0,0.0,373.9991254273567,374.019380781662,0.0,30.0
0.0861,0.9794609609060954,373.9225039242371,1.0,0.0,1.0,5.0,0.0,0.0,0.0,373.9991254273567,374.019380781662,0.0,30.0
0.0862,1.0168532112985336,373.9225039242371,1.0,0.0,1.0,5.0,0.0,0.0,0.0,373.9991254273567,374.019380781662,0.0,30.0
0.0863,1.0542454616909718,373.9225039242371,0.0,0.0,1.0,1.0,0.0,0.0,0.0,373.9991254273567,374.01431694308565,0.0,31.0
0.0864,1.09163771208341,373.9225039242371,0.0,0.0,1.0,1.0,0.0,0.0,0.0,373.9991254273567,374.01431694308565,0.0,31.0
0.0865,1.129029962475843,373.9225039242371,0.0,0.0,1.0,1.0,0.0,0.0,0.0,373.9991254273567,374.01431694308565,0.0,31.0
0.0866,1.1664222128682813,373.9225039242371,0.0,0.0,1.0,1.0,0.0,0.0,0.0,373.9991254273567,374.01431694308565,0.0,31.0
0.0867,1.2038144632607195,373.9225039242371,0.0,0.0,1.0,1.0,0.0,0.0,0.0,373.9991254273567,374.01431694308565,0.0,31.0
0.0868,1.2412067136531577,373.9225039242371,0.0,0.0,1.0,1.0,0.0,0.0,0.0,373.9991254273567,374.01431694308565,0.0,31.0
0.0869,1.278598964045596,373.9225039242371,0.0,0.0,1.0,1.0,0.0,0.0,0.0,373.9991254273567,374.01431694308565,0.0,31.0
0.087,1.3159912143833308,373.922498767659,0.0,0.0,1.0,1.0,0.0,0.0,0.0,373.9991254273567,374.01431694308565,0.0,31.0
0.0871,1.3533834579302444,373.9223111772435,0.0,0.0,1.0,1.0,0.0,0.0,0.0,373.9991254273567,374.01431694308565,0.0,31.0
0.0872,1.3907756587661553,373.92159322395986,0.0,0.0,1.0,1.0,0.0,0.0,0.0,373.9991254273567,374.01431694308565,0.0,31.0
0.0873,1.4281677518848792,373.92014545696657,0.0,0.0,1.0,1.0,0.0,0.0,0.0,373.9991254273567,374.01431694308565,0.0,31.0
0.0874,1.4655596672715514,373.91809723569963,0.0,0.0,1.0,1.0,0.0,0.0,0.0,373.9991254273567,374.01431694308565,0.0,31.0
0.0875,1.5029513719273506,373.91608964585566,0.0,0.0,1.0,1.0,0.0,0.0,0.0,373.9991254273567,374.01431694308565,0.0,31.0
0.0876,1.5403429291084025,373.91537194679677,0.0,0.0,1.0,1.0,0.0,0.0,0.0,373.9991254273567,374.01431694308565,0.0,31.0
0.0877,1.5777344663030999,373.91537194679677,0.0,0.0,1.0,1.0,0.0,0.0,0.0,373.9991254273567,374.01431694308565,0.0,31.0
0.0878,1.6151260034977972,373.91537194679677,0.0,0.0,1.0,1.0,0.0,0.0,0.0,373.9991254273567,374.01431694308565,0.0,31.0
0.0879,1.6525175406924946,373.91537194679677,0.0,0.0,1.0,1.0,0.0,0.0,0.0,373.9991254273567,374.01431694308565,0.0,31.0
0.088,1.6899090777593855,373.915360198444,0.0,0.0,1.0,1.0,0.0,0.0,0.0,373.9991254273567,374.01431694308565,0.0,31.0
0.0881,1.7273006015538095,373.91501499152946,0.0,0.0,1.0,1.0,0.0,0.0,0.0,373.9991254273567,374.01431694308565,0.0,31.0
0.0882,1.7646920566477664,373.91396137569916,0.0,0.0,1.0,1.0,0.0,0.0,0.0,373.9991254273567,374.01431694308565,0.0,31.0
0.0883,1.8020833712122144,373.912237691002,0.0,0.0,1.0,1.0,0.0,0.0,0.0,373.9991254273567,374.01431694308565,0.0,31.0
0.0884,1.839474491588843,373.91013912414206,0.0,0.0,1.0,1.0,0.0,0.0,0.0,373.9991254273567,374.01431694308565,0.0,31.0
0.0885,1.876865399629158,373.908057530387,0.0,0.0,1.0,1.0,0.0,0.0,0.0,373.9991254273567,374.01431694308565,0.0,31.0
0.0886,1.9142561162321585,373.9063671234031,0.0,0.0,1.0,1.0,0.0,0.0,0.0,373.9991254273567,374.01431694308565,0.0,31.0
0.0887,1.9516466959337728,373.9053595185416,0.0,0.0,1.0,1.0,0.0,0.0,0.0,373.9991254273567,374.01431694308565,0.0,31.0
0.0888,1.989037216573687,373.9051637475178,0.0,0.0,1.0,1.0,0.0,0.0,0.0,373.9991254273567,374.01431694308565,0.0,31.0
0.0889,2.0264277329484544,373.9051637475178,0.0,0.0,1.0,1.0,0.0,0.0,0.0,373.9991254273567,374.01431694308565,0.0,31.0
0.089,2.0638182493232153,373.9051637475178,0.0,0.0,1.0,1.0,0.0,0.0,0.0,373.9991254273567,374.01431694308565,0.0,31.0
0.0891,2.1012087656979825,373.9051637475178,0.0,1.0,1.0,3.0,0.0,0.0,0.0,373.9991254273567,374.0105190641534,0.0,32.0
0.0892,2.1385992820727497,373.9051637475178,0.0,1.0,1.0,3.0,0.0,0.0,0.0,373.9991254273567,374.0105190641534,0.0,32.0
0.0893,2.175989798447517,373.9051637475178,0.0,1.0,1.0,3.0,0.0,0.0,0.0,373.9991254273567,374.0105190641534,0.0,32.0
0.0894,2.213380314822278,373.9051637475178,0.0,1.0,1.0,3.0,0.0,0.0,0.0,373.9991254273567,374.0105190641534,0.0,32.0
0.0895,2.250770831197045,373.9051637475178,0.0,1.0,1.0,3.0,0.0,0.0,0.0,373.9991254273567,374.0105190641534,0.0,32.0
0.0896,2.2881613475718123,373.9051637475178,0.0,1.0,1.0,3.0,0.0,0.0,0.0,373.9991254273567,374.0105190641534,0.0,32.0
0.0897,2.3255518639465795,373.9051637475178,0.0,1.0,1.0,3.0,0.0,0.0,0.0,373.9991254273567,374.0105190641534,0.0,32.0
0.0898,2.362942380280895,373.9051596349764,0.0,1.0,1.0,3.0,0.0,0.0,0.0,373.9991254273567,374.0105190641534,0.0,32.0
0.0899,2.4003328903755725,373.9049833027821,0.0,1.0,1.0,3.0,0.0,0.0,0.0,373.9991254273567,374.0105190641534,0.0,32.0
0.09,2.437723359480997,373.9042883371768,0.0,1.0,1.0,3.0,0.0,0.0,0.0,373.9991254273567,374.0105190641534,0.0,32.0
0.0901,2.4751137236878784,373.9028735640602,0.0,1.0,1.0,3.0,0.0,0.0,0.0,373.9991254273567,374.0105190641534,0.0,32.0
0.0902,2.5125039138416487,373.9008653045182,0.0,1.0,1.0,3.0,0.0,0.0,0.0,373.9991254273567,374.0105190641534,0.0,32.0
0.0903,2.549893897430365,373.8989002230283,0.0,1.0,1.0,3.0,0.0,0.0,0.0,373.9991254273567,374.0105190641534,0.0,32.0
0.0904,2.5872837376047055,373.89821395616843,0.0,1.0,1.0,3.0,0.0,0.0,0.0,373.9991254273567,374.0105190641534,0.0,32.0
0.0905,2.6246735590003407,373.89821395616843,0.0,1.0,1.0,3.0,0.0,0.0,0.0,373.9991254273567,374.0105190641534,0.0,32.0
0.0906,2.662063380395976,373.89821395616843,0.0,1.0,1.0,3.0,0.0,0.0,0.0,373.9991254273567,374.0105190641534,0.0,32.0
0.0907,2.699453201791611,373.89821395616843,0.0,1.0,1.0,3.0,0.0,0.0,0.0,373.9991254273567,374.0105190641534,0.0,32.0
0.0908,2.73684302307918,373.89820360386983,0.0,1.0,1.0,3.0,0.0,0.0,0.0,373.9991254273567,374.0105190641534,0.0,32.0
0.0909,2.7742328317640794,373.89787146798693,0.0,1.0,1.0,3.0,0.0,0.0,0.0,373.9991254273567,374.0105190641534,0.0,32.0
0.091,2.81162257361775,373.89684161401493,0.0,1.0,1.0,3.0,0.0,0.0,0.0,373.9991254273567,374.0105190641534,0.0,32.0
0.0911,2.8490121777364754,373.89514972240437,0.0,1.0,1.0,3.0,0.0,0.0,0.0,373.9991254273567,374.0105190641534,0.0,32.0
0.0912,2.886401591183835,373.8930895436765,0.0,1.0,1.0,3.0,0.0,0.0,0.0,373.9991254273567,374.0105190641534,0.0,32.0
0.0913,2.923790796441492,373.8910524850816,0.0,1.0,1.0,3.0,0.0,0.0,0.0,373.9991254273567,374.0105190641534,0.0,32.0
0.0914,2.961179815029849,373.8894129768844,0.0,1.0,1.0,3.0,0.0,0.0,0.0,373.9991254273567,374.0105190641534,0.0,32.0
0.0915,2.9985687021471654,373.88846318305076,0.0,1.0,1.0,3.0,0.0,0.0,0.0,373.9991254273567,374.0105190641534,0.0,32.0
0.0916,3.0359575358549744,373.88830665240073,0.0,1.0,1.0,3.0,0.0,0.0,0.0,373.9991254273567,374.0105190641534,0.0,32.0
0.0917,3.073346366520232,373.88830665240073,0.0,1.0,1.0,3.0,0.0,0.0,0.0,373.9991254273567,374.0105190641534,0.0,32.0
0.0918,3.1107351971854893,373.88830665240073,0.0,1.0,1.0,3.0,0.0,0.0,0.0,373.9991254273567,374.0105190641534,0.0,32.0
0.0919,-3.1350612793288457,373.88830665240073,0.0,1.0,0.0,2.0,0.0,0.0,0.0,373.99912542735484,374.00767065495376,0.0,33.0
0.092,-3.0976724486635883,373.88830665240073,0.0,1.0,0.0,2.0,0.0,0.0,0.0,373.99912542735484,374.00767065495376,0.0,33.0
0.0921,-3.060283617998331,373.88830665240073,0.0,1.0,0.0,2.0,0.0,0.0,0.0,373.99912542735484,374.00767065495376,0.0,33.0
0.0922,-3.0228947873330734,373.88830665240073,0.0,1.0,0.0,2.0,0.0,0.0,0.0,373.99912542735484,374.00767065495376,0.0,33.0
0.0923,-2.985505956667822,373.88830665240073,0.0,1.0,0.0,2.0,0.0,0.0,0.0,373.99912542735484,374.00767065495376,0.0,33.0
0.0924,-2.9481171260025647,373.88830665240073,0.0,1.0,0.0,2.0,0.0,0.0,0.0,373.99912542735484,374.00767065495376,0.0,33.0
0.0925,-2.9107282953373073,373.88830665240073,0.0,1.0,0.0,2.0,0.0,0.0,0.0,373.99912542735484,374.00767065495376,0.0,33.0
0.0926,-2.8733394647010457,373.8883034484148,0.0,1.0,0.0,2.0,0.0,0.0,0.0,373.99912542735484,374.00767065495376,0.0,33.0
0.0927,-2.8359506397748695,373.8881381923789,0.0,1.0,0.0,2.0,0.0,0.0,0.0,373.99912542735484,374.00767065495376,0.0,33.0
0.0928,-2.7985618541261963,373.88746616566954,0.0,1.0,0.0,2.0,0.0,0.0,0.0,373.99912542735484,374.00767065495376,0.0,33.0
0.0929,-2.761173170566832,373.8860841805203,0.0,1.0,0.0,2.0,0.0,0.0,0.0,373.99912542735484,374.00767065495376,0.0,33.0
0.093,-2.7237846574305467,373.88411500532754,0.0,1.0,0.0,2.0,0.0,0.0,0.0,373.99912542735484,374.00767065495376,0.0,33.0
0.0931,-2.6863963468447407,373.8821901446804,0.0,1.0,0.0,2.0,0.0,0.0,0.0,373.99912542735484,374.00767065495376,0.0,33.0
0.0932,-2.6490081759453967,373.8815315496736,0.0,1.0,0.0,2.0,0.0,0.0,0.0,373.99912542735484,374.00767065495376,0.0,33.0
0.0933,-2.61162002279042,373.8815315496736,0.0,1.0,0.0,2.0,0.0,0.0,0.0,373.99912542735484,374.00767065495376,0.0,33.0
0.0934,-2.574231869635437,373.8815315496736,0.0,1.0,0.0,2.0,0.0,0.0,0.0,373.99912542735484,374.00767065495376,0.0,33.0
0.0935,-2.5368437164804543,373.8815315496736,0.0,1.0,0.0,2.0,0.0,0.0,0.0,373.99912542735484,374.00767065495376,0.0,33.0
0.0936,-2.4994555634152746,373.88152254442394,0.0,1.0,0.0,2.0,0.0,0.0,0.0,373.99912542735484,374.00767065495376,0.0,33.0
0.0937,-2.4620674222771917,373.88120370709987,0.0,1.0,0.0,2.0,0.0,0.0,0.0,373.99912542735484,374.00767065495376,0.0,33.0
0.0938,-2.424679346075577,373.88019780300766,0.0,1.0,0.0,2.0,0.0,0.0,0.0,373.99912542735484,374.00767065495376,0.0,33.0
0.0939,-2.3872914048171676,373.8785374056126,0.0,1.0,0.0,2.0,0.0,0.0,0.0,373.99912542735484,374.00767065495376,0.0,33.0
0.094,-2.3499036507778572,373.876514610168,0.0,1.0,0.0,2.0,0.0,0.0,0.0,373.99912542735484,374.00767065495376,0.0,33.0
0.0941,-2.312516100919732,373.874520334489,0.0,1.0,0.0,2.0,0.0,0.0,0.0,373.99912542735484,374.00767065495376,0.0,33.0
0.0942,-2.2751287331727137,373.87292929911655,0.0,1.0,0.0,2.0,0.0,0.0,0.0,373.99912542735484,374.00767065495376,0.0,33.0
0.0943,-2.2377414917374323,373.87203434493745,0.0,1.0,0.0,2.0,0.0,0.0,0.0,373.99912542735484,374.00767065495376,0.0,33.0
0.0944,-2.2003542985294624,373.8719107855779,0.0,1.0,0.0,2.0,0.0,0.0,0.0,373.99912542735484,374.00767065495376,0.0,33.0
0.0945,-2.1629671074508847,373.8719107855779,0.0,1.0,0.0,2.0,0.0,0.0,0.0,373.99912542735484,374.00767065495376,0.0,33.0
0.0946,-2.125579916372307,373.8719107855779,0.0,1.0,0.0,2.0,0.0,0.0,0.0,373.99912542735484,374.00767065495376,0.0,33.0
0.0947,-2.0881927252937293,373.8719107855779,1.0,1.0,0.0,6.0,0.0,0.0,0.0,373.9991254273567,374.00553434805454,0.0,34.0
0.0948,-2.050805534215158,373.8719107855779,1.0,1.0,0.0,6.0,0.0,0.0,0.0,373.9991254273567,374.00553434805454,0.0,34.0
0.0949,-2.01341834313658,373.8719107855779,1.0,1.0,0.0,6.0,0.0,0.0,0.0,373.9991254273567,374.00553434805454,0.0,34.0
0.095,-1.976031152058006,373.8719107855779,1.0,1.0,0.0,6.0,0.0,0.0,0.0,373.9991254273567,374.00553434805454,0.0,34.0
0.0951,-1.9386439609794335,373.8719107855779,1.0,1.0,0.0,6.0,0.0,0.0,0.0,373.9991254273567,374.00553434805454,0.0,34.0
0.0952,-1.901256769900861,373.8719107855779,1.0,1.0,0.0,6.0,0.0,0.0,0.0,373.9991254273567,374.00553434805454,0.0,34.0
0.0953,-1.8638695788222934,373.8719107855779,1.0,1.0,0.0,6.0,0.0,0.0,0.0,373.9991254273567,374.00553434805454,0.0,34.0
0.0954,-1.8264823877637413,373.8719083585416,1.0,1.0,0.0,6.0,0.0,0.0,0.0,373.9991254273567,374.00553434805454,0.0,34.0
0.0955,-1.7890952019084663,373.87175397337137,1.0,1.0,0.0,6.0,0.0,0.0,0.0,373.9991254273567,374.00553434805454,0.0,34.0
0.0956,-1.7517080536310092,373.8711048196051,1.0,1.0,0.0,6.0,0.0,0.0,0.0,373.9991254273567,374.00553434805454,0.0,34.0
0.0957,-1.7143210046439414,373.8697554188328,1.0,1.0,0.0,6.0,0.0,0.0,0.0,373.9991254273567,374.00553434805454,0.0,34.0
0.0958,-1.6769341224968033,373.8678244926984,1.0,1.0,0.0,6.0,0.0,0.0,0.0,373.9991254273567,374.00553434805454,0.0,34.0
0.0959,-1.639547439029547,373.86593767326633,1.0,1.0,0.0,6.0,0.0,0.0,0.0,373.9991254273567,374.00553434805454,0.0,34.0
0.096,-1.602160891835117,373.8653033098268,1.0,1.0,0.0,6.0,0.0,0.0,0.0,373.9991254273567,374.00553434805454,0.0,34.0
0.0961,-1.564774361504121,373.8653033098268,1.0,1.0,0.0,6.0,0.0,0.0,0.0,373.9991254273567,374.00553434805454,0.0,34.0
0.0962,-1.5273878311731302,373.8653033098268,1.0,1.0,0.0,6.0,0.0,0.0,0.0,373.9991254273567,374.00553434805454,0.0,34.0
0.0963,-1.4900013008421342,373.8653033098268,1.0,1.0,0.0,6.0,0.0,0.0,0.0,373.9991254273567,374.00553434805454,0.0,34.0
0.0964,-1.4526147705843426,373.8652955877081,1.0,1.0,0.0,6.0,0.0,0.0,0.0,373.9991254273567,374.00553434805454,0.0,34.0
0.0965,-1.4152282515759358,373.8649902330169,1.0,1.0,0.0,6.0,0.0,0.0,0.0,373.9991254273567,374.00553434805454,0.0,34.0
0.0966,-1.3778417955870481,373.86400844431523,1.0,1.0,0.0,6.0,0.0,0.0,0.0,373.9991254273567,374.00553434805454,0.0,34.0
0.0967,-1.3404554717533943,373.86237924679205,1.0,1.0,0.0,6.0,0.0,0.0,0.0,373.9991254273567,374.00553434805454,0.0,34.0
0.0968,-1.3030693317489115,373.8603928619784,1.0,1.0,0.0,6.0,0.0,0.0,0.0,373.9991254273567,374.00553434805454,0.0,34.0
0.0969,-1.265683392050687,373.858439674008,1.0,1.0,0.0,6.0,0.0,0.0,0.0,373.9991254273567,374.00553434805454,0.0,34.0
0.097,-1.2282976301084576,373.85689476299774,1.0,1.0,0.0,6.0,0.0,0.0,0.0,373.9991254273567,374.00553434805454,0.0,34.0
0.0971,-1.1909119895810751,373.8560517706626,1.0,1.0,0.0,6.0,0.0,0.0,0.0,373.9991254273567,374.00553434805454,0.0,34.0
0.0972,-1.1535263925538162,373.85595570123473,1.0,1.0,0.0,6.0,0.0,0.0,0.0,373.9991254273567,374.00553434805454,0.0,34.0
0.0973,-1.1161407969836779,373.85595570123473,1.0,1.0,0.0,6.0,0.0,0.0,0.0,373.9991254273567,374.00553434805454,0.0,34.0
0.0974,-1.0787552014135395,373.85595570123473,1.0,1.0,0.0,6.0,0.0,0.0,0.0,373.9991254273567,374.00553434805454,0.0,34.0
0.0975,-1.0413696058434012,373.85595570123473,1.0,0.0,0.0,4.0,0.0,0.0,0.0,373.9991254273567,374.00393211788014,0.0,35.0
0.0976,-1.003984010273263,373.85595570123473,1.0,0.0,0.0,4.0,0.0,0.0,0.0,373.9991254273567,374.00393211788014,0.0,35.0
0.0977,-0.9665984147031285,373.85595570123473,1.0,0.0,0.0,4.0,0.0,0.0,0.0,373.9991254273567,374.00393211788014,0.0,35.0
0.0978,-0.9292128191329888,373.85595570123473,1.0,0.0,0.0,4.0,0.0,0.0,0.0,373.9991254273567,374.00393211788014,0.0,35.0
0.0979,-0.8918272235628492,373.85595570123473,1.0,0.0,0.0,4.0,0.0,0.0,0.0,373.9991254273567,374.00393211788014,0.0,35.0
0.098,-0.8544416279927095,373.85595570123473,1.0,0.0,0.0,4.0,0.0,0.0,0.0,373.9991254273567,374.00393211788014,0.0,35.0
0.0981,-0.8170560324225699,373.85595570123473,1.0,0.0,0.0,4.0,0.0,0.0,0.0,373.9991254273567,374.00393211788014,0.0,35.0
0.0982,-0.779670436865642,373.8559539247618,1.0,0.0,0.0,4.0,0.0,0.0,0.0,373.9991254273567,374.00393211788014,0.0,35.0
0.0983,-0.7422848460289124,373.8558101815991,1.0,0.0,0.0,4.0,0.0,0.0,0.0,373.9991254273567,374.00393211788014,0.0,35.0
0.0984,-0.704899291084538,373.85518381745317,1.0,0.0,0.0,4.0,0.0,0.0,0.0,373.9991254273567,374.00393211788014,0.0,35.0
0.0985,-0.6675138326428025,373.8538667998978,1.0,0.0,0.0,4.0,0.0,0.0,0.0,373.9991254273567,374.00393211788014,0.0,35.0
0.0986,-0.6301285375026969,373.8519733299948,1.0,0.0,0.0,4.0,0.0,0.0,0.0,373.9991254273567,374.00393211788014,0.0,35.0
0.0987,-0.5927434373085453,373.85012248031757,1.0,0.0,0.0,4.0,0.0,0.0,0.0,373.9991254273567,374.00393211788014,0.0,35.0
0.0988,-0.5553584702701349,373.84950919342174,1.0,0.0,0.0,4.0,0.0,0.0,0.0,373.9991254273567,374.00393211788014,0.0,35.0
0.0989,-0.5179735193507757,373.84950919342174,1.0,0.0,0.0,4.0,0.0,0.0,0.0,373.9991254273567,374.00393211788014,0.0,35.0
0.099,-0.4805885684314178,373.84950919342174,1.0,0.0,0.0,4.0,0.0,0.0,0.0,373.9991254273567,374.00393211788014,0.0,35.0
0.0991,-0.44320361751206605,373.84950919342174,1.0,0.0,0.0,4.0,0.0,0.0,0.0,373.9991254273567,374.00393211788014,0.0,35.0
0.0992,-0.4058186666511083,373.8495026772354,1.0,0.0,0.0,4.0,0.0,0.0,0.0,373.9991254273567,374.00393211788014,0.0,35.0
0.0993,-0.3684337263631602,373.84921094647785,1.0,0.0,0.0,4.0,0.0,0.0,0.0,373.9991254273567,374.00393211788014,0.0,35.0
0.0994,-0.3310488471588667,373.8482534178855,1.0,0.0,0.0,4.0,0.0,0.0,0.0,373.9991254273567,374.00393211788014,0.0,35.0
0.0995,-0.29366409732631876,373.84665513199127,1.0,0.0,0.0,4.0,0.0,0.0,0.0,373.9991254273567,374.00393211788014,0.0,35.0
0.0996,-0.25627952799341164,373.8447042179752,1.0,0.0,0.0,4.0,0.0,0.0,0.0,373.9991254273567,374.00393211788014,0.0,35.0
0.0997,-0.21889515522093428,373.8427904787777,1.0,0.0,0.0,4.0,0.0,0.0,0.0,373.9991254273567,374.00393211788014,0.0,35.0
0.0998,-0.18151095604579812,373.84128941888116,1.0,0.0,0.0,4.0,0.0,0.0,0.0,373.9991254273567,374.00393211788014,0.0,35.0
0.0999,-0.14412687364277865,373.84049560041814,1.0,0.0,0.0,4.0,0.0,0.0,0.0,373.9991254273567,374.00393211788014,0.0,35.0
0.1,-0.10674283044799984,373.84042224153814,1.0,0.0,0.0,4.0,0.0,0.0,0.0,373.9991254273567,374.00393211788014,0.0,35.0
0.1001,-0.06935878822383568,373.84042224153814,1.0,0.0,0.0,4.0,0.0,0.0,0.0,373.9991254273567,374.00393211788014,0.0,35.0
0.1002,-0.031974745999666335,373.84042224153814,1.0,0.0,0.0,4.0,0.0,0.0,0.0,373.9991254273567,374.00393211788014,0.0,35.0
0.1003,0.005409296224503057,373.84042224153814,1.0,0.0,1.0,5.0,0.0,0.0,0.0,373.9991254273567,374.0027304452493,0.0,36.0
0.1004,0.04279333844867245,373.84042224153814,1.0,0.0,1.0,5.0,0.0,0.0,0.0,373.9991254273567,374.0027304452493,0.0,36.0
0.1005,0.0801773806728418,373.84042224153814,1.0,0.0,1.0,5.0,0.0,0.0,0.0,373.9991254273567,374.0027304452493,0.0,36.0
0.1006,0.11756142289700597,373.84042224153814,1.0,0.0,1.0,5.0,0.0,0.0,0.0,373.9991254273567,374.0027304452493,0.0,36.0
0.1007,0.1549454651211754,373.84042224153814,1.0,0.0,1.0,5.0,0.0,0.0,0.0,373.9991254273567,374.0027304452493,0.0,36.0
0.1008,0.19232950734534487,373.84042224153814,1.0,0.0,1.0,5.0,0.0,0.0,0.0,373.9991254273567,374.0027304452493,0.0,36.0
0.1009,0.22971354956951434,373.84042224153814,1.0,0.0,1.0,5.0,0.0,0.0,0.0,373.9991254273567,374.0027304452493,0.0,36.0
0.101,0.2670975917854572,373.84042099587776,1.0,0.0,1.0,5.0,0.0,0.0,0.0,373.9991254273567,374.0027304452493,0.0,36.0
0.1011,0.3044816297396665,373.8402876420105,1.0,0.0,1.0,5.0,0.0,0.0,0.0,373.9991254273567,374.0027304452493,0.0,36.0
0.1012,0.34186563347061466,373.8396839665956,1.0,0.0,1.0,5.0,0.0,0.0,0.0,373.9991254273567,374.0027304452493,0.0,36.0
0.1013,0.3792495434745857,373.8383991335592,1.0,0.0,1.0,5.0,0.0,0.0,0.0,373.9991254273567,374.0027304452493,0.0,36.0
0.1014,0.41663329367246904,373.8365423697231,1.0,0.0,1.0,5.0,0.0,0.0,0.0,373.9991254273567,374.0027304452493,0.0,36.0
0.1015,0.4540168525289577,373.8347255265182,1.0,0.0,1.0,5.0,0.0,0.0,0.0,373.9991254273567,374.0027304452493,0.0,36.0
0.1016,0.4914002810674016,373.8341304151744,1.0,0.0,1.0,5.0,0.0,0.0,0.0,373.9991254273567,374.0027304452493,0.0,36.0
0.1017,0.5287836941089344,373.8341304151744,1.0,0.0,1.0,5.0,0.0,0.0,0.0,373.9991254273567,374.0027304452493,0.0,36.0
0.1018,0.5661671071504674,373.8341304151744,1.0,0.0,1.0,5.0,0.0,0.0,0.0,373.9991254273567,374.0027304452493,0.0,36.0
0.1019,0.6035505201920003,373.8341304151744,1.0,0.0,1.0,5.0,0.0,0.0,0.0,373.9991254273567,374.0027304452493,0.0,36.0
0.102,0.6409339331880697,373.83412501623377,1.0,0.0,1.0,5.0,0.0,0.0,0.0,373.9991254273567,374.0027304452493,0.0,36.0
0.1021,0.6783173362828256,373.8338470084502,1.0,0.0,1.0,5.0,0.0,0.0,0.0,373.9991254273567,374.0027304452493,0.0,36.0
0.1022,0.7157006802455785,373.832913865389,1.0,0.0,1.0,5.0,0.0,0.0,0.0,373.9991254273567,374.0027304452493,0.0,36.0
0.1023,0.7530838976149669,373.8313462103663,1.0,0.0,1.0,5.0,0.0,0.0,0.0,373.9991254273567,374.0027304452493,0.0,36.0
0.1024,0.7904669377559442,373.8294298606632,1.0,0.0,1.0,5.0,0.0,0.0,0.0,373.9991254273567,374.0027304452493,0.0,36.0
0.1025,0.8278497849576838,373.8275539868418,1.0,0.0,1.0,5.0,0.0,0.0,0.0,373.9991254273567,374.0027304452493,0.0,36.0
0.1026,0.8652324625307524,373.82609457790517,1.0,0.0,1.0,5.0,0.0,0.0,0.0,373.9991254273567,374.0027304452493,0.0,36.0
0.1027,0.9026150277282895,373.8253472317427,1.0,0.0,1.0,5.0,0.0,0.0,0.0,373.9991254273567,374.0027304452493,0.0,36.0
0.1028,0.9399975575969938,373.8252924298054,1.0,0.0,1.0,5.0,0.0,0.0,0.0,373.9991254273567,374.0027304452493,0.0,36.0
0.1029,0.9773800868399901,373.8252924298054,1.0,0.0,1.0,5.0,0.0,0.0,0.0,373.9991254273567,374.0027304452493,0.0,36.0
0.103,1.0147626160829815,373.8252924298054,1.0,0.0,1.0,5.0,0.0,0.0,0.0,373.9991254273567,374.0027304452493,0.0,36.0
0.1031,1.0521451453259787,373.8252924298054,0.0,0.0,1.0,1.0,0.0,0.0,0.0,373.9991254273567,374.0018291907762,0.0,37.0
0.1032,1.089527674568976,373.8252924298054,0.0,0.0,1.0,1.0,0.0,0.0,0.0,373.9991254273567,374.0018291907762,0.0,37.0
0.1033,1.1269102038119732,373.8252924298054,0.0,0.0,1.0,1.0,0.0,0.0,0.0,373.9991254273567,374.0018291907762,0.0,37.0
0.1034,1.1642927330549704,373.8252924298054,0.0,0.0,1.0,1.0,0.0,0.0,0.0,373.9991254273567,374.0018291907762,0.0,37.0
0.1035,1.2016752622979625,373.8252924298054,0.0,0.0,1.0,1.0,0.0,0.0,0.0,373.9991254273567,374.0018291907762,0.0,37.0
0.1036,1.2390577915409597,373.8252924298054,0.0,0.0,1.0,1.0,0.0,0.0,0.0,373.9991254273567,374.0018291907762,0.0,37.0
0.1037,1.276440320783957,373.8252924298054,0.0,0.0,1.0,1.0,0.0,0.0,0.0,373.9991254273567,374.0018291907762,0.0,37.0
0.1038,1.3138228500221938,373.82529160332405,0.0,0.0,1.0,1.0,0.0,0.0,0.0,373.9991254273567,374.0018291907762,0.0,37.0
0.1039,1.3512053754318507,373.82516836193315,0.0,0.0,1.0,1.0,0.0,0.0,0.0,373.9991254273567,374.0018291907762,0.0,37.0
0.104,1.3885878682687673,373.82458725659257,0.0,0.0,1.0,1.0,0.0,0.0,0.0,373.9991254273567,374.0018291907762,0.0,37.0
0.1041,1.42597027014138,373.8233344117913,0.0,0.0,1.0,1.0,0.0,0.0,0.0,373.9991254273567,374.0018291907762,0.0,37.0
0.1042,1.4633525156627343,373.82151364653885,0.0,0.0,1.0,1.0,0.0,0.0,0.0,373.9991254273567,374.0018291907762,0.0,37.0
0.1043,1.5007345733252073,373.8197289544459,0.0,0.0,1.0,1.0,0.0,0.0,0.0,373.9991254273567,374.0018291907762,0.0,37.0
0.1044,1.5381165032445292,373.8191493436927,0.0,0.0,1.0,1.0,0.0,0.0,0.0,373.9991254273567,374.0018291907762,0.0,37.0
0.1045,1.5754984181789107,373.8191493436927,0.0,0.0,1.0,1.0,0.0,0.0,0.0,373.9991254273567,374.0018291907762,0.0,37.0
0.1046,1.6128803331132973,373.8191493436927,0.0,0.0,1.0,1.0,0.0,0.0,0.0,373.9991254273567,374.0018291907762,0.0,37.0
0.1047,1.6502622480476838,373.8191493436927,0.0,0.0,1.0,1.0,0.0,0.0,0.0,373.9991254273567,374.0018291907762,0.0,37.0
0.1048,1.6876441629476706,373.81914496376777,0.0,0.0,1.0,1.0,0.0,0.0,0.0,373.9991254273567,374.0018291907762,0.0,37.0
0.1049,1.7250260686101353,373.8188807360931,0.0,0.0,1.0,1.0,0.0,0.0,0.0,373.9991254273567,374.0018291907762,0.0,37.0
0.105,1.762407917104998,373.81797208597067,0.0,0.0,1.0,1.0,0.0,0.0,0.0,373.9991254273567,374.0018291907762,0.0,37.0
0.1051,1.7997896417793087,373.8164347897534,0.0,0.0,1.0,1.0,0.0,0.0,0.0,373.9991254273567,374.0018291907762,0.0,37.0
0.1052,1.8371711924402658,373.81455213166817,0.0,0.0,1.0,1.0,0.0,0.0,0.0,373.9991254273567,374.0018291907762,0.0,37.0
0.1053,1.8745525536630412,373.8127125946648,0.0,0.0,1.0,1.0,0.0,0.0,0.0,373.9991254273567,374.0018291907762,0.0,37.0
0.1054,1.911933749042148,373.8112927076639,0.0,0.0,1.0,1.0,0.0,0.0,0.0,373.9991254273567,374.0018291907762,0.0,37.0
0.1055,1.9493148362039179,373.81058921545434,0.0,0.0,1.0,1.0,0.0,0.0,0.0,373.9991254273567,374.0018291907762,0.0,37.0
0.1056,1.986695891528708,373.81054937475625,0.0,0.0,1.0,1.0,0.0,0.0,0.0,373.9991254273567,374.0018291907762,0.0,37.0
0.1057,2.024076946466201,373.81054937475625,0.0,0.0,1.0,1.0,0.0,0.0,0.0,373.9991254273567,374.0018291907762,0.0,37.0
0.1058,2.0614580014036945,373.81054937475625,0.0,0.0,1.0,1.0,0.0,0.0,0.0,373.9991254273567,374.0018291907762,0.0,37.0
0.1059,2.098839056341182,373.81054937475625,0.0,1.0,1.0,3.0,0.0,0.0,0.0,373.99912542735484,374.00115324992083,0.0,38.0
0.106,2.1362201112786754,373.81054937475625,0.0,1.0,1.0,3.0,0.0,0.0,0.0,373.99912542735484,374.00115324992083,0.0,38.0
0.1061,2.173601166216169,373.81054937475625,0.0,1.0,1.0,3.0,0.0,0.0,0.0,373.99912542735484,374.00115324992083,0.0,38.0
0.1062,2.2109822211536625,373.81054937475625,0.0,1.0,1.0,3.0,0.0,0.0,0.0,373.99912542735484,374.00115324992083,0.0,38.0
0.1063,2.248363276091156,373.81054937475625,0.0,1.0,1.0,3.0,0.0,0.0,0.0,373.99912542735484,374.00115324992083,0.0,38.0
0.1064,2.2857443310286434,373.81054937475625,0.0,1.0,1.0,3.0,0.0,0.0,0.0,373.99912542735484,374.00115324992083,0.0,38.0
0.1065,2.323125385966137,373.81054937475625,0.0,1.0,1.0,3.0,0.0,0.0,0.0,373.99912542735484,374.00115324992083,0.0,38.0
0.1066,2.3605064409011325,373.81054886547923,0.0,1.0,1.0,3.0,0.0,0.0,0.0,373.99912542735484,374.00115324992083,0.0,38.0
0.1067,2.397887492414799,373.810435435421,0.0,1.0,1.0,3.0,0.0,0.0,0.0,373.99912542735484,374.00115324992083,0.0,38.0
0.1068,2.4352685129854996,373.80987676352,0.0,1.0,1.0,3.0,0.0,0.0,0.0,373.99912542735484,374.00115324992083,0.0,38.0
0.1069,2.4726494453406347,373.8086557129471,0.0,1.0,1.0,3.0,0.0,0.0,0.0,373.99912542735484,374.00115324992083,0.0,38.0
0.107,2.5100302247606883,373.806870281319,0.0,1.0,1.0,3.0,0.0,0.0,0.0,373.99912542735484,374.00115324992083,0.0,38.0
0.1071,2.5474108196896013,373.8051159923851,0.0,1.0,1.0,3.0,0.0,0.0,0.0,373.99912542735484,374.00115324992083,0.0,38.0
0.1072,2.584791289203382,373.8045494082115,0.0,1.0,1.0,3.0,0.0,0.0,0.0,373.99912542735484,374.00115324992083,0.0,38.0
0.1073,2.622171744144219,373.8045494082115,0.0,1.0,1.0,3.0,0.0,0.0,0.0,373.99912542735484,374.00115324992083,0.0,38.0
0.1074,2.6595521990850495,373.8045494082115,0.0,1.0,1.0,3.0,0.0,0.0,0.0,373.99912542735484,374.00115324992083,0.0,38.0
0.1075,2.6969326540258862,373.8045494082115,0.0,1.0,1.0,3.0,0.0,0.0,0.0,373.99912542735484,374.00115324992083,0.0,38.0
0.1076,2.7343131089415382,373.80454594162285,0.0,1.0,1.0,3.0,0.0,0.0,0.0,373.99912542735484,374.00115324992083,0.0,38.0
0.1077,2.7716935552725364,373.8042955094807,0.0,1.0,1.0,3.0,0.0,0.0,0.0,373.99912542735484,374.00115324992083,0.0,38.0
0.1078,2.809073946410098,373.8034114427696,0.0,1.0,1.0,3.0,0.0,0.0,0.0,373.99912542735484,374.00115324992083,0.0,38.0
0.1079,2.8464542164939877,373.80190424302316,0.0,1.0,1.0,3.0,0.0,0.0,0.0,373.99912542735484,374.00115324992083,0.0,38.0
0.108,2.883834315725649,373.80005443801144,0.0,1.0,1.0,3.0,0.0,0.0,0.0,373.99912542735484,374.00115324992083,0.0,38.0
0.1081,2.9212142289044847,373.798249763432,0.0,1.0,1.0,3.0,0.0,0.0,0.0,373.99912542735484,374.00115324992083,0.0,38.0
0.1082,2.95859397984723,373.7968673386401,0.0,1.0,1.0,3.0,0.0,0.0,0.0,373.99912542735484,374.00115324992083,0.0,38.0
0.1083,2.995973626499927,373.7962051623202,0.0,1.0,1.0,3.0,0.0,0.0,0.0,373.99912542735484,374.00115324992083,0.0,38.0
0.1084,3.03335324444601,373.79617718444854,0.0,1.0,1.0,3.0,0.0,0.0,0.0,373.99912542735484,374.00115324992083,0.0,38.0
0.1085,3.070732862164471,373.79617718444854,0.0,1.0,1.0,3.0,0.0,0.0,0.0,373.99912542735484,374.00115324992083,0.0,38.0
0.1086,3.108112479882932,373.79617718444854,0.0,1.0,1.0,3.0,0.0,0.0,0.0,373.99912542735484,374.00115324992083,0.0,38.0
0.1087,-3.1376932095781935,373.79617718444854,0.0,1.0,0.0,2.0,0.0,0.0,0.0,373.9991254273567,374.0006462942798,0.0,39.0
0.1088,-3.100313591859739,373.79617718444854,0.0,1.0,0.0,2.0,0.0,0.0,0.0,373.9991254273567,374.0006462942798,0.0,39.0
0.1089,-3.062933974141278,373.79617718444854,0.0,1.0,0.0,2.0,0.0,0.0,0.0,373.9991254273567,374.0006462942798,0.0,39.0
0.109,-3.025554356422817,373.79617718444854,0.0,1.0,0.0,2.0,0.0,0.0,0.0,373.9991254273567,374.0006462942798,0.0,39.0
0.1091,-2.9881747387043562,373.79617718444854,0.0,1.0,0.0,2.0,0.0,0.0,0.0,373.9991254273567,374.0006462942798,0.0,39.0
0.1092,-2.9507951209858954,373.79617718444854,0.0,1.0,0.0,2.0,0.0,0.0,0.0,373.9991254273567,374.0006462942798,0.0,39.0
0.1093,-2.9134155032674407,373.79617718444854,0.0,1.0,0.0,2.0,0.0,0.0,0.0,373.9991254273567,374.0006462942798,0.0,39.0
0.1094,-2.8760358855501207,373.79617690165776,0.0,1.0,0.0,2.0,0.0,0.0,0.0,373.9991254273567,374.0006462942798,0.0,39.0
0.1095,-2.838656270873183,373.7960729572724,0.0,1.0,0.0,2.0,0.0,0.0,0.0,373.9991254273567,374.0006462942798,0.0,39.0
0.1096,-2.8012766855324283,373.7955365639729,0.0,1.0,0.0,2.0,0.0,0.0,0.0,373.9991254273567,374.0006462942798,0.0,39.0
0.1097,-2.763897185673356,373.7943471156792,0.0,1.0,0.0,2.0,0.0,0.0,0.0,373.9991254273567,374.0006462942798,0.0,39.0
0.1098,-2.726517835369838,373.7925963949086,0.0,1.0,0.0,2.0,0.0,0.0,0.0,373.9991254273567,374.0006462942798,0.0,39.0
0.1099,-2.6891386662972585,373.79087086782584,0.0,1.0,0.0,2.0,0.0,0.0,0.0,373.9991254273567,374.0006462942798,0.0,39.0
0.11,-2.6517596205433436,373.79031501474395,0.0,1.0,0.0,2.0,0.0,0.0,0.0,373.9991254273567,374.0006462942798,0.0,39.0
0.1101,-2.6143805890418554,373.79031501474395,0.0,1.0,0.0,2.0,0.0,0.0,0.0,373.9991254273567,374.0006462942798,0.0,39.0
0.1102,-2.5770015575403673,373.79031501474395,0.0,1.0,0.0,2.0,0.0,0.0,0.0,373.9991254273567,374.0006462942798,0.0,39.0
0.1103,-2.5396225260388854,373.79031501474395,0.0,1.0,0.0,2.0,0.0,0.0,0.0,373.9991254273567,374.0006462942798,0.0,39.0
0.1104,-2.502243494555123,373.790312350601,0.0,1.0,0.0,2.0,0.0,0.0,0.0,373.9991254273567,374.0006462942798,0.0,39.0
0.1105,-2.4648644710169783,373.7900756877456,0.0,1.0,0.0,2.0,0.0,0.0,0.0,373.9991254273567,374.0006462942798,0.0,39.0
0.1106,-2.4274855006912435,373.7892162788721,0.0,1.0,0.0,2.0,0.0,0.0,0.0,373.9991254273567,374.0006462942798,0.0,39.0
0.1107,-2.3901066486584726,373.7877389238754,0.0,1.0,0.0,2.0,0.0,0.0,0.0,373.9991254273567,374.0006462942798,0.0,39.0
0.1108,-2.352727964368482,373.78592116782704,0.0,1.0,0.0,2.0,0.0,0.0,0.0,373.9991254273567,374.0006462942798,0.0,39.0
0.1109,-2.31534946285721,373.784149934791,0.0,1.0,0.0,2.0,0.0,0.0,0.0,373.9991254273567,374.0006462942798,0.0,39.0
0.111,-2.277971120145797,373.7828029800765,0.0,1.0,0.0,2.0,0.0,0.0,0.0,373.9991254273567,374.0006462942798,0.0,39.0
0.1111,-2.24059287802073,373.78217965914195,0.0,1.0,0.0,2.0,0.0,0.0,0.0,373.9991254273567,374.0006462942798,0.0,39.0
0.1112,-2.2032146618069017,373.78216088873523,0.0,1.0,0.0,2.0,0.0,0.0,0.0,373.9991254273567,374.0006462942798,0.0,39.0
0.1113,-2.165836445718009,373.78216088873523,0.0,1.0,0.0,2.0,0.0,0.0,0.0,373.9991254273567,374.0006462942798,0.0,39.0
0.1114,-2.128458229629116,373.78216088873523,0.0,1.0,0.0,2.0,0.0,0.0,0.0,373.9991254273567,374.0006462942798,0.0,39.0
0.1115,-2.091080013540223,373.78216088873523,1.0,1.0,0.0,6.0,0.0,0.0,0.0,372.66816768562285,373.6675266421156,0.0,40.0
0.1116,-2.05370179745133,373.78216088873523,1.0,1.0,0.0,6.0,0.0,0.0,0.0,372.66816768562285,373.6675266421156,0.0,40.0
0.1117,-2.0163235813624434,373.78216088873523,1.0,1.0,0.0,6.0,0.0,0.0,0.0,372.66816768562285,373.6675266421156,0.0,40.0
0.1118,-1.9789453652735525,373.78216088873523,1.0,1.0,0.0,6.0,0.0,0.0,0.0,372.66816768562285,373.6675266421156,0.0,40.0
0.1119,-1.9415671491846624,373.78216088873523,1.0,1.0,0.0,6.0,0.0,0.0,0.0,372.66816768562285,373.6675266421156,0.0,40.0
0.112,-1.9041889330957724,373.78216088873523,1.0,1.0,0.0,6.0,0.0,0.0,0.0,372.66816768562285,373.6675266421156,0.0,40.0
0.1121,-1.8668107170068824,373.78216088873523,1.0,1.0,0.0,6.0,0.0,0.0,0.0,372.66816768562285,373.6675266421156,0.0,40.0
0.1122,-1.829432500918419,373.7821607546168,1.0,1.0,0.0,6.0,0.0,0.0,0.0,372.66816768562285,373.6675266421156,0.0,40.0
0.1123,-1.7920542875159164,373.7820659455617,1.0,1.0,0.0,6.0,0.0,0.0,0.0,372.66816768562285,373.6675266421156,0.0,40.0
0.1124,-1.754676101868051,373.7815516575809,1.0,1.0,0.0,6.0,0.0,0.0,0.0,372.66816768562285,373.6675266421156,0.0,40.0
0.1125,-1.717297998983837,373.78039362136724,1.0,1.0,0.0,6.0,0.0,0.0,0.0,372.66816768562285,373.6675266421156,0.0,40.0
0.1126,-1.679920042310276,373.778677030381,1.0,1.0,0.0,6.0,0.0,0.0,0.0,372.66816768562285,373.6675266421156,0.0,40.0
0.1127,-1.6425422637078584,373.7769787294809,1.0,1.0,0.0,6.0,0.0,0.0,0.0,372.66816768562285,373.6675266421156,0.0,40.0
0.1128,-1.6051646065444825,373.77643147050657,1.0,1.0,0.0,6.0,0.0,0.0,0.0,372.66816768562285,373.6675266421156,0.0,40.0
0.1129,-1.5677869633974175,373.77643147050657,1.0,1.0,0.0,6.0,0.0,0.0,0.0,372.66816768562285,373.6675266421156,0.0,40.0
0.113,-1.5304093202503526,373.77643147050657,1.0,1.0,0.0,6.0,0.0,0.0,0.0,372.66816768562285,373.6675266421156,0.0,40.0
0.1131,-1.4930316771032877,373.77643147050657,1.0,1.0,0.0,6.0,0.0,0.0,0.0,372.66816768562285,373.6675266421156,0.0,40.0
0.1132,-1.45565403396812,373.7764294950906,1.0,1.0,0.0,6.0,0.0,0.0,0.0,372.66816768562285,373.6675266421156,0.0,40.0
0.1133,-1.4182763981560689,373.7762065334971,1.0,1.0,0.0,6.0,0.0,0.0,0.0,372.66816768562285,373.6675266421156,0.0,40.0
0.1134,-1.380898813571422,373.7753718415484,1.0,1.0,0.0,6.0,0.0,0.0,0.0,372.66816768562285,373.6675266421156,0.0,40.0
0.1135,-1.34352134452541,373.77392409092977,1.0,1.0,0.0,6.0,0.0,0.0,0.0,372.66816768562285,373.6675266421156,0.0,40.0
0.1136,-1.3061440401620246,373.77213761438026,1.0,1.0,0.0,6.0,0.0,0.0,0.0,372.66816768562285,373.6675266421156,0.0,40.0
0.1137,-1.2687669154100971,373.7703984548909,1.0,1.0,0.0,6.0,0.0,0.0,0.0,372.66816768562285,373.6675266421156,0.0,40.0
0.1138,-1.2313899461871598,373.7690850441262,1.0,1.0,0.0,6.0,0.0,0.0,0.0,372.66816768562285,373.6675266421156,0.0,40.0
0.1139,-1.1940130740633925,373.76849819310445,1.0,1.0,0.0,6.0,0.0,0.0,0.0,372.66816768562285,373.6675266421156,0.0,40.0
0.114,-1.1566362253640547,373.7684863692168,1.0,1.0,0.0,6.0,0.0,0.0,0.0,372.66816768562285,373.6675266421156,0.0,40.0
0.1141,-1.1192593767271237,373.7684863692168,1.0,1.0,0.0,6.0,0.0,0.0,0.0,372.66816768562285,373.6675266421156,0.0,40.0
0.1142,-1.0818825280901876,373.7684863692168,1.0,1.0,0.0,6.0,0.0,0.0,0.0,372.66816768562285,373.6675266421156,0.0,40.0
0.1143,-1.0445056794532515,373.7684863692168,1.0,0.0,0.0,4.0,0.0,0.0,0.0,373.9991254273567,373.7504263384259,0.0,41.0
0.1144,-1.0071288308163153,373.7684863692168,1.0,0.0,0.0,4.0,0.0,0.0,0.0,373.9991254273567,373.7504263384259,0.0,41.0
0.1145,-0.9697519821793782,373.7684863692168,1.0,0.0,0.0,4.0,0.0,0.0,0.0,373.9991254273567,373.7504263384259,0.0,41.0
0.1146,-0.9323751335424458,373.7684863692168,1.0,0.0,0.0,4.0,0.0,0.0,0.0,373.9991254273567,373.7504263384259,0.0,41.0
0.1147,-0.8949982849055084,373.7684863692168,1.0,0.0,0.0,4.0,0.0,0.0,0.0,373.9991254273567,373.7504263384259,0.0,41.0
0.1148,-0.8576214362685709,373.7684863692168,1.0,0.0,0.0,4.0,0.0,0.0,0.0,373.9991254273567,373.7504263384259,0.0,41.0
0.1149,-0.8202445876316334,373.7684863692168,1.0,0.0,0.0,4.0,0.0,0.0,0.0,373.9991254273567,373.7504263384259,0.0,41.0
0.115,-0.7828677389948063,373.7684863205557,1.0,0.0,0.0,4.0,0.0,0.0,0.0,373.9991254273567,373.7504263384259,0.0,41.0
0.1151,-0.745490892716082,373.76840027165827,1.0,0.0,0.0,4.0,0.0,0.0,0.0,373.9991254273567,373.7504263384259,0.0,41.0
0.1152,-0.7081140726379433,373.76790789700857,1.0,0.0,0.0,4.0,0.0,0.0,0.0,373.9991254273567,373.7504263384259,0.0,41.0
0.1153,-0.6707373326222801,373.7667810840381,1.0,0.0,0.0,4.0,0.0,0.0,0.0,373.9991254273567,373.7504263384259,0.0,41.0
0.1154,-0.6333607355050871,373.76509808279906,1.0,0.0,0.0,4.0,0.0,0.0,0.0,373.9991254273567,373.7504263384259,0.0,41.0
0.1155,-0.5959843133925501,373.7634255768242,1.0,0.0,0.0,4.0,0.0,0.0,0.0,373.9991254273567,373.7504263384259,0.0,41.0
0.1156,-0.5586080110421927,373.7628849156471,1.0,0.0,0.0,4.0,0.0,0.0,0.0,373.9991254273567,373.7504263384259,0.0,41.0
0.1157,-0.521231722550612,373.7628849156471,1.0,0.0,0.0,4.0,0.0,0.0,0.0,373.9991254273567,373.7504263384259,0.0,41.0
0.1158,-0.4838554340590314,373.7628849156471,1.0,0.0,0.0,4.0,0.0,0.0,0.0,373.9991254273567,373.7504263384259,0.0,41.0
0.1159,-0.44647914556745116,373.7628849156471,1.0,0.0,0.0,4.0,0.0,0.0,0.0,373.9991254273567,373.7504263384259,0.0,41.0
0.116,-0.4091028570833872,373.76288351493383,1.0,0.0,0.0,4.0,0.0,0.0,0.0,373.9991254273567,373.7504263384259,0.0,41.0
0.1161,-0.3717265753190084,373.7626741445414,1.0,0.0,0.0,4.0,0.0,0.0,0.0,373.9991254273567,373.7504263384259,0.0,41.0
0.1162,-0.33435034279590026,373.7618642137971,1.0,0.0,0.0,4.0,0.0,0.0,0.0,373.9991254273567,373.7504263384259,0.0,41.0
0.1163,-0.29697422306358656,373.76044583912955,1.0,0.0,0.0,4.0,0.0,0.0,0.0,373.9991254273567,373.7504263384259,0.0,41.0
0.1164,-0.25959826500069216,373.7586899074051,1.0,0.0,0.0,4.0,0.0,0.0,0.0,373.9991254273567,373.7504263384259,0.0,41.0
0.1165,-0.22222248348441556,373.7569815057397,1.0,0.0,0.0,4.0,0.0,0.0,0.0,373.9991254273567,373.7504263384259,0.0,41.0
0.1166,-0.18484685438575293,373.75569977731703,1.0,0.0,0.0,4.0,0.0,0.0,0.0,373.9991254273567,373.7504263384259,0.0,41.0
0.1167,-0.14747131910871364,373.75514708341996,1.0,0.0,0.0,4.0,0.0,0.0,0.0,373.9991254273567,373.7504263384259,0.0,41.0
0.1168,-0.1100958050519992,373.7551402958303,1.0,0.0,0.0,4.0,0.0,0.0,0.0,373.9991254273567,373.7504263384259,0.0,41.0
0.1169,-0.07272029102240066,373.7551402958303,1.0,0.0,0.0,4.0,0.0,0.0,0.0,373.9991254273567,373.7504263384259,0.0,41.0
0.117,-0.035344776992802064,373.7551402958303,1.0,0.0,0.0,4.0,0.0,0.0,0.0,373.9991254273567,373.7504263384259,0.0,41.0
0.1171,0.002030737036791333,373.7551402958303,1.0,0.0,1.0,5.0,0.0,0.0,0.0,373.99912542735484,373.81260111065814,0.0,42.0
0.1172,0.03940625106638992,373.7551402958303,1.0,0.0,1.0,5.0,0.0,0.0,0.0,373.99912542735484,373.81260111065814,0.0,42.0
0.1173,0.0767817650959885,373.7551402958303,1.0,0.0,1.0,5.0,0.0,0.0,0.0,373.99912542735484,373.81260111065814,0.0,42.0
0.1174,0.11415727912558704,373.7551402958303,1.0,0.0,1.0,5.0,0.0,0.0,0.0,373.99912542735484,373.81260111065814,0.0,42.0
0.1175,0.1515327931551805,373.7551402958303,1.0,0.0,1.0,5.0,0.0,0.0,0.0,373.99912542735484,373.81260111065814,0.0,42.0
0.1176,0.18890830718477916,373.7551402958303,1.0,0.0,1.0,5.0,0.0,0.0,0.0,373.99912542735484,373.81260111065814,0.0,42.0
0.1177,0.22628382121437782,373.7551402958303,1.0,0.0,1.0,5.0,0.0,0.0,0.0,373.99912542735484,373.81260111065814,0.0,42.0
0.1178,0.26365933524396246,373.75514028574725,1.0,0.0,1.0,5.0,0.0,0.0,0.0,373.99912542735484,373.81260111065814,0.0,42.0
0.1179,0.30103484721695456,373.75506259687756,1.0,0.0,1.0,5.0,0.0,0.0,0.0,373.99912542735484,373.81260111065814,0.0,42.0
0.118,0.3384103345136037,373.7545919245883,1.0,0.0,1.0,5.0,0.0,0.0,0.0,373.99912542735484,373.81260111065814,0.0,42.0
0.1181,0.3757857444310601,373.7534961469158,1.0,0.0,1.0,5.0,0.0,0.0,0.0,373.99912542735484,373.81260111065814,0.0,42.0
0.1182,0.41316101473139294,373.75184623560983,1.0,0.0,1.0,5.0,0.0,0.0,0.0,373.99912542735484,373.81260111065814,0.0,42.0
0.1183,0.4505361130071825,373.750198196265,1.0,0.0,1.0,5.0,0.0,0.0,0.0,373.99912542735484,373.81260111065814,0.0,42.0
0.1184,0.48791109300845925,373.7496622614111,1.0,0.0,1.0,5.0,0.0,0.0,0.0,373.99912542735484,373.81260111065814,0.0,42.0
0.1185,0.5252860592346109,373.7496622614111,1.0,0.0,1.0,5.0,0.0,0.0,0.0,373.99912542735484,373.81260111065814,0.0,42.0
0.1186,0.5626610254607678,373.7496622614111,1.0,0.0,1.0,5.0,0.0,0.0,0.0,373.99912542735484,373.81260111065814,0.0,42.0
0.1187,0.6000359916869247,373.7496622614111,1.0,0.0,1.0,5.0,0.0,0.0,0.0,373.99912542735484,373.81260111065814,0.0,42.0
0.1188,0.6374109579086813,373.74966132373766,1.0,0.0,1.0,5.0,0.0,0.0,0.0,373.99912542735484,373.81260111065814,0.0,42.0
0.1189,0.6747859179928388,373.74946539204865,1.0,0.0,1.0,5.0,0.0,0.0,0.0,373.99912542735484,373.81260111065814,0.0,42.0
0.119,0.7121608308201106,373.7486802523479,1.0,0.0,1.0,5.0,0.0,0.0,0.0,373.99912542735484,373.81260111065814,0.0,42.0
0.1191,0.7495356335978668,373.7472910376137,1.0,0.0,1.0,5.0,0.0,0.0,0.0,373.99912542735484,373.81260111065814,0.0,42.0
0.1192,0.7869102776748819,373.7455649509087,1.0,0.0,1.0,5.0,0.0,0.0,0.0,373.99912542735484,373.81260111065814,0.0,42.0
0.1193,0.8242847481720558,373.743886043024,1.0,0.0,1.0,5.0,0.0,0.0,0.0,373.99912542735484,373.81260111065814,0.0,42.0
0.1194,0.8616590692093063,373.74263419846716,1.0,0.0,1.0,5.0,0.0,0.0,0.0,373.99912542735484,373.81260111065814,0.0,42.0
0.1195,0.8990332994995383,373.7421134194107,1.0,0.0,1.0,5.0,0.0,0.0,0.0,373.99912542735484,373.81260111065814,0.0,42.0
0.1196,0.9364075105158811,373.7421100693086,1.0,0.0,1.0,5.0,0.0,0.0,0.0,373.99912542735484,373.81260111065814,0.0,42.0
0.1197,0.9737817215228286,373.7421100693086,1.0,0.0,1.0,5.0,0.0,0.0,0.0,373.99912542735484,373.81260111065814,0.0,42.0
0.1198,1.011155932529775,373.7421100693086,1.0,0.0,1.0,5.0,0.0,0.0,0.0,373.99912542735484,373.81260111065814,0.0,42.0
0.1199,1.048530143536719,373.7421100693086,0.0,0.0,1.0,1.0,0.0,0.0,0.0,373.9991254273567,373.8592321898328,0.0,43.0
0.12,1.0859043545436577,373.7421100693086,0.0,0.0,1.0,1.0,0.0,0.0,0.0,373.9991254273567,373.8592321898328,0.0,43.0
0.1201,1.1232785655506017,373.7421100693086,0.0,0.0,1.0,1.0,0.0,0.0,0.0,373.9991254273567,373.8592321898328,0.0,43.0
0.1202,1.1606527765575456,373.7421100693086,0.0,0.0,1.0,1.0,0.0,0.0,0.0,373.9991254273567,373.8592321898328,0.0,43.0
0.1203,1.1980269875644896,373.7421100693086,0.0,0.0,1.0,1.0,0.0,0.0,0.0,373.9991254273567,373.8592321898328,0.0,43.0
0.1204,1.2354011985714284,373.7421100693086,0.0,0.0,1.0,1.0,0.0,0.0,0.0,373.9991254273567,373.8592321898328,0.0,43.0
0.1205,1.2727754095783723,373.7421100693086,0.0,0.0,1.0,1.0,0.0,0.0,0.0,373.9991254273567,373.8592321898328,0.0,43.0
0.1206,1.310149620585316,373.7421100690369,0.0,0.0,1.0,1.0,0.0,0.0,0.0,373.9991254273567,373.8592321898328,0.0,43.0
0.1207,1.3475238298112304,373.74204031499863,0.0,0.0,1.0,1.0,0.0,0.0,0.0,373.9991254273567,373.8592321898328,0.0,43.0
0.1208,1.3848980158529622,373.74159111481885,0.0,0.0,1.0,1.0,0.0,0.0,0.0,373.9991254273567,373.8592321898328,0.0,43.0
0.1209,1.4222721271797814,373.7405261848454,0.0,0.0,1.0,1.0,0.0,0.0,0.0,373.9991254273567,373.8592321898328,0.0,43.0
0.121,1.459646102141793,373.7389089029264,0.0,0.0,1.0,1.0,0.0,0.0,0.0,373.9991254273567,373.8592321898328,0.0,43.0
0.1211,1.4970199079798316,373.73728410322593,0.0,0.0,1.0,1.0,0.0,0.0,0.0,373.9991254273567,373.8592321898328,0.0,43.0
0.1212,1.5343935968548126,373.7367511340344,0.0,0.0,1.0,1.0,0.0,0.0,0.0,373.9991254273567,373.8592321898328,0.0,43.0
0.1213,1.5717672719682314,373.7367511340344,0.0,0.0,1.0,1.0,0.0,0.0,0.0,373.9991254273567,373.8592321898328,0.0,43.0
0.1214,1.6091409470816451,373.7367511340344,0.0,0.0,1.0,1.0,0.0,0.0,0.0,373.9991254273567,373.8592321898328,0.0,43.0
0.1215,1.646514622195064,373.7367511340344,0.0,0.0,1.0,1.0,0.0,0.0,0.0,373.9991254273567,373.8592321898328,0.0,43.0
0.1216,1.6838882973061593,373.7367505529059,0.0,0.0,1.0,1.0,0.0,0.0,0.0,373.9991254273567,373.8592321898328,0.0,43.0
0.1217,1.7212619668382882,373.73656786444417,0.0,0.0,1.0,1.0,0.0,0.0,0.0,373.9991254273567,373.8592321898328,0.0,43.0
0.1218,1.7586355910933342,373.73580753139447,0.0,0.0,1.0,1.0,0.0,0.0,0.0,373.9991254273567,373.8592321898328,0.0,43.0
0.1219,1.7960091080335192,373.73444727332475,0.0,0.0,1.0,1.0,0.0,0.0,0.0,373.9991254273567,373.8592321898328,0.0,43.0
0.122,1.8333824691995448,373.73275036672203,0.0,0.0,1.0,1.0,0.0,0.0,0.0,373.9991254273567,373.8592321898328,0.0,43.0
0.1221,1.870755659658797,373.73109973967695,0.0,0.0,1.0,1.0,0.0,0.0,0.0,373.9991254273567,373.8592321898328,0.0,43.0
0.1222,1.9081287034677985,373.729876042343,0.0,0.0,1.0,1.0,0.0,0.0,0.0,373.9991254273567,373.8592321898328,0.0,43.0
0.1223,1.945501659408018,373.7293850043183,0.0,0.0,1.0,1.0,0.0,0.0,0.0,373.9991254273567,373.8592321898328,0.0,43.0
0.1224,1.9828745977870177,373.7293837688734,0.0,0.0,1.0,1.0,0.0,0.0,0.0,373.9991254273567,373.8592321898328,0.0,43.0
0.1225,2.02024753616392,373.7293837688734,0.0,0.0,1.0,1.0,0.0,0.0,0.0,373.9991254273567,373.8592321898328,0.0,43.0
0.1226,2.057620474540821,373.7293837688734,0.0,0.0,1.0,1.0,0.0,0.0,0.0,373.9991254273567,373.8592321898328,0.0,43.0
0.1227,2.094993412917722,373.7293837688734,0.0,1.0,1.0,3.0,0.0,0.0,0.0,373.9991254273567,373.89420549921385,0.0,44.0
0.1228,2.132366351294623,373.7293837688734,0.0,1.0,1.0,3.0,0.0,0.0,0.0,373.9991254273567,373.89420549921385,0.0,44.0
0.1229,2.1697392896715177,373.7293837688734,0.0,1.0,1.0,3.0,0.0,0.0,0.0,373.9991254273567,373.89420549921385,0.0,44.0
0.123,2.207112228048419,373.7293837688734,0.0,1.0,1.0,3.0,0.0,0.0,0.0,373.9991254273567,373.89420549921385,0.0,44.0
0.1231,2.24448516642532,373.7293837688734,0.0,1.0,1.0,3.0,0.0,0.0,0.0,373.9991254273567,373.89420549921385,0.0,44.0
0.1232,2.281858104802221,373.7293837688734,0.0,1.0,1.0,3.0,0.0,0.0,0.0,373.9991254273567,373.89420549921385,0.0,44.0
0.1233,2.319231043179122,373.7293837688734,0.0,1.0,1.0,3.0,0.0,0.0,0.0,373.9991254273567,373.89420549921385,0.0,44.0
0.1234,2.3566039815560167,373.7293837688734,0.0,1.0,1.0,3.0,0.0,0.0,0.0,373.9991254273567,373.89420549921385,0.0,44.0
0.1235,2.393976918402163,373.7293215000061,0.0,1.0,1.0,3.0,0.0,0.0,0.0,373.9991254273567,373.89420549921385,0.0,44.0
0.1236,2.4313498335218564,373.7288935220892,0.0,1.0,1.0,3.0,0.0,0.0,0.0,373.9991254273567,373.89420549921385,0.0,44.0
0.1237,2.468722676570817,373.72785925194415,0.0,1.0,1.0,3.0,0.0,0.0,0.0,373.9991254273567,373.89420549921385,0.0,44.0
0.1238,2.506095386479948,373.72627417703774,0.0,1.0,1.0,3.0,0.0,0.0,0.0,373.9991254273567,373.89420549921385,0.0,44.0
0.1239,2.5434679300928225,373.724671489459,0.0,1.0,1.0,3.0,0.0,0.0,0.0,373.9991254273567,373.89420549921385,0.0,44.0
0.124,2.5808403578903985,373.72413982371063,0.0,1.0,1.0,3.0,0.0,0.0,0.0,373.9991254273567,373.89420549921385,0.0,44.0
0.1241,2.618212771872785,373.72413982371063,0.0,1.0,1.0,3.0,0.0,0.0,0.0,373.9991254273567,373.89420549921385,0.0,44.0
0.1242,2.6555851858551716,373.72413982371063,0.0,1.0,1.0,3.0,0.0,0.0,0.0,373.9991254273567,373.89420549921385,0.0,44.0
0.1243,2.692957599837552,373.72413982371063,0.0,1.0,1.0,3.0,0.0,0.0,0.0,373.9991254273567,373.89420549921385,0.0,44.0
0.1244,2.730330013818877,373.72413950075173,0.0,1.0,1.0,3.0,0.0,0.0,0.0,373.9991254273567,373.89420549921385,0.0,44.0
0.1245,2.767702422754579,373.7239698163848,0.0,1.0,1.0,3.0,0.0,0.0,0.0,373.9991254273567,373.89420549921385,0.0,44.0
0.1246,2.8050747883855105,373.7232342914192,0.0,1.0,1.0,3.0,0.0,0.0,0.0,373.9991254273567,373.89420549921385,0.0,44.0
0.1247,2.842447049429614,373.7219027997144,0.0,1.0,1.0,3.0,0.0,0.0,0.0,373.9991254273567,373.89420549921385,0.0,44.0
0.1248,2.8798191575864656,373.7202344431452,0.0,1.0,1.0,3.0,0.0,0.0,0.0,373.9991254273567,373.89420549921385,0.0,44.0
0.1249,2.9171910978202273,373.718610934535,0.0,1.0,1.0,3.0,0.0,0.0,0.0,373.9991254273567,373.89420549921385,0.0,44.0
0.125,2.9545628940709983,373.71741370839794,0.0,1.0,1.0,3.0,0.0,0.0,0.0,373.9991254273567,373.89420549921385,0.0,44.0
0.1251,2.9919346051411697,373.7169503041862,0.0,1.0,1.0,3.0,0.0,0.0,0.0,373.9991254273567,373.89420549921385,0.0,44.0
0.1252,3.0293063001517355,373.71695010457387,0.0,1.0,1.0,3.0,0.0,0.0,0.0,373.9991254273567,373.89420549921385,0.0,44.0
0.1253,3.0666779951621552,373.71695010457387,0.0,1.0,1.0,3.0,0.0,0.0,0.0,373.9991254273567,373.89420549921385,0.0,44.0
0.1254,3.104049690172585,373.71695010457387,0.0,1.0,1.0,3.0,0.0,0.0,0.0,373.9991254273567,373.89420549921385,0.0,44.0
0.1255,3.141421385183005,373.71695010457387,0.0,1.0,1.0,3.0,0.0,0.0,0.0,373.9991254273567,373.89420549921385,0.0,44.0
0.1256,-3.1043922269861617,373.71695010457387,0.0,1.0,0.0,2.0,0.0,0.0,0.0,372.6681676856155,373.58769604581425,0.0,45.0
0.1257,-3.0670205319757318,373.71695010457387,0.0,1.0,0.0,2.0,0.0,0.0,0.0,372.6681676856155,373.58769604581425,0.0,45.0
0.1258,-3.029648836965312,373.71695010457387,0.0,1.0,0.0,2.0,0.0,0.0,0.0,372.6681676856155,373.58769604581425,0.0,45.0
0.1259,-2.992277141954882,373.71695010457387,0.0,1.0,0.0,2.0,0.0,0.0,0.0,372.6681676856155,373.58769604581425,0.0,45.0
0.126,-2.9549054469444624,373.71695010457387,0.0,1.0,0.0,2.0,0.0,0.0,0.0,372.6681676856155,373.58769604581425,0.0,45.0
0.1261,-2.9175337519340427,373.71695010457387,0.0,1.0,0.0,2.0,0.0,0.0,0.0,372.6681676856155,373.58769604581425,0.0,45.0
0.1262,-2.880162056923613,373.71695010457387,0.0,1.0,0.0,2.0,0.0,0.0,0.0,372.6681676856155,373.58769604581425,0.0,45.0
0.1263,-2.8427903632180778,373.71689485847975,0.0,1.0,0.0,2.0,0.0,0.0,0.0,372.6681676856155,373.58769604581425,0.0,45.0
0.1264,-2.8054186898180125,373.71648783305244,0.0,1.0,0.0,2.0,0.0,0.0,0.0,372.6681676856155,373.58769604581425,0.0,45.0
0.1265,-2.768047085865815,373.71548403390585,0.0,1.0,0.0,2.0,0.0,0.0,0.0,372.6681676856155,373.58769604581425,0.0,45.0
0.1266,-2.730675611854146,373.7139307805887,0.0,1.0,0.0,2.0,0.0,0.0,0.0,372.6681676856155,373.58769604581425,0.0,45.0
0.1267,-2.693304301377356,373.7123491750464,0.0,1.0,0.0,2.0,0.0,0.0,0.0,372.6681676856155,373.58769604581425,0.0,45.0
0.1268,-2.6559331057197624,373.7118172380963,0.0,1.0,0.0,2.0,0.0,0.0,0.0,372.6681676856155,373.58769604581425,0.0,45.0
0.1269,-2.618561923995985,373.7118172380963,0.0,1.0,0.0,2.0,0.0,0.0,0.0,372.6681676856155,373.58769604581425,0.0,45.0
0.127,-2.581190742272218,373.7118172380963,0.0,1.0,0.0,2.0,0.0,0.0,0.0,372.6681676856155,373.58769604581425,0.0,45.0
0.1271,-2.5438195605484504,373.7118172380963,0.0,1.0,0.0,2.0,0.0,0.0,0.0,372.6681676856155,373.58769604581425,0.0,45.0
0.1272,-2.5064483788250644,373.71181708614745,0.0,1.0,0.0,2.0,0.0,0.0,0.0,372.6681676856155,373.58769604581425,0.0,45.0
0.1273,-2.4690772016408284,373.7116601222734,0.0,1.0,0.0,2.0,0.0,0.0,0.0,372.6681676856155,373.58769604581425,0.0,45.0
0.1274,-2.431706065799459,373.7109493925602,0.0,1.0,0.0,2.0,0.0,0.0,0.0,372.6681676856155,373.58769604581425,0.0,45.0
0.1275,-2.3943350318235526,373.70964648999586,0.0,1.0,0.0,2.0,0.0,0.0,0.0,372.6681676856155,373.58769604581425,0.0,45.0
0.1276,-2.3569641478851877,373.7080060881441,0.0,1.0,0.0,2.0,0.0,0.0,0.0,372.6681676856155,373.58769604581425,0.0,45.0
0.1277,-2.3195934291713307,373.7064085855463,0.0,1.0,0.0,2.0,0.0,0.0,0.0,372.6681676856155,373.58769604581425,0.0,45.0
0.1278,-2.2822228519101166,373.7052362140569,0.0,1.0,0.0,2.0,0.0,0.0,0.0,372.6681676856155,373.58769604581425,0.0,45.0
0.1279,-2.2448523573249664,373.7047983737851,0.0,1.0,0.0,2.0,0.0,0.0,0.0,372.6681676856155,373.58769604581425,0.0,45.0
0.128,-2.207481877487625,373.7047983737851,0.0,1.0,0.0,2.0,0.0,0.0,0.0,372.6681676856155,373.58769604581425,0.0,45.0
0.1281,-2.1701113976502833,373.7047983737851,0.0,1.0,0.0,2.0,0.0,0.0,0.0,372.6681676856155,373.58769604581425,0.0,45.0
0.1282,-2.132740917812931,373.7047983737851,0.0,1.0,0.0,2.0,0.0,0.0,0.0,372.6681676856155,373.58769604581425,0.0,45.0
0.1283,-2.0953704379755895,373.7047983737851,0.0,1.0,0.0,2.0,0.0,0.0,0.0,372.6681676856155,373.58769604581425,0.0,45.0
0.1284,-2.057999958138248,373.7047983737851,1.0,1.0,0.0,6.0,0.0,0.0,0.0,373.9991254273567,373.69055339119984,0.0,46.0
0.1285,-2.020629478300896,373.7047983737851,1.0,1.0,0.0,6.0,0.0,0.0,0.0,373.9991254273567,373.69055339119984,0.0,46.0
0.1286,-1.983258998463554,373.7047983737851,1.0,1.0,0.0,6.0,0.0,0.0,0.0,373.9991254273567,373.69055339119984,0.0,46.0
0.1287,-1.9458885186262016,373.7047983737851,1.0,1.0,0.0,6.0,0.0,0.0,0.0,373.9991254273567,373.69055339119984,0.0,46.0
0.1288,-1.9085180387888598,373.7047983737851,1.0,1.0,0.0,6.0,0.0,0.0,0.0,373.9991254273567,373.69055339119984,0.0,46.0
0.1289,-1.871147558951518,373.7047983737851,1.0,1.0,0.0,6.0,0.0,0.0,0.0,373.9991254273567,373.69055339119984,0.0,46.0
0.129,-1.8337770791141657,373.7047983737851,1.0,1.0,0.0,6.0,0.0,0.0,0.0,373.9991254273567,373.69055339119984,0.0,46.0
0.1291,-1.7964066003792387,373.7047496861367,1.0,1.0,0.0,6.0,0.0,0.0,0.0,373.9991254273567,373.69055339119984,0.0,46.0
0.1292,-1.7590361405678343,373.7043633231517,1.0,1.0,0.0,6.0,0.0,0.0,0.0,373.9991254273567,373.69055339119984,0.0,46.0
0.1293,-1.7216657476039576,373.7033898044671,1.0,1.0,0.0,6.0,0.0,0.0,0.0,373.9991254273567,373.69055339119984,0.0,46.0
0.1294,-1.6842954814054916,373.7018680229245,1.0,1.0,0.0,6.0,0.0,0.0,0.0,373.9991254273567,373.69055339119984,0.0,46.0
0.1295,-1.6469253760405187,373.70030656457374,1.0,1.0,0.0,6.0,0.0,0.0,0.0,373.9991254273567,373.69055339119984,0.0,46.0
0.1296,-1.6095553846386277,373.69977285985436,1.0,1.0,0.0,6.0,0.0,0.0,0.0,373.9991254273567,373.69055339119984,0.0,46.0
0.1297,-1.572185407352669,373.69977285985436,1.0,1.0,0.0,6.0,0.0,0.0,0.0,373.9991254273567,373.69055339119984,0.0,46.0
0.1298,-1.534815430066721,373.69977285985436,1.0,1.0,0.0,6.0,0.0,0.0,0.0,373.9991254273567,373.69055339119984,0.0,46.0
0.1299,-1.4974454527807728,373.69977285985436,1.0,1.0,0.0,6.0,0.0,0.0,0.0,373.9991254273567,373.69055339119984,0.0,46.0
0.13,-1.4600754754949108,373.69977280621634,1.0,1.0,0.0,6.0,0.0,0.0,0.0,373.9991254273567,373.69055339119984,0.0,46.0
0.1301,-1.4227055022698925,373.6996282338202,1.0,1.0,0.0,6.0,0.0,0.0,0.0,373.9991254273567,373.69055339119984,0.0,46.0
0.1302,-1.3853355684392468,373.69894227203457,1.0,1.0,0.0,6.0,0.0,0.0,0.0,373.9991254273567,373.69055339119984,0.0,46.0
0.1303,-1.347965733759374,373.69766779446053,1.0,1.0,0.0,6.0,0.0,0.0,0.0,373.9991254273567,373.69055339119984,0.0,46.0
0.1304,-1.3105960463021156,373.6960547866148,1.0,1.0,0.0,6.0,0.0,0.0,0.0,373.9991254273567,373.69055339119984,0.0,46.0
0.1305,-1.2732265214516312,373.6944822270473,1.0,1.0,0.0,6.0,0.0,0.0,0.0,373.9991254273567,373.69055339119984,0.0,46.0
0.1306,-1.2358571356548926,373.69333315206427,1.0,1.0,0.0,6.0,0.0,0.0,0.0,373.9991254273567,373.69055339119984,0.0,46.0
0.1307,-1.1984878302079653,373.6929184214359,1.0,1.0,0.0,6.0,0.0,0.0,0.0,373.9991254273567,373.69055339119984,0.0,46.0
0.1308,-1.1611185383658589,373.6929184214359,1.0,1.0,0.0,6.0,0.0,0.0,0.0,373.9991254273567,373.69055339119984,0.0,46.0
0.1309,-1.1237492465237524,373.6929184214359,1.0,1.0,0.0,6.0,0.0,0.0,0.0,373.9991254273567,373.69055339119984,0.0,46.0
0.131,-1.0863799546816355,373.6929184214359,1.0,1.0,0.0,6.0,0.0,0.0,0.0,373.9991254273567,373.69055339119984,0.0,46.0
0.1311,-1.049010662839529,373.6929184214359,1.0,1.0,0.0,6.0,0.0,0.0,0.0,373.9991254273567,373.69055339119984,0.0,46.0
0.1312,-1.0116413709974121,373.6929184214359,1.0,0.0,0.0,4.0,0.0,0.0,0.0,373.9991254273567,373.76769640023906,0.0,47.0
0.1313,-0.9742720791553054,373.6929184214359,1.0,0.0,0.0,4.0,0.0,0.0,0.0,373.9991254273567,373.76769640023906,0.0,47.0
0.1314,-0.936902787313199,373.6929184214359,1.0,0.0,0.0,4.0,0.0,0.0,0.0,373.9991254273567,373.76769640023906,0.0,47.0
0.1315,-0.8995334954710823,373.6929184214359,1.0,0.0,0.0,4.0,0.0,0.0,0.0,373.9991254273567,373.76769640023906,0.0,47.0
0.1316,-0.8621642036289758,373.6929184214359,1.0,0.0,0.0,4.0,0.0,0.0,0.0,373.9991254273567,373.76769640023906,0.0,47.0
0.1317,-0.8247949117868592,373.6929184214359,1.0,0.0,0.0,4.0,0.0,0.0,0.0,373.9991254273567,373.76769640023906,0.0,47.0
0.1318,-0.7874256199447527,373.6929184214359,1.0,0.0,0.0,4.0,0.0,0.0,0.0,373.9991254273567,373.76769640023906,0.0,47.0
0.1319,-0.7500563290248955,373.69287582810324,1.0,0.0,0.0,4.0,0.0,0.0,0.0,373.9991254273567,373.76769640023906,0.0,47.0
0.132,-0.712687055687837,373.69250981688,1.0,0.0,0.0,4.0,0.0,0.0,0.0,373.9991254273567,373.76769640023906,0.0,47.0
0.1321,-0.6753178466217912,373.69156638560514,1.0,0.0,0.0,4.0,0.0,0.0,0.0,373.9991254273567,373.76769640023906,0.0,47.0
0.1322,-0.6379487611687944,373.6900757601777,1.0,0.0,0.0,4.0,0.0,0.0,0.0,373.9991254273567,373.76769640023906,0.0,47.0
0.1323,-0.6005798339017547,373.68853360705987,1.0,0.0,0.0,4.0,0.0,0.0,0.0,373.9991254273567,373.76769640023906,0.0,47.0
0.1324,-0.5632110198703976,373.6879967078309,1.0,0.0,0.0,4.0,0.0,0.0,0.0,373.9991254273567,373.76769640023906,0.0,47.0
0.1325,-0.5258422201996421,373.6879967078309,1.0,0.0,0.0,4.0,0.0,0.0,0.0,373.9991254273567,373.76769640023906,0.0,47.0
0.1326,-0.48847342052889686,373.6879967078309,1.0,0.0,0.0,4.0,0.0,0.0,0.0,373.9991254273567,373.76769640023906,0.0,47.0
0.1327,-0.45110462085814096,373.6879967078309,1.0,0.0,0.0,4.0,0.0,0.0,0.0,373.9991254273567,373.76769640023906,0.0,47.0
0.1328,-0.4137358211874059,373.6879966976596,1.0,0.0,0.0,4.0,0.0,0.0,0.0,373.9991254273567,373.76769640023906,0.0,47.0
0.1329,-0.3763670251283334,373.687864141242,1.0,0.0,0.0,4.0,0.0,0.0,0.0,373.9991254273567,373.76769640023906,0.0,47.0
0.133,-0.3389982665315935,373.68720290520014,1.0,0.0,0.0,4.0,0.0,0.0,0.0,373.9991254273567,373.76769640023906,0.0,47.0
0.1331,-0.3016296043776687,373.6859567014339,1.0,0.0,0.0,4.0,0.0,0.0,0.0,373.9991254273567,373.76769640023906,0.0,47.0
0.1332,-0.26426108666376813,373.68437056128687,1.0,0.0,0.0,4.0,0.0,0.0,0.0,373.9991254273567,373.76769640023906,0.0,47.0
0.1333,-0.22689272901555088,373.6828219306718,1.0,0.0,0.0,4.0,0.0,0.0,0.0,373.9991254273567,373.76769640023906,0.0,47.0
0.1334,-0.1895245081482771,373.681694651457,1.0,0.0,0.0,4.0,0.0,0.0,0.0,373.9991254273567,373.76769640023906,0.0,47.0
0.1335,-0.15215636547798575,373.6813006035683,1.0,0.0,0.0,4.0,0.0,0.0,0.0,373.9991254273567,373.76769640023906,0.0,47.0
0.1336,-0.11478823541766667,373.6813006035683,1.0,0.0,0.0,4.0,0.0,0.0,0.0,373.9991254273567,373.76769640023906,0.0,47.0
0.1337,-0.07742010535733715,373.6813006035683,1.0,0.0,0.0,4.0,0.0,0.0,0.0,373.9991254273567,373.76769640023906,0.0,47.0
0.1338,-0.04005197529701804,373.6813006035683,1.0,0.0,0.0,4.0,0.0,0.0,0.0,373.9991254273567,373.76769640023906,0.0,47.0
0.1339,-0.0026838452366989675,373.6813006035683,1.0,0.0,0.0,4.0,0.0,0.0,0.0,373.9991254273567,373.76769640023906,0.0,47.0
0.134,0.03468428482363048,373.6813006035683,1.0,0.0,1.0,5.0,0.0,0.0,0.0,373.9991254273567,373.82555365701853,0.0,48.0
0.1341,0.0720524148839496,373.6813006035683,1.0,0.0,1.0,5.0,0.0,0.0,0.0,373.9991254273567,373.82555365701853,0.0,48.0
0.1342,0.10942054494427912,373.6813006035683,1.0,0.0,1.0,5.0,0.0,0.0,0.0,373.9991254273567,373.82555365701853,0.0,48.0
0.1343,0.14678867500459822,373.6813006035683,1.0,0.0,1.0,5.0,0.0,0.0,0.0,373.9991254273567,373.82555365701853,0.0,48.0
0.1344,0.18415680506491724,373.6813006035683,1.0,0.0,1.0,5.0,0.0,0.0,0.0,373.9991254273567,373.82555365701853,0.0,48.0
0.1345,0.22152493512524662,373.6813006035683,1.0,0.0,1.0,5.0,0.0,0.0,0.0,373.9991254273567,373.82555365701853,0.0,48.0
0.1346,0.25889306518556565,373.6813006035683,1.0,0.0,1.0,5.0,0.0,0.0,0.0,373.9991254273567,373.82555365701853,0.0,48.0
0.1347,0.29626119448266086,373.68126364251214,1.0,0.0,1.0,5.0,0.0,0.0,0.0,373.9991254273567,373.82555365701853,0.0,48.0
0.1348,0.3336293074943705,373.68091765136694,1.0,0.0,1.0,5.0,0.0,0.0,0.0,373.9991254273567,373.82555365701853,0.0,48.0
0.1349,0.37099735878640355,373.6800041110751,1.0,0.0,1.0,5.0,0.0,0.0,0.0,373.9991254273567,373.82555365701853,0.0,48.0
0.135,0.4083652895962623,373.6785443587045,1.0,0.0,1.0,5.0,0.0,0.0,0.0,373.9991254273567,373.82555365701853,0.0,48.0
0.1351,0.44573306481985475,373.67702075924797,1.0,0.0,1.0,5.0,0.0,0.0,0.0,373.9991254273567,373.82555365701853,0.0,48.0
0.1352,0.4831007274173731,373.67647930147984,1.0,0.0,1.0,5.0,0.0,0.0,0.0,373.9991254273567,373.82555365701853,0.0,48.0
0.1353,0.5204683753474936,373.67647930147984,1.0,0.0,1.0,5.0,0.0,0.0,0.0,373.9991254273567,373.82555365701853,0.0,48.0
0.1354,0.5578360232776035,373.67647930147984,1.0,0.0,1.0,5.0,0.0,0.0,0.0,373.9991254273567,373.82555365701853,0.0,48.0
0.1355,0.5952036712077238,373.67647930147984,1.0,0.0,1.0,5.0,0.0,0.0,0.0,373.9991254273567,373.82555365701853,0.0,48.0
0.1356,0.6325713191378337,373.67647930133705,1.0,0.0,1.0,5.0,0.0,0.0,0.0,373.9991254273567,373.82555365701853,0.0,48.0
0.1357,0.6699389638756602,373.6763583377182,1.0,0.0,1.0,5.0,0.0,0.0,0.0,373.9991254273567,373.82555365701853,0.0,48.0
0.1358,0.7073065730636057,373.67572176988244,1.0,0.0,1.0,5.0,0.0,0.0,0.0,373.9991254273567,373.82555365701853,0.0,48.0
0.1359,0.7446740885098813,373.67450370150186,1.0,0.0,1.0,5.0,0.0,0.0,0.0,373.9991254273567,373.82555365701853,0.0,48.0
0.136,0.7820414622687709,373.6729439369005,1.0,0.0,1.0,5.0,0.0,0.0,0.0,373.9991254273567,373.82555365701853,0.0,48.0
0.1361,0.8194086784306504,373.67141826953673,1.0,0.0,1.0,5.0,0.0,0.0,0.0,373.9991254273567,373.82555365701853,0.0,48.0
0.1362,0.8567757599635591,373.6703113418125,1.0,0.0,1.0,5.0,0.0,0.0,0.0,373.9991254273567,373.82555365701853,0.0,48.0
0.1363,0.8941427652841495,373.6699357539133,1.0,0.0,1.0,5.0,0.0,0.0,0.0,373.9991254273567,373.82555365701853,0.0,48.0
0.1364,0.9315097588595034,373.6699357539133,1.0,0.0,1.0,5.0,0.0,0.0,0.0,373.9991254273567,373.82555365701853,0.0,48.0
0.1365,0.9688767524348677,373.6699357539133,1.0,0.0,1.0,5.0,0.0,0.0,0.0,373.9991254273567,373.82555365701853,0.0,48.0
0.1366,1.0062437460102216,373.6699357539133,1.0,0.0,1.0,5.0,0.0,0.0,0.0,373.9991254273567,373.82555365701853,0.0,48.0
0.1367,1.0436107395855736,373.6699357539133,1.0,0.0,1.0,5.0,0.0,0.0,0.0,373.9991254273567,373.82555365701853,0.0,48.0
0.1368,1.080977733160936,373.6699357539133,0.0,0.0,1.0,1.0,0.0,0.0,0.0,373.9991254273567,373.8689465996031,0.0,49.0
0.1369,1.118344726736288,373.6699357539133,0.0,0.0,1.0,1.0,0.0,0.0,0.0,373.9991254273567,373.8689465996031,0.0,49.0
0.137,1.1557117203116505,373.6699357539133,0.0,0.0,1.0,1.0,0.0,0.0,0.0,373.9991254273567,373.8689465996031,0.0,49.0
0.1371,1.1930787138870025,373.6699357539133,0.0,0.0,1.0,1.0,0.0,0.0,0.0,373.9991254273567,373.8689465996031,0.0,49.0
0.1372,1.2304457074623545,373.6699357539133,0.0,0.0,1.0,1.0,0.0,0.0,0.0,373.9991254273567,373.8689465996031,0.0,49.0
0.1373,1.267812701037717,373.6699357539133,0.0,0.0,1.0,1.0,0.0,0.0,0.0,373.9991254273567,373.8689465996031,0.0,49.0
0.1374,1.305179694613069,373.6699357539133,0.0,0.0,1.0,1.0,0.0,0.0,0.0,373.9991254273567,373.8689465996031,0.0,49.0
0.1375,1.3425466875643446,373.66990396711805,0.0,0.0,1.0,1.0,0.0,0.0,0.0,373.9991254273567,373.8689465996031,0.0,49.0
0.1376,1.3799136654823179,373.66957764298513,0.0,0.0,1.0,1.0,0.0,0.0,0.0,373.9991254273567,373.8689465996031,0.0,49.0
0.1377,1.4172805842053688,373.668693792969,0.0,0.0,1.0,1.0,0.0,0.0,0.0,373.9991254273567,373.8689465996031,0.0,49.0
0.1378,1.4546473855568074,373.6672646615488,0.0,0.0,1.0,1.0,0.0,0.0,0.0,373.9991254273567,373.8689465996031,0.0,49.0
0.1379,1.4920140338795518,373.6657589519332,0.0,0.0,1.0,1.0,0.0,0.0,0.0,373.9991254273567,373.8689465996031,0.0,49.0
0.138,1.5293805700787184,373.66521162822033,0.0,0.0,1.0,1.0,0.0,0.0,0.0,373.9991254273567,373.8689465996031,0.0,49.0
0.1381,1.5667470912415014,373.66521162822033,0.0,0.0,1.0,1.0,0.0,0.0,0.0,373.9991254273567,373.8689465996031,0.0,49.0
0.1382,1.6041136124042843,373.66521162822033,0.0,0.0,1.0,1.0,0.0,0.0,0.0,373.9991254273567,373.8689465996031,0.0,49.0
0.1383,1.6414801335670774,373.66521162822033,0.0,0.0,1.0,1.0,0.0,0.0,0.0,373.9991254273567,373.8689465996031,0.0,49.0
0.1384,1.6788466547298604,373.66521162822033,0.0,0.0,1.0,1.0,0.0,0.0,0.0,373.9991254273567,373.8689465996031,0.0,49.0
0.1385,1.716213173089669,373.66510178678107,0.0,0.0,1.0,1.0,0.0,0.0,0.0,373.9991254273567,373.8689465996031,0.0,49.0
0.1386,1.7535796577892144,373.6644898136365,0.0,0.0,1.0,1.0,0.0,0.0,0.0,373.9991254273567,373.8689465996031,0.0,49.0
0.1387,1.7909460514413071,373.66329975467704,0.0,0.0,1.0,1.0,0.0,0.0,0.0,373.9991254273567,373.8689465996031,0.0,49.0
0.1388,1.8283123061310909,373.6617659073232,0.0,0.0,1.0,1.0,0.0,0.0,0.0,373.9991254273567,373.8689465996031,0.0,49.0
0.1389,1.865678405624242,373.66026228536305,0.0,0.0,1.0,1.0,0.0,0.0,0.0,373.9991254273567,373.8689465996031,0.0,49.0
0.139,1.9030443725248032,373.659174320425,0.0,0.0,1.0,1.0,0.0,0.0,0.0,373.9991254273567,373.8689465996031,0.0,49.0
0.1391,1.9404102650351838,373.6588151531662,0.0,0.0,1.0,1.0,0.0,0.0,0.0,373.9991254273567,373.8689465996031,0.0,49.0
0.1392,1.9777761465504626,373.6588151531662,0.0,0.0,1.0,1.0,0.0,0.0,0.0,373.9991254273567,373.8689465996031,0.0,49.0
0.1393,2.015142028065751,373.6588151531662,0.0,0.0,1.0,1.0,0.0,0.0,0.0,373.9991254273567,373.8689465996031,0.0,49.0
0.1394,2.052507909581028,373.6588151531662,0.0,0.0,1.0,1.0,0.0,0.0,0.0,373.9991254273567,373.8689465996031,0.0,49.0
0.1395,2.0898737910963154,373.6588151531662,0.0,0.0,1.0,1.0,0.0,0.0,0.0,373.9991254273567,373.8689465996031,0.0,49.0
0.1396,2.1272396726115925,373.6588151531662,0.0,1.0,1.0,3.0,0.0,0.0,0.0,372.66816768561733,373.56875187110666,0.0,50.0
0.1397,2.1646055541268696,373.6588151531662,0.0,1.0,1.0,3.0,0.0,0.0,0.0,372.66816768561733,373.56875187110666,0.0,50.0
0.1398,2.201971435642157,373.6588151531662,0.0,1.0,1.0,3.0,0.0,0.0,0.0,372.66816768561733,373.56875187110666,0.0,50.0
0.1399,2.239337317157434,373.6588151531662,0.0,1.0,1.0,3.0,0.0,0.0,0.0,372.66816768561733,373.56875187110666,0.0,50.0
0.14,2.2767031986727213,373.6588151531662,0.0,1.0,1.0,3.0,0.0,0.0,0.0,372.66816768561733,373.56875187110666,0.0,50.0
0.1401,2.3140690801879984,373.6588151531662,0.0,1.0,1.0,3.0,0.0,0.0,0.0,372.66816768561733,373.56875187110666,0.0,50.0
0.1402,2.3514349617032755,373.6588151531662,0.0,1.0,1.0,3.0,0.0,0.0,0.0,372.66816768561733,373.56875187110666,0.0,50.0
0.1403,2.3888008427150194,373.65878808860754,0.0,1.0,1.0,3.0,0.0,0.0,0.0,372.66816768561733,373.56875187110666,0.0,50.0
0.1404,2.4261667098983932,373.6584810566537,0.0,1.0,1.0,3.0,0.0,0.0,0.0,372.66816768561733,373.56875187110666,0.0,50.0
0.1405,2.463532520383527,373.65762669097563,0.0,1.0,1.0,3.0,0.0,0.0,0.0,372.66816768561733,373.56875187110666,0.0,50.0
0.1406,2.500898216588311,373.65622795761743,0.0,1.0,1.0,3.0,0.0,0.0,0.0,372.66816768561733,373.56875187110666,0.0,50.0
0.1407,2.5382637622853887,373.6547395590151,0.0,1.0,1.0,3.0,0.0,0.0,0.0,372.66816768561733,373.56875187110666,0.0,50.0
0.1408,2.5756291962646594,373.654185113426,0.0,1.0,1.0,3.0,0.0,0.0,0.0,372.66816768561733,373.56875187110666,0.0,50.0
0.1409,2.612994614775963,373.654185113426,0.0,1.0,1.0,3.0,0.0,0.0,0.0,372.66816768561733,373.56875187110666,0.0,50.0
0.141,2.6503600332872668,373.654185113426,0.0,1.0,1.0,3.0,0.0,0.0,0.0,372.66816768561733,373.56875187110666,0.0,50.0
0.1411,2.687725451798581,373.654185113426,0.0,1.0,1.0,3.0,0.0,0.0,0.0,372.66816768561733,373.56875187110666,0.0,50.0
0.1412,2.725090870309885,373.654185113426,0.0,1.0,1.0,3.0,0.0,0.0,0.0,372.66816768561733,373.56875187110666,0.0,50.0
0.1413,2.7624562863774766,373.65408589235255,0.0,1.0,1.0,3.0,0.0,0.0,0.0,372.66816768561733,373.56875187110666,0.0,50.0
0.1414,2.799821670648327,373.6534984236619,0.0,1.0,1.0,3.0,0.0,0.0,0.0,372.66816768561733,373.56875187110666,0.0,50.0
0.1415,2.8371869665588156,373.65233626021666,0.0,1.0,1.0,3.0,0.0,0.0,0.0,372.66816768561733,373.56875187110666,0.0,50.0
0.1416,2.8745521262068525,373.6508279053202,0.0,1.0,1.0,3.0,0.0,0.0,0.0,372.66816768561733,373.56875187110666,0.0,50.0
0.1417,2.911917132994442,373.6493454582527,0.0,1.0,1.0,3.0,0.0,0.0,0.0,372.66816768561733,373.56875187110666,0.0,50.0
0.1418,2.9492820091153598,373.64827512213355,0.0,1.0,1.0,3.0,0.0,0.0,0.0,372.66816768561733,373.56875187110666,0.0,50.0
0.1419,2.9866468125116596,373.6479305007119,0.0,1.0,1.0,3.0,0.0,0.0,0.0,372.66816768561733,373.56875187110666,0.0,50.0
0.142,3.0240116055616935,373.6479305007119,0.0,1.0,1.0,3.0,0.0,0.0,0.0,372.66816768561733,373.56875187110666,0.0,50.0
0.1421,3.061376398611738,373.6479305007119,0.0,1.0,1.0,3.0,0.0,0.0,0.0,372.66816768561733,373.56875187110666,0.0,50.0
0.1422,3.0987411916617718,373.6479305007119,0.0,1.0,1.0,3.0,0.0,0.0,0.0,372.66816768561733,373.56875187110666,0.0,50.0
0.1423,3.1361059847118162,373.6479305007119,0.0,1.0,1.0,3.0,0.0,0.0,0.0,372.66816768561733,373.56875187110666,0.0,50.0
0.1424,-3.109714529417736,373.6479305007119,0.0,1.0,0.0,2.0,0.0,0.0,0.0,373.9991254273567,373.6763452601692,0.0,51.0
0.1425,-3.0723497363677024,373.6479305007119,0.0,1.0,0.0,2.0,0.0,0.0,0.0,373.9991254273567,373.6763452601692,0.0,51.0
0.1426,-3.034984943317658,373.6479305007119,0.0,1.0,0.0,2.0,0.0,0.0,0.0,373.9991254273567,373.6763452601692,0.0,51.0
0.1427,-2.997620150267624,373.6479305007119,0.0,1.0,0.0,2.0,0.0,0.0,0.0,373.9991254273567,373.6763452601692,0.0,51.0
0.1428,-2.9602553572175796,373.6479305007119,0.0,1.0,0.0,2.0,0.0,0.0,0.0,373.9991254273567,373.6763452601692,0.0,51.0
0.1429,-2.922890564167546,373.6479305007119,0.0,1.0,0.0,2.0,0.0,0.0,0.0,373.9991254273567,373.6763452601692,0.0,51.0
0.143,-2.885525771117512,373.6479305007119,0.0,1.0,0.0,2.0,0.0,0.0,0.0,373.9991254273567,373.6763452601692,0.0,51.0
0.1431,-2.8481609784676984,373.64790771435906,0.0,1.0,0.0,2.0,0.0,0.0,0.0,373.9991254273567,373.6763452601692,0.0,51.0
0.1432,-2.810796198490236,373.64761957759697,0.0,1.0,0.0,2.0,0.0,0.0,0.0,373.9991254273567,373.6763452601692,0.0,51.0
0.1433,-2.7734314727439617,373.646794484105,0.0,1.0,0.0,2.0,0.0,0.0,0.0,373.9991254273567,373.6763452601692,0.0,51.0
0.1434,-2.7360668582051377,373.645425953329,0.0,1.0,0.0,2.0,0.0,0.0,0.0,373.9991254273567,373.6763452601692,0.0,51.0
0.1435,-2.6987023916843453,373.6439543690344,0.0,1.0,0.0,2.0,0.0,0.0,0.0,373.9991254273567,373.6763452601692,0.0,51.0
0.1436,-2.6613380365621127,373.6433915928047,0.0,1.0,0.0,2.0,0.0,0.0,0.0,373.9991254273567,373.6763452601692,0.0,51.0
0.1437,-2.62397369740287,373.6433915928047,0.0,1.0,0.0,2.0,0.0,0.0,0.0,373.9991254273567,373.6763452601692,0.0,51.0
0.1438,-2.586609358243617,373.6433915928047,0.0,1.0,0.0,2.0,0.0,0.0,0.0,373.9991254273567,373.6763452601692,0.0,51.0
0.1439,-2.5492450190843745,373.6433915928047,0.0,1.0,0.0,2.0,0.0,0.0,0.0,373.9991254273567,373.6763452601692,0.0,51.0
0.144,-2.511880679925132,373.6433915928047,0.0,1.0,0.0,2.0,0.0,0.0,0.0,373.9991254273567,373.6763452601692,0.0,51.0
0.1441,-2.474516342880095,373.6433024711709,0.0,1.0,0.0,2.0,0.0,0.0,0.0,373.9991254273567,373.6763452601692,0.0,51.0
0.1442,-2.4371520357977223,373.642739399109,0.0,1.0,0.0,2.0,0.0,0.0,0.0,373.9991254273567,373.6763452601692,0.0,51.0
0.1443,-2.399787814395967,373.64160502883976,0.0,1.0,0.0,2.0,0.0,0.0,0.0,373.9991254273567,373.6763452601692,0.0,51.0
0.1444,-2.3624237265797468,373.64012177472443,0.0,1.0,0.0,2.0,0.0,0.0,0.0,373.9991254273567,373.6763452601692,0.0,51.0
0.1445,-2.3250597893479137,373.63865967885584,0.0,1.0,0.0,2.0,0.0,0.0,0.0,373.9991254273567,373.6763452601692,0.0,51.0
0.1446,-2.2876959809622,373.6376056915398,0.0,1.0,0.0,2.0,0.0,0.0,0.0,373.9991254273567,373.6763452601692,0.0,51.0
0.1447,-2.250332243786087,373.63727388856233,0.0,1.0,0.0,2.0,0.0,0.0,0.0,373.9991254273567,373.6763452601692,0.0,51.0
0.1448,-2.2129685163972597,373.63727388856233,0.0,1.0,0.0,2.0,0.0,0.0,0.0,373.9991254273567,373.6763452601692,0.0,51.0
0.1449,-2.175604789008442,373.63727388856233,0.0,1.0,0.0,2.0,0.0,0.0,0.0,373.9991254273567,373.6763452601692,0.0,51.0
0.145,-2.1382410616196244,373.63727388856233,0.0,1.0,0.0,2.0,0.0,0.0,0.0,373.9991254273567,373.6763452601692,0.0,51.0
0.1451,-2.100877334230797,373.63727388856233,0.0,1.0,0.0,2.0,0.0,0.0,0.0,373.9991254273567,373.6763452601692,0.0,51.0
0.1452,-2.0635136068419793,373.63727388856233,1.0,1.0,0.0,6.0,0.0,0.0,0.0,373.9991254273567,373.7570403019661,0.0,52.0
0.1453,-2.026149879453152,373.63727388856233,1.0,1.0,0.0,6.0,0.0,0.0,0.0,373.9991254273567,373.7570403019661,0.0,52.0
0.1454,-1.988786152064333,373.63727388856233,1.0,1.0,0.0,6.0,0.0,0.0,0.0,373.9991254273567,373.7570403019661,0.0,52.0
0.1455,-1.9514224246755116,373.63727388856233,1.0,1.0,0.0,6.0,0.0,0.0,0.0,373.9991254273567,373.7570403019661,0.0,52.0
0.1456,-1.91405869728668,373.63727388856233,1.0,1.0,0.0,6.0,0.0,0.0,0.0,373.9991254273567,373.7570403019661,0.0,52.0
0.1457,-1.8766949698978586,373.63727388856233,1.0,1.0,0.0,6.0,0.0,0.0,0.0,373.9991254273567,373.7570403019661,0.0,52.0
0.1458,-1.839331242509027,373.63727388856233,1.0,1.0,0.0,6.0,0.0,0.0,0.0,373.9991254273567,373.7570403019661,0.0,52.0
0.1459,-1.801967515432976,373.6372549464121,1.0,1.0,0.0,6.0,0.0,0.0,0.0,373.9991254273567,373.7570403019661,0.0,52.0
0.146,-1.7646037999237316,373.63698528531035,1.0,1.0,0.0,6.0,0.0,0.0,0.0,373.9991254273567,373.7570403019661,0.0,52.0
0.1461,-1.727240136209855,373.6361892446215,1.0,1.0,0.0,6.0,0.0,0.0,0.0,373.9991254273567,373.7570403019661,0.0,52.0
0.1462,-1.6898765806481655,373.63485074647724,1.0,1.0,0.0,6.0,0.0,0.0,0.0,373.9991254273567,373.7570403019661,0.0,52.0
0.1463,-1.6525131706410683,373.6333955589311,1.0,1.0,0.0,6.0,0.0,0.0,0.0,373.9991254273567,373.7570403019661,0.0,52.0
0.1464,-1.6151498717898198,373.6328232869264,1.0,1.0,0.0,6.0,0.0,0.0,0.0,373.9991254273567,373.7570403019661,0.0,52.0
0.1465,-1.5777865894611647,373.6328232869264,1.0,1.0,0.0,6.0,0.0,0.0,0.0,373.9991254273567,373.7570403019661,0.0,52.0
0.1466,-1.540423307132499,373.6328232869264,1.0,1.0,0.0,6.0,0.0,0.0,0.0,373.9991254273567,373.7570403019661,0.0,52.0
0.1467,-1.503060024803844,373.6328232869264,1.0,1.0,0.0,6.0,0.0,0.0,0.0,373.9991254273567,373.7570403019661,0.0,52.0
0.1468,-1.4656967424751783,373.6328232869264,1.0,1.0,0.0,6.0,0.0,0.0,0.0,373.9991254273567,373.7570403019661,0.0,52.0
0.1469,-1.4283334619604986,373.63274372738067,1.0,1.0,0.0,6.0,0.0,0.0,0.0,373.9991254273567,373.7570403019661,0.0,52.0
0.147,-1.3909702096071723,373.63220492555337,1.0,1.0,0.0,6.0,0.0,0.0,0.0,373.9991254273567,373.7570403019661,0.0,52.0
0.1471,-1.353607040262408,373.6310982571108,1.0,1.0,0.0,6.0,0.0,0.0,0.0,373.9991254273567,373.7570403019661,0.0,52.0
0.1472,-1.3162440018469086,373.6296397447729,1.0,1.0,0.0,6.0,0.0,0.0,0.0,373.9991254273567,373.7570403019661,0.0,52.0
0.1473,-1.2788811117958638,373.62819722271416,1.0,1.0,0.0,6.0,0.0,0.0,0.0,373.9991254273567,373.7570403019661,0.0,52.0
0.1474,-1.2415183488707333,373.6271583573931,1.0,1.0,0.0,6.0,0.0,0.0,0.0,373.9991254273567,373.7570403019661,0.0,52.0
0.1475,-1.2041556557846496,373.6268377773023,1.0,1.0,0.0,6.0,0.0,0.0,0.0,373.9991254273567,373.7570403019661,0.0,52.0
0.1476,-1.1667929720069483,373.6268377773023,1.0,1.0,0.0,6.0,0.0,0.0,0.0,373.9991254273567,373.7570403019661,0.0,52.0
0.1477,-1.1294302882292573,373.6268377773023,1.0,1.0,0.0,6.0,0.0,0.0,0.0,373.9991254273567,373.7570403019661,0.0,52.0
0.1478,-1.0920676044515663,373.6268377773023,1.0,1.0,0.0,6.0,0.0,0.0,0.0,373.9991254273567,373.7570403019661,0.0,52.0
0.1479,-1.054704920673865,373.6268377773023,1.0,1.0,0.0,6.0,0.0,0.0,0.0,373.9991254273567,373.7570403019661,0.0,52.0
0.148,-1.017342236896174,373.6268377773023,1.0,0.0,0.0,4.0,0.0,0.0,0.0,372.66816768562103,373.4848221478798,0.0,53.0
0.1481,-0.9799795531184716,373.6268377773023,1.0,0.0,0.0,4.0,0.0,0.0,0.0,372.66816768562103,373.4848221478798,0.0,53.0
0.1482,-0.9426168693407787,373.6268377773023,1.0,0.0,0.0,4.0,0.0,0.0,0.0,372.66816768562103,373.4848221478798,0.0,53.0
0.1483,-0.9052541855630858,373.6268377773023,1.0,0.0,0.0,4.0,0.0,0.0,0.0,372.66816768562103,373.4848221478798,0.0,53.0
0.1484,-0.8678915017853824,373.6268377773023,1.0,0.0,0.0,4.0,0.0,0.0,0.0,372.66816768562103,373.4848221478798,0.0,53.0
0.1485,-0.8305288180076895,373.6268377773023,1.0,0.0,0.0,4.0,0.0,0.0,0.0,372.66816768562103,373.4848221478798,0.0,53.0
0.1486,-0.7931661342299862,373.6268377773023,1.0,0.0,0.0,4.0,0.0,0.0,0.0,372.66816768562103,373.4848221478798,0.0,53.0
0.1487,-0.7558034506920315,373.62682225744487,1.0,0.0,0.0,4.0,0.0,0.0,0.0,372.66816768562103,373.4848221478798,0.0,53.0
0.1488,-0.7184407776672503,373.62657062954173,1.0,0.0,0.0,4.0,0.0,0.0,0.0,372.66816768562103,373.4848221478798,0.0,53.0
0.1489,-0.6810781540349352,373.6258034140011,1.0,0.0,0.0,4.0,0.0,0.0,0.0,372.66816768562103,373.4848221478798,0.0,53.0
0.149,-0.6437156355165706,373.6244948021304,1.0,0.0,0.0,4.0,0.0,0.0,0.0,372.66816768562103,373.4848221478798,0.0,53.0
0.1491,-0.6063532601108136,373.62305566985356,1.0,0.0,0.0,4.0,0.0,0.0,0.0,372.66816768562103,373.4848221478798,0.0,53.0
0.1492,-0.5689909956848446,373.62247277771996,1.0,0.0,0.0,4.0,0.0,0.0,0.0,372.66816768562103,373.4848221478798,0.0,53.0
0.1493,-0.5316287484071099,373.62247277771996,1.0,0.0,0.0,4.0,0.0,0.0,0.0,372.66816768562103,373.4848221478798,0.0,53.0
0.1494,-0.49426650112936504,373.62247277771996,1.0,0.0,0.0,4.0,0.0,0.0,0.0,372.66816768562103,373.4848221478798,0.0,53.0
0.1495,-0.45690425385163097,373.62247277771996,1.0,0.0,0.0,4.0,0.0,0.0,0.0,372.66816768562103,373.4848221478798,0.0,53.0
0.1496,-0.4195420065738865,373.62247277771996,1.0,0.0,0.0,4.0,0.0,0.0,0.0,372.66816768562103,373.4848221478798,0.0,53.0
0.1497,-0.3821797608384807,373.6224022290919,1.0,0.0,0.0,4.0,0.0,0.0,0.0,372.66816768562103,373.4848221478798,0.0,53.0
0.1498,-0.3448175414992222,373.6218875514386,1.0,0.0,0.0,4.0,0.0,0.0,0.0,372.66816768562103,373.4848221478798,0.0,53.0
0.1499,-0.307455402504557,373.6208085037949,1.0,0.0,0.0,4.0,0.0,0.0,0.0,372.66816768562103,373.4848221478798,0.0,53.0
0.15,-0.27009339180135433,373.6193744064175,1.0,0.0,0.0,4.0,0.0,0.0,0.0,372.66816768562103,373.4848221478798,0.0,53.0
0.1501,-0.23273152729482338,373.61795072656594,1.0,0.0,0.0,4.0,0.0,0.0,0.0,372.66816768562103,373.4848221478798,0.0,53.0
0.1502,-0.1953697882894021,373.6169258089384,1.0,0.0,0.0,4.0,0.0,0.0,0.0,372.66816768562103,373.4848221478798,0.0,53.0
0.1503,-0.15800811789086416,373.61661497385376,1.0,0.0,0.0,4.0,0.0,0.0,0.0,372.66816768562103,373.4848221478798,0.0,53.0
0.1504,-0.12064645639350592,373.61661497385376,1.0,0.0,0.0,4.0,0.0,0.0,0.0,372.66816768562103,373.4848221478798,0.0,53.0
0.1505,-0.0832847948961584,373.61661497385376,1.0,0.0,0.0,4.0,0.0,0.0,0.0,372.66816768562103,373.4848221478798,0.0,53.0
0.1506,-0.04592313339880047,373.61661497385376,1.0,0.0,0.0,4.0,0.0,0.0,0.0,372.66816768562103,373.4848221478798,0.0,53.0
0.1507,-0.008561471901452844,373.61661497385376,1.0,0.0,0.0,4.0,0.0,0.0,0.0,372.66816768562103,373.4848221478798,0.0,53.0
0.1508,0.028800189595894796,373.61661497385376,1.0,0.0,1.0,5.0,0.0,0.0,0.0,373.9991254273567,373.61339796774905,0.0,54.0
0.1509,0.06616185109325276,373.61661497385376,1.0,0.0,1.0,5.0,0.0,0.0,0.0,373.9991254273567,373.61339796774905,0.0,54.0
0.151,0.10352351259060028,373.61661497385376,1.0,0.0,1.0,5.0,0.0,0.0,0.0,373.9991254273567,373.61339796774905,0.0,54.0
0.1511,0.14088517408795836,373.61661497385376,1.0,0.0,1.0,5.0,0.0,0.0,0.0,373.9991254273567,373.61339796774905,0.0,54.0
0.1512,0.1782468355853063,373.61661497385376,1.0,0.0,1.0,5.0,0.0,0.0,0.0,373.9991254273567,373.61339796774905,0.0,54.0
0.1513,0.21560849708265423,373.61661497385376,1.0,0.0,1.0,5.0,0.0,0.0,0.0,373.9991254273567,373.61339796774905,0.0,54.0
0.1514,0.2529701585800124,373.61661497385376,1.0,0.0,1.0,5.0,0.0,0.0,0.0,373.9991254273567,373.61339796774905,0.0,54.0
0.1515,0.2903318198976515,373.6166024685664,1.0,0.0,1.0,5.0,0.0,0.0,0.0,373.9991254273567,373.61339796774905,0.0,54.0
0.1516,0.3276934717026202,373.6163684080876,1.0,0.0,1.0,5.0,0.0,0.0,0.0,373.9991254273567,373.61339796774905,0.0,54.0
0.1517,0.3650550764833315,373.6156297807058,1.0,0.0,1.0,5.0,0.0,0.0,0.0,373.9991254273567,373.61339796774905,0.0,54.0
0.1518,0.4024165791717662,373.61435093035044,1.0,0.0,1.0,5.0,0.0,0.0,0.0,373.9991254273567,373.61339796774905,0.0,54.0
0.1519,0.4397779411726816,373.6129275847936,1.0,0.0,1.0,5.0,0.0,0.0,0.0,373.9991254273567,373.61339796774905,0.0,54.0
0.152,0.47713919231292434,373.61233298672954,1.0,0.0,1.0,5.0,0.0,0.0,0.0,373.9991254273567,373.61339796774905,0.0,54.0
0.1521,0.5145004256115705,373.61233298672954,1.0,0.0,1.0,5.0,0.0,0.0,0.0,373.9991254273567,373.61339796774905,0.0,54.0
0.1522,0.5518616589102054,373.61233298672954,1.0,0.0,1.0,5.0,0.0,0.0,0.0,373.9991254273567,373.61339796774905,0.0,54.0
0.1523,0.5892228922088404,373.61233298672954,1.0,0.0,1.0,5.0,0.0,0.0,0.0,373.9991254273567,373.61339796774905,0.0,54.0
0.1524,0.6265841255074858,373.61233298672954,1.0,0.0,1.0,5.0,0.0,0.0,0.0,373.9991254273567,373.61339796774905,0.0,54.0
0.1525,0.663945357507707,373.6122708867133,1.0,0.0,1.0,5.0,0.0,0.0,0.0,373.9991254273567,373.61339796774905,0.0,54.0
0.1526,0.7013065648375982,373.6117801663011,1.0,0.0,1.0,5.0,0.0,0.0,0.0,373.9991254273567,373.61339796774905,0.0,54.0
0.1527,0.7386676944782601,373.61072866799674,1.0,0.0,1.0,5.0,0.0,0.0,0.0,373.9991254273567,373.61339796774905,0.0,54.0
0.1528,0.7760286984489358,373.60931869041514,1.0,0.0,1.0,5.0,0.0,0.0,0.0,373.9991254273567,373.61339796774905,0.0,54.0
0.1529,0.8133895583424672,373.60791316643514,1.0,0.0,1.0,5.0,0.0,0.0,0.0,373.9991254273567,373.61339796774905,0.0,54.0
0.153,0.8507502942692396,373.6069010740417,1.0,0.0,1.0,5.0,0.0,0.0,0.0,373.9991254273567,373.61339796774905,0.0,54.0
0.1531,0.8881109626888574,373.6065986108948,1.0,0.0,1.0,5.0,0.0,0.0,0.0,373.9991254273567,373.61339796774905,0.0,54.0
0.1532,0.9254716225499094,373.6065986108948,1.0,0.0,1.0,5.0,0.0,0.0,0.0,373.9991254273567,373.61339796774905,0.0,54.0
0.1533,0.9628322824109615,373.6065986108948,1.0,0.0,1.0,5.0,0.0,0.0,0.0,373.9991254273567,373.61339796774905,0.0,54.0
0.1534,1.000192942272024,373.6065986108948,1.0,0.0,1.0,5.0,0.0,0.0,0.0,373.9991254273567,373.61339796774905,0.0,54.0
0.1535,1.037553602133076,373.6065986108948,1.0,0.0,1.0,5.0,0.0,0.0,0.0,373.9991254273567,373.61339796774905,0.0,54.0
0.1536,1.074914261994128,373.6065986108948,0.0,0.0,1.0,1.0,0.0,0.0,0.0,373.9991254273567,373.70982983265094,0.0,55.0
0.1537,1.1122749218551906,373.6065986108948,0.0,0.0,1.0,1.0,0.0,0.0,0.0,373.9991254273567,373.70982983265094,0.0,55.0
0.1538,1.1496355817162427,373.6065986108948,0.0,0.0,1.0,1.0,0.0,0.0,0.0,373.9991254273567,373.70982983265094,0.0,55.0
0.1539,1.1869962415773052,373.6065986108948,0.0,0.0,1.0,1.0,0.0,0.0,0.0,373.9991254273567,373.70982983265094,0.0,55.0
0.154,1.2243569014383573,373.6065986108948,0.0,0.0,1.0,1.0,0.0,0.0,0.0,373.9991254273567,373.70982983265094,0.0,55.0
0.1541,1.2617175612994094,373.6065986108948,0.0,0.0,1.0,1.0,0.0,0.0,0.0,373.9991254273567,373.70982983265094,0.0,55.0
0.1542,1.299078221160472,373.6065986108948,0.0,0.0,1.0,1.0,0.0,0.0,0.0,373.9991254273567,373.70982983265094,0.0,55.0
0.1543,1.3364388808902619,373.6065887287639,0.0,0.0,1.0,1.0,0.0,0.0,0.0,373.9991254273567,373.70982983265094,0.0,55.0
0.1544,1.37379953205371,373.6063717462479,0.0,0.0,1.0,1.0,0.0,0.0,0.0,373.9991254273567,373.70982983265094,0.0,55.0
0.1545,1.4111601385246324,373.60566145962366,0.0,0.0,1.0,1.0,0.0,0.0,0.0,373.9991254273567,373.70982983265094,0.0,55.0
0.1546,1.4485206459086686,373.6044122655902,0.0,0.0,1.0,1.0,0.0,0.0,0.0,373.9991254273567,373.70982983265094,0.0,55.0
0.1547,1.485881015017666,373.60300450791243,0.0,0.0,1.0,1.0,0.0,0.0,0.0,373.9991254273567,373.70982983265094,0.0,55.0
0.1548,1.5232412733377765,373.60239715499756,0.0,0.0,1.0,1.0,0.0,0.0,0.0,373.9991254273567,373.70982983265094,0.0,55.0
0.1549,1.5606015130532476,373.60239715499756,0.0,0.0,1.0,1.0,0.0,0.0,0.0,373.9991254273567,373.70982983265094,0.0,55.0
0.155,1.5979617527687082,373.60239715499756,0.0,0.0,1.0,1.0,0.0,0.0,0.0,373.9991254273567,373.70982983265094,0.0,55.0
0.1551,1.6353219924841689,373.60239715499756,0.0,0.0,1.0,1.0,0.0,0.0,0.0,373.9991254273567,373.70982983265094,0.0,55.0
0.1552,1.67268223219964,373.60239715499756,0.0,0.0,1.0,1.0,0.0,0.0,0.0,373.9991254273567,373.70982983265094,0.0,55.0
0.1553,1.7100424708339024,373.6023429329149,0.0,0.0,1.0,1.0,0.0,0.0,0.0,373.9991254273567,373.70982983265094,0.0,55.0
0.1554,1.747402686480976,373.60187598062214,0.0,0.0,1.0,1.0,0.0,0.0,0.0,373.9991254273567,373.70982983265094,0.0,55.0
0.1555,1.7847628270850109,373.6008519689283,0.0,0.0,1.0,1.0,0.0,0.0,0.0,373.9991254273567,373.70982983265094,0.0,55.0
0.1556,1.8221228446262567,373.5994658470511,0.0,0.0,1.0,1.0,0.0,0.0,0.0,373.9991254273567,373.70982983265094,0.0,55.0
0.1557,1.8594827201654969,373.5980778373521,0.0,0.0,1.0,1.0,0.0,0.0,0.0,373.9991254273567,373.70982983265094,0.0,55.0
0.1558,1.8968424731867044,373.5970774989458,0.0,0.0,1.0,1.0,0.0,0.0,0.0,373.9991254273567,373.70982983265094,0.0,55.0
0.1559,1.9342021596738885,373.59678212779437,0.0,0.0,1.0,1.0,0.0,0.0,0.0,373.9991254273567,373.70982983265094,0.0,55.0
0.156,1.9715618378866313,373.59678212779437,0.0,0.0,1.0,1.0,0.0,0.0,0.0,373.9991254273567,373.70982983265094,0.0,55.0
0.1561,2.0089215160993734,373.59678212779437,0.0,0.0,1.0,1.0,0.0,0.0,0.0,373.9991254273567,373.70982983265094,0.0,55.0
0.1562,2.046281194312127,373.59678212779437,0.0,0.0,1.0,1.0,0.0,0.0,0.0,373.9991254273567,373.70982983265094,0.0,55.0
0.1563,2.083640872524869,373.59678212779437,0.0,0.0,1.0,1.0,0.0,0.0,0.0,373.9991254273567,373.70982983265094,0.0,55.0
0.1564,2.1210005507376226,373.59678212779437,0.0,1.0,1.0,3.0,0.0,0.0,0.0,373.9991254273567,373.7821537313274,0.0,56.0
0.1565,2.158360228950365,373.59678212779437,0.0,1.0,1.0,3.0,0.0,0.0,0.0,373.9991254273567,373.7821537313274,0.0,56.0
0.1566,2.1957199071631073,373.59678212779437,0.0,1.0,1.0,3.0,0.0,0.0,0.0,373.9991254273567,373.7821537313274,0.0,56.0
0.1567,2.2330795853758607,373.59678212779437,0.0,1.0,1.0,3.0,0.0,0.0,0.0,373.9991254273567,373.7821537313274,0.0,56.0
0.1568,2.270439263588603,373.59678212779437,0.0,1.0,1.0,3.0,0.0,0.0,0.0,373.9991254273567,373.7821537313274,0.0,56.0
0.1569,2.3077989418013565,373.59678212779437,0.0,1.0,1.0,3.0,0.0,0.0,0.0,373.9991254273567,373.7821537313274,0.0,56.0
0.157,2.345158620014099,373.59678212779437,0.0,1.0,1.0,3.0,0.0,0.0,0.0,373.9991254273567,373.7821537313274,0.0,56.0
0.1571,2.3825182981338586,373.5967744958641,0.0,1.0,1.0,3.0,0.0,0.0,0.0,373.9991254273567,373.7821537313274,0.0,56.0
0.1572,2.4198779685786165,373.5965740777966,0.0,1.0,1.0,3.0,0.0,0.0,0.0,373.9991254273567,373.7821537313274,0.0,56.0
0.1573,2.457237596624192,373.59589187302885,0.0,1.0,1.0,3.0,0.0,0.0,0.0,373.9991254273567,373.7821537313274,0.0,56.0
0.1574,2.4945971285721535,373.5946722476162,0.0,1.0,1.0,3.0,0.0,0.0,0.0,373.9991254273567,373.7821537313274,0.0,56.0
0.1575,2.531956524648949,373.5932799453968,0.0,1.0,1.0,3.0,0.0,0.0,0.0,373.9991254273567,373.7821537313274,0.0,56.0
0.1576,2.569315809970852,373.59265882441673,0.0,1.0,1.0,3.0,0.0,0.0,0.0,373.9991254273567,373.7821537313274,0.0,56.0
0.1577,2.606675075853267,373.59265882441673,0.0,1.0,1.0,3.0,0.0,0.0,0.0,373.9991254273567,373.7821537313274,0.0,56.0
0.1578,2.644034341735671,373.59265882441673,0.0,1.0,1.0,3.0,0.0,0.0,0.0,373.9991254273567,373.7821537313274,0.0,56.0
0.1579,2.6813936076180855,373.59265882441673,0.0,1.0,1.0,3.0,0.0,0.0,0.0,373.9991254273567,373.7821537313274,0.0,56.0
0.158,2.7187528735004896,373.59265882441673,0.0,1.0,1.0,3.0,0.0,0.0,0.0,373.9991254273567,373.7821537313274,0.0,56.0
0.1581,2.756112138493381,373.5926119040721,0.0,1.0,1.0,3.0,0.0,0.0,0.0,373.9991254273567,373.7821537313274,0.0,56.0
0.1582,2.793471382136359,373.59216850716393,0.0,1.0,1.0,3.0,0.0,0.0,0.0,373.9991254273567,373.7821537313274,0.0,56.0
0.1583,2.830830553372573,373.59117192716116,0.0,1.0,1.0,3.0,0.0,0.0,0.0,373.9991254273567,373.7821537313274,0.0,56.0
0.1584,2.868189604140925,373.5898094273443,0.0,1.0,1.0,3.0,0.0,0.0,0.0,373.9991254273567,373.7821537313274,0.0,56.0
0.1585,2.9055485149418057,373.5884383345503,0.0,1.0,1.0,3.0,0.0,0.0,0.0,373.9991254273567,373.7821537313274,0.0,56.0
0.1586,2.942907304592554,373.5874487294993,0.0,1.0,1.0,3.0,0.0,0.0,0.0,373.9991254273567,373.7821537313274,0.0,56.0
0.1587,2.980266028561524,373.58715925291887,0.0,1.0,1.0,3.0,0.0,0.0,0.0,373.9991254273567,373.7821537313274,0.0,56.0
0.1588,3.017624744486773,373.58715925291887,0.0,1.0,1.0,3.0,0.0,0.0,0.0,373.9991254273567,373.7821537313274,0.0,56.0
0.1589,3.0549834604120325,373.58715925291887,0.0,1.0,1.0,3.0,0.0,0.0,0.0,373.9991254273567,373.7821537313274,0.0,56.0
0.159,3.0923421763372816,373.58715925291887,0.0,1.0,1.0,3.0,0.0,0.0,0.0,373.9991254273567,373.7821537313274,0.0,56.0
0.1591,3.1297008922625307,373.58715925291887,0.0,1.0,1.0,3.0,0.0,0.0,0.0,373.9991254273567,373.7821537313274,0.0,56.0
0.1592,-3.1161256989917963,373.58715925291887,0.0,1.0,0.0,2.0,0.0,0.0,0.0,372.66816768562103,373.5036572199008,0.0,57.0
0.1593,-3.078766983066547,373.58715925291887,0.0,1.0,0.0,2.0,0.0,0.0,0.0,372.66816768562103,373.5036572199008,0.0,57.0
0.1594,-3.041408267141298,373.58715925291887,0.0,1.0,0.0,2.0,0.0,0.0,0.0,372.66816768562103,373.5036572199008,0.0,57.0
0.1595,-3.004049551216039,373.58715925291887,0.0,1.0,0.0,2.0,0.0,0.0,0.0,372.66816768562103,373.5036572199008,0.0,57.0
0.1596,-2.9666908352907897,373.58715925291887,0.0,1.0,0.0,2.0,0.0,0.0,0.0,372.66816768562103,373.5036572199008,0.0,57.0
0.1597,-2.9293321193655304,373.58715925291887,0.0,1.0,0.0,2.0,0.0,0.0,0.0,372.66816768562103,373.5036572199008,0.0,57.0
0.1598,-2.8919734034402813,373.58715925291887,0.0,1.0,0.0,2.0,0.0,0.0,0.0,372.66816768562103,373.5036572199008,0.0,57.0
0.1599,-2.8546146875785245,373.587153518864,0.0,1.0,0.0,2.0,0.0,0.0,0.0,372.66816768562103,373.5036572199008,0.0,57.0
0.16,-2.8172559785559845,373.58696912732535,0.0,1.0,0.0,2.0,0.0,0.0,0.0,372.66816768562103,373.5036572199008,0.0,57.0
0.1601,-2.7798973096796478,373.58631473291916,0.0,1.0,0.0,2.0,0.0,0.0,0.0,372.66816768562103,373.5036572199008,0.0,57.0
0.1602,-2.7425387339278022,373.5851246038151,0.0,1.0,0.0,2.0,0.0,0.0,0.0,372.66816768562103,373.5036572199008,0.0,57.0
0.1603,-2.7051802916480665,373.5837476877125,0.0,1.0,0.0,2.0,0.0,0.0,0.0,372.66816768562103,373.5036572199008,0.0,57.0
0.1604,-2.667821960117586,373.5831118204244,0.0,1.0,0.0,2.0,0.0,0.0,0.0,372.66816768562103,373.5036572199008,0.0,57.0
0.1605,-2.6304636489355744,373.5831118204244,0.0,1.0,0.0,2.0,0.0,0.0,0.0,372.66816768562103,373.5036572199008,0.0,57.0
0.1606,-2.593105337753573,373.5831118204244,0.0,1.0,0.0,2.0,0.0,0.0,0.0,372.66816768562103,373.5036572199008,0.0,57.0
0.1607,-2.5557470265715616,373.5831118204244,0.0,1.0,0.0,2.0,0.0,0.0,0.0,372.66816768562103,373.5036572199008,0.0,57.0
0.1608,-2.5183887153895603,373.5831118204244,0.0,1.0,0.0,2.0,0.0,0.0,0.0,372.66816768562103,373.5036572199008,0.0,57.0
0.1609,-2.4810304049295775,373.5830716230581,0.0,1.0,0.0,2.0,0.0,0.0,0.0,372.66816768562103,373.5036572199008,0.0,57.0
0.161,-2.443672114231243,373.58265154365785,0.0,1.0,0.0,2.0,0.0,0.0,0.0,372.66816768562103,373.5036572199008,0.0,57.0
0.1611,-2.4063138933141603,373.58168234723234,0.0,1.0,0.0,2.0,0.0,0.0,0.0,372.66816768562103,373.5036572199008,0.0,57.0
0.1612,-2.368955790280399,373.5803432656065,0.0,1.0,0.0,2.0,0.0,0.0,0.0,372.66816768562103,373.5036572199008,0.0,57.0
0.1613,-2.3315978252163934,373.5789885360207,0.0,1.0,0.0,2.0,0.0,0.0,0.0,372.66816768562103,373.5036572199008,0.0,57.0
0.1614,-2.294239980010718,373.5780086937378,0.0,1.0,0.0,2.0,0.0,0.0,0.0,372.66816768562103,373.5036572199008,0.0,57.0
0.1615,-2.2568821997499353,373.57772398720044,0.0,1.0,0.0,2.0,0.0,0.0,0.0,372.66816768562103,373.5036572199008,0.0,57.0
0.1616,-2.21952442735125,373.57772398720044,0.0,1.0,0.0,2.0,0.0,0.0,0.0,372.66816768562103,373.5036572199008,0.0,57.0
0.1617,-2.182166654952555,373.57772398720044,0.0,1.0,0.0,2.0,0.0,0.0,0.0,372.66816768562103,373.5036572199008,0.0,57.0
0.1618,-2.14480888255387,373.57772398720044,0.0,1.0,0.0,2.0,0.0,0.0,0.0,372.66816768562103,373.5036572199008,0.0,57.0
0.1619,-2.1074511101551847,373.57772398720044,0.0,1.0,0.0,2.0,0.0,0.0,0.0,372.66816768562103,373.5036572199008,0.0,57.0
0.162,-2.0700933377564894,373.57772398720044,1.0,1.0,0.0,6.0,0.0,0.0,0.0,373.9991254273567,373.62752427176474,0.0,58.0
0.1621,-2.0327355653578043,373.57772398720044,1.0,1.0,0.0,6.0,0.0,0.0,0.0,373.9991254273567,373.62752427176474,0.0,58.0
0.1622,-1.9953777929591092,373.57772398720044,1.0,1.0,0.0,6.0,0.0,0.0,0.0,373.9991254273567,373.62752427176474,0.0,58.0
0.1623,-1.9580200205604246,373.57772398720044,1.0,1.0,0.0,6.0,0.0,0.0,0.0,373.9991254273567,373.62752427176474,0.0,58.0
0.1624,-1.92066224816174,373.57772398720044,1.0,1.0,0.0,6.0,0.0,0.0,0.0,373.9991254273567,373.62752427176474,0.0,58.0
0.1625,-1.8833044757630448,373.57772398720044,1.0,1.0,0.0,6.0,0.0,0.0,0.0,373.9991254273567,373.62752427176474,0.0,58.0
0.1626,-1.8459467033643602,373.57772398720044,1.0,1.0,0.0,6.0,0.0,0.0,0.0,373.9991254273567,373.62752427176474,0.0,58.0
0.1627,-1.8085889310071177,373.5777198215235,1.0,1.0,0.0,6.0,0.0,0.0,0.0,373.9991254273567,373.62752427176474,0.0,58.0
0.1628,-1.771231164709237,373.5775508938496,1.0,1.0,0.0,6.0,0.0,0.0,0.0,373.9991254273567,373.62752427176474,0.0,58.0
0.1629,-1.7338734363469586,373.5769240246223,1.0,1.0,0.0,6.0,0.0,0.0,0.0,373.9991254273567,373.62752427176474,0.0,58.0
0.163,-1.6965157981523624,373.5757633327773,1.0,1.0,0.0,6.0,0.0,0.0,0.0,373.9991254273567,373.62752427176474,0.0,58.0
0.1631,-1.6591582910321796,373.5744017931401,1.0,1.0,0.0,6.0,0.0,0.0,0.0,373.9991254273567,373.62752427176474,0.0,58.0
0.1632,-1.6218008946745566,373.5737502359283,1.0,1.0,0.0,6.0,0.0,0.0,0.0,373.9991254273567,373.62752427176474,0.0,58.0
0.1633,-1.584443519651002,373.5737502359283,1.0,1.0,0.0,6.0,0.0,0.0,0.0,373.9991254273567,373.62752427176474,0.0,58.0
0.1634,-1.5470861446274475,373.5737502359283,1.0,1.0,0.0,6.0,0.0,0.0,0.0,373.9991254273567,373.62752427176474,0.0,58.0
0.1635,-1.5097287696038826,373.5737502359283,1.0,1.0,0.0,6.0,0.0,0.0,0.0,373.9991254273567,373.62752427176474,0.0,58.0
0.1636,-1.472371394580328,373.5737502359283,1.0,1.0,0.0,6.0,0.0,0.0,0.0,373.9991254273567,373.62752427176474,0.0,58.0
0.1637,-1.4350140201340482,373.5737161832754,1.0,1.0,0.0,6.0,0.0,0.0,0.0,373.9991254273567,373.62752427176474,0.0,58.0
0.1638,-1.397656663913217,373.5733191567331,1.0,1.0,0.0,6.0,0.0,0.0,0.0,373.9991254273567,373.62752427176474,0.0,58.0
0.1639,-1.3602993748598635,373.57237730149046,1.0,1.0,0.0,6.0,0.0,0.0,0.0,373.9991254273567,373.62752427176474,0.0,58.0
0.164,-1.3229422011138448,373.57106146323946,1.0,1.0,0.0,6.0,0.0,0.0,0.0,373.9991254273567,373.62752427176474,0.0,58.0
0.1641,-1.285585163373025,373.56972258629764,1.0,1.0,0.0,6.0,0.0,0.0,0.0,373.9991254273567,373.62752427176474,0.0,58.0
0.1642,-1.2482282442701278,373.5687515856964,1.0,1.0,0.0,6.0,0.0,0.0,0.0,373.9991254273567,373.62752427176474,0.0,58.0
0.1643,-1.21087138948526,373.56847058885387,1.0,1.0,0.0,6.0,0.0,0.0,0.0,373.9991254273567,373.62752427176474,0.0,58.0
0.1644,-1.173514542426413,373.56847058885387,1.0,1.0,0.0,6.0,0.0,0.0,0.0,373.9991254273567,373.62752427176474,0.0,58.0
0.1645,-1.1361576953675556,373.56847058885387,1.0,1.0,0.0,6.0,0.0,0.0,0.0,373.9991254273567,373.62752427176474,0.0,58.0
0.1646,-1.0988008483087086,373.56847058885387,1.0,1.0,0.0,6.0,0.0,0.0,0.0,373.9991254273567,373.62752427176474,0.0,58.0
0.1647,-1.0614440012498512,373.56847058885387,1.0,1.0,0.0,6.0,0.0,0.0,0.0,373.9991254273567,373.62752427176474,0.0,58.0
0.1648,-1.0240871541910042,373.56847058885387,1.0,0.0,0.0,4.0,0.0,0.0,0.0,373.999125427353,373.7204245606618,0.0,59.0
0.1649,-0.9867303071321568,373.56847058885387,1.0,0.0,0.0,4.0,0.0,0.0,0.0,373.999125427353,373.7204245606618,0.0,59.0
0.165,-0.9493734600732984,373.56847058885387,1.0,0.0,0.0,4.0,0.0,0.0,0.0,373.999125427353,373.7204245606618,0.0,59.0
0.1651,-0.9120166130144503,373.56847058885387,1.0,0.0,0.0,4.0,0.0,0.0,0.0,373.999125427353,373.7204245606618,0.0,59.0
0.1652,-0.8746597659555918,373.56847058885387,1.0,0.0,0.0,4.0,0.0,0.0,0.0,373.999125427353,373.7204245606618,0.0,59.0
0.1653,-0.8373029188967437,373.56847058885387,1.0,0.0,0.0,4.0,0.0,0.0,0.0,373.999125427353,373.7204245606618,0.0,59.0
0.1654,-0.7999460718378956,373.56847058885387,1.0,0.0,0.0,4.0,0.0,0.0,0.0,373.999125427353,373.7204245606618,0.0,59.0
0.1655,-0.7625892248046283,373.56846768710153,1.0,0.0,0.0,4.0,0.0,0.0,0.0,373.999125427353,373.7204245606618,0.0,59.0
0.1656,-0.7252323831067887,373.5683136355631,1.0,0.0,0.0,4.0,0.0,0.0,0.0,373.999125427353,373.7204245606618,0.0,59.0
0.1657,-0.6878755771784583,373.56771399155207,1.0,0.0,0.0,4.0,0.0,0.0,0.0,373.999125427353,373.7204245606618,0.0,59.0
0.1658,-0.6505188584776423,373.56658268903664,1.0,0.0,0.0,4.0,0.0,0.0,0.0,373.999125427353,373.7204245606618,0.0,59.0
0.1659,-0.6131622684517053,373.5652365724775,1.0,0.0,0.0,4.0,0.0,0.0,0.0,373.999125427353,373.7204245606618,0.0,59.0
0.166,-0.5758057892112562,373.56456841635037,1.0,0.0,0.0,4.0,0.0,0.0,0.0,373.999125427353,373.7204245606618,0.0,59.0
0.1661,-0.538449332369659,373.56456841635037,1.0,0.0,0.0,4.0,0.0,0.0,0.0,373.999125427353,373.7204245606618,0.0,59.0
0.1662,-0.5010928755280617,373.56456841635037,1.0,0.0,0.0,4.0,0.0,0.0,0.0,373.999125427353,373.7204245606618,0.0,59.0
0.1663,-0.463736418686454,373.56456841635037,1.0,0.0,0.0,4.0,0.0,0.0,0.0,373.999125427353,373.7204245606618,0.0,59.0
0.1664,-0.4263799618448566,373.56456841635037,1.0,0.0,0.0,4.0,0.0,0.0,0.0,373.999125427353,373.7204245606618,0.0,59.0
0.1665,-0.3890235054570031,373.564539933816,1.0,0.0,0.0,4.0,0.0,0.0,0.0,373.999125427353,373.7204245606618,0.0,59.0
0.1666,-0.3516670658133408,373.564165666972,1.0,0.0,0.0,4.0,0.0,0.0,0.0,373.999125427353,373.7204245606618,0.0,59.0
0.1667,-0.314310690736264,373.56325111507,1.0,0.0,0.0,4.0,0.0,0.0,0.0,373.999125427353,373.7204245606618,0.0,59.0
0.1668,-0.27695442839736817,373.56195837366397,1.0,0.0,0.0,4.0,0.0,0.0,0.0,373.999125427353,373.7204245606618,0.0,59.0
0.1669,-0.2395983001286564,373.56063488137755,1.0,0.0,0.0,4.0,0.0,0.0,0.0,373.999125427353,373.7204245606618,0.0,59.0
0.167,-0.20224228934424263,373.55967185035115,1.0,0.0,0.0,4.0,0.0,0.0,0.0,373.999125427353,373.7204245606618,0.0,59.0
0.1671,-0.1648863423557905,373.5593935591499,1.0,0.0,0.0,4.0,0.0,0.0,0.0,373.999125427353,373.7204245606618,0.0,59.0
0.1672,-0.12753040299991322,373.5593935591499,1.0,0.0,0.0,4.0,0.0,0.0,0.0,373.999125427353,373.7204245606618,0.0,59.0
0.1673,-0.09017446364402557,373.5593935591499,1.0,0.0,0.0,4.0,0.0,0.0,0.0,373.999125427353,373.7204245606618,0.0,59.0
0.1674,-0.05281852428814829,373.5593935591499,1.0,0.0,0.0,4.0,0.0,0.0,0.0,373.999125427353,373.7204245606618,0.0,59.0
0.1675,-0.015462584932260685,373.5593935591499,1.0,0.0,0.0,4.0,0.0,0.0,0.0,373.999125427353,373.7204245606618,0.0,59.0
0.1676,0.021893354423616573,373.5593935591499,1.0,0.0,1.0,5.0,0.0,0.0,0.0,372.66816768562103,373.4573603419016,0.0,60.0
0.1677,0.05924929377949381,373.5593935591499,1.0,0.0,1.0,5.0,0.0,0.0,0.0,372.66816768562103,373.4573603419016,0.0,60.0
0.1678,0.09660523313538144,373.5593935591499,1.0,0.0,1.0,5.0,0.0,0.0,0.0,372.66816768562103,373.4573603419016,0.0,60.0
0.1679,0.13396117249125872,373.5593935591499,1.0,0.0,1.0,5.0,0.0,0.0,0.0,372.66816768562103,373.4573603419016,0.0,60.0
0.168,0.17131711184714637,373.5593935591499,1.0,0.0,1.0,5.0,0.0,0.0,0.0,372.66816768562103,373.4573603419016,0.0,60.0
0.1681,0.20867305120302365,373.5593935591499,1.0,0.0,1.0,5.0,0.0,0.0,0.0,372.66816768562103,373.4573603419016,0.0,60.0
0.1682,0.24602899055890093,373.5593935591499,1.0,0.0,1.0,5.0,0.0,0.0,0.0,372.66816768562103,373.4573603419016,0.0,60.0
0.1683,0.2833849299000865,373.5593916441522,1.0,0.0,1.0,5.0,0.0,0.0,0.0,372.66816768562103,373.4573603419016,0.0,60.0
0.1684,0.32074086457405415,373.5592518556528,1.0,0.0,1.0,5.0,0.0,0.0,0.0,372.66816768562103,373.4573603419016,0.0,60.0
0.1685,0.35809676559795056,373.55867912103287,1.0,0.0,1.0,5.0,0.0,0.0,0.0,372.66816768562103,373.4573603419016,0.0,60.0
0.1686,0.39545258231734404,373.55757716888434,1.0,0.0,1.0,5.0,0.0,0.0,0.0,372.66816768562103,373.4573603419016,0.0,60.0
0.1687,0.4328082727661645,373.5562465748223,1.0,0.0,1.0,5.0,0.0,0.0,0.0,372.66816768562103,373.4573603419016,0.0,60.0
0.1688,0.4701638524062513,373.5555609457058,1.0,0.0,1.0,5.0,0.0,0.0,0.0,372.66816768562103,373.4573603419016,0.0,60.0
0.1689,0.5075194085007839,373.5555609457058,1.0,0.0,1.0,5.0,0.0,0.0,0.0,372.66816768562103,373.4573603419016,0.0,60.0
0.169,0.544874964595327,373.5555609457058,1.0,0.0,1.0,5.0,0.0,0.0,0.0,372.66816768562103,373.4573603419016,0.0,60.0
0.1691,0.5822305206898596,373.5555609457058,1.0,0.0,1.0,5.0,0.0,0.0,0.0,372.66816768562103,373.4573603419016,0.0,60.0
0.1692,0.6195860767843921,373.5555609457058,1.0,0.0,1.0,5.0,0.0,0.0,0.0,372.66816768562103,373.4573603419016,0.0,60.0
0.1693,0.6569416325291572,373.55553746566335,1.0,0.0,1.0,5.0,0.0,0.0,0.0,372.66816768562103,373.4573603419016,0.0,60.0
0.1694,0.6942971729532403,373.5551856350138,1.0,0.0,1.0,5.0,0.0,0.0,0.0,372.66816768562103,373.4573603419016,0.0,60.0
0.1695,0.7316526513974877,373.5542983519144,1.0,0.0,1.0,5.0,0.0,0.0,0.0,372.66816768562103,373.4573603419016,0.0,60.0
0.1696,0.7690080196674776,373.55302858829185,1.0,0.0,1.0,5.0,0.0,0.0,0.0,372.66816768562103,373.4573603419016,0.0,60.0
0.1697,0.8063632557763164,373.5517200546775,1.0,0.0,1.0,5.0,0.0,0.0,0.0,372.66816768562103,373.4573603419016,0.0,60.0
0.1698,0.8437183754922921,373.55076416959923,1.0,0.0,1.0,5.0,0.0,0.0,0.0,372.66816768562103,373.4573603419016,0.0,60.0
0.1699,0.8810734318345681,373.5504876291595,1.0,0.0,1.0,5.0,0.0,0.0,0.0,372.66816768562103,373.4573603419016,0.0,60.0
0.17,0.9184284805974567,373.5504876291595,1.0,0.0,1.0,5.0,0.0,0.0,0.0,372.66816768562103,373.4573603419016,0.0,60.0
0.1701,0.955783529360335,373.5504876291595,1.0,0.0,1.0,5.0,0.0,0.0,0.0,372.66816768562103,373.4573603419016,0.0,60.0
0.1702,0.9931385781232132,373.5504876291595,1.0,0.0,1.0,5.0,0.0,0.0,0.0,372.66816768562103,373.4573603419016,0.0,60.0
0.1703,1.0304936268861025,373.5504876291595,1.0,0.0,1.0,5.0,0.0,0.0,0.0,372.66816768562103,373.4573603419016,0.0,60.0
0.1704,1.0678486756489816,373.5504876291595,0.0,0.0,1.0,1.0,0.0,0.0,0.0,373.9991254273567,373.59280161326535,0.0,61.0
0.1705,1.105203724411871,373.5504876291595,0.0,0.0,1.0,1.0,0.0,0.0,0.0,373.9991254273567,373.59280161326535,0.0,61.0
0.1706,1.1425587731747502,373.5504876291595,0.0,0.0,1.0,1.0,0.0,0.0,0.0,373.9991254273567,373.59280161326535,0.0,61.0
0.1707,1.1799138219376293,373.5504876291595,0.0,0.0,1.0,1.0,0.0,0.0,0.0,373.9991254273567,373.59280161326535,0.0,61.0
0.1708,1.2172688707005188,373.5504876291595,0.0,0.0,1.0,1.0,0.0,0.0,0.0,373.9991254273567,373.59280161326535,0.0,61.0
0.1709,1.254623919463398,373.5504876291595,0.0,0.0,1.0,1.0,0.0,0.0,0.0,373.9991254273567,373.59280161326535,0.0,61.0
0.171,1.2919789682262874,373.5504876291595,0.0,0.0,1.0,1.0,0.0,0.0,0.0,373.9991254273567,373.59280161326535,0.0,61.0
0.1711,1.329334016981496,373.55048645328606,0.0,0.0,1.0,1.0,0.0,0.0,0.0,373.9991254273567,373.59280161326535,0.0,61.0
0.1712,1.3666890616825156,373.5503602890804,0.0,0.0,1.0,1.0,0.0,0.0,0.0,373.9991254273567,373.59280161326535,0.0,61.0
0.1713,1.4040440748039915,373.54981413109095,0.0,0.0,1.0,1.0,0.0,0.0,0.0,373.9991254273567,373.59280161326535,0.0,61.0
0.1714,1.4413990065262146,373.548741497157,0.0,0.0,1.0,1.0,0.0,0.0,0.0,373.9991254273567,373.59280161326535,0.0,61.0
0.1715,1.4787538143895678,373.547426574338,0.0,0.0,1.0,1.0,0.0,0.0,0.0,373.9991254273567,373.59280161326535,0.0,61.0
0.1716,1.516108511429858,373.54672263362505,0.0,0.0,1.0,1.0,0.0,0.0,0.0,373.9991254273567,373.59280161326535,0.0,61.0
0.1717,1.5534631836931816,373.54672263362505,0.0,0.0,1.0,1.0,0.0,0.0,0.0,373.9991254273567,373.59280161326535,0.0,61.0
0.1718,1.5908178559565154,373.54672263362505,0.0,0.0,1.0,1.0,0.0,0.0,0.0,373.9991254273567,373.59280161326535,0.0,61.0
0.1719,1.628172528219839,373.54672263362505,0.0,0.0,1.0,1.0,0.0,0.0,0.0,373.9991254273567,373.59280161326535,0.0,61.0
0.172,1.6655272004831625,373.54672263362505,0.0,0.0,1.0,1.0,0.0,0.0,0.0,373.9991254273567,373.59280161326535,0.0,61.0
0.1721,1.7028818724828447,373.546703598848,0.0,0.0,1.0,1.0,0.0,0.0,0.0,373.9991254273567,373.59280161326535,0.0,61.0
0.1722,1.7402365305250072,373.5463738486098,0.0,0.0,1.0,1.0,0.0,0.0,0.0,373.9991254273567,373.59280161326535,0.0,61.0
0.1723,1.7775911291584787,373.5455138017506,0.0,0.0,1.0,1.0,0.0,0.0,0.0,373.9991254273567,373.59280161326535,0.0,61.0
0.1724,1.8149456201779388,373.54426692345174,0.0,0.0,1.0,1.0,0.0,0.0,0.0,373.9991254273567,373.59280161326535,0.0,61.0
0.1725,1.852299980922758,373.542972963947,0.0,0.0,1.0,1.0,0.0,0.0,0.0,373.9991254273567,373.59280161326535,0.0,61.0
0.1726,1.889654226308489,373.5420234491853,0.0,0.0,1.0,1.0,0.0,0.0,0.0,373.9991254273567,373.59280161326535,0.0,61.0
0.1727,1.9270084086478254,373.54174774738357,0.0,0.0,1.0,1.0,0.0,0.0,0.0,373.9991254273567,373.59280161326535,0.0,61.0
0.1728,1.9643625834225353,373.54174774738357,0.0,0.0,1.0,1.0,0.0,0.0,0.0,373.9991254273567,373.59280161326535,0.0,61.0
0.1729,2.0017167581972353,373.54174774738357,0.0,0.0,1.0,1.0,0.0,0.0,0.0,373.9991254273567,373.59280161326535,0.0,61.0
0.173,2.0390709329719394,373.54174774738357,0.0,0.0,1.0,1.0,0.0,0.0,0.0,373.9991254273567,373.59280161326535,0.0,61.0
0.1731,2.076425107746654,373.54174774738357,0.0,0.0,1.0,1.0,0.0,0.0,0.0,373.9991254273567,373.59280161326535,0.0,61.0
0.1732,2.113779282521358,373.54174774738357,0.0,1.0,1.0,3.0,0.0,0.0,0.0,373.9991254273567,373.69438256678825,0.0,62.0
0.1733,2.1511334572960723,373.54174774738357,0.0,1.0,1.0,3.0,0.0,0.0,0.0,373.9991254273567,373.69438256678825,0.0,62.0
0.1734,2.1884876320707765,373.54174774738357,0.0,1.0,1.0,3.0,0.0,0.0,0.0,373.9991254273567,373.69438256678825,0.0,62.0
0.1735,2.2258418068454806,373.54174774738357,0.0,1.0,1.0,3.0,0.0,0.0,0.0,373.9991254273567,373.69438256678825,0.0,62.0
0.1736,2.263195981620195,373.54174774738357,0.0,1.0,1.0,3.0,0.0,0.0,0.0,373.9991254273567,373.69438256678825,0.0,62.0
0.1737,2.300550156394899,373.54174774738357,0.0,1.0,1.0,3.0,0.0,0.0,0.0,373.9991254273567,373.69438256678825,0.0,62.0
0.1738,2.3379043311696135,373.54174774738357,0.0,1.0,1.0,3.0,0.0,0.0,0.0,373.9991254273567,373.69438256678825,0.0,62.0
0.1739,2.3752585059408164,373.54174709481646,0.0,1.0,1.0,3.0,0.0,0.0,0.0,373.9991254273567,373.69438256678825,0.0,62.0
0.174,2.4126126772165306,373.5416338902537,0.0,1.0,1.0,3.0,0.0,0.0,0.0,373.9991254273567,373.69438256678825,0.0,62.0
0.1741,2.4499668189320327,373.5411139581445,0.0,1.0,1.0,3.0,0.0,0.0,0.0,373.9991254273567,373.69438256678825,0.0,62.0
0.1742,2.487320882134935,373.5400706149286,0.0,1.0,1.0,3.0,0.0,0.0,0.0,373.9991254273567,373.69438256678825,0.0,62.0
0.1743,2.5246748239004244,373.53877155793117,0.0,1.0,1.0,3.0,0.0,0.0,0.0,373.9991254273567,373.69438256678825,0.0,62.0
0.1744,2.562028654846684,373.53804850324815,0.0,1.0,1.0,3.0,0.0,0.0,0.0,373.9991254273567,373.69438256678825,0.0,62.0
0.1745,2.599382459696969,373.53804850324815,0.0,1.0,1.0,3.0,0.0,0.0,0.0,373.9991254273567,373.69438256678825,0.0,62.0
0.1746,2.6367362645472636,373.53804850324815,0.0,1.0,1.0,3.0,0.0,0.0,0.0,373.9991254273567,373.69438256678825,0.0,62.0
0.1747,2.6740900693975482,373.53804850324815,0.0,1.0,1.0,3.0,0.0,0.0,0.0,373.9991254273567,373.69438256678825,0.0,62.0
0.1748,2.711443874247843,373.53804850324815,0.0,1.0,1.0,3.0,0.0,0.0,0.0,373.9991254273567,373.69438256678825,0.0,62.0
0.1749,2.7487976789045185,373.5380333704814,0.0,1.0,1.0,3.0,0.0,0.0,0.0,373.9991254273567,373.69438256678825,0.0,62.0
0.175,2.7861514709040884,373.5377253105573,0.0,1.0,1.0,3.0,0.0,0.0,0.0,373.9991254273567,373.69438256678825,0.0,62.0
0.1751,2.8235052060489045,373.53689246794045,0.0,1.0,1.0,3.0,0.0,0.0,0.0,373.9991254273567,373.69438256678825,0.0,62.0
0.1752,2.8608588361376563,373.53566840819,0.0,1.0,1.0,3.0,0.0,0.0,0.0,373.9991254273567,373.69438256678825,0.0,62.0
0.1753,2.8982123378191766,373.53438867905254,0.0,1.0,1.0,3.0,0.0,0.0,0.0,373.9991254273567,373.69438256678825,0.0,62.0
0.1754,2.9355657251221836,373.5334448065038,0.0,1.0,1.0,3.0,0.0,0.0,0.0,373.9991254273567,373.69438256678825,0.0,62.0
0.1755,2.972919049615855,373.53316906820686,0.0,1.0,1.0,3.0,0.0,0.0,0.0,373.9991254273567,373.69438256678825,0.0,62.0
0.1756,3.010272366522646,373.53316906820686,0.0,1.0,1.0,3.0,0.0,0.0,0.0,373.9991254273567,373.69438256678825,0.0,62.0
0.1757,3.0476256834294273,373.53316906820686,0.0,1.0,1.0,3.0,0.0,0.0,0.0,373.9991254273567,373.69438256678825,0.0,62.0
0.1758,3.0849790003362183,373.53316906820686,0.0,1.0,1.0,3.0,0.0,0.0,0.0,373.9991254273567,373.69438256678825,0.0,62.0
0.1759,3.1223323172429995,373.53316906820686,0.0,1.0,1.0,3.0,0.0,0.0,0.0,373.9991254273567,373.69438256678825,0.0,62.0
0.176,-3.1234996730298055,373.53316906820686,0.0,1.0,0.0,2.0,0.0,0.0,0.0,372.66816768562103,373.4378288464965,0.0,63.0
0.1761,-3.0861463561230145,373.53316906820686,0.0,1.0,0.0,2.0,0.0,0.0,0.0,372.66816768562103,373.4378288464965,0.0,63.0
0.1762,-3.0487930392162332,373.53316906820686,0.0,1.0,0.0,2.0,0.0,0.0,0.0,372.66816768562103,373.4378288464965,0.0,63.0
0.1763,-3.0114397223094422,373.53316906820686,0.0,1.0,0.0,2.0,0.0,0.0,0.0,372.66816768562103,373.4378288464965,0.0,63.0
0.1764,-2.974086405402661,373.53316906820686,0.0,1.0,0.0,2.0,0.0,0.0,0.0,372.66816768562103,373.4378288464965,0.0,63.0
0.1765,-2.9367330884958798,373.53316906820686,0.0,1.0,0.0,2.0,0.0,0.0,0.0,372.66816768562103,373.4378288464965,0.0,63.0
0.1766,-2.8993797715890888,373.53316906820686,0.0,1.0,0.0,2.0,0.0,0.0,0.0,372.66816768562103,373.4378288464965,0.0,63.0
0.1767,-2.86202645468361,373.53316875722874,0.0,1.0,0.0,2.0,0.0,0.0,0.0,372.66816768562103,373.4378288464965,0.0,63.0
0.1768,-2.8246731407680175,373.53306782151986,0.0,1.0,0.0,2.0,0.0,0.0,0.0,372.66816768562103,373.4378288464965,0.0,63.0
0.1769,-2.7873198544468853,373.5325737455132,0.0,1.0,0.0,2.0,0.0,0.0,0.0,372.66816768562103,373.4378288464965,0.0,63.0
0.177,-2.749966643771239,373.53155966802626,0.0,1.0,0.0,2.0,0.0,0.0,0.0,372.66816768562103,373.4378288464965,0.0,63.0
0.1771,-2.712613552099716,373.53027671375776,0.0,1.0,0.0,2.0,0.0,0.0,0.0,372.66816768562103,373.4378288464965,0.0,63.0
0.1772,-2.67526057121641,373.5295340242089,0.0,1.0,0.0,2.0,0.0,0.0,0.0,372.66816768562103,373.4378288464965,0.0,63.0
0.1773,-2.637907617838321,373.5295337799114,0.0,1.0,0.0,2.0,0.0,0.0,0.0,372.66816768562103,373.4378288464965,0.0,63.0
0.1774,-2.6005546644603696,373.5295337799114,0.0,1.0,0.0,2.0,0.0,0.0,0.0,372.66816768562103,373.4378288464965,0.0,63.0
0.1775,-2.563201711082418,373.5295337799114,0.0,1.0,0.0,2.0,0.0,0.0,0.0,372.66816768562103,373.4378288464965,0.0,63.0
0.1776,-2.5258487577044555,373.5295337799114,0.0,1.0,0.0,2.0,0.0,0.0,0.0,372.66816768562103,373.4378288464965,0.0,63.0
0.1777,-2.488495804464356,373.52952202359296,0.0,1.0,0.0,2.0,0.0,0.0,0.0,372.66816768562103,373.4378288464965,0.0,63.0
0.1778,-2.451142862645894,373.52923522744186,0.0,1.0,0.0,2.0,0.0,0.0,0.0,372.66816768562103,373.4378288464965,0.0,63.0
0.1779,-2.4137899751472687,373.52842955614545,0.0,1.0,0.0,2.0,0.0,0.0,0.0,372.66816768562103,373.4378288464965,0.0,63.0
0.178,-2.3764371901477723,373.5272282728838,0.0,1.0,0.0,2.0,0.0,0.0,0.0,372.66816768562103,373.4378288464965,0.0,63.0
0.1781,-2.3390845317038926,373.52596247057124,0.0,1.0,0.0,2.0,0.0,0.0,0.0,372.66816768562103,373.4378288464965,0.0,63.0
0.1782,-2.301731986706687,373.52502355920427,0.0,1.0,0.0,2.0,0.0,0.0,0.0,372.66816768562103,373.4378288464965,0.0,63.0
0.1783,-2.264379504367461,373.5247469411,0.0,1.0,0.0,2.0,0.0,0.0,0.0,372.66816768562103,373.4378288464965,0.0,63.0
0.1784,-2.227027029673382,373.5247469411,0.0,1.0,0.0,2.0,0.0,0.0,0.0,372.66816768562103,373.4378288464965,0.0,63.0
0.1785,-2.1896745549793137,373.5247469411,0.0,1.0,0.0,2.0,0.0,0.0,0.0,372.66816768562103,373.4378288464965,0.0,63.0
0.1786,-2.1523220802852348,373.5247469411,0.0,1.0,0.0,2.0,0.0,0.0,0.0,372.66816768562103,373.4378288464965,0.0,63.0
0.1787,-2.1149696055911664,373.5247469411,0.0,1.0,0.0,2.0,0.0,0.0,0.0,372.66816768562103,373.4378288464965,0.0,63.0
0.1788,-2.077617130897098,373.5247469411,1.0,1.0,0.0,6.0,0.0,0.0,0.0,373.9991254273567,373.5781529917116,0.0,64.0
0.1789,-2.040264656203019,373.5247469411,1.0,1.0,0.0,6.0,0.0,0.0,0.0,373.9991254273567,373.5781529917116,0.0,64.0
0.179,-2.002912181508951,373.5247469411,1.0,1.0,0.0,6.0,0.0,0.0,0.0,373.9991254273567,373.5781529917116,0.0,64.0
0.1791,-1.9655597068148705,373.5247469411,1.0,1.0,0.0,6.0,0.0,0.0,0.0,373.9991254273567,373.5781529917116,0.0,64.0
0.1792,-1.9282072321208001,373.5247469411,1.0,1.0,0.0,6.0,0.0,0.0,0.0,373.9991254273567,373.5781529917116,0.0,64.0
0.1793,-1.8908547574267298,373.5247469411,1.0,1.0,0.0,6.0,0.0,0.0,0.0,373.9991254273567,373.5781529917116,0.0,64.0
0.1794,-1.853502282732649,373.5247469411,1.0,1.0,0.0,6.0,0.0,0.0,0.0,373.9991254273567,373.5781529917116,0.0,64.0
0.1795,-1.8161498080389258,373.52474682639547,1.0,1.0,0.0,6.0,0.0,0.0,0.0,373.9991254273567,373.5781529917116,0.0,64.0
0.1796,-1.7787973358810274,373.5246574424074,1.0,1.0,0.0,6.0,0.0,0.0,0.0,373.9991254273567,373.5781529917116,0.0,64.0
0.1797,-1.7414448894077932,373.5241888326861,1.0,1.0,0.0,6.0,0.0,0.0,0.0,373.9991254273567,373.5781529917116,0.0,64.0
0.1798,-1.7040925157336198,373.5232039963138,1.0,1.0,0.0,6.0,0.0,0.0,0.0,373.9991254273567,373.5781529917116,0.0,64.0
0.1799,-1.6667402586166427,373.5219374205067,1.0,1.0,0.0,6.0,0.0,0.0,0.0,373.9991254273567,373.5781529917116,0.0,64.0
0.18,-1.629388112222215,373.5211754106884,1.0,1.0,0.0,6.0,0.0,0.0,0.0,373.9991254273567,373.5781529917116,0.0,64.0
0.1801,-1.5920359948321747,373.52117388057957,1.0,1.0,0.0,6.0,0.0,0.0,0.0,373.9991254273567,373.5781529917116,0.0,64.0
0.1802,-1.5546838774441558,373.52117388057957,1.0,1.0,0.0,6.0,0.0,0.0,0.0,373.9991254273567,373.5781529917116,0.0,64.0
0.1803,-1.517331760056137,373.52117388057957,1.0,1.0,0.0,6.0,0.0,0.0,0.0,373.9991254273567,373.5781529917116,0.0,64.0
0.1804,-1.4799796426681076,373.52117388057957,1.0,1.0,0.0,6.0,0.0,0.0,0.0,373.9991254273567,373.5781529917116,0.0,64.0
0.1805,-1.4426275253746785,373.52116499672087,1.0,1.0,0.0,6.0,0.0,0.0,0.0,373.9991254273567,373.5781529917116,0.0,64.0
0.1806,-1.4052754183342744,373.5208989991299,1.0,1.0,0.0,6.0,0.0,0.0,0.0,373.9991254273567,373.5781529917116,0.0,64.0
0.1807,-1.3679233630997556,373.52012046373557,1.0,1.0,0.0,6.0,0.0,0.0,0.0,373.9991254273567,373.5781529917116,0.0,64.0
0.1808,-1.3305714078073174,373.5189419385966,1.0,1.0,0.0,6.0,0.0,0.0,0.0,373.9991254273567,373.5781529917116,0.0,64.0
0.1809,-1.2932195772314166,373.51768979912595,1.0,1.0,0.0,6.0,0.0,0.0,0.0,373.9991254273567,373.5781529917116,0.0,64.0
0.181,-1.2558678592147354,373.51675521453757,1.0,1.0,0.0,6.0,0.0,0.0,0.0,373.9991254273567,373.5781529917116,0.0,64.0
0.1811,-1.2185162037859059,373.51647690052357,1.0,1.0,0.0,6.0,0.0,0.0,0.0,373.9991254273567,373.5781529917116,0.0,64.0
0.1812,-1.181164556095894,373.51647690052357,1.0,1.0,0.0,6.0,0.0,0.0,0.0,373.9991254273567,373.5781529917116,0.0,64.0
0.1813,-1.1438129084058823,373.51647690052357,1.0,1.0,0.0,6.0,0.0,0.0,0.0,373.9991254273567,373.5781529917116,0.0,64.0
0.1814,-1.1064612607158604,373.51647690052357,1.0,1.0,0.0,6.0,0.0,0.0,0.0,373.9991254273567,373.5781529917116,0.0,64.0
0.1815,-1.0691096130258486,373.51647690052357,1.0,1.0,0.0,6.0,0.0,0.0,0.0,373.9991254273567,373.5781529917116,0.0,64.0
0.1816,-1.0317579653358266,373.51647690052357,1.0,0.0,0.0,4.0,0.0,0.0,0.0,373.9991254273567,373.6833961006229,0.0,65.0
0.1817,-0.9944063176458146,373.51647690052357,1.0,0.0,0.0,4.0,0.0,0.0,0.0,373.9991254273567,373.6833961006229,0.0,65.0
0.1818,-0.9570546699557988,373.51647690052357,1.0,0.0,0.0,4.0,0.0,0.0,0.0,373.9991254273567,373.6833961006229,0.0,65.0
0.1819,-0.9197030222657726,373.51647690052357,1.0,0.0,0.0,4.0,0.0,0.0,0.0,373.9991254273567,373.6833961006229,0.0,65.0
0.182,-0.8823513745757569,373.51647690052357,1.0,0.0,0.0,4.0,0.0,0.0,0.0,373.9991254273567,373.6833961006229,0.0,65.0
0.1821,-0.8449997268857307,373.51647690052357,1.0,0.0,0.0,4.0,0.0,0.0,0.0,373.9991254273567,373.6833961006229,0.0,65.0
0.1822,-0.8076480791957149,373.51647690052357,1.0,0.0,0.0,4.0,0.0,0.0,0.0,373.9991254273567,373.6833961006229,0.0,65.0
0.1823,-0.7702964315057442,373.51647687549126,1.0,0.0,0.0,4.0,0.0,0.0,0.0,373.9991254273567,373.6833961006229,0.0,65.0
0.1824,-0.7329447859471122,373.51639829957,1.0,0.0,0.0,4.0,0.0,0.0,0.0,373.9991254273567,373.6833961006229,0.0,65.0
0.1825,-0.6955931642217944,373.51595474528983,1.0,0.0,0.0,4.0,0.0,0.0,0.0,373.9991254273567,373.6833961006229,0.0,65.0
0.1826,-0.6582416124710515,373.5149991236766,1.0,0.0,0.0,4.0,0.0,0.0,0.0,373.9991254273567,373.6833961006229,0.0,65.0
0.1827,-0.620890174815443,373.51374923739024,1.0,0.0,0.0,4.0,0.0,0.0,0.0,373.9991254273567,373.6833961006229,0.0,65.0
0.1828,-0.5835388477758343,373.51296836941884,1.0,0.0,0.0,4.0,0.0,0.0,0.0,373.9991254273567,373.6833961006229,0.0,65.0
0.1829,-0.5461875513269845,373.5129644039534,1.0,0.0,0.0,4.0,0.0,0.0,0.0,373.9991254273567,373.6833961006229,0.0,65.0
0.183,-0.5088362548866278,373.5129644039534,1.0,0.0,0.0,4.0,0.0,0.0,0.0,373.9991254273567,373.6833961006229,0.0,65.0
0.1831,-0.4714849584462599,373.5129644039534,1.0,0.0,0.0,4.0,0.0,0.0,0.0,373.9991254273567,373.6833961006229,0.0,65.0
0.1832,-0.43413366200590214,373.5129644039534,1.0,0.0,0.0,4.0,0.0,0.0,0.0,373.9991254273567,373.6833961006229,0.0,65.0
0.1833,-0.3967823656275769,373.5129579141859,1.0,0.0,0.0,4.0,0.0,0.0,0.0,373.9991254273567,373.6833961006229,0.0,65.0
0.1834,-0.35943107840213323,373.51271220894694,1.0,0.0,0.0,4.0,0.0,0.0,0.0,373.9991254273567,373.6833961006229,0.0,65.0
0.1835,-0.32207984049178845,373.5119607698881,1.0,0.0,0.0,4.0,0.0,0.0,0.0,373.9991254273567,373.6833961006229,0.0,65.0
0.1836,-0.2847286999653255,373.5108050071243,1.0,0.0,0.0,4.0,0.0,0.0,0.0,373.9991254273567,373.6833961006229,0.0,65.0
0.1837,-0.247377682325723,373.5095663054108,1.0,0.0,0.0,4.0,0.0,0.0,0.0,373.9991254273567,373.6833961006229,0.0,65.0
0.1838,-0.21002677639793668,373.50863545938665,1.0,0.0,0.0,4.0,0.0,0.0,0.0,373.9991254273567,373.6833961006229,0.0,65.0
0.1839,-0.17267593306478116,373.5083546564701,1.0,0.0,0.0,4.0,0.0,0.0,0.0,373.9991254273567,373.6833961006229,0.0,65.0
0.184,-0.1353250975991718,373.5083546564701,1.0,0.0,0.0,4.0,0.0,0.0,0.0,373.9991254273567,373.6833961006229,0.0,65.0
0.1841,-0.09797426213355208,373.5083546564701,1.0,0.0,0.0,4.0,0.0,0.0,0.0,373.9991254273567,373.6833961006229,0.0,65.0
0.1842,-0.060623426667942716,373.5083546564701,1.0,0.0,0.0,4.0,0.0,0.0,0.0,373.9991254273567,373.6833961006229,0.0,65.0
0.1843,-0.02327259120233343,373.5083546564701,1.0,0.0,0.0,4.0,0.0,0.0,0.0,373.9991254273567,373.6833961006229,0.0,65.0
0.1844,0.01407824426328621,373.5083546564701,1.0,0.0,1.0,5.0,0.0,0.0,0.0,372.66816768562103,373.42958899687244,0.0,66.0
0.1845,0.05142907972889548,373.5083546564701,1.0,0.0,1.0,5.0,0.0,0.0,0.0,372.66816768562103,373.42958899687244,0.0,66.0
0.1846,0.08877991519450482,373.5083546564701,1.0,0.0,1.0,5.0,0.0,0.0,0.0,372.66816768562103,373.42958899687244,0.0,66.0
0.1847,0.12613075066012452,373.5083546564701,1.0,0.0,1.0,5.0,0.0,0.0,0.0,372.66816768562103,373.42958899687244,0.0,66.0
0.1848,0.16348158612573388,373.5083546564701,1.0,0.0,1.0,5.0,0.0,0.0,0.0,372.66816768562103,373.42958899687244,0.0,66.0
0.1849,0.2008324215913536,373.5083546564701,1.0,0.0,1.0,5.0,0.0,0.0,0.0,372.66816768562103,373.42958899687244,0.0,66.0
0.185,0.23818325705696294,373.5083546564701,1.0,0.0,1.0,5.0,0.0,0.0,0.0,372.66816768562103,373.42958899687244,0.0,66.0
0.1851,0.2755340925225721,373.508354655544,1.0,0.0,1.0,5.0,0.0,0.0,0.0,372.66816768562103,373.42958899687244,0.0,66.0
0.1852,0.31288492621413755,373.50828611736836,1.0,0.0,1.0,5.0,0.0,0.0,0.0,372.66816768562103,373.42958899687244,0.0,66.0
0.1853,0.3502357378627684,373.50786718570214,1.0,0.0,1.0,5.0,0.0,0.0,0.0,372.66816768562103,373.42958899687244,0.0,66.0
0.1854,0.3875864823379301,373.50694074865817,1.0,0.0,1.0,5.0,0.0,0.0,0.0,372.66816768562103,373.42958899687244,0.0,66.0
0.1855,0.4249371151964366,373.50570789479025,1.0,0.0,1.0,5.0,0.0,0.0,0.0,372.66816768562103,373.42958899687244,0.0,66.0
0.1856,0.46228763759213426,373.5049087178071,1.0,0.0,1.0,5.0,0.0,0.0,0.0,372.66816768562103,373.42958899687244,0.0,66.0
0.1857,0.4996381277269635,373.5049011212037,1.0,0.0,1.0,5.0,0.0,0.0,0.0,372.66816768562103,373.42958899687244,0.0,66.0
0.1858,0.536988617839046,373.5049011212037,1.0,0.0,1.0,5.0,0.0,0.0,0.0,372.66816768562103,373.42958899687244,0.0,66.0
0.1859,0.5743391079511387,373.5049011212037,1.0,0.0,1.0,5.0,0.0,0.0,0.0,372.66816768562103,373.42958899687244,0.0,66.0
0.186,0.6116895980632212,373.5049011212037,1.0,0.0,1.0,5.0,0.0,0.0,0.0,372.66816768562103,373.42958899687244,0.0,66.0
0.1861,0.6490400881368577,373.50489657700166,1.0,0.0,1.0,5.0,0.0,0.0,0.0,372.66816768562103,373.42958899687244,0.0,66.0
0.1862,0.6863905700880211,373.50467061449496,1.0,0.0,1.0,5.0,0.0,0.0,0.0,372.66816768562103,373.42958899687244,0.0,66.0
0.1863,0.7237410051893184,373.5039462263236,1.0,0.0,1.0,5.0,0.0,0.0,0.0,372.66816768562103,373.42958899687244,0.0,66.0
0.1864,0.7610913454669296,373.502813251675,1.0,0.0,1.0,5.0,0.0,0.0,0.0,372.66816768562103,373.42958899687244,0.0,66.0
0.1865,0.7984415646810681,373.50158780084405,1.0,0.0,1.0,5.0,0.0,0.0,0.0,372.66816768562103,373.42958899687244,0.0,66.0
0.1866,0.8357916729949846,373.50066015092756,1.0,0.0,1.0,5.0,0.0,0.0,0.0,372.66816768562103,373.42958899687244,0.0,66.0
0.1867,0.8731417186348642,373.5003760856009,1.0,0.0,1.0,5.0,0.0,0.0,0.0,372.66816768562103,373.42958899687244,0.0,66.0
0.1868,0.9104917562433866,373.5003760856009,1.0,0.0,1.0,5.0,0.0,0.0,0.0,372.66816768562103,373.42958899687244,0.0,66.0
0.1869,0.9478417938519192,373.5003760856009,1.0,0.0,1.0,5.0,0.0,0.0,0.0,372.66816768562103,373.42958899687244,0.0,66.0
0.187,0.9851918314604416,373.5003760856009,1.0,0.0,1.0,5.0,0.0,0.0,0.0,372.66816768562103,373.42958899687244,0.0,66.0
0.1871,1.0225418690689636,373.5003760856009,1.0,0.0,1.0,5.0,0.0,0.0,0.0,372.66816768562103,373.42958899687244,0.0,66.0
0.1872,1.0598919066774952,373.5003760856009,0.0,0.0,1.0,1.0,0.0,0.0,0.0,373.9991254273567,373.5719731044935,0.0,67.0
0.1873,1.0972419442860166,373.5003760856009,0.0,0.0,1.0,1.0,0.0,0.0,0.0,373.9991254273567,373.5719731044935,0.0,67.0
0.1874,1.1345919818945482,373.5003760856009,0.0,0.0,1.0,1.0,0.0,0.0,0.0,373.9991254273567,373.5719731044935,0.0,67.0
0.1875,1.1719420195030696,373.5003760856009,0.0,0.0,1.0,1.0,0.0,0.0,0.0,373.9991254273567,373.5719731044935,0.0,67.0
0.1876,1.209292057111591,373.5003760856009,0.0,0.0,1.0,1.0,0.0,0.0,0.0,373.9991254273567,373.5719731044935,0.0,67.0
0.1877,1.2466420947201227,373.5003760856009,0.0,0.0,1.0,1.0,0.0,0.0,0.0,373.9991254273567,373.5719731044935,0.0,67.0
0.1878,1.283992132328644,373.5003760856009,0.0,0.0,1.0,1.0,0.0,0.0,0.0,373.9991254273567,373.5719731044935,0.0,67.0
0.1879,1.3213421699371757,373.5003760856009,0.0,0.0,1.0,1.0,0.0,0.0,0.0,373.9991254273567,373.5719731044935,0.0,67.0
0.188,1.3586922060845377,373.5003167890447,0.0,0.0,1.0,1.0,0.0,0.0,0.0,373.9991254273567,373.5719731044935,0.0,67.0
0.1881,1.39604222191581,373.49992202425705,0.0,0.0,1.0,1.0,0.0,0.0,0.0,373.9991254273567,373.5719731044935,0.0,67.0
0.1882,1.4333921733497803,373.4990247356947,0.0,0.0,1.0,1.0,0.0,0.0,0.0,373.9991254273567,373.5719731044935,0.0,67.0
0.1883,1.470742015662937,373.4978092855133,0.0,0.0,1.0,1.0,0.0,0.0,0.0,373.9991254273567,373.5719731044935,0.0,67.0
0.1884,1.5080917477184963,373.4969924306882,0.0,0.0,1.0,1.0,0.0,0.0,0.0,373.9991254273567,373.5719731044935,0.0,67.0
0.1885,1.5454414457634933,373.4969799672876,0.0,0.0,1.0,1.0,0.0,0.0,0.0,373.9991254273567,373.5719731044935,0.0,67.0
0.1886,1.5827911437601827,373.4969799672876,0.0,0.0,1.0,1.0,0.0,0.0,0.0,373.9991254273567,373.5719731044935,0.0,67.0
0.1887,1.6201408417568823,373.4969799672876,0.0,0.0,1.0,1.0,0.0,0.0,0.0,373.9991254273567,373.5719731044935,0.0,67.0
0.1888,1.6574905397535717,373.4969799672876,0.0,0.0,1.0,1.0,0.0,0.0,0.0,373.9991254273567,373.5719731044935,0.0,67.0
0.1889,1.6948402377281202,373.49697695437504,0.0,0.0,1.0,1.0,0.0,0.0,0.0,373.9991254273567,373.5719731044935,0.0,67.0
0.189,1.7321899285399422,373.49677013905574,0.0,0.0,1.0,1.0,0.0,0.0,0.0,373.9991254273567,373.5719731044935,0.0,67.0
0.1891,1.7695395749389813,373.4960727486275,0.0,0.0,1.0,1.0,0.0,0.0,0.0,373.9991254273567,373.5719731044935,0.0,67.0
0.1892,1.80688912907726,373.4949626081339,0.0,0.0,1.0,1.0,0.0,0.0,0.0,373.9991254273567,373.5719731044935,0.0,67.0
0.1893,1.844238563972121,373.49375025880954,0.0,0.0,1.0,1.0,0.0,0.0,0.0,373.9991254273567,373.5719731044935,0.0,67.0
0.1894,1.8815878887467774,373.4928253078716,0.0,0.0,1.0,1.0,0.0,0.0,0.0,373.9991254273567,373.5719731044935,0.0,67.0
0.1895,1.9189371506995483,373.492537222932,0.0,0.0,1.0,1.0,0.0,0.0,0.0,373.9991254273567,373.5719731044935,0.0,67.0
0.1896,1.9562864044218045,373.492537222932,0.0,0.0,1.0,1.0,0.0,0.0,0.0,373.9991254273567,373.5719731044935,0.0,67.0
0.1897,1.9936356581440708,373.492537222932,0.0,0.0,1.0,1.0,0.0,0.0,0.0,373.9991254273567,373.5719731044935,0.0,67.0
0.1898,2.030984911866329,373.492537222932,0.0,0.0,1.0,1.0,0.0,0.0,0.0,373.9991254273567,373.5719731044935,0.0,67.0
0.1899,2.0683341655885976,373.492537222932,0.0,0.0,1.0,1.0,0.0,0.0,0.0,373.9991254273567,373.5719731044935,0.0,67.0
0.19,2.105683419310856,373.492537222932,0.0,1.0,1.0,3.0,0.0,0.0,0.0,373.999125427353,373.6787611852084,0.0,68.0
0.1901,2.143032673033114,373.492537222932,0.0,1.0,1.0,3.0,0.0,0.0,0.0,373.999125427353,373.6787611852084,0.0,68.0
0.1902,2.180381926755383,373.492537222932,0.0,1.0,1.0,3.0,0.0,0.0,0.0,373.999125427353,373.6787611852084,0.0,68.0
0.1903,2.217731180477641,373.492537222932,0.0,1.0,1.0,3.0,0.0,0.0,0.0,373.999125427353,373.6787611852084,0.0,68.0
0.1904,2.25508043419991,373.492537222932,0.0,1.0,1.0,3.0,0.0,0.0,0.0,373.999125427353,373.6787611852084,0.0,68.0
0.1905,2.292429687922168,373.492537222932,0.0,1.0,1.0,3.0,0.0,0.0,0.0,373.999125427353,373.6787611852084,0.0,68.0
0.1906,2.329778941644426,373.492537222932,0.0,1.0,1.0,3.0,0.0,0.0,0.0,373.999125427353,373.6787611852084,0.0,68.0
0.1907,2.367128195366695,373.492537222932,0.0,1.0,1.0,3.0,0.0,0.0,0.0,373.999125427353,373.6787611852084,0.0,68.0
0.1908,2.4044774478994313,373.49248636844635,0.0,1.0,1.0,3.0,0.0,0.0,0.0,373.999125427353,373.6787611852084,0.0,68.0
0.1909,2.4418266817767975,373.4921152910057,0.0,1.0,1.0,3.0,0.0,0.0,0.0,373.999125427353,373.6787611852084,0.0,68.0
0.191,2.4791758540063764,373.4912471069073,0.0,1.0,1.0,3.0,0.0,0.0,0.0,373.999125427353,373.6787611852084,0.0,68.0
0.1911,2.5165249196290413,373.49004945660437,0.0,1.0,1.0,3.0,0.0,0.0,0.0,373.999125427353,373.6787611852084,0.0,68.0
0.1912,2.5538738752562544,373.48921563215066,0.0,1.0,1.0,3.0,0.0,0.0,0.0,373.999125427353,373.6787611852084,0.0,68.0
0.1913,2.5912227950485396,373.48919703280075,0.0,1.0,1.0,3.0,0.0,0.0,0.0,373.999125427353,373.6787611852084,0.0,68.0
0.1914,2.628571714751777,373.48919703280075,0.0,1.0,1.0,3.0,0.0,0.0,0.0,373.999125427353,373.6787611852084,0.0,68.0
0.1915,2.665920634455025,373.48919703280075,0.0,1.0,1.0,3.0,0.0,0.0,0.0,373.999125427353,373.6787611852084,0.0,68.0
0.1916,2.703269554158262,373.48919703280075,0.0,1.0,1.0,3.0,0.0,0.0,0.0,373.999125427353,373.6787611852084,0.0,68.0
0.1917,2.7406184738499295,373.48919517575166,0.0,1.0,1.0,3.0,0.0,0.0,0.0,373.999125427353,373.6787611852084,0.0,68.0
0.1918,2.7779673872675272,373.4890068635465,0.0,1.0,1.0,3.0,0.0,0.0,0.0,373.999125427353,373.6787611852084,0.0,68.0
0.1919,2.815316258678428,373.4883364081233,0.0,1.0,1.0,3.0,0.0,0.0,0.0,373.999125427353,373.6787611852084,0.0,68.0
0.192,2.852665040394787,373.4872491668806,0.0,1.0,1.0,3.0,0.0,0.0,0.0,373.999125427353,373.6787611852084,0.0,68.0
0.1921,2.890013704687329,373.4860498064434,0.0,1.0,1.0,3.0,0.0,0.0,0.0,373.999125427353,373.6787611852084,0.0,68.0
0.1922,2.927362259612236,373.4851271022543,0.0,1.0,1.0,3.0,0.0,0.0,0.0,373.999125427353,373.6787611852084,0.0,68.0
0.1923,2.964710751503174,373.4848342540295,0.0,1.0,1.0,3.0,0.0,0.0,0.0,373.999125427353,373.6787611852084,0.0,68.0
0.1924,3.0020592349285353,373.4848342540295,0.0,1.0,1.0,3.0,0.0,0.0,0.0,373.999125427353,373.6787611852084,0.0,68.0
0.1925,3.039407718353907,373.4848342540295,0.0,1.0,1.0,3.0,0.0,0.0,0.0,373.999125427353,373.6787611852084,0.0,68.0
0.1926,3.0767562017792685,373.4848342540295,0.0,1.0,1.0,3.0,0.0,0.0,0.0,373.999125427353,373.6787611852084,0.0,68.0
0.1927,3.1141046852046403,373.4848342540295,0.0,1.0,1.0,3.0,0.0,0.0,0.0,373.999125427353,373.6787611852084,0.0,68.0
0.1928,-3.1317321385495847,373.4848342540295,0.0,1.0,0.0,2.0,0.0,0.0,0.0,372.66816768562103,373.42611281031157,0.0,69.0
0.1929,-3.0943836551242234,373.4848342540295,0.0,1.0,0.0,2.0,0.0,0.0,0.0,372.66816768562103,373.42611281031157,0.0,69.0
0.193,-3.0570351716988515,373.4848342540295,0.0,1.0,0.0,2.0,0.0,0.0,0.0,372.66816768562103,373.42611281031157,0.0,69.0
0.1931,-3.0196866882734903,373.4848342540295,0.0,1.0,0.0,2.0,0.0,0.0,0.0,372.66816768562103,373.42611281031157,0.0,69.0
0.1932,-2.9823382048481184,373.4848342540295,0.0,1.0,0.0,2.0,0.0,0.0,0.0,372.66816768562103,373.42611281031157,0.0,69.0
0.1933,-2.944989721422757,373.4848342540295,0.0,1.0,0.0,2.0,0.0,0.0,0.0,372.66816768562103,373.42611281031157,0.0,69.0
0.1934,-2.907641237997396,373.4848342540295,0.0,1.0,0.0,2.0,0.0,0.0,0.0,372.66816768562103,373.42611281031157,0.0,69.0
0.1935,-2.870292754572024,373.4848342540295,0.0,1.0,0.0,2.0,0.0,0.0,0.0,372.66816768562103,373.42611281031157,0.0,69.0
0.1936,-2.8329442721025413,373.4847910622591,0.0,1.0,0.0,2.0,0.0,0.0,0.0,372.66816768562103,373.42611281031157,0.0,69.0
0.1937,-2.795595806696248,373.4844431679874,0.0,1.0,0.0,2.0,0.0,0.0,0.0,372.66816768562103,373.42611281031157,0.0,69.0
0.1938,-2.7582474002167516,373.48360403441023,0.0,1.0,0.0,2.0,0.0,0.0,0.0,372.66816768562103,373.42611281031157,0.0,69.0
0.1939,-2.7208990978117726,373.4824246016858,0.0,1.0,0.0,2.0,0.0,0.0,0.0,372.66816768562103,373.42611281031157,0.0,69.0
0.194,-2.683550905078636,373.48157458789194,0.0,1.0,0.0,2.0,0.0,0.0,0.0,372.66816768562103,373.42611281031157,0.0,69.0
0.1941,-2.646202750073921,373.48154855632936,0.0,1.0,0.0,2.0,0.0,0.0,0.0,372.66816768562103,373.42611281031157,0.0,69.0
0.1942,-2.6088545952183124,373.48154855632936,0.0,1.0,0.0,2.0,0.0,0.0,0.0,372.66816768562103,373.42611281031157,0.0,69.0
0.1943,-2.571506440362714,373.48154855632936,0.0,1.0,0.0,2.0,0.0,0.0,0.0,372.66816768562103,373.42611281031157,0.0,69.0
0.1944,-2.534158285507116,373.48154855632936,0.0,1.0,0.0,2.0,0.0,0.0,0.0,372.66816768562103,373.42611281031157,0.0,69.0
0.1945,-2.49681013065679,373.48154752336995,0.0,1.0,0.0,2.0,0.0,0.0,0.0,372.66816768562103,373.42611281031157,0.0,69.0
0.1946,-2.459461981263014,373.48137701897997,0.0,1.0,0.0,2.0,0.0,0.0,0.0,372.66816768562103,373.42611281031157,0.0,69.0
0.1947,-2.422113871503894,373.4807334242515,0.0,1.0,0.0,2.0,0.0,0.0,0.0,372.66816768562103,373.42611281031157,0.0,69.0
0.1948,-2.3847658488694163,373.47966916510643,0.0,1.0,0.0,2.0,0.0,0.0,0.0,372.66816768562103,373.42611281031157,0.0,69.0
0.1949,-2.347417941836827,373.478482716922,0.0,1.0,0.0,2.0,0.0,0.0,0.0,372.66816768562103,373.42611281031157,0.0,69.0
0.195,-2.310070143442638,373.47756185171943,0.0,1.0,0.0,2.0,0.0,0.0,0.0,372.66816768562103,373.42611281031157,0.0,69.0
0.1951,-2.2727224083546185,373.47726350767795,0.0,1.0,0.0,2.0,0.0,0.0,0.0,372.66816768562103,373.42611281031157,0.0,69.0
0.1952,-2.2353746820038767,373.47726350767795,0.0,1.0,0.0,2.0,0.0,0.0,0.0,372.66816768562103,373.42611281031157,0.0,69.0
0.1953,-2.198026955653145,373.47726350767795,0.0,1.0,0.0,2.0,0.0,0.0,0.0,372.66816768562103,373.42611281031157,0.0,69.0
0.1954,-2.1606792293024135,373.47726350767795,0.0,1.0,0.0,2.0,0.0,0.0,0.0,372.66816768562103,373.42611281031157,0.0,69.0
0.1955,-2.1233315029516717,373.47726350767795,0.0,1.0,0.0,2.0,0.0,0.0,0.0,372.66816768562103,373.42611281031157,0.0,69.0
0.1956,-2.08598377660094,373.47726350767795,1.0,1.0,0.0,6.0,0.0,0.0,0.0,373.9991254273567,373.56936596457285,0.0,70.0
0.1957,-2.0486360502501983,373.47726350767795,1.0,1.0,0.0,6.0,0.0,0.0,0.0,373.9991254273567,373.56936596457285,0.0,70.0
0.1958,-2.0112883238994668,373.47726350767795,1.0,1.0,0.0,6.0,0.0,0.0,0.0,373.9991254273567,373.56936596457285,0.0,70.0
0.1959,-1.9739405975487367,373.47726350767795,1.0,1.0,0.0,6.0,0.0,0.0,0.0,373.9991254273567,373.56936596457285,0.0,70.0
0.196,-1.936592871197997,373.47726350767795,1.0,1.0,0.0,6.0,0.0,0.0,0.0,373.9991254273567,373.56936596457285,0.0,70.0
0.1961,-1.8992451448472676,373.47726350767795,1.0,1.0,0.0,6.0,0.0,0.0,0.0,373.9991254273567,373.56936596457285,0.0,70.0
0.1962,-1.8618974184965278,373.47726350767795,1.0,1.0,0.0,6.0,0.0,0.0,0.0,373.9991254273567,373.56936596457285,0.0,70.0
0.1963,-1.8245496921457984,373.47726350767795,1.0,1.0,0.0,6.0,0.0,0.0,0.0,373.9991254273567,373.56936596457285,0.0,70.0
0.1964,-1.7872019665520886,373.47722722270856,1.0,1.0,0.0,6.0,0.0,0.0,0.0,373.9991254273567,373.56936596457285,0.0,70.0
0.1965,-1.7498542565001596,373.4769019819696,1.0,1.0,0.0,6.0,0.0,0.0,0.0,373.9991254273567,373.56936596457285,0.0,70.0
0.1966,-1.7125066026845057,373.4760918330921,1.0,1.0,0.0,6.0,0.0,0.0,0.0,373.9991254273567,373.56936596457285,0.0,70.0
0.1967,-1.6751590503923293,373.4749310537722,1.0,1.0,0.0,6.0,0.0,0.0,0.0,373.9991254273567,373.56936596457285,0.0,70.0
0.1968,-1.6378116073828457,373.4740656980567,1.0,1.0,0.0,6.0,0.0,0.0,0.0,373.9991254273567,373.56936596457285,0.0,70.0
0.1969,-1.6004642040581962,373.4740309172592,1.0,1.0,0.0,6.0,0.0,0.0,0.0,373.9991254273567,373.56936596457285,0.0,70.0
0.197,-1.5631168009664962,373.4740309172592,1.0,1.0,0.0,6.0,0.0,0.0,0.0,373.9991254273567,373.56936596457285,0.0,70.0
0.1971,-1.5257693978748064,373.4740309172592,1.0,1.0,0.0,6.0,0.0,0.0,0.0,373.9991254273567,373.56936596457285,0.0,70.0
0.1972,-1.4884219947831165,373.4740309172592,1.0,1.0,0.0,6.0,0.0,0.0,0.0,373.9991254273567,373.56936596457285,0.0,70.0
0.1973,-1.451074591693374,373.4740304252802,1.0,1.0,0.0,6.0,0.0,0.0,0.0,373.9991254273567,373.56936596457285,0.0,70.0
0.1974,-1.4137271933132847,373.4738769793922,1.0,1.0,0.0,6.0,0.0,0.0,0.0,373.9991254273567,373.56936596457285,0.0,70.0
0.1975,-1.3763798322331804,373.4732601574132,1.0,1.0,0.0,6.0,0.0,0.0,0.0,373.9991254273567,373.56936596457285,0.0,70.0
0.1976,-1.3390325557038687,373.4722189795985,1.0,1.0,0.0,6.0,0.0,0.0,0.0,373.9991254273567,373.56936596457285,0.0,70.0
0.1977,-1.3016853929495347,373.4710454022141,1.0,1.0,0.0,6.0,0.0,0.0,0.0,373.9991254273567,373.56936596457285,0.0,70.0
0.1978,-1.2643383381236788,373.47012601226976,1.0,1.0,0.0,6.0,0.0,0.0,0.0,373.9991254273567,373.56936596457285,0.0,70.0
0.1979,-1.2269913469321645,373.4698214489834,1.0,1.0,0.0,6.0,0.0,0.0,0.0,373.9991254273567,373.56936596457285,0.0,70.0
0.198,-1.1896443647872912,373.4698214489834,1.0,1.0,0.0,6.0,0.0,0.0,0.0,373.9991254273567,373.56936596457285,0.0,70.0
0.1981,-1.152297382642428,373.4698214489834,1.0,1.0,0.0,6.0,0.0,0.0,0.0,373.9991254273567,373.56936596457285,0.0,70.0
0.1982,-1.114950400497565,373.4698214489834,1.0,1.0,0.0,6.0,0.0,0.0,0.0,373.9991254273567,373.56936596457285,0.0,70.0
0.1983,-1.0776034183526917,373.4698214489834,1.0,1.0,0.0,6.0,0.0,0.0,0.0,373.9991254273567,373.56936596457285,0.0,70.0
0.1984,-1.0402564362078286,373.4698214489834,1.0,0.0,0.0,4.0,0.0,0.0,0.0,372.66816768562103,373.3440663948349,0.0,71.0
0.1985,-1.0029094540629553,373.4698214489834,1.0,0.0,0.0,4.0,0.0,0.0,0.0,372.66816768562103,373.3440663948349,0.0,71.0
0.1986,-0.9655624719180949,373.4698214489834,1.0,0.0,0.0,4.0,0.0,0.0,0.0,372.66816768562103,373.3440663948349,0.0,71.0
0.1987,-0.9282154897732345,373.4698214489834,1.0,0.0,0.0,4.0,0.0,0.0,0.0,372.66816768562103,373.3440663948349,0.0,71.0
0.1988,-0.8908685076283638,373.4698214489834,1.0,0.0,0.0,4.0,0.0,0.0,0.0,372.66816768562103,373.3440663948349,0.0,71.0
0.1989,-0.8535215254835035,373.4698214489834,1.0,0.0,0.0,4.0,0.0,0.0,0.0,372.66816768562103,373.3440663948349,0.0,71.0
0.199,-0.8161745433386327,373.4698214489834,1.0,0.0,0.0,4.0,0.0,0.0,0.0,372.66816768562103,373.3440663948349,0.0,71.0
0.1991,-0.7788275611937724,373.4698214489834,1.0,0.0,0.0,4.0,0.0,0.0,0.0,372.66816768562103,373.3440663948349,0.0,71.0
0.1992,-0.7414805796386427,373.46979134069915,1.0,0.0,0.0,4.0,0.0,0.0,0.0,372.66816768562103,373.3440663948349,0.0,71.0
0.1993,-0.7041336121766258,373.4694881976332,1.0,0.0,0.0,4.0,0.0,0.0,0.0,372.66816768562103,373.3440663948349,0.0,71.0
0.1994,-0.666786698292974,373.46870695384393,1.0,0.0,0.0,4.0,0.0,0.0,0.0,372.66816768562103,373.3440663948349,0.0,71.0
0.1995,-0.629439883363224,373.46756527853756,1.0,0.0,0.0,4.0,0.0,0.0,0.0,372.66816768562103,373.3440663948349,0.0,71.0
0.1996,-0.5920931772577438,373.46668549053277,1.0,0.0,0.0,4.0,0.0,0.0,0.0,372.66816768562103,373.3440663948349,0.0,71.0
0.1997,-0.5547465128495915,373.46664062901544,1.0,0.0,0.0,4.0,0.0,0.0,0.0,372.66816768562103,373.3440663948349,0.0,71.0
0.1998,-0.5173998487867163,373.46664062901544,1.0,0.0,0.0,4.0,0.0,0.0,0.0,372.66816768562103,373.3440663948349,0.0,71.0
0.1999,-0.4800531847238519,373.46664062901544,1.0,0.0,0.0,4.0,0.0,0.0,0.0,372.66816768562103,373.3440663948349,0.0,71.0
0.2,-0.44270652066097765,373.46664062901544,1.0,0.0,0.0,4.0,0.0,0.0,0.0,372.66816768562103,373.3440663948349,0.0,71.0
0.2001,-0.4053598565986278,373.46664044880396,1.0,0.0,0.0,4.0,0.0,0.0,0.0,372.66816768562103,373.3440663948349,0.0,71.0
0.2002,-0.36801319656858117,373.46650325521273,1.0,0.0,0.0,4.0,0.0,0.0,0.0,372.66816768562103,373.3440663948349,0.0,71.0
0.2003,-0.33066657154476536,373.46591310225824,1.0,0.0,0.0,4.0,0.0,0.0,0.0,372.66816768562103,373.3440663948349,0.0,71.0
0.2004,-0.293320028493912,373.464895119967,1.0,0.0,0.0,4.0,0.0,0.0,0.0,372.66816768562103,373.3440663948349,0.0,71.0
0.2005,-0.25597359738356806,373.46373440627326,1.0,0.0,0.0,4.0,0.0,0.0,0.0,372.66816768562103,373.3440663948349,0.0,71.0
0.2006,-0.2186272735071331,373.46281617144996,1.0,0.0,0.0,4.0,0.0,0.0,0.0,372.66816768562103,373.3440663948349,0.0,71.0
0.2007,-0.18128101364502258,373.46250467288735,1.0,0.0,0.0,4.0,0.0,0.0,0.0,372.66816768562103,373.3440663948349,0.0,71.0
0.2008,-0.14393476317776105,373.46250467288735,1.0,0.0,0.0,4.0,0.0,0.0,0.0,372.66816768562103,373.3440663948349,0.0,71.0
0.2009,-0.10658851271051004,373.46250467288735,1.0,0.0,0.0,4.0,0.0,0.0,0.0,372.66816768562103,373.3440663948349,0.0,71.0
0.201,-0.06924226224324878,373.46250467288735,1.0,0.0,0.0,4.0,0.0,0.0,0.0,372.66816768562103,373.3440663948349,0.0,71.0
0.2011,-0.03189601177599776,373.46250467288735,1.0,0.0,0.0,4.0,0.0,0.0,0.0,372.66816768562103,373.3440663948349,0.0,71.0
0.2012,0.005450238691253244,373.46250467288735,1.0,0.0,1.0,5.0,0.0,0.0,0.0,373.9991254273567,373.5078311529653,0.0,72.0
0.2013,0.04279648915851462,373.46250467288735,1.0,0.0,1.0,5.0,0.0,0.0,0.0,373.9991254273567,373.5078311529653,0.0,72.0
0.2014,0.0801427396257656,373.46250467288735,1.0,0.0,1.0,5.0,0.0,0.0,0.0,373.9991254273567,373.5078311529653,0.0,72.0
0.2015,0.11748899009302685,373.46250467288735,1.0,0.0,1.0,5.0,0.0,0.0,0.0,373.9991254273567,373.5078311529653,0.0,72.0
0.2016,0.15483524056027798,373.46250467288735,1.0,0.0,1.0,5.0,0.0,0.0,0.0,373.9991254273567,373.5078311529653,0.0,72.0
0.2017,0.19218149102752916,373.46250467288735,1.0,0.0,1.0,5.0,0.0,0.0,0.0,373.9991254273567,373.5078311529653,0.0,72.0
0.2018,0.2295277414947907,373.46250467288735,1.0,0.0,1.0,5.0,0.0,0.0,0.0,373.9991254273567,373.5078311529653,0.0,72.0
0.2019,0.2668739919620418,373.46250467288735,1.0,0.0,1.0,5.0,0.0,0.0,0.0,373.9991254273567,373.5078311529653,0.0,72.0
0.202,0.30422024197844033,373.46248003935943,1.0,0.0,1.0,5.0,0.0,0.0,0.0,373.9991254273567,373.5078311529653,0.0,72.0
0.2021,0.3415664792759114,373.4621984111598,1.0,0.0,1.0,5.0,0.0,0.0,0.0,373.9991254273567,373.5078311529653,0.0,72.0
0.2022,0.3789126656180849,373.46144597719774,1.0,0.0,1.0,5.0,0.0,0.0,0.0,373.9991254273567,373.5078311529653,0.0,72.0
0.2023,0.4162587555941216,373.46032386800056,1.0,0.0,1.0,5.0,0.0,0.0,0.0,373.9991254273567,373.5078311529653,0.0,72.0
0.2024,0.45360473727684225,373.4594306146693,1.0,0.0,1.0,5.0,0.0,0.0,0.0,373.9991254273567,373.5078311529653,0.0,72.0
0.2025,0.49095067520111885,373.4593743327033,1.0,0.0,1.0,5.0,0.0,0.0,0.0,373.9991254273567,373.5078311529653,0.0,72.0
0.2026,0.5282966126343517,373.4593743327033,1.0,0.0,1.0,5.0,0.0,0.0,0.0,373.9991254273567,373.5078311529653,0.0,72.0
0.2027,0.5656425500675846,373.4593743327033,1.0,0.0,1.0,5.0,0.0,0.0,0.0,373.9991254273567,373.5078311529653,0.0,72.0
0.2028,0.6029884875008279,373.4593743327033,1.0,0.0,1.0,5.0,0.0,0.0,0.0,373.9991254273567,373.5078311529653,0.0,72.0
0.2029,0.6403344249339962,373.45937429440215,1.0,0.0,1.0,5.0,0.0,0.0,0.0,373.9991254273567,373.5078311529653,0.0,72.0
0.203,0.6776803589443243,373.4592524870398,1.0,0.0,1.0,5.0,0.0,0.0,0.0,373.9991254273567,373.5078311529653,0.0,72.0
0.2031,0.7150262601974173,373.4586888813758,1.0,0.0,1.0,5.0,0.0,0.0,0.0,373.9991254273567,373.5078311529653,0.0,72.0
0.2032,0.7523720820592386,373.4576942222693,1.0,0.0,1.0,5.0,0.0,0.0,0.0,373.9991254273567,373.5078311529653,0.0,72.0
0.2033,0.7897177938249972,373.4565463986251,1.0,0.0,1.0,5.0,0.0,0.0,0.0,373.9991254273567,373.5078311529653,0.0,72.0
0.2034,0.8270633990400095,373.45562904192775,1.0,0.0,1.0,5.0,0.0,0.0,0.0,373.9991254273567,373.5078311529653,0.0,72.0
0.2035,0.8644089398130701,373.45530989805417,1.0,0.0,1.0,5.0,0.0,0.0,0.0,373.9991254273567,373.5078311529653,0.0,72.0
0.2036,0.901754470802848,373.45530989805417,1.0,0.0,1.0,5.0,0.0,0.0,0.0,373.9991254273567,373.5078311529653,0.0,72.0
0.2037,0.9391000017926155,373.45530989805417,1.0,0.0,1.0,5.0,0.0,0.0,0.0,373.9991254273567,373.5078311529653,0.0,72.0
0.2038,0.9764455327823934,373.45530989805417,1.0,0.0,1.0,5.0,0.0,0.0,0.0,373.9991254273567,373.5078311529653,0.0,72.0
0.2039,1.0137910637721612,373.45530989805417,1.0,0.0,1.0,5.0,0.0,0.0,0.0,373.9991254273567,373.5078311529653,0.0,72.0
0.204,1.0511365947619289,373.45530989805417,0.0,0.0,1.0,1.0,0.0,0.0,0.0,373.9991254273567,373.63065472156313,0.0,73.0
0.2041,1.0884821257517068,373.45530989805417,0.0,0.0,1.0,1.0,0.0,0.0,0.0,373.9991254273567,373.63065472156313,0.0,73.0
0.2042,1.1258276567414744,373.45530989805417,0.0,0.0,1.0,1.0,0.0,0.0,0.0,373.9991254273567,373.63065472156313,0.0,73.0
0.2043,1.1631731877312523,373.45530989805417,0.0,0.0,1.0,1.0,0.0,0.0,0.0,373.9991254273567,373.63065472156313,0.0,73.0
0.2044,1.20051871872102,373.45530989805417,0.0,0.0,1.0,1.0,0.0,0.0,0.0,373.9991254273567,373.63065472156313,0.0,73.0
0.2045,1.2378642497107877,373.45530989805417,0.0,0.0,1.0,1.0,0.0,0.0,0.0,373.9991254273567,373.63065472156313,0.0,73.0
0.2046,1.2752097807005656,373.45530989805417,0.0,0.0,1.0,1.0,0.0,0.0,0.0,373.9991254273567,373.63065472156313,0.0,73.0
0.2047,1.3125553116903332,373.45530989805417,0.0,0.0,1.0,1.0,0.0,0.0,0.0,373.9991254273567,373.63065472156313,0.0,73.0
0.2048,1.3499008423427907,373.4552900679594,0.0,0.0,1.0,1.0,0.0,0.0,0.0,373.9991254273567,373.63065472156313,0.0,73.0
0.2049,1.3872463615746176,373.45502934419807,0.0,0.0,1.0,1.0,0.0,0.0,0.0,373.9991254273567,373.63065472156313,0.0,73.0
0.205,1.4245918324369842,373.4543056073424,0.0,0.0,1.0,1.0,0.0,0.0,0.0,373.9991254273567,373.63065472156313,0.0,73.0
0.2051,1.4619372095385623,373.4532035345882,0.0,0.0,1.0,1.0,0.0,0.0,0.0,373.9991254273567,373.63065472156313,0.0,73.0
0.2052,1.4992824789531844,373.45229783538247,0.0,0.0,1.0,1.0,0.0,0.0,0.0,373.9991254273567,373.63065472156313,0.0,73.0
0.2053,1.536627702507624,373.4522287911136,0.0,0.0,1.0,1.0,0.0,0.0,0.0,373.9991254273567,373.63065472156313,0.0,73.0
0.2054,1.5739729253866968,373.4522287911136,0.0,0.0,1.0,1.0,0.0,0.0,0.0,373.9991254273567,373.63065472156313,0.0,73.0
0.2055,1.6113181482657695,373.4522287911136,0.0,0.0,1.0,1.0,0.0,0.0,0.0,373.9991254273567,373.63065472156313,0.0,73.0
0.2056,1.6486633711448528,373.4522287911136,0.0,0.0,1.0,1.0,0.0,0.0,0.0,373.9991254273567,373.63065472156313,0.0,73.0
0.2057,1.6860085940239251,373.4522287899178,0.0,0.0,1.0,1.0,0.0,0.0,0.0,373.9991254273567,373.63065472156313,0.0,73.0
0.2058,1.723353814024087,373.4521214397963,0.0,0.0,1.0,1.0,0.0,0.0,0.0,373.9991254273567,373.63065472156313,0.0,73.0
0.2059,1.7606990034672034,373.4515842393662,0.0,0.0,1.0,1.0,0.0,0.0,0.0,373.9991254273567,373.63065472156313,0.0,73.0
0.206,1.7980441161042544,373.4506130430199,0.0,0.0,1.0,1.0,0.0,0.0,0.0,373.9991254273567,373.63065472156313,0.0,73.0
0.2061,1.8353891205019968,373.4494781683394,0.0,0.0,1.0,1.0,0.0,0.0,0.0,373.9991254273567,373.63065472156313,0.0,73.0
0.2062,1.872734019024568,373.4485614554526,0.0,0.0,1.0,1.0,0.0,0.0,0.0,373.9991254273567,373.63065472156313,0.0,73.0
0.2063,1.910078852634178,373.44823396111696,0.0,0.0,1.0,1.0,0.0,0.0,0.0,373.9991254273567,373.63065472156313,0.0,73.0
0.2064,1.9474236760302532,373.44823396111696,0.0,0.0,1.0,1.0,0.0,0.0,0.0,373.9991254273567,373.63065472156313,0.0,73.0
0.2065,1.9847684994263284,373.44823396111696,0.0,0.0,1.0,1.0,0.0,0.0,0.0,373.9991254273567,373.63065472156313,0.0,73.0
0.2066,2.0221133228224146,373.44823396111696,0.0,0.0,1.0,1.0,0.0,0.0,0.0,373.9991254273567,373.63065472156313,0.0,73.0
0.2067,2.059458146218491,373.44823396111696,0.0,0.0,1.0,1.0,0.0,0.0,0.0,373.9991254273567,373.63065472156313,0.0,73.0
0.2068,2.0968029696145782,373.44823396111696,0.0,1.0,1.0,3.0,1.0,1.0,1.0,372.66816768563206,373.39003296258034,0.0,74.0
0.2069,2.1341477930106545,373.44823396111696,0.0,1.0,1.0,3.0,0.0,0.0,0.0,372.66816768563206,373.39003296258034,0.0,74.0
0.207,2.1714926164067307,373.44823396111696,0.0,1.0,1.0,3.0,0.0,0.0,0.0,372.66816768563206,373.39003296258034,0.0,74.0
0.2071,2.208837439802818,373.44823396111696,0.0,1.0,1.0,3.0,0.0,0.0,0.0,372.66816768563206,373.39003296258034,0.0,74.0
0.2072,2.2461822631988944,373.44823396111696,0.0,1.0,1.0,3.0,0.0,0.0,0.0,372.66816768563206,373.39003296258034,0.0,74.0
0.2073,2.2835270865949817,373.44823396111696,0.0,1.0,1.0,3.0,0.0,0.0,0.0,372.66816768563206,373.39003296258034,0.0,74.0
0.2074,2.320871909991058,373.44823396111696,0.0,1.0,1.0,3.0,0.0,0.0,0.0,372.66816768563206,373.39003296258034,0.0,74.0
0.2075,2.3582167333871342,373.44823396111696,0.0,1.0,1.0,3.0,0.0,0.0,0.0,372.66816768563206,373.39003296258034,0.0,74.0
0.2076,2.395561556537114,373.4482182961865,0.0,1.0,1.0,3.0,0.0,0.0,0.0,372.66816768563206,373.39003296258034,0.0,74.0
0.2077,2.4329063694877213,373.44797783818524,0.0,1.0,1.0,3.0,0.0,0.0,0.0,372.66816768563206,373.39003296258034,0.0,74.0
0.2078,2.4702511366150133,373.4472826664993,0.0,1.0,1.0,3.0,0.0,0.0,0.0,372.66816768563206,373.39003296258034,0.0,74.0
0.2079,2.5075958126035776,373.44620110556485,0.0,1.0,1.0,3.0,0.0,0.0,0.0,372.66816768563206,373.39003296258034,0.0,74.0
0.208,2.5449403815894396,373.4452840276281,0.0,1.0,1.0,3.0,0.0,0.0,0.0,372.66816768563206,373.39003296258034,0.0,74.0
0.2081,2.5822849025813173,373.44520088307445,0.0,1.0,1.0,3.0,0.0,0.0,0.0,372.66816768563206,373.39003296258034,0.0,74.0
0.2082,2.619629422669585,373.44520088307445,0.0,1.0,1.0,3.0,0.0,0.0,0.0,372.66816768563206,373.39003296258034,0.0,74.0
0.2083,2.6569739427578627,373.44520088307445,0.0,1.0,1.0,3.0,0.0,0.0,0.0,372.66816768563206,373.39003296258034,0.0,74.0
0.2084,2.6943184628461303,373.44520088307445,0.0,1.0,1.0,3.0,0.0,0.0,0.0,372.66816768563206,373.39003296258034,0.0,74.0
0.2085,2.731662982934398,373.44520088307445,0.0,1.0,1.0,3.0,0.0,0.0,0.0,372.66816768563206,373.39003296258034,0.0,74.0
0.2086,2.7690075006252375,373.44510699723713,0.0,1.0,1.0,3.0,0.0,0.0,0.0,372.66816768563206,373.39003296258034,0.0,74.0
0.2087,2.806351989906032,373.4445960372634,0.0,1.0,1.0,3.0,0.0,0.0,0.0,372.66816768563206,373.39003296258034,0.0,74.0
0.2088,2.8436964049689775,373.4436484535444,0.0,1.0,1.0,3.0,0.0,0.0,0.0,372.66816768563206,373.39003296258034,0.0,74.0
0.2089,2.8810407136638445,373.4425266183429,0.0,1.0,1.0,3.0,0.0,0.0,0.0,372.66816768563206,373.39003296258034,0.0,74.0
0.209,2.918384917155311,373.4416103571561,0.0,1.0,1.0,3.0,0.0,0.0,0.0,372.66816768563206,373.39003296258034,0.0,74.0
0.2091,2.955729055223693,373.44127381124395,0.0,1.0,1.0,3.0,0.0,0.0,0.0,372.66816768563206,373.39003296258034,0.0,74.0
0.2092,2.993073182604786,373.44127381124395,0.0,1.0,1.0,3.0,0.0,0.0,0.0,372.66816768563206,373.39003296258034,0.0,74.0
0.2093,3.030417309985889,373.44127381124395,0.0,1.0,1.0,3.0,0.0,0.0,0.0,372.66816768563206,373.39003296258034,0.0,74.0
0.2094,3.0677614373669817,373.44127381124395,0.0,1.0,1.0,3.0,0.0,0.0,0.0,372.66816768563206,373.39003296258034,0.0,74.0
0.2095,3.1051055647480745,373.44127381124395,0.0,1.0,1.0,3.0,0.0,0.0,0.0,372.66816768563206,373.39003296258034,0.0,74.0
0.2096,-3.1407356150504087,373.44127381124395,0.0,1.0,0.0,2.0,1.0,1.0,1.0,373.9991254273567,373.54230607877446,0.0,75.0
0.2097,-3.103391487669316,373.44127381124395,0.0,1.0,0.0,2.0,0.0,0.0,0.0,373.9991254273567,373.54230607877446,0.0,75.0
0.2098,-3.066047360288223,373.44127381124395,0.0,1.0,0.0,2.0,0.0,0.0,0.0,373.9991254273567,373.54230607877446,0.0,75.0
0.2099,-3.02870323290712,373.44127381124395,0.0,1.0,0.0,2.0,0.0,0.0,0.0,373.9991254273567,373.54230607877446,0.0,75.0
0.21,-2.991359105526027,373.44127381124395,0.0,1.0,0.0,2.0,0.0,0.0,0.0,373.9991254273567,373.54230607877446,0.0,75.0
0.2101,-2.954014978144924,373.44127381124395,0.0,1.0,0.0,2.0,0.0,0.0,0.0,373.9991254273567,373.54230607877446,0.0,75.0
0.2102,-2.9166708507638313,373.44127381124395,0.0,1.0,0.0,2.0,0.0,0.0,0.0,373.9991254273567,373.54230607877446,0.0,75.0
0.2103,-2.8793267233827384,373.44127381124395,0.0,1.0,0.0,2.0,0.0,0.0,0.0,373.9991254273567,373.54230607877446,0.0,75.0
0.2104,-2.8419825961759484,373.44126170873704,0.0,1.0,0.0,2.0,0.0,0.0,0.0,373.9991254273567,373.54230607877446,0.0,75.0
0.2105,-2.8046384780251223,373.44104084899305,0.0,1.0,0.0,2.0,0.0,0.0,0.0,373.9991254273567,373.54230607877446,0.0,75.0
0.2106,-2.767294403193772,373.44037408962794,0.0,1.0,0.0,2.0,0.0,0.0,0.0,373.9991254273567,373.54230607877446,0.0,75.0
0.2107,-2.729950416863431,373.4393135177983,0.0,1.0,0.0,2.0,0.0,0.0,0.0,373.9991254273567,373.54230607877446,0.0,75.0
0.2108,-2.69260653677158,373.43838617121685,0.0,1.0,0.0,2.0,0.0,0.0,0.0,373.9991254273567,373.54230607877446,0.0,75.0
0.2109,-2.6552627068305434,373.4382875981275,0.0,1.0,0.0,2.0,0.0,0.0,0.0,373.9991254273567,373.54230607877446,0.0,75.0
0.211,-2.617918878070768,373.4382875981275,0.0,1.0,0.0,2.0,0.0,0.0,0.0,373.9991254273567,373.54230607877446,0.0,75.0
0.2111,-2.580575049310983,373.4382875981275,0.0,1.0,0.0,2.0,0.0,0.0,0.0,373.9991254273567,373.54230607877446,0.0,75.0
0.2112,-2.5432312205512075,373.4382875981275,0.0,1.0,0.0,2.0,0.0,0.0,0.0,373.9991254273567,373.54230607877446,0.0,75.0
0.2113,-2.505887391791432,373.4382875981275,0.0,1.0,0.0,2.0,0.0,0.0,0.0,373.9991254273567,373.54230607877446,0.0,75.0
0.2114,-2.4685435650063465,373.4382061567912,0.0,1.0,0.0,2.0,0.0,0.0,0.0,373.9991254273567,373.54230607877446,0.0,75.0
0.2115,-2.431199764542067,373.43772124729225,0.0,1.0,0.0,2.0,0.0,0.0,0.0,373.9991254273567,373.54230607877446,0.0,75.0
0.2116,-2.3938560357051637,373.43679743466913,0.0,1.0,0.0,2.0,0.0,0.0,0.0,373.9991254273567,373.54230607877446,0.0,75.0
0.2117,-2.356512411348531,373.43568876006594,0.0,1.0,0.0,2.0,0.0,0.0,0.0,373.9991254273567,373.54230607877446,0.0,75.0
0.2118,-2.319168891523659,373.4347728001824,0.0,1.0,0.0,2.0,0.0,0.0,0.0,373.9991254273567,373.54230607877446,0.0,75.0
0.2119,-2.281825437666707,373.4344265050187,0.0,1.0,0.0,2.0,0.0,0.0,0.0,373.9991254273567,373.54230607877446,0.0,75.0
0.212,-2.2444819950162413,373.4344265050187,0.0,1.0,0.0,2.0,0.0,0.0,0.0,373.9991254273567,373.54230607877446,0.0,75.0
0.2121,-2.207138552365765,373.4344265050187,0.0,1.0,0.0,2.0,0.0,0.0,0.0,373.9991254273567,373.54230607877446,0.0,75.0
0.2122,-2.1697951097152997,373.4344265050187,0.0,1.0,0.0,2.0,0.0,0.0,0.0,373.9991254273567,373.54230607877446,0.0,75.0
0.2123,-2.132451667064834,373.4344265050187,0.0,1.0,0.0,2.0,0.0,0.0,0.0,373.9991254273567,373.54230607877446,0.0,75.0
0.2124,-2.095108224414358,373.4344265050187,0.0,1.0,0.0,2.0,0.0,0.0,0.0,373.9991254273567,373.54230607877446,0.0,75.0
0.2125,-2.0577647817638924,373.4344265050187,1.0,1.0,0.0,6.0,0.0,0.0,0.0,372.66816768562103,373.32377148048613,0.0,76.0
0.2126,-2.0204213391134163,373.4344265050187,1.0,1.0,0.0,6.0,0.0,0.0,0.0,372.66816768562103,373.32377148048613,0.0,76.0
0.2127,-1.9830778964629514,373.4344265050187,1.0,1.0,0.0,6.0,0.0,0.0,0.0,372.66816768562103,373.32377148048613,0.0,76.0
0.2128,-1.9457344538124877,373.4344265050187,1.0,1.0,0.0,6.0,0.0,0.0,0.0,372.66816768562103,373.32377148048613,0.0,76.0
0.2129,-1.9083910111620137,373.4344265050187,1.0,1.0,0.0,6.0,0.0,0.0,0.0,372.66816768562103,373.32377148048613,0.0,76.0
0.213,-1.87104756851155,373.4344265050187,1.0,1.0,0.0,6.0,0.0,0.0,0.0,372.66816768562103,373.32377148048613,0.0,76.0
0.2131,-1.833704125861076,373.4344265050187,1.0,1.0,0.0,6.0,0.0,0.0,0.0,372.66816768562103,373.32377148048613,0.0,76.0
0.2132,-1.7963606833297725,373.4344174002205,1.0,1.0,0.0,6.0,0.0,0.0,0.0,372.66816768562103,373.32377148048613,0.0,76.0
0.2133,-1.7590172487893072,373.43421544187856,1.0,1.0,0.0,6.0,0.0,0.0,0.0,372.66816768562103,373.32377148048613,0.0,76.0
0.2134,-1.7216738551094695,373.43357691943646,1.0,1.0,0.0,6.0,0.0,0.0,0.0,372.66816768562103,373.32377148048613,0.0,76.0
0.2135,-1.6843305472786037,373.43253781282874,1.0,1.0,0.0,6.0,0.0,0.0,0.0,372.66816768562103,373.32377148048613,0.0,76.0
0.2136,-1.6469873448403487,373.43160134594035,1.0,1.0,0.0,6.0,0.0,0.0,0.0,372.66816768562103,373.32377148048613,0.0,76.0
0.2137,-1.6096441947232936,373.431486031498,1.0,1.0,0.0,6.0,0.0,0.0,0.0,372.66816768562103,373.32377148048613,0.0,76.0
0.2138,-1.572301046120181,373.431486031498,1.0,1.0,0.0,6.0,0.0,0.0,0.0,372.66816768562103,373.32377148048613,0.0,76.0
0.2139,-1.5349578975170577,373.431486031498,1.0,1.0,0.0,6.0,0.0,0.0,0.0,372.66816768562103,373.32377148048613,0.0,76.0
0.214,-1.497614748913945,373.431486031498,1.0,1.0,0.0,6.0,0.0,0.0,0.0,372.66816768562103,373.32377148048613,0.0,76.0
0.2141,-1.4602716003108218,373.431486031498,1.0,1.0,0.0,6.0,0.0,0.0,0.0,372.66816768562103,373.32377148048613,0.0,76.0
0.2142,-1.422928453314485,373.43141602470683,1.0,1.0,0.0,6.0,0.0,0.0,0.0,372.66816768562103,373.32377148048613,0.0,76.0
0.2143,-1.385585330612015,373.43095694792856,1.0,1.0,0.0,6.0,0.0,0.0,0.0,372.66816768562103,373.32377148048613,0.0,76.0
0.2144,-1.3482422769451312,373.4300570717122,1.0,1.0,0.0,6.0,0.0,0.0,0.0,372.66816768562103,373.32377148048613,0.0,76.0
0.2145,-1.3108993258522377,373.4289617083898,1.0,1.0,0.0,6.0,0.0,0.0,0.0,372.66816768562103,373.32377148048613,0.0,76.0
0.2146,-1.273556478615945,373.4280459406188,1.0,1.0,0.0,6.0,0.0,0.0,0.0,372.66816768562103,373.32377148048613,0.0,76.0
0.2147,-1.236213697922676,373.42768920160194,1.0,1.0,0.0,6.0,0.0,0.0,0.0,372.66816768562103,373.32377148048613,0.0,76.0
0.2148,-1.1988709290025528,373.42768920160194,1.0,1.0,0.0,6.0,0.0,0.0,0.0,372.66816768562103,373.32377148048613,0.0,76.0
0.2149,-1.1615281600824192,373.42768920160194,1.0,1.0,0.0,6.0,0.0,0.0,0.0,372.66816768562103,373.32377148048613,0.0,76.0
0.215,-1.1241853911622959,373.42768920160194,1.0,1.0,0.0,6.0,0.0,0.0,0.0,372.66816768562103,373.32377148048613,0.0,76.0
0.2151,-1.0868426222421623,373.42768920160194,1.0,1.0,0.0,6.0,0.0,0.0,0.0,372.66816768562103,373.32377148048613,0.0,76.0
0.2152,-1.049499853322039,373.42768920160194,1.0,1.0,0.0,6.0,0.0,0.0,0.0,372.66816768562103,373.32377148048613,0.0,76.0
0.2153,-1.0121570844019157,373.42768920160194,1.0,0.0,0.0,4.0,0.0,0.0,0.0,373.9991254273567,373.49260996720375,0.0,77.0
0.2154,-0.9748143154817825,373.42768920160194,1.0,0.0,0.0,4.0,0.0,0.0,0.0,373.9991254273567,373.49260996720375,0.0,77.0
0.2155,-0.9374715465616603,373.42768920160194,1.0,0.0,0.0,4.0,0.0,0.0,0.0,373.9991254273567,373.49260996720375,0.0,77.0
0.2156,-0.9001287776415277,373.42768920160194,1.0,0.0,0.0,4.0,0.0,0.0,0.0,373.9991254273567,373.49260996720375,0.0,77.0
0.2157,-0.8627860087214054,373.42768920160194,1.0,0.0,0.0,4.0,0.0,0.0,0.0,373.9991254273567,373.49260996720375,0.0,77.0
0.2158,-0.8254432398012832,373.42768920160194,1.0,0.0,0.0,4.0,0.0,0.0,0.0,373.9991254273567,373.49260996720375,0.0,77.0
0.2159,-0.7881004708811505,373.42768920160194,1.0,0.0,0.0,4.0,0.0,0.0,0.0,373.9991254273567,373.49260996720375,0.0,77.0
0.216,-0.7507577020390422,373.4276825703439,1.0,0.0,0.0,4.0,0.0,0.0,0.0,373.9991254273567,373.49260996720375,0.0,77.0
0.2161,-0.7134149402010348,373.4274987867255,1.0,0.0,0.0,4.0,0.0,0.0,0.0,373.9991254273567,373.49260996720375,0.0,77.0
0.2162,-0.6760722168125997,373.42688830168476,1.0,0.0,0.0,4.0,0.0,0.0,0.0,373.9991254273567,373.49260996720375,0.0,77.0
0.2163,-0.6387295766083342,373.42587113224107,1.0,0.0,0.0,4.0,0.0,0.0,0.0,373.9991254273567,373.49260996720375,0.0,77.0
0.2164,-0.601387040867833,373.4249267269995,1.0,0.0,0.0,4.0,0.0,0.0,0.0,373.9991254273567,373.49260996720375,0.0,77.0
0.2165,-0.5640445596225311,373.42479337935066,1.0,0.0,0.0,4.0,0.0,0.0,0.0,373.9991254273567,373.49260996720375,0.0,77.0
0.2166,-0.5267020802846337,373.42479337935066,1.0,0.0,0.0,4.0,0.0,0.0,0.0,373.9991254273567,373.49260996720375,0.0,77.0
0.2167,-0.4893596009467259,373.42479337935066,1.0,0.0,0.0,4.0,0.0,0.0,0.0,373.9991254273567,373.49260996720375,0.0,77.0
0.2168,-0.45201712160882807,373.42479337935066,1.0,0.0,0.0,4.0,0.0,0.0,0.0,373.9991254273567,373.49260996720375,0.0,77.0
0.2169,-0.4146746422709198,373.42479337935066,1.0,0.0,0.0,4.0,0.0,0.0,0.0,373.9991254273567,373.49260996720375,0.0,77.0
0.217,-0.3773321642226983,373.42473381149426,1.0,0.0,0.0,4.0,0.0,0.0,0.0,373.9991254273567,373.49260996720375,0.0,77.0
0.2171,-0.33998970850814164,373.4243003192537,1.0,0.0,0.0,4.0,0.0,0.0,0.0,373.9991254273567,373.49260996720375,0.0,77.0
0.2172,-0.30264731923723964,373.42342454976574,1.0,0.0,0.0,4.0,0.0,0.0,0.0,373.9991254273567,373.49260996720375,0.0,77.0
0.2173,-0.2653050306137972,373.42234267688013,1.0,0.0,0.0,4.0,0.0,0.0,0.0,373.9991254273567,373.49260996720375,0.0,77.0
0.2174,-0.22796284516476087,373.4214270327058,1.0,0.0,0.0,4.0,0.0,0.0,0.0,373.9991254273567,373.49260996720375,0.0,77.0
0.2175,-0.19062072685950163,373.42105915815694,1.0,0.0,0.0,4.0,0.0,0.0,0.0,373.9991254273567,373.49260996720375,0.0,77.0
0.2176,-0.1532786209437236,373.42105915815694,1.0,0.0,0.0,4.0,0.0,0.0,0.0,373.9991254273567,373.49260996720375,0.0,77.0
0.2177,-0.1159365150279352,373.42105915815694,1.0,0.0,0.0,4.0,0.0,0.0,0.0,373.9991254273567,373.49260996720375,0.0,77.0
0.2178,-0.07859440911215715,373.42105915815694,1.0,0.0,0.0,4.0,0.0,0.0,0.0,373.9991254273567,373.49260996720375,0.0,77.0
0.2179,-0.041252303196368766,373.42105915815694,1.0,0.0,0.0,4.0,0.0,0.0,0.0,373.9991254273567,373.49260996720375,0.0,77.0
0.218,-0.003910197280590794,373.42105915815694,1.0,0.0,0.0,4.0,0.0,0.0,0.0,373.9991254273567,373.49260996720375,0.0,77.0
0.2181,0.03343190863518718,373.42105915815694,1.0,0.0,1.0,5.0,0.0,0.0,0.0,372.66816768562103,373.28649939680804,0.0,78.0
0.2182,0.07077401455097553,373.42105915815694,1.0,0.0,1.0,5.0,0.0,0.0,0.0,372.66816768562103,373.28649939680804,0.0,78.0
0.2183,0.10811612046675358,373.42105915815694,1.0,0.0,1.0,5.0,0.0,0.0,0.0,372.66816768562103,373.28649939680804,0.0,78.0
0.2184,0.14545822638254197,373.42105915815694,1.0,0.0,1.0,5.0,0.0,0.0,0.0,372.66816768562103,373.28649939680804,0.0,78.0
0.2185,0.18280033229832,373.42105915815694,1.0,0.0,1.0,5.0,0.0,0.0,0.0,372.66816768562103,373.28649939680804,0.0,78.0
0.2186,0.220142438214098,373.42105915815694,1.0,0.0,1.0,5.0,0.0,0.0,0.0,372.66816768562103,373.28649939680804,0.0,78.0
0.2187,0.2574845441298865,373.42105915815694,1.0,0.0,1.0,5.0,0.0,0.0,0.0,372.66816768562103,373.28649939680804,0.0,78.0
0.2188,0.2948266499972596,373.4210545193557,1.0,0.0,1.0,5.0,0.0,0.0,0.0,372.66816768562103,373.28649939680804,0.0,78.0
0.2189,0.3321687497692413,373.4208881535381,1.0,0.0,1.0,5.0,0.0,0.0,0.0,372.66816768562103,373.28649939680804,0.0,78.0
0.219,0.3695108134520068,373.42030548074587,1.0,0.0,1.0,5.0,0.0,0.0,0.0,372.66816768562103,373.28649939680804,0.0,78.0
0.2191,0.40685279662640594,373.4193107132943,1.0,0.0,1.0,5.0,0.0,0.0,0.0,372.66816768562103,373.28649939680804,0.0,78.0
0.2192,0.4441946763498023,373.41835958070084,1.0,0.0,1.0,5.0,0.0,0.0,0.0,372.66816768562103,373.28649939680804,0.0,78.0
0.2193,0.48153649941061927,373.4182069342983,1.0,0.0,1.0,5.0,0.0,0.0,0.0,372.66816768562103,373.28649939680804,0.0,78.0
0.2194,0.5188783201040217,373.4182069342983,1.0,0.0,1.0,5.0,0.0,0.0,0.0,372.66816768562103,373.28649939680804,0.0,78.0
0.2195,0.5562201407974134,373.4182069342983,1.0,0.0,1.0,5.0,0.0,0.0,0.0,372.66816768562103,373.28649939680804,0.0,78.0
0.2196,0.5935619614908052,373.4182069342983,1.0,0.0,1.0,5.0,0.0,0.0,0.0,372.66816768562103,373.28649939680804,0.0,78.0
0.2197,0.6309037821842074,373.4182069342983,1.0,0.0,1.0,5.0,0.0,0.0,0.0,372.66816768562103,373.28649939680804,0.0,78.0
0.2198,0.6682456018582492,373.41815682762615,1.0,0.0,1.0,5.0,0.0,0.0,0.0,372.66816768562103,373.28649939680804,0.0,78.0
0.2199,0.7055874010878356,373.4177486385702,1.0,0.0,1.0,5.0,0.0,0.0,0.0,372.66816768562103,373.28649939680804,0.0,78.0
0.22,0.7429291364644147,373.4168971492406,1.0,0.0,1.0,5.0,0.0,0.0,0.0,372.66816768562103,373.28649939680804,0.0,78.0
0.2201,0.780270773141948,373.41582897328317,1.0,0.0,1.0,5.0,0.0,0.0,0.0,372.66816768562103,373.28649939680804,0.0,78.0
0.2202,0.8176123073377781,373.41491342431283,1.0,0.0,1.0,5.0,0.0,0.0,0.0,372.66816768562103,373.28649939680804,0.0,78.0
0.2203,0.8549537737680966,373.4145337255284,1.0,0.0,1.0,5.0,0.0,0.0,0.0,372.66816768562103,373.28649939680804,0.0,78.0
0.2204,0.8922952271406227,373.4145337255284,1.0,0.0,1.0,5.0,0.0,0.0,0.0,372.66816768562103,373.28649939680804,0.0,78.0
0.2205,0.9296366805131384,373.4145337255284,1.0,0.0,1.0,5.0,0.0,0.0,0.0,372.66816768562103,373.28649939680804,0.0,78.0
0.2206,0.9669781338856541,373.4145337255284,1.0,0.0,1.0,5.0,0.0,0.0,0.0,372.66816768562103,373.28649939680804,0.0,78.0
0.2207,1.0043195872581803,373.4145337255284,1.0,0.0,1.0,5.0,0.0,0.0,0.0,372.66816768562103,373.28649939680804,0.0,78.0
0.2208,1.0416610406306952,373.4145337255284,1.0,0.0,1.0,5.0,0.0,0.0,0.0,372.66816768562103,373.28649939680804,0.0,78.0
0.2209,1.0790024940032203,373.4145337255284,0.0,0.0,1.0,1.0,0.0,0.0,0.0,373.9991254273567,373.4646559044452,0.0,79.0
0.221,1.1163439473757353,373.4145337255284,0.0,0.0,1.0,1.0,0.0,0.0,0.0,373.9991254273567,373.4646559044452,0.0,79.0
0.2211,1.1536854007482502,373.4145337255284,0.0,0.0,1.0,1.0,0.0,0.0,0.0,373.9991254273567,373.4646559044452,0.0,79.0
0.2212,1.1910268541207754,373.4145337255284,0.0,0.0,1.0,1.0,0.0,0.0,0.0,373.9991254273567,373.4646559044452,0.0,79.0
0.2213,1.2283683074932903,373.4145337255284,0.0,0.0,1.0,1.0,0.0,0.0,0.0,373.9991254273567,373.4646559044452,0.0,79.0
0.2214,1.2657097608658154,373.4145337255284,0.0,0.0,1.0,1.0,0.0,0.0,0.0,373.9991254273567,373.4646559044452,0.0,79.0
0.2215,1.3030512142383304,373.4145337255284,0.0,0.0,1.0,1.0,0.0,0.0,0.0,373.9991254273567,373.4646559044452,0.0,79.0
0.2216,1.3403926675828102,373.41453064374167,0.0,0.0,1.0,1.0,0.0,0.0,0.0,373.9991254273567,373.4646559044452,0.0,79.0
0.2217,1.3777341156633096,373.41438090819526,0.0,0.0,1.0,1.0,0.0,0.0,0.0,373.9991254273567,373.4646559044452,0.0,79.0
0.2218,1.4150755299613114,373.4138257954258,0.0,0.0,1.0,1.0,0.0,0.0,0.0,373.9991254273567,373.4646559044452,0.0,79.0
0.2219,1.4524168664357495,373.412853884815,0.0,0.0,1.0,1.0,0.0,0.0,0.0,373.9991254273567,373.4646559044452,0.0,79.0
0.222,1.4897581005564327,373.4118972604178,0.0,0.0,1.0,1.0,0.0,0.0,0.0,373.9991254273567,373.4646559044452,0.0,79.0
0.2221,1.5270992758643545,373.4117240811647,0.0,0.0,1.0,1.0,0.0,0.0,0.0,373.9991254273567,373.4646559044452,0.0,79.0
0.2222,1.5644404482724434,373.4117240811647,0.0,0.0,1.0,1.0,0.0,0.0,0.0,373.9991254273567,373.4646559044452,0.0,79.0
0.2223,1.6017816206805222,373.4117240811647,0.0,0.0,1.0,1.0,0.0,0.0,0.0,373.9991254273567,373.4646559044452,0.0,79.0
0.2224,1.639122793088601,373.4117240811647,0.0,0.0,1.0,1.0,0.0,0.0,0.0,373.9991254273567,373.4646559044452,0.0,79.0
0.2225,1.67646396549669,373.4117240811647,0.0,0.0,1.0,1.0,0.0,0.0,0.0,373.9991254273567,373.4646559044452,0.0,79.0
0.2226,1.7138051371130314,373.41168247950503,0.0,0.0,1.0,1.0,0.0,0.0,0.0,373.9991254273567,373.4646559044452,0.0,79.0
0.2227,1.7511462900990549,373.4112992762824,0.0,0.0,1.0,1.0,0.0,0.0,0.0,373.9991254273567,373.4646559044452,0.0,79.0
0.2228,1.7884873818198281,373.41047224167176,0.0,0.0,1.0,1.0,0.0,0.0,0.0,373.9991254273567,373.4646559044452,0.0,79.0
0.2229,1.825828376813297,373.40941799528014,0.0,0.0,1.0,1.0,0.0,0.0,0.0,373.9991254273567,373.4646559044452,0.0,79.0
0.223,1.863169270031649,373.4085025526666,0.0,0.0,1.0,1.0,0.0,0.0,0.0,373.9991254273567,373.4646559044452,0.0,79.0
0.2231,1.9005100948464981,373.40811048618104,0.0,0.0,1.0,1.0,0.0,0.0,0.0,373.9991254273567,373.4646559044452,0.0,79.0
0.2232,1.9378509058809745,373.4081103441572,0.0,0.0,1.0,1.0,0.0,0.0,0.0,373.9991254273567,373.4646559044452,0.0,79.0
0.2233,1.975191716915355,373.4081103441572,0.0,0.0,1.0,1.0,0.0,0.0,0.0,373.9991254273567,373.4646559044452,0.0,79.0
0.2234,2.012532527949735,373.4081103441572,0.0,0.0,1.0,1.0,0.0,0.0,0.0,373.9991254273567,373.4646559044452,0.0,79.0
0.2235,2.049873338984122,373.4081103441572,0.0,0.0,1.0,1.0,0.0,0.0,0.0,373.9991254273567,373.4646559044452,0.0,79.0
0.2236,2.087214150018499,373.4081103441572,0.0,0.0,1.0,1.0,0.0,0.0,0.0,373.9991254273567,373.4646559044452,0.0,79.0
0.2237,2.124554961052886,373.4081103441572,0.0,1.0,1.0,3.0,0.0,0.0,0.0,373.9991254273567,373.59827328517304,0.0,80.0
0.2238,2.161895772087263,373.4081103441572,0.0,1.0,1.0,3.0,0.0,0.0,0.0,373.9991254273567,373.59827328517304,0.0,80.0
0.2239,2.19923658312164,373.4081103441572,0.0,1.0,1.0,3.0,0.0,0.0,0.0,373.9991254273567,373.59827328517304,0.0,80.0
0.224,2.236577394156027,373.4081103441572,0.0,1.0,1.0,3.0,0.0,0.0,0.0,373.9991254273567,373.59827328517304,0.0,80.0
0.2241,2.273918205190404,373.4081103441572,0.0,1.0,1.0,3.0,0.0,0.0,0.0,373.9991254273567,373.59827328517304,0.0,80.0
0.2242,2.311259016224791,373.4081103441572,0.0,1.0,1.0,3.0,0.0,0.0,0.0,373.9991254273567,373.59827328517304,0.0,80.0
0.2243,2.348599827259168,373.4081103441572,0.0,1.0,1.0,3.0,0.0,0.0,0.0,373.9991254273567,373.59827328517304,0.0,80.0
0.2244,2.38594063827872,373.4081084321525,0.0,1.0,1.0,3.0,0.0,0.0,0.0,373.9991254273567,373.59827328517304,0.0,80.0
0.2245,2.4232814447896334,373.4079745084298,0.0,1.0,1.0,3.0,0.0,0.0,0.0,373.9991254273567,373.59827328517304,0.0,80.0
0.2246,2.460622219768051,373.4074466750134,0.0,1.0,1.0,3.0,0.0,0.0,0.0,373.9991254273567,373.59827328517304,0.0,80.0
0.2247,2.497962919614536,373.40649806332215,0.0,1.0,1.0,3.0,0.0,0.0,0.0,373.9991254273567,373.59827328517304,0.0,80.0
0.2248,2.535303518289194,373.4055372027859,0.0,1.0,1.0,3.0,0.0,0.0,0.0,373.9991254273567,373.59827328517304,0.0,80.0
0.2249,2.5726440560289636,373.4053422929651,0.0,1.0,1.0,3.0,0.0,0.0,0.0,373.9991254273567,373.59827328517304,0.0,80.0
0.225,2.609984590258234,373.4053422929651,0.0,1.0,1.0,3.0,0.0,0.0,0.0,373.9991254273567,373.59827328517304,0.0,80.0
0.2251,2.647325124487494,373.4053422929651,0.0,1.0,1.0,3.0,0.0,0.0,0.0,373.9991254273567,373.59827328517304,0.0,80.0
0.2252,2.6846656587167645,373.4053422929651,0.0,1.0,1.0,3.0,0.0,0.0,0.0,373.9991254273567,373.59827328517304,0.0,80.0
0.2253,2.7220061929460244,373.4053422929651,0.0,1.0,1.0,3.0,0.0,0.0,0.0,373.9991254273567,373.59827328517304,0.0,80.0
0.2254,2.7593467265725242,373.40530826565663,0.0,1.0,1.0,3.0,0.0,0.0,0.0,373.9991254273567,373.59827328517304,0.0,80.0
0.2255,2.7966872433039462,373.40494969200154,0.0,1.0,1.0,3.0,0.0,0.0,0.0,373.9991254273567,373.59827328517304,0.0,80.0
0.2256,2.834027701353066,373.40414728574694,0.0,1.0,1.0,3.0,0.0,0.0,0.0,373.9991254273567,373.59827328517304,0.0,80.0
0.2257,2.871368064671275,373.4031072264624,0.0,1.0,1.0,3.0,0.0,0.0,0.0,373.9991254273567,373.59827328517304,0.0,80.0
0.2258,2.9087083269380978,373.40219194029874,0.0,1.0,1.0,3.0,0.0,0.0,0.0,373.9991254273567,373.59827328517304,0.0,80.0
0.2259,2.9460485201515145,373.40178720241414,0.0,1.0,1.0,3.0,0.0,0.0,0.0,373.9991254273567,373.59827328517304,0.0,80.0
0.226,2.983388698806379,373.4017865402021,0.0,1.0,1.0,3.0,0.0,0.0,0.0,373.9991254273567,373.59827328517304,0.0,80.0
0.2261,3.0207288774603627,373.4017865402021,0.0,1.0,1.0,3.0,0.0,0.0,0.0,373.9991254273567,373.59827328517304,0.0,80.0
0.2262,3.0580690561143573,373.4017865402021,0.0,1.0,1.0,3.0,0.0,0.0,0.0,373.9991254273567,373.59827328517304,0.0,80.0
0.2263,3.095409234768341,373.4017865402021,0.0,1.0,1.0,3.0,0.0,0.0,0.0,373.9991254273567,373.59827328517304,0.0,80.0
0.2264,3.1327494134223244,373.4017865402021,0.0,1.0,1.0,3.0,0.0,0.0,0.0,373.9991254273567,373.59827328517304,0.0,80.0
0.2265,-3.113095715103267,373.4017865402021,0.0,1.0,0.0,2.0,0.0,0.0,0.0,372.66816768562103,373.36574688528503,0.0,81.0
0.2266,-3.0757555364492837,373.4017865402021,0.0,1.0,0.0,2.0,0.0,0.0,0.0,372.66816768562103,373.36574688528503,0.0,81.0
0.2267,-3.038415357795289,373.4017865402021,0.0,1.0,0.0,2.0,0.0,0.0,0.0,372.66816768562103,373.36574688528503,0.0,81.0
0.2268,-3.0010751791413055,373.4017865402021,0.0,1.0,0.0,2.0,0.0,0.0,0.0,372.66816768562103,373.36574688528503,0.0,81.0
0.2269,-2.963735000487322,373.4017865402021,0.0,1.0,0.0,2.0,0.0,0.0,0.0,372.66816768562103,373.36574688528503,0.0,81.0
0.227,-2.9263948218333273,373.4017865402021,0.0,1.0,0.0,2.0,0.0,0.0,0.0,372.66816768562103,373.36574688528503,0.0,81.0
0.2271,-2.889054643179344,373.4017865402021,0.0,1.0,0.0,2.0,0.0,0.0,0.0,372.66816768562103,373.36574688528503,0.0,81.0
0.2272,-2.8517144645322547,373.4017854615376,0.0,1.0,0.0,2.0,0.0,0.0,0.0,372.66816768562103,373.36574688528503,0.0,81.0
0.2273,-2.814374289712876,373.4016665000212,0.0,1.0,0.0,2.0,0.0,0.0,0.0,372.66816768562103,373.36574688528503,0.0,81.0
0.2274,-2.77703414423583,373.4011656355432,0.0,1.0,0.0,2.0,0.0,0.0,0.0,372.66816768562103,373.36574688528503,0.0,81.0
0.2275,-2.7396940711946622,373.40024074937185,0.0,1.0,0.0,2.0,0.0,0.0,0.0,372.66816768562103,373.36574688528503,0.0,81.0
0.2276,-2.702354098058821,373.3992769241278,0.0,1.0,0.0,2.0,0.0,0.0,0.0,372.66816768562103,373.36574688528503,0.0,81.0
0.2277,-2.6650141879408955,373.39905912710856,0.0,1.0,0.0,2.0,0.0,0.0,0.0,372.66816768562103,373.36574688528503,0.0,81.0
0.2278,-2.6276742820282295,373.39905912710856,0.0,1.0,0.0,2.0,0.0,0.0,0.0,372.66816768562103,373.36574688528503,0.0,81.0
0.2279,-2.5903343761155635,373.39905912710856,0.0,1.0,0.0,2.0,0.0,0.0,0.0,372.66816768562103,373.36574688528503,0.0,81.0
0.228,-2.5529944702028873,373.39905912710856,0.0,1.0,0.0,2.0,0.0,0.0,0.0,372.66816768562103,373.36574688528503,0.0,81.0
0.2281,-2.5156545642902213,373.39905912710856,0.0,1.0,0.0,2.0,0.0,0.0,0.0,372.66816768562103,373.36574688528503,0.0,81.0
0.2282,-2.4783146588259357,373.39903177315455,0.0,1.0,0.0,2.0,0.0,0.0,0.0,372.66816768562103,373.36574688528503,0.0,81.0
0.2283,-2.440974768603916,373.3986974308832,0.0,1.0,0.0,2.0,0.0,0.0,0.0,372.66816768562103,373.36574688528503,0.0,81.0
0.2284,-2.4036349344882035,373.39791982357025,0.0,1.0,0.0,2.0,0.0,0.0,0.0,372.66816768562103,373.36574688528503,0.0,81.0
0.2285,-2.3662951930812466,373.39689423253844,0.0,1.0,0.0,2.0,0.0,0.0,0.0,372.66816768562103,373.36574688528503,0.0,81.0
0.2286,-2.328955551981572,373.39597919122275,0.0,1.0,0.0,2.0,0.0,0.0,0.0,372.66816768562103,373.36574688528503,0.0,81.0
0.2287,-2.2916159805930003,373.39556152342163,0.0,1.0,0.0,2.0,0.0,0.0,0.0,372.66816768562103,373.36574688528503,0.0,81.0
0.2288,-2.2542764245975517,373.3955599218799,0.0,1.0,0.0,2.0,0.0,0.0,0.0,372.66816768562103,373.36574688528503,0.0,81.0
0.2289,-2.216936868605401,373.3955599218799,0.0,1.0,0.0,2.0,0.0,0.0,0.0,372.66816768562103,373.36574688528503,0.0,81.0
0.229,-2.1795973126132395,373.3955599218799,0.0,1.0,0.0,2.0,0.0,0.0,0.0,372.66816768562103,373.36574688528503,0.0,81.0
0.2291,-2.1422577566210887,373.3955599218799,0.0,1.0,0.0,2.0,0.0,0.0,0.0,372.66816768562103,373.36574688528503,0.0,81.0
0.2292,-2.104918200628938,373.3955599218799,0.0,1.0,0.0,2.0,0.0,0.0,0.0,372.66816768562103,373.36574688528503,0.0,81.0
0.2293,-2.0675786446367765,373.3955599218799,1.0,1.0,0.0,6.0,0.0,0.0,0.0,373.9991254273567,373.5240915208029,0.0,82.0
0.2294,-2.0302390886446258,373.3955599218799,1.0,1.0,0.0,6.0,0.0,0.0,0.0,373.9991254273567,373.5240915208029,0.0,82.0
0.2295,-1.992899532652465,373.3955599218799,1.0,1.0,0.0,6.0,0.0,0.0,0.0,373.9991254273567,373.5240915208029,0.0,82.0
0.2296,-1.9555599766603162,373.3955599218799,1.0,1.0,0.0,6.0,0.0,0.0,0.0,373.9991254273567,373.5240915208029,0.0,82.0
0.2297,-1.9182204206681674,373.3955599218799,1.0,1.0,0.0,6.0,0.0,0.0,0.0,373.9991254273567,373.5240915208029,0.0,82.0
0.2298,-1.8808808646760085,373.3955599218799,1.0,1.0,0.0,6.0,0.0,0.0,0.0,373.9991254273567,373.5240915208029,0.0,82.0
0.2299,-1.8435413086838597,373.3955599218799,1.0,1.0,0.0,6.0,0.0,0.0,0.0,373.9991254273567,373.5240915208029,0.0,82.0
0.23,-1.8062017526943674,373.39555939349196,1.0,1.0,0.0,6.0,0.0,0.0,0.0,373.9991254273567,373.5240915208029,0.0,82.0
0.2301,-1.768862199923829,373.3954545131965,1.0,1.0,0.0,6.0,0.0,0.0,0.0,373.9991254273567,373.5240915208029,0.0,82.0
0.2302,-1.7315226743685195,373.3949802762707,1.0,1.0,0.0,6.0,0.0,0.0,0.0,373.9991254273567,373.5240915208029,0.0,82.0
0.2303,-1.6941832185511794,373.39407952411193,1.0,1.0,0.0,6.0,0.0,0.0,0.0,373.9991254273567,373.5240915208029,0.0,82.0
0.2304,-1.656843861288585,373.39311401708505,1.0,1.0,0.0,6.0,0.0,0.0,0.0,373.9991254273567,373.5240915208029,0.0,82.0
0.2305,-1.6195045690766072,373.39287222179667,1.0,1.0,0.0,6.0,0.0,0.0,0.0,373.9991254273567,373.5240915208029,0.0,82.0
0.2306,-1.582165281854467,373.39287222179667,1.0,1.0,0.0,6.0,0.0,0.0,0.0,373.9991254273567,373.5240915208029,0.0,82.0
0.2307,-1.5448259946323266,373.39287222179667,1.0,1.0,0.0,6.0,0.0,0.0,0.0,373.9991254273567,373.5240915208029,0.0,82.0
0.2308,-1.507486707410176,373.39287222179667,1.0,1.0,0.0,6.0,0.0,0.0,0.0,373.9991254273567,373.5240915208029,0.0,82.0
0.2309,-1.4701474201880358,373.39287222179667,1.0,1.0,0.0,6.0,0.0,0.0,0.0,373.9991254273567,373.5240915208029,0.0,82.0
0.231,-1.4328081332905045,373.39285067424953,1.0,1.0,0.0,6.0,0.0,0.0,0.0,373.9991254273567,373.5240915208029,0.0,82.0
0.2311,-1.3954688600680962,373.3925401201706,1.0,1.0,0.0,6.0,0.0,0.0,0.0,373.9991254273567,373.5240915208029,0.0,82.0
0.2312,-1.3581296403853713,373.39178747712333,1.0,1.0,0.0,6.0,0.0,0.0,0.0,373.9991254273567,373.5240915208029,0.0,82.0
0.2313,-1.3207905113625182,373.39077665773783,1.0,1.0,0.0,6.0,0.0,0.0,0.0,373.9991254273567,373.5240915208029,0.0,82.0
0.2314,-1.2834514818794007,373.3898619873055,1.0,1.0,0.0,6.0,0.0,0.0,0.0,373.9991254273567,373.5240915208029,0.0,82.0
0.2315,-1.2461125227687484,373.38943117405745,1.0,1.0,0.0,6.0,0.0,0.0,0.0,373.9991254273567,373.5240915208029,0.0,82.0
0.2316,-1.2087735799427308,373.3894281759861,1.0,1.0,0.0,6.0,0.0,0.0,0.0,373.9991254273567,373.5240915208029,0.0,82.0
0.2317,-1.171434637125169,373.3894281759861,1.0,1.0,0.0,6.0,0.0,0.0,0.0,373.9991254273567,373.5240915208029,0.0,82.0
0.2318,-1.1340956943075968,373.3894281759861,1.0,1.0,0.0,6.0,0.0,0.0,0.0,373.9991254273567,373.5240915208029,0.0,82.0
0.2319,-1.096756751490035,373.3894281759861,1.0,1.0,0.0,6.0,0.0,0.0,0.0,373.9991254273567,373.5240915208029,0.0,82.0
0.232,-1.0594178086724628,373.3894281759861,1.0,1.0,0.0,6.0,0.0,0.0,0.0,373.9991254273567,373.5240915208029,0.0,82.0
0.2321,-1.022078865854901,373.3894281759861,1.0,0.0,0.0,4.0,0.0,0.0,0.0,372.66816768561733,373.31011056200657,0.0,83.0
0.2322,-0.9847399230373396,373.3894281759861,1.0,0.0,0.0,4.0,0.0,0.0,0.0,372.66816768561733,373.31011056200657,0.0,83.0
0.2323,-0.9474009802197685,373.3894281759861,1.0,0.0,0.0,4.0,0.0,0.0,0.0,372.66816768561733,373.31011056200657,0.0,83.0
0.2324,-0.9100620374022077,373.3894281759861,1.0,0.0,0.0,4.0,0.0,0.0,0.0,372.66816768561733,373.31011056200657,0.0,83.0
0.2325,-0.8727230945846366,373.3894281759861,1.0,0.0,0.0,4.0,0.0,0.0,0.0,372.66816768561733,373.31011056200657,0.0,83.0
0.2326,-0.8353841517670758,373.3894281759861,1.0,0.0,0.0,4.0,0.0,0.0,0.0,372.66816768561733,373.31011056200657,0.0,83.0
0.2327,-0.798045208949515,373.3894281759861,1.0,0.0,0.0,4.0,0.0,0.0,0.0,372.66816768561733,373.31011056200657,0.0,83.0
0.2328,-0.7607062661326996,373.3894279707826,1.0,0.0,0.0,4.0,0.0,0.0,0.0,372.66816768561733,373.31011056200657,0.0,83.0
0.2329,-0.7233673259955692,373.3893362592153,1.0,0.0,0.0,4.0,0.0,0.0,0.0,372.66816768561733,373.31011056200657,0.0,83.0
0.233,-0.6860284110128638,373.38888827632974,1.0,0.0,0.0,4.0,0.0,0.0,0.0,372.66816768561733,373.31011056200657,0.0,83.0
0.2331,-0.6486895630711474,373.3880120460262,1.0,0.0,0.0,4.0,0.0,0.0,0.0,372.66816768561733,373.31011056200657,0.0,83.0
0.2332,-0.6113508122503293,373.3870461474481,1.0,0.0,0.0,4.0,0.0,0.0,0.0,372.66816768561733,373.31011056200657,0.0,83.0
0.2333,-0.574012128451141,373.3867792926103,1.0,0.0,0.0,4.0,0.0,0.0,0.0,372.66816768561733,373.31011056200657,0.0,83.0
0.2334,-0.5366734505219182,373.3867792926103,1.0,0.0,0.0,4.0,0.0,0.0,0.0,372.66816768561733,373.31011056200657,0.0,83.0
0.2335,-0.49933477259268494,373.3867792926103,1.0,0.0,0.0,4.0,0.0,0.0,0.0,372.66816768561733,373.31011056200657,0.0,83.0
0.2336,-0.4619960946634615,373.3867792926103,1.0,0.0,0.0,4.0,0.0,0.0,0.0,372.66816768561733,373.31011056200657,0.0,83.0
0.2337,-0.424657416734238,373.3867792926103,1.0,0.0,0.0,4.0,0.0,0.0,0.0,372.66816768561733,373.31011056200657,0.0,83.0
0.2338,-0.3873187390325785,373.38676272319753,1.0,0.0,0.0,4.0,0.0,0.0,0.0,372.66816768561733,373.31011056200657,0.0,83.0
0.2339,-0.34998007352734173,373.386475465932,1.0,0.0,0.0,4.0,0.0,0.0,0.0,372.66816768561733,373.31011056200657,0.0,83.0
0.234,-0.31264145900723156,373.38574794492496,1.0,0.0,0.0,4.0,0.0,0.0,0.0,372.66816768561733,373.31011056200657,0.0,83.0
0.2341,-0.27530293307063347,373.3847522214118,1.0,0.0,0.0,4.0,0.0,0.0,0.0,372.66816768561733,373.31011056200657,0.0,83.0
0.2342,-0.2379645058797849,373.3838380848334,1.0,0.0,0.0,4.0,0.0,0.0,0.0,372.66816768561733,373.31011056200657,0.0,83.0
0.2343,-0.20062614972239484,373.3833939533774,1.0,0.0,0.0,4.0,0.0,0.0,0.0,372.66816768561733,373.31011056200657,0.0,83.0
0.2344,-0.16328781079828864,373.3833890646015,1.0,0.0,0.0,4.0,0.0,0.0,0.0,372.66816768561733,373.31011056200657,0.0,83.0
0.2345,-0.12594947189186614,373.3833890646015,1.0,0.0,0.0,4.0,0.0,0.0,0.0,372.66816768561733,373.31011056200657,0.0,83.0
0.2346,-0.08861113298543342,373.3833890646015,1.0,0.0,0.0,4.0,0.0,0.0,0.0,372.66816768561733,373.31011056200657,0.0,83.0
0.2347,-0.051272794079011044,373.3833890646015,1.0,0.0,0.0,4.0,0.0,0.0,0.0,372.66816768561733,373.31011056200657,0.0,83.0
0.2348,-0.013934455172578247,373.3833890646015,1.0,0.0,0.0,4.0,0.0,0.0,0.0,372.66816768561733,373.31011056200657,0.0,83.0
0.2349,0.02340388373384418,373.3833890646015,1.0,0.0,1.0,5.0,0.0,0.0,0.0,373.9991254273567,373.4823642783441,0.0,84.0
0.235,0.060742222640266616,373.3833890646015,1.0,0.0,1.0,5.0,0.0,0.0,0.0,373.9991254273567,373.4823642783441,0.0,84.0
0.2351,0.09808056154669935,373.3833890646015,1.0,0.0,1.0,5.0,0.0,0.0,0.0,373.9991254273567,373.4823642783441,0.0,84.0
0.2352,0.13541890045312174,373.3833890646015,1.0,0.0,1.0,5.0,0.0,0.0,0.0,373.9991254273567,373.4823642783441,0.0,84.0
0.2353,0.17275723935955462,373.3833890646015,1.0,0.0,1.0,5.0,0.0,0.0,0.0,373.9991254273567,373.4823642783441,0.0,84.0
0.2354,0.2100955782659771,373.3833890646015,1.0,0.0,1.0,5.0,0.0,0.0,0.0,373.9991254273567,373.4823642783441,0.0,84.0
0.2355,0.2474339171723996,373.3833890646015,1.0,0.0,1.0,5.0,0.0,0.0,0.0,373.9991254273567,373.4823642783441,0.0,84.0
0.2356,0.28477225607871565,373.3833890140564,1.0,0.0,1.0,5.0,0.0,0.0,0.0,373.9991254273567,373.4823642783441,0.0,84.0
0.2357,0.3221105927784035,373.38330952713227,1.0,0.0,1.0,5.0,0.0,0.0,0.0,373.9991254273567,373.4823642783441,0.0,84.0
0.2358,0.3594489063148313,373.38288739157184,1.0,0.0,1.0,5.0,0.0,0.0,0.0,373.9991254273567,373.4823642783441,0.0,84.0
0.2359,0.3967871555034332,373.38203604786025,1.0,0.0,1.0,5.0,0.0,0.0,0.0,373.9991254273567,373.4823642783441,0.0,84.0
0.236,0.4341253090870831,373.3810710511708,1.0,0.0,1.0,5.0,0.0,0.0,0.0,373.9991254273567,373.4823642783441,0.0,84.0
0.2361,0.47146339375119206,373.38077812927395,1.0,0.0,1.0,5.0,0.0,0.0,0.0,373.9991254273567,373.4823642783441,0.0,84.0
0.2362,0.5088014715640821,373.38077812927395,1.0,0.0,1.0,5.0,0.0,0.0,0.0,373.9991254273567,373.4823642783441,0.0,84.0
0.2363,0.5461395493769821,373.38077812927395,1.0,0.0,1.0,5.0,0.0,0.0,0.0,373.9991254273567,373.4823642783441,0.0,84.0
0.2364,0.5834776271898716,373.38077812927395,1.0,0.0,1.0,5.0,0.0,0.0,0.0,373.9991254273567,373.4823642783441,0.0,84.0
0.2365,0.6208157050027612,373.38077812927395,1.0,0.0,1.0,5.0,0.0,0.0,0.0,373.9991254273567,373.4823642783441,0.0,84.0
0.2366,0.658153782662202,373.3807657532728,1.0,0.0,1.0,5.0,0.0,0.0,0.0,373.9991254273567,373.4823642783441,0.0,84.0
0.2367,0.6954918495130614,373.3805012499883,1.0,0.0,1.0,5.0,0.0,0.0,0.0,373.9991254273567,373.4823642783441,0.0,84.0
0.2368,0.7328298679182964,373.37979899887705,1.0,0.0,1.0,5.0,0.0,0.0,0.0,373.9991254273567,373.4823642783441,0.0,84.0
0.2369,0.7701677998444769,373.37881871481534,1.0,0.0,1.0,5.0,0.0,0.0,0.0,373.9991254273567,373.4823642783441,0.0,84.0
0.237,0.8075056338481859,373.3779053112577,1.0,0.0,1.0,5.0,0.0,0.0,0.0,373.9991254273567,373.4823642783441,0.0,84.0
0.2371,0.8448433961618372,373.3774477313711,1.0,0.0,1.0,5.0,0.0,0.0,0.0,373.9991254273567,373.4823642783441,0.0,84.0
0.2372,0.882181140236457,373.3774404219647,1.0,0.0,1.0,5.0,0.0,0.0,0.0,373.9991254273567,373.4823642783441,0.0,84.0
0.2373,0.9195188842786259,373.3774404219647,1.0,0.0,1.0,5.0,0.0,0.0,0.0,373.9991254273567,373.4823642783441,0.0,84.0
0.2374,0.9568566283207846,373.3774404219647,1.0,0.0,1.0,5.0,0.0,0.0,0.0,373.9991254273567,373.4823642783441,0.0,84.0
0.2375,0.9941943723629432,373.3774404219647,1.0,0.0,1.0,5.0,0.0,0.0,0.0,373.9991254273567,373.4823642783441,0.0,84.0
0.2376,1.031532116405112,373.3774404219647,1.0,0.0,1.0,5.0,0.0,0.0,0.0,373.9991254273567,373.4823642783441,0.0,84.0
0.2377,1.0688698604472708,373.3774404219647,0.0,0.0,1.0,1.0,0.0,0.0,0.0,372.66816768562103,373.27881513016337,0.0,85.0
0.2378,1.1062076044894398,373.3774404219647,0.0,0.0,1.0,1.0,0.0,0.0,0.0,372.66816768562103,373.27881513016337,0.0,85.0
0.2379,1.1435453485315985,373.3774404219647,0.0,0.0,1.0,1.0,0.0,0.0,0.0,372.66816768562103,373.27881513016337,0.0,85.0
0.238,1.1808830925737572,373.3774404219647,0.0,0.0,1.0,1.0,0.0,0.0,0.0,372.66816768562103,373.27881513016337,0.0,85.0
0.2381,1.2182208366159262,373.3774404219647,0.0,0.0,1.0,1.0,0.0,0.0,0.0,372.66816768562103,373.27881513016337,0.0,85.0
0.2382,1.255558580658085,373.3774404219647,0.0,0.0,1.0,1.0,0.0,0.0,0.0,372.66816768562103,373.27881513016337,0.0,85.0
0.2383,1.2928963247002538,373.3774404219647,0.0,0.0,1.0,1.0,0.0,0.0,0.0,372.66816768562103,373.27881513016337,0.0,85.0
0.2384,1.3302340687424095,373.3774404187112,0.0,0.0,1.0,1.0,0.0,0.0,0.0,372.66816768562103,373.27881513016337,0.0,85.0
0.2385,1.3675718109886332,373.3773721807268,0.0,0.0,1.0,1.0,0.0,0.0,0.0,372.66816768562103,373.27881513016337,0.0,85.0
0.2386,1.404909531989772,373.3769754515722,0.0,0.0,1.0,1.0,0.0,0.0,0.0,372.66816768562103,373.27881513016337,0.0,85.0
0.2387,1.442247191329309,373.3761493337165,0.0,0.0,1.0,1.0,0.0,0.0,0.0,372.66816768562103,373.27881513016337,0.0,85.0
0.2388,1.479584756660498,373.3751865315551,0.0,0.0,1.0,1.0,0.0,0.0,0.0,372.66816768562103,373.27881513016337,0.0,85.0
0.2389,1.5169222512587592,373.3748665925833,0.0,0.0,1.0,1.0,0.0,0.0,0.0,372.66816768562103,373.27881513016337,0.0,85.0
0.239,1.5542597379179786,373.3748665925833,0.0,0.0,1.0,1.0,0.0,0.0,0.0,372.66816768562103,373.27881513016337,0.0,85.0
0.2391,1.5915972245772083,373.3748665925833,0.0,0.0,1.0,1.0,0.0,0.0,0.0,372.66816768562103,373.27881513016337,0.0,85.0
0.2392,1.6289347112364276,373.3748665925833,0.0,0.0,1.0,1.0,0.0,0.0,0.0,372.66816768562103,373.27881513016337,0.0,85.0
0.2393,1.6662721978956574,373.3748665925833,0.0,0.0,1.0,1.0,0.0,0.0,0.0,372.66816768562103,373.27881513016337,0.0,85.0
0.2394,1.7036096844562234,373.37485767395617,0.0,0.0,1.0,1.0,0.0,0.0,0.0,372.66816768562103,373.27881513016337,0.0,85.0
0.2395,1.740947161503308,373.3746153270126,0.0,0.0,1.0,1.0,0.0,0.0,0.0,372.66816768562103,373.27881513016337,0.0,85.0
0.2396,1.7782845926259636,373.37393848128175,0.0,0.0,1.0,1.0,0.0,0.0,0.0,372.66816768562103,373.27881513016337,0.0,85.0
0.2397,1.8156219394024757,373.3729739980618,0.0,0.0,1.0,1.0,0.0,0.0,0.0,372.66816768562103,373.27881513016337,0.0,85.0
0.2398,1.8529591891118684,373.3720615621087,0.0,0.0,1.0,1.0,0.0,0.0,0.0,372.66816768562103,373.27881513016337,0.0,85.0
0.2399,1.8902963664829406,373.371590445863,0.0,0.0,1.0,1.0,0.0,0.0,0.0,372.66816768562103,373.27881513016337,0.0,85.0
0.24,1.9276335245525382,373.3715801515054,0.0,0.0,1.0,1.0,0.0,0.0,0.0,372.66816768562103,373.27881513016337,0.0,85.0
0.2401,1.9649706825676603,373.3715801515054,0.0,0.0,1.0,1.0,0.0,0.0,0.0,372.66816768562103,373.27881513016337,0.0,85.0
0.2402,2.002307840582772,373.3715801515054,0.0,0.0,1.0,1.0,0.0,0.0,0.0,372.66816768562103,373.27881513016337,0.0,85.0
0.2403,2.0396449985978937,373.3715801515054,0.0,0.0,1.0,1.0,0.0,0.0,0.0,372.66816768562103,373.27881513016337,0.0,85.0
0.2404,2.0769821566130053,373.3715801515054,0.0,0.0,1.0,1.0,0.0,0.0,0.0,372.66816768562103,373.27881513016337,0.0,85.0
0.2405,2.114319314628117,373.3715801515054,0.0,1.0,1.0,3.0,0.0,0.0,0.0,373.9991254273567,373.45889270446173,0.0,86.0
0.2406,2.151656472643239,373.3715801515054,0.0,1.0,1.0,3.0,0.0,0.0,0.0,373.9991254273567,373.45889270446173,0.0,86.0
0.2407,2.1889936306583504,373.3715801515054,0.0,1.0,1.0,3.0,0.0,0.0,0.0,373.9991254273567,373.45889270446173,0.0,86.0
0.2408,2.226330788673462,373.3715801515054,0.0,1.0,1.0,3.0,0.0,0.0,0.0,373.9991254273567,373.45889270446173,0.0,86.0
0.2409,2.263667946688584,373.3715801515054,0.0,1.0,1.0,3.0,0.0,0.0,0.0,373.9991254273567,373.45889270446173,0.0,86.0
0.241,2.3010051047036955,373.3715801515054,0.0,1.0,1.0,3.0,0.0,0.0,0.0,373.9991254273567,373.45889270446173,0.0,86.0
0.2411,2.3383422627188173,373.3715801515054,0.0,1.0,1.0,3.0,0.0,0.0,0.0,373.9991254273567,373.45889270446173,0.0,86.0
0.2412,2.375679420733929,373.3715801515054,0.0,1.0,1.0,3.0,0.0,0.0,0.0,373.9991254273567,373.45889270446173,0.0,86.0
0.2413,2.413016577305867,373.3715221555871,0.0,1.0,1.0,3.0,0.0,0.0,0.0,373.9991254273567,373.45889270446173,0.0,86.0
0.2414,2.4503537144744962,373.37115035678994,0.0,1.0,1.0,3.0,0.0,0.0,0.0,373.9991254273567,373.45889270446173,0.0,86.0
0.2415,2.487690792657554,373.370349776308,0.0,1.0,1.0,3.0,0.0,0.0,0.0,373.9991254273567,373.45889270446173,0.0,86.0
0.2416,2.5250277785077393,373.36939045659994,0.0,1.0,1.0,3.0,0.0,0.0,0.0,373.9991254273567,373.45889270446173,0.0,86.0
0.2417,2.5623646919075926,373.36904261148993,0.0,1.0,1.0,3.0,0.0,0.0,0.0,373.9991254273567,373.45889270446173,0.0,86.0
0.2418,2.5997015961687038,373.36904261148993,0.0,1.0,1.0,3.0,0.0,0.0,0.0,373.9991254273567,373.45889270446173,0.0,86.0
0.2419,2.637038500429826,373.36904261148993,0.0,1.0,1.0,3.0,0.0,0.0,0.0,373.9991254273567,373.45889270446173,0.0,86.0
0.242,2.674375404690937,373.36904261148993,0.0,1.0,1.0,3.0,0.0,0.0,0.0,373.9991254273567,373.45889270446173,0.0,86.0
0.2421,2.7117123089520594,373.36904261148993,0.0,1.0,1.0,3.0,0.0,0.0,0.0,373.9991254273567,373.45889270446173,0.0,86.0
0.2422,2.749049213153464,373.3690364682853,0.0,1.0,1.0,3.0,0.0,0.0,0.0,373.9991254273567,373.45889270446173,0.0,86.0
0.2423,2.7863861090423616,373.3688156217934,0.0,1.0,1.0,3.0,0.0,0.0,0.0,373.9991254273567,373.45889270446173,0.0,86.0
0.2424,2.823722961506149,373.36816430202043,0.0,1.0,1.0,3.0,0.0,0.0,0.0,373.9991254273567,373.45889270446173,0.0,86.0
0.2425,2.8610597317853377,373.3672159972349,0.0,1.0,1.0,3.0,0.0,0.0,0.0,373.9991254273567,373.45889270446173,0.0,86.0
0.2426,2.898396405887453,373.3663047980662,0.0,1.0,1.0,3.0,0.0,0.0,0.0,373.9991254273567,373.45889270446173,0.0,86.0
0.2427,2.9357330070152736,373.36582009956595,0.0,1.0,1.0,3.0,0.0,0.0,0.0,373.9991254273567,373.45889270446173,0.0,86.0
0.2428,2.9730695877231823,373.36580622302387,0.0,1.0,1.0,3.0,0.0,0.0,0.0,373.9991254273567,373.45889270446173,0.0,86.0
0.2429,3.0104061683454555,373.36580622302387,0.0,1.0,1.0,3.0,0.0,0.0,0.0,373.9991254273567,373.45889270446173,0.0,86.0
0.243,3.0477427489677185,373.36580622302387,0.0,1.0,1.0,3.0,0.0,0.0,0.0,373.9991254273567,373.45889270446173,0.0,86.0
0.2431,3.0850793295899916,373.36580622302387,0.0,1.0,1.0,3.0,0.0,0.0,0.0,373.9991254273567,373.45889270446173,0.0,86.0
0.2432,3.1224159102122546,373.36580622302387,0.0,1.0,1.0,3.0,0.0,0.0,0.0,373.9991254273567,373.45889270446173,0.0,86.0
0.2433,-3.1234328163450686,373.36580622302387,0.0,1.0,0.0,2.0,0.0,0.0,0.0,372.66816768562103,373.26121144975156,0.0,87.0
0.2434,-3.0860962357227955,373.36580622302387,0.0,1.0,0.0,2.0,0.0,0.0,0.0,372.66816768562103,373.26121144975156,0.0,87.0
0.2435,-3.0487596551005325,373.36580622302387,0.0,1.0,0.0,2.0,0.0,0.0,0.0,372.66816768562103,373.26121144975156,0.0,87.0
0.2436,-3.0114230744782593,373.36580622302387,0.0,1.0,0.0,2.0,0.0,0.0,0.0,372.66816768562103,373.26121144975156,0.0,87.0
0.2437,-2.9740864938559963,373.36580622302387,0.0,1.0,0.0,2.0,0.0,0.0,0.0,372.66816768562103,373.26121144975156,0.0,87.0
0.2438,-2.9367499132337334,373.36580622302387,0.0,1.0,0.0,2.0,0.0,0.0,0.0,372.66816768562103,373.26121144975156,0.0,87.0
0.2439,-2.89941333261146,373.36580622302387,0.0,1.0,0.0,2.0,0.0,0.0,0.0,372.66816768562103,373.26121144975156,0.0,87.0
0.244,-2.862076751989197,373.36580622302387,0.0,1.0,0.0,2.0,0.0,0.0,0.0,372.66816768562103,373.26121144975156,0.0,87.0
0.2441,-2.8247401725103,373.3657574563377,0.0,1.0,0.0,2.0,0.0,0.0,0.0,372.66816768562103,373.26121144975156,0.0,87.0
0.2442,-2.7874036106727442,373.3654100758755,0.0,1.0,0.0,2.0,0.0,0.0,0.0,372.66816768562103,373.26121144975156,0.0,87.0
0.2443,-2.750067105158314,373.364635314357,0.0,1.0,0.0,2.0,0.0,0.0,0.0,372.66816768562103,373.26121144975156,0.0,87.0
0.2444,-2.7127306902244737,373.3636807564987,0.0,1.0,0.0,2.0,0.0,0.0,0.0,372.66816768562103,373.26121144975156,0.0,87.0
0.2445,-2.6753943493510883,373.3633041803313,0.0,1.0,0.0,2.0,0.0,0.0,0.0,372.66816768562103,373.26121144975156,0.0,87.0
0.2446,-2.6380580189330853,373.3633041803313,0.0,1.0,0.0,2.0,0.0,0.0,0.0,372.66816768562103,373.26121144975156,0.0,87.0
0.2447,-2.600721688515093,373.3633041803313,0.0,1.0,0.0,2.0,0.0,0.0,0.0,372.66816768562103,373.26121144975156,0.0,87.0
0.2448,-2.5633853580971007,373.3633041803313,0.0,1.0,0.0,2.0,0.0,0.0,0.0,372.66816768562103,373.26121144975156,0.0,87.0
0.2449,-2.5260490276790977,373.3633041803313,0.0,1.0,0.0,2.0,0.0,0.0,0.0,372.66816768562103,373.26121144975156,0.0,87.0
0.245,-2.4887126972945186,373.3633001903632,0.0,1.0,0.0,2.0,0.0,0.0,0.0,372.66816768562103,373.26121144975156,0.0,87.0
0.2451,-2.451376374116298,373.36310012665444,0.0,1.0,0.0,2.0,0.0,0.0,0.0,372.66816768562103,373.26121144975156,0.0,87.0
0.2452,-2.414040091889639,373.36247443588894,0.0,1.0,0.0,2.0,0.0,0.0,0.0,372.66816768562103,373.26121144975156,0.0,87.0
0.2453,-2.3767038896574393,373.3615427016551,0.0,1.0,0.0,2.0,0.0,0.0,0.0,372.66816768562103,373.26121144975156,0.0,87.0
0.2454,-2.339367782675044,373.36063304218294,0.0,1.0,0.0,2.0,0.0,0.0,0.0,372.66816768562103,373.26121144975156,0.0,87.0
0.2455,-2.3020317492867917,373.3601347572861,0.0,1.0,0.0,2.0,0.0,0.0,0.0,372.66816768562103,373.26121144975156,0.0,87.0
0.2456,-2.2646957374917807,373.360116670013,0.0,1.0,0.0,2.0,0.0,0.0,0.0,372.66816768562103,373.26121144975156,0.0,87.0
0.2457,-2.2273597258248143,373.360116670013,0.0,1.0,0.0,2.0,0.0,0.0,0.0,372.66816768562103,373.26121144975156,0.0,87.0
0.2458,-2.190023714157848,373.360116670013,0.0,1.0,0.0,2.0,0.0,0.0,0.0,372.66816768562103,373.26121144975156,0.0,87.0
0.2459,-2.1526877024908715,373.360116670013,0.0,1.0,0.0,2.0,0.0,0.0,0.0,372.66816768562103,373.26121144975156,0.0,87.0
0.246,-2.115351690823905,373.360116670013,0.0,1.0,0.0,2.0,0.0,0.0,0.0,372.66816768562103,373.26121144975156,0.0,87.0
0.2461,-2.0780156791569286,373.360116670013,1.0,1.0,0.0,6.0,0.0,0.0,0.0,373.9991254273567,373.44568994415283,0.0,88.0
0.2462,-2.0406796674899623,373.360116670013,1.0,1.0,0.0,6.0,0.0,0.0,0.0,373.9991254273567,373.44568994415283,0.0,88.0
0.2463,-2.003343655822996,373.360116670013,1.0,1.0,0.0,6.0,0.0,0.0,0.0,373.9991254273567,373.44568994415283,0.0,88.0
0.2464,-1.9660076441560197,373.360116670013,1.0,1.0,0.0,6.0,0.0,0.0,0.0,373.9991254273567,373.44568994415283,0.0,88.0
0.2465,-1.9286716324890538,373.360116670013,1.0,1.0,0.0,6.0,0.0,0.0,0.0,373.9991254273567,373.44568994415283,0.0,88.0
0.2466,-1.8913356208220775,373.360116670013,1.0,1.0,0.0,6.0,0.0,0.0,0.0,373.9991254273567,373.44568994415283,0.0,88.0
0.2467,-1.8539996091551116,373.360116670013,1.0,1.0,0.0,6.0,0.0,0.0,0.0,373.9991254273567,373.44568994415283,0.0,88.0
0.2468,-1.8166635974881458,373.360116670013,1.0,1.0,0.0,6.0,0.0,0.0,0.0,373.9991254273567,373.44568994415283,0.0,88.0
0.2469,-1.77932758671264,373.36007615400825,1.0,1.0,0.0,6.0,0.0,0.0,0.0,373.9991254273567,373.44568994415283,0.0,88.0
0.247,-1.7419915918994213,373.359752643116,1.0,1.0,0.0,6.0,0.0,0.0,0.0,373.9991254273567,373.44568994415283,0.0,88.0
0.2471,-1.704655650764038,373.35900395013755,1.0,1.0,0.0,6.0,0.0,0.0,0.0,373.9991254273567,373.44568994415283,0.0,88.0
0.2472,-1.6673197983825054,373.3580554212803,1.0,1.0,0.0,6.0,0.0,0.0,0.0,373.9991254273567,373.44568994415283,0.0,88.0
0.2473,-1.6299840215530554,373.3576493561975,1.0,1.0,0.0,6.0,0.0,0.0,0.0,373.9991254273567,373.44568994415283,0.0,88.0
0.2474,-1.5926482566174631,373.3576493561975,1.0,1.0,0.0,6.0,0.0,0.0,0.0,373.9991254273567,373.44568994415283,0.0,88.0
0.2475,-1.555312491681881,373.3576493561975,1.0,1.0,0.0,6.0,0.0,0.0,0.0,373.9991254273567,373.44568994415283,0.0,88.0
0.2476,-1.517976726746299,373.3576493561975,1.0,1.0,0.0,6.0,0.0,0.0,0.0,373.9991254273567,373.44568994415283,0.0,88.0
0.2477,-1.4806409618107066,373.3576493561975,1.0,1.0,0.0,6.0,0.0,0.0,0.0,373.9991254273567,373.44568994415283,0.0,88.0
0.2478,-1.4433051968919393,373.35764696301084,1.0,1.0,0.0,6.0,0.0,0.0,0.0,373.9991254273567,373.44568994415283,0.0,88.0
0.2479,-1.4059694381683163,373.3574668990223,1.0,1.0,0.0,6.0,0.0,0.0,0.0,373.9991254273567,373.44568994415283,0.0,88.0
0.248,-1.3686337179526213,373.3568669200793,1.0,1.0,0.0,6.0,0.0,0.0,0.0,373.9991254273567,373.44568994415283,0.0,88.0
0.2481,-1.3312980755129349,373.3559521612928,1.0,1.0,0.0,6.0,0.0,0.0,0.0,373.9991254273567,373.44568994415283,0.0,88.0
0.2482,-1.2939625273561792,373.35504437724876,1.0,1.0,0.0,6.0,0.0,0.0,0.0,373.9991254273567,373.44568994415283,0.0,88.0
0.2483,-1.2566270533934936,373.3545325432644,1.0,1.0,0.0,6.0,0.0,0.0,0.0,373.9991254273567,373.44568994415283,0.0,88.0
0.2484,-1.2192916022508837,373.3545095871116,1.0,1.0,0.0,6.0,0.0,0.0,0.0,373.9991254273567,373.44568994415283,0.0,88.0
0.2485,-1.1819561512922123,373.3545095871116,1.0,1.0,0.0,6.0,0.0,0.0,0.0,373.9991254273567,373.44568994415283,0.0,88.0
0.2486,-1.144620700333541,373.3545095871116,1.0,1.0,0.0,6.0,0.0,0.0,0.0,373.9991254273567,373.44568994415283,0.0,88.0
0.2487,-1.1072852493748593,373.3545095871116,1.0,1.0,0.0,6.0,0.0,0.0,0.0,373.9991254273567,373.44568994415283,0.0,88.0
0.2488,-1.0699497984161879,373.3545095871116,1.0,1.0,0.0,6.0,0.0,0.0,0.0,373.9991254273567,373.44568994415283,0.0,88.0
0.2489,-1.0326143474575062,373.3545095871116,1.0,0.0,0.0,4.0,0.0,0.0,0.0,372.66816768562103,373.25130937951985,0.0,89.0
0.249,-0.9952788964988348,373.3545095871116,1.0,0.0,0.0,4.0,0.0,0.0,0.0,372.66816768562103,373.25130937951985,0.0,89.0
0.2491,-0.9579434455401616,373.3545095871116,1.0,0.0,0.0,4.0,0.0,0.0,0.0,372.66816768562103,373.25130937951985,0.0,89.0
0.2492,-0.920607994581478,373.3545095871116,1.0,0.0,0.0,4.0,0.0,0.0,0.0,372.66816768562103,373.25130937951985,0.0,89.0
0.2493,-0.8832725436228048,373.3545095871116,1.0,0.0,0.0,4.0,0.0,0.0,0.0,372.66816768562103,373.25130937951985,0.0,89.0
0.2494,-0.8459370926641212,373.3545095871116,1.0,0.0,0.0,4.0,0.0,0.0,0.0,372.66816768562103,373.25130937951985,0.0,89.0
0.2495,-0.808601641705448,373.3545095871116,1.0,0.0,0.0,4.0,0.0,0.0,0.0,372.66816768562103,373.25130937951985,0.0,89.0
0.2496,-0.7712661907467748,373.3545095871116,1.0,0.0,0.0,4.0,0.0,0.0,0.0,372.66816768562103,373.25130937951985,0.0,89.0
0.2497,-0.7339307404706016,373.3544763835246,1.0,0.0,0.0,4.0,0.0,0.0,0.0,372.66816768562103,373.25130937951985,0.0,89.0
0.2498,-0.6965953045633584,373.35417615600727,1.0,0.0,0.0,4.0,0.0,0.0,0.0,372.66816768562103,373.25130937951985,0.0,89.0
0.2499,-0.6592599197094632,373.3534537471439,1.0,0.0,0.0,4.0,0.0,0.0,0.0,372.66816768562103,373.25130937951985,0.0,89.0
0.25,-0.6219246217108826,373.35251249858305,1.0,0.0,0.0,4.0,0.0,0.0,0.0,372.66816768562103,373.25130937951985,0.0,89.0
