time_s,mechanical_angle_rad,speed_rad_s,hall_a,hall_b,hall_c,hall_code,hall_transition_class,hall_direction,hall_legal_event,speed_raw_rad_s,speed_filtered_rad_s,timeout,legal_edge_count
0.0,0.0,100.0,1.0,0.0,1.0,5.0,0.0,0.0,0.0,0.0,0.0,0.0,0.0
0.0001,0.010000000000000005,100.0,1.0,0.0,1.0,5.0,0.0,0.0,0.0,0.0,0.0,0.0,0.0
0.0002,0.020000000000000014,100.0,1.0,0.0,1.0,5.0,0.0,0.0,0.0,0.0,0.0,0.0,0.0
0.0003,0.030000000000000013,100.0,1.0,0.0,1.0,5.0,0.0,0.0,0.0,0.0,0.0,0.0,0.0
0.0004,0.04000000000000001,100.0,1.0,0.0,1.0,5.0,0.0,0.0,0.0,0.0,0.0,0.0,0.0
0.0005,0.05,100.0,1.0,0.0,1.0,5.0,0.0,0.0,0.0,0.0,0.0,0.0,0.0
0.0006,0.05999999999999999,100.0,1.0,0.0,1.0,5.0,0.0,0.0,0.0,0.0,0.0,0.0,0.0
0.0007,0.07,100.0,1.0,0.0,1.0,5.0,0.0,0.0,0.0,0.0,0.0,0.0,0.0
0.0008,0.08000000000000002,100.0,1.0,0.0,1.0,5.0,0.0,0.0,0.0,0.0,0.0,0.0,0.0
0.0009,0.08999999999999998,100.0,1.0,0.0,1.0,5.0,0.0,0.0,0.0,0.0,0.0,0.0,0.0
0.001,0.09999999999999999,100.0,1.0,0.0,1.0,5.0,0.0,0.0,0.0,0.0,0.0,0.0,0.0
0.0011,0.11,100.0,1.0,0.0,1.0,5.0,0.0,0.0,0.0,0.0,0.0,0.0,0.0
0.0012,0.11999999999999997,100.0,1.0,0.0,1.0,5.0,0.0,0.0,0.0,0.0,0.0,0.0,0.0
0.0013,0.12999999999999995,100.0,1.0,0.0,1.0,5.0,0.0,0.0,0.0,0.0,0.0,0.0,0.0
0.0014,0.13999999999999993,100.0,1.0,0.0,1.0,5.0,0.0,0.0,0.0,0.0,0.0,0.0,0.0
0.0015,0.1499999999999999,100.0,1.0,0.0,1.0,5.0,0.0,0.0,0.0,0.0,0.0,0.0,0.0
0.0016,0.1599999999999999,100.0,1.0,0.0,1.0,5.0,0.0,0.0,0.0,0.0,0.0,0.0,0.0
0.0017,0.16999999999999985,100.0,1.0,0.0,1.0,5.0,0.0,0.0,0.0,0.0,0.0,0.0,0.0
0.0018,0.17999999999999983,100.0,1.0,0.0,1.0,5.0,0.0,0.0,0.0,0.0,0.0,0.0,0.0
0.0019,0.1899999999999998,100.0,1.0,0.0,1.0,5.0,0.0,0.0,0.0,0.0,0.0,0.0,0.0
0.002,0.19999999999999982,100.0,1.0,0.0,1.0,5.0,0.0,0.0,0.0,0.0,0.0,0.0,0.0
0.0021,0.20999999999999977,100.0,1.0,0.0,1.0,5.0,0.0,0.0,0.0,0.0,0.0,0.0,0.0
0.0022,0.21999999999999978,100.0,1.0,0.0,1.0,5.0,0.0,0.0,0.0,0.0,0.0,0.0,0.0
0.0023,0.22999999999999973,100.0,1.0,0.0,1.0,5.0,0.0,0.0,0.0,0.0,0.0,0.0,0.0
0.0024,0.23999999999999969,100.0,1.0,0.0,1.0,5.0,0.0,0.0,0.0,0.0,0.0,0.0,0.0
0.0025,0.24999999999999972,100.0,1.0,0.0,1.0,5.0,0.0,0.0,0.0,0.0,0.0,0.0,0.0
0.0026,0.25999999999999973,100.0,1.0,0.0,1.0,5.0,0.0,0.0,0.0,0.0,0.0,0.0,0.0
0.0027,0.26999999999999974,100.0,0.0,0.0,1.0,1.0,0.0,0.0,0.0,0.0,0.0,0.0,1.0
0.0028,0.27999999999999975,100.0,0.0,0.0,1.0,1.0,0.0,0.0,0.0,0.0,0.0,0.0,1.0
0.0029,0.28999999999999976,100.0,0.0,0.0,1.0,1.0,0.0,0.0,0.0,0.0,0.0,0.0,1.0
0.003,0.29999999999999977,100.0,0.0,0.0,1.0,1.0,0.0,0.0,0.0,0.0,0.0,0.0,1.0
0.0031,0.3099999999999998,100.0,0.0,0.0,1.0,1.0,0.0,0.0,0.0,0.0,0.0,0.0,1.0
0.0032,0.3199999999999998,100.0,0.0,0.0,1.0,1.0,0.0,0.0,0.0,0.0,0.0,0.0,1.0
0.0033,0.3299999999999998,100.0,0.0,0.0,1.0,1.0,0.0,0.0,0.0,0.0,0.0,0.0,1.0
0.0034,0.3399999999999998,100.0,0.0,0.0,1.0,1.0,0.0,0.0,0.0,0.0,0.0,0.0,1.0
0.0035,0.3499999999999998,100.0,0.0,0.0,1.0,1.0,0.0,0.0,0.0,0.0,0.0,0.0,1.0
0.0036,0.3599999999999998,100.0,0.0,0.0,1.0,1.0,0.0,0.0,0.0,0.0,0.0,0.0,1.0
0.0037,0.36999999999999983,100.0,0.0,0.0,1.0,1.0,0.0,0.0,0.0,0.0,0.0,0.0,1.0
0.0038,0.37999999999999984,100.0,0.0,0.0,1.0,1.0,0.0,0.0,0.0,0.0,0.0,0.0,1.0
0.0039,0.38999999999999985,100.0,0.0,0.0,1.0,1.0,0.0,0.0,0.0,0.0,0.0,0.0,1.0
0.004,0.4000000000000003,100.0,0.0,0.0,1.0,1.0,0.0,0.0,0.0,0.0,0.0,0.0,1.0
0.0041,0.41000000000000075,100.0,0.0,0.0,1.0,1.0,0.0,0.0,0.0,0.0,0.0,0.0,1.0
0.0042,0.42000000000000115,100.0,0.0,0.0,1.0,1.0,0.0,0.0,0.0,0.0,0.0,0.0,1.0
0.0043,0.4300000000000016,100.0,0.0,0.0,1.0,1.0,0.0,0.0,0.0,0.0,0.0,0.0,1.0
0.0044,0.44000000000000206,100.0,0.0,0.0,1.0,1.0,0.0,0.0,0.0,0.0,0.0,0.0,1.0
0.0045,0.45000000000000245,100.0,0.0,0.0,1.0,1.0,0.0,0.0,0.0,0.0,0.0,0.0,1.0
0.0046,0.4600000000000029,100.0,0.0,0.0,1.0,1.0,0.0,0.0,0.0,0.0,0.0,0.0,1.0
0.0047,0.47000000000000336,100.0,0.0,0.0,1.0,1.0,0.0,0.0,0.0,0.0,0.0,0.0,1.0
0.0048,0.48000000000000376,100.0,0.0,0.0,1.0,1.0,0.0,0.0,0.0,0.0,0.0,0.0,1.0
0.0049,0.4900000000000042,100.0,0.0,0.0,1.0,1.0,0.0,0.0,0.0,0.0,0.0,0.0,1.0
0.005,0.5000000000000047,100.0,0.0,0.0,1.0,1.0,0.0,0.0,0.0,0.0,0.0,0.0,1.0
0.0051,0.5100000000000052,100.0,0.0,0.0,1.0,1.0,0.0,0.0,0.0,0.0,0.0,0.0,1.0
0.0052,0.5200000000000055,100.0,0.0,0.0,1.0,1.0,0.0,0.0,0.0,0.0,0.0,0.0,1.0
0.0053,0.530000000000006,100.0,0.0,1.0,1.0,3.0,0.0,0.0,0.0,99.92343045769069,99.92343045769069,0.0,2.0
0.0054,0.5400000000000066,100.0,0.0,1.0,1.0,3.0,0.0,0.0,0.0,99.92343045769069,99.92343045769069,0.0,2.0
0.0055,0.5500000000000068,100.0,0.0,1.0,1.0,3.0,0.0,0.0,0.0,99.92343045769069,99.92343045769069,0.0,2.0
0.0056,0.5600000000000074,100.0,0.0,1.0,1.0,3.0,0.0,0.0,0.0,99.92343045769069,99.92343045769069,0.0,2.0
0.0057,0.570000000000008,100.0,0.0,1.0,1.0,3.0,0.0,0.0,0.0,99.92343045769069,99.92343045769069,0.0,2.0
0.0058,0.5800000000000082,100.0,0.0,1.0,1.0,3.0,0.0,0.0,0.0,99.92343045769069,99.92343045769069,0.0,2.0
0.0059,0.5900000000000087,100.0,0.0,1.0,1.0,3.0,0.0,0.0,0.0,99.92343045769069,99.92343045769069,0.0,2.0
0.006,0.6000000000000093,100.0,0.0,1.0,1.0,3.0,0.0,0.0,0.0,99.92343045769069,99.92343045769069,0.0,2.0
0.0061,0.6100000000000099,100.0,0.0,1.0,1.0,3.0,0.0,0.0,0.0,99.92343045769069,99.92343045769069,0.0,2.0
0.0062,0.6200000000000101,100.0,0.0,1.0,1.0,3.0,0.0,0.0,0.0,99.92343045769069,99.92343045769069,0.0,2.0
0.0063,0.6300000000000107,100.0,0.0,1.0,1.0,3.0,0.0,0.0,0.0,99.92343045769069,99.92343045769069,0.0,2.0
0.0064,0.6400000000000112,100.0,0.0,1.0,1.0,3.0,0.0,0.0,0.0,99.92343045769069,99.92343045769069,0.0,2.0
0.0065,0.6500000000000115,100.0,0.0,1.0,1.0,3.0,0.0,0.0,0.0,99.92343045769069,99.92343045769069,0.0,2.0
0.0066,0.660000000000012,100.0,0.0,1.0,1.0,3.0,0.0,0.0,0.0,99.92343045769069,99.92343045769069,0.0,2.0
0.0067,0.6700000000000126,100.0,0.0,1.0,1.0,3.0,0.0,0.0,0.0,99.92343045769069,99.92343045769069,0.0,2.0
0.0068,0.6800000000000128,100.0,0.0,1.0,1.0,3.0,0.0,0.0,0.0,99.92343045769069,99.92343045769069,0.0,2.0
0.0069,0.6900000000000134,100.0,0.0,1.0,1.0,3.0,0.0,0.0,0.0,99.92343045769069,99.92343045769069,0.0,2.0
0.007,0.7000000000000139,100.0,0.0,1.0,1.0,3.0,0.0,0.0,0.0,99.92343045769069,99.92343045769069,0.0,2.0
0.0071,0.7100000000000145,100.0,0.0,1.0,1.0,3.0,0.0,0.0,0.0,99.92343045769069,99.92343045769069,0.0,2.0
0.0072,0.7200000000000147,100.0,0.0,1.0,1.0,3.0,0.0,0.0,0.0,99.92343045769069,99.92343045769069,0.0,2.0
0.0073,0.7300000000000153,100.0,0.0,1.0,1.0,3.0,0.0,0.0,0.0,99.92343045769069,99.92343045769069,0.0,2.0
0.0074,0.7400000000000159,100.0,0.0,1.0,1.0,3.0,0.0,0.0,0.0,99.92343045769069,99.92343045769069,0.0,2.0
0.0075,0.7500000000000161,100.0,0.0,1.0,1.0,3.0,0.0,0.0,0.0,99.92343045769069,99.92343045769069,0.0,2.0
0.0076,0.7600000000000167,100.0,0.0,1.0,1.0,3.0,0.0,0.0,0.0,99.92343045769069,99.92343045769069,0.0,2.0
0.0077,0.7700000000000172,100.0,0.0,1.0,1.0,3.0,0.0,0.0,0.0,99.92343045769069,99.92343045769069,0.0,2.0
0.0078,0.7800000000000175,100.0,0.0,1.0,1.0,3.0,0.0,0.0,0.0,99.92343045769069,99.92343045769069,0.0,2.0
0.0079,0.7900000000000179,100.0,0.0,1.0,0.0,2.0,0.0,0.0,0.0,99.92343045769064,99.92343045769067,0.0,3.0
0.008,0.8000000000000181,100.0,0.0,1.0,0.0,2.0,0.0,0.0,0.0,99.92343045769064,99.92343045769067,0.0,3.0
0.0081,0.8100000000000184,100.0,0.0,1.0,0.0,2.0,0.0,0.0,0.0,99.92343045769064,99.92343045769067,0.0,3.0
0.0082,0.8200000000000188,100.0,0.0,1.0,0.0,2.0,0.0,0.0,0.0,99.92343045769064,99.92343045769067,0.0,3.0
0.0083,0.8300000000000191,100.0,0.0,1.0,0.0,2.0,0.0,0.0,0.0,99.92343045769064,99.92343045769067,0.0,3.0
0.0084,0.8400000000000193,100.0,0.0,1.0,0.0,2.0,0.0,0.0,0.0,99.92343045769064,99.92343045769067,0.0,3.0
0.0085,0.8500000000000197,100.0,0.0,1.0,0.0,2.0,0.0,0.0,0.0,99.92343045769064,99.92343045769067,0.0,3.0
0.0086,0.86000000000002,100.0,0.0,1.0,0.0,2.0,0.0,0.0,0.0,99.92343045769064,99.92343045769067,0.0,3.0
0.0087,0.8700000000000202,100.0,0.0,1.0,0.0,2.0,0.0,0.0,0.0,99.92343045769064,99.92343045769067,0.0,3.0
0.0088,0.8800000000000207,100.0,0.0,1.0,0.0,2.0,0.0,0.0,0.0,99.92343045769064,99.92343045769067,0.0,3.0
0.0089,0.8900000000000209,100.0,0.0,1.0,0.0,2.0,0.0,0.0,0.0,99.92343045769064,99.92343045769067,0.0,3.0
0.009,0.9000000000000211,100.0,0.0,1.0,0.0,2.0,0.0,0.0,0.0,99.92343045769064,99.92343045769067,0.0,3.0
0.0091,0.9100000000000216,100.0,0.0,1.0,0.0,2.0,0.0,0.0,0.0,99.92343045769064,99.92343045769067,0.0,3.0
0.0092,0.9200000000000218,100.0,0.0,1.0,0.0,2.0,0.0,0.0,0.0,99.92343045769064,99.92343045769067,0.0,3.0
0.0093,0.930000000000022,100.0,0.0,1.0,0.0,2.0,0.0,0.0,0.0,99.92343045769064,99.92343045769067,0.0,3.0
0.0094,0.9400000000000225,100.0,0.0,1.0,0.0,2.0,0.0,0.0,0.0,99.92343045769064,99.92343045769067,0.0,3.0
0.0095,0.9500000000000227,100.0,0.0,1.0,0.0,2.0,0.0,0.0,0.0,99.92343045769064,99.92343045769067,0.0,3.0
0.0096,0.960000000000023,100.0,0.0,1.0,0.0,2.0,0.0,0.0,0.0,99.92343045769064,99.92343045769067,0.0,3.0
0.0097,0.9700000000000234,100.0,0.0,1.0,0.0,2.0,0.0,0.0,0.0,99.92343045769064,99.92343045769067,0.0,3.0
0.0098,0.9800000000000236,100.0,0.0,1.0,0.0,2.0,0.0,0.0,0.0,99.92343045769064,99.92343045769067,0.0,3.0
0.0099,0.9900000000000241,100.0,0.0,1.0,0.0,2.0,0.0,0.0,0.0,99.92343045769064,99.92343045769067,0.0,3.0
0.01,1.0000000000000242,100.0,0.0,1.0,0.0,2.0,0.0,0.0,0.0,99.92343045769064,99.92343045769067,0.0,3.0
0.0101,1.0100000000000233,100.0,0.0,1.0,0.0,2.0,0.0,0.0,0.0,99.92343045769064,99.92343045769067,0.0,3.0
0.0102,1.0200000000000227,100.0,0.0,1.0,0.0,2.0,0.0,0.0,0.0,99.92343045769064,99.92343045769067,0.0,3.0
0.0103,1.0300000000000218,100.0,0.0,1.0,0.0,2.0,0.0,0.0,0.0,99.92343045769064,99.92343045769067,0.0,3.0
0.0104,1.040000000000021,100.0,0.0,1.0,0.0,2.0,0.0,0.0,0.0,99.92343045769064,99.92343045769067,0.0,3.0
0.0105,1.0500000000000203,100.0,1.0,1.0,0.0,6.0,0.0,0.0,0.0,99.92343045769064,99.92343045769067,0.0,4.0
0.0106,1.0600000000000194,100.0,1.0,1.0,0.0,6.0,0.0,0.0,0.0,99.92343045769064,99.92343045769067,0.0,4.0
0.0107,1.0700000000000185,100.0,1.0,1.0,0.0,6.0,0.0,0.0,0.0,99.92343045769064,99.92343045769067,0.0,4.0
0.0108,1.0800000000000178,100.0,1.0,1.0,0.0,6.0,0.0,0.0,0.0,99.92343045769064,99.92343045769067,0.0,4.0
0.0109,1.090000000000017,100.0,1.0,1.0,0.0,6.0,0.0,0.0,0.0,99.92343045769064,99.92343045769067,0.0,4.0
0.011,1.100000000000016,100.0,1.0,1.0,0.0,6.0,0.0,0.0,0.0,99.92343045769064,99.92343045769067,0.0,4.0
0.0111,1.1100000000000154,100.0,1.0,1.0,0.0,6.0,0.0,0.0,0.0,99.92343045769064,99.92343045769067,0.0,4.0
0.0112,1.1200000000000145,100.0,1.0,1.0,0.0,6.0,0.0,0.0,0.0,99.92343045769064,99.92343045769067,0.0,4.0
0.0113,1.1300000000000137,100.0,1.0,1.0,0.0,6.0,0.0,0.0,0.0,99.92343045769064,99.92343045769067,0.0,4.0
0.0114,1.140000000000013,100.0,1.0,1.0,0.0,6.0,0.0,0.0,0.0,99.92343045769064,99.92343045769067,0.0,4.0
0.0115,1.1500000000000121,100.0,1.0,1.0,0.0,6.0,0.0,0.0,0.0,99.92343045769064,99.92343045769067,0.0,4.0
0.0116,1.1600000000000112,100.0,1.0,1.0,0.0,6.0,0.0,0.0,0.0,99.92343045769064,99.92343045769067,0.0,4.0
0.0117,1.1700000000000106,100.0,1.0,1.0,0.0,6.0,0.0,0.0,0.0,99.92343045769064,99.92343045769067,0.0,4.0
0.0118,1.1800000000000097,100.0,1.0,1.0,0.0,6.0,0.0,0.0,0.0,99.92343045769064,99.92343045769067,0.0,4.0
0.0119,1.190000000000009,100.0,1.0,1.0,0.0,6.0,0.0,0.0,0.0,99.92343045769064,99.92343045769067,0.0,4.0
0.012,1.2000000000000082,100.0,1.0,1.0,0.0,6.0,0.0,0.0,0.0,99.92343045769064,99.92343045769067,0.0,4.0
0.0121,1.2100000000000073,100.0,1.0,1.0,0.0,6.0,0.0,0.0,0.0,99.92343045769064,99.92343045769067,0.0,4.0
0.0122,1.2200000000000066,100.0,1.0,1.0,0.0,6.0,0.0,0.0,0.0,99.92343045769064,99.92343045769067,0.0,4.0
0.0123,1.2300000000000058,100.0,1.0,1.0,0.0,6.0,0.0,0.0,0.0,99.92343045769064,99.92343045769067,0.0,4.0
0.0124,1.2400000000000049,100.0,1.0,1.0,0.0,6.0,0.0,0.0,0.0,99.92343045769064,99.92343045769067,0.0,4.0
0.0125,1.2500000000000042,100.0,1.0,1.0,0.0,6.0,0.0,0.0,0.0,99.92343045769064,99.92343045769067,0.0,4.0
0.0126,1.2600000000000033,100.0,1.0,1.0,0.0,6.0,0.0,0.0,0.0,99.92343045769064,99.92343045769067,0.0,4.0
0.0127,1.2700000000000025,100.0,1.0,1.0,0.0,6.0,0.0,0.0,0.0,99.92343045769064,99.92343045769067,0.0,4.0
0.0128,1.2800000000000018,100.0,1.0,1.0,0.0,6.0,0.0,0.0,0.0,99.92343045769064,99.92343045769067,0.0,4.0
0.0129,1.290000000000001,100.0,1.0,1.0,0.0,6.0,0.0,0.0,0.0,99.92343045769064,99.92343045769067,0.0,4.0
0.013,1.3,100.0,1.0,1.0,0.0,6.0,0.0,0.0,0.0,99.92343045769064,99.92343045769067,0.0,4.0
0.0131,1.3099999999999994,100.0,1.0,0.0,0.0,4.0,0.0,0.0,0.0,100.30627885024883,100.01914255583021,0.0,5.0
0.0132,1.3199999999999985,100.0,1.0,0.0,0.0,4.0,0.0,0.0,0.0,100.30627885024883,100.01914255583021,0.0,5.0
0.0133,1.3299999999999976,100.0,1.0,0.0,0.0,4.0,0.0,0.0,0.0,100.30627885024883,100.01914255583021,0.0,5.0
0.0134,1.339999999999997,100.0,1.0,0.0,0.0,4.0,0.0,0.0,0.0,100.30627885024883,100.01914255583021,0.0,5.0
0.0135,1.349999999999996,100.0,1.0,0.0,0.0,4.0,0.0,0.0,0.0,100.30627885024883,100.01914255583021,0.0,5.0
0.0136,1.3599999999999952,100.0,1.0,0.0,0.0,4.0,0.0,0.0,0.0,100.30627885024883,100.01914255583021,0.0,5.0
0.0137,1.3699999999999946,100.0,1.0,0.0,0.0,4.0,0.0,0.0,0.0,100.30627885024883,100.01914255583021,0.0,5.0
0.0138,1.3799999999999937,100.0,1.0,0.0,0.0,4.0,0.0,0.0,0.0,100.30627885024883,100.01914255583021,0.0,5.0
0.0139,1.3899999999999928,100.0,1.0,0.0,0.0,4.0,0.0,0.0,0.0,100.30627885024883,100.01914255583021,0.0,5.0
0.014,1.3999999999999921,100.0,1.0,0.0,0.0,4.0,0.0,0.0,0.0,100.30627885024883,100.01914255583021,0.0,5.0
0.0141,1.4099999999999913,100.0,1.0,0.0,0.0,4.0,0.0,0.0,0.0,100.30627885024883,100.01914255583021,0.0,5.0
0.0142,1.4199999999999906,100.0,1.0,0.0,0.0,4.0,0.0,0.0,0.0,100.30627885024883,100.01914255583021,0.0,5.0
0.0143,1.4299999999999897,100.0,1.0,0.0,0.0,4.0,0.0,0.0,0.0,100.30627885024883,100.01914255583021,0.0,5.0
0.0144,1.4399999999999888,100.0,1.0,0.0,0.0,4.0,0.0,0.0,0.0,100.30627885024883,100.01914255583021,0.0,5.0
0.0145,1.4499999999999882,100.0,1.0,0.0,0.0,4.0,0.0,0.0,0.0,100.30627885024883,100.01914255583021,0.0,5.0
0.0146,1.4599999999999873,100.0,1.0,0.0,0.0,4.0,0.0,0.0,0.0,100.30627885024883,100.01914255583021,0.0,5.0
0.0147,1.4699999999999864,100.0,1.0,0.0,0.0,4.0,0.0,0.0,0.0,100.30627885024883,100.01914255583021,0.0,5.0
0.0148,1.4799999999999858,100.0,1.0,0.0,0.0,4.0,0.0,0.0,0.0,100.30627885024883,100.01914255583021,0.0,5.0
0.0149,1.489999999999985,100.0,1.0,0.0,0.0,4.0,0.0,0.0,0.0,100.30627885024883,100.01914255583021,0.0,5.0
0.015,1.499999999999984,100.0,1.0,0.0,0.0,4.0,0.0,0.0,0.0,100.30627885024883,100.01914255583021,0.0,5.0
0.0151,1.5099999999999834,100.0,1.0,0.0,0.0,4.0,0.0,0.0,0.0,100.30627885024883,100.01914255583021,0.0,5.0
0.0152,1.5199999999999825,100.0,1.0,0.0,0.0,4.0,0.0,0.0,0.0,100.30627885024883,100.01914255583021,0.0,5.0
0.0153,1.5299999999999816,100.0,1.0,0.0,0.0,4.0,0.0,0.0,0.0,100.30627885024883,100.01914255583021,0.0,5.0
0.0154,1.539999999999981,100.0,1.0,0.0,0.0,4.0,0.0,0.0,0.0,100.30627885024883,100.01914255583021,0.0,5.0
0.0155,1.54999999999998,100.0,1.0,0.0,0.0,4.0,0.0,0.0,0.0,100.30627885024883,100.01914255583021,0.0,5.0
0.0156,1.5599999999999792,100.0,1.0,0.0,0.0,4.0,0.0,0.0,0.0,100.30627885024883,100.01914255583021,0.0,5.0
0.0157,1.5699999999999783,100.0,1.0,0.0,0.0,4.0,0.0,0.0,0.0,100.30627885024883,100.01914255583021,0.0,5.0
0.0158,1.5799999999999776,100.0,1.0,0.0,1.0,5.0,0.0,0.0,0.0,99.92343045769051,99.99521453129529,0.0,6.0
0.0159,1.5899999999999768,100.0,1.0,0.0,1.0,5.0,0.0,0.0,0.0,99.92343045769051,99.99521453129529,0.0,6.0
0.016,1.5999999999999759,100.0,1.0,0.0,1.0,5.0,0.0,0.0,0.0,99.92343045769051,99.99521453129529,0.0,6.0
0.0161,1.609999999999975,100.0,1.0,0.0,1.0,5.0,0.0,0.0,0.0,99.92343045769051,99.99521453129529,0.0,6.0
0.0162,1.6199999999999741,100.0,1.0,0.0,1.0,5.0,0.0,0.0,0.0,99.92343045769051,99.99521453129529,0.0,6.0
0.0163,1.6299999999999732,100.0,1.0,0.0,1.0,5.0,0.0,0.0,0.0,99.92343045769051,99.99521453129529,0.0,6.0
0.0164,1.6399999999999726,100.0,1.0,0.0,1.0,5.0,0.0,0.0,0.0,99.92343045769051,99.99521453129529,0.0,6.0
0.0165,1.6499999999999717,100.0,1.0,0.0,1.0,5.0,0.0,0.0,0.0,99.92343045769051,99.99521453129529,0.0,6.0
0.0166,1.6599999999999708,100.0,1.0,0.0,1.0,5.0,0.0,0.0,0.0,99.92343045769051,99.99521453129529,0.0,6.0
0.0167,1.66999999999997,100.0,1.0,0.0,1.0,5.0,0.0,0.0,0.0,99.92343045769051,99.99521453129529,0.0,6.0
0.0168,1.679999999999969,100.0,1.0,0.0,1.0,5.0,0.0,0.0,0.0,99.92343045769051,99.99521453129529,0.0,6.0
0.0169,1.6899999999999682,100.0,1.0,0.0,1.0,5.0,0.0,0.0,0.0,99.92343045769051,99.99521453129529,0.0,6.0
0.017,1.6999999999999675,100.0,1.0,0.0,1.0,5.0,0.0,0.0,0.0,99.92343045769051,99.99521453129529,0.0,6.0
0.0171,1.7099999999999667,100.0,1.0,0.0,1.0,5.0,0.0,0.0,0.0,99.92343045769051,99.99521453129529,0.0,6.0
0.0172,1.7199999999999658,100.0,1.0,0.0,1.0,5.0,0.0,0.0,0.0,99.92343045769051,99.99521453129529,0.0,6.0
0.0173,1.729999999999965,100.0,1.0,0.0,1.0,5.0,0.0,0.0,0.0,99.92343045769051,99.99521453129529,0.0,6.0
0.0174,1.739999999999964,100.0,1.0,0.0,1.0,5.0,0.0,0.0,0.0,99.92343045769051,99.99521453129529,0.0,6.0
0.0175,1.7499999999999634,100.0,1.0,0.0,1.0,5.0,0.0,0.0,0.0,99.92343045769051,99.99521453129529,0.0,6.0
0.0176,1.7599999999999625,100.0,1.0,0.0,1.0,5.0,0.0,0.0,0.0,99.92343045769051,99.99521453129529,0.0,6.0
0.0177,1.7699999999999616,100.0,1.0,0.0,1.0,5.0,0.0,0.0,0.0,99.92343045769051,99.99521453129529,0.0,6.0
0.0178,1.7799999999999607,100.0,1.0,0.0,1.0,5.0,0.0,0.0,0.0,99.92343045769051,99.99521453129529,0.0,6.0
0.0179,1.7899999999999598,100.0,1.0,0.0,1.0,5.0,0.0,0.0,0.0,99.92343045769051,99.99521453129529,0.0,6.0
0.018,1.799999999999959,100.0,1.0,0.0,1.0,5.0,0.0,0.0,0.0,99.92343045769051,99.99521453129529,0.0,6.0
0.0181,1.8099999999999583,100.0,1.0,0.0,1.0,5.0,0.0,0.0,0.0,99.92343045769051,99.99521453129529,0.0,6.0
0.0182,1.8199999999999574,100.0,1.0,0.0,1.0,5.0,0.0,0.0,0.0,99.92343045769051,99.99521453129529,0.0,6.0
0.0183,1.8299999999999566,100.0,1.0,0.0,1.0,5.0,0.0,0.0,0.0,99.92343045769051,99.99521453129529,0.0,6.0
0.0184,1.8399999999999557,100.0,0.0,0.0,1.0,1.0,0.0,0.0,0.0,99.92343045769059,99.97726851289411,0.0,7.0
0.0185,1.8499999999999548,100.0,0.0,0.0,1.0,1.0,0.0,0.0,0.0,99.92343045769059,99.97726851289411,0.0,7.0
0.0186,1.859999999999954,100.0,0.0,0.0,1.0,1.0,0.0,0.0,0.0,99.92343045769059,99.97726851289411,0.0,7.0
0.0187,1.8699999999999533,100.0,0.0,0.0,1.0,1.0,0.0,0.0,0.0,99.92343045769059,99.97726851289411,0.0,7.0
0.0188,1.8799999999999524,100.0,0.0,0.0,1.0,1.0,0.0,0.0,0.0,99.92343045769059,99.97726851289411,0.0,7.0
0.0189,1.8899999999999515,100.0,0.0,0.0,1.0,1.0,0.0,0.0,0.0,99.92343045769059,99.97726851289411,0.0,7.0
0.019,1.8999999999999506,100.0,0.0,0.0,1.0,1.0,0.0,0.0,0.0,99.92343045769059,99.97726851289411,0.0,7.0
0.0191,1.9099999999999497,100.0,0.0,0.0,1.0,1.0,0.0,0.0,0.0,99.92343045769059,99.97726851289411,0.0,7.0
0.0192,1.9199999999999489,100.0,0.0,0.0,1.0,1.0,0.0,0.0,0.0,99.92343045769059,99.97726851289411,0.0,7.0
0.0193,1.9299999999999482,100.0,0.0,0.0,1.0,1.0,0.0,0.0,0.0,99.92343045769059,99.97726851289411,0.0,7.0
0.0194,1.9399999999999473,100.0,0.0,0.0,1.0,1.0,0.0,0.0,0.0,99.92343045769059,99.97726851289411,0.0,7.0
0.0195,1.9499999999999464,100.0,0.0,0.0,1.0,1.0,0.0,0.0,0.0,99.92343045769059,99.97726851289411,0.0,7.0
0.0196,1.9599999999999456,100.0,0.0,0.0,1.0,1.0,0.0,0.0,0.0,99.92343045769059,99.97726851289411,0.0,7.0
0.0197,1.9699999999999447,100.0,0.0,0.0,1.0,1.0,0.0,0.0,0.0,99.92343045769059,99.97726851289411,0.0,7.0
0.0198,1.979999999999944,100.0,0.0,0.0,1.0,1.0,0.0,0.0,0.0,99.92343045769059,99.97726851289411,0.0,7.0
0.0199,1.9899999999999431,100.0,0.0,0.0,1.0,1.0,0.0,0.0,0.0,99.92343045769059,99.97726851289411,0.0,7.0
0.02,1.999999999999942,100.0,0.0,0.0,1.0,1.0,0.0,0.0,0.0,99.92343045769059,99.97726851289411,0.0,7.0
0.0201,2.0099999999999416,100.0,0.0,0.0,1.0,1.0,0.0,0.0,0.0,99.92343045769059,99.97726851289411,0.0,7.0
0.0202,2.019999999999941,100.0,0.0,0.0,1.0,1.0,0.0,0.0,0.0,99.92343045769059,99.97726851289411,0.0,7.0
0.0203,2.0299999999999403,100.0,0.0,0.0,1.0,1.0,0.0,0.0,0.0,99.92343045769059,99.97726851289411,0.0,7.0
0.0204,2.0399999999999396,100.0,0.0,0.0,1.0,1.0,0.0,0.0,0.0,99.92343045769059,99.97726851289411,0.0,7.0
0.0205,2.049999999999939,100.0,0.0,0.0,1.0,1.0,0.0,0.0,0.0,99.92343045769059,99.97726851289411,0.0,7.0
0.0206,2.0599999999999383,100.0,0.0,0.0,1.0,1.0,0.0,0.0,0.0,99.92343045769059,99.97726851289411,0.0,7.0
0.0207,2.0699999999999377,100.0,0.0,0.0,1.0,1.0,0.0,0.0,0.0,99.92343045769059,99.97726851289411,0.0,7.0
0.0208,2.079999999999937,100.0,0.0,0.0,1.0,1.0,0.0,0.0,0.0,99.92343045769059,99.97726851289411,0.0,7.0
0.0209,2.0899999999999364,100.0,0.0,0.0,1.0,1.0,0.0,0.0,0.0,99.92343045769059,99.97726851289411,0.0,7.0
0.021,2.0999999999999357,100.0,0.0,1.0,1.0,3.0,0.0,0.0,0.0,99.92343045769071,99.96380899909326,0.0,8.0
0.0211,2.109999999999935,100.0,0.0,1.0,1.0,3.0,0.0,0.0,0.0,99.92343045769071,99.96380899909326,0.0,8.0
0.0212,2.1199999999999344,100.0,0.0,1.0,1.0,3.0,0.0,0.0,0.0,99.92343045769071,99.96380899909326,0.0,8.0
0.0213,2.1299999999999337,100.0,0.0,1.0,1.0,3.0,0.0,0.0,0.0,99.92343045769071,99.96380899909326,0.0,8.0
0.0214,2.139999999999933,100.0,0.0,1.0,1.0,3.0,0.0,0.0,0.0,99.92343045769071,99.96380899909326,0.0,8.0
0.0215,2.1499999999999324,100.0,0.0,1.0,1.0,3.0,0.0,0.0,0.0,99.92343045769071,99.96380899909326,0.0,8.0
0.0216,2.1599999999999318,100.0,0.0,1.0,1.0,3.0,0.0,0.0,0.0,99.92343045769071,99.96380899909326,0.0,8.0
0.0217,2.169999999999931,100.0,0.0,1.0,1.0,3.0,0.0,0.0,0.0,99.92343045769071,99.96380899909326,0.0,8.0
0.0218,2.1799999999999304,100.0,0.0,1.0,1.0,3.0,0.0,0.0,0.0,99.92343045769071,99.96380899909326,0.0,8.0
0.0219,2.18999999999993,100.0,0.0,1.0,1.0,3.0,0.0,0.0,0.0,99.92343045769071,99.96380899909326,0.0,8.0
0.022,2.199999999999929,100.0,0.0,1.0,1.0,3.0,0.0,0.0,0.0,99.92343045769071,99.96380899909326,0.0,8.0
0.0221,2.2099999999999285,100.0,0.0,1.0,1.0,3.0,0.0,0.0,0.0,99.92343045769071,99.96380899909326,0.0,8.0
0.0222,2.219999999999928,100.0,0.0,1.0,1.0,3.0,0.0,0.0,0.0,99.92343045769071,99.96380899909326,0.0,8.0
0.0223,2.229999999999927,100.0,0.0,1.0,1.0,3.0,0.0,0.0,0.0,99.92343045769071,99.96380899909326,0.0,8.0
0.0224,2.2399999999999265,100.0,0.0,1.0,1.0,3.0,0.0,0.0,0.0,99.92343045769071,99.96380899909326,0.0,8.0
0.0225,2.249999999999926,100.0,0.0,1.0,1.0,3.0,0.0,0.0,0.0,99.92343045769071,99.96380899909326,0.0,8.0
0.0226,2.259999999999925,100.0,0.0,1.0,1.0,3.0,0.0,0.0,0.0,99.92343045769071,99.96380899909326,0.0,8.0
0.0227,2.2699999999999245,100.0,0.0,1.0,1.0,3.0,0.0,0.0,0.0,99.92343045769071,99.96380899909326,0.0,8.0
0.0228,2.279999999999924,100.0,0.0,1.0,1.0,3.0,0.0,0.0,0.0,99.92343045769071,99.96380899909326,0.0,8.0
0.0229,2.289999999999923,100.0,0.0,1.0,1.0,3.0,0.0,0.0,0.0,99.92343045769071,99.96380899909326,0.0,8.0
0.023,2.2999999999999226,100.0,0.0,1.0,1.0,3.0,0.0,0.0,0.0,99.92343045769071,99.96380899909326,0.0,8.0
0.0231,2.309999999999922,100.0,0.0,1.0,1.0,3.0,0.0,0.0,0.0,99.92343045769071,99.96380899909326,0.0,8.0
0.0232,2.3199999999999212,100.0,0.0,1.0,1.0,3.0,0.0,0.0,0.0,99.92343045769071,99.96380899909326,0.0,8.0
0.0233,2.3299999999999206,100.0,0.0,1.0,1.0,3.0,0.0,0.0,0.0,99.92343045769071,99.96380899909326,0.0,8.0
0.0234,2.33999999999992,100.0,0.0,1.0,1.0,3.0,0.0,0.0,0.0,99.92343045769071,99.96380899909326,0.0,8.0
0.0235,2.3499999999999193,100.0,0.0,1.0,1.0,3.0,0.0,0.0,0.0,99.92343045769071,99.96380899909326,0.0,8.0
0.0236,2.3599999999999186,100.0,0.0,1.0,0.0,2.0,0.0,0.0,0.0,99.92343045769059,99.95371436374259,0.0,9.0
0.0237,2.369999999999918,100.0,0.0,1.0,0.0,2.0,0.0,0.0,0.0,99.92343045769059,99.95371436374259,0.0,9.0
0.0238,2.3799999999999173,100.0,0.0,1.0,0.0,2.0,0.0,0.0,0.0,99.92343045769059,99.95371436374259,0.0,9.0
0.0239,2.3899999999999166,100.0,0.0,1.0,0.0,2.0,0.0,0.0,0.0,99.92343045769059,99.95371436374259,0.0,9.0
0.024,2.399999999999916,100.0,0.0,1.0,0.0,2.0,0.0,0.0,0.0,99.92343045769059,99.95371436374259,0.0,9.0
0.0241,2.4099999999999153,100.0,0.0,1.0,0.0,2.0,0.0,0.0,0.0,99.92343045769059,99.95371436374259,0.0,9.0
0.0242,2.4199999999999147,100.0,0.0,1.0,0.0,2.0,0.0,0.0,0.0,99.92343045769059,99.95371436374259,0.0,9.0
0.0243,2.429999999999914,100.0,0.0,1.0,0.0,2.0,0.0,0.0,0.0,99.92343045769059,99.95371436374259,0.0,9.0
0.0244,2.4399999999999133,100.0,0.0,1.0,0.0,2.0,0.0,0.0,0.0,99.92343045769059,99.95371436374259,0.0,9.0
0.0245,2.4499999999999127,100.0,0.0,1.0,0.0,2.0,0.0,0.0,0.0,99.92343045769059,99.95371436374259,0.0,9.0
0.0246,2.459999999999912,100.0,0.0,1.0,0.0,2.0,0.0,0.0,0.0,99.92343045769059,99.95371436374259,0.0,9.0
0.0247,2.4699999999999114,100.0,0.0,1.0,0.0,2.0,0.0,0.0,0.0,99.92343045769059,99.95371436374259,0.0,9.0
0.0248,2.4799999999999107,100.0,0.0,1.0,0.0,2.0,0.0,0.0,0.0,99.92343045769059,99.95371436374259,0.0,9.0
0.0249,2.48999999999991,100.0,0.0,1.0,0.0,2.0,0.0,0.0,0.0,99.92343045769059,99.95371436374259,0.0,9.0
0.025,2.4999999999999094,100.0,0.0,1.0,0.0,2.0,0.0,0.0,0.0,99.92343045769059,99.95371436374259,0.0,9.0
0.0251,2.5099999999999087,100.0,0.0,1.0,0.0,2.0,0.0,0.0,0.0,99.92343045769059,99.95371436374259,0.0,9.0
0.0252,2.519999999999908,100.0,0.0,1.0,0.0,2.0,0.0,0.0,0.0,99.92343045769059,99.95371436374259,0.0,9.0
0.0253,2.5299999999999074,100.0,0.0,1.0,0.0,2.0,0.0,0.0,0.0,99.92343045769059,99.95371436374259,0.0,9.0
0.0254,2.5399999999999068,100.0,0.0,1.0,0.0,2.0,0.0,0.0,0.0,99.92343045769059,99.95371436374259,0.0,9.0
0.0255,2.549999999999906,100.0,0.0,1.0,0.0,2.0,0.0,0.0,0.0,99.92343045769059,99.95371436374259,0.0,9.0
0.0256,2.5599999999999055,100.0,0.0,1.0,0.0,2.0,0.0,0.0,0.0,99.92343045769059,99.95371436374259,0.0,9.0
0.0257,2.569999999999905,100.0,0.0,1.0,0.0,2.0,0.0,0.0,0.0,99.92343045769059,99.95371436374259,0.0,9.0
0.0258,2.579999999999904,100.0,0.0,1.0,0.0,2.0,0.0,0.0,0.0,99.92343045769059,99.95371436374259,0.0,9.0
0.0259,2.5899999999999035,100.0,0.0,1.0,0.0,2.0,0.0,0.0,0.0,99.92343045769059,99.95371436374259,0.0,9.0
0.026,2.599999999999903,100.0,0.0,1.0,0.0,2.0,0.0,0.0,0.0,99.92343045769059,99.95371436374259,0.0,9.0
0.0261,2.609999999999902,100.0,0.0,1.0,0.0,2.0,0.0,0.0,0.0,99.92343045769059,99.95371436374259,0.0,9.0
0.0262,2.6199999999999015,100.0,1.0,1.0,0.0,6.0,0.0,0.0,0.0,100.30627885024877,100.04185548536913,0.0,10.0
0.0263,2.629999999999901,100.0,1.0,1.0,0.0,6.0,0.0,0.0,0.0,100.30627885024877,100.04185548536913,0.0,10.0
0.0264,2.6399999999999,100.0,1.0,1.0,0.0,6.0,0.0,0.0,0.0,100.30627885024877,100.04185548536913,0.0,10.0
0.0265,2.6499999999998995,100.0,1.0,1.0,0.0,6.0,0.0,0.0,0.0,100.30627885024877,100.04185548536913,0.0,10.0
0.0266,2.659999999999899,100.0,1.0,1.0,0.0,6.0,0.0,0.0,0.0,100.30627885024877,100.04185548536913,0.0,10.0
0.0267,2.6699999999998982,100.0,1.0,1.0,0.0,6.0,0.0,0.0,0.0,100.30627885024877,100.04185548536913,0.0,10.0
0.0268,2.6799999999998976,100.0,1.0,1.0,0.0,6.0,0.0,0.0,0.0,100.30627885024877,100.04185548536913,0.0,10.0
0.0269,2.689999999999897,100.0,1.0,1.0,0.0,6.0,0.0,0.0,0.0,100.30627885024877,100.04185548536913,0.0,10.0
0.027,2.6999999999998963,100.0,1.0,1.0,0.0,6.0,0.0,0.0,0.0,100.30627885024877,100.04185548536913,0.0,10.0
0.0271,2.7099999999998956,100.0,1.0,1.0,0.0,6.0,0.0,0.0,0.0,100.30627885024877,100.04185548536913,0.0,10.0
0.0272,2.719999999999895,100.0,1.0,1.0,0.0,6.0,0.0,0.0,0.0,100.30627885024877,100.04185548536913,0.0,10.0
0.0273,2.7299999999998943,100.0,1.0,1.0,0.0,6.0,0.0,0.0,0.0,100.30627885024877,100.04185548536913,0.0,10.0
0.0274,2.7399999999998936,100.0,1.0,1.0,0.0,6.0,0.0,0.0,0.0,100.30627885024877,100.04185548536913,0.0,10.0
0.0275,2.749999999999893,100.0,1.0,1.0,0.0,6.0,0.0,0.0,0.0,100.30627885024877,100.04185548536913,0.0,10.0
0.0276,2.7599999999998923,100.0,1.0,1.0,0.0,6.0,0.0,0.0,0.0,100.30627885024877,100.04185548536913,0.0,10.0
0.0277,2.7699999999998917,100.0,1.0,1.0,0.0,6.0,0.0,0.0,0.0,100.30627885024877,100.04185548536913,0.0,10.0
0.0278,2.779999999999891,100.0,1.0,1.0,0.0,6.0,0.0,0.0,0.0,100.30627885024877,100.04185548536913,0.0,10.0
0.0279,2.7899999999998903,100.0,1.0,1.0,0.0,6.0,0.0,0.0,0.0,100.30627885024877,100.04185548536913,0.0,10.0
0.028,2.7999999999998897,100.0,1.0,1.0,0.0,6.0,0.0,0.0,0.0,100.30627885024877,100.04185548536913,0.0,10.0
0.0281,2.809999999999889,100.0,1.0,1.0,0.0,6.0,0.0,0.0,0.0,100.30627885024877,100.04185548536913,0.0,10.0
0.0282,2.8199999999998884,100.0,1.0,1.0,0.0,6.0,0.0,0.0,0.0,100.30627885024877,100.04185548536913,0.0,10.0
0.0283,2.8299999999998877,100.0,1.0,1.0,0.0,6.0,0.0,0.0,0.0,100.30627885024877,100.04185548536913,0.0,10.0
0.0284,2.839999999999887,100.0,1.0,1.0,0.0,6.0,0.0,0.0,0.0,100.30627885024877,100.04185548536913,0.0,10.0
0.0285,2.8499999999998864,100.0,1.0,1.0,0.0,6.0,0.0,0.0,0.0,100.30627885024877,100.04185548536913,0.0,10.0
0.0286,2.8599999999998857,100.0,1.0,1.0,0.0,6.0,0.0,0.0,0.0,100.30627885024877,100.04185548536913,0.0,10.0
0.0287,2.869999999999885,100.0,1.0,1.0,0.0,6.0,0.0,0.0,0.0,100.30627885024877,100.04185548536913,0.0,10.0
0.0288,2.8799999999998844,100.0,1.0,0.0,0.0,4.0,0.0,0.0,0.0,99.92343045769071,100.01224922844952,0.0,11.0
0.0289,2.8899999999998838,100.0,1.0,0.0,0.0,4.0,0.0,0.0,0.0,99.92343045769071,100.01224922844952,0.0,11.0
0.029,2.899999999999883,100.0,1.0,0.0,0.0,4.0,0.0,0.0,0.0,99.92343045769071,100.01224922844952,0.0,11.0
0.0291,2.9099999999998825,100.0,1.0,0.0,0.0,4.0,0.0,0.0,0.0,99.92343045769071,100.01224922844952,0.0,11.0
0.0292,2.919999999999882,100.0,1.0,0.0,0.0,4.0,0.0,0.0,0.0,99.92343045769071,100.01224922844952,0.0,11.0
0.0293,2.929999999999881,100.0,1.0,0.0,0.0,4.0,0.0,0.0,0.0,99.92343045769071,100.01224922844952,0.0,11.0
0.0294,2.9399999999998805,100.0,1.0,0.0,0.0,4.0,0.0,0.0,0.0,99.92343045769071,100.01224922844952,0.0,11.0
0.0295,2.94999999999988,100.0,1.0,0.0,0.0,4.0,0.0,0.0,0.0,99.92343045769071,100.01224922844952,0.0,11.0
0.0296,2.959999999999879,100.0,1.0,0.0,0.0,4.0,0.0,0.0,0.0,99.92343045769071,100.01224922844952,0.0,11.0
0.0297,2.9699999999998785,100.0,1.0,0.0,0.0,4.0,0.0,0.0,0.0,99.92343045769071,100.01224922844952,0.0,11.0
0.0298,2.979999999999878,100.0,1.0,0.0,0.0,4.0,0.0,0.0,0.0,99.92343045769071,100.01224922844952,0.0,11.0
0.0299,2.989999999999877,100.0,1.0,0.0,0.0,4.0,0.0,0.0,0.0,99.92343045769071,100.01224922844952,0.0,11.0
0.03,2.9999999999998765,100.0,1.0,0.0,0.0,4.0,0.0,0.0,0.0,99.92343045769071,100.01224922844952,0.0,11.0
0.0301,3.009999999999876,100.0,1.0,0.0,0.0,4.0,0.0,0.0,0.0,99.92343045769071,100.01224922844952,0.0,11.0
0.0302,3.0199999999998752,100.0,1.0,0.0,0.0,4.0,0.0,0.0,0.0,99.92343045769071,100.01224922844952,0.0,11.0
0.0303,3.0299999999998746,100.0,1.0,0.0,0.0,4.0,0.0,0.0,0.0,99.92343045769071,100.01224922844952,0.0,11.0
0.0304,3.039999999999874,100.0,1.0,0.0,0.0,4.0,0.0,0.0,0.0,99.92343045769071,100.01224922844952,0.0,11.0
0.0305,3.0499999999998733,100.0,1.0,0.0,0.0,4.0,0.0,0.0,0.0,99.92343045769071,100.01224922844952,0.0,11.0
0.0306,3.0599999999998726,100.0,1.0,0.0,0.0,4.0,0.0,0.0,0.0,99.92343045769071,100.01224922844952,0.0,11.0
0.0307,3.069999999999872,100.0,1.0,0.0,0.0,4.0,0.0,0.0,0.0,99.92343045769071,100.01224922844952,0.0,11.0
0.0308,3.0799999999998713,100.0,1.0,0.0,0.0,4.0,0.0,0.0,0.0,99.92343045769071,100.01224922844952,0.0,11.0
0.0309,3.0899999999998706,100.0,1.0,0.0,0.0,4.0,0.0,0.0,0.0,99.92343045769071,100.01224922844952,0.0,11.0
0.031,3.09999999999987,100.0,1.0,0.0,0.0,4.0,0.0,0.0,0.0,99.92343045769071,100.01224922844952,0.0,11.0
0.0311,3.1099999999998693,100.0,1.0,0.0,0.0,4.0,0.0,0.0,0.0,99.92343045769071,100.01224922844952,0.0,11.0
0.0312,3.1199999999998687,100.0,1.0,0.0,0.0,4.0,0.0,0.0,0.0,99.92343045769071,100.01224922844952,0.0,11.0
0.0313,3.129999999999867,100.0,1.0,0.0,0.0,4.0,0.0,0.0,0.0,99.92343045769071,100.01224922844952,0.0,11.0
0.0314,3.139999999999863,100.0,1.0,0.0,0.0,4.0,0.0,0.0,0.0,99.92343045769071,100.01224922844952,0.0,11.0
0.0315,-3.1331853071797267,100.0,1.0,0.0,1.0,5.0,0.0,0.0,0.0,99.92343045769032,99.99004453575972,0.0,12.0
0.0316,-3.12318530717973,100.0,1.0,0.0,1.0,5.0,0.0,0.0,0.0,99.92343045769032,99.99004453575972,0.0,12.0
0.0317,-3.113185307179734,100.0,1.0,0.0,1.0,5.0,0.0,0.0,0.0,99.92343045769032,99.99004453575972,0.0,12.0
0.0318,-3.1031853071797375,100.0,1.0,0.0,1.0,5.0,0.0,0.0,0.0,99.92343045769032,99.99004453575972,0.0,12.0
0.0319,-3.0931853071797417,100.0,1.0,0.0,1.0,5.0,0.0,0.0,0.0,99.92343045769032,99.99004453575972,0.0,12.0
0.032,-3.083185307179745,100.0,1.0,0.0,1.0,5.0,0.0,0.0,0.0,99.92343045769032,99.99004453575972,0.0,12.0
0.0321,-3.0731853071797492,100.0,1.0,0.0,1.0,5.0,0.0,0.0,0.0,99.92343045769032,99.99004453575972,0.0,12.0
0.0322,-3.0631853071797526,100.0,1.0,0.0,1.0,5.0,0.0,0.0,0.0,99.92343045769032,99.99004453575972,0.0,12.0
0.0323,-3.053185307179756,100.0,1.0,0.0,1.0,5.0,0.0,0.0,0.0,99.92343045769032,99.99004453575972,0.0,12.0
0.0324,-3.04318530717976,100.0,1.0,0.0,1.0,5.0,0.0,0.0,0.0,99.92343045769032,99.99004453575972,0.0,12.0
0.0325,-3.0331853071797634,100.0,1.0,0.0,1.0,5.0,0.0,0.0,0.0,99.92343045769032,99.99004453575972,0.0,12.0
0.0326,-3.0231853071797676,100.0,1.0,0.0,1.0,5.0,0.0,0.0,0.0,99.92343045769032,99.99004453575972,0.0,12.0
0.0327,-3.013185307179771,100.0,1.0,0.0,1.0,5.0,0.0,0.0,0.0,99.92343045769032,99.99004453575972,0.0,12.0
0.0328,-3.0031853071797743,100.0,1.0,0.0,1.0,5.0,0.0,0.0,0.0,99.92343045769032,99.99004453575972,0.0,12.0
0.0329,-2.9931853071797785,100.0,1.0,0.0,1.0,5.0,0.0,0.0,0.0,99.92343045769032,99.99004453575972,0.0,12.0
0.033,-2.983185307179782,100.0,1.0,0.0,1.0,5.0,0.0,0.0,0.0,99.92343045769032,99.99004453575972,0.0,12.0
0.0331,-2.973185307179786,100.0,1.0,0.0,1.0,5.0,0.0,0.0,0.0,99.92343045769032,99.99004453575972,0.0,12.0
0.0332,-2.9631853071797893,100.0,1.0,0.0,1.0,5.0,0.0,0.0,0.0,99.92343045769032,99.99004453575972,0.0,12.0
0.0333,-2.9531853071797927,100.0,1.0,0.0,1.0,5.0,0.0,0.0,0.0,99.92343045769032,99.99004453575972,0.0,12.0
0.0334,-2.943185307179797,100.0,1.0,0.0,1.0,5.0,0.0,0.0,0.0,99.92343045769032,99.99004453575972,0.0,12.0
0.0335,-2.9331853071798,100.0,1.0,0.0,1.0,5.0,0.0,0.0,0.0,99.92343045769032,99.99004453575972,0.0,12.0
0.0336,-2.9231853071798044,100.0,1.0,0.0,1.0,5.0,0.0,0.0,0.0,99.92343045769032,99.99004453575972,0.0,12.0
0.0337,-2.9131853071798077,100.0,1.0,0.0,1.0,5.0,0.0,0.0,0.0,99.92343045769032,99.99004453575972,0.0,12.0
0.0338,-2.903185307179812,100.0,1.0,0.0,1.0,5.0,0.0,0.0,0.0,99.92343045769032,99.99004453575972,0.0,12.0
0.0339,-2.8931853071798153,100.0,1.0,0.0,1.0,5.0,0.0,0.0,0.0,99.92343045769032,99.99004453575972,0.0,12.0
0.034,-2.8831853071798186,100.0,1.0,0.0,1.0,5.0,0.0,0.0,0.0,99.92343045769032,99.99004453575972,0.0,12.0
0.0341,-2.873185307179823,100.0,0.0,0.0,1.0,1.0,0.0,0.0,0.0,99.92343045769019,99.97339101624235,0.0,13.0
0.0342,-2.863185307179826,100.0,0.0,0.0,1.0,1.0,0.0,0.0,0.0,99.92343045769019,99.97339101624235,0.0,13.0
0.0343,-2.8531853071798303,100.0,0.0,0.0,1.0,1.0,0.0,0.0,0.0,99.92343045769019,99.97339101624235,0.0,13.0
0.0344,-2.8431853071798336,100.0,0.0,0.0,1.0,1.0,0.0,0.0,0.0,99.92343045769019,99.97339101624235,0.0,13.0
0.0345,-2.833185307179837,100.0,0.0,0.0,1.0,1.0,0.0,0.0,0.0,99.92343045769019,99.97339101624235,0.0,13.0
0.0346,-2.823185307179841,100.0,0.0,0.0,1.0,1.0,0.0,0.0,0.0,99.92343045769019,99.97339101624235,0.0,13.0
0.0347,-2.8131853071798445,100.0,0.0,0.0,1.0,1.0,0.0,0.0,0.0,99.92343045769019,99.97339101624235,0.0,13.0
0.0348,-2.8031853071798487,100.0,0.0,0.0,1.0,1.0,0.0,0.0,0.0,99.92343045769019,99.97339101624235,0.0,13.0
0.0349,-2.793185307179852,100.0,0.0,0.0,1.0,1.0,0.0,0.0,0.0,99.92343045769019,99.97339101624235,0.0,13.0
0.035,-2.7831853071798554,100.0,0.0,0.0,1.0,1.0,0.0,0.0,0.0,99.92343045769019,99.97339101624235,0.0,13.0
0.0351,-2.7731853071798596,100.0,0.0,0.0,1.0,1.0,0.0,0.0,0.0,99.92343045769019,99.97339101624235,0.0,13.0
0.0352,-2.763185307179863,100.0,0.0,0.0,1.0,1.0,0.0,0.0,0.0,99.92343045769019,99.97339101624235,0.0,13.0
0.0353,-2.753185307179867,100.0,0.0,0.0,1.0,1.0,0.0,0.0,0.0,99.92343045769019,99.97339101624235,0.0,13.0
0.0354,-2.7431853071798704,100.0,0.0,0.0,1.0,1.0,0.0,0.0,0.0,99.92343045769019,99.97339101624235,0.0,13.0
0.0355,-2.7331853071798746,100.0,0.0,0.0,1.0,1.0,0.0,0.0,0.0,99.92343045769019,99.97339101624235,0.0,13.0
0.0356,-2.723185307179878,100.0,0.0,0.0,1.0,1.0,0.0,0.0,0.0,99.92343045769019,99.97339101624235,0.0,13.0
0.0357,-2.7131853071798813,100.0,0.0,0.0,1.0,1.0,0.0,0.0,0.0,99.92343045769019,99.97339101624235,0.0,13.0
0.0358,-2.7031853071798855,100.0,0.0,0.0,1.0,1.0,0.0,0.0,0.0,99.92343045769019,99.97339101624235,0.0,13.0
0.0359,-2.693185307179889,100.0,0.0,0.0,1.0,1.0,0.0,0.0,0.0,99.92343045769019,99.97339101624235,0.0,13.0
0.036,-2.683185307179893,100.0,0.0,0.0,1.0,1.0,0.0,0.0,0.0,99.92343045769019,99.97339101624235,0.0,13.0
0.0361,-2.6731853071798963,100.0,0.0,0.0,1.0,1.0,0.0,0.0,0.0,99.92343045769019,99.97339101624235,0.0,13.0
0.0362,-2.6631853071798997,100.0,0.0,0.0,1.0,1.0,0.0,0.0,0.0,99.92343045769019,99.97339101624235,0.0,13.0
0.0363,-2.653185307179904,100.0,0.0,0.0,1.0,1.0,0.0,0.0,0.0,99.92343045769019,99.97339101624235,0.0,13.0
0.0364,-2.643185307179907,100.0,0.0,0.0,1.0,1.0,0.0,0.0,0.0,99.92343045769019,99.97339101624235,0.0,13.0
0.0365,-2.6331853071799114,100.0,0.0,0.0,1.0,1.0,0.0,0.0,0.0,99.92343045769019,99.97339101624235,0.0,13.0
0.0366,-2.6231853071799147,100.0,0.0,0.0,1.0,1.0,0.0,0.0,0.0,99.92343045769019,99.97339101624235,0.0,13.0
0.0367,-2.613185307179918,100.0,0.0,1.0,1.0,3.0,0.0,0.0,0.0,99.92343045769046,99.96090087660438,0.0,14.0
0.0368,-2.6031853071799222,100.0,0.0,1.0,1.0,3.0,0.0,0.0,0.0,99.92343045769046,99.96090087660438,0.0,14.0
0.0369,-2.5931853071799256,100.0,0.0,1.0,1.0,3.0,0.0,0.0,0.0,99.92343045769046,99.96090087660438,0.0,14.0
0.037,-2.58318530717993,100.0,0.0,1.0,1.0,3.0,0.0,0.0,0.0,99.92343045769046,99.96090087660438,0.0,14.0
0.0371,-2.573185307179933,100.0,0.0,1.0,1.0,3.0,0.0,0.0,0.0,99.92343045769046,99.96090087660438,0.0,14.0
0.0372,-2.5631853071799373,100.0,0.0,1.0,1.0,3.0,0.0,0.0,0.0,99.92343045769046,99.96090087660438,0.0,14.0
0.0373,-2.5531853071799406,100.0,0.0,1.0,1.0,3.0,0.0,0.0,0.0,99.92343045769046,99.96090087660438,0.0,14.0
0.0374,-2.543185307179944,100.0,0.0,1.0,1.0,3.0,0.0,0.0,0.0,99.92343045769046,99.96090087660438,0.0,14.0
0.0375,-2.533185307179948,100.0,0.0,1.0,1.0,3.0,0.0,0.0,0.0,99.92343045769046,99.96090087660438,0.0,14.0
0.0376,-2.5231853071799515,100.0,0.0,1.0,1.0,3.0,0.0,0.0,0.0,99.92343045769046,99.96090087660438,0.0,14.0
0.0377,-2.5131853071799557,100.0,0.0,1.0,1.0,3.0,0.0,0.0,0.0,99.92343045769046,99.96090087660438,0.0,14.0
0.0378,-2.503185307179959,100.0,0.0,1.0,1.0,3.0,0.0,0.0,0.0,99.92343045769046,99.96090087660438,0.0,14.0
0.0379,-2.4931853071799623,100.0,0.0,1.0,1.0,3.0,0.0,0.0,0.0,99.92343045769046,99.96090087660438,0.0,14.0
0.038,-2.4831853071799665,100.0,0.0,1.0,1.0,3.0,0.0,0.0,0.0,99.92343045769046,99.96090087660438,0.0,14.0
0.0381,-2.47318530717997,100.0,0.0,1.0,1.0,3.0,0.0,0.0,0.0,99.92343045769046,99.96090087660438,0.0,14.0
0.0382,-2.463185307179974,100.0,0.0,1.0,1.0,3.0,0.0,0.0,0.0,99.92343045769046,99.96090087660438,0.0,14.0
0.0383,-2.4531853071799774,100.0,0.0,1.0,1.0,3.0,0.0,0.0,0.0,99.92343045769046,99.96090087660438,0.0,14.0
0.0384,-2.4431853071799816,100.0,0.0,1.0,1.0,3.0,0.0,0.0,0.0,99.92343045769046,99.96090087660438,0.0,14.0
0.0385,-2.433185307179985,100.0,0.0,1.0,1.0,3.0,0.0,0.0,0.0,99.92343045769046,99.96090087660438,0.0,14.0
0.0386,-2.4231853071799883,100.0,0.0,1.0,1.0,3.0,0.0,0.0,0.0,99.92343045769046,99.96090087660438,0.0,14.0
0.0387,-2.4131853071799925,100.0,0.0,1.0,1.0,3.0,0.0,0.0,0.0,99.92343045769046,99.96090087660438,0.0,14.0
0.0388,-2.403185307179996,100.0,0.0,1.0,1.0,3.0,0.0,0.0,0.0,99.92343045769046,99.96090087660438,0.0,14.0
0.0389,-2.39318530718,100.0,0.0,1.0,1.0,3.0,0.0,0.0,0.0,99.92343045769046,99.96090087660438,0.0,14.0
0.039,-2.3831853071800033,100.0,0.0,1.0,1.0,3.0,0.0,0.0,0.0,99.92343045769046,99.96090087660438,0.0,14.0
0.0391,-2.3731853071800066,100.0,0.0,1.0,1.0,3.0,0.0,0.0,0.0,99.92343045769046,99.96090087660438,0.0,14.0
0.0392,-2.363185307180011,100.0,0.0,1.0,1.0,3.0,0.0,0.0,0.0,99.92343045769046,99.96090087660438,0.0,14.0
0.0393,-2.353185307180014,100.0,0.0,1.0,0.0,2.0,0.0,0.0,0.0,100.30627885024877,100.04724537001547,0.0,15.0
0.0394,-2.3431853071800184,100.0,0.0,1.0,0.0,2.0,0.0,0.0,0.0,100.30627885024877,100.04724537001547,0.0,15.0
0.0395,-2.3331853071800217,100.0,0.0,1.0,0.0,2.0,0.0,0.0,0.0,100.30627885024877,100.04724537001547,0.0,15.0
0.0396,-2.323185307180025,100.0,0.0,1.0,0.0,2.0,0.0,0.0,0.0,100.30627885024877,100.04724537001547,0.0,15.0
0.0397,-2.3131853071800292,100.0,0.0,1.0,0.0,2.0,0.0,0.0,0.0,100.30627885024877,100.04724537001547,0.0,15.0
0.0398,-2.3031853071800326,100.0,0.0,1.0,0.0,2.0,0.0,0.0,0.0,100.30627885024877,100.04724537001547,0.0,15.0
0.0399,-2.2931853071800368,100.0,0.0,1.0,0.0,2.0,0.0,0.0,0.0,100.30627885024877,100.04724537001547,0.0,15.0
0.04,-2.28318530718004,100.0,0.0,1.0,0.0,2.0,0.0,0.0,0.0,100.30627885024877,100.04724537001547,0.0,15.0
0.0401,-2.2731853071800443,100.0,0.0,1.0,0.0,2.0,0.0,0.0,0.0,100.30627885024877,100.04724537001547,0.0,15.0
0.0402,-2.2631853071800476,100.0,0.0,1.0,0.0,2.0,0.0,0.0,0.0,100.30627885024877,100.04724537001547,0.0,15.0
0.0403,-2.253185307180051,100.0,0.0,1.0,0.0,2.0,0.0,0.0,0.0,100.30627885024877,100.04724537001547,0.0,15.0
0.0404,-2.243185307180055,100.0,0.0,1.0,0.0,2.0,0.0,0.0,0.0,100.30627885024877,100.04724537001547,0.0,15.0
0.0405,-2.2331853071800585,100.0,0.0,1.0,0.0,2.0,0.0,0.0,0.0,100.30627885024877,100.04724537001547,0.0,15.0
0.0406,-2.2231853071800627,100.0,0.0,1.0,0.0,2.0,0.0,0.0,0.0,100.30627885024877,100.04724537001547,0.0,15.0
0.0407,-2.213185307180066,100.0,0.0,1.0,0.0,2.0,0.0,0.0,0.0,100.30627885024877,100.04724537001547,0.0,15.0
0.0408,-2.2031853071800693,100.0,0.0,1.0,0.0,2.0,0.0,0.0,0.0,100.30627885024877,100.04724537001547,0.0,15.0
0.0409,-2.1931853071800735,100.0,0.0,1.0,0.0,2.0,0.0,0.0,0.0,100.30627885024877,100.04724537001547,0.0,15.0
0.041,-2.183185307180077,100.0,0.0,1.0,0.0,2.0,0.0,0.0,0.0,100.30627885024877,100.04724537001547,0.0,15.0
0.0411,-2.173185307180081,100.0,0.0,1.0,0.0,2.0,0.0,0.0,0.0,100.30627885024877,100.04724537001547,0.0,15.0
0.0412,-2.1631853071800844,100.0,0.0,1.0,0.0,2.0,0.0,0.0,0.0,100.30627885024877,100.04724537001547,0.0,15.0
0.0413,-2.1531853071800877,100.0,0.0,1.0,0.0,2.0,0.0,0.0,0.0,100.30627885024877,100.04724537001547,0.0,15.0
0.0414,-2.143185307180092,100.0,0.0,1.0,0.0,2.0,0.0,0.0,0.0,100.30627885024877,100.04724537001547,0.0,15.0
0.0415,-2.1331853071800952,100.0,0.0,1.0,0.0,2.0,0.0,0.0,0.0,100.30627885024877,100.04724537001547,0.0,15.0
0.0416,-2.1231853071800995,100.0,0.0,1.0,0.0,2.0,0.0,0.0,0.0,100.30627885024877,100.04724537001547,0.0,15.0
0.0417,-2.113185307180103,100.0,0.0,1.0,0.0,2.0,0.0,0.0,0.0,100.30627885024877,100.04724537001547,0.0,15.0
0.0418,-2.103185307180107,100.0,0.0,1.0,0.0,2.0,0.0,0.0,0.0,100.30627885024877,100.04724537001547,0.0,15.0
0.0419,-2.0931853071801103,100.0,1.0,1.0,0.0,6.0,0.0,0.0,0.0,99.92343045769046,100.01629164193422,0.0,16.0
0.042,-2.0831853071801136,100.0,1.0,1.0,0.0,6.0,0.0,0.0,0.0,99.92343045769046,100.01629164193422,0.0,16.0
0.0421,-2.073185307180118,100.0,1.0,1.0,0.0,6.0,0.0,0.0,0.0,99.92343045769046,100.01629164193422,0.0,16.0
0.0422,-2.063185307180121,100.0,1.0,1.0,0.0,6.0,0.0,0.0,0.0,99.92343045769046,100.01629164193422,0.0,16.0
0.0423,-2.0531853071801254,100.0,1.0,1.0,0.0,6.0,0.0,0.0,0.0,99.92343045769046,100.01629164193422,0.0,16.0
0.0424,-2.0431853071801287,100.0,1.0,1.0,0.0,6.0,0.0,0.0,0.0,99.92343045769046,100.01629164193422,0.0,16.0
0.0425,-2.033185307180132,100.0,1.0,1.0,0.0,6.0,0.0,0.0,0.0,99.92343045769046,100.01629164193422,0.0,16.0
0.0426,-2.0231853071801362,100.0,1.0,1.0,0.0,6.0,0.0,0.0,0.0,99.92343045769046,100.01629164193422,0.0,16.0
0.0427,-2.0131853071801395,100.0,1.0,1.0,0.0,6.0,0.0,0.0,0.0,99.92343045769046,100.01629164193422,0.0,16.0
0.0428,-2.0031853071801438,100.0,1.0,1.0,0.0,6.0,0.0,0.0,0.0,99.92343045769046,100.01629164193422,0.0,16.0
0.0429,-1.9931853071801475,100.0,1.0,1.0,0.0,6.0,0.0,0.0,0.0,99.92343045769046,100.01629164193422,0.0,16.0
0.043,-1.9831853071801517,100.0,1.0,1.0,0.0,6.0,0.0,0.0,0.0,99.92343045769046,100.01629164193422,0.0,16.0
0.0431,-1.9731853071801555,100.0,1.0,1.0,0.0,6.0,0.0,0.0,0.0,99.92343045769046,100.01629164193422,0.0,16.0
0.0432,-1.9631853071801593,100.0,1.0,1.0,0.0,6.0,0.0,0.0,0.0,99.92343045769046,100.01629164193422,0.0,16.0
0.0433,-1.9531853071801635,100.0,1.0,1.0,0.0,6.0,0.0,0.0,0.0,99.92343045769046,100.01629164193422,0.0,16.0
0.0434,-1.9431853071801672,100.0,1.0,1.0,0.0,6.0,0.0,0.0,0.0,99.92343045769046,100.01629164193422,0.0,16.0
0.0435,-1.9331853071801715,100.0,1.0,1.0,0.0,6.0,0.0,0.0,0.0,99.92343045769046,100.01629164193422,0.0,16.0
0.0436,-1.9231853071801752,100.0,1.0,1.0,0.0,6.0,0.0,0.0,0.0,99.92343045769046,100.01629164193422,0.0,16.0
0.0437,-1.913185307180179,100.0,1.0,1.0,0.0,6.0,0.0,0.0,0.0,99.92343045769046,100.01629164193422,0.0,16.0
0.0438,-1.9031853071801832,100.0,1.0,1.0,0.0,6.0,0.0,0.0,0.0,99.92343045769046,100.01629164193422,0.0,16.0
0.0439,-1.893185307180187,100.0,1.0,1.0,0.0,6.0,0.0,0.0,0.0,99.92343045769046,100.01629164193422,0.0,16.0
0.044,-1.8831853071801912,100.0,1.0,1.0,0.0,6.0,0.0,0.0,0.0,99.92343045769046,100.01629164193422,0.0,16.0
0.0441,-1.873185307180195,100.0,1.0,1.0,0.0,6.0,0.0,0.0,0.0,99.92343045769046,100.01629164193422,0.0,16.0
0.0442,-1.8631853071801987,100.0,1.0,1.0,0.0,6.0,0.0,0.0,0.0,99.92343045769046,100.01629164193422,0.0,16.0
0.0443,-1.853185307180203,100.0,1.0,1.0,0.0,6.0,0.0,0.0,0.0,99.92343045769046,100.01629164193422,0.0,16.0
0.0444,-1.8431853071802067,100.0,1.0,1.0,0.0,6.0,0.0,0.0,0.0,99.92343045769046,100.01629164193422,0.0,16.0
0.0445,-1.8331853071802109,100.0,1.0,1.0,0.0,6.0,0.0,0.0,0.0,99.92343045769046,100.01629164193422,0.0,16.0
0.0446,-1.8231853071802147,100.0,1.0,0.0,0.0,4.0,0.0,0.0,0.0,99.92343045769151,99.99307634587353,0.0,17.0
0.0447,-1.8131853071802189,100.0,1.0,0.0,0.0,4.0,0.0,0.0,0.0,99.92343045769151,99.99307634587353,0.0,17.0
0.0448,-1.8031853071802226,100.0,1.0,0.0,0.0,4.0,0.0,0.0,0.0,99.92343045769151,99.99307634587353,0.0,17.0
0.0449,-1.7931853071802264,100.0,1.0,0.0,0.0,4.0,0.0,0.0,0.0,99.92343045769151,99.99307634587353,0.0,17.0
0.045,-1.7831853071802306,100.0,1.0,0.0,0.0,4.0,0.0,0.0,0.0,99.92343045769151,99.99307634587353,0.0,17.0
0.0451,-1.7731853071802344,100.0,1.0,0.0,0.0,4.0,0.0,0.0,0.0,99.92343045769151,99.99307634587353,0.0,17.0
0.0452,-1.7631853071802386,100.0,1.0,0.0,0.0,4.0,0.0,0.0,0.0,99.92343045769151,99.99307634587353,0.0,17.0
0.0453,-1.7531853071802423,100.0,1.0,0.0,0.0,4.0,0.0,0.0,0.0,99.92343045769151,99.99307634587353,0.0,17.0
0.0454,-1.7431853071802461,100.0,1.0,0.0,0.0,4.0,0.0,0.0,0.0,99.92343045769151,99.99307634587353,0.0,17.0
0.0455,-1.7331853071802503,100.0,1.0,0.0,0.0,4.0,0.0,0.0,0.0,99.92343045769151,99.99307634587353,0.0,17.0
0.0456,-1.723185307180254,100.0,1.0,0.0,0.0,4.0,0.0,0.0,0.0,99.92343045769151,99.99307634587353,0.0,17.0
0.0457,-1.7131853071802583,100.0,1.0,0.0,0.0,4.0,0.0,0.0,0.0,99.92343045769151,99.99307634587353,0.0,17.0
0.0458,-1.703185307180262,100.0,1.0,0.0,0.0,4.0,0.0,0.0,0.0,99.92343045769151,99.99307634587353,0.0,17.0
0.0459,-1.6931853071802658,100.0,1.0,0.0,0.0,4.0,0.0,0.0,0.0,99.92343045769151,99.99307634587353,0.0,17.0
0.046,-1.68318530718027,100.0,1.0,0.0,0.0,4.0,0.0,0.0,0.0,99.92343045769151,99.99307634587353,0.0,17.0
0.0461,-1.6731853071802738,100.0,1.0,0.0,0.0,4.0,0.0,0.0,0.0,99.92343045769151,99.99307634587353,0.0,17.0
0.0462,-1.663185307180278,100.0,1.0,0.0,0.0,4.0,0.0,0.0,0.0,99.92343045769151,99.99307634587353,0.0,17.0
0.0463,-1.6531853071802818,100.0,1.0,0.0,0.0,4.0,0.0,0.0,0.0,99.92343045769151,99.99307634587353,0.0,17.0
0.0464,-1.643185307180286,100.0,1.0,0.0,0.0,4.0,0.0,0.0,0.0,99.92343045769151,99.99307634587353,0.0,17.0
0.0465,-1.6331853071802898,100.0,1.0,0.0,0.0,4.0,0.0,0.0,0.0,99.92343045769151,99.99307634587353,0.0,17.0
0.0466,-1.6231853071802935,100.0,1.0,0.0,0.0,4.0,0.0,0.0,0.0,99.92343045769151,99.99307634587353,0.0,17.0
0.0467,-1.6131853071802977,100.0,1.0,0.0,0.0,4.0,0.0,0.0,0.0,99.92343045769151,99.99307634587353,0.0,17.0
0.0468,-1.6031853071803015,100.0,1.0,0.0,0.0,4.0,0.0,0.0,0.0,99.92343045769151,99.99307634587353,0.0,17.0
0.0469,-1.5931853071803057,100.0,1.0,0.0,0.0,4.0,0.0,0.0,0.0,99.92343045769151,99.99307634587353,0.0,17.0
0.047,-1.5831853071803095,100.0,1.0,0.0,0.0,4.0,0.0,0.0,0.0,99.92343045769151,99.99307634587353,0.0,17.0
0.0471,-1.5731853071803132,100.0,1.0,0.0,0.0,4.0,0.0,0.0,0.0,99.92343045769151,99.99307634587353,0.0,17.0
0.0472,-1.5631853071803175,100.0,1.0,0.0,1.0,5.0,0.0,0.0,0.0,99.92343045769019,99.9756648738277,0.0,18.0
0.0473,-1.5531853071803212,100.0,1.0,0.0,1.0,5.0,0.0,0.0,0.0,99.92343045769019,99.9756648738277,0.0,18.0
0.0474,-1.5431853071803254,100.0,1.0,0.0,1.0,5.0,0.0,0.0,0.0,99.92343045769019,99.9756648738277,0.0,18.0
0.0475,-1.5331853071803292,100.0,1.0,0.0,1.0,5.0,0.0,0.0,0.0,99.92343045769019,99.9756648738277,0.0,18.0
0.0476,-1.523185307180333,100.0,1.0,0.0,1.0,5.0,0.0,0.0,0.0,99.92343045769019,99.9756648738277,0.0,18.0
0.0477,-1.5131853071803372,100.0,1.0,0.0,1.0,5.0,0.0,0.0,0.0,99.92343045769019,99.9756648738277,0.0,18.0
0.0478,-1.503185307180341,100.0,1.0,0.0,1.0,5.0,0.0,0.0,0.0,99.92343045769019,99.9756648738277,0.0,18.0
0.0479,-1.4931853071803451,100.0,1.0,0.0,1.0,5.0,0.0,0.0,0.0,99.92343045769019,99.9756648738277,0.0,18.0
0.048,-1.483185307180349,100.0,1.0,0.0,1.0,5.0,0.0,0.0,0.0,99.92343045769019,99.9756648738277,0.0,18.0
0.0481,-1.4731853071803531,100.0,1.0,0.0,1.0,5.0,0.0,0.0,0.0,99.92343045769019,99.9756648738277,0.0,18.0
0.0482,-1.4631853071803569,100.0,1.0,0.0,1.0,5.0,0.0,0.0,0.0,99.92343045769019,99.9756648738277,0.0,18.0
0.0483,-1.4531853071803607,100.0,1.0,0.0,1.0,5.0,0.0,0.0,0.0,99.92343045769019,99.9756648738277,0.0,18.0
0.0484,-1.4431853071803649,100.0,1.0,0.0,1.0,5.0,0.0,0.0,0.0,99.92343045769019,99.9756648738277,0.0,18.0
0.0485,-1.4331853071803686,100.0,1.0,0.0,1.0,5.0,0.0,0.0,0.0,99.92343045769019,99.9756648738277,0.0,18.0
0.0486,-1.4231853071803728,100.0,1.0,0.0,1.0,5.0,0.0,0.0,0.0,99.92343045769019,99.9756648738277,0.0,18.0
0.0487,-1.4131853071803766,100.0,1.0,0.0,1.0,5.0,0.0,0.0,0.0,99.92343045769019,99.9756648738277,0.0,18.0
0.0488,-1.4031853071803804,100.0,1.0,0.0,1.0,5.0,0.0,0.0,0.0,99.92343045769019,99.9756648738277,0.0,18.0
0.0489,-1.3931853071803846,100.0,1.0,0.0,1.0,5.0,0.0,0.0,0.0,99.92343045769019,99.9756648738277,0.0,18.0
0.049,-1.3831853071803883,100.0,1.0,0.0,1.0,5.0,0.0,0.0,0.0,99.92343045769019,99.9756648738277,0.0,18.0
0.0491,-1.3731853071803926,100.0,1.0,0.0,1.0,5.0,0.0,0.0,0.0,99.92343045769019,99.9756648738277,0.0,18.0
0.0492,-1.3631853071803963,100.0,1.0,0.0,1.0,5.0,0.0,0.0,0.0,99.92343045769019,99.9756648738277,0.0,18.0
0.0493,-1.3531853071804005,100.0,1.0,0.0,1.0,5.0,0.0,0.0,0.0,99.92343045769019,99.9756648738277,0.0,18.0
0.0494,-1.3431853071804043,100.0,1.0,0.0,1.0,5.0,0.0,0.0,0.0,99.92343045769019,99.9756648738277,0.0,18.0
0.0495,-1.333185307180408,100.0,1.0,0.0,1.0,5.0,0.0,0.0,0.0,99.92343045769019,99.9756648738277,0.0,18.0
0.0496,-1.3231853071804123,100.0,1.0,0.0,1.0,5.0,0.0,0.0,0.0,99.92343045769019,99.9756648738277,0.0,18.0
0.0497,-1.313185307180416,100.0,1.0,0.0,1.0,5.0,0.0,0.0,0.0,99.92343045769019,99.9756648738277,0.0,18.0
0.0498,-1.3031853071804202,100.0,0.0,0.0,1.0,1.0,0.0,0.0,0.0,99.92343045769046,99.9626062697934,0.0,19.0
0.0499,-1.293185307180424,100.0,0.0,0.0,1.0,1.0,0.0,0.0,0.0,99.92343045769046,99.9626062697934,0.0,19.0
0.05,-1.2831853071804278,100.0,0.0,0.0,1.0,1.0,0.0,0.0,0.0,99.92343045769046,99.9626062697934,0.0,19.0
0.0501,-1.273185307180432,100.0,0.0,0.0,1.0,1.0,0.0,0.0,0.0,99.92343045769046,99.9626062697934,0.0,19.0
0.0502,-1.2631853071804358,100.0,0.0,0.0,1.0,1.0,0.0,0.0,0.0,99.92343045769046,99.9626062697934,0.0,19.0
0.0503,-1.25318530718044,100.0,0.0,0.0,1.0,1.0,0.0,0.0,0.0,99.92343045769046,99.9626062697934,0.0,19.0
0.0504,-1.2431853071804437,100.0,0.0,0.0,1.0,1.0,0.0,0.0,0.0,99.92343045769046,99.9626062697934,0.0,19.0
0.0505,-1.2331853071804475,100.0,0.0,0.0,1.0,1.0,0.0,0.0,0.0,99.92343045769046,99.9626062697934,0.0,19.0
0.0506,-1.2231853071804517,100.0,0.0,0.0,1.0,1.0,0.0,0.0,0.0,99.92343045769046,99.9626062697934,0.0,19.0
0.0507,-1.2131853071804555,100.0,0.0,0.0,1.0,1.0,0.0,0.0,0.0,99.92343045769046,99.9626062697934,0.0,19.0
0.0508,-1.2031853071804597,100.0,0.0,0.0,1.0,1.0,0.0,0.0,0.0,99.92343045769046,99.9626062697934,0.0,19.0
0.0509,-1.1931853071804635,100.0,0.0,0.0,1.0,1.0,0.0,0.0,0.0,99.92343045769046,99.9626062697934,0.0,19.0
0.051,-1.1831853071804677,100.0,0.0,0.0,1.0,1.0,0.0,0.0,0.0,99.92343045769046,99.9626062697934,0.0,19.0
0.0511,-1.1731853071804714,100.0,0.0,0.0,1.0,1.0,0.0,0.0,0.0,99.92343045769046,99.9626062697934,0.0,19.0
0.0512,-1.1631853071804752,100.0,0.0,0.0,1.0,1.0,0.0,0.0,0.0,99.92343045769046,99.9626062697934,0.0,19.0
0.0513,-1.1531853071804794,100.0,0.0,0.0,1.0,1.0,0.0,0.0,0.0,99.92343045769046,99.9626062697934,0.0,19.0
0.0514,-1.1431853071804832,100.0,0.0,0.0,1.0,1.0,0.0,0.0,0.0,99.92343045769046,99.9626062697934,0.0,19.0
0.0515,-1.1331853071804874,100.0,0.0,0.0,1.0,1.0,0.0,0.0,0.0,99.92343045769046,99.9626062697934,0.0,19.0
0.0516,-1.1231853071804911,100.0,0.0,0.0,1.0,1.0,0.0,0.0,0.0,99.92343045769046,99.9626062697934,0.0,19.0
0.0517,-1.113185307180495,100.0,0.0,0.0,1.0,1.0,0.0,0.0,0.0,99.92343045769046,99.9626062697934,0.0,19.0
0.0518,-1.1031853071804991,100.0,0.0,0.0,1.0,1.0,0.0,0.0,0.0,99.92343045769046,99.9626062697934,0.0,19.0
0.0519,-1.0931853071805029,100.0,0.0,0.0,1.0,1.0,0.0,0.0,0.0,99.92343045769046,99.9626062697934,0.0,19.0
0.052,-1.083185307180507,100.0,0.0,0.0,1.0,1.0,0.0,0.0,0.0,99.92343045769046,99.9626062697934,0.0,19.0
0.0521,-1.0731853071805109,100.0,0.0,0.0,1.0,1.0,0.0,0.0,0.0,99.92343045769046,99.9626062697934,0.0,19.0
0.0522,-1.0631853071805146,100.0,0.0,0.0,1.0,1.0,0.0,0.0,0.0,99.92343045769046,99.9626062697934,0.0,19.0
0.0523,-1.0531853071805188,100.0,0.0,0.0,1.0,1.0,0.0,0.0,0.0,99.92343045769046,99.9626062697934,0.0,19.0
0.0524,-1.0431853071805226,100.0,0.0,1.0,1.0,3.0,0.0,0.0,0.0,100.30627885024877,100.04852441490723,0.0,20.0
0.0525,-1.0331853071805268,100.0,0.0,1.0,1.0,3.0,0.0,0.0,0.0,100.30627885024877,100.04852441490723,0.0,20.0
0.0526,-1.0231853071805306,100.0,0.0,1.0,1.0,3.0,0.0,0.0,0.0,100.30627885024877,100.04852441490723,0.0,20.0
0.0527,-1.0131853071805348,100.0,0.0,1.0,1.0,3.0,0.0,0.0,0.0,100.30627885024877,100.04852441490723,0.0,20.0
0.0528,-1.0031853071805386,100.0,0.0,1.0,1.0,3.0,0.0,0.0,0.0,100.30627885024877,100.04852441490723,0.0,20.0
0.0529,-0.9931853071805417,100.0,0.0,1.0,1.0,3.0,0.0,0.0,0.0,100.30627885024877,100.04852441490723,0.0,20.0
0.053,-0.9831853071805448,100.0,0.0,1.0,1.0,3.0,0.0,0.0,0.0,100.30627885024877,100.04852441490723,0.0,20.0
0.0531,-0.9731853071805472,100.0,0.0,1.0,1.0,3.0,0.0,0.0,0.0,100.30627885024877,100.04852441490723,0.0,20.0
0.0532,-0.9631853071805503,100.0,0.0,1.0,1.0,3.0,0.0,0.0,0.0,100.30627885024877,100.04852441490723,0.0,20.0
0.0533,-0.9531853071805527,100.0,0.0,1.0,1.0,3.0,0.0,0.0,0.0,100.30627885024877,100.04852441490723,0.0,20.0
0.0534,-0.9431853071805552,100.0,0.0,1.0,1.0,3.0,0.0,0.0,0.0,100.30627885024877,100.04852441490723,0.0,20.0
0.0535,-0.9331853071805583,100.0,0.0,1.0,1.0,3.0,0.0,0.0,0.0,100.30627885024877,100.04852441490723,0.0,20.0
0.0536,-0.9231853071805607,100.0,0.0,1.0,1.0,3.0,0.0,0.0,0.0,100.30627885024877,100.04852441490723,0.0,20.0
0.0537,-0.9131853071805638,100.0,0.0,1.0,1.0,3.0,0.0,0.0,0.0,100.30627885024877,100.04852441490723,0.0,20.0
0.0538,-0.9031853071805662,100.0,0.0,1.0,1.0,3.0,0.0,0.0,0.0,100.30627885024877,100.04852441490723,0.0,20.0
0.0539,-0.8931853071805687,100.0,0.0,1.0,1.0,3.0,0.0,0.0,0.0,100.30627885024877,100.04852441490723,0.0,20.0
0.054,-0.8831853071805718,100.0,0.0,1.0,1.0,3.0,0.0,0.0,0.0,100.30627885024877,100.04852441490723,0.0,20.0
0.0541,-0.8731853071805742,100.0,0.0,1.0,1.0,3.0,0.0,0.0,0.0,100.30627885024877,100.04852441490723,0.0,20.0
0.0542,-0.8631853071805773,100.0,0.0,1.0,1.0,3.0,0.0,0.0,0.0,100.30627885024877,100.04852441490723,0.0,20.0
0.0543,-0.8531853071805797,100.0,0.0,1.0,1.0,3.0,0.0,0.0,0.0,100.30627885024877,100.04852441490723,0.0,20.0
0.0544,-0.8431853071805828,100.0,0.0,1.0,1.0,3.0,0.0,0.0,0.0,100.30627885024877,100.04852441490723,0.0,20.0
0.0545,-0.8331853071805853,100.0,0.0,1.0,1.0,3.0,0.0,0.0,0.0,100.30627885024877,100.04852441490723,0.0,20.0
0.0546,-0.8231853071805877,100.0,0.0,1.0,1.0,3.0,0.0,0.0,0.0,100.30627885024877,100.04852441490723,0.0,20.0
0.0547,-0.8131853071805908,100.0,0.0,1.0,1.0,3.0,0.0,0.0,0.0,100.30627885024877,100.04852441490723,0.0,20.0
0.0548,-0.8031853071805932,100.0,0.0,1.0,1.0,3.0,0.0,0.0,0.0,100.30627885024877,100.04852441490723,0.0,20.0
0.0549,-0.7931853071805963,100.0,0.0,1.0,1.0,3.0,0.0,0.0,0.0,100.30627885024877,100.04852441490723,0.0,20.0
0.055,-0.7831853071805988,100.0,0.0,1.0,0.0,2.0,0.0,0.0,0.0,99.92343045769046,100.01725092560305,0.0,21.0
0.0551,-0.7731853071806012,100.0,0.0,1.0,0.0,2.0,0.0,0.0,0.0,99.92343045769046,100.01725092560305,0.0,21.0
0.0552,-0.7631853071806043,100.0,0.0,1.0,0.0,2.0,0.0,0.0,0.0,99.92343045769046,100.01725092560305,0.0,21.0
0.0553,-0.7531853071806067,100.0,0.0,1.0,0.0,2.0,0.0,0.0,0.0,99.92343045769046,100.01725092560305,0.0,21.0
0.0554,-0.7431853071806098,100.0,0.0,1.0,0.0,2.0,0.0,0.0,0.0,99.92343045769046,100.01725092560305,0.0,21.0
0.0555,-0.7331853071806123,100.0,0.0,1.0,0.0,2.0,0.0,0.0,0.0,99.92343045769046,100.01725092560305,0.0,21.0
0.0556,-0.7231853071806154,100.0,0.0,1.0,0.0,2.0,0.0,0.0,0.0,99.92343045769046,100.01725092560305,0.0,21.0
0.0557,-0.7131853071806178,100.0,0.0,1.0,0.0,2.0,0.0,0.0,0.0,99.92343045769046,100.01725092560305,0.0,21.0
0.0558,-0.7031853071806202,100.0,0.0,1.0,0.0,2.0,0.0,0.0,0.0,99.92343045769046,100.01725092560305,0.0,21.0
0.0559,-0.6931853071806233,100.0,0.0,1.0,0.0,2.0,0.0,0.0,0.0,99.92343045769046,100.01725092560305,0.0,21.0
0.056,-0.6831853071806258,100.0,0.0,1.0,0.0,2.0,0.0,0.0,0.0,99.92343045769046,100.01725092560305,0.0,21.0
0.0561,-0.6731853071806289,100.0,0.0,1.0,0.0,2.0,0.0,0.0,0.0,99.92343045769046,100.01725092560305,0.0,21.0
0.0562,-0.6631853071806313,100.0,0.0,1.0,0.0,2.0,0.0,0.0,0.0,99.92343045769046,100.01725092560305,0.0,21.0
0.0563,-0.6531853071806337,100.0,0.0,1.0,0.0,2.0,0.0,0.0,0.0,99.92343045769046,100.01725092560305,0.0,21.0
0.0564,-0.6431853071806368,100.0,0.0,1.0,0.0,2.0,0.0,0.0,0.0,99.92343045769046,100.01725092560305,0.0,21.0
0.0565,-0.6331853071806393,100.0,0.0,1.0,0.0,2.0,0.0,0.0,0.0,99.92343045769046,100.01725092560305,0.0,21.0
0.0566,-0.6231853071806424,100.0,0.0,1.0,0.0,2.0,0.0,0.0,0.0,99.92343045769046,100.01725092560305,0.0,21.0
0.0567,-0.6131853071806448,100.0,0.0,1.0,0.0,2.0,0.0,0.0,0.0,99.92343045769046,100.01725092560305,0.0,21.0
0.0568,-0.6031853071806472,100.0,0.0,1.0,0.0,2.0,0.0,0.0,0.0,99.92343045769046,100.01725092560305,0.0,21.0
0.0569,-0.5931853071806503,100.0,0.0,1.0,0.0,2.0,0.0,0.0,0.0,99.92343045769046,100.01725092560305,0.0,21.0
0.057,-0.5831853071806528,100.0,0.0,1.0,0.0,2.0,0.0,0.0,0.0,99.92343045769046,100.01725092560305,0.0,21.0
0.0571,-0.5731853071806559,100.0,0.0,1.0,0.0,2.0,0.0,0.0,0.0,99.92343045769046,100.01725092560305,0.0,21.0
0.0572,-0.5631853071806583,100.0,0.0,1.0,0.0,2.0,0.0,0.0,0.0,99.92343045769046,100.01725092560305,0.0,21.0
0.0573,-0.5531853071806614,100.0,0.0,1.0,0.0,2.0,0.0,0.0,0.0,99.92343045769046,100.01725092560305,0.0,21.0
0.0574,-0.5431853071806638,100.0,0.0,1.0,0.0,2.0,0.0,0.0,0.0,99.92343045769046,100.01725092560305,0.0,21.0
0.0575,-0.5331853071806663,100.0,0.0,1.0,0.0,2.0,0.0,0.0,0.0,99.92343045769046,100.01725092560305,0.0,21.0
0.0576,-0.5231853071806694,100.0,1.0,1.0,0.0,6.0,1.0,1.0,1.0,99.92343045769151,99.99379580862517,0.0,22.0
0.0577,-0.5131853071806718,100.0,1.0,1.0,0.0,6.0,0.0,0.0,0.0,99.92343045769151,99.99379580862517,0.0,22.0
0.0578,-0.5031853071806749,100.0,1.0,1.0,0.0,6.0,0.0,0.0,0.0,99.92343045769151,99.99379580862517,0.0,22.0
0.0579,-0.49318530718067727,100.0,1.0,1.0,0.0,6.0,0.0,0.0,0.0,99.92343045769151,99.99379580862517,0.0,22.0
0.058,-0.4831853071806797,100.0,1.0,1.0,0.0,6.0,0.0,0.0,0.0,99.92343045769151,99.99379580862517,0.0,22.0
0.0581,-0.47318530718068286,100.0,1.0,1.0,0.0,6.0,0.0,0.0,0.0,99.92343045769151,99.99379580862517,0.0,22.0
0.0582,-0.4631853071806853,100.0,1.0,1.0,0.0,6.0,0.0,0.0,0.0,99.92343045769151,99.99379580862517,0.0,22.0
0.0583,-0.45318530718068845,100.0,1.0,1.0,0.0,6.0,0.0,0.0,0.0,99.92343045769151,99.99379580862517,0.0,22.0
0.0584,-0.4431853071806909,100.0,1.0,1.0,0.0,6.0,0.0,0.0,0.0,99.92343045769151,99.99379580862517,0.0,22.0
0.0585,-0.4331853071806933,100.0,1.0,1.0,0.0,6.0,0.0,0.0,0.0,99.92343045769151,99.99379580862517,0.0,22.0
0.0586,-0.42318530718069647,100.0,1.0,1.0,0.0,6.0,0.0,0.0,0.0,99.92343045769151,99.99379580862517,0.0,22.0
0.0587,-0.4131853071806989,100.0,1.0,1.0,0.0,6.0,0.0,0.0,0.0,99.92343045769151,99.99379580862517,0.0,22.0
0.0588,-0.40318530718070206,100.0,1.0,1.0,0.0,6.0,0.0,0.0,0.0,99.92343045769151,99.99379580862517,0.0,22.0
0.0589,-0.3931853071807045,100.0,1.0,1.0,0.0,6.0,0.0,0.0,0.0,99.92343045769151,99.99379580862517,0.0,22.0
0.059,-0.38318530718070765,100.0,1.0,1.0,0.0,6.0,0.0,0.0,0.0,99.92343045769151,99.99379580862517,0.0,22.0
0.0591,-0.3731853071807101,100.0,1.0,1.0,0.0,6.0,0.0,0.0,0.0,99.92343045769151,99.99379580862517,0.0,22.0
0.0592,-0.3631853071807125,100.0,1.0,1.0,0.0,6.0,0.0,0.0,0.0,99.92343045769151,99.99379580862517,0.0,22.0
0.0593,-0.35318530718071567,100.0,1.0,1.0,0.0,6.0,0.0,0.0,0.0,99.92343045769151,99.99379580862517,0.0,22.0
0.0594,-0.3431853071807181,100.0,1.0,1.0,0.0,6.0,0.0,0.0,0.0,99.92343045769151,99.99379580862517,0.0,22.0
0.0595,-0.33318530718072126,100.0,1.0,1.0,0.0,6.0,0.0,0.0,0.0,99.92343045769151,99.99379580862517,0.0,22.0
0.0596,-0.3231853071807237,100.0,1.0,1.0,0.0,6.0,0.0,0.0,0.0,99.92343045769151,99.99379580862517,0.0,22.0
0.0597,-0.3131853071807261,100.0,1.0,1.0,0.0,6.0,0.0,0.0,0.0,99.92343045769151,99.99379580862517,0.0,22.0
0.0598,-0.3031853071807293,100.0,1.0,1.0,0.0,6.0,0.0,0.0,0.0,99.92343045769151,99.99379580862517,0.0,22.0
0.0599,-0.2931853071807317,100.0,1.0,1.0,0.0,6.0,0.0,0.0,0.0,99.92343045769151,99.99379580862517,0.0,22.0
0.06,-0.28318530718073487,100.0,1.0,1.0,0.0,6.0,0.0,0.0,0.0,99.92343045769151,99.99379580862517,0.0,22.0
0.0601,-0.2731853071807373,100.0,1.0,1.0,0.0,6.0,0.0,0.0,0.0,99.92343045769151,99.99379580862517,0.0,22.0
0.0602,-0.26318530718074046,100.0,1.0,1.0,0.0,6.0,0.0,0.0,0.0,99.92343045769151,99.99379580862517,0.0,22.0
0.0603,-0.2531853071807429,100.0,1.0,0.0,0.0,4.0,0.0,0.0,0.0,99.92343045769046,99.97620447089149,0.0,23.0
0.0604,-0.24318530718074538,100.0,1.0,0.0,0.0,4.0,0.0,0.0,0.0,99.92343045769046,99.97620447089149,0.0,23.0
0.0605,-0.23318530718074854,100.0,1.0,0.0,0.0,4.0,0.0,0.0,0.0,99.92343045769046,99.97620447089149,0.0,23.0
0.0606,-0.223185307180751,100.0,1.0,0.0,0.0,4.0,0.0,0.0,0.0,99.92343045769046,99.97620447089149,0.0,23.0
0.0607,-0.21318530718075415,100.0,1.0,0.0,0.0,4.0,0.0,0.0,0.0,99.92343045769046,99.97620447089149,0.0,23.0
0.0608,-0.2031853071807566,100.0,1.0,0.0,0.0,4.0,0.0,0.0,0.0,99.92343045769046,99.97620447089149,0.0,23.0
0.0609,-0.19318530718075907,100.0,1.0,0.0,0.0,4.0,0.0,0.0,0.0,99.92343045769046,99.97620447089149,0.0,23.0
0.061,-0.18318530718076223,100.0,1.0,0.0,0.0,4.0,0.0,0.0,0.0,99.92343045769046,99.97620447089149,0.0,23.0
0.0611,-0.1731853071807647,100.0,1.0,0.0,0.0,4.0,0.0,0.0,0.0,99.92343045769046,99.97620447089149,0.0,23.0
0.0612,-0.16318530718076785,100.0,1.0,0.0,0.0,4.0,0.0,0.0,0.0,99.92343045769046,99.97620447089149,0.0,23.0
0.0613,-0.1531853071807703,100.0,1.0,0.0,0.0,4.0,0.0,0.0,0.0,99.92343045769046,99.97620447089149,0.0,23.0
0.0614,-0.14318530718077277,100.0,1.0,0.0,0.0,4.0,0.0,0.0,0.0,99.92343045769046,99.97620447089149,0.0,23.0
0.0615,-0.13318530718077592,100.0,1.0,0.0,0.0,4.0,0.0,0.0,0.0,99.92343045769046,99.97620447089149,0.0,23.0
0.0616,-0.12318530718077839,100.0,1.0,0.0,0.0,4.0,0.0,0.0,0.0,99.92343045769046,99.97620447089149,0.0,23.0
0.0617,-0.11318530718078154,100.0,1.0,0.0,0.0,4.0,0.0,0.0,0.0,99.92343045769046,99.97620447089149,0.0,23.0
0.0618,-0.103185307180784,100.0,1.0,0.0,0.0,4.0,0.0,0.0,0.0,99.92343045769046,99.97620447089149,0.0,23.0
0.0619,-0.09318530718078716,100.0,1.0,0.0,0.0,4.0,0.0,0.0,0.0,99.92343045769046,99.97620447089149,0.0,23.0
0.062,-0.08318530718078962,100.0,1.0,0.0,0.0,4.0,0.0,0.0,0.0,99.92343045769046,99.97620447089149,0.0,23.0
0.0621,-0.07318530718079208,100.0,1.0,0.0,0.0,4.0,0.0,0.0,0.0,99.92343045769046,99.97620447089149,0.0,23.0
0.0622,-0.06318530718079524,100.0,1.0,0.0,0.0,4.0,0.0,0.0,0.0,99.92343045769046,99.97620447089149,0.0,23.0
0.0623,-0.0531853071807977,100.0,1.0,0.0,0.0,4.0,0.0,0.0,0.0,99.92343045769046,99.97620447089149,0.0,23.0
0.0624,-0.04318530718080085,100.0,1.0,0.0,0.0,4.0,0.0,0.0,0.0,99.92343045769046,99.97620447089149,0.0,23.0
0.0625,-0.03318530718080331,100.0,1.0,0.0,0.0,4.0,0.0,0.0,0.0,99.92343045769046,99.97620447089149,0.0,23.0
0.0626,-0.023185307180799135,100.0,1.0,0.0,0.0,4.0,0.0,0.0,0.0,99.92343045769046,99.97620447089149,0.0,23.0
0.0627,-0.013185307180794963,100.0,1.0,0.0,0.0,4.0,0.0,0.0,0.0,99.92343045769046,99.97620447089149,0.0,23.0
0.0628,-0.003185307180792179,100.0,1.0,0.0,0.0,4.0,0.0,0.0,0.0,99.92343045769046,99.97620447089149,0.0,23.0
0.0629,0.006814692819211986,100.0,1.0,0.0,1.0,5.0,0.0,0.0,0.0,99.92343045769151,99.96301096759149,0.0,24.0
0.063,0.016814692819216152,100.0,1.0,0.0,1.0,5.0,0.0,0.0,0.0,99.92343045769151,99.96301096759149,0.0,24.0
0.0631,0.02681469281922032,100.0,1.0,0.0,1.0,5.0,0.0,0.0,0.0,99.92343045769151,99.96301096759149,0.0,24.0
0.0632,0.036814692819224504,100.0,1.0,0.0,1.0,5.0,0.0,0.0,0.0,99.92343045769151,99.96301096759149,0.0,24.0
0.0633,0.04681469281922728,100.0,1.0,0.0,1.0,5.0,0.0,0.0,0.0,99.92343045769151,99.96301096759149,0.0,24.0
0.0634,0.05681469281923147,100.0,1.0,0.0,1.0,5.0,0.0,0.0,0.0,99.92343045769151,99.96301096759149,0.0,24.0
0.0635,0.06681469281923563,100.0,1.0,0.0,1.0,5.0,0.0,0.0,0.0,99.92343045769151,99.96301096759149,0.0,24.0
0.0636,0.07681469281923979,100.0,1.0,0.0,1.0,5.0,0.0,0.0,0.0,99.92343045769151,99.96301096759149,0.0,24.0
0.0637,0.08681469281924395,100.0,1.0,0.0,1.0,5.0,0.0,0.0,0.0,99.92343045769151,99.96301096759149,0.0,24.0
0.0638,0.09681469281924673,100.0,1.0,0.0,1.0,5.0,0.0,0.0,0.0,99.92343045769151,99.96301096759149,0.0,24.0
0.0639,0.10681469281925089,100.0,1.0,0.0,1.0,5.0,0.0,0.0,0.0,99.92343045769151,99.96301096759149,0.0,24.0
0.064,0.11681469281925505,100.0,1.0,0.0,1.0,5.0,0.0,0.0,0.0,99.92343045769151,99.96301096759149,0.0,24.0
0.0641,0.12681469281925925,100.0,1.0,0.0,1.0,5.0,0.0,0.0,0.0,99.92343045769151,99.96301096759149,0.0,24.0
0.0642,0.13681469281926203,100.0,1.0,0.0,1.0,5.0,0.0,0.0,0.0,99.92343045769151,99.96301096759149,0.0,24.0
0.0643,0.14681469281926623,100.0,1.0,0.0,1.0,5.0,0.0,0.0,0.0,99.92343045769151,99.96301096759149,0.0,24.0
0.0644,0.15681469281927043,100.0,1.0,0.0,1.0,5.0,0.0,0.0,0.0,99.92343045769151,99.96301096759149,0.0,24.0
0.0645,0.16681469281927463,100.0,1.0,0.0,1.0,5.0,0.0,0.0,0.0,99.92343045769151,99.96301096759149,0.0,24.0
0.0646,0.17681469281927883,100.0,1.0,0.0,1.0,5.0,0.0,0.0,0.0,99.92343045769151,99.96301096759149,0.0,24.0
0.0647,0.18681469281928162,100.0,1.0,0.0,1.0,5.0,0.0,0.0,0.0,99.92343045769151,99.96301096759149,0.0,24.0
0.0648,0.19681469281928582,100.0,1.0,0.0,1.0,5.0,0.0,0.0,0.0,99.92343045769151,99.96301096759149,0.0,24.0
0.0649,0.20681469281929002,100.0,1.0,0.0,1.0,5.0,0.0,0.0,0.0,99.92343045769151,99.96301096759149,0.0,24.0
0.065,0.21681469281929422,100.0,1.0,0.0,1.0,5.0,0.0,0.0,0.0,99.92343045769151,99.96301096759149,0.0,24.0
0.0651,0.22681469281929842,100.0,1.0,0.0,1.0,5.0,0.0,0.0,0.0,99.92343045769151,99.96301096759149,0.0,24.0
0.0652,0.2368146928193012,100.0,1.0,0.0,1.0,5.0,0.0,0.0,0.0,99.92343045769151,99.96301096759149,0.0,24.0
0.0653,0.2468146928193054,100.0,1.0,0.0,1.0,5.0,0.0,0.0,0.0,99.92343045769151,99.96301096759149,0.0,24.0
0.0654,0.25681469281930963,100.0,1.0,0.0,1.0,5.0,0.0,0.0,0.0,99.92343045769151,99.96301096759149,0.0,24.0
0.0655,0.26681469281931386,100.0,0.0,0.0,1.0,1.0,0.0,0.0,0.0,100.30627885024877,100.04882793825581,0.0,25.0
0.0656,0.2768146928193181,100.0,0.0,0.0,1.0,1.0,0.0,0.0,0.0,100.30627885024877,100.04882793825581,0.0,25.0
0.0657,0.2868146928193209,100.0,0.0,0.0,1.0,1.0,0.0,0.0,0.0,100.30627885024877,100.04882793825581,0.0,25.0
0.0658,0.29681469281932515,100.0,0.0,0.0,1.0,1.0,0.0,0.0,0.0,100.30627885024877,100.04882793825581,0.0,25.0
0.0659,0.3068146928193294,100.0,0.0,0.0,1.0,1.0,0.0,0.0,0.0,100.30627885024877,100.04882793825581,0.0,25.0
0.066,0.3168146928193336,100.0,0.0,0.0,1.0,1.0,0.0,0.0,0.0,100.30627885024877,100.04882793825581,0.0,25.0
0.0661,0.32681469281933784,100.0,0.0,0.0,1.0,1.0,0.0,0.0,0.0,100.30627885024877,100.04882793825581,0.0,25.0
0.0662,0.3368146928193407,100.0,0.0,0.0,1.0,1.0,0.0,0.0,0.0,100.30627885024877,100.04882793825581,0.0,25.0
0.0663,0.3468146928193449,100.0,0.0,0.0,1.0,1.0,0.0,0.0,0.0,100.30627885024877,100.04882793825581,0.0,25.0
0.0664,0.35681469281934913,100.0,0.0,0.0,1.0,1.0,0.0,0.0,0.0,100.30627885024877,100.04882793825581,0.0,25.0
0.0665,0.36681469281935336,100.0,0.0,0.0,1.0,1.0,0.0,0.0,0.0,100.30627885024877,100.04882793825581,0.0,25.0
0.0666,0.3768146928193576,100.0,0.0,0.0,1.0,1.0,0.0,0.0,0.0,100.30627885024877,100.04882793825581,0.0,25.0
0.0667,0.38681469281936043,100.0,0.0,0.0,1.0,1.0,0.0,0.0,0.0,100.30627885024877,100.04882793825581,0.0,25.0
0.0668,0.39681469281936466,100.0,0.0,0.0,1.0,1.0,0.0,0.0,0.0,100.30627885024877,100.04882793825581,0.0,25.0
0.0669,0.4068146928193689,100.0,0.0,0.0,1.0,1.0,0.0,0.0,0.0,100.30627885024877,100.04882793825581,0.0,25.0
0.067,0.4168146928193731,100.0,0.0,0.0,1.0,1.0,0.0,0.0,0.0,100.30627885024877,100.04882793825581,0.0,25.0
0.0671,0.42681469281937734,100.0,0.0,0.0,1.0,1.0,0.0,0.0,0.0,100.30627885024877,100.04882793825581,0.0,25.0
0.0672,0.4368146928193802,100.0,0.0,0.0,1.0,1.0,0.0,0.0,0.0,100.30627885024877,100.04882793825581,0.0,25.0
0.0673,0.4468146928193844,100.0,0.0,0.0,1.0,1.0,0.0,0.0,0.0,100.30627885024877,100.04882793825581,0.0,25.0
0.0674,0.45681469281938863,100.0,0.0,0.0,1.0,1.0,0.0,0.0,0.0,100.30627885024877,100.04882793825581,0.0,25.0
0.0675,0.46681469281939286,100.0,0.0,0.0,1.0,1.0,0.0,0.0,0.0,100.30627885024877,100.04882793825581,0.0,25.0
0.0676,0.4768146928193957,100.0,0.0,0.0,1.0,1.0,0.0,0.0,0.0,100.30627885024877,100.04882793825581,0.0,25.0
0.0677,0.48681469281939993,100.0,0.0,0.0,1.0,1.0,0.0,0.0,0.0,100.30627885024877,100.04882793825581,0.0,25.0
0.0678,0.49681469281940416,100.0,0.0,0.0,1.0,1.0,0.0,0.0,0.0,100.30627885024877,100.04882793825581,0.0,25.0
0.0679,0.5068146928194082,100.0,0.0,0.0,1.0,1.0,0.0,0.0,0.0,100.30627885024877,100.04882793825581,0.0,25.0
0.068,0.5168146928194123,100.0,0.0,0.0,1.0,1.0,0.0,0.0,0.0,100.30627885024877,100.04882793825581,0.0,25.0
0.0681,0.526814692819415,100.0,0.0,1.0,1.0,3.0,0.0,0.0,0.0,99.92343045769071,100.01747856811453,0.0,26.0
0.0682,0.5368146928194191,100.0,0.0,1.0,1.0,3.0,0.0,0.0,0.0,99.92343045769071,100.01747856811453,0.0,26.0
0.0683,0.5468146928194232,100.0,0.0,1.0,1.0,3.0,0.0,0.0,0.0,99.92343045769071,100.01747856811453,0.0,26.0
0.0684,0.5568146928194273,100.0,0.0,1.0,1.0,3.0,0.0,0.0,0.0,99.92343045769071,100.01747856811453,0.0,26.0
0.0685,0.5668146928194314,100.0,0.0,1.0,1.0,3.0,0.0,0.0,0.0,99.92343045769071,100.01747856811453,0.0,26.0
0.0686,0.5768146928194341,100.0,0.0,1.0,1.0,3.0,0.0,0.0,0.0,99.92343045769071,100.01747856811453,0.0,26.0
0.0687,0.5868146928194382,100.0,0.0,1.0,1.0,3.0,0.0,0.0,0.0,99.92343045769071,100.01747856811453,0.0,26.0
0.0688,0.5968146928194423,100.0,0.0,1.0,1.0,3.0,0.0,0.0,0.0,99.92343045769071,100.01747856811453,0.0,26.0
0.0689,0.6068146928194464,100.0,0.0,1.0,1.0,3.0,0.0,0.0,0.0,99.92343045769071,100.01747856811453,0.0,26.0
0.069,0.6168146928194506,100.0,0.0,1.0,1.0,3.0,0.0,0.0,0.0,99.92343045769071,100.01747856811453,0.0,26.0
0.0691,0.6268146928194532,100.0,0.0,1.0,1.0,3.0,0.0,0.0,0.0,99.92343045769071,100.01747856811453,0.0,26.0
0.0692,0.6368146928194574,100.0,0.0,1.0,1.0,3.0,0.0,0.0,0.0,99.92343045769071,100.01747856811453,0.0,26.0
0.0693,0.6468146928194615,100.0,0.0,1.0,1.0,3.0,0.0,0.0,0.0,99.92343045769071,100.01747856811453,0.0,26.0
0.0694,0.6568146928194656,100.0,0.0,1.0,1.0,3.0,0.0,0.0,0.0,99.92343045769071,100.01747856811453,0.0,26.0
0.0695,0.6668146928194697,100.0,0.0,1.0,1.0,3.0,0.0,0.0,0.0,99.92343045769071,100.01747856811453,0.0,26.0
0.0696,0.6768146928194724,100.0,0.0,1.0,1.0,3.0,0.0,0.0,0.0,99.92343045769071,100.01747856811453,0.0,26.0
0.0697,0.6868146928194765,100.0,0.0,1.0,1.0,3.0,0.0,0.0,0.0,99.92343045769071,100.01747856811453,0.0,26.0
0.0698,0.6968146928194806,100.0,0.0,1.0,1.0,3.0,0.0,0.0,0.0,99.92343045769071,100.01747856811453,0.0,26.0
0.0699,0.7068146928194847,100.0,0.0,1.0,1.0,3.0,0.0,0.0,0.0,99.92343045769071,100.01747856811453,0.0,26.0
0.07,0.7168146928194888,100.0,0.0,1.0,1.0,3.0,0.0,0.0,0.0,99.92343045769071,100.01747856811453,0.0,26.0
0.0701,0.7268146928194915,100.0,0.0,1.0,1.0,3.0,0.0,0.0,0.0,99.92343045769071,100.01747856811453,0.0,26.0
0.0702,0.7368146928194956,100.0,0.0,1.0,1.0,3.0,0.0,0.0,0.0,99.92343045769071,100.01747856811453,0.0,26.0
0.0703,0.7468146928194997,100.0,0.0,1.0,1.0,3.0,0.0,0.0,0.0,99.92343045769071,100.01747856811453,0.0,26.0
0.0704,0.7568146928195039,100.0,0.0,1.0,1.0,3.0,0.0,0.0,0.0,99.92343045769071,100.01747856811453,0.0,26.0
0.0705,0.7668146928195065,100.0,0.0,1.0,1.0,3.0,0.0,0.0,0.0,99.92343045769071,100.01747856811453,0.0,26.0
0.0706,0.7768146928195107,100.0,0.0,1.0,1.0,3.0,0.0,0.0,0.0,99.92343045769071,100.01747856811453,0.0,26.0
0.0707,0.7868146928195148,100.0,0.0,1.0,0.0,2.0,0.0,0.0,0.0,99.92343045769124,99.9939665405087,0.0,27.0
0.0708,0.7968146928195189,100.0,0.0,1.0,0.0,2.0,0.0,0.0,0.0,99.92343045769124,99.9939665405087,0.0,27.0
0.0709,0.806814692819523,100.0,0.0,1.0,0.0,2.0,0.0,0.0,0.0,99.92343045769124,99.9939665405087,0.0,27.0
0.071,0.8168146928195257,100.0,0.0,1.0,0.0,2.0,0.0,0.0,0.0,99.92343045769124,99.9939665405087,0.0,27.0
0.0711,0.8268146928195298,100.0,0.0,1.0,0.0,2.0,0.0,0.0,0.0,99.92343045769124,99.9939665405087,0.0,27.0
0.0712,0.8368146928195339,100.0,0.0,1.0,0.0,2.0,0.0,0.0,0.0,99.92343045769124,99.9939665405087,0.0,27.0
0.0713,0.846814692819538,100.0,0.0,1.0,0.0,2.0,0.0,0.0,0.0,99.92343045769124,99.9939665405087,0.0,27.0
0.0714,0.8568146928195421,100.0,0.0,1.0,0.0,2.0,0.0,0.0,0.0,99.92343045769124,99.9939665405087,0.0,27.0
0.0715,0.8668146928195448,100.0,0.0,1.0,0.0,2.0,0.0,0.0,0.0,99.92343045769124,99.9939665405087,0.0,27.0
0.0716,0.8768146928195489,100.0,0.0,1.0,0.0,2.0,0.0,0.0,0.0,99.92343045769124,99.9939665405087,0.0,27.0
0.0717,0.886814692819553,100.0,0.0,1.0,0.0,2.0,0.0,0.0,0.0,99.92343045769124,99.9939665405087,0.0,27.0
0.0718,0.8968146928195572,100.0,0.0,1.0,0.0,2.0,0.0,0.0,0.0,99.92343045769124,99.9939665405087,0.0,27.0
0.0719,0.9068146928195613,100.0,0.0,1.0,0.0,2.0,0.0,0.0,0.0,99.92343045769124,99.9939665405087,0.0,27.0
0.072,0.916814692819564,100.0,0.0,1.0,0.0,2.0,0.0,0.0,0.0,99.92343045769124,99.9939665405087,0.0,27.0
0.0721,0.9268146928195681,100.0,0.0,1.0,0.0,2.0,0.0,0.0,0.0,99.92343045769124,99.9939665405087,0.0,27.0
0.0722,0.9368146928195722,100.0,0.0,1.0,0.0,2.0,0.0,0.0,0.0,99.92343045769124,99.9939665405087,0.0,27.0
0.0723,0.9468146928195763,100.0,0.0,1.0,0.0,2.0,0.0,0.0,0.0,99.92343045769124,99.9939665405087,0.0,27.0
0.0724,0.9568146928195804,100.0,0.0,1.0,0.0,2.0,0.0,0.0,0.0,99.92343045769124,99.9939665405087,0.0,27.0
0.0725,0.9668146928195831,100.0,0.0,1.0,0.0,2.0,0.0,0.0,0.0,99.92343045769124,99.9939665405087,0.0,27.0
0.0726,0.9768146928195872,100.0,0.0,1.0,0.0,2.0,0.0,0.0,0.0,99.92343045769124,99.9939665405087,0.0,27.0
0.0727,0.9868146928195913,100.0,0.0,1.0,0.0,2.0,0.0,0.0,0.0,99.92343045769124,99.9939665405087,0.0,27.0
0.0728,0.9968146928195954,100.0,0.0,1.0,0.0,2.0,0.0,0.0,0.0,99.92343045769124,99.9939665405087,0.0,27.0
0.0729,1.006814692819599,100.0,0.0,1.0,0.0,2.0,0.0,0.0,0.0,99.92343045769124,99.9939665405087,0.0,27.0
0.073,1.0168146928196007,100.0,0.0,1.0,0.0,2.0,0.0,0.0,0.0,99.92343045769124,99.9939665405087,0.0,27.0
0.0731,1.0268146928196036,100.0,0.0,1.0,0.0,2.0,0.0,0.0,0.0,99.92343045769124,99.9939665405087,0.0,27.0
0.0732,1.0368146928196065,100.0,0.0,1.0,0.0,2.0,0.0,0.0,0.0,99.92343045769124,99.9939665405087,0.0,27.0
0.0733,1.0468146928196094,100.0,0.0,1.0,0.0,2.0,0.0,0.0,0.0,99.92343045769124,99.9939665405087,0.0,27.0
0.0734,1.0568146928196123,100.0,1.0,1.0,0.0,6.0,0.0,0.0,0.0,99.92343045768912,99.97633251980379,0.0,28.0
0.0735,1.066814692819614,100.0,1.0,1.0,0.0,6.0,0.0,0.0,0.0,99.92343045768912,99.97633251980379,0.0,28.0
0.0736,1.076814692819617,100.0,1.0,1.0,0.0,6.0,0.0,0.0,0.0,99.92343045768912,99.97633251980379,0.0,28.0
0.0737,1.0868146928196198,100.0,1.0,1.0,0.0,6.0,0.0,0.0,0.0,99.92343045768912,99.97633251980379,0.0,28.0
0.0738,1.0968146928196227,100.0,1.0,1.0,0.0,6.0,0.0,0.0,0.0,99.92343045768912,99.97633251980379,0.0,28.0
0.0739,1.1068146928196245,100.0,1.0,1.0,0.0,6.0,0.0,0.0,0.0,99.92343045768912,99.97633251980379,0.0,28.0
0.074,1.1168146928196274,100.0,1.0,1.0,0.0,6.0,0.0,0.0,0.0,99.92343045768912,99.97633251980379,0.0,28.0
0.0741,1.1268146928196303,100.0,1.0,1.0,0.0,6.0,0.0,0.0,0.0,99.92343045768912,99.97633251980379,0.0,28.0
0.0742,1.1368146928196332,100.0,1.0,1.0,0.0,6.0,0.0,0.0,0.0,99.92343045768912,99.97633251980379,0.0,28.0
0.0743,1.146814692819636,100.0,1.0,1.0,0.0,6.0,0.0,0.0,0.0,99.92343045768912,99.97633251980379,0.0,28.0
0.0744,1.156814692819638,100.0,1.0,1.0,0.0,6.0,0.0,0.0,0.0,99.92343045768912,99.97633251980379,0.0,28.0
0.0745,1.1668146928196408,100.0,1.0,1.0,0.0,6.0,0.0,0.0,0.0,99.92343045768912,99.97633251980379,0.0,28.0
0.0746,1.1768146928196437,100.0,1.0,1.0,0.0,6.0,0.0,0.0,0.0,99.92343045768912,99.97633251980379,0.0,28.0
0.0747,1.1868146928196466,100.0,1.0,1.0,0.0,6.0,0.0,0.0,0.0,99.92343045768912,99.97633251980379,0.0,28.0
0.0748,1.1968146928196495,100.0,1.0,1.0,0.0,6.0,0.0,0.0,0.0,99.92343045768912,99.97633251980379,0.0,28.0
0.0749,1.2068146928196513,100.0,1.0,1.0,0.0,6.0,0.0,0.0,0.0,99.92343045768912,99.97633251980379,0.0,28.0
0.075,1.2168146928196542,100.0,1.0,1.0,0.0,6.0,0.0,0.0,0.0,99.92343045768912,99.97633251980379,0.0,28.0
0.0751,1.226814692819657,100.0,1.0,1.0,0.0,6.0,0.0,0.0,0.0,99.92343045768912,99.97633251980379,0.0,28.0
0.0752,1.23681469281966,100.0,1.0,1.0,0.0,6.0,0.0,0.0,0.0,99.92343045768912,99.97633251980379,0.0,28.0
0.0753,1.2468146928196628,100.0,1.0,1.0,0.0,6.0,0.0,0.0,0.0,99.92343045768912,99.97633251980379,0.0,28.0
0.0754,1.2568146928196646,100.0,1.0,1.0,0.0,6.0,0.0,0.0,0.0,99.92343045768912,99.97633251980379,0.0,28.0
0.0755,1.2668146928196675,100.0,1.0,1.0,0.0,6.0,0.0,0.0,0.0,99.92343045768912,99.97633251980379,0.0,28.0
0.0756,1.2768146928196704,100.0,1.0,1.0,0.0,6.0,0.0,0.0,0.0,99.92343045768912,99.97633251980379,0.0,28.0
0.0757,1.2868146928196733,100.0,1.0,1.0,0.0,6.0,0.0,0.0,0.0,99.92343045768912,99.97633251980379,0.0,28.0
0.0758,1.2968146928196762,100.0,1.0,1.0,0.0,6.0,0.0,0.0,0.0,99.92343045768912,99.97633251980379,0.0,28.0
0.0759,1.306814692819678,100.0,1.0,1.0,0.0,6.0,0.0,0.0,0.0,99.92343045768912,99.97633251980379,0.0,28.0
0.076,1.3168146928196809,100.0,1.0,0.0,0.0,4.0,0.0,0.0,0.0,99.92343045769124,99.96310700427566,0.0,29.0
0.0761,1.3268146928196838,100.0,1.0,0.0,0.0,4.0,0.0,0.0,0.0,99.92343045769124,99.96310700427566,0.0,29.0
0.0762,1.3368146928196867,100.0,1.0,0.0,0.0,4.0,0.0,0.0,0.0,99.92343045769124,99.96310700427566,0.0,29.0
0.0763,1.3468146928196896,100.0,1.0,0.0,0.0,4.0,0.0,0.0,0.0,99.92343045769124,99.96310700427566,0.0,29.0
0.0764,1.3568146928196914,100.0,1.0,0.0,0.0,4.0,0.0,0.0,0.0,99.92343045769124,99.96310700427566,0.0,29.0
0.0765,1.3668146928196943,100.0,1.0,0.0,0.0,4.0,0.0,0.0,0.0,99.92343045769124,99.96310700427566,0.0,29.0
0.0766,1.3768146928196972,100.0,1.0,0.0,0.0,4.0,0.0,0.0,0.0,99.92343045769124,99.96310700427566,0.0,29.0
0.0767,1.3868146928197,100.0,1.0,0.0,0.0,4.0,0.0,0.0,0.0,99.92343045769124,99.96310700427566,0.0,29.0
0.0768,1.3968146928197018,100.0,1.0,0.0,0.0,4.0,0.0,0.0,0.0,99.92343045769124,99.96310700427566,0.0,29.0
0.0769,1.4068146928197047,100.0,1.0,0.0,0.0,4.0,0.0,0.0,0.0,99.92343045769124,99.96310700427566,0.0,29.0
0.077,1.4168146928197076,100.0,1.0,0.0,0.0,4.0,0.0,0.0,0.0,99.92343045769124,99.96310700427566,0.0,29.0
0.0771,1.4268146928197105,100.0,1.0,0.0,0.0,4.0,0.0,0.0,0.0,99.92343045769124,99.96310700427566,0.0,29.0
0.0772,1.4368146928197134,100.0,1.0,0.0,0.0,4.0,0.0,0.0,0.0,99.92343045769124,99.96310700427566,0.0,29.0
0.0773,1.4468146928197152,100.0,1.0,0.0,0.0,4.0,0.0,0.0,0.0,99.92343045769124,99.96310700427566,0.0,29.0
0.0774,1.456814692819718,100.0,1.0,0.0,0.0,4.0,0.0,0.0,0.0,99.92343045769124,99.96310700427566,0.0,29.0
0.0775,1.466814692819721,100.0,1.0,0.0,0.0,4.0,0.0,0.0,0.0,99.92343045769124,99.96310700427566,0.0,29.0
0.0776,1.4768146928197239,100.0,1.0,0.0,0.0,4.0,0.0,0.0,0.0,99.92343045769124,99.96310700427566,0.0,29.0
0.0777,1.4868146928197268,100.0,1.0,0.0,0.0,4.0,0.0,0.0,0.0,99.92343045769124,99.96310700427566,0.0,29.0
0.0778,1.4968146928197286,100.0,1.0,0.0,0.0,4.0,0.0,0.0,0.0,99.92343045769124,99.96310700427566,0.0,29.0
0.0779,1.5068146928197315,100.0,1.0,0.0,0.0,4.0,0.0,0.0,0.0,99.92343045769124,99.96310700427566,0.0,29.0
0.078,1.5168146928197344,100.0,1.0,0.0,0.0,4.0,0.0,0.0,0.0,99.92343045769124,99.96310700427566,0.0,29.0
0.0781,1.5268146928197373,100.0,1.0,0.0,0.0,4.0,0.0,0.0,0.0,99.92343045769124,99.96310700427566,0.0,29.0
0.0782,1.5368146928197401,100.0,1.0,0.0,0.0,4.0,0.0,0.0,0.0,99.92343045769124,99.96310700427566,0.0,29.0
0.0783,1.546814692819742,100.0,1.0,0.0,0.0,4.0,0.0,0.0,0.0,99.92343045769124,99.96310700427566,0.0,29.0
0.0784,1.5568146928197448,100.0,1.0,0.0,0.0,4.0,0.0,0.0,0.0,99.92343045769124,99.96310700427566,0.0,29.0
0.0785,1.5668146928197477,100.0,1.0,0.0,0.0,4.0,0.0,0.0,0.0,99.92343045769124,99.96310700427566,0.0,29.0
0.0786,1.5768146928197506,100.0,1.0,0.0,1.0,5.0,0.0,0.0,0.0,100.30627885024877,100.04889996576892,0.0,30.0
0.0787,1.5868146928197535,100.0,1.0,0.0,1.0,5.0,0.0,0.0,0.0,100.30627885024877,100.04889996576892,0.0,30.0
0.0788,1.5968146928197553,100.0,1.0,0.0,1.0,5.0,0.0,0.0,0.0,100.30627885024877,100.04889996576892,0.0,30.0
0.0789,1.6068146928197582,100.0,1.0,0.0,1.0,5.0,0.0,0.0,0.0,100.30627885024877,100.04889996576892,0.0,30.0
0.079,1.616814692819761,100.0,1.0,0.0,1.0,5.0,0.0,0.0,0.0,100.30627885024877,100.04889996576892,0.0,30.0
0.0791,1.626814692819764,100.0,1.0,0.0,1.0,5.0,0.0,0.0,0.0,100.30627885024877,100.04889996576892,0.0,30.0
0.0792,1.6368146928197669,100.0,1.0,0.0,1.0,5.0,0.0,0.0,0.0,100.30627885024877,100.04889996576892,0.0,30.0
0.0793,1.6468146928197687,100.0,1.0,0.0,1.0,5.0,0.0,0.0,0.0,100.30627885024877,100.04889996576892,0.0,30.0
0.0794,1.6568146928197716,100.0,1.0,0.0,1.0,5.0,0.0,0.0,0.0,100.30627885024877,100.04889996576892,0.0,30.0
0.0795,1.6668146928197745,100.0,1.0,0.0,1.0,5.0,0.0,0.0,0.0,100.30627885024877,100.04889996576892,0.0,30.0
0.0796,1.6768146928197774,100.0,1.0,0.0,1.0,5.0,0.0,0.0,0.0,100.30627885024877,100.04889996576892,0.0,30.0
0.0797,1.6868146928197791,100.0,1.0,0.0,1.0,5.0,0.0,0.0,0.0,100.30627885024877,100.04889996576892,0.0,30.0
0.0798,1.696814692819782,100.0,1.0,0.0,1.0,5.0,0.0,0.0,0.0,100.30627885024877,100.04889996576892,0.0,30.0
0.0799,1.706814692819785,100.0,1.0,0.0,1.0,5.0,0.0,0.0,0.0,100.30627885024877,100.04889996576892,0.0,30.0
0.08,1.7168146928197878,100.0,1.0,0.0,1.0,5.0,0.0,0.0,0.0,100.30627885024877,100.04889996576892,0.0,30.0
0.0801,1.7268146928197907,100.0,1.0,0.0,1.0,5.0,0.0,0.0,0.0,100.30627885024877,100.04889996576892,0.0,30.0
0.0802,1.7368146928197925,100.0,1.0,0.0,1.0,5.0,0.0,0.0,0.0,100.30627885024877,100.04889996576892,0.0,30.0
0.0803,1.7468146928197954,100.0,1.0,0.0,1.0,5.0,0.0,0.0,0.0,100.30627885024877,100.04889996576892,0.0,30.0
0.0804,1.7568146928197983,100.0,1.0,0.0,1.0,5.0,0.0,0.0,0.0,100.30627885024877,100.04889996576892,0.0,30.0
0.0805,1.7668146928198012,100.0,1.0,0.0,1.0,5.0,0.0,0.0,0.0,100.30627885024877,100.04889996576892,0.0,30.0
0.0806,1.776814692819804,100.0,1.0,0.0,1.0,5.0,0.0,0.0,0.0,100.30627885024877,100.04889996576892,0.0,30.0
0.0807,1.7868146928198059,100.0,1.0,0.0,1.0,5.0,0.0,0.0,0.0,100.30627885024877,100.04889996576892,0.0,30.0
0.0808,1.7968146928198088,100.0,1.0,0.0,1.0,5.0,0.0,0.0,0.0,100.30627885024877,100.04889996576892,0.0,30.0
0.0809,1.8068146928198117,100.0,1.0,0.0,1.0,5.0,0.0,0.0,0.0,100.30627885024877,100.04889996576892,0.0,30.0
0.081,1.8168146928198146,100.0,1.0,0.0,1.0,5.0,0.0,0.0,0.0,100.30627885024877,100.04889996576892,0.0,30.0
0.0811,1.8268146928198175,100.0,1.0,0.0,1.0,5.0,0.0,0.0,0.0,100.30627885024877,100.04889996576892,0.0,30.0
0.0812,1.8368146928198192,100.0,0.0,0.0,1.0,1.0,0.0,0.0,0.0,99.92343045769071,100.01753258874938,0.0,31.0
0.0813,1.8468146928198221,100.0,0.0,0.0,1.0,1.0,0.0,0.0,0.0,99.92343045769071,100.01753258874938,0.0,31.0
0.0814,1.856814692819825,100.0,0.0,0.0,1.0,1.0,0.0,0.0,0.0,99.92343045769071,100.01753258874938,0.0,31.0
0.0815,1.866814692819828,100.0,0.0,0.0,1.0,1.0,0.0,0.0,0.0,99.92343045769071,100.01753258874938,0.0,31.0
0.0816,1.8768146928198308,100.0,0.0,0.0,1.0,1.0,0.0,0.0,0.0,99.92343045769071,100.01753258874938,0.0,31.0
0.0817,1.8868146928198326,100.0,0.0,0.0,1.0,1.0,0.0,0.0,0.0,99.92343045769071,100.01753258874938,0.0,31.0
0.0818,1.8968146928198355,100.0,0.0,0.0,1.0,1.0,0.0,0.0,0.0,99.92343045769071,100.01753258874938,0.0,31.0
0.0819,1.9068146928198384,100.0,0.0,0.0,1.0,1.0,0.0,0.0,0.0,99.92343045769071,100.01753258874938,0.0,31.0
0.082,1.9168146928198413,100.0,0.0,0.0,1.0,1.0,0.0,0.0,0.0,99.92343045769071,100.01753258874938,0.0,31.0
0.0821,1.9268146928198442,100.0,0.0,0.0,1.0,1.0,0.0,0.0,0.0,99.92343045769071,100.01753258874938,0.0,31.0
0.0822,1.936814692819846,100.0,0.0,0.0,1.0,1.0,0.0,0.0,0.0,99.92343045769071,100.01753258874938,0.0,31.0
0.0823,1.9468146928198489,100.0,0.0,0.0,1.0,1.0,0.0,0.0,0.0,99.92343045769071,100.01753258874938,0.0,31.0
0.0824,1.9568146928198518,100.0,0.0,0.0,1.0,1.0,0.0,0.0,0.0,99.92343045769071,100.01753258874938,0.0,31.0
0.0825,1.9668146928198547,100.0,0.0,0.0,1.0,1.0,0.0,0.0,0.0,99.92343045769071,100.01753258874938,0.0,31.0
0.0826,1.9768146928198576,100.0,0.0,0.0,1.0,1.0,0.0,0.0,0.0,99.92343045769071,100.01753258874938,0.0,31.0
0.0827,1.9868146928198593,100.0,0.0,0.0,1.0,1.0,0.0,0.0,0.0,99.92343045769071,100.01753258874938,0.0,31.0
0.0828,1.9968146928198622,100.0,0.0,0.0,1.0,1.0,0.0,0.0,0.0,99.92343045769071,100.01753258874938,0.0,31.0
0.0829,2.006814692819865,100.0,0.0,0.0,1.0,1.0,0.0,0.0,0.0,99.92343045769071,100.01753258874938,0.0,31.0
0.083,2.016814692819868,100.0,0.0,0.0,1.0,1.0,0.0,0.0,0.0,99.92343045769071,100.01753258874938,0.0,31.0
0.0831,2.02681469281987,100.0,0.0,0.0,1.0,1.0,0.0,0.0,0.0,99.92343045769071,100.01753258874938,0.0,31.0
0.0832,2.0368146928198727,100.0,0.0,0.0,1.0,1.0,0.0,0.0,0.0,99.92343045769071,100.01753258874938,0.0,31.0
0.0833,2.0468146928198756,100.0,0.0,0.0,1.0,1.0,0.0,0.0,0.0,99.92343045769071,100.01753258874938,0.0,31.0
0.0834,2.0568146928198785,100.0,0.0,0.0,1.0,1.0,0.0,0.0,0.0,99.92343045769071,100.01753258874938,0.0,31.0
0.0835,2.0668146928198814,100.0,0.0,0.0,1.0,1.0,0.0,0.0,0.0,99.92343045769071,100.01753258874938,0.0,31.0
0.0836,2.0768146928198834,100.0,0.0,0.0,1.0,1.0,0.0,0.0,0.0,99.92343045769071,100.01753258874938,0.0,31.0
0.0837,2.0868146928198863,100.0,0.0,0.0,1.0,1.0,0.0,0.0,0.0,99.92343045769071,100.01753258874938,0.0,31.0
0.0838,2.096814692819889,100.0,0.0,1.0,1.0,3.0,0.0,0.0,0.0,99.92343045769124,99.99400705598484,0.0,32.0
0.0839,2.106814692819892,100.0,0.0,1.0,1.0,3.0,0.0,0.0,0.0,99.92343045769124,99.99400705598484,0.0,32.0
0.084,2.116814692819895,100.0,0.0,1.0,1.0,3.0,0.0,0.0,0.0,99.92343045769124,99.99400705598484,0.0,32.0
0.0841,2.126814692819897,100.0,0.0,1.0,1.0,3.0,0.0,0.0,0.0,99.92343045769124,99.99400705598484,0.0,32.0
0.0842,2.1368146928199,100.0,0.0,1.0,1.0,3.0,0.0,0.0,0.0,99.92343045769124,99.99400705598484,0.0,32.0
0.0843,2.146814692819903,100.0,0.0,1.0,1.0,3.0,0.0,0.0,0.0,99.92343045769124,99.99400705598484,0.0,32.0
0.0844,2.1568146928199057,100.0,0.0,1.0,1.0,3.0,0.0,0.0,0.0,99.92343045769124,99.99400705598484,0.0,32.0
0.0845,2.1668146928199086,100.0,0.0,1.0,1.0,3.0,0.0,0.0,0.0,99.92343045769124,99.99400705598484,0.0,32.0
0.0846,2.1768146928199106,100.0,0.0,1.0,1.0,3.0,0.0,0.0,0.0,99.92343045769124,99.99400705598484,0.0,32.0
0.0847,2.1868146928199135,100.0,0.0,1.0,1.0,3.0,0.0,0.0,0.0,99.92343045769124,99.99400705598484,0.0,32.0
0.0848,2.1968146928199164,100.0,0.0,1.0,1.0,3.0,0.0,0.0,0.0,99.92343045769124,99.99400705598484,0.0,32.0
0.0849,2.2068146928199193,100.0,0.0,1.0,1.0,3.0,0.0,0.0,0.0,99.92343045769124,99.99400705598484,0.0,32.0
0.085,2.216814692819922,100.0,0.0,1.0,1.0,3.0,0.0,0.0,0.0,99.92343045769124,99.99400705598484,0.0,32.0
0.0851,2.226814692819924,100.0,0.0,1.0,1.0,3.0,0.0,0.0,0.0,99.92343045769124,99.99400705598484,0.0,32.0
0.0852,2.236814692819927,100.0,0.0,1.0,1.0,3.0,0.0,0.0,0.0,99.92343045769124,99.99400705598484,0.0,32.0
0.0853,2.24681469281993,100.0,0.0,1.0,1.0,3.0,0.0,0.0,0.0,99.92343045769124,99.99400705598484,0.0,32.0
0.0854,2.256814692819933,100.0,0.0,1.0,1.0,3.0,0.0,0.0,0.0,99.92343045769124,99.99400705598484,0.0,32.0
0.0855,2.2668146928199358,100.0,0.0,1.0,1.0,3.0,0.0,0.0,0.0,99.92343045769124,99.99400705598484,0.0,32.0
0.0856,2.2768146928199378,100.0,0.0,1.0,1.0,3.0,0.0,0.0,0.0,99.92343045769124,99.99400705598484,0.0,32.0
0.0857,2.2868146928199407,100.0,0.0,1.0,1.0,3.0,0.0,0.0,0.0,99.92343045769124,99.99400705598484,0.0,32.0
0.0858,2.2968146928199435,100.0,0.0,1.0,1.0,3.0,0.0,0.0,0.0,99.92343045769124,99.99400705598484,0.0,32.0
0.0859,2.3068146928199464,100.0,0.0,1.0,1.0,3.0,0.0,0.0,0.0,99.92343045769124,99.99400705598484,0.0,32.0
0.086,2.3168146928199485,100.0,0.0,1.0,1.0,3.0,0.0,0.0,0.0,99.92343045769124,99.99400705598484,0.0,32.0
0.0861,2.3268146928199513,100.0,0.0,1.0,1.0,3.0,0.0,0.0,0.0,99.92343045769124,99.99400705598484,0.0,32.0
0.0862,2.3368146928199542,100.0,0.0,1.0,1.0,3.0,0.0,0.0,0.0,99.92343045769124,99.99400705598484,0.0,32.0
0.0863,2.346814692819957,100.0,0.0,1.0,1.0,3.0,0.0,0.0,0.0,99.92343045769124,99.99400705598484,0.0,32.0
0.0864,2.35681469281996,100.0,0.0,1.0,0.0,2.0,0.0,0.0,0.0,99.92343045769071,99.9763629064113,0.0,33.0
0.0865,2.366814692819962,100.0,0.0,1.0,0.0,2.0,0.0,0.0,0.0,99.92343045769071,99.9763629064113,0.0,33.0
0.0866,2.376814692819965,100.0,0.0,1.0,0.0,2.0,0.0,0.0,0.0,99.92343045769071,99.9763629064113,0.0,33.0
0.0867,2.386814692819968,100.0,0.0,1.0,0.0,2.0,0.0,0.0,0.0,99.92343045769071,99.9763629064113,0.0,33.0
0.0868,2.3968146928199707,100.0,0.0,1.0,0.0,2.0,0.0,0.0,0.0,99.92343045769071,99.9763629064113,0.0,33.0
0.0869,2.4068146928199736,100.0,0.0,1.0,0.0,2.0,0.0,0.0,0.0,99.92343045769071,99.9763629064113,0.0,33.0
0.087,2.4168146928199756,100.0,0.0,1.0,0.0,2.0,0.0,0.0,0.0,99.92343045769071,99.9763629064113,0.0,33.0
0.0871,2.4268146928199785,100.0,0.0,1.0,0.0,2.0,0.0,0.0,0.0,99.92343045769071,99.9763629064113,0.0,33.0
0.0872,2.4368146928199814,100.0,0.0,1.0,0.0,2.0,0.0,0.0,0.0,99.92343045769071,99.9763629064113,0.0,33.0
0.0873,2.4468146928199843,100.0,0.0,1.0,0.0,2.0,0.0,0.0,0.0,99.92343045769071,99.9763629064113,0.0,33.0
0.0874,2.456814692819987,100.0,0.0,1.0,0.0,2.0,0.0,0.0,0.0,99.92343045769071,99.9763629064113,0.0,33.0
0.0875,2.466814692819989,100.0,0.0,1.0,0.0,2.0,0.0,0.0,0.0,99.92343045769071,99.9763629064113,0.0,33.0
0.0876,2.476814692819992,100.0,0.0,1.0,0.0,2.0,0.0,0.0,0.0,99.92343045769071,99.9763629064113,0.0,33.0
0.0877,2.486814692819995,100.0,0.0,1.0,0.0,2.0,0.0,0.0,0.0,99.92343045769071,99.9763629064113,0.0,33.0
0.0878,2.496814692819998,100.0,0.0,1.0,0.0,2.0,0.0,0.0,0.0,99.92343045769071,99.9763629064113,0.0,33.0
0.0879,2.506814692820001,100.0,0.0,1.0,0.0,2.0,0.0,0.0,0.0,99.92343045769071,99.9763629064113,0.0,33.0
0.088,2.516814692820003,100.0,0.0,1.0,0.0,2.0,0.0,0.0,0.0,99.92343045769071,99.9763629064113,0.0,33.0
0.0881,2.5268146928200057,100.0,0.0,1.0,0.0,2.0,0.0,0.0,0.0,99.92343045769071,99.9763629064113,0.0,33.0
0.0882,2.5368146928200086,100.0,0.0,1.0,0.0,2.0,0.0,0.0,0.0,99.92343045769071,99.9763629064113,0.0,33.0
0.0883,2.5468146928200115,100.0,0.0,1.0,0.0,2.0,0.0,0.0,0.0,99.92343045769071,99.9763629064113,0.0,33.0
0.0884,2.5568146928200144,100.0,0.0,1.0,0.0,2.0,0.0,0.0,0.0,99.92343045769071,99.9763629064113,0.0,33.0
0.0885,2.5668146928200164,100.0,0.0,1.0,0.0,2.0,0.0,0.0,0.0,99.92343045769071,99.9763629064113,0.0,33.0
0.0886,2.5768146928200193,100.0,0.0,1.0,0.0,2.0,0.0,0.0,0.0,99.92343045769071,99.9763629064113,0.0,33.0
0.0887,2.586814692820022,100.0,0.0,1.0,0.0,2.0,0.0,0.0,0.0,99.92343045769071,99.9763629064113,0.0,33.0
0.0888,2.596814692820025,100.0,0.0,1.0,0.0,2.0,0.0,0.0,0.0,99.92343045769071,99.9763629064113,0.0,33.0
0.0889,2.606814692820028,100.0,0.0,1.0,0.0,2.0,0.0,0.0,0.0,99.92343045769071,99.9763629064113,0.0,33.0
0.089,2.61681469282003,100.0,0.0,1.0,0.0,2.0,0.0,0.0,0.0,99.92343045769071,99.9763629064113,0.0,33.0
0.0891,2.626814692820033,100.0,1.0,1.0,0.0,6.0,0.0,0.0,0.0,99.92343045768966,99.9631297942309,0.0,34.0
0.0892,2.6368146928200358,100.0,1.0,1.0,0.0,6.0,0.0,0.0,0.0,99.92343045768966,99.9631297942309,0.0,34.0
0.0893,2.6468146928200387,100.0,1.0,1.0,0.0,6.0,0.0,0.0,0.0,99.92343045768966,99.9631297942309,0.0,34.0
0.0894,2.6568146928200407,100.0,1.0,1.0,0.0,6.0,0.0,0.0,0.0,99.92343045768966,99.9631297942309,0.0,34.0
0.0895,2.6668146928200436,100.0,1.0,1.0,0.0,6.0,0.0,0.0,0.0,99.92343045768966,99.9631297942309,0.0,34.0
0.0896,2.6768146928200465,100.0,1.0,1.0,0.0,6.0,0.0,0.0,0.0,99.92343045768966,99.9631297942309,0.0,34.0
0.0897,2.6868146928200494,100.0,1.0,1.0,0.0,6.0,0.0,0.0,0.0,99.92343045768966,99.9631297942309,0.0,34.0
0.0898,2.6968146928200523,100.0,1.0,1.0,0.0,6.0,0.0,0.0,0.0,99.92343045768966,99.9631297942309,0.0,34.0
0.0899,2.7068146928200543,100.0,1.0,1.0,0.0,6.0,0.0,0.0,0.0,99.92343045768966,99.9631297942309,0.0,34.0
0.09,2.716814692820057,100.0,1.0,1.0,0.0,6.0,0.0,0.0,0.0,99.92343045768966,99.9631297942309,0.0,34.0
0.0901,2.72681469282006,100.0,1.0,1.0,0.0,6.0,0.0,0.0,0.0,99.92343045768966,99.9631297942309,0.0,34.0
0.0902,2.736814692820063,100.0,1.0,1.0,0.0,6.0,0.0,0.0,0.0,99.92343045768966,99.9631297942309,0.0,34.0
0.0903,2.746814692820066,100.0,1.0,1.0,0.0,6.0,0.0,0.0,0.0,99.92343045768966,99.9631297942309,0.0,34.0
0.0904,2.756814692820068,100.0,1.0,1.0,0.0,6.0,0.0,0.0,0.0,99.92343045768966,99.9631297942309,0.0,34.0
0.0905,2.7668146928200708,100.0,1.0,1.0,0.0,6.0,0.0,0.0,0.0,99.92343045768966,99.9631297942309,0.0,34.0
0.0906,2.7768146928200736,100.0,1.0,1.0,0.0,6.0,0.0,0.0,0.0,99.92343045768966,99.9631297942309,0.0,34.0
0.0907,2.7868146928200765,100.0,1.0,1.0,0.0,6.0,0.0,0.0,0.0,99.92343045768966,99.9631297942309,0.0,34.0
0.0908,2.7968146928200794,100.0,1.0,1.0,0.0,6.0,0.0,0.0,0.0,99.92343045768966,99.9631297942309,0.0,34.0
0.0909,2.8068146928200814,100.0,1.0,1.0,0.0,6.0,0.0,0.0,0.0,99.92343045768966,99.9631297942309,0.0,34.0
0.091,2.8168146928200843,100.0,1.0,1.0,0.0,6.0,0.0,0.0,0.0,99.92343045768966,99.9631297942309,0.0,34.0
0.0911,2.8268146928200872,100.0,1.0,1.0,0.0,6.0,0.0,0.0,0.0,99.92343045768966,99.9631297942309,0.0,34.0
0.0912,2.83681469282009,100.0,1.0,1.0,0.0,6.0,0.0,0.0,0.0,99.92343045768966,99.9631297942309,0.0,34.0
0.0913,2.846814692820093,100.0,1.0,1.0,0.0,6.0,0.0,0.0,0.0,99.92343045768966,99.9631297942309,0.0,34.0
0.0914,2.856814692820095,100.0,1.0,1.0,0.0,6.0,0.0,0.0,0.0,99.92343045768966,99.9631297942309,0.0,34.0
0.0915,2.866814692820098,100.0,1.0,1.0,0.0,6.0,0.0,0.0,0.0,99.92343045768966,99.9631297942309,0.0,34.0
0.0916,2.876814692820101,100.0,1.0,1.0,0.0,6.0,0.0,0.0,0.0,99.92343045768966,99.9631297942309,0.0,34.0
0.0917,2.8868146928201037,100.0,1.0,0.0,0.0,4.0,0.0,0.0,0.0,100.30627885024877,100.04891705823536,0.0,35.0
0.0918,2.8968146928201066,100.0,1.0,0.0,0.0,4.0,0.0,0.0,0.0,100.30627885024877,100.04891705823536,0.0,35.0
0.0919,2.9068146928201086,100.0,1.0,0.0,0.0,4.0,0.0,0.0,0.0,100.30627885024877,100.04891705823536,0.0,35.0
0.092,2.9168146928201115,100.0,1.0,0.0,0.0,4.0,0.0,0.0,0.0,100.30627885024877,100.04891705823536,0.0,35.0
0.0921,2.9268146928201144,100.0,1.0,0.0,0.0,4.0,0.0,0.0,0.0,100.30627885024877,100.04891705823536,0.0,35.0
0.0922,2.9368146928201173,100.0,1.0,0.0,0.0,4.0,0.0,0.0,0.0,100.30627885024877,100.04891705823536,0.0,35.0
0.0923,2.9468146928201193,100.0,1.0,0.0,0.0,4.0,0.0,0.0,0.0,100.30627885024877,100.04891705823536,0.0,35.0
0.0924,2.956814692820122,100.0,1.0,0.0,0.0,4.0,0.0,0.0,0.0,100.30627885024877,100.04891705823536,0.0,35.0
0.0925,2.966814692820125,100.0,1.0,0.0,0.0,4.0,0.0,0.0,0.0,100.30627885024877,100.04891705823536,0.0,35.0
0.0926,2.976814692820128,100.0,1.0,0.0,0.0,4.0,0.0,0.0,0.0,100.30627885024877,100.04891705823536,0.0,35.0
0.0927,2.986814692820131,100.0,1.0,0.0,0.0,4.0,0.0,0.0,0.0,100.30627885024877,100.04891705823536,0.0,35.0
0.0928,2.996814692820133,100.0,1.0,0.0,0.0,4.0,0.0,0.0,0.0,100.30627885024877,100.04891705823536,0.0,35.0
0.0929,3.006814692820136,100.0,1.0,0.0,0.0,4.0,0.0,0.0,0.0,100.30627885024877,100.04891705823536,0.0,35.0
0.093,3.0168146928201387,100.0,1.0,0.0,0.0,4.0,0.0,0.0,0.0,100.30627885024877,100.04891705823536,0.0,35.0
0.0931,3.0268146928201416,100.0,1.0,0.0,0.0,4.0,0.0,0.0,0.0,100.30627885024877,100.04891705823536,0.0,35.0
0.0932,3.0368146928201445,100.0,1.0,0.0,0.0,4.0,0.0,0.0,0.0,100.30627885024877,100.04891705823536,0.0,35.0
0.0933,3.0468146928201465,100.0,1.0,0.0,0.0,4.0,0.0,0.0,0.0,100.30627885024877,100.04891705823536,0.0,35.0
0.0934,3.0568146928201494,100.0,1.0,0.0,0.0,4.0,0.0,0.0,0.0,100.30627885024877,100.04891705823536,0.0,35.0
0.0935,3.0668146928201523,100.0,1.0,0.0,0.0,4.0,0.0,0.0,0.0,100.30627885024877,100.04891705823536,0.0,35.0
0.0936,3.076814692820155,100.0,1.0,0.0,0.0,4.0,0.0,0.0,0.0,100.30627885024877,100.04891705823536,0.0,35.0
0.0937,3.086814692820158,100.0,1.0,0.0,0.0,4.0,0.0,0.0,0.0,100.30627885024877,100.04891705823536,0.0,35.0
0.0938,3.09681469282016,100.0,1.0,0.0,0.0,4.0,0.0,0.0,0.0,100.30627885024877,100.04891705823536,0.0,35.0
0.0939,3.106814692820163,100.0,1.0,0.0,0.0,4.0,0.0,0.0,0.0,100.30627885024877,100.04891705823536,0.0,35.0
0.094,3.116814692820166,100.0,1.0,0.0,0.0,4.0,0.0,0.0,0.0,100.30627885024877,100.04891705823536,0.0,35.0
0.0941,3.1268146928201688,100.0,1.0,0.0,0.0,4.0,0.0,0.0,0.0,100.30627885024877,100.04891705823536,0.0,35.0
0.0942,3.1368146928201717,100.0,1.0,0.0,0.0,4.0,0.0,0.0,0.0,100.30627885024877,100.04891705823536,0.0,35.0
0.0943,-3.1363706143594126,100.0,1.0,0.0,1.0,5.0,0.0,0.0,0.0,99.92343045769071,100.0175454080992,0.0,36.0
0.0944,-3.1263706143594097,100.0,1.0,0.0,1.0,5.0,0.0,0.0,0.0,99.92343045769071,100.0175454080992,0.0,36.0
0.0945,-3.1163706143594068,100.0,1.0,0.0,1.0,5.0,0.0,0.0,0.0,99.92343045769071,100.0175454080992,0.0,36.0
0.0946,-3.106370614359404,100.0,1.0,0.0,1.0,5.0,0.0,0.0,0.0,99.92343045769071,100.0175454080992,0.0,36.0
0.0947,-3.096370614359401,100.0,1.0,0.0,1.0,5.0,0.0,0.0,0.0,99.92343045769071,100.0175454080992,0.0,36.0
0.0948,-3.086370614359399,100.0,1.0,0.0,1.0,5.0,0.0,0.0,0.0,99.92343045769071,100.0175454080992,0.0,36.0
0.0949,-3.076370614359396,100.0,1.0,0.0,1.0,5.0,0.0,0.0,0.0,99.92343045769071,100.0175454080992,0.0,36.0
0.095,-3.066370614359393,100.0,1.0,0.0,1.0,5.0,0.0,0.0,0.0,99.92343045769071,100.0175454080992,0.0,36.0
0.0951,-3.0563706143593903,100.0,1.0,0.0,1.0,5.0,0.0,0.0,0.0,99.92343045769071,100.0175454080992,0.0,36.0
0.0952,-3.0463706143593874,100.0,1.0,0.0,1.0,5.0,0.0,0.0,0.0,99.92343045769071,100.0175454080992,0.0,36.0
0.0953,-3.0363706143593854,100.0,1.0,0.0,1.0,5.0,0.0,0.0,0.0,99.92343045769071,100.0175454080992,0.0,36.0
0.0954,-3.0263706143593825,100.0,1.0,0.0,1.0,5.0,0.0,0.0,0.0,99.92343045769071,100.0175454080992,0.0,36.0
0.0955,-3.0163706143593796,100.0,1.0,0.0,1.0,5.0,0.0,0.0,0.0,99.92343045769071,100.0175454080992,0.0,36.0
0.0956,-3.0063706143593767,100.0,1.0,0.0,1.0,5.0,0.0,0.0,0.0,99.92343045769071,100.0175454080992,0.0,36.0
0.0957,-2.9963706143593747,100.0,1.0,0.0,1.0,5.0,0.0,0.0,0.0,99.92343045769071,100.0175454080992,0.0,36.0
0.0958,-2.986370614359372,100.0,1.0,0.0,1.0,5.0,0.0,0.0,0.0,99.92343045769071,100.0175454080992,0.0,36.0
0.0959,-2.976370614359369,100.0,1.0,0.0,1.0,5.0,0.0,0.0,0.0,99.92343045769071,100.0175454080992,0.0,36.0
0.096,-2.966370614359366,100.0,1.0,0.0,1.0,5.0,0.0,0.0,0.0,99.92343045769071,100.0175454080992,0.0,36.0
0.0961,-2.956370614359363,100.0,1.0,0.0,1.0,5.0,0.0,0.0,0.0,99.92343045769071,100.0175454080992,0.0,36.0
0.0962,-2.946370614359361,100.0,1.0,0.0,1.0,5.0,0.0,0.0,0.0,99.92343045769071,100.0175454080992,0.0,36.0
0.0963,-2.936370614359358,100.0,1.0,0.0,1.0,5.0,0.0,0.0,0.0,99.92343045769071,100.0175454080992,0.0,36.0
0.0964,-2.9263706143593553,100.0,1.0,0.0,1.0,5.0,0.0,0.0,0.0,99.92343045769071,100.0175454080992,0.0,36.0
0.0965,-2.9163706143593524,100.0,1.0,0.0,1.0,5.0,0.0,0.0,0.0,99.92343045769071,100.0175454080992,0.0,36.0
0.0966,-2.9063706143593495,100.0,1.0,0.0,1.0,5.0,0.0,0.0,0.0,99.92343045769071,100.0175454080992,0.0,36.0
0.0967,-2.8963706143593475,100.0,1.0,0.0,1.0,5.0,0.0,0.0,0.0,99.92343045769071,100.0175454080992,0.0,36.0
0.0968,-2.8863706143593446,100.0,1.0,0.0,1.0,5.0,0.0,0.0,0.0,99.92343045769071,100.0175454080992,0.0,36.0
0.0969,-2.8763706143593417,100.0,0.0,0.0,1.0,1.0,0.0,0.0,0.0,99.92343045769124,99.99401667049722,0.0,37.0
0.097,-2.866370614359339,100.0,0.0,0.0,1.0,1.0,0.0,0.0,0.0,99.92343045769124,99.99401667049722,0.0,37.0
0.0971,-2.856370614359336,100.0,0.0,0.0,1.0,1.0,0.0,0.0,0.0,99.92343045769124,99.99401667049722,0.0,37.0
0.0972,-2.846370614359334,100.0,0.0,0.0,1.0,1.0,0.0,0.0,0.0,99.92343045769124,99.99401667049722,0.0,37.0
0.0973,-2.836370614359331,100.0,0.0,0.0,1.0,1.0,0.0,0.0,0.0,99.92343045769124,99.99401667049722,0.0,37.0
0.0974,-2.826370614359328,100.0,0.0,0.0,1.0,1.0,0.0,0.0,0.0,99.92343045769124,99.99401667049722,0.0,37.0
0.0975,-2.8163706143593252,100.0,0.0,0.0,1.0,1.0,0.0,0.0,0.0,99.92343045769124,99.99401667049722,0.0,37.0
0.0976,-2.8063706143593223,100.0,0.0,0.0,1.0,1.0,0.0,0.0,0.0,99.92343045769124,99.99401667049722,0.0,37.0
0.0977,-2.7963706143593203,100.0,0.0,0.0,1.0,1.0,0.0,0.0,0.0,99.92343045769124,99.99401667049722,0.0,37.0
0.0978,-2.7863706143593174,100.0,0.0,0.0,1.0,1.0,0.0,0.0,0.0,99.92343045769124,99.99401667049722,0.0,37.0
0.0979,-2.7763706143593145,100.0,0.0,0.0,1.0,1.0,0.0,0.0,0.0,99.92343045769124,99.99401667049722,0.0,37.0
0.098,-2.7663706143593116,100.0,0.0,0.0,1.0,1.0,0.0,0.0,0.0,99.92343045769124,99.99401667049722,0.0,37.0
0.0981,-2.7563706143593087,100.0,0.0,0.0,1.0,1.0,0.0,0.0,0.0,99.92343045769124,99.99401667049722,0.0,37.0
0.0982,-2.7463706143593067,100.0,0.0,0.0,1.0,1.0,0.0,0.0,0.0,99.92343045769124,99.99401667049722,0.0,37.0
0.0983,-2.736370614359304,100.0,0.0,0.0,1.0,1.0,0.0,0.0,0.0,99.92343045769124,99.99401667049722,0.0,37.0
0.0984,-2.726370614359301,100.0,0.0,0.0,1.0,1.0,0.0,0.0,0.0,99.92343045769124,99.99401667049722,0.0,37.0
0.0985,-2.716370614359298,100.0,0.0,0.0,1.0,1.0,0.0,0.0,0.0,99.92343045769124,99.99401667049722,0.0,37.0
0.0986,-2.706370614359296,100.0,0.0,0.0,1.0,1.0,0.0,0.0,0.0,99.92343045769124,99.99401667049722,0.0,37.0
0.0987,-2.696370614359293,100.0,0.0,0.0,1.0,1.0,0.0,0.0,0.0,99.92343045769124,99.99401667049722,0.0,37.0
0.0988,-2.6863706143592903,100.0,0.0,0.0,1.0,1.0,0.0,0.0,0.0,99.92343045769124,99.99401667049722,0.0,37.0
0.0989,-2.6763706143592874,100.0,0.0,0.0,1.0,1.0,0.0,0.0,0.0,99.92343045769124,99.99401667049722,0.0,37.0
0.099,-2.6663706143592845,100.0,0.0,0.0,1.0,1.0,0.0,0.0,0.0,99.92343045769124,99.99401667049722,0.0,37.0
0.0991,-2.6563706143592825,100.0,0.0,0.0,1.0,1.0,0.0,0.0,0.0,99.92343045769124,99.99401667049722,0.0,37.0
0.0992,-2.6463706143592796,100.0,0.0,0.0,1.0,1.0,0.0,0.0,0.0,99.92343045769124,99.99401667049722,0.0,37.0
0.0993,-2.6363706143592767,100.0,0.0,0.0,1.0,1.0,0.0,0.0,0.0,99.92343045769124,99.99401667049722,0.0,37.0
0.0994,-2.6263706143592738,100.0,0.0,0.0,1.0,1.0,0.0,0.0,0.0,99.92343045769124,99.99401667049722,0.0,37.0
0.0995,-2.616370614359271,100.0,0.0,1.0,1.0,3.0,0.0,0.0,0.0,99.92343045769071,99.97637011729559,0.0,38.0
0.0996,-2.606370614359269,100.0,0.0,1.0,1.0,3.0,0.0,0.0,0.0,99.92343045769071,99.97637011729559,0.0,38.0
0.0997,-2.596370614359266,100.0,0.0,1.0,1.0,3.0,0.0,0.0,0.0,99.92343045769071,99.97637011729559,0.0,38.0
0.0998,-2.586370614359263,100.0,0.0,1.0,1.0,3.0,0.0,0.0,0.0,99.92343045769071,99.97637011729559,0.0,38.0
0.0999,-2.57637061435926,100.0,0.0,1.0,1.0,3.0,0.0,0.0,0.0,99.92343045769071,99.97637011729559,0.0,38.0
0.1,-2.5663706143592573,100.0,0.0,1.0,1.0,3.0,0.0,0.0,0.0,99.92343045769071,99.97637011729559,0.0,38.0
0.1001,-2.5563706143592553,100.0,0.0,1.0,1.0,3.0,0.0,0.0,0.0,99.92343045769071,99.97637011729559,0.0,38.0
0.1002,-2.5463706143592524,100.0,0.0,1.0,1.0,3.0,0.0,0.0,0.0,99.92343045769071,99.97637011729559,0.0,38.0
0.1003,-2.5363706143592495,100.0,0.0,1.0,1.0,3.0,0.0,0.0,0.0,99.92343045769071,99.97637011729559,0.0,38.0
0.1004,-2.5263706143592466,100.0,0.0,1.0,1.0,3.0,0.0,0.0,0.0,99.92343045769071,99.97637011729559,0.0,38.0
0.1005,-2.5163706143592437,100.0,0.0,1.0,1.0,3.0,0.0,0.0,0.0,99.92343045769071,99.97637011729559,0.0,38.0
0.1006,-2.5063706143592417,100.0,0.0,1.0,1.0,3.0,0.0,0.0,0.0,99.92343045769071,99.97637011729559,0.0,38.0
0.1007,-2.496370614359239,100.0,0.0,1.0,1.0,3.0,0.0,0.0,0.0,99.92343045769071,99.97637011729559,0.0,38.0
0.1008,-2.486370614359236,100.0,0.0,1.0,1.0,3.0,0.0,0.0,0.0,99.92343045769071,99.97637011729559,0.0,38.0
0.1009,-2.476370614359233,100.0,0.0,1.0,1.0,3.0,0.0,0.0,0.0,99.92343045769071,99.97637011729559,0.0,38.0
0.101,-2.46637061435923,100.0,0.0,1.0,1.0,3.0,0.0,0.0,0.0,99.92343045769071,99.97637011729559,0.0,38.0
0.1011,-2.456370614359228,100.0,0.0,1.0,1.0,3.0,0.0,0.0,0.0,99.92343045769071,99.97637011729559,0.0,38.0
0.1012,-2.446370614359225,100.0,0.0,1.0,1.0,3.0,0.0,0.0,0.0,99.92343045769071,99.97637011729559,0.0,38.0
0.1013,-2.4363706143592223,100.0,0.0,1.0,1.0,3.0,0.0,0.0,0.0,99.92343045769071,99.97637011729559,0.0,38.0
0.1014,-2.4263706143592194,100.0,0.0,1.0,1.0,3.0,0.0,0.0,0.0,99.92343045769071,99.97637011729559,0.0,38.0
0.1015,-2.4163706143592165,100.0,0.0,1.0,1.0,3.0,0.0,0.0,0.0,99.92343045769071,99.97637011729559,0.0,38.0
0.1016,-2.4063706143592145,100.0,0.0,1.0,1.0,3.0,0.0,0.0,0.0,99.92343045769071,99.97637011729559,0.0,38.0
0.1017,-2.3963706143592116,100.0,0.0,1.0,1.0,3.0,0.0,0.0,0.0,99.92343045769071,99.97637011729559,0.0,38.0
0.1018,-2.3863706143592087,100.0,0.0,1.0,1.0,3.0,0.0,0.0,0.0,99.92343045769071,99.97637011729559,0.0,38.0
0.1019,-2.376370614359206,100.0,0.0,1.0,1.0,3.0,0.0,0.0,0.0,99.92343045769071,99.97637011729559,0.0,38.0
0.102,-2.366370614359204,100.0,0.0,1.0,1.0,3.0,0.0,0.0,0.0,99.92343045769071,99.97637011729559,0.0,38.0
0.1021,-2.356370614359201,100.0,0.0,1.0,1.0,3.0,0.0,0.0,0.0,99.92343045769071,99.97637011729559,0.0,38.0
0.1022,-2.346370614359198,100.0,0.0,1.0,0.0,2.0,0.0,0.0,0.0,99.92343045768966,99.96313520239411,0.0,39.0
0.1023,-2.336370614359195,100.0,0.0,1.0,0.0,2.0,0.0,0.0,0.0,99.92343045768966,99.96313520239411,0.0,39.0
0.1024,-2.3263706143591922,100.0,0.0,1.0,0.0,2.0,0.0,0.0,0.0,99.92343045768966,99.96313520239411,0.0,39.0
0.1025,-2.3163706143591902,100.0,0.0,1.0,0.0,2.0,0.0,0.0,0.0,99.92343045768966,99.96313520239411,0.0,39.0
0.1026,-2.3063706143591873,100.0,0.0,1.0,0.0,2.0,0.0,0.0,0.0,99.92343045768966,99.96313520239411,0.0,39.0
0.1027,-2.2963706143591844,100.0,0.0,1.0,0.0,2.0,0.0,0.0,0.0,99.92343045768966,99.96313520239411,0.0,39.0
0.1028,-2.2863706143591815,100.0,0.0,1.0,0.0,2.0,0.0,0.0,0.0,99.92343045768966,99.96313520239411,0.0,39.0
0.1029,-2.2763706143591786,100.0,0.0,1.0,0.0,2.0,0.0,0.0,0.0,99.92343045768966,99.96313520239411,0.0,39.0
0.103,-2.2663706143591766,100.0,0.0,1.0,0.0,2.0,0.0,0.0,0.0,99.92343045768966,99.96313520239411,0.0,39.0
0.1031,-2.2563706143591737,100.0,0.0,1.0,0.0,2.0,0.0,0.0,0.0,99.92343045768966,99.96313520239411,0.0,39.0
0.1032,-2.246370614359171,100.0,0.0,1.0,0.0,2.0,0.0,0.0,0.0,99.92343045768966,99.96313520239411,0.0,39.0
0.1033,-2.236370614359168,100.0,0.0,1.0,0.0,2.0,0.0,0.0,0.0,99.92343045768966,99.96313520239411,0.0,39.0
0.1034,-2.226370614359165,100.0,0.0,1.0,0.0,2.0,0.0,0.0,0.0,99.92343045768966,99.96313520239411,0.0,39.0
0.1035,-2.216370614359163,100.0,0.0,1.0,0.0,2.0,0.0,0.0,0.0,99.92343045768966,99.96313520239411,0.0,39.0
0.1036,-2.20637061435916,100.0,0.0,1.0,0.0,2.0,0.0,0.0,0.0,99.92343045768966,99.96313520239411,0.0,39.0
0.1037,-2.1963706143591573,100.0,0.0,1.0,0.0,2.0,0.0,0.0,0.0,99.92343045768966,99.96313520239411,0.0,39.0
0.1038,-2.1863706143591544,100.0,0.0,1.0,0.0,2.0,0.0,0.0,0.0,99.92343045768966,99.96313520239411,0.0,39.0
0.1039,-2.1763706143591515,100.0,0.0,1.0,0.0,2.0,0.0,0.0,0.0,99.92343045768966,99.96313520239411,0.0,39.0
0.104,-2.1663706143591495,100.0,0.0,1.0,0.0,2.0,0.0,0.0,0.0,99.92343045768966,99.96313520239411,0.0,39.0
0.1041,-2.1563706143591466,100.0,0.0,1.0,0.0,2.0,0.0,0.0,0.0,99.92343045768966,99.96313520239411,0.0,39.0
0.1042,-2.1463706143591437,100.0,0.0,1.0,0.0,2.0,0.0,0.0,0.0,99.92343045768966,99.96313520239411,0.0,39.0
0.1043,-2.1363706143591408,100.0,0.0,1.0,0.0,2.0,0.0,0.0,0.0,99.92343045768966,99.96313520239411,0.0,39.0
0.1044,-2.126370614359138,100.0,0.0,1.0,0.0,2.0,0.0,0.0,0.0,99.92343045768966,99.96313520239411,0.0,39.0
0.1045,-2.116370614359136,100.0,0.0,1.0,0.0,2.0,0.0,0.0,0.0,99.92343045768966,99.96313520239411,0.0,39.0
0.1046,-2.106370614359133,100.0,0.0,1.0,0.0,2.0,0.0,0.0,0.0,99.92343045768966,99.96313520239411,0.0,39.0
0.1047,-2.09637061435913,100.0,0.0,1.0,0.0,2.0,0.0,0.0,0.0,99.92343045768966,99.96313520239411,0.0,39.0
0.1048,-2.086370614359127,100.0,1.0,1.0,0.0,6.0,0.0,0.0,0.0,100.30627885024877,100.04892111435777,0.0,40.0
0.1049,-2.076370614359125,100.0,1.0,1.0,0.0,6.0,0.0,0.0,0.0,100.30627885024877,100.04892111435777,0.0,40.0
0.105,-2.0663706143591223,100.0,1.0,1.0,0.0,6.0,0.0,0.0,0.0,100.30627885024877,100.04892111435777,0.0,40.0
0.1051,-2.0563706143591194,100.0,1.0,1.0,0.0,6.0,0.0,0.0,0.0,100.30627885024877,100.04892111435777,0.0,40.0
0.1052,-2.0463706143591165,100.0,1.0,1.0,0.0,6.0,0.0,0.0,0.0,100.30627885024877,100.04892111435777,0.0,40.0
0.1053,-2.0363706143591136,100.0,1.0,1.0,0.0,6.0,0.0,0.0,0.0,100.30627885024877,100.04892111435777,0.0,40.0
0.1054,-2.0263706143591116,100.0,1.0,1.0,0.0,6.0,0.0,0.0,0.0,100.30627885024877,100.04892111435777,0.0,40.0
0.1055,-2.0163706143591087,100.0,1.0,1.0,0.0,6.0,0.0,0.0,0.0,100.30627885024877,100.04892111435777,0.0,40.0
0.1056,-2.006370614359106,100.0,1.0,1.0,0.0,6.0,0.0,0.0,0.0,100.30627885024877,100.04892111435777,0.0,40.0
0.1057,-1.996370614359103,100.0,1.0,1.0,0.0,6.0,0.0,0.0,0.0,100.30627885024877,100.04892111435777,0.0,40.0
0.1058,-1.9863706143591,100.0,1.0,1.0,0.0,6.0,0.0,0.0,0.0,100.30627885024877,100.04892111435777,0.0,40.0
0.1059,-1.9763706143590982,100.0,1.0,1.0,0.0,6.0,0.0,0.0,0.0,100.30627885024877,100.04892111435777,0.0,40.0
0.106,-1.9663706143590953,100.0,1.0,1.0,0.0,6.0,0.0,0.0,0.0,100.30627885024877,100.04892111435777,0.0,40.0
0.1061,-1.9563706143590924,100.0,1.0,1.0,0.0,6.0,0.0,0.0,0.0,100.30627885024877,100.04892111435777,0.0,40.0
0.1062,-1.9463706143590895,100.0,1.0,1.0,0.0,6.0,0.0,0.0,0.0,100.30627885024877,100.04892111435777,0.0,40.0
0.1063,-1.9363706143590866,100.0,1.0,1.0,0.0,6.0,0.0,0.0,0.0,100.30627885024877,100.04892111435777,0.0,40.0
0.1064,-1.9263706143590849,100.0,1.0,1.0,0.0,6.0,0.0,0.0,0.0,100.30627885024877,100.04892111435777,0.0,40.0
0.1065,-1.916370614359082,100.0,1.0,1.0,0.0,6.0,0.0,0.0,0.0,100.30627885024877,100.04892111435777,0.0,40.0
0.1066,-1.906370614359079,100.0,1.0,1.0,0.0,6.0,0.0,0.0,0.0,100.30627885024877,100.04892111435777,0.0,40.0
0.1067,-1.8963706143590762,100.0,1.0,1.0,0.0,6.0,0.0,0.0,0.0,100.30627885024877,100.04892111435777,0.0,40.0
0.1068,-1.8863706143590733,100.0,1.0,1.0,0.0,6.0,0.0,0.0,0.0,100.30627885024877,100.04892111435777,0.0,40.0
0.1069,-1.8763706143590715,100.0,1.0,1.0,0.0,6.0,0.0,0.0,0.0,100.30627885024877,100.04892111435777,0.0,40.0
0.107,-1.8663706143590686,100.0,1.0,1.0,0.0,6.0,0.0,0.0,0.0,100.30627885024877,100.04892111435777,0.0,40.0
0.1071,-1.8563706143590657,100.0,1.0,1.0,0.0,6.0,0.0,0.0,0.0,100.30627885024877,100.04892111435777,0.0,40.0
0.1072,-1.8463706143590628,100.0,1.0,1.0,0.0,6.0,0.0,0.0,0.0,100.30627885024877,100.04892111435777,0.0,40.0
0.1073,-1.83637061435906,100.0,1.0,1.0,0.0,6.0,0.0,0.0,0.0,100.30627885024877,100.04892111435777,0.0,40.0
0.1074,-1.8263706143590581,100.0,1.0,0.0,0.0,4.0,0.0,0.0,0.0,99.92343045769071,100.017548450191,0.0,41.0
0.1075,-1.8163706143590552,100.0,1.0,0.0,0.0,4.0,0.0,0.0,0.0,99.92343045769071,100.017548450191,0.0,41.0
0.1076,-1.8063706143590523,100.0,1.0,0.0,0.0,4.0,0.0,0.0,0.0,99.92343045769071,100.017548450191,0.0,41.0
0.1077,-1.7963706143590494,100.0,1.0,0.0,0.0,4.0,0.0,0.0,0.0,99.92343045769071,100.017548450191,0.0,41.0
0.1078,-1.7863706143590465,100.0,1.0,0.0,0.0,4.0,0.0,0.0,0.0,99.92343045769071,100.017548450191,0.0,41.0
0.1079,-1.7763706143590448,100.0,1.0,0.0,0.0,4.0,0.0,0.0,0.0,99.92343045769071,100.017548450191,0.0,41.0
0.108,-1.7663706143590419,100.0,1.0,0.0,0.0,4.0,0.0,0.0,0.0,99.92343045769071,100.017548450191,0.0,41.0
0.1081,-1.756370614359039,100.0,1.0,0.0,0.0,4.0,0.0,0.0,0.0,99.92343045769071,100.017548450191,0.0,41.0
0.1082,-1.746370614359036,100.0,1.0,0.0,0.0,4.0,0.0,0.0,0.0,99.92343045769071,100.017548450191,0.0,41.0
0.1083,-1.7363706143590343,100.0,1.0,0.0,0.0,4.0,0.0,0.0,0.0,99.92343045769071,100.017548450191,0.0,41.0
0.1084,-1.7263706143590314,100.0,1.0,0.0,0.0,4.0,0.0,0.0,0.0,99.92343045769071,100.017548450191,0.0,41.0
0.1085,-1.7163706143590285,100.0,1.0,0.0,0.0,4.0,0.0,0.0,0.0,99.92343045769071,100.017548450191,0.0,41.0
0.1086,-1.7063706143590256,100.0,1.0,0.0,0.0,4.0,0.0,0.0,0.0,99.92343045769071,100.017548450191,0.0,41.0
0.1087,-1.6963706143590227,100.0,1.0,0.0,0.0,4.0,0.0,0.0,0.0,99.92343045769071,100.017548450191,0.0,41.0
0.1088,-1.686370614359021,100.0,1.0,0.0,0.0,4.0,0.0,0.0,0.0,99.92343045769071,100.017548450191,0.0,41.0
0.1089,-1.676370614359018,100.0,1.0,0.0,0.0,4.0,0.0,0.0,0.0,99.92343045769071,100.017548450191,0.0,41.0
0.109,-1.6663706143590151,100.0,1.0,0.0,0.0,4.0,0.0,0.0,0.0,99.92343045769071,100.017548450191,0.0,41.0
0.1091,-1.6563706143590122,100.0,1.0,0.0,0.0,4.0,0.0,0.0,0.0,99.92343045769071,100.017548450191,0.0,41.0
0.1092,-1.6463706143590093,100.0,1.0,0.0,0.0,4.0,0.0,0.0,0.0,99.92343045769071,100.017548450191,0.0,41.0
0.1093,-1.6363706143590075,100.0,1.0,0.0,0.0,4.0,0.0,0.0,0.0,99.92343045769071,100.017548450191,0.0,41.0
0.1094,-1.6263706143590047,100.0,1.0,0.0,0.0,4.0,0.0,0.0,0.0,99.92343045769071,100.017548450191,0.0,41.0
0.1095,-1.6163706143590018,100.0,1.0,0.0,0.0,4.0,0.0,0.0,0.0,99.92343045769071,100.017548450191,0.0,41.0
0.1096,-1.6063706143589989,100.0,1.0,0.0,0.0,4.0,0.0,0.0,0.0,99.92343045769071,100.017548450191,0.0,41.0
0.1097,-1.596370614358996,100.0,1.0,0.0,0.0,4.0,0.0,0.0,0.0,99.92343045769071,100.017548450191,0.0,41.0
0.1098,-1.5863706143589942,100.0,1.0,0.0,0.0,4.0,0.0,0.0,0.0,99.92343045769071,100.017548450191,0.0,41.0
0.1099,-1.5763706143589913,100.0,1.0,0.0,0.0,4.0,0.0,0.0,0.0,99.92343045769071,100.017548450191,0.0,41.0
0.11,-1.5663706143589884,100.0,1.0,0.0,1.0,5.0,0.0,0.0,0.0,99.92343045769124,99.99401895206606,0.0,42.0
0.1101,-1.5563706143589855,100.0,1.0,0.0,1.0,5.0,0.0,0.0,0.0,99.92343045769124,99.99401895206606,0.0,42.0
0.1102,-1.5463706143589826,100.0,1.0,0.0,1.0,5.0,0.0,0.0,0.0,99.92343045769124,99.99401895206606,0.0,42.0
0.1103,-1.5363706143589808,100.0,1.0,0.0,1.0,5.0,0.0,0.0,0.0,99.92343045769124,99.99401895206606,0.0,42.0
0.1104,-1.526370614358978,100.0,1.0,0.0,1.0,5.0,0.0,0.0,0.0,99.92343045769124,99.99401895206606,0.0,42.0
0.1105,-1.516370614358975,100.0,1.0,0.0,1.0,5.0,0.0,0.0,0.0,99.92343045769124,99.99401895206606,0.0,42.0
0.1106,-1.5063706143589721,100.0,1.0,0.0,1.0,5.0,0.0,0.0,0.0,99.92343045769124,99.99401895206606,0.0,42.0
0.1107,-1.4963706143589692,100.0,1.0,0.0,1.0,5.0,0.0,0.0,0.0,99.92343045769124,99.99401895206606,0.0,42.0
0.1108,-1.4863706143589674,100.0,1.0,0.0,1.0,5.0,0.0,0.0,0.0,99.92343045769124,99.99401895206606,0.0,42.0
0.1109,-1.4763706143589646,100.0,1.0,0.0,1.0,5.0,0.0,0.0,0.0,99.92343045769124,99.99401895206606,0.0,42.0
0.111,-1.4663706143589617,100.0,1.0,0.0,1.0,5.0,0.0,0.0,0.0,99.92343045769124,99.99401895206606,0.0,42.0
0.1111,-1.4563706143589588,100.0,1.0,0.0,1.0,5.0,0.0,0.0,0.0,99.92343045769124,99.99401895206606,0.0,42.0
0.1112,-1.446370614358957,100.0,1.0,0.0,1.0,5.0,0.0,0.0,0.0,99.92343045769124,99.99401895206606,0.0,42.0
0.1113,-1.436370614358954,100.0,1.0,0.0,1.0,5.0,0.0,0.0,0.0,99.92343045769124,99.99401895206606,0.0,42.0
0.1114,-1.4263706143589512,100.0,1.0,0.0,1.0,5.0,0.0,0.0,0.0,99.92343045769124,99.99401895206606,0.0,42.0
0.1115,-1.4163706143589483,100.0,1.0,0.0,1.0,5.0,0.0,0.0,0.0,99.92343045769124,99.99401895206606,0.0,42.0
0.1116,-1.4063706143589454,100.0,1.0,0.0,1.0,5.0,0.0,0.0,0.0,99.92343045769124,99.99401895206606,0.0,42.0
0.1117,-1.3963706143589436,100.0,1.0,0.0,1.0,5.0,0.0,0.0,0.0,99.92343045769124,99.99401895206606,0.0,42.0
0.1118,-1.3863706143589407,100.0,1.0,0.0,1.0,5.0,0.0,0.0,0.0,99.92343045769124,99.99401895206606,0.0,42.0
0.1119,-1.3763706143589378,100.0,1.0,0.0,1.0,5.0,0.0,0.0,0.0,99.92343045769124,99.99401895206606,0.0,42.0
0.112,-1.366370614358935,100.0,1.0,0.0,1.0,5.0,0.0,0.0,0.0,99.92343045769124,99.99401895206606,0.0,42.0
0.1121,-1.356370614358932,100.0,1.0,0.0,1.0,5.0,0.0,0.0,0.0,99.92343045769124,99.99401895206606,0.0,42.0
0.1122,-1.3463706143589302,100.0,1.0,0.0,1.0,5.0,0.0,0.0,0.0,99.92343045769124,99.99401895206606,0.0,42.0
0.1123,-1.3363706143589273,100.0,1.0,0.0,1.0,5.0,0.0,0.0,0.0,99.92343045769124,99.99401895206606,0.0,42.0
0.1124,-1.3263706143589244,100.0,1.0,0.0,1.0,5.0,0.0,0.0,0.0,99.92343045769124,99.99401895206606,0.0,42.0
0.1125,-1.3163706143589216,100.0,1.0,0.0,1.0,5.0,0.0,0.0,0.0,99.92343045769124,99.99401895206606,0.0,42.0
0.1126,-1.3063706143589187,100.0,0.0,0.0,1.0,1.0,0.0,0.0,0.0,99.92343045769071,99.97637182847221,0.0,43.0
0.1127,-1.2963706143589169,100.0,0.0,0.0,1.0,1.0,0.0,0.0,0.0,99.92343045769071,99.97637182847221,0.0,43.0
0.1128,-1.286370614358914,100.0,0.0,0.0,1.0,1.0,0.0,0.0,0.0,99.92343045769071,99.97637182847221,0.0,43.0
0.1129,-1.276370614358911,100.0,0.0,0.0,1.0,1.0,0.0,0.0,0.0,99.92343045769071,99.97637182847221,0.0,43.0
0.113,-1.2663706143589082,100.0,0.0,0.0,1.0,1.0,0.0,0.0,0.0,99.92343045769071,99.97637182847221,0.0,43.0
0.1131,-1.2563706143589053,100.0,0.0,0.0,1.0,1.0,0.0,0.0,0.0,99.92343045769071,99.97637182847221,0.0,43.0
0.1132,-1.2463706143589035,100.0,0.0,0.0,1.0,1.0,0.0,0.0,0.0,99.92343045769071,99.97637182847221,0.0,43.0
0.1133,-1.2363706143589006,100.0,0.0,0.0,1.0,1.0,0.0,0.0,0.0,99.92343045769071,99.97637182847221,0.0,43.0
0.1134,-1.2263706143588977,100.0,0.0,0.0,1.0,1.0,0.0,0.0,0.0,99.92343045769071,99.97637182847221,0.0,43.0
0.1135,-1.2163706143588948,100.0,0.0,0.0,1.0,1.0,0.0,0.0,0.0,99.92343045769071,99.97637182847221,0.0,43.0
0.1136,-1.206370614358892,100.0,0.0,0.0,1.0,1.0,0.0,0.0,0.0,99.92343045769071,99.97637182847221,0.0,43.0
0.1137,-1.1963706143588901,100.0,0.0,0.0,1.0,1.0,0.0,0.0,0.0,99.92343045769071,99.97637182847221,0.0,43.0
0.1138,-1.1863706143588872,100.0,0.0,0.0,1.0,1.0,0.0,0.0,0.0,99.92343045769071,99.97637182847221,0.0,43.0
0.1139,-1.1763706143588843,100.0,0.0,0.0,1.0,1.0,0.0,0.0,0.0,99.92343045769071,99.97637182847221,0.0,43.0
0.114,-1.1663706143588815,100.0,0.0,0.0,1.0,1.0,0.0,0.0,0.0,99.92343045769071,99.97637182847221,0.0,43.0
0.1141,-1.1563706143588797,100.0,0.0,0.0,1.0,1.0,0.0,0.0,0.0,99.92343045769071,99.97637182847221,0.0,43.0
0.1142,-1.1463706143588768,100.0,0.0,0.0,1.0,1.0,0.0,0.0,0.0,99.92343045769071,99.97637182847221,0.0,43.0
0.1143,-1.1363706143588739,100.0,0.0,0.0,1.0,1.0,0.0,0.0,0.0,99.92343045769071,99.97637182847221,0.0,43.0
0.1144,-1.126370614358871,100.0,0.0,0.0,1.0,1.0,0.0,0.0,0.0,99.92343045769071,99.97637182847221,0.0,43.0
0.1145,-1.116370614358868,100.0,0.0,0.0,1.0,1.0,0.0,0.0,0.0,99.92343045769071,99.97637182847221,0.0,43.0
0.1146,-1.1063706143588663,100.0,0.0,0.0,1.0,1.0,0.0,0.0,0.0,99.92343045769071,99.97637182847221,0.0,43.0
0.1147,-1.0963706143588634,100.0,0.0,0.0,1.0,1.0,0.0,0.0,0.0,99.92343045769071,99.97637182847221,0.0,43.0
0.1148,-1.0863706143588605,100.0,0.0,0.0,1.0,1.0,0.0,0.0,0.0,99.92343045769071,99.97637182847221,0.0,43.0
0.1149,-1.0763706143588576,100.0,0.0,0.0,1.0,1.0,0.0,0.0,0.0,99.92343045769071,99.97637182847221,0.0,43.0
0.115,-1.0663706143588547,100.0,0.0,0.0,1.0,1.0,0.0,0.0,0.0,99.92343045769071,99.97637182847221,0.0,43.0
0.1151,-1.056370614358853,100.0,0.0,0.0,1.0,1.0,0.0,0.0,0.0,99.92343045769071,99.97637182847221,0.0,43.0
0.1152,-1.04637061435885,100.0,0.0,1.0,1.0,3.0,0.0,0.0,0.0,99.92343045769124,99.96313648577697,0.0,44.0
0.1153,-1.0363706143588471,100.0,0.0,1.0,1.0,3.0,0.0,0.0,0.0,99.92343045769124,99.96313648577697,0.0,44.0
0.1154,-1.0263706143588442,100.0,0.0,1.0,1.0,3.0,0.0,0.0,0.0,99.92343045769124,99.96313648577697,0.0,44.0
0.1155,-1.0163706143588414,100.0,0.0,1.0,1.0,3.0,0.0,0.0,0.0,99.92343045769124,99.96313648577697,0.0,44.0
0.1156,-1.0063706143588396,100.0,0.0,1.0,1.0,3.0,0.0,0.0,0.0,99.92343045769124,99.96313648577697,0.0,44.0
0.1157,-0.9963706143588362,100.0,0.0,1.0,1.0,3.0,0.0,0.0,0.0,99.92343045769124,99.96313648577697,0.0,44.0
0.1158,-0.9863706143588321,100.0,0.0,1.0,1.0,3.0,0.0,0.0,0.0,99.92343045769124,99.96313648577697,0.0,44.0
0.1159,-0.976370614358828,100.0,0.0,1.0,1.0,3.0,0.0,0.0,0.0,99.92343045769124,99.96313648577697,0.0,44.0
0.116,-0.9663706143588239,100.0,0.0,1.0,1.0,3.0,0.0,0.0,0.0,99.92343045769124,99.96313648577697,0.0,44.0
0.1161,-0.9563706143588212,100.0,0.0,1.0,1.0,3.0,0.0,0.0,0.0,99.92343045769124,99.96313648577697,0.0,44.0
0.1162,-0.9463706143588171,100.0,0.0,1.0,1.0,3.0,0.0,0.0,0.0,99.92343045769124,99.96313648577697,0.0,44.0
0.1163,-0.936370614358813,100.0,0.0,1.0,1.0,3.0,0.0,0.0,0.0,99.92343045769124,99.96313648577697,0.0,44.0
0.1164,-0.9263706143588089,100.0,0.0,1.0,1.0,3.0,0.0,0.0,0.0,99.92343045769124,99.96313648577697,0.0,44.0
0.1165,-0.9163706143588047,100.0,0.0,1.0,1.0,3.0,0.0,0.0,0.0,99.92343045769124,99.96313648577697,0.0,44.0
0.1166,-0.9063706143588021,100.0,0.0,1.0,1.0,3.0,0.0,0.0,0.0,99.92343045769124,99.96313648577697,0.0,44.0
0.1167,-0.896370614358798,100.0,0.0,1.0,1.0,3.0,0.0,0.0,0.0,99.92343045769124,99.96313648577697,0.0,44.0
0.1168,-0.8863706143587938,100.0,0.0,1.0,1.0,3.0,0.0,0.0,0.0,99.92343045769124,99.96313648577697,0.0,44.0
0.1169,-0.8763706143587897,100.0,0.0,1.0,1.0,3.0,0.0,0.0,0.0,99.92343045769124,99.96313648577697,0.0,44.0
0.117,-0.8663706143587856,100.0,0.0,1.0,1.0,3.0,0.0,0.0,0.0,99.92343045769124,99.96313648577697,0.0,44.0
0.1171,-0.8563706143587829,100.0,0.0,1.0,1.0,3.0,0.0,0.0,0.0,99.92343045769124,99.96313648577697,0.0,44.0
0.1172,-0.8463706143587788,100.0,0.0,1.0,1.0,3.0,0.0,0.0,0.0,99.92343045769124,99.96313648577697,0.0,44.0
0.1173,-0.8363706143587747,100.0,0.0,1.0,1.0,3.0,0.0,0.0,0.0,99.92343045769124,99.96313648577697,0.0,44.0
0.1174,-0.8263706143587706,100.0,0.0,1.0,1.0,3.0,0.0,0.0,0.0,99.92343045769124,99.96313648577697,0.0,44.0
0.1175,-0.8163706143587679,100.0,0.0,1.0,1.0,3.0,0.0,0.0,0.0,99.92343045769124,99.96313648577697,0.0,44.0
0.1176,-0.8063706143587638,100.0,0.0,1.0,1.0,3.0,0.0,0.0,0.0,99.92343045769124,99.96313648577697,0.0,44.0
0.1177,-0.7963706143587597,100.0,0.0,1.0,1.0,3.0,0.0,0.0,0.0,99.92343045769124,99.96313648577697,0.0,44.0
0.1178,-0.7863706143587555,100.0,0.0,1.0,1.0,3.0,0.0,0.0,0.0,99.92343045769124,99.96313648577697,0.0,44.0
0.1179,-0.7763706143587514,100.0,0.0,1.0,0.0,2.0,0.0,0.0,0.0,100.30627885024717,100.04892207689451,0.0,45.0
0.118,-0.7663706143587488,100.0,0.0,1.0,0.0,2.0,0.0,0.0,0.0,100.30627885024717,100.04892207689451,0.0,45.0
0.1181,-0.7563706143587446,100.0,0.0,1.0,0.0,2.0,0.0,0.0,0.0,100.30627885024717,100.04892207689451,0.0,45.0
0.1182,-0.7463706143587405,100.0,0.0,1.0,0.0,2.0,0.0,0.0,0.0,100.30627885024717,100.04892207689451,0.0,45.0
0.1183,-0.7363706143587364,100.0,0.0,1.0,0.0,2.0,0.0,0.0,0.0,100.30627885024717,100.04892207689451,0.0,45.0
0.1184,-0.7263706143587323,100.0,0.0,1.0,0.0,2.0,0.0,0.0,0.0,100.30627885024717,100.04892207689451,0.0,45.0
0.1185,-0.7163706143587296,100.0,0.0,1.0,0.0,2.0,0.0,0.0,0.0,100.30627885024717,100.04892207689451,0.0,45.0
0.1186,-0.7063706143587255,100.0,0.0,1.0,0.0,2.0,0.0,0.0,0.0,100.30627885024717,100.04892207689451,0.0,45.0
0.1187,-0.6963706143587214,100.0,0.0,1.0,0.0,2.0,0.0,0.0,0.0,100.30627885024717,100.04892207689451,0.0,45.0
0.1188,-0.6863706143587173,100.0,0.0,1.0,0.0,2.0,0.0,0.0,0.0,100.30627885024717,100.04892207689451,0.0,45.0
0.1189,-0.6763706143587132,100.0,0.0,1.0,0.0,2.0,0.0,0.0,0.0,100.30627885024717,100.04892207689451,0.0,45.0
0.119,-0.6663706143587105,100.0,0.0,1.0,0.0,2.0,0.0,0.0,0.0,100.30627885024717,100.04892207689451,0.0,45.0
0.1191,-0.6563706143587064,100.0,0.0,1.0,0.0,2.0,0.0,0.0,0.0,100.30627885024717,100.04892207689451,0.0,45.0
0.1192,-0.6463706143587022,100.0,0.0,1.0,0.0,2.0,0.0,0.0,0.0,100.30627885024717,100.04892207689451,0.0,45.0
0.1193,-0.6363706143586981,100.0,0.0,1.0,0.0,2.0,0.0,0.0,0.0,100.30627885024717,100.04892207689451,0.0,45.0
0.1194,-0.626370614358694,100.0,0.0,1.0,0.0,2.0,0.0,0.0,0.0,100.30627885024717,100.04892207689451,0.0,45.0
0.1195,-0.6163706143586913,100.0,0.0,1.0,0.0,2.0,0.0,0.0,0.0,100.30627885024717,100.04892207689451,0.0,45.0
0.1196,-0.6063706143586872,100.0,0.0,1.0,0.0,2.0,0.0,0.0,0.0,100.30627885024717,100.04892207689451,0.0,45.0
0.1197,-0.5963706143586831,100.0,0.0,1.0,0.0,2.0,0.0,0.0,0.0,100.30627885024717,100.04892207689451,0.0,45.0
0.1198,-0.586370614358679,100.0,0.0,1.0,0.0,2.0,0.0,0.0,0.0,100.30627885024717,100.04892207689451,0.0,45.0
0.1199,-0.5763706143586749,100.0,0.0,1.0,0.0,2.0,0.0,0.0,0.0,100.30627885024717,100.04892207689451,0.0,45.0
0.12,-0.5663706143586722,100.0,0.0,1.0,0.0,2.0,0.0,0.0,0.0,100.30627885024717,100.04892207689451,0.0,45.0
0.1201,-0.5563706143586681,100.0,0.0,1.0,0.0,2.0,0.0,0.0,0.0,100.30627885024717,100.04892207689451,0.0,45.0
0.1202,-0.546370614358664,100.0,0.0,1.0,0.0,2.0,0.0,0.0,0.0,100.30627885024717,100.04892207689451,0.0,45.0
0.1203,-0.5363706143586598,100.0,0.0,1.0,0.0,2.0,0.0,0.0,0.0,100.30627885024717,100.04892207689451,0.0,45.0
0.1204,-0.5263706143586572,100.0,0.0,1.0,0.0,2.0,0.0,0.0,0.0,100.30627885024717,100.04892207689451,0.0,45.0
0.1205,-0.5163706143586531,100.0,1.0,1.0,0.0,6.0,0.0,0.0,0.0,99.92343045769124,100.01754917209368,0.0,46.0
0.1206,-0.5063706143586489,100.0,1.0,1.0,0.0,6.0,0.0,0.0,0.0,99.92343045769124,100.01754917209368,0.0,46.0
0.1207,-0.49637061435864466,100.0,1.0,1.0,0.0,6.0,0.0,0.0,0.0,99.92343045769124,100.01754917209368,0.0,46.0
0.1208,-0.48637061435864043,100.0,1.0,1.0,0.0,6.0,0.0,0.0,0.0,99.92343045769124,100.01754917209368,0.0,46.0
0.1209,-0.4763706143586376,100.0,1.0,1.0,0.0,6.0,0.0,0.0,0.0,99.92343045769124,100.01754917209368,0.0,46.0
0.121,-0.46637061435863336,100.0,1.0,1.0,0.0,6.0,0.0,0.0,0.0,99.92343045769124,100.01754917209368,0.0,46.0
0.1211,-0.45637061435862913,100.0,1.0,1.0,0.0,6.0,0.0,0.0,0.0,99.92343045769124,100.01754917209368,0.0,46.0
0.1212,-0.4463706143586249,100.0,1.0,1.0,0.0,6.0,0.0,0.0,0.0,99.92343045769124,100.01754917209368,0.0,46.0
0.1213,-0.4363706143586207,100.0,1.0,1.0,0.0,6.0,0.0,0.0,0.0,99.92343045769124,100.01754917209368,0.0,46.0
0.1214,-0.42637061435861784,100.0,1.0,1.0,0.0,6.0,0.0,0.0,0.0,99.92343045769124,100.01754917209368,0.0,46.0
0.1215,-0.4163706143586136,100.0,1.0,1.0,0.0,6.0,0.0,0.0,0.0,99.92343045769124,100.01754917209368,0.0,46.0
0.1216,-0.4063706143586094,100.0,1.0,1.0,0.0,6.0,0.0,0.0,0.0,99.92343045769124,100.01754917209368,0.0,46.0
0.1217,-0.39637061435860516,100.0,1.0,1.0,0.0,6.0,0.0,0.0,0.0,99.92343045769124,100.01754917209368,0.0,46.0
0.1218,-0.38637061435860093,100.0,1.0,1.0,0.0,6.0,0.0,0.0,0.0,99.92343045769124,100.01754917209368,0.0,46.0
0.1219,-0.3763706143585981,100.0,1.0,1.0,0.0,6.0,0.0,0.0,0.0,99.92343045769124,100.01754917209368,0.0,46.0
0.122,-0.36637061435859386,100.0,1.0,1.0,0.0,6.0,0.0,0.0,0.0,99.92343045769124,100.01754917209368,0.0,46.0
0.1221,-0.35637061435858963,100.0,1.0,1.0,0.0,6.0,0.0,0.0,0.0,99.92343045769124,100.01754917209368,0.0,46.0
0.1222,-0.3463706143585854,100.0,1.0,1.0,0.0,6.0,0.0,0.0,0.0,99.92343045769124,100.01754917209368,0.0,46.0
0.1223,-0.3363706143585812,100.0,1.0,1.0,0.0,6.0,0.0,0.0,0.0,99.92343045769124,100.01754917209368,0.0,46.0
0.1224,-0.32637061435857834,100.0,1.0,1.0,0.0,6.0,0.0,0.0,0.0,99.92343045769124,100.01754917209368,0.0,46.0
0.1225,-0.3163706143585741,100.0,1.0,1.0,0.0,6.0,0.0,0.0,0.0,99.92343045769124,100.01754917209368,0.0,46.0
0.1226,-0.3063706143585699,100.0,1.0,1.0,0.0,6.0,0.0,0.0,0.0,99.92343045769124,100.01754917209368,0.0,46.0
0.1227,-0.29637061435856565,100.0,1.0,1.0,0.0,6.0,0.0,0.0,0.0,99.92343045769124,100.01754917209368,0.0,46.0
0.1228,-0.2863706143585614,100.0,1.0,1.0,0.0,6.0,0.0,0.0,0.0,99.92343045769124,100.01754917209368,0.0,46.0
0.1229,-0.2763706143585586,100.0,1.0,1.0,0.0,6.0,0.0,0.0,0.0,99.92343045769124,100.01754917209368,0.0,46.0
0.123,-0.26637061435855436,100.0,1.0,1.0,0.0,6.0,0.0,0.0,0.0,99.92343045769124,100.01754917209368,0.0,46.0
0.1231,-0.25637061435855013,100.0,1.0,0.0,0.0,4.0,0.0,0.0,0.0,99.92343045769071,99.99401949349293,0.0,47.0
0.1232,-0.24637061435854596,100.0,1.0,0.0,0.0,4.0,0.0,0.0,0.0,99.92343045769071,99.99401949349293,0.0,47.0
0.1233,-0.23637061435854176,100.0,1.0,0.0,0.0,4.0,0.0,0.0,0.0,99.92343045769071,99.99401949349293,0.0,47.0
0.1234,-0.22637061435853897,100.0,1.0,0.0,0.0,4.0,0.0,0.0,0.0,99.92343045769071,99.99401949349293,0.0,47.0
0.1235,-0.21637061435853477,100.0,1.0,0.0,0.0,4.0,0.0,0.0,0.0,99.92343045769071,99.99401949349293,0.0,47.0
0.1236,-0.20637061435853057,100.0,1.0,0.0,0.0,4.0,0.0,0.0,0.0,99.92343045769071,99.99401949349293,0.0,47.0
0.1237,-0.19637061435852637,100.0,1.0,0.0,0.0,4.0,0.0,0.0,0.0,99.92343045769071,99.99401949349293,0.0,47.0
0.1238,-0.1863706143585236,100.0,1.0,0.0,0.0,4.0,0.0,0.0,0.0,99.92343045769071,99.99401949349293,0.0,47.0
0.1239,-0.1763706143585194,100.0,1.0,0.0,0.0,4.0,0.0,0.0,0.0,99.92343045769071,99.99401949349293,0.0,47.0
0.124,-0.1663706143585152,100.0,1.0,0.0,0.0,4.0,0.0,0.0,0.0,99.92343045769071,99.99401949349293,0.0,47.0
0.1241,-0.156370614358511,100.0,1.0,0.0,0.0,4.0,0.0,0.0,0.0,99.92343045769071,99.99401949349293,0.0,47.0
0.1242,-0.1463706143585068,100.0,1.0,0.0,0.0,4.0,0.0,0.0,0.0,99.92343045769071,99.99401949349293,0.0,47.0
0.1243,-0.136370614358504,100.0,1.0,0.0,0.0,4.0,0.0,0.0,0.0,99.92343045769071,99.99401949349293,0.0,47.0
0.1244,-0.1263706143584998,100.0,1.0,0.0,0.0,4.0,0.0,0.0,0.0,99.92343045769071,99.99401949349293,0.0,47.0
0.1245,-0.11637061435849565,100.0,1.0,0.0,0.0,4.0,0.0,0.0,0.0,99.92343045769071,99.99401949349293,0.0,47.0
0.1246,-0.10637061435849149,100.0,1.0,0.0,0.0,4.0,0.0,0.0,0.0,99.92343045769071,99.99401949349293,0.0,47.0
0.1247,-0.09637061435848733,100.0,1.0,0.0,0.0,4.0,0.0,0.0,0.0,99.92343045769071,99.99401949349293,0.0,47.0
0.1248,-0.08637061435848455,100.0,1.0,0.0,0.0,4.0,0.0,0.0,0.0,99.92343045769071,99.99401949349293,0.0,47.0
0.1249,-0.07637061435848039,100.0,1.0,0.0,0.0,4.0,0.0,0.0,0.0,99.92343045769071,99.99401949349293,0.0,47.0
0.125,-0.06637061435847623,100.0,1.0,0.0,0.0,4.0,0.0,0.0,0.0,99.92343045769071,99.99401949349293,0.0,47.0
0.1251,-0.056370614358486316,100.0,1.0,0.0,0.0,4.0,0.0,0.0,0.0,99.92343045769071,99.99401949349293,0.0,47.0
0.1252,-0.04637061435849363,100.0,1.0,0.0,0.0,4.0,0.0,0.0,0.0,99.92343045769071,99.99401949349293,0.0,47.0
0.1253,-0.036370614358503715,100.0,1.0,0.0,0.0,4.0,0.0,0.0,0.0,99.92343045769071,99.99401949349293,0.0,47.0
0.1254,-0.02637061435851103,100.0,1.0,0.0,0.0,4.0,0.0,0.0,0.0,99.92343045769071,99.99401949349293,0.0,47.0
0.1255,-0.01637061435852112,100.0,1.0,0.0,0.0,4.0,0.0,0.0,0.0,99.92343045769071,99.99401949349293,0.0,47.0
0.1256,-0.006370614358531214,100.0,1.0,0.0,0.0,4.0,0.0,0.0,0.0,99.92343045769071,99.99401949349293,0.0,47.0
0.1257,0.00362938564146146,100.0,1.0,0.0,1.0,5.0,0.0,0.0,0.0,99.92343045768754,99.97637223454157,0.0,48.0
0.1258,0.013629385641451363,100.0,1.0,0.0,1.0,5.0,0.0,0.0,0.0,99.92343045768754,99.97637223454157,0.0,48.0
0.1259,0.023629385641444043,100.0,1.0,0.0,1.0,5.0,0.0,0.0,0.0,99.92343045768754,99.97637223454157,0.0,48.0
0.126,0.03362938564143395,100.0,1.0,0.0,1.0,5.0,0.0,0.0,0.0,99.92343045768754,99.97637223454157,0.0,48.0
0.1261,0.04362938564142386,100.0,1.0,0.0,1.0,5.0,0.0,0.0,0.0,99.92343045768754,99.97637223454157,0.0,48.0
0.1262,0.053629385641416547,100.0,1.0,0.0,1.0,5.0,0.0,0.0,0.0,99.92343045768754,99.97637223454157,0.0,48.0
0.1263,0.06362938564140645,100.0,1.0,0.0,1.0,5.0,0.0,0.0,0.0,99.92343045768754,99.97637223454157,0.0,48.0
0.1264,0.07362938564139913,100.0,1.0,0.0,1.0,5.0,0.0,0.0,0.0,99.92343045768754,99.97637223454157,0.0,48.0
0.1265,0.08362938564138904,100.0,1.0,0.0,1.0,5.0,0.0,0.0,0.0,99.92343045768754,99.97637223454157,0.0,48.0
0.1266,0.09362938564137895,100.0,1.0,0.0,1.0,5.0,0.0,0.0,0.0,99.92343045768754,99.97637223454157,0.0,48.0
0.1267,0.10362938564137163,100.0,1.0,0.0,1.0,5.0,0.0,0.0,0.0,99.92343045768754,99.97637223454157,0.0,48.0
0.1268,0.11362938564136153,100.0,1.0,0.0,1.0,5.0,0.0,0.0,0.0,99.92343045768754,99.97637223454157,0.0,48.0
0.1269,0.12362938564135421,100.0,1.0,0.0,1.0,5.0,0.0,0.0,0.0,99.92343045768754,99.97637223454157,0.0,48.0
0.127,0.1336293856413441,100.0,1.0,0.0,1.0,5.0,0.0,0.0,0.0,99.92343045768754,99.97637223454157,0.0,48.0
0.1271,0.143629385641334,100.0,1.0,0.0,1.0,5.0,0.0,0.0,0.0,99.92343045768754,99.97637223454157,0.0,48.0
0.1272,0.1536293856413267,100.0,1.0,0.0,1.0,5.0,0.0,0.0,0.0,99.92343045768754,99.97637223454157,0.0,48.0
0.1273,0.1636293856413166,100.0,1.0,0.0,1.0,5.0,0.0,0.0,0.0,99.92343045768754,99.97637223454157,0.0,48.0
0.1274,0.17362938564130928,100.0,1.0,0.0,1.0,5.0,0.0,0.0,0.0,99.92343045768754,99.97637223454157,0.0,48.0
0.1275,0.1836293856412992,100.0,1.0,0.0,1.0,5.0,0.0,0.0,0.0,99.92343045768754,99.97637223454157,0.0,48.0
0.1276,0.1936293856412891,100.0,1.0,0.0,1.0,5.0,0.0,0.0,0.0,99.92343045768754,99.97637223454157,0.0,48.0
0.1277,0.20362938564128177,100.0,1.0,0.0,1.0,5.0,0.0,0.0,0.0,99.92343045768754,99.97637223454157,0.0,48.0
0.1278,0.21362938564127168,100.0,1.0,0.0,1.0,5.0,0.0,0.0,0.0,99.92343045768754,99.97637223454157,0.0,48.0
0.1279,0.22362938564126436,100.0,1.0,0.0,1.0,5.0,0.0,0.0,0.0,99.92343045768754,99.97637223454157,0.0,48.0
0.128,0.23362938564125427,100.0,1.0,0.0,1.0,5.0,0.0,0.0,0.0,99.92343045768754,99.97637223454157,0.0,48.0
0.1281,0.24362938564124417,100.0,1.0,0.0,1.0,5.0,0.0,0.0,0.0,99.92343045768754,99.97637223454157,0.0,48.0
0.1282,0.2536293856412369,100.0,1.0,0.0,1.0,5.0,0.0,0.0,0.0,99.92343045768754,99.97637223454157,0.0,48.0
0.1283,0.2636293856412268,100.0,0.0,0.0,1.0,1.0,0.0,0.0,0.0,99.92343045768912,99.96313679032845,0.0,49.0
0.1284,0.2736293856412167,100.0,0.0,0.0,1.0,1.0,0.0,0.0,0.0,99.92343045768912,99.96313679032845,0.0,49.0
0.1285,0.2836293856412094,100.0,0.0,0.0,1.0,1.0,0.0,0.0,0.0,99.92343045768912,99.96313679032845,0.0,49.0
0.1286,0.2936293856411993,100.0,0.0,0.0,1.0,1.0,0.0,0.0,0.0,99.92343045768912,99.96313679032845,0.0,49.0
0.1287,0.30362938564119196,100.0,0.0,0.0,1.0,1.0,0.0,0.0,0.0,99.92343045768912,99.96313679032845,0.0,49.0
0.1288,0.31362938564118187,100.0,0.0,0.0,1.0,1.0,0.0,0.0,0.0,99.92343045768912,99.96313679032845,0.0,49.0
0.1289,0.3236293856411718,100.0,0.0,0.0,1.0,1.0,0.0,0.0,0.0,99.92343045768912,99.96313679032845,0.0,49.0
0.129,0.33362938564116446,100.0,0.0,0.0,1.0,1.0,0.0,0.0,0.0,99.92343045768912,99.96313679032845,0.0,49.0
0.1291,0.34362938564115436,100.0,0.0,0.0,1.0,1.0,0.0,0.0,0.0,99.92343045768912,99.96313679032845,0.0,49.0
0.1292,0.35362938564114704,100.0,0.0,0.0,1.0,1.0,0.0,0.0,0.0,99.92343045768912,99.96313679032845,0.0,49.0
0.1293,0.36362938564113695,100.0,0.0,0.0,1.0,1.0,0.0,0.0,0.0,99.92343045768912,99.96313679032845,0.0,49.0
0.1294,0.37362938564112685,100.0,0.0,0.0,1.0,1.0,0.0,0.0,0.0,99.92343045768912,99.96313679032845,0.0,49.0
0.1295,0.38362938564111954,100.0,0.0,0.0,1.0,1.0,0.0,0.0,0.0,99.92343045768912,99.96313679032845,0.0,49.0
0.1296,0.39362938564110944,100.0,0.0,0.0,1.0,1.0,0.0,0.0,0.0,99.92343045768912,99.96313679032845,0.0,49.0
0.1297,0.4036293856411021,100.0,0.0,0.0,1.0,1.0,0.0,0.0,0.0,99.92343045768912,99.96313679032845,0.0,49.0
0.1298,0.41362938564109203,100.0,0.0,0.0,1.0,1.0,0.0,0.0,0.0,99.92343045768912,99.96313679032845,0.0,49.0
0.1299,0.42362938564108193,100.0,0.0,0.0,1.0,1.0,0.0,0.0,0.0,99.92343045768912,99.96313679032845,0.0,49.0
0.13,0.4336293856410746,100.0,0.0,0.0,1.0,1.0,0.0,0.0,0.0,99.92343045768912,99.96313679032845,0.0,49.0
0.1301,0.4436293856410645,100.0,0.0,0.0,1.0,1.0,0.0,0.0,0.0,99.92343045768912,99.96313679032845,0.0,49.0
0.1302,0.4536293856410572,100.0,0.0,0.0,1.0,1.0,0.0,0.0,0.0,99.92343045768912,99.96313679032845,0.0,49.0
0.1303,0.4636293856410471,100.0,0.0,0.0,1.0,1.0,0.0,0.0,0.0,99.92343045768912,99.96313679032845,0.0,49.0
0.1304,0.473629385641037,100.0,0.0,0.0,1.0,1.0,0.0,0.0,0.0,99.92343045768912,99.96313679032845,0.0,49.0
0.1305,0.4836293856410297,100.0,0.0,0.0,1.0,1.0,0.0,0.0,0.0,99.92343045768912,99.96313679032845,0.0,49.0
0.1306,0.4936293856410196,100.0,0.0,0.0,1.0,1.0,0.0,0.0,0.0,99.92343045768912,99.96313679032845,0.0,49.0
0.1307,0.5036293856410122,100.0,0.0,0.0,1.0,1.0,0.0,0.0,0.0,99.92343045768912,99.96313679032845,0.0,49.0
0.1308,0.5136293856410021,100.0,0.0,0.0,1.0,1.0,0.0,0.0,0.0,99.92343045768912,99.96313679032845,0.0,49.0
0.1309,0.523629385640992,100.0,0.0,1.0,1.0,3.0,1.0,1.0,1.0,100.30627885025304,100.04892230530959,0.0,50.0
0.131,0.5336293856409847,100.0,0.0,1.0,1.0,3.0,0.0,0.0,0.0,100.30627885025304,100.04892230530959,0.0,50.0
0.1311,0.5436293856409746,100.0,0.0,1.0,1.0,3.0,0.0,0.0,0.0,100.30627885025304,100.04892230530959,0.0,50.0
0.1312,0.5536293856409673,100.0,0.0,1.0,1.0,3.0,0.0,0.0,0.0,100.30627885025304,100.04892230530959,0.0,50.0
0.1313,0.5636293856409572,100.0,0.0,1.0,1.0,3.0,0.0,0.0,0.0,100.30627885025304,100.04892230530959,0.0,50.0
0.1314,0.5736293856409471,100.0,0.0,1.0,1.0,3.0,0.0,0.0,0.0,100.30627885025304,100.04892230530959,0.0,50.0
0.1315,0.5836293856409398,100.0,0.0,1.0,1.0,3.0,0.0,0.0,0.0,100.30627885025304,100.04892230530959,0.0,50.0
0.1316,0.5936293856409297,100.0,0.0,1.0,1.0,3.0,0.0,0.0,0.0,100.30627885025304,100.04892230530959,0.0,50.0
0.1317,0.6036293856409224,100.0,0.0,1.0,1.0,3.0,0.0,0.0,0.0,100.30627885025304,100.04892230530959,0.0,50.0
0.1318,0.6136293856409123,100.0,0.0,1.0,1.0,3.0,0.0,0.0,0.0,100.30627885025304,100.04892230530959,0.0,50.0
0.1319,0.6236293856409022,100.0,0.0,1.0,1.0,3.0,0.0,0.0,0.0,100.30627885025304,100.04892230530959,0.0,50.0
0.132,0.6336293856408949,100.0,0.0,1.0,1.0,3.0,0.0,0.0,0.0,100.30627885025304,100.04892230530959,0.0,50.0
0.1321,0.6436293856408848,100.0,0.0,1.0,1.0,3.0,0.0,0.0,0.0,100.30627885025304,100.04892230530959,0.0,50.0
0.1322,0.6536293856408775,100.0,0.0,1.0,1.0,3.0,0.0,0.0,0.0,100.30627885025304,100.04892230530959,0.0,50.0
0.1323,0.6636293856408674,100.0,0.0,1.0,1.0,3.0,0.0,0.0,0.0,100.30627885025304,100.04892230530959,0.0,50.0
0.1324,0.6736293856408573,100.0,0.0,1.0,1.0,3.0,0.0,0.0,0.0,100.30627885025304,100.04892230530959,0.0,50.0
0.1325,0.68362938564085,100.0,0.0,1.0,1.0,3.0,0.0,0.0,0.0,100.30627885025304,100.04892230530959,0.0,50.0
0.1326,0.6936293856408399,100.0,0.0,1.0,1.0,3.0,0.0,0.0,0.0,100.30627885025304,100.04892230530959,0.0,50.0
0.1327,0.7036293856408325,100.0,0.0,1.0,1.0,3.0,0.0,0.0,0.0,100.30627885025304,100.04892230530959,0.0,50.0
0.1328,0.7136293856408225,100.0,0.0,1.0,1.0,3.0,0.0,0.0,0.0,100.30627885025304,100.04892230530959,0.0,50.0
0.1329,0.7236293856408124,100.0,0.0,1.0,1.0,3.0,0.0,0.0,0.0,100.30627885025304,100.04892230530959,0.0,50.0
0.133,0.733629385640805,100.0,0.0,1.0,1.0,3.0,0.0,0.0,0.0,100.30627885025304,100.04892230530959,0.0,50.0
0.1331,0.743629385640795,100.0,0.0,1.0,1.0,3.0,0.0,0.0,0.0,100.30627885025304,100.04892230530959,0.0,50.0
0.1332,0.7536293856407876,100.0,0.0,1.0,1.0,3.0,0.0,0.0,0.0,100.30627885025304,100.04892230530959,0.0,50.0
0.1333,0.7636293856407775,100.0,0.0,1.0,1.0,3.0,0.0,0.0,0.0,100.30627885025304,100.04892230530959,0.0,50.0
0.1334,0.7736293856407674,100.0,0.0,1.0,1.0,3.0,0.0,0.0,0.0,100.30627885025304,100.04892230530959,0.0,50.0
0.1335,0.7836293856407601,100.0,0.0,1.0,1.0,3.0,0.0,0.0,0.0,100.30627885025304,100.04892230530959,0.0,50.0
0.1336,0.79362938564075,100.0,0.0,1.0,0.0,2.0,0.0,0.0,0.0,99.92343045768912,100.01754934340447,0.0,51.0
0.1337,0.8036293856407427,100.0,0.0,1.0,0.0,2.0,0.0,0.0,0.0,99.92343045768912,100.01754934340447,0.0,51.0
0.1338,0.8136293856407326,100.0,0.0,1.0,0.0,2.0,0.0,0.0,0.0,99.92343045768912,100.01754934340447,0.0,51.0
0.1339,0.8236293856407225,100.0,0.0,1.0,0.0,2.0,0.0,0.0,0.0,99.92343045768912,100.01754934340447,0.0,51.0
0.134,0.8336293856407152,100.0,0.0,1.0,0.0,2.0,0.0,0.0,0.0,99.92343045768912,100.01754934340447,0.0,51.0
0.1341,0.8436293856407051,100.0,0.0,1.0,0.0,2.0,0.0,0.0,0.0,99.92343045768912,100.01754934340447,0.0,51.0
0.1342,0.8536293856406978,100.0,0.0,1.0,0.0,2.0,0.0,0.0,0.0,99.92343045768912,100.01754934340447,0.0,51.0
0.1343,0.8636293856406877,100.0,0.0,1.0,0.0,2.0,0.0,0.0,0.0,99.92343045768912,100.01754934340447,0.0,51.0
0.1344,0.8736293856406776,100.0,0.0,1.0,0.0,2.0,0.0,0.0,0.0,99.92343045768912,100.01754934340447,0.0,51.0
0.1345,0.8836293856406703,100.0,0.0,1.0,0.0,2.0,0.0,0.0,0.0,99.92343045768912,100.01754934340447,0.0,51.0
0.1346,0.8936293856406602,100.0,0.0,1.0,0.0,2.0,0.0,0.0,0.0,99.92343045768912,100.01754934340447,0.0,51.0
0.1347,0.9036293856406501,100.0,0.0,1.0,0.0,2.0,0.0,0.0,0.0,99.92343045768912,100.01754934340447,0.0,51.0
0.1348,0.9136293856406428,100.0,0.0,1.0,0.0,2.0,0.0,0.0,0.0,99.92343045768912,100.01754934340447,0.0,51.0
0.1349,0.9236293856406327,100.0,0.0,1.0,0.0,2.0,0.0,0.0,0.0,99.92343045768912,100.01754934340447,0.0,51.0
0.135,0.9336293856406254,100.0,0.0,1.0,0.0,2.0,0.0,0.0,0.0,99.92343045768912,100.01754934340447,0.0,51.0
0.1351,0.9436293856406153,100.0,0.0,1.0,0.0,2.0,0.0,0.0,0.0,99.92343045768912,100.01754934340447,0.0,51.0
0.1352,0.9536293856406052,100.0,0.0,1.0,0.0,2.0,0.0,0.0,0.0,99.92343045768912,100.01754934340447,0.0,51.0
0.1353,0.9636293856405979,100.0,0.0,1.0,0.0,2.0,0.0,0.0,0.0,99.92343045768912,100.01754934340447,0.0,51.0
0.1354,0.9736293856405878,100.0,0.0,1.0,0.0,2.0,0.0,0.0,0.0,99.92343045768912,100.01754934340447,0.0,51.0
0.1355,0.9836293856405804,100.0,0.0,1.0,0.0,2.0,0.0,0.0,0.0,99.92343045768912,100.01754934340447,0.0,51.0
0.1356,0.9936293856405704,100.0,0.0,1.0,0.0,2.0,0.0,0.0,0.0,99.92343045768912,100.01754934340447,0.0,51.0
0.1357,1.0036293856405598,100.0,0.0,1.0,0.0,2.0,0.0,0.0,0.0,99.92343045768912,100.01754934340447,0.0,51.0
0.1358,1.0136293856405512,100.0,0.0,1.0,0.0,2.0,0.0,0.0,0.0,99.92343045768912,100.01754934340447,0.0,51.0
0.1359,1.0236293856405398,100.0,0.0,1.0,0.0,2.0,0.0,0.0,0.0,99.92343045768912,100.01754934340447,0.0,51.0
0.136,1.0336293856405312,100.0,0.0,1.0,0.0,2.0,0.0,0.0,0.0,99.92343045768912,100.01754934340447,0.0,51.0
0.1361,1.0436293856405199,100.0,0.0,1.0,0.0,2.0,0.0,0.0,0.0,99.92343045768912,100.01754934340447,0.0,51.0
0.1362,1.0536293856405086,100.0,1.0,1.0,0.0,6.0,0.0,0.0,0.0,99.92343045769019,99.9940196219759,0.0,52.0
0.1363,1.0636293856405,100.0,1.0,1.0,0.0,6.0,0.0,0.0,0.0,99.92343045769019,99.9940196219759,0.0,52.0
0.1364,1.0736293856404886,100.0,1.0,1.0,0.0,6.0,0.0,0.0,0.0,99.92343045769019,99.9940196219759,0.0,52.0
0.1365,1.08362938564048,100.0,1.0,1.0,0.0,6.0,0.0,0.0,0.0,99.92343045769019,99.9940196219759,0.0,52.0
0.1366,1.0936293856404686,100.0,1.0,1.0,0.0,6.0,0.0,0.0,0.0,99.92343045769019,99.9940196219759,0.0,52.0
0.1367,1.1036293856404573,100.0,1.0,1.0,0.0,6.0,0.0,0.0,0.0,99.92343045769019,99.9940196219759,0.0,52.0
0.1368,1.1136293856404487,100.0,1.0,1.0,0.0,6.0,0.0,0.0,0.0,99.92343045769019,99.9940196219759,0.0,52.0
0.1369,1.1236293856404374,100.0,1.0,1.0,0.0,6.0,0.0,0.0,0.0,99.92343045769019,99.9940196219759,0.0,52.0
0.137,1.1336293856404287,100.0,1.0,1.0,0.0,6.0,0.0,0.0,0.0,99.92343045769019,99.9940196219759,0.0,52.0
0.1371,1.1436293856404174,100.0,1.0,1.0,0.0,6.0,0.0,0.0,0.0,99.92343045769019,99.9940196219759,0.0,52.0
0.1372,1.153629385640406,100.0,1.0,1.0,0.0,6.0,0.0,0.0,0.0,99.92343045769019,99.9940196219759,0.0,52.0
0.1373,1.1636293856403974,100.0,1.0,1.0,0.0,6.0,0.0,0.0,0.0,99.92343045769019,99.9940196219759,0.0,52.0
0.1374,1.173629385640386,100.0,1.0,1.0,0.0,6.0,0.0,0.0,0.0,99.92343045769019,99.9940196219759,0.0,52.0
0.1375,1.1836293856403775,100.0,1.0,1.0,0.0,6.0,0.0,0.0,0.0,99.92343045769019,99.9940196219759,0.0,52.0
0.1376,1.1936293856403661,100.0,1.0,1.0,0.0,6.0,0.0,0.0,0.0,99.92343045769019,99.9940196219759,0.0,52.0
0.1377,1.2036293856403548,100.0,1.0,1.0,0.0,6.0,0.0,0.0,0.0,99.92343045769019,99.9940196219759,0.0,52.0
0.1378,1.2136293856403462,100.0,1.0,1.0,0.0,6.0,0.0,0.0,0.0,99.92343045769019,99.9940196219759,0.0,52.0
0.1379,1.2236293856403349,100.0,1.0,1.0,0.0,6.0,0.0,0.0,0.0,99.92343045769019,99.9940196219759,0.0,52.0
0.138,1.2336293856403262,100.0,1.0,1.0,0.0,6.0,0.0,0.0,0.0,99.92343045769019,99.9940196219759,0.0,52.0
0.1381,1.2436293856403149,100.0,1.0,1.0,0.0,6.0,0.0,0.0,0.0,99.92343045769019,99.9940196219759,0.0,52.0
0.1382,1.2536293856403036,100.0,1.0,1.0,0.0,6.0,0.0,0.0,0.0,99.92343045769019,99.9940196219759,0.0,52.0
0.1383,1.263629385640295,100.0,1.0,1.0,0.0,6.0,0.0,0.0,0.0,99.92343045769019,99.9940196219759,0.0,52.0
0.1384,1.2736293856402836,100.0,1.0,1.0,0.0,6.0,0.0,0.0,0.0,99.92343045769019,99.9940196219759,0.0,52.0
0.1385,1.283629385640275,100.0,1.0,1.0,0.0,6.0,0.0,0.0,0.0,99.92343045769019,99.9940196219759,0.0,52.0
0.1386,1.2936293856402636,100.0,1.0,1.0,0.0,6.0,0.0,0.0,0.0,99.92343045769019,99.9940196219759,0.0,52.0
0.1387,1.3036293856402523,100.0,1.0,1.0,0.0,6.0,0.0,0.0,0.0,99.92343045769019,99.9940196219759,0.0,52.0
0.1388,1.3136293856402437,100.0,1.0,0.0,0.0,4.0,0.0,0.0,0.0,99.92343045769019,99.97637233090447,0.0,53.0
0.1389,1.3236293856402324,100.0,1.0,0.0,0.0,4.0,0.0,0.0,0.0,99.92343045769019,99.97637233090447,0.0,53.0
0.139,1.3336293856402237,100.0,1.0,0.0,0.0,4.0,0.0,0.0,0.0,99.92343045769019,99.97637233090447,0.0,53.0
0.1391,1.3436293856402124,100.0,1.0,0.0,0.0,4.0,0.0,0.0,0.0,99.92343045769019,99.97637233090447,0.0,53.0
0.1392,1.353629385640201,100.0,1.0,0.0,0.0,4.0,0.0,0.0,0.0,99.92343045769019,99.97637233090447,0.0,53.0
0.1393,1.3636293856401924,100.0,1.0,0.0,0.0,4.0,0.0,0.0,0.0,99.92343045769019,99.97637233090447,0.0,53.0
0.1394,1.373629385640181,100.0,1.0,0.0,0.0,4.0,0.0,0.0,0.0,99.92343045769019,99.97637233090447,0.0,53.0
0.1395,1.3836293856401725,100.0,1.0,0.0,0.0,4.0,0.0,0.0,0.0,99.92343045769019,99.97637233090447,0.0,53.0
0.1396,1.3936293856401611,100.0,1.0,0.0,0.0,4.0,0.0,0.0,0.0,99.92343045769019,99.97637233090447,0.0,53.0
0.1397,1.4036293856401498,100.0,1.0,0.0,0.0,4.0,0.0,0.0,0.0,99.92343045769019,99.97637233090447,0.0,53.0
0.1398,1.4136293856401412,100.0,1.0,0.0,0.0,4.0,0.0,0.0,0.0,99.92343045769019,99.97637233090447,0.0,53.0
0.1399,1.4236293856401299,100.0,1.0,0.0,0.0,4.0,0.0,0.0,0.0,99.92343045769019,99.97637233090447,0.0,53.0
0.14,1.4336293856401212,100.0,1.0,0.0,0.0,4.0,0.0,0.0,0.0,99.92343045769019,99.97637233090447,0.0,53.0
0.1401,1.44362938564011,100.0,1.0,0.0,0.0,4.0,0.0,0.0,0.0,99.92343045769019,99.97637233090447,0.0,53.0
0.1402,1.4536293856400986,100.0,1.0,0.0,0.0,4.0,0.0,0.0,0.0,99.92343045769019,99.97637233090447,0.0,53.0
0.1403,1.46362938564009,100.0,1.0,0.0,0.0,4.0,0.0,0.0,0.0,99.92343045769019,99.97637233090447,0.0,53.0
0.1404,1.4736293856400786,100.0,1.0,0.0,0.0,4.0,0.0,0.0,0.0,99.92343045769019,99.97637233090447,0.0,53.0
0.1405,1.48362938564007,100.0,1.0,0.0,0.0,4.0,0.0,0.0,0.0,99.92343045769019,99.97637233090447,0.0,53.0
0.1406,1.4936293856400586,100.0,1.0,0.0,0.0,4.0,0.0,0.0,0.0,99.92343045769019,99.97637233090447,0.0,53.0
0.1407,1.5036293856400473,100.0,1.0,0.0,0.0,4.0,0.0,0.0,0.0,99.92343045769019,99.97637233090447,0.0,53.0
0.1408,1.5136293856400387,100.0,1.0,0.0,0.0,4.0,0.0,0.0,0.0,99.92343045769019,99.97637233090447,0.0,53.0
0.1409,1.5236293856400274,100.0,1.0,0.0,0.0,4.0,0.0,0.0,0.0,99.92343045769019,99.97637233090447,0.0,53.0
0.141,1.533629385640016,100.0,1.0,0.0,0.0,4.0,0.0,0.0,0.0,99.92343045769019,99.97637233090447,0.0,53.0
0.1411,1.5436293856400074,100.0,1.0,0.0,0.0,4.0,0.0,0.0,0.0,99.92343045769019,99.97637233090447,0.0,53.0
0.1412,1.553629385639996,100.0,1.0,0.0,0.0,4.0,0.0,0.0,0.0,99.92343045769019,99.97637233090447,0.0,53.0
0.1413,1.5636293856399874,100.0,1.0,0.0,0.0,4.0,0.0,0.0,0.0,99.92343045769019,99.97637233090447,0.0,53.0
0.1414,1.5736293856399761,100.0,1.0,0.0,1.0,5.0,0.0,0.0,0.0,99.92343045768912,99.96313686260062,0.0,54.0
0.1415,1.5836293856399648,100.0,1.0,0.0,1.0,5.0,0.0,0.0,0.0,99.92343045768912,99.96313686260062,0.0,54.0
0.1416,1.5936293856399562,100.0,1.0,0.0,1.0,5.0,0.0,0.0,0.0,99.92343045768912,99.96313686260062,0.0,54.0
0.1417,1.6036293856399448,100.0,1.0,0.0,1.0,5.0,0.0,0.0,0.0,99.92343045768912,99.96313686260062,0.0,54.0
0.1418,1.6136293856399362,100.0,1.0,0.0,1.0,5.0,0.0,0.0,0.0,99.92343045768912,99.96313686260062,0.0,54.0
0.1419,1.6236293856399249,100.0,1.0,0.0,1.0,5.0,0.0,0.0,0.0,99.92343045768912,99.96313686260062,0.0,54.0
0.142,1.6336293856399136,100.0,1.0,0.0,1.0,5.0,0.0,0.0,0.0,99.92343045768912,99.96313686260062,0.0,54.0
0.1421,1.643629385639905,100.0,1.0,0.0,1.0,5.0,0.0,0.0,0.0,99.92343045768912,99.96313686260062,0.0,54.0
0.1422,1.6536293856398936,100.0,1.0,0.0,1.0,5.0,0.0,0.0,0.0,99.92343045768912,99.96313686260062,0.0,54.0
0.1423,1.663629385639885,100.0,1.0,0.0,1.0,5.0,0.0,0.0,0.0,99.92343045768912,99.96313686260062,0.0,54.0
0.1424,1.6736293856398736,100.0,1.0,0.0,1.0,5.0,0.0,0.0,0.0,99.92343045768912,99.96313686260062,0.0,54.0
0.1425,1.6836293856398623,100.0,1.0,0.0,1.0,5.0,0.0,0.0,0.0,99.92343045768912,99.96313686260062,0.0,54.0
0.1426,1.6936293856398537,100.0,1.0,0.0,1.0,5.0,0.0,0.0,0.0,99.92343045768912,99.96313686260062,0.0,54.0
0.1427,1.7036293856398423,100.0,1.0,0.0,1.0,5.0,0.0,0.0,0.0,99.92343045768912,99.96313686260062,0.0,54.0
0.1428,1.7136293856398337,100.0,1.0,0.0,1.0,5.0,0.0,0.0,0.0,99.92343045768912,99.96313686260062,0.0,54.0
0.1429,1.7236293856398224,100.0,1.0,0.0,1.0,5.0,0.0,0.0,0.0,99.92343045768912,99.96313686260062,0.0,54.0
0.143,1.733629385639811,100.0,1.0,0.0,1.0,5.0,0.0,0.0,0.0,99.92343045768912,99.96313686260062,0.0,54.0
0.1431,1.7436293856398024,100.0,1.0,0.0,1.0,5.0,0.0,0.0,0.0,99.92343045768912,99.96313686260062,0.0,54.0
0.1432,1.753629385639791,100.0,1.0,0.0,1.0,5.0,0.0,0.0,0.0,99.92343045768912,99.96313686260062,0.0,54.0
0.1433,1.7636293856397824,100.0,1.0,0.0,1.0,5.0,0.0,0.0,0.0,99.92343045768912,99.96313686260062,0.0,54.0
0.1434,1.7736293856397711,100.0,1.0,0.0,1.0,5.0,0.0,0.0,0.0,99.92343045768912,99.96313686260062,0.0,54.0
0.1435,1.7836293856397598,100.0,1.0,0.0,1.0,5.0,0.0,0.0,0.0,99.92343045768912,99.96313686260062,0.0,54.0
0.1436,1.7936293856397512,100.0,1.0,0.0,1.0,5.0,0.0,0.0,0.0,99.92343045768912,99.96313686260062,0.0,54.0
0.1437,1.8036293856397398,100.0,1.0,0.0,1.0,5.0,0.0,0.0,0.0,99.92343045768912,99.96313686260062,0.0,54.0
0.1438,1.8136293856397312,100.0,1.0,0.0,1.0,5.0,0.0,0.0,0.0,99.92343045768912,99.96313686260062,0.0,54.0
0.1439,1.8236293856397199,100.0,1.0,0.0,1.0,5.0,0.0,0.0,0.0,99.92343045768912,99.96313686260062,0.0,54.0
0.144,1.8336293856397086,100.0,0.0,0.0,1.0,1.0,0.0,0.0,0.0,100.30627885024877,100.04892235951266,0.0,55.0
0.1441,1.8436293856397,100.0,0.0,0.0,1.0,1.0,0.0,0.0,0.0,100.30627885024877,100.04892235951266,0.0,55.0
0.1442,1.8536293856396886,100.0,0.0,0.0,1.0,1.0,0.0,0.0,0.0,100.30627885024877,100.04892235951266,0.0,55.0
0.1443,1.86362938563968,100.0,0.0,0.0,1.0,1.0,0.0,0.0,0.0,100.30627885024877,100.04892235951266,0.0,55.0
0.1444,1.8736293856396686,100.0,0.0,0.0,1.0,1.0,0.0,0.0,0.0,100.30627885024877,100.04892235951266,0.0,55.0
0.1445,1.8836293856396573,100.0,0.0,0.0,1.0,1.0,0.0,0.0,0.0,100.30627885024877,100.04892235951266,0.0,55.0
0.1446,1.8936293856396487,100.0,0.0,0.0,1.0,1.0,0.0,0.0,0.0,100.30627885024877,100.04892235951266,0.0,55.0
0.1447,1.9036293856396374,100.0,0.0,0.0,1.0,1.0,0.0,0.0,0.0,100.30627885024877,100.04892235951266,0.0,55.0
0.1448,1.9136293856396287,100.0,0.0,0.0,1.0,1.0,0.0,0.0,0.0,100.30627885024877,100.04892235951266,0.0,55.0
0.1449,1.9236293856396174,100.0,0.0,0.0,1.0,1.0,0.0,0.0,0.0,100.30627885024877,100.04892235951266,0.0,55.0
0.145,1.933629385639606,100.0,0.0,0.0,1.0,1.0,0.0,0.0,0.0,100.30627885024877,100.04892235951266,0.0,55.0
0.1451,1.9436293856395974,100.0,0.0,0.0,1.0,1.0,0.0,0.0,0.0,100.30627885024877,100.04892235951266,0.0,55.0
0.1452,1.953629385639586,100.0,0.0,0.0,1.0,1.0,0.0,0.0,0.0,100.30627885024877,100.04892235951266,0.0,55.0
0.1453,1.9636293856395775,100.0,0.0,0.0,1.0,1.0,0.0,0.0,0.0,100.30627885024877,100.04892235951266,0.0,55.0
0.1454,1.9736293856395661,100.0,0.0,0.0,1.0,1.0,0.0,0.0,0.0,100.30627885024877,100.04892235951266,0.0,55.0
0.1455,1.9836293856395548,100.0,0.0,0.0,1.0,1.0,0.0,0.0,0.0,100.30627885024877,100.04892235951266,0.0,55.0
0.1456,1.9936293856395462,100.0,0.0,0.0,1.0,1.0,0.0,0.0,0.0,100.30627885024877,100.04892235951266,0.0,55.0
0.1457,2.0036293856395346,100.0,0.0,0.0,1.0,1.0,0.0,0.0,0.0,100.30627885024877,100.04892235951266,0.0,55.0
0.1458,2.0136293856395264,100.0,0.0,0.0,1.0,1.0,0.0,0.0,0.0,100.30627885024877,100.04892235951266,0.0,55.0
0.1459,2.023629385639515,100.0,0.0,0.0,1.0,1.0,0.0,0.0,0.0,100.30627885024877,100.04892235951266,0.0,55.0
0.146,2.033629385639504,100.0,0.0,0.0,1.0,1.0,0.0,0.0,0.0,100.30627885024877,100.04892235951266,0.0,55.0
0.1461,2.0436293856394956,100.0,0.0,0.0,1.0,1.0,0.0,0.0,0.0,100.30627885024877,100.04892235951266,0.0,55.0
0.1462,2.0536293856394843,100.0,0.0,0.0,1.0,1.0,0.0,0.0,0.0,100.30627885024877,100.04892235951266,0.0,55.0
0.1463,2.063629385639476,100.0,0.0,0.0,1.0,1.0,0.0,0.0,0.0,100.30627885024877,100.04892235951266,0.0,55.0
0.1464,2.0736293856394648,100.0,0.0,0.0,1.0,1.0,0.0,0.0,0.0,100.30627885024877,100.04892235951266,0.0,55.0
0.1465,2.0836293856394534,100.0,0.0,0.0,1.0,1.0,0.0,0.0,0.0,100.30627885024877,100.04892235951266,0.0,55.0
0.1466,2.0936293856394452,100.0,0.0,0.0,1.0,1.0,0.0,0.0,0.0,100.30627885024877,100.04892235951266,0.0,55.0
0.1467,2.103629385639434,100.0,0.0,1.0,1.0,3.0,0.0,0.0,0.0,99.92343045769336,100.01754938405784,0.0,56.0
0.1468,2.1136293856394257,100.0,0.0,1.0,1.0,3.0,0.0,0.0,0.0,99.92343045769336,100.01754938405784,0.0,56.0
0.1469,2.1236293856394144,100.0,0.0,1.0,1.0,3.0,0.0,0.0,0.0,99.92343045769336,100.01754938405784,0.0,56.0
0.147,2.133629385639403,100.0,0.0,1.0,1.0,3.0,0.0,0.0,0.0,99.92343045769336,100.01754938405784,0.0,56.0
0.1471,2.143629385639395,100.0,0.0,1.0,1.0,3.0,0.0,0.0,0.0,99.92343045769336,100.01754938405784,0.0,56.0
0.1472,2.1536293856393836,100.0,0.0,1.0,1.0,3.0,0.0,0.0,0.0,99.92343045769336,100.01754938405784,0.0,56.0
0.1473,2.1636293856393722,100.0,0.0,1.0,1.0,3.0,0.0,0.0,0.0,99.92343045769336,100.01754938405784,0.0,56.0
0.1474,2.173629385639364,100.0,0.0,1.0,1.0,3.0,0.0,0.0,0.0,99.92343045769336,100.01754938405784,0.0,56.0
0.1475,2.1836293856393527,100.0,0.0,1.0,1.0,3.0,0.0,0.0,0.0,99.92343045769336,100.01754938405784,0.0,56.0
0.1476,2.1936293856393445,100.0,0.0,1.0,1.0,3.0,0.0,0.0,0.0,99.92343045769336,100.01754938405784,0.0,56.0
0.1477,2.203629385639333,100.0,0.0,1.0,1.0,3.0,0.0,0.0,0.0,99.92343045769336,100.01754938405784,0.0,56.0
0.1478,2.213629385639322,100.0,0.0,1.0,1.0,3.0,0.0,0.0,0.0,99.92343045769336,100.01754938405784,0.0,56.0
0.1479,2.2236293856393137,100.0,0.0,1.0,1.0,3.0,0.0,0.0,0.0,99.92343045769336,100.01754938405784,0.0,56.0
0.148,2.2336293856393024,100.0,0.0,1.0,1.0,3.0,0.0,0.0,0.0,99.92343045769336,100.01754938405784,0.0,56.0
0.1481,2.243629385639294,100.0,0.0,1.0,1.0,3.0,0.0,0.0,0.0,99.92343045769336,100.01754938405784,0.0,56.0
0.1482,2.253629385639283,100.0,0.0,1.0,1.0,3.0,0.0,0.0,0.0,99.92343045769336,100.01754938405784,0.0,56.0
0.1483,2.2636293856392715,100.0,0.0,1.0,1.0,3.0,0.0,0.0,0.0,99.92343045769336,100.01754938405784,0.0,56.0
0.1484,2.2736293856392633,100.0,0.0,1.0,1.0,3.0,0.0,0.0,0.0,99.92343045769336,100.01754938405784,0.0,56.0
0.1485,2.283629385639252,100.0,0.0,1.0,1.0,3.0,0.0,0.0,0.0,99.92343045769336,100.01754938405784,0.0,56.0
0.1486,2.293629385639244,100.0,0.0,1.0,1.0,3.0,0.0,0.0,0.0,99.92343045769336,100.01754938405784,0.0,56.0
0.1487,2.3036293856392325,100.0,0.0,1.0,1.0,3.0,0.0,0.0,0.0,99.92343045769336,100.01754938405784,0.0,56.0
0.1488,2.313629385639221,100.0,0.0,1.0,1.0,3.0,0.0,0.0,0.0,99.92343045769336,100.01754938405784,0.0,56.0
0.1489,2.323629385639213,100.0,0.0,1.0,1.0,3.0,0.0,0.0,0.0,99.92343045769336,100.01754938405784,0.0,56.0
0.149,2.3336293856392016,100.0,0.0,1.0,1.0,3.0,0.0,0.0,0.0,99.92343045769336,100.01754938405784,0.0,56.0
0.1491,2.3436293856391934,100.0,0.0,1.0,1.0,3.0,0.0,0.0,0.0,99.92343045769336,100.01754938405784,0.0,56.0
0.1492,2.353629385639182,100.0,0.0,1.0,1.0,3.0,0.0,0.0,0.0,99.92343045769336,100.01754938405784,0.0,56.0
0.1493,2.363629385639171,100.0,0.0,1.0,0.0,2.0,0.0,0.0,0.0,99.92343045769019,99.99401965246594,0.0,57.0
0.1494,2.3736293856391626,100.0,0.0,1.0,0.0,2.0,0.0,0.0,0.0,99.92343045769019,99.99401965246594,0.0,57.0
0.1495,2.3836293856391513,100.0,0.0,1.0,0.0,2.0,0.0,0.0,0.0,99.92343045769019,99.99401965246594,0.0,57.0
0.1496,2.393629385639143,100.0,0.0,1.0,0.0,2.0,0.0,0.0,0.0,99.92343045769019,99.99401965246594,0.0,57.0
0.1497,2.4036293856391318,100.0,0.0,1.0,0.0,2.0,0.0,0.0,0.0,99.92343045769019,99.99401965246594,0.0,57.0
0.1498,2.4136293856391204,100.0,0.0,1.0,0.0,2.0,0.0,0.0,0.0,99.92343045769019,99.99401965246594,0.0,57.0
0.1499,2.4236293856391122,100.0,0.0,1.0,0.0,2.0,0.0,0.0,0.0,99.92343045769019,99.99401965246594,0.0,57.0
0.15,2.433629385639101,100.0,0.0,1.0,0.0,2.0,0.0,0.0,0.0,99.92343045769019,99.99401965246594,0.0,57.0
0.1501,2.4436293856390927,100.0,0.0,1.0,0.0,2.0,0.0,0.0,0.0,99.92343045769019,99.99401965246594,0.0,57.0
0.1502,2.4536293856390814,100.0,0.0,1.0,0.0,2.0,0.0,0.0,0.0,99.92343045769019,99.99401965246594,0.0,57.0
0.1503,2.46362938563907,100.0,0.0,1.0,0.0,2.0,0.0,0.0,0.0,99.92343045769019,99.99401965246594,0.0,57.0
0.1504,2.473629385639062,100.0,0.0,1.0,0.0,2.0,0.0,0.0,0.0,99.92343045769019,99.99401965246594,0.0,57.0
0.1505,2.4836293856390506,100.0,0.0,1.0,0.0,2.0,0.0,0.0,0.0,99.92343045769019,99.99401965246594,0.0,57.0
0.1506,2.4936293856390424,100.0,0.0,1.0,0.0,2.0,0.0,0.0,0.0,99.92343045769019,99.99401965246594,0.0,57.0
0.1507,2.503629385639031,100.0,0.0,1.0,0.0,2.0,0.0,0.0,0.0,99.92343045769019,99.99401965246594,0.0,57.0
0.1508,2.5136293856390197,100.0,0.0,1.0,0.0,2.0,0.0,0.0,0.0,99.92343045769019,99.99401965246594,0.0,57.0
0.1509,2.5236293856390115,100.0,0.0,1.0,0.0,2.0,0.0,0.0,0.0,99.92343045769019,99.99401965246594,0.0,57.0
0.151,2.533629385639,100.0,0.0,1.0,0.0,2.0,0.0,0.0,0.0,99.92343045769019,99.99401965246594,0.0,57.0
0.1511,2.543629385638992,100.0,0.0,1.0,0.0,2.0,0.0,0.0,0.0,99.92343045769019,99.99401965246594,0.0,57.0
0.1512,2.5536293856389807,100.0,0.0,1.0,0.0,2.0,0.0,0.0,0.0,99.92343045769019,99.99401965246594,0.0,57.0
0.1513,2.5636293856389694,100.0,0.0,1.0,0.0,2.0,0.0,0.0,0.0,99.92343045769019,99.99401965246594,0.0,57.0
0.1514,2.573629385638961,100.0,0.0,1.0,0.0,2.0,0.0,0.0,0.0,99.92343045769019,99.99401965246594,0.0,57.0
0.1515,2.58362938563895,100.0,0.0,1.0,0.0,2.0,0.0,0.0,0.0,99.92343045769019,99.99401965246594,0.0,57.0
0.1516,2.5936293856389416,100.0,0.0,1.0,0.0,2.0,0.0,0.0,0.0,99.92343045769019,99.99401965246594,0.0,57.0
0.1517,2.6036293856389303,100.0,0.0,1.0,0.0,2.0,0.0,0.0,0.0,99.92343045769019,99.99401965246594,0.0,57.0
0.1518,2.613629385638919,100.0,0.0,1.0,0.0,2.0,0.0,0.0,0.0,99.92343045769019,99.99401965246594,0.0,57.0
0.1519,2.623629385638911,100.0,1.0,1.0,0.0,6.0,0.0,0.0,0.0,99.92343045769019,99.976372353772,0.0,58.0
0.152,2.6336293856388995,100.0,1.0,1.0,0.0,6.0,0.0,0.0,0.0,99.92343045769019,99.976372353772,0.0,58.0
0.1521,2.6436293856388913,100.0,1.0,1.0,0.0,6.0,0.0,0.0,0.0,99.92343045769019,99.976372353772,0.0,58.0
0.1522,2.65362938563888,100.0,1.0,1.0,0.0,6.0,0.0,0.0,0.0,99.92343045769019,99.976372353772,0.0,58.0
0.1523,2.6636293856388686,100.0,1.0,1.0,0.0,6.0,0.0,0.0,0.0,99.92343045769019,99.976372353772,0.0,58.0
0.1524,2.6736293856388604,100.0,1.0,1.0,0.0,6.0,0.0,0.0,0.0,99.92343045769019,99.976372353772,0.0,58.0
0.1525,2.683629385638849,100.0,1.0,1.0,0.0,6.0,0.0,0.0,0.0,99.92343045769019,99.976372353772,0.0,58.0
0.1526,2.693629385638841,100.0,1.0,1.0,0.0,6.0,0.0,0.0,0.0,99.92343045769019,99.976372353772,0.0,58.0
0.1527,2.7036293856388296,100.0,1.0,1.0,0.0,6.0,0.0,0.0,0.0,99.92343045769019,99.976372353772,0.0,58.0
0.1528,2.7136293856388183,100.0,1.0,1.0,0.0,6.0,0.0,0.0,0.0,99.92343045769019,99.976372353772,0.0,58.0
0.1529,2.72362938563881,100.0,1.0,1.0,0.0,6.0,0.0,0.0,0.0,99.92343045769019,99.976372353772,0.0,58.0
0.153,2.7336293856387988,100.0,1.0,1.0,0.0,6.0,0.0,0.0,0.0,99.92343045769019,99.976372353772,0.0,58.0
0.1531,2.7436293856387906,100.0,1.0,1.0,0.0,6.0,0.0,0.0,0.0,99.92343045769019,99.976372353772,0.0,58.0
0.1532,2.7536293856387792,100.0,1.0,1.0,0.0,6.0,0.0,0.0,0.0,99.92343045769019,99.976372353772,0.0,58.0
0.1533,2.763629385638768,100.0,1.0,1.0,0.0,6.0,0.0,0.0,0.0,99.92343045769019,99.976372353772,0.0,58.0
0.1534,2.7736293856387597,100.0,1.0,1.0,0.0,6.0,0.0,0.0,0.0,99.92343045769019,99.976372353772,0.0,58.0
0.1535,2.7836293856387484,100.0,1.0,1.0,0.0,6.0,0.0,0.0,0.0,99.92343045769019,99.976372353772,0.0,58.0
0.1536,2.793629385638737,100.0,1.0,1.0,0.0,6.0,0.0,0.0,0.0,99.92343045769019,99.976372353772,0.0,58.0
0.1537,2.803629385638729,100.0,1.0,1.0,0.0,6.0,0.0,0.0,0.0,99.92343045769019,99.976372353772,0.0,58.0
0.1538,2.8136293856387176,100.0,1.0,1.0,0.0,6.0,0.0,0.0,0.0,99.92343045769019,99.976372353772,0.0,58.0
0.1539,2.8236293856387094,100.0,1.0,1.0,0.0,6.0,0.0,0.0,0.0,99.92343045769019,99.976372353772,0.0,58.0
0.154,2.833629385638698,100.0,1.0,1.0,0.0,6.0,0.0,0.0,0.0,99.92343045769019,99.976372353772,0.0,58.0
0.1541,2.8436293856386867,100.0,1.0,1.0,0.0,6.0,0.0,0.0,0.0,99.92343045769019,99.976372353772,0.0,58.0
0.1542,2.8536293856386785,100.0,1.0,1.0,0.0,6.0,0.0,0.0,0.0,99.92343045769019,99.976372353772,0.0,58.0
0.1543,2.863629385638667,100.0,1.0,1.0,0.0,6.0,0.0,0.0,0.0,99.92343045769019,99.976372353772,0.0,58.0
0.1544,2.873629385638659,100.0,1.0,1.0,0.0,6.0,0.0,0.0,0.0,99.92343045769019,99.976372353772,0.0,58.0
0.1545,2.8836293856386477,100.0,1.0,0.0,0.0,4.0,0.0,0.0,0.0,99.92343045768912,99.96313687975127,0.0,59.0
0.1546,2.8936293856386364,100.0,1.0,0.0,0.0,4.0,0.0,0.0,0.0,99.92343045768912,99.96313687975127,0.0,59.0
0.1547,2.903629385638628,100.0,1.0,0.0,0.0,4.0,0.0,0.0,0.0,99.92343045768912,99.96313687975127,0.0,59.0
0.1548,2.913629385638617,100.0,1.0,0.0,0.0,4.0,0.0,0.0,0.0,99.92343045768912,99.96313687975127,0.0,59.0
0.1549,2.9236293856386086,100.0,1.0,0.0,0.0,4.0,0.0,0.0,0.0,99.92343045768912,99.96313687975127,0.0,59.0
0.155,2.9336293856385973,100.0,1.0,0.0,0.0,4.0,0.0,0.0,0.0,99.92343045768912,99.96313687975127,0.0,59.0
0.1551,2.943629385638586,100.0,1.0,0.0,0.0,4.0,0.0,0.0,0.0,99.92343045768912,99.96313687975127,0.0,59.0
0.1552,2.953629385638578,100.0,1.0,0.0,0.0,4.0,0.0,0.0,0.0,99.92343045768912,99.96313687975127,0.0,59.0
0.1553,2.9636293856385665,100.0,1.0,0.0,0.0,4.0,0.0,0.0,0.0,99.92343045768912,99.96313687975127,0.0,59.0
0.1554,2.9736293856385583,100.0,1.0,0.0,0.0,4.0,0.0,0.0,0.0,99.92343045768912,99.96313687975127,0.0,59.0
0.1555,2.983629385638547,100.0,1.0,0.0,0.0,4.0,0.0,0.0,0.0,99.92343045768912,99.96313687975127,0.0,59.0
0.1556,2.9936293856385356,100.0,1.0,0.0,0.0,4.0,0.0,0.0,0.0,99.92343045768912,99.96313687975127,0.0,59.0
0.1557,3.0036293856385274,100.0,1.0,0.0,0.0,4.0,0.0,0.0,0.0,99.92343045768912,99.96313687975127,0.0,59.0
0.1558,3.013629385638516,100.0,1.0,0.0,0.0,4.0,0.0,0.0,0.0,99.92343045768912,99.96313687975127,0.0,59.0
0.1559,3.023629385638508,100.0,1.0,0.0,0.0,4.0,0.0,0.0,0.0,99.92343045768912,99.96313687975127,0.0,59.0
0.156,3.0336293856384966,100.0,1.0,0.0,0.0,4.0,0.0,0.0,0.0,99.92343045768912,99.96313687975127,0.0,59.0
0.1561,3.0436293856384853,100.0,1.0,0.0,0.0,4.0,0.0,0.0,0.0,99.92343045768912,99.96313687975127,0.0,59.0
0.1562,3.053629385638477,100.0,1.0,0.0,0.0,4.0,0.0,0.0,0.0,99.92343045768912,99.96313687975127,0.0,59.0
0.1563,3.0636293856384658,100.0,1.0,0.0,0.0,4.0,0.0,0.0,0.0,99.92343045768912,99.96313687975127,0.0,59.0
0.1564,3.0736293856384576,100.0,1.0,0.0,0.0,4.0,0.0,0.0,0.0,99.92343045768912,99.96313687975127,0.0,59.0
0.1565,3.0836293856384462,100.0,1.0,0.0,0.0,4.0,0.0,0.0,0.0,99.92343045768912,99.96313687975127,0.0,59.0
0.1566,3.093629385638435,100.0,1.0,0.0,0.0,4.0,0.0,0.0,0.0,99.92343045768912,99.96313687975127,0.0,59.0
0.1567,3.1036293856384267,100.0,1.0,0.0,0.0,4.0,0.0,0.0,0.0,99.92343045768912,99.96313687975127,0.0,59.0
0.1568,3.1136293856384154,100.0,1.0,0.0,0.0,4.0,0.0,0.0,0.0,99.92343045768912,99.96313687975127,0.0,59.0
0.1569,3.123629385638407,100.0,1.0,0.0,0.0,4.0,0.0,0.0,0.0,99.92343045768912,99.96313687975127,0.0,59.0
0.157,3.133629385638396,100.0,1.0,0.0,0.0,4.0,0.0,0.0,0.0,99.92343045768912,99.96313687975127,0.0,59.0
0.1571,-3.1395559215412017,100.0,1.0,0.0,1.0,5.0,0.0,0.0,0.0,100.30627885024877,100.04892237237564,0.0,60.0
0.1572,-3.12955592154121,100.0,1.0,0.0,1.0,5.0,0.0,0.0,0.0,100.30627885024877,100.04892237237564,0.0,60.0
0.1573,-3.119555921541221,100.0,1.0,0.0,1.0,5.0,0.0,0.0,0.0,100.30627885024877,100.04892237237564,0.0,60.0
0.1574,-3.1095559215412294,100.0,1.0,0.0,1.0,5.0,0.0,0.0,0.0,100.30627885024877,100.04892237237564,0.0,60.0
0.1575,-3.0995559215412407,100.0,1.0,0.0,1.0,5.0,0.0,0.0,0.0,100.30627885024877,100.04892237237564,0.0,60.0
0.1576,-3.089555921541252,100.0,1.0,0.0,1.0,5.0,0.0,0.0,0.0,100.30627885024877,100.04892237237564,0.0,60.0
0.1577,-3.0795559215412602,100.0,1.0,0.0,1.0,5.0,0.0,0.0,0.0,100.30627885024877,100.04892237237564,0.0,60.0
0.1578,-3.0695559215412715,100.0,1.0,0.0,1.0,5.0,0.0,0.0,0.0,100.30627885024877,100.04892237237564,0.0,60.0
0.1579,-3.0595559215412798,100.0,1.0,0.0,1.0,5.0,0.0,0.0,0.0,100.30627885024877,100.04892237237564,0.0,60.0
0.158,-3.049555921541291,100.0,1.0,0.0,1.0,5.0,0.0,0.0,0.0,100.30627885024877,100.04892237237564,0.0,60.0
0.1581,-3.0395559215413024,100.0,1.0,0.0,1.0,5.0,0.0,0.0,0.0,100.30627885024877,100.04892237237564,0.0,60.0
0.1582,-3.0295559215413106,100.0,1.0,0.0,1.0,5.0,0.0,0.0,0.0,100.30627885024877,100.04892237237564,0.0,60.0
0.1583,-3.019555921541322,100.0,1.0,0.0,1.0,5.0,0.0,0.0,0.0,100.30627885024877,100.04892237237564,0.0,60.0
0.1584,-3.00955592154133,100.0,1.0,0.0,1.0,5.0,0.0,0.0,0.0,100.30627885024877,100.04892237237564,0.0,60.0
0.1585,-2.9995559215413414,100.0,1.0,0.0,1.0,5.0,0.0,0.0,0.0,100.30627885024877,100.04892237237564,0.0,60.0
0.1586,-2.9895559215413527,100.0,1.0,0.0,1.0,5.0,0.0,0.0,0.0,100.30627885024877,100.04892237237564,0.0,60.0
0.1587,-2.979555921541361,100.0,1.0,0.0,1.0,5.0,0.0,0.0,0.0,100.30627885024877,100.04892237237564,0.0,60.0
0.1588,-2.9695559215413723,100.0,1.0,0.0,1.0,5.0,0.0,0.0,0.0,100.30627885024877,100.04892237237564,0.0,60.0
0.1589,-2.9595559215413805,100.0,1.0,0.0,1.0,5.0,0.0,0.0,0.0,100.30627885024877,100.04892237237564,0.0,60.0
0.159,-2.949555921541392,100.0,1.0,0.0,1.0,5.0,0.0,0.0,0.0,100.30627885024877,100.04892237237564,0.0,60.0
0.1591,-2.939555921541403,100.0,1.0,0.0,1.0,5.0,0.0,0.0,0.0,100.30627885024877,100.04892237237564,0.0,60.0
0.1592,-2.9295559215414113,100.0,1.0,0.0,1.0,5.0,0.0,0.0,0.0,100.30627885024877,100.04892237237564,0.0,60.0
0.1593,-2.9195559215414226,100.0,1.0,0.0,1.0,5.0,0.0,0.0,0.0,100.30627885024877,100.04892237237564,0.0,60.0
0.1594,-2.909555921541434,100.0,1.0,0.0,1.0,5.0,0.0,0.0,0.0,100.30627885024877,100.04892237237564,0.0,60.0
0.1595,-2.899555921541442,100.0,1.0,0.0,1.0,5.0,0.0,0.0,0.0,100.30627885024877,100.04892237237564,0.0,60.0
0.1596,-2.8895559215414535,100.0,1.0,0.0,1.0,5.0,0.0,0.0,0.0,100.30627885024877,100.04892237237564,0.0,60.0
0.1597,-2.8795559215414617,100.0,0.0,0.0,1.0,1.0,1.0,1.0,1.0,99.92343045769336,100.01754939370508,0.0,61.0
0.1598,-2.869555921541473,100.0,0.0,0.0,1.0,1.0,0.0,0.0,0.0,99.92343045769336,100.01754939370508,0.0,61.0
0.1599,-2.8595559215414843,100.0,0.0,0.0,1.0,1.0,0.0,0.0,0.0,99.92343045769336,100.01754939370508,0.0,61.0
0.16,-2.8495559215414925,100.0,0.0,0.0,1.0,1.0,0.0,0.0,0.0,99.92343045769336,100.01754939370508,0.0,61.0
0.1601,-2.839555921541504,100.0,0.0,0.0,1.0,1.0,0.0,0.0,0.0,99.92343045769336,100.01754939370508,0.0,61.0
0.1602,-2.829555921541512,100.0,0.0,0.0,1.0,1.0,0.0,0.0,0.0,99.92343045769336,100.01754939370508,0.0,61.0
0.1603,-2.8195559215415233,100.0,0.0,0.0,1.0,1.0,0.0,0.0,0.0,99.92343045769336,100.01754939370508,0.0,61.0
0.1604,-2.8095559215415347,100.0,0.0,0.0,1.0,1.0,0.0,0.0,0.0,99.92343045769336,100.01754939370508,0.0,61.0
0.1605,-2.799555921541543,100.0,0.0,0.0,1.0,1.0,0.0,0.0,0.0,99.92343045769336,100.01754939370508,0.0,61.0
0.1606,-2.789555921541554,100.0,0.0,0.0,1.0,1.0,0.0,0.0,0.0,99.92343045769336,100.01754939370508,0.0,61.0
0.1607,-2.7795559215415624,100.0,0.0,0.0,1.0,1.0,0.0,0.0,0.0,99.92343045769336,100.01754939370508,0.0,61.0
0.1608,-2.7695559215415737,100.0,0.0,0.0,1.0,1.0,0.0,0.0,0.0,99.92343045769336,100.01754939370508,0.0,61.0
0.1609,-2.759555921541585,100.0,0.0,0.0,1.0,1.0,0.0,0.0,0.0,99.92343045769336,100.01754939370508,0.0,61.0
0.161,-2.7495559215415932,100.0,0.0,0.0,1.0,1.0,0.0,0.0,0.0,99.92343045769336,100.01754939370508,0.0,61.0
0.1611,-2.7395559215416045,100.0,0.0,0.0,1.0,1.0,0.0,0.0,0.0,99.92343045769336,100.01754939370508,0.0,61.0
0.1612,-2.7295559215416128,100.0,0.0,0.0,1.0,1.0,0.0,0.0,0.0,99.92343045769336,100.01754939370508,0.0,61.0
0.1613,-2.719555921541624,100.0,0.0,0.0,1.0,1.0,0.0,0.0,0.0,99.92343045769336,100.01754939370508,0.0,61.0
0.1614,-2.7095559215416354,100.0,0.0,0.0,1.0,1.0,0.0,0.0,0.0,99.92343045769336,100.01754939370508,0.0,61.0
0.1615,-2.6995559215416436,100.0,0.0,0.0,1.0,1.0,0.0,0.0,0.0,99.92343045769336,100.01754939370508,0.0,61.0
0.1616,-2.689555921541655,100.0,0.0,0.0,1.0,1.0,0.0,0.0,0.0,99.92343045769336,100.01754939370508,0.0,61.0
0.1617,-2.679555921541663,100.0,0.0,0.0,1.0,1.0,0.0,0.0,0.0,99.92343045769336,100.01754939370508,0.0,61.0
0.1618,-2.6695559215416744,100.0,0.0,0.0,1.0,1.0,0.0,0.0,0.0,99.92343045769336,100.01754939370508,0.0,61.0
0.1619,-2.6595559215416857,100.0,0.0,0.0,1.0,1.0,0.0,0.0,0.0,99.92343045769336,100.01754939370508,0.0,61.0
0.162,-2.649555921541694,100.0,0.0,0.0,1.0,1.0,0.0,0.0,0.0,99.92343045769336,100.01754939370508,0.0,61.0
0.1621,-2.6395559215417053,100.0,0.0,0.0,1.0,1.0,0.0,0.0,0.0,99.92343045769336,100.01754939370508,0.0,61.0
0.1622,-2.6295559215417135,100.0,0.0,0.0,1.0,1.0,0.0,0.0,0.0,99.92343045769336,100.01754939370508,0.0,61.0
0.1623,-2.619555921541725,100.0,0.0,0.0,1.0,1.0,0.0,0.0,0.0,99.92343045769336,100.01754939370508,0.0,61.0
0.1624,-2.609555921541736,100.0,0.0,1.0,1.0,3.0,0.0,0.0,0.0,99.92343045769019,99.99401965970137,0.0,62.0
0.1625,-2.5995559215417443,100.0,0.0,1.0,1.0,3.0,0.0,0.0,0.0,99.92343045769019,99.99401965970137,0.0,62.0
0.1626,-2.5895559215417556,100.0,0.0,1.0,1.0,3.0,0.0,0.0,0.0,99.92343045769019,99.99401965970137,0.0,62.0
0.1627,-2.579555921541764,100.0,0.0,1.0,1.0,3.0,0.0,0.0,0.0,99.92343045769019,99.99401965970137,0.0,62.0
0.1628,-2.569555921541775,100.0,0.0,1.0,1.0,3.0,0.0,0.0,0.0,99.92343045769019,99.99401965970137,0.0,62.0
0.1629,-2.5595559215417865,100.0,0.0,1.0,1.0,3.0,0.0,0.0,0.0,99.92343045769019,99.99401965970137,0.0,62.0
0.163,-2.5495559215417947,100.0,0.0,1.0,1.0,3.0,0.0,0.0,0.0,99.92343045769019,99.99401965970137,0.0,62.0
0.1631,-2.539555921541806,100.0,0.0,1.0,1.0,3.0,0.0,0.0,0.0,99.92343045769019,99.99401965970137,0.0,62.0
0.1632,-2.529555921541814,100.0,0.0,1.0,1.0,3.0,0.0,0.0,0.0,99.92343045769019,99.99401965970137,0.0,62.0
0.1633,-2.5195559215418255,100.0,0.0,1.0,1.0,3.0,0.0,0.0,0.0,99.92343045769019,99.99401965970137,0.0,62.0
0.1634,-2.509555921541837,100.0,0.0,1.0,1.0,3.0,0.0,0.0,0.0,99.92343045769019,99.99401965970137,0.0,62.0
0.1635,-2.499555921541845,100.0,0.0,1.0,1.0,3.0,0.0,0.0,0.0,99.92343045769019,99.99401965970137,0.0,62.0
0.1636,-2.4895559215418563,100.0,0.0,1.0,1.0,3.0,0.0,0.0,0.0,99.92343045769019,99.99401965970137,0.0,62.0
0.1637,-2.4795559215418645,100.0,0.0,1.0,1.0,3.0,0.0,0.0,0.0,99.92343045769019,99.99401965970137,0.0,62.0
0.1638,-2.469555921541876,100.0,0.0,1.0,1.0,3.0,0.0,0.0,0.0,99.92343045769019,99.99401965970137,0.0,62.0
0.1639,-2.459555921541887,100.0,0.0,1.0,1.0,3.0,0.0,0.0,0.0,99.92343045769019,99.99401965970137,0.0,62.0
0.164,-2.4495559215418954,100.0,0.0,1.0,1.0,3.0,0.0,0.0,0.0,99.92343045769019,99.99401965970137,0.0,62.0
0.1641,-2.4395559215419067,100.0,0.0,1.0,1.0,3.0,0.0,0.0,0.0,99.92343045769019,99.99401965970137,0.0,62.0
0.1642,-2.429555921541915,100.0,0.0,1.0,1.0,3.0,0.0,0.0,0.0,99.92343045769019,99.99401965970137,0.0,62.0
0.1643,-2.4195559215419262,100.0,0.0,1.0,1.0,3.0,0.0,0.0,0.0,99.92343045769019,99.99401965970137,0.0,62.0
0.1644,-2.4095559215419375,100.0,0.0,1.0,1.0,3.0,0.0,0.0,0.0,99.92343045769019,99.99401965970137,0.0,62.0
0.1645,-2.3995559215419457,100.0,0.0,1.0,1.0,3.0,0.0,0.0,0.0,99.92343045769019,99.99401965970137,0.0,62.0
0.1646,-2.389555921541957,100.0,0.0,1.0,1.0,3.0,0.0,0.0,0.0,99.92343045769019,99.99401965970137,0.0,62.0
0.1647,-2.3795559215419653,100.0,0.0,1.0,1.0,3.0,0.0,0.0,0.0,99.92343045769019,99.99401965970137,0.0,62.0
0.1648,-2.3695559215419766,100.0,0.0,1.0,1.0,3.0,0.0,0.0,0.0,99.92343045769019,99.99401965970137,0.0,62.0
0.1649,-2.359555921541988,100.0,0.0,1.0,1.0,3.0,0.0,0.0,0.0,99.92343045769019,99.99401965970137,0.0,62.0
0.165,-2.349555921541996,100.0,0.0,1.0,0.0,2.0,0.0,0.0,0.0,99.92343045769019,99.97637235919856,0.0,63.0
0.1651,-2.3395559215420074,100.0,0.0,1.0,0.0,2.0,0.0,0.0,0.0,99.92343045769019,99.97637235919856,0.0,63.0
0.1652,-2.3295559215420156,100.0,0.0,1.0,0.0,2.0,0.0,0.0,0.0,99.92343045769019,99.97637235919856,0.0,63.0
0.1653,-2.319555921542027,100.0,0.0,1.0,0.0,2.0,0.0,0.0,0.0,99.92343045769019,99.97637235919856,0.0,63.0
0.1654,-2.3095559215420383,100.0,0.0,1.0,0.0,2.0,0.0,0.0,0.0,99.92343045769019,99.97637235919856,0.0,63.0
0.1655,-2.2995559215420465,100.0,0.0,1.0,0.0,2.0,0.0,0.0,0.0,99.92343045769019,99.97637235919856,0.0,63.0
0.1656,-2.289555921542058,100.0,0.0,1.0,0.0,2.0,0.0,0.0,0.0,99.92343045769019,99.97637235919856,0.0,63.0
0.1657,-2.279555921542069,100.0,0.0,1.0,0.0,2.0,0.0,0.0,0.0,99.92343045769019,99.97637235919856,0.0,63.0
0.1658,-2.2695559215420773,100.0,0.0,1.0,0.0,2.0,0.0,0.0,0.0,99.92343045769019,99.97637235919856,0.0,63.0
0.1659,-2.2595559215420886,100.0,0.0,1.0,0.0,2.0,0.0,0.0,0.0,99.92343045769019,99.97637235919856,0.0,63.0
0.166,-2.249555921542097,100.0,0.0,1.0,0.0,2.0,0.0,0.0,0.0,99.92343045769019,99.97637235919856,0.0,63.0
0.1661,-2.239555921542108,100.0,0.0,1.0,0.0,2.0,0.0,0.0,0.0,99.92343045769019,99.97637235919856,0.0,63.0
0.1662,-2.2295559215421195,100.0,0.0,1.0,0.0,2.0,0.0,0.0,0.0,99.92343045769019,99.97637235919856,0.0,63.0
0.1663,-2.2195559215421277,100.0,0.0,1.0,0.0,2.0,0.0,0.0,0.0,99.92343045769019,99.97637235919856,0.0,63.0
0.1664,-2.209555921542139,100.0,0.0,1.0,0.0,2.0,0.0,0.0,0.0,99.92343045769019,99.97637235919856,0.0,63.0
0.1665,-2.199555921542147,100.0,0.0,1.0,0.0,2.0,0.0,0.0,0.0,99.92343045769019,99.97637235919856,0.0,63.0
0.1666,-2.1895559215421585,100.0,0.0,1.0,0.0,2.0,0.0,0.0,0.0,99.92343045769019,99.97637235919856,0.0,63.0
0.1667,-2.17955592154217,100.0,0.0,1.0,0.0,2.0,0.0,0.0,0.0,99.92343045769019,99.97637235919856,0.0,63.0
0.1668,-2.169555921542178,100.0,0.0,1.0,0.0,2.0,0.0,0.0,0.0,99.92343045769019,99.97637235919856,0.0,63.0
0.1669,-2.1595559215421893,100.0,0.0,1.0,0.0,2.0,0.0,0.0,0.0,99.92343045769019,99.97637235919856,0.0,63.0
0.167,-2.1495559215421975,100.0,0.0,1.0,0.0,2.0,0.0,0.0,0.0,99.92343045769019,99.97637235919856,0.0,63.0
0.1671,-2.139555921542209,100.0,0.0,1.0,0.0,2.0,0.0,0.0,0.0,99.92343045769019,99.97637235919856,0.0,63.0
0.1672,-2.12955592154222,100.0,0.0,1.0,0.0,2.0,0.0,0.0,0.0,99.92343045769019,99.97637235919856,0.0,63.0
0.1673,-2.1195559215422284,100.0,0.0,1.0,0.0,2.0,0.0,0.0,0.0,99.92343045769019,99.97637235919856,0.0,63.0
0.1674,-2.1095559215422397,100.0,0.0,1.0,0.0,2.0,0.0,0.0,0.0,99.92343045769019,99.97637235919856,0.0,63.0
0.1675,-2.099555921542248,100.0,0.0,1.0,0.0,2.0,0.0,0.0,0.0,99.92343045769019,99.97637235919856,0.0,63.0
0.1676,-2.089555921542259,100.0,1.0,1.0,0.0,6.0,0.0,0.0,0.0,99.92343045768912,99.9631368838212,0.0,64.0
0.1677,-2.0795559215422705,100.0,1.0,1.0,0.0,6.0,0.0,0.0,0.0,99.92343045768912,99.9631368838212,0.0,64.0
0.1678,-2.0695559215422787,100.0,1.0,1.0,0.0,6.0,0.0,0.0,0.0,99.92343045768912,99.9631368838212,0.0,64.0
0.1679,-2.05955592154229,100.0,1.0,1.0,0.0,6.0,0.0,0.0,0.0,99.92343045768912,99.9631368838212,0.0,64.0
0.168,-2.0495559215422983,100.0,1.0,1.0,0.0,6.0,0.0,0.0,0.0,99.92343045768912,99.9631368838212,0.0,64.0
0.1681,-2.0395559215423096,100.0,1.0,1.0,0.0,6.0,0.0,0.0,0.0,99.92343045768912,99.9631368838212,0.0,64.0
0.1682,-2.029555921542321,100.0,1.0,1.0,0.0,6.0,0.0,0.0,0.0,99.92343045768912,99.9631368838212,0.0,64.0
0.1683,-2.019555921542329,100.0,1.0,1.0,0.0,6.0,0.0,0.0,0.0,99.92343045768912,99.9631368838212,0.0,64.0
0.1684,-2.0095559215423404,100.0,1.0,1.0,0.0,6.0,0.0,0.0,0.0,99.92343045768912,99.9631368838212,0.0,64.0
0.1685,-1.9995559215423488,100.0,1.0,1.0,0.0,6.0,0.0,0.0,0.0,99.92343045768912,99.9631368838212,0.0,64.0
0.1686,-1.9895559215423602,100.0,1.0,1.0,0.0,6.0,0.0,0.0,0.0,99.92343045768912,99.9631368838212,0.0,64.0
0.1687,-1.9795559215423715,100.0,1.0,1.0,0.0,6.0,0.0,0.0,0.0,99.92343045768912,99.9631368838212,0.0,64.0
0.1688,-1.9695559215423801,100.0,1.0,1.0,0.0,6.0,0.0,0.0,0.0,99.92343045768912,99.9631368838212,0.0,64.0
0.1689,-1.9595559215423914,100.0,1.0,1.0,0.0,6.0,0.0,0.0,0.0,99.92343045768912,99.9631368838212,0.0,64.0
0.169,-1.9495559215424,100.0,1.0,1.0,0.0,6.0,0.0,0.0,0.0,99.92343045768912,99.9631368838212,0.0,64.0
0.1691,-1.9395559215424114,100.0,1.0,1.0,0.0,6.0,0.0,0.0,0.0,99.92343045768912,99.9631368838212,0.0,64.0
0.1692,-1.9295559215424227,100.0,1.0,1.0,0.0,6.0,0.0,0.0,0.0,99.92343045768912,99.9631368838212,0.0,64.0
0.1693,-1.9195559215424314,100.0,1.0,1.0,0.0,6.0,0.0,0.0,0.0,99.92343045768912,99.9631368838212,0.0,64.0
0.1694,-1.9095559215424427,100.0,1.0,1.0,0.0,6.0,0.0,0.0,0.0,99.92343045768912,99.9631368838212,0.0,64.0
0.1695,-1.8995559215424513,100.0,1.0,1.0,0.0,6.0,0.0,0.0,0.0,99.92343045768912,99.9631368838212,0.0,64.0
0.1696,-1.8895559215424627,100.0,1.0,1.0,0.0,6.0,0.0,0.0,0.0,99.92343045768912,99.9631368838212,0.0,64.0
0.1697,-1.879555921542474,100.0,1.0,1.0,0.0,6.0,0.0,0.0,0.0,99.92343045768912,99.9631368838212,0.0,64.0
0.1698,-1.8695559215424826,100.0,1.0,1.0,0.0,6.0,0.0,0.0,0.0,99.92343045768912,99.9631368838212,0.0,64.0
0.1699,-1.859555921542494,100.0,1.0,1.0,0.0,6.0,0.0,0.0,0.0,99.92343045768912,99.9631368838212,0.0,64.0
0.17,-1.8495559215425026,100.0,1.0,1.0,0.0,6.0,0.0,0.0,0.0,99.92343045768912,99.9631368838212,0.0,64.0
0.1701,-1.839555921542514,100.0,1.0,1.0,0.0,6.0,0.0,0.0,0.0,99.92343045768912,99.9631368838212,0.0,64.0
0.1702,-1.8295559215425252,100.0,1.0,0.0,0.0,4.0,0.0,0.0,0.0,100.30627885024877,100.04892237542809,0.0,65.0
0.1703,-1.8195559215425339,100.0,1.0,0.0,0.0,4.0,0.0,0.0,0.0,100.30627885024877,100.04892237542809,0.0,65.0
0.1704,-1.8095559215425452,100.0,1.0,0.0,0.0,4.0,0.0,0.0,0.0,100.30627885024877,100.04892237542809,0.0,65.0
0.1705,-1.7995559215425538,100.0,1.0,0.0,0.0,4.0,0.0,0.0,0.0,100.30627885024877,100.04892237542809,0.0,65.0
0.1706,-1.7895559215425652,100.0,1.0,0.0,0.0,4.0,0.0,0.0,0.0,100.30627885024877,100.04892237542809,0.0,65.0
0.1707,-1.7795559215425765,100.0,1.0,0.0,0.0,4.0,0.0,0.0,0.0,100.30627885024877,100.04892237542809,0.0,65.0
0.1708,-1.7695559215425851,100.0,1.0,0.0,0.0,4.0,0.0,0.0,0.0,100.30627885024877,100.04892237542809,0.0,65.0
0.1709,-1.7595559215425964,100.0,1.0,0.0,0.0,4.0,0.0,0.0,0.0,100.30627885024877,100.04892237542809,0.0,65.0
0.171,-1.749555921542605,100.0,1.0,0.0,0.0,4.0,0.0,0.0,0.0,100.30627885024877,100.04892237542809,0.0,65.0
0.1711,-1.7395559215426164,100.0,1.0,0.0,0.0,4.0,0.0,0.0,0.0,100.30627885024877,100.04892237542809,0.0,65.0
0.1712,-1.7295559215426277,100.0,1.0,0.0,0.0,4.0,0.0,0.0,0.0,100.30627885024877,100.04892237542809,0.0,65.0
0.1713,-1.7195559215426364,100.0,1.0,0.0,0.0,4.0,0.0,0.0,0.0,100.30627885024877,100.04892237542809,0.0,65.0
0.1714,-1.7095559215426477,100.0,1.0,0.0,0.0,4.0,0.0,0.0,0.0,100.30627885024877,100.04892237542809,0.0,65.0
0.1715,-1.6995559215426563,100.0,1.0,0.0,0.0,4.0,0.0,0.0,0.0,100.30627885024877,100.04892237542809,0.0,65.0
0.1716,-1.6895559215426676,100.0,1.0,0.0,0.0,4.0,0.0,0.0,0.0,100.30627885024877,100.04892237542809,0.0,65.0
0.1717,-1.679555921542679,100.0,1.0,0.0,0.0,4.0,0.0,0.0,0.0,100.30627885024877,100.04892237542809,0.0,65.0
0.1718,-1.6695559215426876,100.0,1.0,0.0,0.0,4.0,0.0,0.0,0.0,100.30627885024877,100.04892237542809,0.0,65.0
0.1719,-1.659555921542699,100.0,1.0,0.0,0.0,4.0,0.0,0.0,0.0,100.30627885024877,100.04892237542809,0.0,65.0
0.172,-1.6495559215427102,100.0,1.0,0.0,0.0,4.0,0.0,0.0,0.0,100.30627885024877,100.04892237542809,0.0,65.0
0.1721,-1.639555921542719,100.0,1.0,0.0,0.0,4.0,0.0,0.0,0.0,100.30627885024877,100.04892237542809,0.0,65.0
0.1722,-1.6295559215427302,100.0,1.0,0.0,0.0,4.0,0.0,0.0,0.0,100.30627885024877,100.04892237542809,0.0,65.0
0.1723,-1.6195559215427389,100.0,1.0,0.0,0.0,4.0,0.0,0.0,0.0,100.30627885024877,100.04892237542809,0.0,65.0
0.1724,-1.6095559215427502,100.0,1.0,0.0,0.0,4.0,0.0,0.0,0.0,100.30627885024877,100.04892237542809,0.0,65.0
0.1725,-1.5995559215427615,100.0,1.0,0.0,0.0,4.0,0.0,0.0,0.0,100.30627885024877,100.04892237542809,0.0,65.0
0.1726,-1.5895559215427701,100.0,1.0,0.0,0.0,4.0,0.0,0.0,0.0,100.30627885024877,100.04892237542809,0.0,65.0
0.1727,-1.5795559215427815,100.0,1.0,0.0,0.0,4.0,0.0,0.0,0.0,100.30627885024877,100.04892237542809,0.0,65.0
0.1728,-1.5695559215427901,100.0,1.0,0.0,1.0,5.0,0.0,0.0,0.0,99.92343045769019,100.01754939599361,0.0,66.0
0.1729,-1.5595559215428014,100.0,1.0,0.0,1.0,5.0,0.0,0.0,0.0,99.92343045769019,100.01754939599361,0.0,66.0
0.173,-1.5495559215428127,100.0,1.0,0.0,1.0,5.0,0.0,0.0,0.0,99.92343045769019,100.01754939599361,0.0,66.0
0.1731,-1.5395559215428214,100.0,1.0,0.0,1.0,5.0,0.0,0.0,0.0,99.92343045769019,100.01754939599361,0.0,66.0
0.1732,-1.5295559215428327,100.0,1.0,0.0,1.0,5.0,0.0,0.0,0.0,99.92343045769019,100.01754939599361,0.0,66.0
0.1733,-1.5195559215428414,100.0,1.0,0.0,1.0,5.0,0.0,0.0,0.0,99.92343045769019,100.01754939599361,0.0,66.0
0.1734,-1.5095559215428527,100.0,1.0,0.0,1.0,5.0,0.0,0.0,0.0,99.92343045769019,100.01754939599361,0.0,66.0
0.1735,-1.499555921542864,100.0,1.0,0.0,1.0,5.0,0.0,0.0,0.0,99.92343045769019,100.01754939599361,0.0,66.0
0.1736,-1.4895559215428726,100.0,1.0,0.0,1.0,5.0,0.0,0.0,0.0,99.92343045769019,100.01754939599361,0.0,66.0
0.1737,-1.479555921542884,100.0,1.0,0.0,1.0,5.0,0.0,0.0,0.0,99.92343045769019,100.01754939599361,0.0,66.0
0.1738,-1.4695559215428926,100.0,1.0,0.0,1.0,5.0,0.0,0.0,0.0,99.92343045769019,100.01754939599361,0.0,66.0
0.1739,-1.459555921542904,100.0,1.0,0.0,1.0,5.0,0.0,0.0,0.0,99.92343045769019,100.01754939599361,0.0,66.0
0.174,-1.4495559215429152,100.0,1.0,0.0,1.0,5.0,0.0,0.0,0.0,99.92343045769019,100.01754939599361,0.0,66.0
0.1741,-1.4395559215429239,100.0,1.0,0.0,1.0,5.0,0.0,0.0,0.0,99.92343045769019,100.01754939599361,0.0,66.0
0.1742,-1.4295559215429352,100.0,1.0,0.0,1.0,5.0,0.0,0.0,0.0,99.92343045769019,100.01754939599361,0.0,66.0
0.1743,-1.4195559215429439,100.0,1.0,0.0,1.0,5.0,0.0,0.0,0.0,99.92343045769019,100.01754939599361,0.0,66.0
0.1744,-1.4095559215429552,100.0,1.0,0.0,1.0,5.0,0.0,0.0,0.0,99.92343045769019,100.01754939599361,0.0,66.0
0.1745,-1.3995559215429665,100.0,1.0,0.0,1.0,5.0,0.0,0.0,0.0,99.92343045769019,100.01754939599361,0.0,66.0
0.1746,-1.3895559215429751,100.0,1.0,0.0,1.0,5.0,0.0,0.0,0.0,99.92343045769019,100.01754939599361,0.0,66.0
0.1747,-1.3795559215429865,100.0,1.0,0.0,1.0,5.0,0.0,0.0,0.0,99.92343045769019,100.01754939599361,0.0,66.0
0.1748,-1.369555921542995,100.0,1.0,0.0,1.0,5.0,0.0,0.0,0.0,99.92343045769019,100.01754939599361,0.0,66.0
0.1749,-1.3595559215430064,100.0,1.0,0.0,1.0,5.0,0.0,0.0,0.0,99.92343045769019,100.01754939599361,0.0,66.0
0.175,-1.3495559215430177,100.0,1.0,0.0,1.0,5.0,0.0,0.0,0.0,99.92343045769019,100.01754939599361,0.0,66.0
0.1751,-1.3395559215430264,100.0,1.0,0.0,1.0,5.0,0.0,0.0,0.0,99.92343045769019,100.01754939599361,0.0,66.0
0.1752,-1.3295559215430377,100.0,1.0,0.0,1.0,5.0,0.0,0.0,0.0,99.92343045769019,100.01754939599361,0.0,66.0
0.1753,-1.3195559215430464,100.0,1.0,0.0,1.0,5.0,0.0,0.0,0.0,99.92343045769019,100.01754939599361,0.0,66.0
0.1754,-1.3095559215430577,100.0,1.0,0.0,1.0,5.0,0.0,0.0,0.0,99.92343045769019,100.01754939599361,0.0,66.0
0.1755,-1.299555921543069,100.0,0.0,0.0,1.0,1.0,0.0,0.0,0.0,99.92343045769336,99.99401966141855,0.0,67.0
0.1756,-1.2895559215430776,100.0,0.0,0.0,1.0,1.0,0.0,0.0,0.0,99.92343045769336,99.99401966141855,0.0,67.0
0.1757,-1.279555921543089,100.0,0.0,0.0,1.0,1.0,0.0,0.0,0.0,99.92343045769336,99.99401966141855,0.0,67.0
0.1758,-1.2695559215430976,100.0,0.0,0.0,1.0,1.0,0.0,0.0,0.0,99.92343045769336,99.99401966141855,0.0,67.0
0.1759,-1.259555921543109,100.0,0.0,0.0,1.0,1.0,0.0,0.0,0.0,99.92343045769336,99.99401966141855,0.0,67.0
0.176,-1.2495559215431202,100.0,0.0,0.0,1.0,1.0,0.0,0.0,0.0,99.92343045769336,99.99401966141855,0.0,67.0
0.1761,-1.2395559215431289,100.0,0.0,0.0,1.0,1.0,0.0,0.0,0.0,99.92343045769336,99.99401966141855,0.0,67.0
0.1762,-1.2295559215431402,100.0,0.0,0.0,1.0,1.0,0.0,0.0,0.0,99.92343045769336,99.99401966141855,0.0,67.0
0.1763,-1.2195559215431488,100.0,0.0,0.0,1.0,1.0,0.0,0.0,0.0,99.92343045769336,99.99401966141855,0.0,67.0
0.1764,-1.2095559215431602,100.0,0.0,0.0,1.0,1.0,0.0,0.0,0.0,99.92343045769336,99.99401966141855,0.0,67.0
0.1765,-1.1995559215431715,100.0,0.0,0.0,1.0,1.0,0.0,0.0,0.0,99.92343045769336,99.99401966141855,0.0,67.0
0.1766,-1.1895559215431801,100.0,0.0,0.0,1.0,1.0,0.0,0.0,0.0,99.92343045769336,99.99401966141855,0.0,67.0
0.1767,-1.1795559215431914,100.0,0.0,0.0,1.0,1.0,0.0,0.0,0.0,99.92343045769336,99.99401966141855,0.0,67.0
0.1768,-1.1695559215432,100.0,0.0,0.0,1.0,1.0,0.0,0.0,0.0,99.92343045769336,99.99401966141855,0.0,67.0
0.1769,-1.1595559215432114,100.0,0.0,0.0,1.0,1.0,0.0,0.0,0.0,99.92343045769336,99.99401966141855,0.0,67.0
0.177,-1.1495559215432227,100.0,0.0,0.0,1.0,1.0,0.0,0.0,0.0,99.92343045769336,99.99401966141855,0.0,67.0
0.1771,-1.1395559215432314,100.0,0.0,0.0,1.0,1.0,0.0,0.0,0.0,99.92343045769336,99.99401966141855,0.0,67.0
0.1772,-1.1295559215432427,100.0,0.0,0.0,1.0,1.0,0.0,0.0,0.0,99.92343045769336,99.99401966141855,0.0,67.0
0.1773,-1.1195559215432513,100.0,0.0,0.0,1.0,1.0,0.0,0.0,0.0,99.92343045769336,99.99401966141855,0.0,67.0
0.1774,-1.1095559215432627,100.0,0.0,0.0,1.0,1.0,0.0,0.0,0.0,99.92343045769336,99.99401966141855,0.0,67.0
0.1775,-1.099555921543274,100.0,0.0,0.0,1.0,1.0,0.0,0.0,0.0,99.92343045769336,99.99401966141855,0.0,67.0
0.1776,-1.0895559215432826,100.0,0.0,0.0,1.0,1.0,0.0,0.0,0.0,99.92343045769336,99.99401966141855,0.0,67.0
0.1777,-1.079555921543294,100.0,0.0,0.0,1.0,1.0,0.0,0.0,0.0,99.92343045769336,99.99401966141855,0.0,67.0
0.1778,-1.0695559215433026,100.0,0.0,0.0,1.0,1.0,0.0,0.0,0.0,99.92343045769336,99.99401966141855,0.0,67.0
0.1779,-1.059555921543314,100.0,0.0,0.0,1.0,1.0,0.0,0.0,0.0,99.92343045769336,99.99401966141855,0.0,67.0
0.178,-1.0495559215433252,100.0,0.0,0.0,1.0,1.0,0.0,0.0,0.0,99.92343045769336,99.99401966141855,0.0,67.0
0.1781,-1.0395559215433339,100.0,0.0,1.0,1.0,3.0,0.0,0.0,0.0,99.92343045769019,99.97637236048647,0.0,68.0
0.1782,-1.0295559215433452,100.0,0.0,1.0,1.0,3.0,0.0,0.0,0.0,99.92343045769019,99.97637236048647,0.0,68.0
0.1783,-1.0195559215433565,100.0,0.0,1.0,1.0,3.0,0.0,0.0,0.0,99.92343045769019,99.97637236048647,0.0,68.0
0.1784,-1.0095559215433652,100.0,0.0,1.0,1.0,3.0,0.0,0.0,0.0,99.92343045769019,99.97637236048647,0.0,68.0
0.1785,-0.9995559215433762,100.0,0.0,1.0,1.0,3.0,0.0,0.0,0.0,99.92343045769019,99.97637236048647,0.0,68.0
0.1786,-0.9895559215433836,100.0,0.0,1.0,1.0,3.0,0.0,0.0,0.0,99.92343045769019,99.97637236048647,0.0,68.0
0.1787,-0.9795559215433937,100.0,0.0,1.0,1.0,3.0,0.0,0.0,0.0,99.92343045769019,99.97637236048647,0.0,68.0
0.1788,-0.9695559215434038,100.0,0.0,1.0,1.0,3.0,0.0,0.0,0.0,99.92343045769019,99.97637236048647,0.0,68.0
0.1789,-0.9595559215434111,100.0,0.0,1.0,1.0,3.0,0.0,0.0,0.0,99.92343045769019,99.97637236048647,0.0,68.0
0.179,-0.9495559215434212,100.0,0.0,1.0,1.0,3.0,0.0,0.0,0.0,99.92343045769019,99.97637236048647,0.0,68.0
0.1791,-0.9395559215434285,100.0,0.0,1.0,1.0,3.0,0.0,0.0,0.0,99.92343045769019,99.97637236048647,0.0,68.0
0.1792,-0.9295559215434386,100.0,0.0,1.0,1.0,3.0,0.0,0.0,0.0,99.92343045769019,99.97637236048647,0.0,68.0
0.1793,-0.9195559215434487,100.0,0.0,1.0,1.0,3.0,0.0,0.0,0.0,99.92343045769019,99.97637236048647,0.0,68.0
0.1794,-0.909555921543456,100.0,0.0,1.0,1.0,3.0,0.0,0.0,0.0,99.92343045769019,99.97637236048647,0.0,68.0
0.1795,-0.8995559215434661,100.0,0.0,1.0,1.0,3.0,0.0,0.0,0.0,99.92343045769019,99.97637236048647,0.0,68.0
0.1796,-0.8895559215434734,100.0,0.0,1.0,1.0,3.0,0.0,0.0,0.0,99.92343045769019,99.97637236048647,0.0,68.0
0.1797,-0.8795559215434835,100.0,0.0,1.0,1.0,3.0,0.0,0.0,0.0,99.92343045769019,99.97637236048647,0.0,68.0
0.1798,-0.8695559215434936,100.0,0.0,1.0,1.0,3.0,0.0,0.0,0.0,99.92343045769019,99.97637236048647,0.0,68.0
0.1799,-0.8595559215435009,100.0,0.0,1.0,1.0,3.0,0.0,0.0,0.0,99.92343045769019,99.97637236048647,0.0,68.0
0.18,-0.849555921543511,100.0,0.0,1.0,1.0,3.0,0.0,0.0,0.0,99.92343045769019,99.97637236048647,0.0,68.0
0.1801,-0.8395559215435183,100.0,0.0,1.0,1.0,3.0,0.0,0.0,0.0,99.92343045769019,99.97637236048647,0.0,68.0
0.1802,-0.8295559215435284,100.0,0.0,1.0,1.0,3.0,0.0,0.0,0.0,99.92343045769019,99.97637236048647,0.0,68.0
0.1803,-0.8195559215435385,100.0,0.0,1.0,1.0,3.0,0.0,0.0,0.0,99.92343045769019,99.97637236048647,0.0,68.0
0.1804,-0.8095559215435458,100.0,0.0,1.0,1.0,3.0,0.0,0.0,0.0,99.92343045769019,99.97637236048647,0.0,68.0
0.1805,-0.7995559215435559,100.0,0.0,1.0,1.0,3.0,0.0,0.0,0.0,99.92343045769019,99.97637236048647,0.0,68.0
0.1806,-0.7895559215435632,100.0,0.0,1.0,1.0,3.0,0.0,0.0,0.0,99.92343045769019,99.97637236048647,0.0,68.0
0.1807,-0.7795559215435733,100.0,0.0,1.0,0.0,2.0,0.0,0.0,0.0,99.92343045768912,99.96313688478712,0.0,69.0
0.1808,-0.7695559215435834,100.0,0.0,1.0,0.0,2.0,0.0,0.0,0.0,99.92343045768912,99.96313688478712,0.0,69.0
0.1809,-0.7595559215435908,100.0,0.0,1.0,0.0,2.0,0.0,0.0,0.0,99.92343045768912,99.96313688478712,0.0,69.0
0.181,-0.7495559215436008,100.0,0.0,1.0,0.0,2.0,0.0,0.0,0.0,99.92343045768912,99.96313688478712,0.0,69.0
0.1811,-0.7395559215436082,100.0,0.0,1.0,0.0,2.0,0.0,0.0,0.0,99.92343045768912,99.96313688478712,0.0,69.0
0.1812,-0.7295559215436183,100.0,0.0,1.0,0.0,2.0,0.0,0.0,0.0,99.92343045768912,99.96313688478712,0.0,69.0
0.1813,-0.7195559215436284,100.0,0.0,1.0,0.0,2.0,0.0,0.0,0.0,99.92343045768912,99.96313688478712,0.0,69.0
0.1814,-0.7095559215436357,100.0,0.0,1.0,0.0,2.0,0.0,0.0,0.0,99.92343045768912,99.96313688478712,0.0,69.0
0.1815,-0.6995559215436458,100.0,0.0,1.0,0.0,2.0,0.0,0.0,0.0,99.92343045768912,99.96313688478712,0.0,69.0
0.1816,-0.6895559215436531,100.0,0.0,1.0,0.0,2.0,0.0,0.0,0.0,99.92343045768912,99.96313688478712,0.0,69.0
0.1817,-0.6795559215436632,100.0,0.0,1.0,0.0,2.0,0.0,0.0,0.0,99.92343045768912,99.96313688478712,0.0,69.0
0.1818,-0.6695559215436733,100.0,0.0,1.0,0.0,2.0,0.0,0.0,0.0,99.92343045768912,99.96313688478712,0.0,69.0
0.1819,-0.6595559215436806,100.0,0.0,1.0,0.0,2.0,0.0,0.0,0.0,99.92343045768912,99.96313688478712,0.0,69.0
0.182,-0.6495559215436907,100.0,0.0,1.0,0.0,2.0,0.0,0.0,0.0,99.92343045768912,99.96313688478712,0.0,69.0
0.1821,-0.639555921543698,100.0,0.0,1.0,0.0,2.0,0.0,0.0,0.0,99.92343045768912,99.96313688478712,0.0,69.0
0.1822,-0.6295559215437081,100.0,0.0,1.0,0.0,2.0,0.0,0.0,0.0,99.92343045768912,99.96313688478712,0.0,69.0
0.1823,-0.6195559215437182,100.0,0.0,1.0,0.0,2.0,0.0,0.0,0.0,99.92343045768912,99.96313688478712,0.0,69.0
0.1824,-0.6095559215437255,100.0,0.0,1.0,0.0,2.0,0.0,0.0,0.0,99.92343045768912,99.96313688478712,0.0,69.0
0.1825,-0.5995559215437356,100.0,0.0,1.0,0.0,2.0,0.0,0.0,0.0,99.92343045768912,99.96313688478712,0.0,69.0
0.1826,-0.5895559215437429,100.0,0.0,1.0,0.0,2.0,0.0,0.0,0.0,99.92343045768912,99.96313688478712,0.0,69.0
0.1827,-0.579555921543753,100.0,0.0,1.0,0.0,2.0,0.0,0.0,0.0,99.92343045768912,99.96313688478712,0.0,69.0
0.1828,-0.5695559215437631,100.0,0.0,1.0,0.0,2.0,0.0,0.0,0.0,99.92343045768912,99.96313688478712,0.0,69.0
0.1829,-0.5595559215437704,100.0,0.0,1.0,0.0,2.0,0.0,0.0,0.0,99.92343045768912,99.96313688478712,0.0,69.0
0.183,-0.5495559215437805,100.0,0.0,1.0,0.0,2.0,0.0,0.0,0.0,99.92343045768912,99.96313688478712,0.0,69.0
0.1831,-0.5395559215437878,100.0,0.0,1.0,0.0,2.0,0.0,0.0,0.0,99.92343045768912,99.96313688478712,0.0,69.0
0.1832,-0.5295559215437979,100.0,0.0,1.0,0.0,2.0,0.0,0.0,0.0,99.92343045768912,99.96313688478712,0.0,69.0
0.1833,-0.519555921543808,100.0,1.0,1.0,0.0,6.0,0.0,0.0,0.0,100.30627885024877,100.04892237615253,0.0,70.0
0.1834,-0.5095559215438153,100.0,1.0,1.0,0.0,6.0,0.0,0.0,0.0,100.30627885024877,100.04892237615253,0.0,70.0
0.1835,-0.49955592154382544,100.0,1.0,1.0,0.0,6.0,0.0,0.0,0.0,100.30627885024877,100.04892237615253,0.0,70.0
0.1836,-0.48955592154383276,100.0,1.0,1.0,0.0,6.0,0.0,0.0,0.0,100.30627885024877,100.04892237615253,0.0,70.0
0.1837,-0.47955592154384286,100.0,1.0,1.0,0.0,6.0,0.0,0.0,0.0,100.30627885024877,100.04892237615253,0.0,70.0
0.1838,-0.46955592154385295,100.0,1.0,1.0,0.0,6.0,0.0,0.0,0.0,100.30627885024877,100.04892237615253,0.0,70.0
0.1839,-0.45955592154386027,100.0,1.0,1.0,0.0,6.0,0.0,0.0,0.0,100.30627885024877,100.04892237615253,0.0,70.0
0.184,-0.44955592154387036,100.0,1.0,1.0,0.0,6.0,0.0,0.0,0.0,100.30627885024877,100.04892237615253,0.0,70.0
0.1841,-0.4395559215438777,100.0,1.0,1.0,0.0,6.0,0.0,0.0,0.0,100.30627885024877,100.04892237615253,0.0,70.0
0.1842,-0.4295559215438878,100.0,1.0,1.0,0.0,6.0,0.0,0.0,0.0,100.30627885024877,100.04892237615253,0.0,70.0
0.1843,-0.41955592154389787,100.0,1.0,1.0,0.0,6.0,0.0,0.0,0.0,100.30627885024877,100.04892237615253,0.0,70.0
0.1844,-0.4095559215439052,100.0,1.0,1.0,0.0,6.0,0.0,0.0,0.0,100.30627885024877,100.04892237615253,0.0,70.0
0.1845,-0.3995559215439153,100.0,1.0,1.0,0.0,6.0,0.0,0.0,0.0,100.30627885024877,100.04892237615253,0.0,70.0
0.1846,-0.3895559215439254,100.0,1.0,1.0,0.0,6.0,0.0,0.0,0.0,100.30627885024877,100.04892237615253,0.0,70.0
0.1847,-0.3795559215439327,100.0,1.0,1.0,0.0,6.0,0.0,0.0,0.0,100.30627885024877,100.04892237615253,0.0,70.0
0.1848,-0.3695559215439428,100.0,1.0,1.0,0.0,6.0,0.0,0.0,0.0,100.30627885024877,100.04892237615253,0.0,70.0
0.1849,-0.3595559215439501,100.0,1.0,1.0,0.0,6.0,0.0,0.0,0.0,100.30627885024877,100.04892237615253,0.0,70.0
0.185,-0.3495559215439602,100.0,1.0,1.0,0.0,6.0,0.0,0.0,0.0,100.30627885024877,100.04892237615253,0.0,70.0
0.1851,-0.3395559215439703,100.0,1.0,1.0,0.0,6.0,0.0,0.0,0.0,100.30627885024877,100.04892237615253,0.0,70.0
0.1852,-0.3295559215439776,100.0,1.0,1.0,0.0,6.0,0.0,0.0,0.0,100.30627885024877,100.04892237615253,0.0,70.0
0.1853,-0.3195559215439877,100.0,1.0,1.0,0.0,6.0,0.0,0.0,0.0,100.30627885024877,100.04892237615253,0.0,70.0
0.1854,-0.309555921543995,100.0,1.0,1.0,0.0,6.0,0.0,0.0,0.0,100.30627885024877,100.04892237615253,0.0,70.0
0.1855,-0.2995559215440051,100.0,1.0,1.0,0.0,6.0,0.0,0.0,0.0,100.30627885024877,100.04892237615253,0.0,70.0
0.1856,-0.2895559215440152,100.0,1.0,1.0,0.0,6.0,0.0,0.0,0.0,100.30627885024877,100.04892237615253,0.0,70.0
0.1857,-0.27955592154402253,100.0,1.0,1.0,0.0,6.0,0.0,0.0,0.0,100.30627885024877,100.04892237615253,0.0,70.0
0.1858,-0.26955592154403263,100.0,1.0,1.0,0.0,6.0,0.0,0.0,0.0,100.30627885024877,100.04892237615253,0.0,70.0
0.1859,-0.25955592154403995,100.0,1.0,0.0,0.0,4.0,0.0,0.0,0.0,99.92343045769019,100.01754939653695,0.0,71.0
0.186,-0.24955592154405004,100.0,1.0,0.0,0.0,4.0,0.0,0.0,0.0,99.92343045769019,100.01754939653695,0.0,71.0
0.1861,-0.23955592154406014,100.0,1.0,0.0,0.0,4.0,0.0,0.0,0.0,99.92343045769019,100.01754939653695,0.0,71.0
0.1862,-0.22955592154406745,100.0,1.0,0.0,0.0,4.0,0.0,0.0,0.0,99.92343045769019,100.01754939653695,0.0,71.0
0.1863,-0.21955592154407755,100.0,1.0,0.0,0.0,4.0,0.0,0.0,0.0,99.92343045769019,100.01754939653695,0.0,71.0
0.1864,-0.20955592154408487,100.0,1.0,0.0,0.0,4.0,0.0,0.0,0.0,99.92343045769019,100.01754939653695,0.0,71.0
0.1865,-0.19955592154409496,100.0,1.0,0.0,0.0,4.0,0.0,0.0,0.0,99.92343045769019,100.01754939653695,0.0,71.0
0.1866,-0.18955592154410505,100.0,1.0,0.0,0.0,4.0,0.0,0.0,0.0,99.92343045769019,100.01754939653695,0.0,71.0
0.1867,-0.17955592154411237,100.0,1.0,0.0,0.0,4.0,0.0,0.0,0.0,99.92343045769019,100.01754939653695,0.0,71.0
0.1868,-0.16955592154412247,100.0,1.0,0.0,0.0,4.0,0.0,0.0,0.0,99.92343045769019,100.01754939653695,0.0,71.0
0.1869,-0.1595559215441298,100.0,1.0,0.0,0.0,4.0,0.0,0.0,0.0,99.92343045769019,100.01754939653695,0.0,71.0
0.187,-0.14955592154413988,100.0,1.0,0.0,0.0,4.0,0.0,0.0,0.0,99.92343045769019,100.01754939653695,0.0,71.0
0.1871,-0.13955592154414997,100.0,1.0,0.0,0.0,4.0,0.0,0.0,0.0,99.92343045769019,100.01754939653695,0.0,71.0
0.1872,-0.1295559215441573,100.0,1.0,0.0,0.0,4.0,0.0,0.0,0.0,99.92343045769019,100.01754939653695,0.0,71.0
0.1873,-0.11955592154416737,100.0,1.0,0.0,0.0,4.0,0.0,0.0,0.0,99.92343045769019,100.01754939653695,0.0,71.0
0.1874,-0.10955592154417469,100.0,1.0,0.0,0.0,4.0,0.0,0.0,0.0,99.92343045769019,100.01754939653695,0.0,71.0
0.1875,-0.09955592154418479,100.0,1.0,0.0,0.0,4.0,0.0,0.0,0.0,99.92343045769019,100.01754939653695,0.0,71.0
0.1876,-0.08955592154419488,100.0,1.0,0.0,0.0,4.0,0.0,0.0,0.0,99.92343045769019,100.01754939653695,0.0,71.0
0.1877,-0.0795559215442022,100.0,1.0,0.0,0.0,4.0,0.0,0.0,0.0,99.92343045769019,100.01754939653695,0.0,71.0
0.1878,-0.06955592154421229,100.0,1.0,0.0,0.0,4.0,0.0,0.0,0.0,99.92343045769019,100.01754939653695,0.0,71.0
0.1879,-0.059555921544219605,100.0,1.0,0.0,0.0,4.0,0.0,0.0,0.0,99.92343045769019,100.01754939653695,0.0,71.0
0.188,-0.0495559215442297,100.0,1.0,0.0,0.0,4.0,0.0,0.0,0.0,99.92343045769019,100.01754939653695,0.0,71.0
0.1881,-0.03955592154423979,100.0,1.0,0.0,0.0,4.0,0.0,0.0,0.0,99.92343045769019,100.01754939653695,0.0,71.0
0.1882,-0.029555921544247115,100.0,1.0,0.0,0.0,4.0,0.0,0.0,0.0,99.92343045769019,100.01754939653695,0.0,71.0
0.1883,-0.019555921544257206,100.0,1.0,0.0,0.0,4.0,0.0,0.0,0.0,99.92343045769019,100.01754939653695,0.0,71.0
0.1884,-0.009555921544264524,100.0,1.0,0.0,0.0,4.0,0.0,0.0,0.0,99.92343045769019,100.01754939653695,0.0,71.0
0.1885,0.0004440784557253788,100.0,1.0,0.0,1.0,5.0,1.0,1.0,1.0,99.92343045769336,99.99401966182606,0.0,72.0
0.1886,0.010444078455715279,100.0,1.0,0.0,1.0,5.0,0.0,0.0,0.0,99.92343045769336,99.99401966182606,0.0,72.0
0.1887,0.020444078455707955,100.0,1.0,0.0,1.0,5.0,0.0,0.0,0.0,99.92343045769336,99.99401966182606,0.0,72.0
0.1888,0.03044407845569786,100.0,1.0,0.0,1.0,5.0,0.0,0.0,0.0,99.92343045769336,99.99401966182606,0.0,72.0
0.1889,0.04044407845569055,100.0,1.0,0.0,1.0,5.0,0.0,0.0,0.0,99.92343045769336,99.99401966182606,0.0,72.0
0.189,0.05044407845568046,100.0,1.0,0.0,1.0,5.0,0.0,0.0,0.0,99.92343045769336,99.99401966182606,0.0,72.0
0.1891,0.06044407845567037,100.0,1.0,0.0,1.0,5.0,0.0,0.0,0.0,99.92343045769336,99.99401966182606,0.0,72.0
0.1892,0.07044407845566306,100.0,1.0,0.0,1.0,5.0,0.0,0.0,0.0,99.92343045769336,99.99401966182606,0.0,72.0
0.1893,0.08044407845565296,100.0,1.0,0.0,1.0,5.0,0.0,0.0,0.0,99.92343045769336,99.99401966182606,0.0,72.0
0.1894,0.09044407845564564,100.0,1.0,0.0,1.0,5.0,0.0,0.0,0.0,99.92343045769336,99.99401966182606,0.0,72.0
0.1895,0.10044407845563555,100.0,1.0,0.0,1.0,5.0,0.0,0.0,0.0,99.92343045769336,99.99401966182606,0.0,72.0
0.1896,0.11044407845562546,100.0,1.0,0.0,1.0,5.0,0.0,0.0,0.0,99.92343045769336,99.99401966182606,0.0,72.0
0.1897,0.12044407845561814,100.0,1.0,0.0,1.0,5.0,0.0,0.0,0.0,99.92343045769336,99.99401966182606,0.0,72.0
0.1898,0.13044407845560804,100.0,1.0,0.0,1.0,5.0,0.0,0.0,0.0,99.92343045769336,99.99401966182606,0.0,72.0
0.1899,0.14044407845560072,100.0,1.0,0.0,1.0,5.0,0.0,0.0,0.0,99.92343045769336,99.99401966182606,0.0,72.0
0.19,0.15044407845559063,100.0,1.0,0.0,1.0,5.0,0.0,0.0,0.0,99.92343045769336,99.99401966182606,0.0,72.0
0.1901,0.16044407845558054,100.0,1.0,0.0,1.0,5.0,0.0,0.0,0.0,99.92343045769336,99.99401966182606,0.0,72.0
0.1902,0.17044407845557322,100.0,1.0,0.0,1.0,5.0,0.0,0.0,0.0,99.92343045769336,99.99401966182606,0.0,72.0
0.1903,0.18044407845556312,100.0,1.0,0.0,1.0,5.0,0.0,0.0,0.0,99.92343045769336,99.99401966182606,0.0,72.0
0.1904,0.1904440784555558,100.0,1.0,0.0,1.0,5.0,0.0,0.0,0.0,99.92343045769336,99.99401966182606,0.0,72.0
0.1905,0.2004440784555457,100.0,1.0,0.0,1.0,5.0,0.0,0.0,0.0,99.92343045769336,99.99401966182606,0.0,72.0
0.1906,0.21044407845553562,100.0,1.0,0.0,1.0,5.0,0.0,0.0,0.0,99.92343045769336,99.99401966182606,0.0,72.0
0.1907,0.2204440784555283,100.0,1.0,0.0,1.0,5.0,0.0,0.0,0.0,99.92343045769336,99.99401966182606,0.0,72.0
0.1908,0.2304440784555182,100.0,1.0,0.0,1.0,5.0,0.0,0.0,0.0,99.92343045769336,99.99401966182606,0.0,72.0
0.1909,0.2404440784555081,100.0,1.0,0.0,1.0,5.0,0.0,0.0,0.0,99.92343045769336,99.99401966182606,0.0,72.0
0.191,0.25044407845550076,100.0,1.0,0.0,1.0,5.0,0.0,0.0,0.0,99.92343045769336,99.99401966182606,0.0,72.0
0.1911,0.26044407845549067,100.0,1.0,0.0,1.0,5.0,0.0,0.0,0.0,99.92343045769336,99.99401966182606,0.0,72.0
0.1912,0.27044407845548335,100.0,0.0,0.0,1.0,1.0,0.0,0.0,0.0,99.92343045769019,99.97637236079208,0.0,73.0
0.1913,0.28044407845547326,100.0,0.0,0.0,1.0,1.0,0.0,0.0,0.0,99.92343045769019,99.97637236079208,0.0,73.0
0.1914,0.29044407845546316,100.0,0.0,0.0,1.0,1.0,0.0,0.0,0.0,99.92343045769019,99.97637236079208,0.0,73.0
0.1915,0.30044407845545584,100.0,0.0,0.0,1.0,1.0,0.0,0.0,0.0,99.92343045769019,99.97637236079208,0.0,73.0
0.1916,0.31044407845544575,100.0,0.0,0.0,1.0,1.0,0.0,0.0,0.0,99.92343045769019,99.97637236079208,0.0,73.0
0.1917,0.32044407845543843,100.0,0.0,0.0,1.0,1.0,0.0,0.0,0.0,99.92343045769019,99.97637236079208,0.0,73.0
0.1918,0.33044407845542834,100.0,0.0,0.0,1.0,1.0,0.0,0.0,0.0,99.92343045769019,99.97637236079208,0.0,73.0
0.1919,0.34044407845541824,100.0,0.0,0.0,1.0,1.0,0.0,0.0,0.0,99.92343045769019,99.97637236079208,0.0,73.0
0.192,0.3504440784554109,100.0,0.0,0.0,1.0,1.0,0.0,0.0,0.0,99.92343045769019,99.97637236079208,0.0,73.0
0.1921,0.36044407845540083,100.0,0.0,0.0,1.0,1.0,0.0,0.0,0.0,99.92343045769019,99.97637236079208,0.0,73.0
0.1922,0.3704440784553935,100.0,0.0,0.0,1.0,1.0,0.0,0.0,0.0,99.92343045769019,99.97637236079208,0.0,73.0
0.1923,0.3804440784553834,100.0,0.0,0.0,1.0,1.0,0.0,0.0,0.0,99.92343045769019,99.97637236079208,0.0,73.0
0.1924,0.3904440784553733,100.0,0.0,0.0,1.0,1.0,0.0,0.0,0.0,99.92343045769019,99.97637236079208,0.0,73.0
0.1925,0.400444078455366,100.0,0.0,0.0,1.0,1.0,0.0,0.0,0.0,99.92343045769019,99.97637236079208,0.0,73.0
0.1926,0.4104440784553559,100.0,0.0,0.0,1.0,1.0,0.0,0.0,0.0,99.92343045769019,99.97637236079208,0.0,73.0
0.1927,0.4204440784553486,100.0,0.0,0.0,1.0,1.0,0.0,0.0,0.0,99.92343045769019,99.97637236079208,0.0,73.0
0.1928,0.4304440784553385,100.0,0.0,0.0,1.0,1.0,0.0,0.0,0.0,99.92343045769019,99.97637236079208,0.0,73.0
0.1929,0.4404440784553284,100.0,0.0,0.0,1.0,1.0,0.0,0.0,0.0,99.92343045769019,99.97637236079208,0.0,73.0
0.193,0.4504440784553211,100.0,0.0,0.0,1.0,1.0,0.0,0.0,0.0,99.92343045769019,99.97637236079208,0.0,73.0
0.1931,0.460444078455311,100.0,0.0,0.0,1.0,1.0,0.0,0.0,0.0,99.92343045769019,99.97637236079208,0.0,73.0
0.1932,0.47044407845530367,100.0,0.0,0.0,1.0,1.0,0.0,0.0,0.0,99.92343045769019,99.97637236079208,0.0,73.0
0.1933,0.4804440784552936,100.0,0.0,0.0,1.0,1.0,0.0,0.0,0.0,99.92343045769019,99.97637236079208,0.0,73.0
0.1934,0.4904440784552835,100.0,0.0,0.0,1.0,1.0,0.0,0.0,0.0,99.92343045769019,99.97637236079208,0.0,73.0
0.1935,0.5004440784552762,100.0,0.0,0.0,1.0,1.0,0.0,0.0,0.0,99.92343045769019,99.97637236079208,0.0,73.0
0.1936,0.5104440784552661,100.0,0.0,0.0,1.0,1.0,0.0,0.0,0.0,99.92343045769019,99.97637236079208,0.0,73.0
0.1937,0.5204440784552588,100.0,0.0,0.0,1.0,1.0,0.0,0.0,0.0,99.92343045769019,99.97637236079208,0.0,73.0
0.1938,0.5304440784552487,100.0,0.0,1.0,1.0,3.0,0.0,0.0,0.0,99.92343045768912,99.96313688501634,0.0,74.0
0.1939,0.5404440784552386,100.0,0.0,1.0,1.0,3.0,0.0,0.0,0.0,99.92343045768912,99.96313688501634,0.0,74.0
0.194,0.5504440784552312,100.0,0.0,1.0,1.0,3.0,0.0,0.0,0.0,99.92343045768912,99.96313688501634,0.0,74.0
0.1941,0.5604440784552212,100.0,0.0,1.0,1.0,3.0,0.0,0.0,0.0,99.92343045768912,99.96313688501634,0.0,74.0
0.1942,0.5704440784552138,100.0,0.0,1.0,1.0,3.0,0.0,0.0,0.0,99.92343045768912,99.96313688501634,0.0,74.0
0.1943,0.5804440784552037,100.0,0.0,1.0,1.0,3.0,0.0,0.0,0.0,99.92343045768912,99.96313688501634,0.0,74.0
0.1944,0.5904440784551936,100.0,0.0,1.0,1.0,3.0,0.0,0.0,0.0,99.92343045768912,99.96313688501634,0.0,74.0
0.1945,0.6004440784551863,100.0,0.0,1.0,1.0,3.0,0.0,0.0,0.0,99.92343045768912,99.96313688501634,0.0,74.0
0.1946,0.6104440784551762,100.0,0.0,1.0,1.0,3.0,0.0,0.0,0.0,99.92343045768912,99.96313688501634,0.0,74.0
0.1947,0.6204440784551689,100.0,0.0,1.0,1.0,3.0,0.0,0.0,0.0,99.92343045768912,99.96313688501634,0.0,74.0
0.1948,0.6304440784551588,100.0,0.0,1.0,1.0,3.0,0.0,0.0,0.0,99.92343045768912,99.96313688501634,0.0,74.0
0.1949,0.6404440784551487,100.0,0.0,1.0,1.0,3.0,0.0,0.0,0.0,99.92343045768912,99.96313688501634,0.0,74.0
0.195,0.6504440784551414,100.0,0.0,1.0,1.0,3.0,0.0,0.0,0.0,99.92343045768912,99.96313688501634,0.0,74.0
0.1951,0.6604440784551313,100.0,0.0,1.0,1.0,3.0,0.0,0.0,0.0,99.92343045768912,99.96313688501634,0.0,74.0
0.1952,0.670444078455124,100.0,0.0,1.0,1.0,3.0,0.0,0.0,0.0,99.92343045768912,99.96313688501634,0.0,74.0
0.1953,0.6804440784551139,100.0,0.0,1.0,1.0,3.0,0.0,0.0,0.0,99.92343045768912,99.96313688501634,0.0,74.0
0.1954,0.6904440784551038,100.0,0.0,1.0,1.0,3.0,0.0,0.0,0.0,99.92343045768912,99.96313688501634,0.0,74.0
0.1955,0.7004440784550965,100.0,0.0,1.0,1.0,3.0,0.0,0.0,0.0,99.92343045768912,99.96313688501634,0.0,74.0
0.1956,0.7104440784550864,100.0,0.0,1.0,1.0,3.0,0.0,0.0,0.0,99.92343045768912,99.96313688501634,0.0,74.0
0.1957,0.7204440784550791,100.0,0.0,1.0,1.0,3.0,0.0,0.0,0.0,99.92343045768912,99.96313688501634,0.0,74.0
0.1958,0.730444078455069,100.0,0.0,1.0,1.0,3.0,0.0,0.0,0.0,99.92343045768912,99.96313688501634,0.0,74.0
0.1959,0.7404440784550589,100.0,0.0,1.0,1.0,3.0,0.0,0.0,0.0,99.92343045768912,99.96313688501634,0.0,74.0
0.196,0.7504440784550516,100.0,0.0,1.0,1.0,3.0,0.0,0.0,0.0,99.92343045768912,99.96313688501634,0.0,74.0
0.1961,0.7604440784550415,100.0,0.0,1.0,1.0,3.0,0.0,0.0,0.0,99.92343045768912,99.96313688501634,0.0,74.0
0.1962,0.7704440784550342,100.0,0.0,1.0,1.0,3.0,0.0,0.0,0.0,99.92343045768912,99.96313688501634,0.0,74.0
0.1963,0.7804440784550241,100.0,0.0,1.0,1.0,3.0,0.0,0.0,0.0,99.92343045768912,99.96313688501634,0.0,74.0
0.1964,0.790444078455014,100.0,0.0,1.0,0.0,2.0,0.0,0.0,0.0,100.30627885024877,100.04892237632444,0.0,75.0
0.1965,0.8004440784550066,100.0,0.0,1.0,0.0,2.0,0.0,0.0,0.0,100.30627885024877,100.04892237632444,0.0,75.0
0.1966,0.8104440784549966,100.0,0.0,1.0,0.0,2.0,0.0,0.0,0.0,100.30627885024877,100.04892237632444,0.0,75.0
0.1967,0.8204440784549892,100.0,0.0,1.0,0.0,2.0,0.0,0.0,0.0,100.30627885024877,100.04892237632444,0.0,75.0
0.1968,0.8304440784549791,100.0,0.0,1.0,0.0,2.0,0.0,0.0,0.0,100.30627885024877,100.04892237632444,0.0,75.0
0.1969,0.840444078454969,100.0,0.0,1.0,0.0,2.0,0.0,0.0,0.0,100.30627885024877,100.04892237632444,0.0,75.0
0.197,0.8504440784549617,100.0,0.0,1.0,0.0,2.0,0.0,0.0,0.0,100.30627885024877,100.04892237632444,0.0,75.0
0.1971,0.8604440784549516,100.0,0.0,1.0,0.0,2.0,0.0,0.0,0.0,100.30627885024877,100.04892237632444,0.0,75.0
0.1972,0.8704440784549415,100.0,0.0,1.0,0.0,2.0,0.0,0.0,0.0,100.30627885024877,100.04892237632444,0.0,75.0
0.1973,0.8804440784549342,100.0,0.0,1.0,0.0,2.0,0.0,0.0,0.0,100.30627885024877,100.04892237632444,0.0,75.0
0.1974,0.8904440784549241,100.0,0.0,1.0,0.0,2.0,0.0,0.0,0.0,100.30627885024877,100.04892237632444,0.0,75.0
0.1975,0.9004440784549168,100.0,0.0,1.0,0.0,2.0,0.0,0.0,0.0,100.30627885024877,100.04892237632444,0.0,75.0
0.1976,0.9104440784549067,100.0,0.0,1.0,0.0,2.0,0.0,0.0,0.0,100.30627885024877,100.04892237632444,0.0,75.0
0.1977,0.9204440784548966,100.0,0.0,1.0,0.0,2.0,0.0,0.0,0.0,100.30627885024877,100.04892237632444,0.0,75.0
0.1978,0.9304440784548893,100.0,0.0,1.0,0.0,2.0,0.0,0.0,0.0,100.30627885024877,100.04892237632444,0.0,75.0
0.1979,0.9404440784548792,100.0,0.0,1.0,0.0,2.0,0.0,0.0,0.0,100.30627885024877,100.04892237632444,0.0,75.0
0.198,0.9504440784548719,100.0,0.0,1.0,0.0,2.0,0.0,0.0,0.0,100.30627885024877,100.04892237632444,0.0,75.0
0.1981,0.9604440784548618,100.0,0.0,1.0,0.0,2.0,0.0,0.0,0.0,100.30627885024877,100.04892237632444,0.0,75.0
0.1982,0.9704440784548517,100.0,0.0,1.0,0.0,2.0,0.0,0.0,0.0,100.30627885024877,100.04892237632444,0.0,75.0
0.1983,0.9804440784548444,100.0,0.0,1.0,0.0,2.0,0.0,0.0,0.0,100.30627885024877,100.04892237632444,0.0,75.0
0.1984,0.9904440784548343,100.0,0.0,1.0,0.0,2.0,0.0,0.0,0.0,100.30627885024877,100.04892237632444,0.0,75.0
0.1985,1.000444078454827,100.0,0.0,1.0,0.0,2.0,0.0,0.0,0.0,100.30627885024877,100.04892237632444,0.0,75.0
0.1986,1.0104440784548157,100.0,0.0,1.0,0.0,2.0,0.0,0.0,0.0,100.30627885024877,100.04892237632444,0.0,75.0
0.1987,1.0204440784548043,100.0,0.0,1.0,0.0,2.0,0.0,0.0,0.0,100.30627885024877,100.04892237632444,0.0,75.0
0.1988,1.0304440784547957,100.0,0.0,1.0,0.0,2.0,0.0,0.0,0.0,100.30627885024877,100.04892237632444,0.0,75.0
0.1989,1.0404440784547844,100.0,0.0,1.0,0.0,2.0,0.0,0.0,0.0,100.30627885024877,100.04892237632444,0.0,75.0
0.199,1.0504440784547757,100.0,1.0,1.0,0.0,6.0,0.0,0.0,0.0,99.92343045769019,100.01754939666588,0.0,76.0
0.1991,1.0604440784547644,100.0,1.0,1.0,0.0,6.0,0.0,0.0,0.0,99.92343045769019,100.01754939666588,0.0,76.0
0.1992,1.070444078454753,100.0,1.0,1.0,0.0,6.0,0.0,0.0,0.0,99.92343045769019,100.01754939666588,0.0,76.0
0.1993,1.0804440784547444,100.0,1.0,1.0,0.0,6.0,0.0,0.0,0.0,99.92343045769019,100.01754939666588,0.0,76.0
0.1994,1.0904440784547331,100.0,1.0,1.0,0.0,6.0,0.0,0.0,0.0,99.92343045769019,100.01754939666588,0.0,76.0
0.1995,1.1004440784547245,100.0,1.0,1.0,0.0,6.0,0.0,0.0,0.0,99.92343045769019,100.01754939666588,0.0,76.0
0.1996,1.1104440784547132,100.0,1.0,1.0,0.0,6.0,0.0,0.0,0.0,99.92343045769019,100.01754939666588,0.0,76.0
0.1997,1.1204440784547018,100.0,1.0,1.0,0.0,6.0,0.0,0.0,0.0,99.92343045769019,100.01754939666588,0.0,76.0
0.1998,1.1304440784546932,100.0,1.0,1.0,0.0,6.0,0.0,0.0,0.0,99.92343045769019,100.01754939666588,0.0,76.0
0.1999,1.1404440784546819,100.0,1.0,1.0,0.0,6.0,0.0,0.0,0.0,99.92343045769019,100.01754939666588,0.0,76.0
0.2,1.1504440784546732,100.0,1.0,1.0,0.0,6.0,0.0,0.0,0.0,99.92343045769019,100.01754939666588,0.0,76.0
0.2001,1.160444078454662,100.0,1.0,1.0,0.0,6.0,0.0,0.0,0.0,99.92343045769019,100.01754939666588,0.0,76.0
0.2002,1.1704440784546506,100.0,1.0,1.0,0.0,6.0,0.0,0.0,0.0,99.92343045769019,100.01754939666588,0.0,76.0
0.2003,1.180444078454642,100.0,1.0,1.0,0.0,6.0,0.0,0.0,0.0,99.92343045769019,100.01754939666588,0.0,76.0
0.2004,1.1904440784546306,100.0,1.0,1.0,0.0,6.0,0.0,0.0,0.0,99.92343045769019,100.01754939666588,0.0,76.0
0.2005,1.200444078454622,100.0,1.0,1.0,0.0,6.0,0.0,0.0,0.0,99.92343045769019,100.01754939666588,0.0,76.0
0.2006,1.2104440784546107,100.0,1.0,1.0,0.0,6.0,0.0,0.0,0.0,99.92343045769019,100.01754939666588,0.0,76.0
0.2007,1.2204440784545993,100.0,1.0,1.0,0.0,6.0,0.0,0.0,0.0,99.92343045769019,100.01754939666588,0.0,76.0
0.2008,1.2304440784545907,100.0,1.0,1.0,0.0,6.0,0.0,0.0,0.0,99.92343045769019,100.01754939666588,0.0,76.0
0.2009,1.2404440784545794,100.0,1.0,1.0,0.0,6.0,0.0,0.0,0.0,99.92343045769019,100.01754939666588,0.0,76.0
0.201,1.2504440784545707,100.0,1.0,1.0,0.0,6.0,0.0,0.0,0.0,99.92343045769019,100.01754939666588,0.0,76.0
0.2011,1.2604440784545594,100.0,1.0,1.0,0.0,6.0,0.0,0.0,0.0,99.92343045769019,100.01754939666588,0.0,76.0
0.2012,1.270444078454548,100.0,1.0,1.0,0.0,6.0,0.0,0.0,0.0,99.92343045769019,100.01754939666588,0.0,76.0
0.2013,1.2804440784545394,100.0,1.0,1.0,0.0,6.0,0.0,0.0,0.0,99.92343045769019,100.01754939666588,0.0,76.0
0.2014,1.2904440784545281,100.0,1.0,1.0,0.0,6.0,0.0,0.0,0.0,99.92343045769019,100.01754939666588,0.0,76.0
0.2015,1.3004440784545195,100.0,1.0,1.0,0.0,6.0,0.0,0.0,0.0,99.92343045769019,100.01754939666588,0.0,76.0
0.2016,1.3104440784545082,100.0,1.0,0.0,0.0,4.0,0.0,0.0,0.0,99.92343045768912,99.99401966192168,0.0,77.0
0.2017,1.3204440784544969,100.0,1.0,0.0,0.0,4.0,0.0,0.0,0.0,99.92343045768912,99.99401966192168,0.0,77.0
0.2018,1.3304440784544882,100.0,1.0,0.0,0.0,4.0,0.0,0.0,0.0,99.92343045768912,99.99401966192168,0.0,77.0
0.2019,1.3404440784544769,100.0,1.0,0.0,0.0,4.0,0.0,0.0,0.0,99.92343045768912,99.99401966192168,0.0,77.0
0.202,1.3504440784544682,100.0,1.0,0.0,0.0,4.0,0.0,0.0,0.0,99.92343045768912,99.99401966192168,0.0,77.0
0.2021,1.360444078454457,100.0,1.0,0.0,0.0,4.0,0.0,0.0,0.0,99.92343045768912,99.99401966192168,0.0,77.0
0.2022,1.3704440784544456,100.0,1.0,0.0,0.0,4.0,0.0,0.0,0.0,99.92343045768912,99.99401966192168,0.0,77.0
0.2023,1.380444078454437,100.0,1.0,0.0,0.0,4.0,0.0,0.0,0.0,99.92343045768912,99.99401966192168,0.0,77.0
0.2024,1.3904440784544256,100.0,1.0,0.0,0.0,4.0,0.0,0.0,0.0,99.92343045768912,99.99401966192168,0.0,77.0
0.2025,1.400444078454417,100.0,1.0,0.0,0.0,4.0,0.0,0.0,0.0,99.92343045768912,99.99401966192168,0.0,77.0
0.2026,1.4104440784544057,100.0,1.0,0.0,0.0,4.0,0.0,0.0,0.0,99.92343045768912,99.99401966192168,0.0,77.0
0.2027,1.4204440784543944,100.0,1.0,0.0,0.0,4.0,0.0,0.0,0.0,99.92343045768912,99.99401966192168,0.0,77.0
0.2028,1.4304440784543857,100.0,1.0,0.0,0.0,4.0,0.0,0.0,0.0,99.92343045768912,99.99401966192168,0.0,77.0
0.2029,1.4404440784543744,100.0,1.0,0.0,0.0,4.0,0.0,0.0,0.0,99.92343045768912,99.99401966192168,0.0,77.0
0.203,1.4504440784543657,100.0,1.0,0.0,0.0,4.0,0.0,0.0,0.0,99.92343045768912,99.99401966192168,0.0,77.0
0.2031,1.4604440784543544,100.0,1.0,0.0,0.0,4.0,0.0,0.0,0.0,99.92343045768912,99.99401966192168,0.0,77.0
0.2032,1.470444078454343,100.0,1.0,0.0,0.0,4.0,0.0,0.0,0.0,99.92343045768912,99.99401966192168,0.0,77.0
0.2033,1.4804440784543345,100.0,1.0,0.0,0.0,4.0,0.0,0.0,0.0,99.92343045768912,99.99401966192168,0.0,77.0
0.2034,1.4904440784543231,100.0,1.0,0.0,0.0,4.0,0.0,0.0,0.0,99.92343045768912,99.99401966192168,0.0,77.0
0.2035,1.5004440784543118,100.0,1.0,0.0,0.0,4.0,0.0,0.0,0.0,99.92343045768912,99.99401966192168,0.0,77.0
0.2036,1.5104440784543032,100.0,1.0,0.0,0.0,4.0,0.0,0.0,0.0,99.92343045768912,99.99401966192168,0.0,77.0
0.2037,1.5204440784542919,100.0,1.0,0.0,0.0,4.0,0.0,0.0,0.0,99.92343045768912,99.99401966192168,0.0,77.0
0.2038,1.5304440784542832,100.0,1.0,0.0,0.0,4.0,0.0,0.0,0.0,99.92343045768912,99.99401966192168,0.0,77.0
0.2039,1.540444078454272,100.0,1.0,0.0,0.0,4.0,0.0,0.0,0.0,99.92343045768912,99.99401966192168,0.0,77.0
0.204,1.5504440784542606,100.0,1.0,0.0,0.0,4.0,0.0,0.0,0.0,99.92343045768912,99.99401966192168,0.0,77.0
0.2041,1.560444078454252,100.0,1.0,0.0,0.0,4.0,0.0,0.0,0.0,99.92343045768912,99.99401966192168,0.0,77.0
0.2042,1.5704440784542406,100.0,1.0,0.0,0.0,4.0,0.0,0.0,0.0,99.92343045768912,99.99401966192168,0.0,77.0
0.2043,1.580444078454232,100.0,1.0,0.0,1.0,5.0,0.0,0.0,0.0,99.92343045769442,99.97637236086487,0.0,78.0
0.2044,1.5904440784542206,100.0,1.0,0.0,1.0,5.0,0.0,0.0,0.0,99.92343045769442,99.97637236086487,0.0,78.0
0.2045,1.6004440784542093,100.0,1.0,0.0,1.0,5.0,0.0,0.0,0.0,99.92343045769442,99.97637236086487,0.0,78.0
0.2046,1.6104440784542007,100.0,1.0,0.0,1.0,5.0,0.0,0.0,0.0,99.92343045769442,99.97637236086487,0.0,78.0
0.2047,1.6204440784541894,100.0,1.0,0.0,1.0,5.0,0.0,0.0,0.0,99.92343045769442,99.97637236086487,0.0,78.0
0.2048,1.6304440784541807,100.0,1.0,0.0,1.0,5.0,0.0,0.0,0.0,99.92343045769442,99.97637236086487,0.0,78.0
0.2049,1.6404440784541694,100.0,1.0,0.0,1.0,5.0,0.0,0.0,0.0,99.92343045769442,99.97637236086487,0.0,78.0
0.205,1.650444078454158,100.0,1.0,0.0,1.0,5.0,0.0,0.0,0.0,99.92343045769442,99.97637236086487,0.0,78.0
0.2051,1.6604440784541494,100.0,1.0,0.0,1.0,5.0,0.0,0.0,0.0,99.92343045769442,99.97637236086487,0.0,78.0
0.2052,1.6704440784541381,100.0,1.0,0.0,1.0,5.0,0.0,0.0,0.0,99.92343045769442,99.97637236086487,0.0,78.0
0.2053,1.6804440784541295,100.0,1.0,0.0,1.0,5.0,0.0,0.0,0.0,99.92343045769442,99.97637236086487,0.0,78.0
0.2054,1.6904440784541181,100.0,1.0,0.0,1.0,5.0,0.0,0.0,0.0,99.92343045769442,99.97637236086487,0.0,78.0
0.2055,1.7004440784541068,100.0,1.0,0.0,1.0,5.0,0.0,0.0,0.0,99.92343045769442,99.97637236086487,0.0,78.0
0.2056,1.7104440784540982,100.0,1.0,0.0,1.0,5.0,0.0,0.0,0.0,99.92343045769442,99.97637236086487,0.0,78.0
0.2057,1.7204440784540869,100.0,1.0,0.0,1.0,5.0,0.0,0.0,0.0,99.92343045769442,99.97637236086487,0.0,78.0
0.2058,1.7304440784540782,100.0,1.0,0.0,1.0,5.0,0.0,0.0,0.0,99.92343045769442,99.97637236086487,0.0,78.0
0.2059,1.740444078454067,100.0,1.0,0.0,1.0,5.0,0.0,0.0,0.0,99.92343045769442,99.97637236086487,0.0,78.0
0.206,1.7504440784540556,100.0,1.0,0.0,1.0,5.0,0.0,0.0,0.0,99.92343045769442,99.97637236086487,0.0,78.0
0.2061,1.760444078454047,100.0,1.0,0.0,1.0,5.0,0.0,0.0,0.0,99.92343045769442,99.97637236086487,0.0,78.0
0.2062,1.7704440784540356,100.0,1.0,0.0,1.0,5.0,0.0,0.0,0.0,99.92343045769442,99.97637236086487,0.0,78.0
0.2063,1.780444078454027,100.0,1.0,0.0,1.0,5.0,0.0,0.0,0.0,99.92343045769442,99.97637236086487,0.0,78.0
0.2064,1.7904440784540157,100.0,1.0,0.0,1.0,5.0,0.0,0.0,0.0,99.92343045769442,99.97637236086487,0.0,78.0
0.2065,1.8004440784540043,100.0,1.0,0.0,1.0,5.0,0.0,0.0,0.0,99.92343045769442,99.97637236086487,0.0,78.0
0.2066,1.8104440784539957,100.0,1.0,0.0,1.0,5.0,0.0,0.0,0.0,99.92343045769442,99.97637236086487,0.0,78.0
0.2067,1.8204440784539844,100.0,1.0,0.0,1.0,5.0,0.0,0.0,0.0,99.92343045769442,99.97637236086487,0.0,78.0
0.2068,1.8304440784539757,100.0,1.0,0.0,1.0,5.0,0.0,0.0,0.0,99.92343045769442,99.97637236086487,0.0,78.0
0.2069,1.8404440784539644,100.0,0.0,0.0,1.0,1.0,0.0,0.0,0.0,99.92343045768912,99.96313688507094,0.0,79.0
0.207,1.850444078453953,100.0,0.0,0.0,1.0,1.0,0.0,0.0,0.0,99.92343045768912,99.96313688507094,0.0,79.0
0.2071,1.8604440784539444,100.0,0.0,0.0,1.0,1.0,0.0,0.0,0.0,99.92343045768912,99.96313688507094,0.0,79.0
0.2072,1.8704440784539331,100.0,0.0,0.0,1.0,1.0,0.0,0.0,0.0,99.92343045768912,99.96313688507094,0.0,79.0
0.2073,1.8804440784539245,100.0,0.0,0.0,1.0,1.0,0.0,0.0,0.0,99.92343045768912,99.96313688507094,0.0,79.0
0.2074,1.8904440784539132,100.0,0.0,0.0,1.0,1.0,0.0,0.0,0.0,99.92343045768912,99.96313688507094,0.0,79.0
0.2075,1.9004440784539018,100.0,0.0,0.0,1.0,1.0,0.0,0.0,0.0,99.92343045768912,99.96313688507094,0.0,79.0
0.2076,1.9104440784538932,100.0,0.0,0.0,1.0,1.0,0.0,0.0,0.0,99.92343045768912,99.96313688507094,0.0,79.0
0.2077,1.9204440784538819,100.0,0.0,0.0,1.0,1.0,0.0,0.0,0.0,99.92343045768912,99.96313688507094,0.0,79.0
0.2078,1.9304440784538732,100.0,0.0,0.0,1.0,1.0,0.0,0.0,0.0,99.92343045768912,99.96313688507094,0.0,79.0
0.2079,1.940444078453862,100.0,0.0,0.0,1.0,1.0,0.0,0.0,0.0,99.92343045768912,99.96313688507094,0.0,79.0
0.208,1.9504440784538506,100.0,0.0,0.0,1.0,1.0,0.0,0.0,0.0,99.92343045768912,99.96313688507094,0.0,79.0
0.2081,1.960444078453842,100.0,0.0,0.0,1.0,1.0,0.0,0.0,0.0,99.92343045768912,99.96313688507094,0.0,79.0
0.2082,1.9704440784538306,100.0,0.0,0.0,1.0,1.0,0.0,0.0,0.0,99.92343045768912,99.96313688507094,0.0,79.0
0.2083,1.980444078453822,100.0,0.0,0.0,1.0,1.0,0.0,0.0,0.0,99.92343045768912,99.96313688507094,0.0,79.0
0.2084,1.9904440784538107,100.0,0.0,0.0,1.0,1.0,0.0,0.0,0.0,99.92343045768912,99.96313688507094,0.0,79.0
0.2085,2.0004440784537993,100.0,0.0,0.0,1.0,1.0,0.0,0.0,0.0,99.92343045768912,99.96313688507094,0.0,79.0
0.2086,2.010444078453791,100.0,0.0,0.0,1.0,1.0,0.0,0.0,0.0,99.92343045768912,99.96313688507094,0.0,79.0
0.2087,2.02044407845378,100.0,0.0,0.0,1.0,1.0,0.0,0.0,0.0,99.92343045768912,99.96313688507094,0.0,79.0
0.2088,2.0304440784537716,100.0,0.0,0.0,1.0,1.0,0.0,0.0,0.0,99.92343045768912,99.96313688507094,0.0,79.0
0.2089,2.0404440784537603,100.0,0.0,0.0,1.0,1.0,0.0,0.0,0.0,99.92343045768912,99.96313688507094,0.0,79.0
0.209,2.050444078453749,100.0,0.0,0.0,1.0,1.0,0.0,0.0,0.0,99.92343045768912,99.96313688507094,0.0,79.0
0.2091,2.060444078453741,100.0,0.0,0.0,1.0,1.0,0.0,0.0,0.0,99.92343045768912,99.96313688507094,0.0,79.0
0.2092,2.0704440784537295,100.0,0.0,0.0,1.0,1.0,0.0,0.0,0.0,99.92343045768912,99.96313688507094,0.0,79.0
0.2093,2.0804440784537213,100.0,0.0,0.0,1.0,1.0,0.0,0.0,0.0,99.92343045768912,99.96313688507094,0.0,79.0
0.2094,2.09044407845371,100.0,0.0,0.0,1.0,1.0,0.0,0.0,0.0,99.92343045768912,99.96313688507094,0.0,79.0
0.2095,2.1004440784536986,100.0,0.0,1.0,1.0,3.0,0.0,0.0,0.0,100.30627885024877,100.0489223763654,0.0,80.0
0.2096,2.1104440784536904,100.0,0.0,1.0,1.0,3.0,0.0,0.0,0.0,100.30627885024877,100.0489223763654,0.0,80.0
0.2097,2.120444078453679,100.0,0.0,1.0,1.0,3.0,0.0,0.0,0.0,100.30627885024877,100.0489223763654,0.0,80.0
0.2098,2.130444078453668,100.0,0.0,1.0,1.0,3.0,0.0,0.0,0.0,100.30627885024877,100.0489223763654,0.0,80.0
0.2099,2.1404440784536596,100.0,0.0,1.0,1.0,3.0,0.0,0.0,0.0,100.30627885024877,100.0489223763654,0.0,80.0
0.21,2.1504440784536483,100.0,0.0,1.0,1.0,3.0,0.0,0.0,0.0,100.30627885024877,100.0489223763654,0.0,80.0
0.2101,2.16044407845364,100.0,0.0,1.0,1.0,3.0,0.0,0.0,0.0,100.30627885024877,100.0489223763654,0.0,80.0
0.2102,2.1704440784536287,100.0,0.0,1.0,1.0,3.0,0.0,0.0,0.0,100.30627885024877,100.0489223763654,0.0,80.0
0.2103,2.1804440784536174,100.0,0.0,1.0,1.0,3.0,0.0,0.0,0.0,100.30627885024877,100.0489223763654,0.0,80.0
0.2104,2.1904440784536092,100.0,0.0,1.0,1.0,3.0,0.0,0.0,0.0,100.30627885024877,100.0489223763654,0.0,80.0
0.2105,2.200444078453598,100.0,0.0,1.0,1.0,3.0,0.0,0.0,0.0,100.30627885024877,100.0489223763654,0.0,80.0
0.2106,2.2104440784535897,100.0,0.0,1.0,1.0,3.0,0.0,0.0,0.0,100.30627885024877,100.0489223763654,0.0,80.0
0.2107,2.2204440784535784,100.0,0.0,1.0,1.0,3.0,0.0,0.0,0.0,100.30627885024877,100.0489223763654,0.0,80.0
0.2108,2.230444078453567,100.0,0.0,1.0,1.0,3.0,0.0,0.0,0.0,100.30627885024877,100.0489223763654,0.0,80.0
0.2109,2.240444078453559,100.0,0.0,1.0,1.0,3.0,0.0,0.0,0.0,100.30627885024877,100.0489223763654,0.0,80.0
0.211,2.2504440784535475,100.0,0.0,1.0,1.0,3.0,0.0,0.0,0.0,100.30627885024877,100.0489223763654,0.0,80.0
0.2111,2.2604440784535393,100.0,0.0,1.0,1.0,3.0,0.0,0.0,0.0,100.30627885024877,100.0489223763654,0.0,80.0
0.2112,2.270444078453528,100.0,0.0,1.0,1.0,3.0,0.0,0.0,0.0,100.30627885024877,100.0489223763654,0.0,80.0
0.2113,2.2804440784535167,100.0,0.0,1.0,1.0,3.0,0.0,0.0,0.0,100.30627885024877,100.0489223763654,0.0,80.0
0.2114,2.2904440784535085,100.0,0.0,1.0,1.0,3.0,0.0,0.0,0.0,100.30627885024877,100.0489223763654,0.0,80.0
0.2115,2.300444078453497,100.0,0.0,1.0,1.0,3.0,0.0,0.0,0.0,100.30627885024877,100.0489223763654,0.0,80.0
0.2116,2.310444078453489,100.0,0.0,1.0,1.0,3.0,0.0,0.0,0.0,100.30627885024877,100.0489223763654,0.0,80.0
0.2117,2.3204440784534777,100.0,0.0,1.0,1.0,3.0,0.0,0.0,0.0,100.30627885024877,100.0489223763654,0.0,80.0
0.2118,2.3304440784534663,100.0,0.0,1.0,1.0,3.0,0.0,0.0,0.0,100.30627885024877,100.0489223763654,0.0,80.0
0.2119,2.340444078453458,100.0,0.0,1.0,1.0,3.0,0.0,0.0,0.0,100.30627885024877,100.0489223763654,0.0,80.0
0.212,2.350444078453447,100.0,0.0,1.0,1.0,3.0,0.0,0.0,0.0,100.30627885024877,100.0489223763654,0.0,80.0
0.2121,2.3604440784534386,100.0,0.0,1.0,0.0,2.0,0.0,0.0,0.0,99.92343045769019,100.0175493966966,0.0,81.0
0.2122,2.3704440784534273,100.0,0.0,1.0,0.0,2.0,0.0,0.0,0.0,99.92343045769019,100.0175493966966,0.0,81.0
0.2123,2.380444078453416,100.0,0.0,1.0,0.0,2.0,0.0,0.0,0.0,99.92343045769019,100.0175493966966,0.0,81.0
0.2124,2.390444078453408,100.0,0.0,1.0,0.0,2.0,0.0,0.0,0.0,99.92343045769019,100.0175493966966,0.0,81.0
0.2125,2.4004440784533965,100.0,0.0,1.0,0.0,2.0,0.0,0.0,0.0,99.92343045769019,100.0175493966966,0.0,81.0
0.2126,2.4104440784533883,100.0,0.0,1.0,0.0,2.0,0.0,0.0,0.0,99.92343045769019,100.0175493966966,0.0,81.0
0.2127,2.420444078453377,100.0,0.0,1.0,0.0,2.0,0.0,0.0,0.0,99.92343045769019,100.0175493966966,0.0,81.0
0.2128,2.4304440784533656,100.0,0.0,1.0,0.0,2.0,0.0,0.0,0.0,99.92343045769019,100.0175493966966,0.0,81.0
0.2129,2.4404440784533574,100.0,0.0,1.0,0.0,2.0,0.0,0.0,0.0,99.92343045769019,100.0175493966966,0.0,81.0
0.213,2.450444078453346,100.0,0.0,1.0,0.0,2.0,0.0,0.0,0.0,99.92343045769019,100.0175493966966,0.0,81.0
0.2131,2.460444078453338,100.0,0.0,1.0,0.0,2.0,0.0,0.0,0.0,99.92343045769019,100.0175493966966,0.0,81.0
0.2132,2.4704440784533266,100.0,0.0,1.0,0.0,2.0,0.0,0.0,0.0,99.92343045769019,100.0175493966966,0.0,81.0
0.2133,2.4804440784533153,100.0,0.0,1.0,0.0,2.0,0.0,0.0,0.0,99.92343045769019,100.0175493966966,0.0,81.0
0.2134,2.490444078453307,100.0,0.0,1.0,0.0,2.0,0.0,0.0,0.0,99.92343045769019,100.0175493966966,0.0,81.0
0.2135,2.5004440784532957,100.0,0.0,1.0,0.0,2.0,0.0,0.0,0.0,99.92343045769019,100.0175493966966,0.0,81.0
0.2136,2.5104440784532875,100.0,0.0,1.0,0.0,2.0,0.0,0.0,0.0,99.92343045769019,100.0175493966966,0.0,81.0
0.2137,2.5204440784532762,100.0,0.0,1.0,0.0,2.0,0.0,0.0,0.0,99.92343045769019,100.0175493966966,0.0,81.0
0.2138,2.530444078453265,100.0,0.0,1.0,0.0,2.0,0.0,0.0,0.0,99.92343045769019,100.0175493966966,0.0,81.0
0.2139,2.5404440784532567,100.0,0.0,1.0,0.0,2.0,0.0,0.0,0.0,99.92343045769019,100.0175493966966,0.0,81.0
0.214,2.5504440784532454,100.0,0.0,1.0,0.0,2.0,0.0,0.0,0.0,99.92343045769019,100.0175493966966,0.0,81.0
0.2141,2.560444078453237,100.0,0.0,1.0,0.0,2.0,0.0,0.0,0.0,99.92343045769019,100.0175493966966,0.0,81.0
0.2142,2.570444078453226,100.0,0.0,1.0,0.0,2.0,0.0,0.0,0.0,99.92343045769019,100.0175493966966,0.0,81.0
0.2143,2.5804440784532146,100.0,0.0,1.0,0.0,2.0,0.0,0.0,0.0,99.92343045769019,100.0175493966966,0.0,81.0
0.2144,2.5904440784532063,100.0,0.0,1.0,0.0,2.0,0.0,0.0,0.0,99.92343045769019,100.0175493966966,0.0,81.0
0.2145,2.600444078453195,100.0,0.0,1.0,0.0,2.0,0.0,0.0,0.0,99.92343045769019,100.0175493966966,0.0,81.0
0.2146,2.610444078453187,100.0,0.0,1.0,0.0,2.0,0.0,0.0,0.0,99.92343045769019,100.0175493966966,0.0,81.0
0.2147,2.6204440784531755,100.0,1.0,1.0,0.0,6.0,0.0,0.0,0.0,99.92343045768912,99.99401966194472,0.0,82.0
0.2148,2.630444078453164,100.0,1.0,1.0,0.0,6.0,0.0,0.0,0.0,99.92343045768912,99.99401966194472,0.0,82.0
0.2149,2.640444078453156,100.0,1.0,1.0,0.0,6.0,0.0,0.0,0.0,99.92343045768912,99.99401966194472,0.0,82.0
0.215,2.6504440784531447,100.0,1.0,1.0,0.0,6.0,0.0,0.0,0.0,99.92343045768912,99.99401966194472,0.0,82.0
0.2151,2.6604440784531365,100.0,1.0,1.0,0.0,6.0,0.0,0.0,0.0,99.92343045768912,99.99401966194472,0.0,82.0
0.2152,2.670444078453125,100.0,1.0,1.0,0.0,6.0,0.0,0.0,0.0,99.92343045768912,99.99401966194472,0.0,82.0
0.2153,2.680444078453114,100.0,1.0,1.0,0.0,6.0,0.0,0.0,0.0,99.92343045768912,99.99401966194472,0.0,82.0
0.2154,2.6904440784531056,100.0,1.0,1.0,0.0,6.0,0.0,0.0,0.0,99.92343045768912,99.99401966194472,0.0,82.0
0.2155,2.7004440784530943,100.0,1.0,1.0,0.0,6.0,0.0,0.0,0.0,99.92343045768912,99.99401966194472,0.0,82.0
0.2156,2.710444078453086,100.0,1.0,1.0,0.0,6.0,0.0,0.0,0.0,99.92343045768912,99.99401966194472,0.0,82.0
0.2157,2.720444078453075,100.0,1.0,1.0,0.0,6.0,0.0,0.0,0.0,99.92343045768912,99.99401966194472,0.0,82.0
0.2158,2.7304440784530635,100.0,1.0,1.0,0.0,6.0,0.0,0.0,0.0,99.92343045768912,99.99401966194472,0.0,82.0
0.2159,2.7404440784530553,100.0,1.0,1.0,0.0,6.0,0.0,0.0,0.0,99.92343045768912,99.99401966194472,0.0,82.0
0.216,2.750444078453044,100.0,1.0,1.0,0.0,6.0,0.0,0.0,0.0,99.92343045768912,99.99401966194472,0.0,82.0
0.2161,2.7604440784530326,100.0,1.0,1.0,0.0,6.0,0.0,0.0,0.0,99.92343045768912,99.99401966194472,0.0,82.0
0.2162,2.7704440784530244,100.0,1.0,1.0,0.0,6.0,0.0,0.0,0.0,99.92343045768912,99.99401966194472,0.0,82.0
0.2163,2.780444078453013,100.0,1.0,1.0,0.0,6.0,0.0,0.0,0.0,99.92343045768912,99.99401966194472,0.0,82.0
0.2164,2.790444078453005,100.0,1.0,1.0,0.0,6.0,0.0,0.0,0.0,99.92343045768912,99.99401966194472,0.0,82.0
0.2165,2.8004440784529936,100.0,1.0,1.0,0.0,6.0,0.0,0.0,0.0,99.92343045768912,99.99401966194472,0.0,82.0
0.2166,2.8104440784529823,100.0,1.0,1.0,0.0,6.0,0.0,0.0,0.0,99.92343045768912,99.99401966194472,0.0,82.0
0.2167,2.820444078452974,100.0,1.0,1.0,0.0,6.0,0.0,0.0,0.0,99.92343045768912,99.99401966194472,0.0,82.0
0.2168,2.8304440784529628,100.0,1.0,1.0,0.0,6.0,0.0,0.0,0.0,99.92343045768912,99.99401966194472,0.0,82.0
0.2169,2.8404440784529545,100.0,1.0,1.0,0.0,6.0,0.0,0.0,0.0,99.92343045768912,99.99401966194472,0.0,82.0
0.217,2.8504440784529432,100.0,1.0,1.0,0.0,6.0,0.0,0.0,0.0,99.92343045768912,99.99401966194472,0.0,82.0
0.2171,2.860444078452932,100.0,1.0,1.0,0.0,6.0,0.0,0.0,0.0,99.92343045768912,99.99401966194472,0.0,82.0
0.2172,2.8704440784529237,100.0,1.0,1.0,0.0,6.0,0.0,0.0,0.0,99.92343045768912,99.99401966194472,0.0,82.0
0.2173,2.8804440784529124,100.0,1.0,0.0,0.0,4.0,1.0,1.0,1.0,99.92343045769442,99.97637236088215,0.0,83.0
0.2174,2.890444078452904,100.0,1.0,0.0,0.0,4.0,0.0,0.0,0.0,99.92343045769442,99.97637236088215,0.0,83.0
0.2175,2.900444078452893,100.0,1.0,0.0,0.0,4.0,0.0,0.0,0.0,99.92343045769442,99.97637236088215,0.0,83.0
0.2176,2.9104440784528816,100.0,1.0,0.0,0.0,4.0,0.0,0.0,0.0,99.92343045769442,99.97637236088215,0.0,83.0
0.2177,2.9204440784528733,100.0,1.0,0.0,0.0,4.0,0.0,0.0,0.0,99.92343045769442,99.97637236088215,0.0,83.0
0.2178,2.930444078452862,100.0,1.0,0.0,0.0,4.0,0.0,0.0,0.0,99.92343045769442,99.97637236088215,0.0,83.0
0.2179,2.940444078452854,100.0,1.0,0.0,0.0,4.0,0.0,0.0,0.0,99.92343045769442,99.97637236088215,0.0,83.0
0.218,2.9504440784528425,100.0,1.0,0.0,0.0,4.0,0.0,0.0,0.0,99.92343045769442,99.97637236088215,0.0,83.0
0.2181,2.960444078452831,100.0,1.0,0.0,0.0,4.0,0.0,0.0,0.0,99.92343045769442,99.97637236088215,0.0,83.0
0.2182,2.970444078452823,100.0,1.0,0.0,0.0,4.0,0.0,0.0,0.0,99.92343045769442,99.97637236088215,0.0,83.0
0.2183,2.9804440784528117,100.0,1.0,0.0,0.0,4.0,0.0,0.0,0.0,99.92343045769442,99.97637236088215,0.0,83.0
0.2184,2.9904440784528035,100.0,1.0,0.0,0.0,4.0,0.0,0.0,0.0,99.92343045769442,99.97637236088215,0.0,83.0
0.2185,3.000444078452792,100.0,1.0,0.0,0.0,4.0,0.0,0.0,0.0,99.92343045769442,99.97637236088215,0.0,83.0
0.2186,3.010444078452781,100.0,1.0,0.0,0.0,4.0,0.0,0.0,0.0,99.92343045769442,99.97637236088215,0.0,83.0
0.2187,3.0204440784527726,100.0,1.0,0.0,0.0,4.0,0.0,0.0,0.0,99.92343045769442,99.97637236088215,0.0,83.0
0.2188,3.0304440784527613,100.0,1.0,0.0,0.0,4.0,0.0,0.0,0.0,99.92343045769442,99.97637236088215,0.0,83.0
0.2189,3.040444078452753,100.0,1.0,0.0,0.0,4.0,0.0,0.0,0.0,99.92343045769442,99.97637236088215,0.0,83.0
0.219,3.050444078452742,100.0,1.0,0.0,0.0,4.0,0.0,0.0,0.0,99.92343045769442,99.97637236088215,0.0,83.0
0.2191,3.0604440784527305,100.0,1.0,0.0,0.0,4.0,0.0,0.0,0.0,99.92343045769442,99.97637236088215,0.0,83.0
0.2192,3.0704440784527223,100.0,1.0,0.0,0.0,4.0,0.0,0.0,0.0,99.92343045769442,99.97637236088215,0.0,83.0
0.2193,3.080444078452711,100.0,1.0,0.0,0.0,4.0,0.0,0.0,0.0,99.92343045769442,99.97637236088215,0.0,83.0
0.2194,3.0904440784527027,100.0,1.0,0.0,0.0,4.0,0.0,0.0,0.0,99.92343045769442,99.97637236088215,0.0,83.0
0.2195,3.1004440784526914,100.0,1.0,0.0,0.0,4.0,0.0,0.0,0.0,99.92343045769442,99.97637236088215,0.0,83.0
0.2196,3.11044407845268,100.0,1.0,0.0,0.0,4.0,0.0,0.0,0.0,99.92343045769442,99.97637236088215,0.0,83.0
0.2197,3.120444078452672,100.0,1.0,0.0,0.0,4.0,0.0,0.0,0.0,99.92343045769442,99.97637236088215,0.0,83.0
0.2198,3.1304440784526606,100.0,1.0,0.0,0.0,4.0,0.0,0.0,0.0,99.92343045769442,99.97637236088215,0.0,83.0
0.2199,3.1404440784526524,100.0,1.0,0.0,0.0,4.0,0.0,0.0,0.0,99.92343045769442,99.97637236088215,0.0,83.0
0.22,-3.132741228726945,100.0,1.0,0.0,1.0,5.0,0.0,0.0,0.0,99.92343045768912,99.9631368850839,0.0,84.0
0.2201,-3.1227412287269565,100.0,1.0,0.0,1.0,5.0,0.0,0.0,0.0,99.92343045768912,99.9631368850839,0.0,84.0
0.2202,-3.1127412287269647,100.0,1.0,0.0,1.0,5.0,0.0,0.0,0.0,99.92343045768912,99.9631368850839,0.0,84.0
0.2203,-3.102741228726976,100.0,1.0,0.0,1.0,5.0,0.0,0.0,0.0,99.92343045768912,99.9631368850839,0.0,84.0
0.2204,-3.092741228726984,100.0,1.0,0.0,1.0,5.0,0.0,0.0,0.0,99.92343045768912,99.9631368850839,0.0,84.0
0.2205,-3.0827412287269955,100.0,1.0,0.0,1.0,5.0,0.0,0.0,0.0,99.92343045768912,99.9631368850839,0.0,84.0
0.2206,-3.072741228727007,100.0,1.0,0.0,1.0,5.0,0.0,0.0,0.0,99.92343045768912,99.9631368850839,0.0,84.0
0.2207,-3.062741228727015,100.0,1.0,0.0,1.0,5.0,0.0,0.0,0.0,99.92343045768912,99.9631368850839,0.0,84.0
0.2208,-3.0527412287270264,100.0,1.0,0.0,1.0,5.0,0.0,0.0,0.0,99.92343045768912,99.9631368850839,0.0,84.0
0.2209,-3.0427412287270346,100.0,1.0,0.0,1.0,5.0,0.0,0.0,0.0,99.92343045768912,99.9631368850839,0.0,84.0
0.221,-3.032741228727046,100.0,1.0,0.0,1.0,5.0,0.0,0.0,0.0,99.92343045768912,99.9631368850839,0.0,84.0
0.2211,-3.022741228727057,100.0,1.0,0.0,1.0,5.0,0.0,0.0,0.0,99.92343045768912,99.9631368850839,0.0,84.0
0.2212,-3.0127412287270654,100.0,1.0,0.0,1.0,5.0,0.0,0.0,0.0,99.92343045768912,99.9631368850839,0.0,84.0
0.2213,-3.0027412287270767,100.0,1.0,0.0,1.0,5.0,0.0,0.0,0.0,99.92343045768912,99.9631368850839,0.0,84.0
0.2214,-2.992741228727085,100.0,1.0,0.0,1.0,5.0,0.0,0.0,0.0,99.92343045768912,99.9631368850839,0.0,84.0
0.2215,-2.9827412287270962,100.0,1.0,0.0,1.0,5.0,0.0,0.0,0.0,99.92343045768912,99.9631368850839,0.0,84.0
0.2216,-2.9727412287271076,100.0,1.0,0.0,1.0,5.0,0.0,0.0,0.0,99.92343045768912,99.9631368850839,0.0,84.0
0.2217,-2.9627412287271158,100.0,1.0,0.0,1.0,5.0,0.0,0.0,0.0,99.92343045768912,99.9631368850839,0.0,84.0
0.2218,-2.952741228727127,100.0,1.0,0.0,1.0,5.0,0.0,0.0,0.0,99.92343045768912,99.9631368850839,0.0,84.0
0.2219,-2.9427412287271384,100.0,1.0,0.0,1.0,5.0,0.0,0.0,0.0,99.92343045768912,99.9631368850839,0.0,84.0
0.222,-2.9327412287271466,100.0,1.0,0.0,1.0,5.0,0.0,0.0,0.0,99.92343045768912,99.9631368850839,0.0,84.0
0.2221,-2.922741228727158,100.0,1.0,0.0,1.0,5.0,0.0,0.0,0.0,99.92343045768912,99.9631368850839,0.0,84.0
0.2222,-2.912741228727166,100.0,1.0,0.0,1.0,5.0,0.0,0.0,0.0,99.92343045768912,99.9631368850839,0.0,84.0
0.2223,-2.9027412287271774,100.0,1.0,0.0,1.0,5.0,0.0,0.0,0.0,99.92343045768912,99.9631368850839,0.0,84.0
0.2224,-2.8927412287271888,100.0,1.0,0.0,1.0,5.0,0.0,0.0,0.0,99.92343045768912,99.9631368850839,0.0,84.0
0.2225,-2.882741228727197,100.0,1.0,0.0,1.0,5.0,0.0,0.0,0.0,99.92343045768912,99.9631368850839,0.0,84.0
0.2226,-2.8727412287272083,100.0,0.0,0.0,1.0,1.0,0.0,0.0,0.0,100.30627885024877,100.04892237637512,0.0,85.0
0.2227,-2.8627412287272165,100.0,0.0,0.0,1.0,1.0,0.0,0.0,0.0,100.30627885024877,100.04892237637512,0.0,85.0
0.2228,-2.852741228727228,100.0,0.0,0.0,1.0,1.0,0.0,0.0,0.0,100.30627885024877,100.04892237637512,0.0,85.0
0.2229,-2.842741228727239,100.0,0.0,0.0,1.0,1.0,0.0,0.0,0.0,100.30627885024877,100.04892237637512,0.0,85.0
0.223,-2.8327412287272473,100.0,0.0,0.0,1.0,1.0,0.0,0.0,0.0,100.30627885024877,100.04892237637512,0.0,85.0
0.2231,-2.8227412287272586,100.0,0.0,0.0,1.0,1.0,0.0,0.0,0.0,100.30627885024877,100.04892237637512,0.0,85.0
0.2232,-2.812741228727267,100.0,0.0,0.0,1.0,1.0,0.0,0.0,0.0,100.30627885024877,100.04892237637512,0.0,85.0
0.2233,-2.802741228727278,100.0,0.0,0.0,1.0,1.0,0.0,0.0,0.0,100.30627885024877,100.04892237637512,0.0,85.0
0.2234,-2.7927412287272895,100.0,0.0,0.0,1.0,1.0,0.0,0.0,0.0,100.30627885024877,100.04892237637512,0.0,85.0
0.2235,-2.7827412287272977,100.0,0.0,0.0,1.0,1.0,0.0,0.0,0.0,100.30627885024877,100.04892237637512,0.0,85.0
0.2236,-2.772741228727309,100.0,0.0,0.0,1.0,1.0,0.0,0.0,0.0,100.30627885024877,100.04892237637512,0.0,85.0
0.2237,-2.762741228727317,100.0,0.0,0.0,1.0,1.0,0.0,0.0,0.0,100.30627885024877,100.04892237637512,0.0,85.0
0.2238,-2.7527412287273285,100.0,0.0,0.0,1.0,1.0,0.0,0.0,0.0,100.30627885024877,100.04892237637512,0.0,85.0
0.2239,-2.74274122872734,100.0,0.0,0.0,1.0,1.0,0.0,0.0,0.0,100.30627885024877,100.04892237637512,0.0,85.0
0.224,-2.732741228727348,100.0,0.0,0.0,1.0,1.0,0.0,0.0,0.0,100.30627885024877,100.04892237637512,0.0,85.0
0.2241,-2.7227412287273594,100.0,0.0,0.0,1.0,1.0,0.0,0.0,0.0,100.30627885024877,100.04892237637512,0.0,85.0
0.2242,-2.7127412287273676,100.0,0.0,0.0,1.0,1.0,0.0,0.0,0.0,100.30627885024877,100.04892237637512,0.0,85.0
0.2243,-2.702741228727379,100.0,0.0,0.0,1.0,1.0,0.0,0.0,0.0,100.30627885024877,100.04892237637512,0.0,85.0
0.2244,-2.69274122872739,100.0,0.0,0.0,1.0,1.0,0.0,0.0,0.0,100.30627885024877,100.04892237637512,0.0,85.0
0.2245,-2.6827412287273984,100.0,0.0,0.0,1.0,1.0,0.0,0.0,0.0,100.30627885024877,100.04892237637512,0.0,85.0
0.2246,-2.6727412287274097,100.0,0.0,0.0,1.0,1.0,0.0,0.0,0.0,100.30627885024877,100.04892237637512,0.0,85.0
0.2247,-2.662741228727418,100.0,0.0,0.0,1.0,1.0,0.0,0.0,0.0,100.30627885024877,100.04892237637512,0.0,85.0
0.2248,-2.6527412287274292,100.0,0.0,0.0,1.0,1.0,0.0,0.0,0.0,100.30627885024877,100.04892237637512,0.0,85.0
0.2249,-2.6427412287274406,100.0,0.0,0.0,1.0,1.0,0.0,0.0,0.0,100.30627885024877,100.04892237637512,0.0,85.0
0.225,-2.6327412287274488,100.0,0.0,0.0,1.0,1.0,0.0,0.0,0.0,100.30627885024877,100.04892237637512,0.0,85.0
0.2251,-2.62274122872746,100.0,0.0,0.0,1.0,1.0,0.0,0.0,0.0,100.30627885024877,100.04892237637512,0.0,85.0
0.2252,-2.6127412287274683,100.0,0.0,1.0,1.0,3.0,0.0,0.0,0.0,99.92343045769019,100.01754939670388,0.0,86.0
0.2253,-2.6027412287274796,100.0,0.0,1.0,1.0,3.0,0.0,0.0,0.0,99.92343045769019,100.01754939670388,0.0,86.0
0.2254,-2.592741228727491,100.0,0.0,1.0,1.0,3.0,0.0,0.0,0.0,99.92343045769019,100.01754939670388,0.0,86.0
0.2255,-2.582741228727499,100.0,0.0,1.0,1.0,3.0,0.0,0.0,0.0,99.92343045769019,100.01754939670388,0.0,86.0
0.2256,-2.5727412287275104,100.0,0.0,1.0,1.0,3.0,0.0,0.0,0.0,99.92343045769019,100.01754939670388,0.0,86.0
0.2257,-2.5627412287275186,100.0,0.0,1.0,1.0,3.0,0.0,0.0,0.0,99.92343045769019,100.01754939670388,0.0,86.0
0.2258,-2.55274122872753,100.0,0.0,1.0,1.0,3.0,0.0,0.0,0.0,99.92343045769019,100.01754939670388,0.0,86.0
0.2259,-2.5427412287275413,100.0,0.0,1.0,1.0,3.0,0.0,0.0,0.0,99.92343045769019,100.01754939670388,0.0,86.0
0.226,-2.5327412287275495,100.0,0.0,1.0,1.0,3.0,0.0,0.0,0.0,99.92343045769019,100.01754939670388,0.0,86.0
0.2261,-2.522741228727561,100.0,0.0,1.0,1.0,3.0,0.0,0.0,0.0,99.92343045769019,100.01754939670388,0.0,86.0
0.2262,-2.512741228727569,100.0,0.0,1.0,1.0,3.0,0.0,0.0,0.0,99.92343045769019,100.01754939670388,0.0,86.0
0.2263,-2.5027412287275803,100.0,0.0,1.0,1.0,3.0,0.0,0.0,0.0,99.92343045769019,100.01754939670388,0.0,86.0
0.2264,-2.4927412287275916,100.0,0.0,1.0,1.0,3.0,0.0,0.0,0.0,99.92343045769019,100.01754939670388,0.0,86.0
0.2265,-2.4827412287276,100.0,0.0,1.0,1.0,3.0,0.0,0.0,0.0,99.92343045769019,100.01754939670388,0.0,86.0
0.2266,-2.472741228727611,100.0,0.0,1.0,1.0,3.0,0.0,0.0,0.0,99.92343045769019,100.01754939670388,0.0,86.0
0.2267,-2.4627412287276194,100.0,0.0,1.0,1.0,3.0,0.0,0.0,0.0,99.92343045769019,100.01754939670388,0.0,86.0
0.2268,-2.4527412287276307,100.0,0.0,1.0,1.0,3.0,0.0,0.0,0.0,99.92343045769019,100.01754939670388,0.0,86.0
0.2269,-2.442741228727642,100.0,0.0,1.0,1.0,3.0,0.0,0.0,0.0,99.92343045769019,100.01754939670388,0.0,86.0
0.227,-2.43274122872765,100.0,0.0,1.0,1.0,3.0,0.0,0.0,0.0,99.92343045769019,100.01754939670388,0.0,86.0
0.2271,-2.4227412287276615,100.0,0.0,1.0,1.0,3.0,0.0,0.0,0.0,99.92343045769019,100.01754939670388,0.0,86.0
0.2272,-2.4127412287276697,100.0,0.0,1.0,1.0,3.0,0.0,0.0,0.0,99.92343045769019,100.01754939670388,0.0,86.0
0.2273,-2.402741228727681,100.0,0.0,1.0,1.0,3.0,0.0,0.0,0.0,99.92343045769019,100.01754939670388,0.0,86.0
0.2274,-2.3927412287276923,100.0,0.0,1.0,1.0,3.0,0.0,0.0,0.0,99.92343045769019,100.01754939670388,0.0,86.0
0.2275,-2.3827412287277006,100.0,0.0,1.0,1.0,3.0,0.0,0.0,0.0,99.92343045769019,100.01754939670388,0.0,86.0
0.2276,-2.372741228727712,100.0,0.0,1.0,1.0,3.0,0.0,0.0,0.0,99.92343045769019,100.01754939670388,0.0,86.0
0.2277,-2.36274122872772,100.0,0.0,1.0,1.0,3.0,0.0,0.0,0.0,99.92343045769019,100.01754939670388,0.0,86.0
0.2278,-2.3527412287277314,100.0,0.0,1.0,0.0,2.0,0.0,0.0,0.0,99.92343045768912,99.99401966195019,0.0,87.0
0.2279,-2.3427412287277427,100.0,0.0,1.0,0.0,2.0,0.0,0.0,0.0,99.92343045768912,99.99401966195019,0.0,87.0
0.228,-2.332741228727751,100.0,0.0,1.0,0.0,2.0,0.0,0.0,0.0,99.92343045768912,99.99401966195019,0.0,87.0
0.2281,-2.3227412287277622,100.0,0.0,1.0,0.0,2.0,0.0,0.0,0.0,99.92343045768912,99.99401966195019,0.0,87.0
0.2282,-2.3127412287277735,100.0,0.0,1.0,0.0,2.0,0.0,0.0,0.0,99.92343045768912,99.99401966195019,0.0,87.0
0.2283,-2.3027412287277818,100.0,0.0,1.0,0.0,2.0,0.0,0.0,0.0,99.92343045768912,99.99401966195019,0.0,87.0
0.2284,-2.292741228727793,100.0,0.0,1.0,0.0,2.0,0.0,0.0,0.0,99.92343045768912,99.99401966195019,0.0,87.0
0.2285,-2.2827412287278013,100.0,0.0,1.0,0.0,2.0,0.0,0.0,0.0,99.92343045768912,99.99401966195019,0.0,87.0
0.2286,-2.2727412287278126,100.0,0.0,1.0,0.0,2.0,0.0,0.0,0.0,99.92343045768912,99.99401966195019,0.0,87.0
0.2287,-2.262741228727824,100.0,0.0,1.0,0.0,2.0,0.0,0.0,0.0,99.92343045768912,99.99401966195019,0.0,87.0
0.2288,-2.252741228727832,100.0,0.0,1.0,0.0,2.0,0.0,0.0,0.0,99.92343045768912,99.99401966195019,0.0,87.0
0.2289,-2.2427412287278434,100.0,0.0,1.0,0.0,2.0,0.0,0.0,0.0,99.92343045768912,99.99401966195019,0.0,87.0
0.229,-2.2327412287278516,100.0,0.0,1.0,0.0,2.0,0.0,0.0,0.0,99.92343045768912,99.99401966195019,0.0,87.0
0.2291,-2.222741228727863,100.0,0.0,1.0,0.0,2.0,0.0,0.0,0.0,99.92343045768912,99.99401966195019,0.0,87.0
0.2292,-2.2127412287278743,100.0,0.0,1.0,0.0,2.0,0.0,0.0,0.0,99.92343045768912,99.99401966195019,0.0,87.0
0.2293,-2.2027412287278825,100.0,0.0,1.0,0.0,2.0,0.0,0.0,0.0,99.92343045768912,99.99401966195019,0.0,87.0
0.2294,-2.192741228727894,100.0,0.0,1.0,0.0,2.0,0.0,0.0,0.0,99.92343045768912,99.99401966195019,0.0,87.0
0.2295,-2.182741228727902,100.0,0.0,1.0,0.0,2.0,0.0,0.0,0.0,99.92343045768912,99.99401966195019,0.0,87.0
0.2296,-2.1727412287279133,100.0,0.0,1.0,0.0,2.0,0.0,0.0,0.0,99.92343045768912,99.99401966195019,0.0,87.0
0.2297,-2.1627412287279246,100.0,0.0,1.0,0.0,2.0,0.0,0.0,0.0,99.92343045768912,99.99401966195019,0.0,87.0
0.2298,-2.152741228727933,100.0,0.0,1.0,0.0,2.0,0.0,0.0,0.0,99.92343045768912,99.99401966195019,0.0,87.0
0.2299,-2.142741228727944,100.0,0.0,1.0,0.0,2.0,0.0,0.0,0.0,99.92343045768912,99.99401966195019,0.0,87.0
0.23,-2.1327412287279524,100.0,0.0,1.0,0.0,2.0,0.0,0.0,0.0,99.92343045768912,99.99401966195019,0.0,87.0
0.2301,-2.1227412287279637,100.0,0.0,1.0,0.0,2.0,0.0,0.0,0.0,99.92343045768912,99.99401966195019,0.0,87.0
0.2302,-2.112741228727975,100.0,0.0,1.0,0.0,2.0,0.0,0.0,0.0,99.92343045768912,99.99401966195019,0.0,87.0
0.2303,-2.102741228727983,100.0,0.0,1.0,0.0,2.0,0.0,0.0,0.0,99.92343045768912,99.99401966195019,0.0,87.0
0.2304,-2.0927412287279945,100.0,1.0,1.0,0.0,6.0,0.0,0.0,0.0,99.92343045769019,99.9763723608852,0.0,88.0
0.2305,-2.0827412287280027,100.0,1.0,1.0,0.0,6.0,0.0,0.0,0.0,99.92343045769019,99.9763723608852,0.0,88.0
0.2306,-2.072741228728014,100.0,1.0,1.0,0.0,6.0,0.0,0.0,0.0,99.92343045769019,99.9763723608852,0.0,88.0
0.2307,-2.0627412287280253,100.0,1.0,1.0,0.0,6.0,0.0,0.0,0.0,99.92343045769019,99.9763723608852,0.0,88.0
0.2308,-2.0527412287280336,100.0,1.0,1.0,0.0,6.0,0.0,0.0,0.0,99.92343045769019,99.9763723608852,0.0,88.0
0.2309,-2.042741228728045,100.0,1.0,1.0,0.0,6.0,0.0,0.0,0.0,99.92343045769019,99.9763723608852,0.0,88.0
0.231,-2.032741228728053,100.0,1.0,1.0,0.0,6.0,0.0,0.0,0.0,99.92343045769019,99.9763723608852,0.0,88.0
0.2311,-2.0227412287280644,100.0,1.0,1.0,0.0,6.0,0.0,0.0,0.0,99.92343045769019,99.9763723608852,0.0,88.0
0.2312,-2.0127412287280757,100.0,1.0,1.0,0.0,6.0,0.0,0.0,0.0,99.92343045769019,99.9763723608852,0.0,88.0
0.2313,-2.002741228728084,100.0,1.0,1.0,0.0,6.0,0.0,0.0,0.0,99.92343045769019,99.9763723608852,0.0,88.0
0.2314,-1.992741228728095,100.0,1.0,1.0,0.0,6.0,0.0,0.0,0.0,99.92343045769019,99.9763723608852,0.0,88.0
0.2315,-1.9827412287281037,100.0,1.0,1.0,0.0,6.0,0.0,0.0,0.0,99.92343045769019,99.9763723608852,0.0,88.0
0.2316,-1.972741228728115,100.0,1.0,1.0,0.0,6.0,0.0,0.0,0.0,99.92343045769019,99.9763723608852,0.0,88.0
0.2317,-1.9627412287281263,100.0,1.0,1.0,0.0,6.0,0.0,0.0,0.0,99.92343045769019,99.9763723608852,0.0,88.0
0.2318,-1.952741228728135,100.0,1.0,1.0,0.0,6.0,0.0,0.0,0.0,99.92343045769019,99.9763723608852,0.0,88.0
0.2319,-1.9427412287281463,100.0,1.0,1.0,0.0,6.0,0.0,0.0,0.0,99.92343045769019,99.9763723608852,0.0,88.0
0.232,-1.932741228728155,100.0,1.0,1.0,0.0,6.0,0.0,0.0,0.0,99.92343045769019,99.9763723608852,0.0,88.0
0.2321,-1.9227412287281662,100.0,1.0,1.0,0.0,6.0,0.0,0.0,0.0,99.92343045769019,99.9763723608852,0.0,88.0
0.2322,-1.9127412287281775,100.0,1.0,1.0,0.0,6.0,0.0,0.0,0.0,99.92343045769019,99.9763723608852,0.0,88.0
0.2323,-1.9027412287281862,100.0,1.0,1.0,0.0,6.0,0.0,0.0,0.0,99.92343045769019,99.9763723608852,0.0,88.0
0.2324,-1.8927412287281975,100.0,1.0,1.0,0.0,6.0,0.0,0.0,0.0,99.92343045769019,99.9763723608852,0.0,88.0
0.2325,-1.8827412287282062,100.0,1.0,1.0,0.0,6.0,0.0,0.0,0.0,99.92343045769019,99.9763723608852,0.0,88.0
0.2326,-1.8727412287282175,100.0,1.0,1.0,0.0,6.0,0.0,0.0,0.0,99.92343045769019,99.9763723608852,0.0,88.0
0.2327,-1.8627412287282288,100.0,1.0,1.0,0.0,6.0,0.0,0.0,0.0,99.92343045769019,99.9763723608852,0.0,88.0
0.2328,-1.8527412287282374,100.0,1.0,1.0,0.0,6.0,0.0,0.0,0.0,99.92343045769019,99.9763723608852,0.0,88.0
0.2329,-1.8427412287282487,100.0,1.0,1.0,0.0,6.0,0.0,0.0,0.0,99.92343045769019,99.9763723608852,0.0,88.0
0.233,-1.8327412287282574,100.0,1.0,1.0,0.0,6.0,0.0,0.0,0.0,99.92343045769019,99.9763723608852,0.0,88.0
0.2331,-1.8227412287282687,100.0,1.0,0.0,0.0,4.0,0.0,0.0,0.0,99.92343045769336,99.96313688508724,0.0,89.0
0.2332,-1.81274122872828,100.0,1.0,0.0,0.0,4.0,0.0,0.0,0.0,99.92343045769336,99.96313688508724,0.0,89.0
0.2333,-1.8027412287282887,100.0,1.0,0.0,0.0,4.0,0.0,0.0,0.0,99.92343045769336,99.96313688508724,0.0,89.0
0.2334,-1.7927412287283,100.0,1.0,0.0,0.0,4.0,0.0,0.0,0.0,99.92343045769336,99.96313688508724,0.0,89.0
0.2335,-1.7827412287283086,100.0,1.0,0.0,0.0,4.0,0.0,0.0,0.0,99.92343045769336,99.96313688508724,0.0,89.0
0.2336,-1.77274122872832,100.0,1.0,0.0,0.0,4.0,0.0,0.0,0.0,99.92343045769336,99.96313688508724,0.0,89.0
0.2337,-1.7627412287283313,100.0,1.0,0.0,0.0,4.0,0.0,0.0,0.0,99.92343045769336,99.96313688508724,0.0,89.0
0.2338,-1.75274122872834,100.0,1.0,0.0,0.0,4.0,0.0,0.0,0.0,99.92343045769336,99.96313688508724,0.0,89.0
0.2339,-1.7427412287283512,100.0,1.0,0.0,0.0,4.0,0.0,0.0,0.0,99.92343045769336,99.96313688508724,0.0,89.0
0.234,-1.73274122872836,100.0,1.0,0.0,0.0,4.0,0.0,0.0,0.0,99.92343045769336,99.96313688508724,0.0,89.0
0.2341,-1.7227412287283712,100.0,1.0,0.0,0.0,4.0,0.0,0.0,0.0,99.92343045769336,99.96313688508724,0.0,89.0
0.2342,-1.7127412287283825,100.0,1.0,0.0,0.0,4.0,0.0,0.0,0.0,99.92343045769336,99.96313688508724,0.0,89.0
0.2343,-1.7027412287283912,100.0,1.0,0.0,0.0,4.0,0.0,0.0,0.0,99.92343045769336,99.96313688508724,0.0,89.0
0.2344,-1.6927412287284025,100.0,1.0,0.0,0.0,4.0,0.0,0.0,0.0,99.92343045769336,99.96313688508724,0.0,89.0
0.2345,-1.6827412287284138,100.0,1.0,0.0,0.0,4.0,0.0,0.0,0.0,99.92343045769336,99.96313688508724,0.0,89.0
0.2346,-1.6727412287284225,100.0,1.0,0.0,0.0,4.0,0.0,0.0,0.0,99.92343045769336,99.96313688508724,0.0,89.0
0.2347,-1.6627412287284338,100.0,1.0,0.0,0.0,4.0,0.0,0.0,0.0,99.92343045769336,99.96313688508724,0.0,89.0
0.2348,-1.6527412287284424,100.0,1.0,0.0,0.0,4.0,0.0,0.0,0.0,99.92343045769336,99.96313688508724,0.0,89.0
0.2349,-1.6427412287284537,100.0,1.0,0.0,0.0,4.0,0.0,0.0,0.0,99.92343045769336,99.96313688508724,0.0,89.0
0.235,-1.632741228728465,100.0,1.0,0.0,0.0,4.0,0.0,0.0,0.0,99.92343045769336,99.96313688508724,0.0,89.0
0.2351,-1.6227412287284737,100.0,1.0,0.0,0.0,4.0,0.0,0.0,0.0,99.92343045769336,99.96313688508724,0.0,89.0
0.2352,-1.612741228728485,100.0,1.0,0.0,0.0,4.0,0.0,0.0,0.0,99.92343045769336,99.96313688508724,0.0,89.0
0.2353,-1.6027412287284937,100.0,1.0,0.0,0.0,4.0,0.0,0.0,0.0,99.92343045769336,99.96313688508724,0.0,89.0
0.2354,-1.592741228728505,100.0,1.0,0.0,0.0,4.0,0.0,0.0,0.0,99.92343045769336,99.96313688508724,0.0,89.0
0.2355,-1.5827412287285163,100.0,1.0,0.0,0.0,4.0,0.0,0.0,0.0,99.92343045769336,99.96313688508724,0.0,89.0
0.2356,-1.572741228728525,100.0,1.0,0.0,0.0,4.0,0.0,0.0,0.0,99.92343045769336,99.96313688508724,0.0,89.0
0.2357,-1.5627412287285363,100.0,1.0,0.0,1.0,5.0,0.0,0.0,0.0,100.30627885024877,100.04892237637762,0.0,90.0
0.2358,-1.552741228728545,100.0,1.0,0.0,1.0,5.0,0.0,0.0,0.0,100.30627885024877,100.04892237637762,0.0,90.0
0.2359,-1.5427412287285562,100.0,1.0,0.0,1.0,5.0,0.0,0.0,0.0,100.30627885024877,100.04892237637762,0.0,90.0
0.236,-1.5327412287285676,100.0,1.0,0.0,1.0,5.0,0.0,0.0,0.0,100.30627885024877,100.04892237637762,0.0,90.0
0.2361,-1.5227412287285762,100.0,1.0,0.0,1.0,5.0,0.0,0.0,0.0,100.30627885024877,100.04892237637762,0.0,90.0
0.2362,-1.5127412287285875,100.0,1.0,0.0,1.0,5.0,0.0,0.0,0.0,100.30627885024877,100.04892237637762,0.0,90.0
0.2363,-1.5027412287285962,100.0,1.0,0.0,1.0,5.0,0.0,0.0,0.0,100.30627885024877,100.04892237637762,0.0,90.0
0.2364,-1.4927412287286075,100.0,1.0,0.0,1.0,5.0,0.0,0.0,0.0,100.30627885024877,100.04892237637762,0.0,90.0
0.2365,-1.4827412287286188,100.0,1.0,0.0,1.0,5.0,0.0,0.0,0.0,100.30627885024877,100.04892237637762,0.0,90.0
0.2366,-1.4727412287286274,100.0,1.0,0.0,1.0,5.0,0.0,0.0,0.0,100.30627885024877,100.04892237637762,0.0,90.0
0.2367,-1.4627412287286388,100.0,1.0,0.0,1.0,5.0,0.0,0.0,0.0,100.30627885024877,100.04892237637762,0.0,90.0
0.2368,-1.4527412287286474,100.0,1.0,0.0,1.0,5.0,0.0,0.0,0.0,100.30627885024877,100.04892237637762,0.0,90.0
0.2369,-1.4427412287286587,100.0,1.0,0.0,1.0,5.0,0.0,0.0,0.0,100.30627885024877,100.04892237637762,0.0,90.0
0.237,-1.43274122872867,100.0,1.0,0.0,1.0,5.0,0.0,0.0,0.0,100.30627885024877,100.04892237637762,0.0,90.0
0.2371,-1.4227412287286787,100.0,1.0,0.0,1.0,5.0,0.0,0.0,0.0,100.30627885024877,100.04892237637762,0.0,90.0
0.2372,-1.41274122872869,100.0,1.0,0.0,1.0,5.0,0.0,0.0,0.0,100.30627885024877,100.04892237637762,0.0,90.0
0.2373,-1.4027412287286987,100.0,1.0,0.0,1.0,5.0,0.0,0.0,0.0,100.30627885024877,100.04892237637762,0.0,90.0
0.2374,-1.39274122872871,100.0,1.0,0.0,1.0,5.0,0.0,0.0,0.0,100.30627885024877,100.04892237637762,0.0,90.0
0.2375,-1.3827412287287213,100.0,1.0,0.0,1.0,5.0,0.0,0.0,0.0,100.30627885024877,100.04892237637762,0.0,90.0
0.2376,-1.37274122872873,100.0,1.0,0.0,1.0,5.0,0.0,0.0,0.0,100.30627885024877,100.04892237637762,0.0,90.0
0.2377,-1.3627412287287413,100.0,1.0,0.0,1.0,5.0,0.0,0.0,0.0,100.30627885024877,100.04892237637762,0.0,90.0
0.2378,-1.35274122872875,100.0,1.0,0.0,1.0,5.0,0.0,0.0,0.0,100.30627885024877,100.04892237637762,0.0,90.0
0.2379,-1.3427412287287612,100.0,1.0,0.0,1.0,5.0,0.0,0.0,0.0,100.30627885024877,100.04892237637762,0.0,90.0
0.238,-1.3327412287287725,100.0,1.0,0.0,1.0,5.0,0.0,0.0,0.0,100.30627885024877,100.04892237637762,0.0,90.0
0.2381,-1.3227412287287812,100.0,1.0,0.0,1.0,5.0,0.0,0.0,0.0,100.30627885024877,100.04892237637762,0.0,90.0
0.2382,-1.3127412287287925,100.0,1.0,0.0,1.0,5.0,0.0,0.0,0.0,100.30627885024877,100.04892237637762,0.0,90.0
0.2383,-1.3027412287288012,100.0,0.0,0.0,1.0,1.0,0.0,0.0,0.0,99.92343045769019,100.01754939670576,0.0,91.0
0.2384,-1.2927412287288125,100.0,0.0,0.0,1.0,1.0,0.0,0.0,0.0,99.92343045769019,100.01754939670576,0.0,91.0
0.2385,-1.2827412287288238,100.0,0.0,0.0,1.0,1.0,0.0,0.0,0.0,99.92343045769019,100.01754939670576,0.0,91.0
0.2386,-1.2727412287288324,100.0,0.0,0.0,1.0,1.0,0.0,0.0,0.0,99.92343045769019,100.01754939670576,0.0,91.0
0.2387,-1.2627412287288438,100.0,0.0,0.0,1.0,1.0,0.0,0.0,0.0,99.92343045769019,100.01754939670576,0.0,91.0
0.2388,-1.2527412287288524,100.0,0.0,0.0,1.0,1.0,0.0,0.0,0.0,99.92343045769019,100.01754939670576,0.0,91.0
0.2389,-1.2427412287288637,100.0,0.0,0.0,1.0,1.0,0.0,0.0,0.0,99.92343045769019,100.01754939670576,0.0,91.0
0.239,-1.232741228728875,100.0,0.0,0.0,1.0,1.0,0.0,0.0,0.0,99.92343045769019,100.01754939670576,0.0,91.0
0.2391,-1.2227412287288837,100.0,0.0,0.0,1.0,1.0,0.0,0.0,0.0,99.92343045769019,100.01754939670576,0.0,91.0
0.2392,-1.212741228728895,100.0,0.0,0.0,1.0,1.0,0.0,0.0,0.0,99.92343045769019,100.01754939670576,0.0,91.0
0.2393,-1.2027412287289037,100.0,0.0,0.0,1.0,1.0,0.0,0.0,0.0,99.92343045769019,100.01754939670576,0.0,91.0
0.2394,-1.192741228728915,100.0,0.0,0.0,1.0,1.0,0.0,0.0,0.0,99.92343045769019,100.01754939670576,0.0,91.0
0.2395,-1.1827412287289263,100.0,0.0,0.0,1.0,1.0,0.0,0.0,0.0,99.92343045769019,100.01754939670576,0.0,91.0
0.2396,-1.172741228728935,100.0,0.0,0.0,1.0,1.0,0.0,0.0,0.0,99.92343045769019,100.01754939670576,0.0,91.0
0.2397,-1.1627412287289463,100.0,0.0,0.0,1.0,1.0,0.0,0.0,0.0,99.92343045769019,100.01754939670576,0.0,91.0
0.2398,-1.152741228728955,100.0,0.0,0.0,1.0,1.0,0.0,0.0,0.0,99.92343045769019,100.01754939670576,0.0,91.0
0.2399,-1.1427412287289662,100.0,0.0,0.0,1.0,1.0,0.0,0.0,0.0,99.92343045769019,100.01754939670576,0.0,91.0
0.24,-1.1327412287289775,100.0,0.0,0.0,1.0,1.0,0.0,0.0,0.0,99.92343045769019,100.01754939670576,0.0,91.0
0.2401,-1.1227412287289862,100.0,0.0,0.0,1.0,1.0,0.0,0.0,0.0,99.92343045769019,100.01754939670576,0.0,91.0
0.2402,-1.1127412287289975,100.0,0.0,0.0,1.0,1.0,0.0,0.0,0.0,99.92343045769019,100.01754939670576,0.0,91.0
0.2403,-1.1027412287290062,100.0,0.0,0.0,1.0,1.0,0.0,0.0,0.0,99.92343045769019,100.01754939670576,0.0,91.0
0.2404,-1.0927412287290175,100.0,0.0,0.0,1.0,1.0,0.0,0.0,0.0,99.92343045769019,100.01754939670576,0.0,91.0
0.2405,-1.0827412287290288,100.0,0.0,0.0,1.0,1.0,0.0,0.0,0.0,99.92343045769019,100.01754939670576,0.0,91.0
0.2406,-1.0727412287290374,100.0,0.0,0.0,1.0,1.0,0.0,0.0,0.0,99.92343045769019,100.01754939670576,0.0,91.0
0.2407,-1.0627412287290487,100.0,0.0,0.0,1.0,1.0,0.0,0.0,0.0,99.92343045769019,100.01754939670576,0.0,91.0
0.2408,-1.05274122872906,100.0,0.0,0.0,1.0,1.0,0.0,0.0,0.0,99.92343045769019,100.01754939670576,0.0,91.0
0.2409,-1.0427412287290687,100.0,0.0,1.0,1.0,3.0,0.0,0.0,0.0,99.92343045769019,99.99401966195187,0.0,92.0
0.241,-1.03274122872908,100.0,0.0,1.0,1.0,3.0,0.0,0.0,0.0,99.92343045769019,99.99401966195187,0.0,92.0
0.2411,-1.0227412287290887,100.0,0.0,1.0,1.0,3.0,0.0,0.0,0.0,99.92343045769019,99.99401966195187,0.0,92.0
0.2412,-1.0127412287291,100.0,0.0,1.0,1.0,3.0,0.0,0.0,0.0,99.92343045769019,99.99401966195187,0.0,92.0
0.2413,-1.0027412287291113,100.0,0.0,1.0,1.0,3.0,0.0,0.0,0.0,99.92343045769019,99.99401966195187,0.0,92.0
0.2414,-0.992741228729119,100.0,0.0,1.0,1.0,3.0,0.0,0.0,0.0,99.92343045769019,99.99401966195187,0.0,92.0
0.2415,-0.9827412287291291,100.0,0.0,1.0,1.0,3.0,0.0,0.0,0.0,99.92343045769019,99.99401966195187,0.0,92.0
0.2416,-0.9727412287291364,100.0,0.0,1.0,1.0,3.0,0.0,0.0,0.0,99.92343045769019,99.99401966195187,0.0,92.0
0.2417,-0.9627412287291465,100.0,0.0,1.0,1.0,3.0,0.0,0.0,0.0,99.92343045769019,99.99401966195187,0.0,92.0
0.2418,-0.9527412287291566,100.0,0.0,1.0,1.0,3.0,0.0,0.0,0.0,99.92343045769019,99.99401966195187,0.0,92.0
0.2419,-0.9427412287291639,100.0,0.0,1.0,1.0,3.0,0.0,0.0,0.0,99.92343045769019,99.99401966195187,0.0,92.0
0.242,-0.932741228729174,100.0,0.0,1.0,1.0,3.0,0.0,0.0,0.0,99.92343045769019,99.99401966195187,0.0,92.0
0.2421,-0.9227412287291813,100.0,0.0,1.0,1.0,3.0,0.0,0.0,0.0,99.92343045769019,99.99401966195187,0.0,92.0
0.2422,-0.9127412287291914,100.0,0.0,1.0,1.0,3.0,0.0,0.0,0.0,99.92343045769019,99.99401966195187,0.0,92.0
0.2423,-0.9027412287292015,100.0,0.0,1.0,1.0,3.0,0.0,0.0,0.0,99.92343045769019,99.99401966195187,0.0,92.0
0.2424,-0.8927412287292088,100.0,0.0,1.0,1.0,3.0,0.0,0.0,0.0,99.92343045769019,99.99401966195187,0.0,92.0
0.2425,-0.8827412287292189,100.0,0.0,1.0,1.0,3.0,0.0,0.0,0.0,99.92343045769019,99.99401966195187,0.0,92.0
0.2426,-0.8727412287292262,100.0,0.0,1.0,1.0,3.0,0.0,0.0,0.0,99.92343045769019,99.99401966195187,0.0,92.0
0.2427,-0.8627412287292363,100.0,0.0,1.0,1.0,3.0,0.0,0.0,0.0,99.92343045769019,99.99401966195187,0.0,92.0
0.2428,-0.8527412287292464,100.0,0.0,1.0,1.0,3.0,0.0,0.0,0.0,99.92343045769019,99.99401966195187,0.0,92.0
0.2429,-0.8427412287292537,100.0,0.0,1.0,1.0,3.0,0.0,0.0,0.0,99.92343045769019,99.99401966195187,0.0,92.0
0.243,-0.8327412287292638,100.0,0.0,1.0,1.0,3.0,0.0,0.0,0.0,99.92343045769019,99.99401966195187,0.0,92.0
0.2431,-0.8227412287292711,100.0,0.0,1.0,1.0,3.0,0.0,0.0,0.0,99.92343045769019,99.99401966195187,0.0,92.0
0.2432,-0.8127412287292812,100.0,0.0,1.0,1.0,3.0,0.0,0.0,0.0,99.92343045769019,99.99401966195187,0.0,92.0
0.2433,-0.8027412287292913,100.0,0.0,1.0,1.0,3.0,0.0,0.0,0.0,99.92343045769019,99.99401966195187,0.0,92.0
0.2434,-0.7927412287292986,100.0,0.0,1.0,1.0,3.0,0.0,0.0,0.0,99.92343045769019,99.99401966195187,0.0,92.0
0.2435,-0.7827412287293087,100.0,0.0,1.0,0.0,2.0,0.0,0.0,0.0,99.92343045768912,99.97637236088617,0.0,93.0
0.2436,-0.772741228729316,100.0,0.0,1.0,0.0,2.0,0.0,0.0,0.0,99.92343045768912,99.97637236088617,0.0,93.0
0.2437,-0.7627412287293261,100.0,0.0,1.0,0.0,2.0,0.0,0.0,0.0,99.92343045768912,99.97637236088617,0.0,93.0
0.2438,-0.7527412287293362,100.0,0.0,1.0,0.0,2.0,0.0,0.0,0.0,99.92343045768912,99.97637236088617,0.0,93.0
0.2439,-0.7427412287293436,100.0,0.0,1.0,0.0,2.0,0.0,0.0,0.0,99.92343045768912,99.97637236088617,0.0,93.0
0.244,-0.7327412287293537,100.0,0.0,1.0,0.0,2.0,0.0,0.0,0.0,99.92343045768912,99.97637236088617,0.0,93.0
0.2441,-0.722741228729361,100.0,0.0,1.0,0.0,2.0,0.0,0.0,0.0,99.92343045768912,99.97637236088617,0.0,93.0
0.2442,-0.7127412287293711,100.0,0.0,1.0,0.0,2.0,0.0,0.0,0.0,99.92343045768912,99.97637236088617,0.0,93.0
0.2443,-0.7027412287293812,100.0,0.0,1.0,0.0,2.0,0.0,0.0,0.0,99.92343045768912,99.97637236088617,0.0,93.0
0.2444,-0.6927412287293885,100.0,0.0,1.0,0.0,2.0,0.0,0.0,0.0,99.92343045768912,99.97637236088617,0.0,93.0
0.2445,-0.6827412287293986,100.0,0.0,1.0,0.0,2.0,0.0,0.0,0.0,99.92343045768912,99.97637236088617,0.0,93.0
0.2446,-0.6727412287294059,100.0,0.0,1.0,0.0,2.0,0.0,0.0,0.0,99.92343045768912,99.97637236088617,0.0,93.0
0.2447,-0.662741228729416,100.0,0.0,1.0,0.0,2.0,0.0,0.0,0.0,99.92343045768912,99.97637236088617,0.0,93.0
0.2448,-0.6527412287294261,100.0,0.0,1.0,0.0,2.0,0.0,0.0,0.0,99.92343045768912,99.97637236088617,0.0,93.0
0.2449,-0.6427412287294334,100.0,0.0,1.0,0.0,2.0,0.0,0.0,0.0,99.92343045768912,99.97637236088617,0.0,93.0
0.245,-0.6327412287294435,100.0,0.0,1.0,0.0,2.0,0.0,0.0,0.0,99.92343045768912,99.97637236088617,0.0,93.0
0.2451,-0.6227412287294508,100.0,0.0,1.0,0.0,2.0,0.0,0.0,0.0,99.92343045768912,99.97637236088617,0.0,93.0
0.2452,-0.6127412287294609,100.0,0.0,1.0,0.0,2.0,0.0,0.0,0.0,99.92343045768912,99.97637236088617,0.0,93.0
0.2453,-0.602741228729471,100.0,0.0,1.0,0.0,2.0,0.0,0.0,0.0,99.92343045768912,99.97637236088617,0.0,93.0
0.2454,-0.5927412287294783,100.0,0.0,1.0,0.0,2.0,0.0,0.0,0.0,99.92343045768912,99.97637236088617,0.0,93.0
0.2455,-0.5827412287294884,100.0,0.0,1.0,0.0,2.0,0.0,0.0,0.0,99.92343045768912,99.97637236088617,0.0,93.0
0.2456,-0.5727412287294957,100.0,0.0,1.0,0.0,2.0,0.0,0.0,0.0,99.92343045768912,99.97637236088617,0.0,93.0
0.2457,-0.5627412287295058,100.0,0.0,1.0,0.0,2.0,0.0,0.0,0.0,99.92343045768912,99.97637236088617,0.0,93.0
0.2458,-0.5527412287295159,100.0,0.0,1.0,0.0,2.0,0.0,0.0,0.0,99.92343045768912,99.97637236088617,0.0,93.0
0.2459,-0.5427412287295232,100.0,0.0,1.0,0.0,2.0,0.0,0.0,0.0,99.92343045768912,99.97637236088617,0.0,93.0
0.246,-0.5327412287295333,100.0,0.0,1.0,0.0,2.0,0.0,0.0,0.0,99.92343045768912,99.97637236088617,0.0,93.0
0.2461,-0.5227412287295407,100.0,1.0,1.0,0.0,6.0,1.0,1.0,1.0,99.92343045769336,99.96313688508798,0.0,94.0
0.2462,-0.5127412287295507,100.0,1.0,1.0,0.0,6.0,0.0,0.0,0.0,99.92343045769336,99.96313688508798,0.0,94.0
0.2463,-0.5027412287295608,100.0,1.0,1.0,0.0,6.0,0.0,0.0,0.0,99.92343045769336,99.96313688508798,0.0,94.0
0.2464,-0.49274122872956816,100.0,1.0,1.0,0.0,6.0,0.0,0.0,0.0,99.92343045769336,99.96313688508798,0.0,94.0
0.2465,-0.48274122872957825,100.0,1.0,1.0,0.0,6.0,0.0,0.0,0.0,99.92343045769336,99.96313688508798,0.0,94.0
0.2466,-0.47274122872958557,100.0,1.0,1.0,0.0,6.0,0.0,0.0,0.0,99.92343045769336,99.96313688508798,0.0,94.0
0.2467,-0.46274122872959567,100.0,1.0,1.0,0.0,6.0,0.0,0.0,0.0,99.92343045769336,99.96313688508798,0.0,94.0
0.2468,-0.45274122872960576,100.0,1.0,1.0,0.0,6.0,0.0,0.0,0.0,99.92343045769336,99.96313688508798,0.0,94.0
0.2469,-0.4427412287296131,100.0,1.0,1.0,0.0,6.0,0.0,0.0,0.0,99.92343045769336,99.96313688508798,0.0,94.0
0.247,-0.4327412287296232,100.0,1.0,1.0,0.0,6.0,0.0,0.0,0.0,99.92343045769336,99.96313688508798,0.0,94.0
0.2471,-0.42274122872963327,100.0,1.0,1.0,0.0,6.0,0.0,0.0,0.0,99.92343045769336,99.96313688508798,0.0,94.0
0.2472,-0.4127412287296406,100.0,1.0,1.0,0.0,6.0,0.0,0.0,0.0,99.92343045769336,99.96313688508798,0.0,94.0
0.2473,-0.4027412287296507,100.0,1.0,1.0,0.0,6.0,0.0,0.0,0.0,99.92343045769336,99.96313688508798,0.0,94.0
0.2474,-0.392741228729658,100.0,1.0,1.0,0.0,6.0,0.0,0.0,0.0,99.92343045769336,99.96313688508798,0.0,94.0
0.2475,-0.3827412287296681,100.0,1.0,1.0,0.0,6.0,0.0,0.0,0.0,99.92343045769336,99.96313688508798,0.0,94.0
0.2476,-0.3727412287296782,100.0,1.0,1.0,0.0,6.0,0.0,0.0,0.0,99.92343045769336,99.96313688508798,0.0,94.0
0.2477,-0.3627412287296855,100.0,1.0,1.0,0.0,6.0,0.0,0.0,0.0,99.92343045769336,99.96313688508798,0.0,94.0
0.2478,-0.3527412287296956,100.0,1.0,1.0,0.0,6.0,0.0,0.0,0.0,99.92343045769336,99.96313688508798,0.0,94.0
0.2479,-0.3427412287297029,100.0,1.0,1.0,0.0,6.0,0.0,0.0,0.0,99.92343045769336,99.96313688508798,0.0,94.0
0.248,-0.332741228729713,100.0,1.0,1.0,0.0,6.0,0.0,0.0,0.0,99.92343045769336,99.96313688508798,0.0,94.0
0.2481,-0.3227412287297231,100.0,1.0,1.0,0.0,6.0,0.0,0.0,0.0,99.92343045769336,99.96313688508798,0.0,94.0
0.2482,-0.3127412287297304,100.0,1.0,1.0,0.0,6.0,0.0,0.0,0.0,99.92343045769336,99.96313688508798,0.0,94.0
0.2483,-0.3027412287297405,100.0,1.0,1.0,0.0,6.0,0.0,0.0,0.0,99.92343045769336,99.96313688508798,0.0,94.0
0.2484,-0.29274122872974784,100.0,1.0,1.0,0.0,6.0,0.0,0.0,0.0,99.92343045769336,99.96313688508798,0.0,94.0
0.2485,-0.28274122872975793,100.0,1.0,1.0,0.0,6.0,0.0,0.0,0.0,99.92343045769336,99.96313688508798,0.0,94.0
0.2486,-0.272741228729768,100.0,1.0,1.0,0.0,6.0,0.0,0.0,0.0,99.92343045769336,99.96313688508798,0.0,94.0
0.2487,-0.26274122872977534,100.0,1.0,1.0,0.0,6.0,0.0,0.0,0.0,99.92343045769336,99.96313688508798,0.0,94.0
0.2488,-0.25274122872978544,100.0,1.0,0.0,0.0,4.0,0.0,0.0,0.0,100.30627885024877,100.04892237637817,0.0,95.0
0.2489,-0.24274122872979279,100.0,1.0,0.0,0.0,4.0,0.0,0.0,0.0,100.30627885024877,100.04892237637817,0.0,95.0
0.249,-0.23274122872980288,100.0,1.0,0.0,0.0,4.0,0.0,0.0,0.0,100.30627885024877,100.04892237637817,0.0,95.0
0.2491,-0.22274122872981297,100.0,1.0,0.0,0.0,4.0,0.0,0.0,0.0,100.30627885024877,100.04892237637817,0.0,95.0
0.2492,-0.2127412287298203,100.0,1.0,0.0,0.0,4.0,0.0,0.0,0.0,100.30627885024877,100.04892237637817,0.0,95.0
0.2493,-0.2027412287298304,100.0,1.0,0.0,0.0,4.0,0.0,0.0,0.0,100.30627885024877,100.04892237637817,0.0,95.0
0.2494,-0.1927412287298377,100.0,1.0,0.0,0.0,4.0,0.0,0.0,0.0,100.30627885024877,100.04892237637817,0.0,95.0
0.2495,-0.1827412287298478,100.0,1.0,0.0,0.0,4.0,0.0,0.0,0.0,100.30627885024877,100.04892237637817,0.0,95.0
0.2496,-0.1727412287298579,100.0,1.0,0.0,0.0,4.0,0.0,0.0,0.0,100.30627885024877,100.04892237637817,0.0,95.0
0.2497,-0.1627412287298652,100.0,1.0,0.0,0.0,4.0,0.0,0.0,0.0,100.30627885024877,100.04892237637817,0.0,95.0
0.2498,-0.1527412287298753,100.0,1.0,0.0,0.0,4.0,0.0,0.0,0.0,100.30627885024877,100.04892237637817,0.0,95.0
0.2499,-0.14274122872988262,100.0,1.0,0.0,0.0,4.0,0.0,0.0,0.0,100.30627885024877,100.04892237637817,0.0,95.0
0.25,-0.13274122872989272,100.0,1.0,0.0,0.0,4.0,0.0,0.0,0.0,100.30627885024877,100.04892237637817,0.0,95.0
