time_s,command_step,ia_A,ib_A,ic_A,ea_V,eb_V,ec_V,speed_rad_s,torque_Nm,cmd_a,cmd_b,cmd_c,vab_V,vbc_V,vca_V
0.0,0,0.0,0.0,0.0,0.0,0.0,0.0,0.0,0.0,1.0,-1.0,0.0,48.0,-24.0,-24.0
0.0001,0,0.8393043318009202,-0.8393043318009202,0.0,1.613904915570567e-09,-0.003351827465365371,0.003351827376877949,0.008395895512237947,0.33506904196071574,1.0,-1.0,0.0,48.0,-24.00502774030261,-23.99497225969739
0.0002,0,1.6671031329280752,-1.6671031329280752,0.0,5.123357946107723e-08,-0.013346151708826538,0.013346148899784135,0.033430385687361175,0.665547114713387,1.0,-1.0,0.0,48.0,-24.02001919913741,-23.979980800862595
0.0003,0,2.4834371718577453,-2.4834371718577453,0.0,3.859496568203949e-07,-0.029891551597917922,0.02989153043701205,0.0748744560954833,0.9914562684746564,1.0,-1.0,0.0,48.0,-24.044837113261146,-23.955162886738858
0.0004,0,3.288348251146173,-3.288348251146173,0.0,1.6133837314701277e-06,-0.05289709686584627,0.05289700840700091,0.13250029641804853,1.312822582587012,1.0,-1.0,0.0,48.0,-24.079344750148056,-23.920655249851944
0.0005,0,4.081879176076604,-4.081879176076604,0.0,4.884223201992183e-06,-0.0822724311861787,0.08227216339326272,0.20608149669147308,1.6296759574482158,1.0,-1.0,0.0,48.0,-24.123405936874754,-23.87659406312525
0.0006,0,4.864073719377247,-4.864073719377247,0.0,1.205604007023613e-05,-0.11792785088193938,0.1179271898716262,0.2953932332140921,1.9420499091438839,1.0,-1.0,0.0,48.0,-24.17688508729257,-23.823114912707435
0.0007,0,5.634976582289638,-5.634976582289638,0.0,2.5848628736307904e-05,-0.1597743793312189,0.15977296209907085,0.40021244425590546,2.2499813669539743,1.0,-1.0,0.0,48.0,-24.23964722745031,-23.760352772549687
0.0008,0,6.39463335225774,-6.39463335225774,0.0,4.9991109882773246e-05,-0.20772383713494466,0.2077210962163871,0.5203179957187647,2.5535104738887067,1.0,-1.0,0.0,48.0,-24.31155801922892,-23.68844198077108
0.0009,0,7.143090457498878,-7.143090457498878,0.0,8.936105787816821e-05,-0.2616889081156319,0.26168400861964614,0.6554908369020553,2.8526803903946516,1.0,-1.0,0.0,48.0,-24.392483782148517,-23.607516217851476
0.001,0,7.88039511870828,-7.88039511870828,0.0,0.00015011591788316597,-0.32158320121872425,0.3215749706580006,0.8055141465356033,3.1475371013575133,1.0,-1.0,0.0,48.0,-24.482291513308418,-23.517708486691582
0.0011,0,8.6065952981395,-8.6065952981395,0.0,0.00023981698615005748,-0.3873213083905506,0.387308159717701,0.970173469247515,3.4381292265144148,1.0,-1.0,0.0,48.0,-24.5808489054199,-23.419151094580098
0.0012,0,9.32173964629366,-9.32173964629366,0.0,0.00036754623300703544,-0.4588188585089674,0.4587987067544087,1.1492568426399727,3.72450783437557,1.0,-1.0,0.0,48.0,-24.688024362892385,-23.311975637107608
0.0013,0,10.025877446440964,-10.025877446440964,0.0,0.0005440162528530295,-0.5359925674444372,0.5359627403379644,1.3425549151507061,4.006726259742834,1.0,-1.0,0.0,48.0,-24.803687015933757,-23.196312984066243
0.0014,0,10.71905855718848,-10.71905855718848,0.0,0.0007816736292954925,-0.6187602843305889,0.6187174272757107,1.5498610548819034,4.284839924901029,1.0,-1.0,0.0,48.0,-24.927706732626362,-23.072293267373638
0.0015,0,11.401333353298968,-11.401333353298968,0.0,0.001094796006479625,-0.7070410341242778,0.7069810098823616,1.7709714495818971,4.5589061645471185,1.0,-1.0,0.0,48.0,-25.059954128941264,-22.94004587105874
0.0016,0,12.072752664956068,-12.072752664956068,0.0,0.0014995831598169002,-0.8007550565357361,0.8006728399662112,2.0056851979679107,4.828984054512037,1.0,-1.0,0.0,48.0,-25.200300576654165,-22.799699423345828
0.0017,0,12.733367715662053,-12.733367715662053,0.0,0.002014242360853764,-0.8998238414096693,0.8997134096032692,2.2538043925806814,5.09513424432064,1.0,-1.0,0.0,48.0,-25.348618209127686,-22.65138179087232
0.0018,0,13.383230058945271,-13.383230058945271,0.0,0.0026590683320536442,-1.0041701606380513,1.0040243787726857,2.515134194363817,5.3574187936265165,1.0,-1.0,0.0,48.0,-25.50477992492569,-22.495220075074315
0.0019,0,14.022391514045347,-14.022391514045347,0.0,0.003456518087917781,-1.1137180966849463,1.113528599928619,2.789482899162375,5.615901012550357,1.0,-1.0,0.0,48.0,-25.668659389227138,-22.33134061077287
0.002,0,14.650904100735373,-14.650904100735373,0.0,0.004431280959258313,-1.2283930678029487,1.2281501395855614,3.0766619963364126,5.870645305943343,1.0,-1.0,0.0,48.0,-25.8401310330074,-22.159868966992594
0.0021,0,15.268819973431567,-15.268819973431567,0.0,0.00561034409766998,-1.348121850019757,1.3478142969960292,3.376486219686151,6.121717021590215,1.0,-1.0,0.0,48.0,-26.019070049957072,-21.980929950042928
0.0022,0,15.876191354732347,-15.876191354732347,0.0,0.0070230537574284945,-1.4728325959720547,1.4724476200015577,3.688773590885983,6.369182302360838,1.0,-1.0,0.0,48.0,-26.205352391108875,-21.794647608891125
0.0023,0,16.473070468520202,-16.473070468520202,0.0,0.008701172652271008,-1.6024548506621996,1.6019779181400255,4.013345455624836,6.613107942313414,1.0,-1.0,0.0,48.0,-26.39885475714499,-21.60114524285501
0.0024,0,17.0595094727515,-17.0595094727515,0.0,0.010678933684878248,-1.7369195642113313,1.7363342730946583,4.350026512650478,6.853561246747773,1.0,-1.0,0.0,48.0,-26.599454588357883,-21.400545411642113
0.0025,0,17.635560392051147,-17.635560392051147,0.0,0.01299309034746189,-1.8761591016802943,1.8754470465724362,4.698644835915117,7.090609896202669,1.0,-1.0,0.0,48.0,-26.807030052238854,-21.192969947761146
0.0026,0,18.20127505022111,-18.20127505022111,0.0,0.015682964092741808,-2.020107250027361,2.0192478857022707,5.059031890019262,7.3243218143871855,1.0,-1.0,0.0,48.0,-27.02146002866958,-20.97853997133042
0.0027,0,18.75670500276357,-18.75670500276357,0.0,0.018790488975844604,-2.16869922226909,2.167669726046157,5.4310225391502325,7.554765040032682,1.0,-1.0,0.0,48.0,-27.242624092692783,-20.757375907307217
0.0028,0,19.301901469512195,-19.301901469512195,0.0,0.022360253869328845,-2.3218716589077895,2.3206467923195198,5.814455049710952,7.78200760264875,1.0,-1.0,0.0,48.0,-27.47040249483875,-20.52959750516125
0.0029,0,19.83691526745684,-19.83691526745684,0.0,0.026439542555695597,-2.4795626266859925,2.4781145969202885,6.209171086833718,8.006117402163582,1.0,-1.0,0.0,48.0,-27.704676138985434,-20.295323861014566
0.003,0,20.361796743839967,-20.361796743839967,0.0,0.03107837200442009,-2.6417116147251782,2.6400099363698164,6.615015704972667,8.227162092426761,1.0,-1.0,0.0,48.0,-27.945326557730194,-20.054673442269802
0.0031,0,20.876595709595165,-20.876595709595165,0.0,0.0363295291437741,-2.8082595281025657,2.806270885772554,7.031837332767413,8.445208968549748,1.0,-1.0,0.0,48.0,-28.19223588525196,-19.807764114748046
0.0032,0,21.381361373191215,-21.381361373191215,0.0,0.042248606441523194,-2.9791486789163755,2.9768367914055758,7.459487752369106,8.660324858057304,1.0,-1.0,0.0,48.0,-28.445286827642995,-19.554713172356998
0.0033,0,21.876142274937614,-21.876142274937614,0.0,0.04889403661298897,-3.154322774886369,3.151648261553479,7.8978220734187365,8.872576015820394,1.0,-1.0,0.0,48.0,-28.704362630690163,-19.29563736930983
0.0034,0,22.360986221800626,-22.360986221800626,0.0,0.05632712677996289,-3.3337269055328633,3.330647155708946,8.346698701865959,9.082028022739106,1.0,-1.0,0.0,48.0,-28.9693470450854,-19.0306529549146
0.0035,0,22.835940222771338,-22.835940222771338,0.0,0.06461209240952918,-3.5173075259737443,3.513776572264347,8.805979303815098,9.28874568814111,1.0,-1.0,0.0,48.0,-29.240124289046456,-18.759875710953548
0.0036,0,23.30105042482089,-23.30105042482089,0.0,0.07381609136796732,-3.705012438375388,3.7009808348252315,9.27552876458322,9.492792955858848,1.0,-1.0,0.0,48.0,-29.51657900832894,-18.483420991671057
0.0037,0,23.756362049470283,-23.756362049470283,0.0,0.08400925843151143,-3.8967907710897367,3.892205477282229,9.755215143153169,9.694232813945014,1.0,-1.0,0.0,48.0,-29.79859623361134,-18.20140376638866
0.0038,0,24.20191932999583,-24.20191932999583,0.0,0.09526474060277405,-4.092592955506311,4.087397227784076,10.244909622202478,9.893127207982621,1.0,-1.0,0.0,48.0,-30.086061335235843,-17.913938664764157
0.0039,0,24.637765449284032,-24.637765449284032,0.0,0.10765873358900352,-4.292370700644414,4.286503991760749,10.74448645388659,10.08953695794134,1.0,-1.0,0.0,48.0,-30.37885997528845,-17.621140024711547
0.004,0,25.063942478342966,-25.063942478342966,0.0,0.12127051980592493,-4.496076965507652,4.4894748341525075,11.253822901552562,10.283521678527146,1.0,-1.0,0.0,48.0,-30.67687805700337,-17.32312194299663
0.0041,0,25.48049131547022,-25.48049131547022,0.0,0.1361825082785602,-4.7036659292197065,4.696259961007467,11.772799177556191,10.475139702966203,1.0,-1.0,0.0,48.0,-30.980001671478036,-17.019998328521964
0.0042,0,25.88745162607079,-25.88745162607079,0.0,0.15248027681798695,-4.9150929589576,4.906810700617675,12.30129837735301,10.664448010157138,1.0,-1.0,0.0,48.0,-31.28811704168748,-16.711882958312515
0.0043,0,26.284861783111207,-26.284861783111207,0.0,0.17025261686022694,-5.130314575696145,5.121079484370883,12.839206410029549,10.85150215511781,1.0,-1.0,0.0,48.0,-31.60111046378884,-16.398889536211158
0.0044,0,26.672758808189442,-26.672758808189442,0.0,0.18959158136015533,-5.349288417775037,5.3390198275027565,13.386411925437477,11.036356202643107,1.0,-1.0,0.0,48.0,-31.9188682457102,-16.081131754289803
0.0045,0,27.051178313193468,-27.051178313193468,0.0,0.21059253613918405,-5.5719732022984445,5.5605863099418364,13.942806238089085,11.219062664079468,1.0,-1.0,0.0,48.0,-32.241276643021465,-15.758723356978535
0.0046,0,27.420154442514125,-27.420154442514125,0.0,0.23335421509016546,-5.798328684375567,5.785734557447012,14.508283247967197,11.39967243710899,1.0,-1.0,0.0,48.0,-32.568221792089716,-15.431778207910284
0.0047,0,27.779719815771777,-27.779719815771777,0.0,0.25797877964612137,-6.028315614209752,6.01442122324454,15.082739358396909,11.578234748421323,1.0,-1.0,0.0,48.0,-32.89958964052636,-15.100410359473642
0.0048,0,28.129905471008914,-28.129905471008914,0.0,0.284571882920601,-6.261895692043849,6.246603970378864,15.666073391120417,11.754797099134786,1.0,-1.0,0.0,48.0,-33.23526587494049,-14.764734125059508
0.0049,0,28.470740808294735,-28.470740808294735,0.0,0.31324273892620536,-6.499031520969486,6.482241454997814,16.258186498708323,11.92940521280876,1.0,-1.0,0.0,48.0,-33.57513584601946,-14.424864153980543
0.005,1,28.80225353368098,-28.80225353368098,0.0,0.34410419727356745,-6.739686557609335,6.721293310798885,16.858982074432607,12.102102985867809,1.0,0.0,-1.0,0.0,48.0,-48.0
0.0051,1,28.962358125319025,-27.608075167378566,-1.3542829579404592,0.376639528525677,-6.9723160790396665,6.952244866468816,17.439579431153177,11.12327790551807,1.0,0.0,-1.0,0.0,48.0,-48.0
0.0052,1,29.119500185538207,-26.421940881835134,-2.697559303703074,0.4101533642969802,-7.185515895923654,7.163731245296953,17.97146150502626,10.153550797986734,1.0,0.0,-1.0,0.0,48.0,-48.0
0.0053,1,29.27369863284116,-25.24440777266098,-4.029290860180181,0.44448199735182037,-7.3794658588321855,7.35594307571996,18.45509195644514,9.193269994015608,1.0,0.0,-1.0,0.0,48.0,-48.0
0.0054,1,29.424976238680777,-24.07602083231312,-5.348955406367658,0.47944806376137244,-7.554352318417314,7.529078157216561,18.890951542360845,8.242771043773477,1.0,0.0,-1.0,0.0,48.0,-48.0
0.0055,1,29.573359878923405,-22.917313031639274,-6.656046847284131,0.5148623814875646,-7.710367945274836,7.683341127951104,19.279537480076062,7.3023768304097905,1.0,0.0,-1.0,0.0,48.0,-48.0
0.0056,1,29.718880737903934,-21.7688053872508,-7.950075350653134,0.5505257338257601,-7.847711551187991,7.818943134250572,19.621362816814667,6.372397687529253,1.0,0.0,-1.0,0.0,48.0,-48.0
0.0057,1,29.86157446702122,-20.631007015512054,-9.230567451509165,0.5862305972179853,-7.966587911182793,7.9361015026523125,19.916955805263797,5.45313152063215,1.0,0.0,-1.0,0.0,48.0,-48.0
0.0058,1,30.001481299817517,-19.50441517392984,-10.497066125887677,0.6217628133658049,-8.067207585819231,8.035039415325667,20.166859285288627,4.544863932594821,1.0,0.0,-1.0,0.0,48.0,-48.0
0.0059,1,30.138646125473404,-18.389515290719,-11.749130834754403,0.6569032059135769,-8.149786743154595,8.115985589720756,20.37163007202404,3.6478683532792404,1.0,0.0,-1.0,0.0,48.0,-48.0
0.006,1,30.273118522630412,-17.286780983307512,-12.986337539322898,0.6914291422365797,-8.21454697984527,8.179173963330232,20.5318383505518,2.7624061733581637,1.0,0.0,-1.0,0.0,48.0,-48.0
0.0061,1,30.404952755429072,-16.196674066527706,-14.208278688901368,0.725116041054465,-8.261715140898968,8.224843384462703,20.648067077375824,1.888726882421862,1.0,0.0,-1.0,0.0,48.0,-48.0
0.0062,1,30.534207733622434,-15.119644551222036,-15.414563182400398,0.7577388267008237,-8.291523137649119,8.253237309919525,20.720911388910533,1.0270682113960037,1.0,0.0,-1.0,0.0,48.0,-48.0
0.0063,1,30.660946938594023,-14.056130633969975,-16.60481630462405,0.7890733309185695,-8.304207763594007,8.264603510438581,20.75097801719757,0.17765627924717453,1.0,0.0,-1.0,0.0,48.0,-48.0
0.0064,1,30.78523831707886,-13.006558678621538,-17.778679638457323,0.8188976430241744,-8.300010507822764,8.259193784720257,20.738884713063182,-0.6592942561130739,1.0,0.0,-1.0,0.0,48.0,-48.0
0.0065,1,30.907154144353928,-11.971343190299809,-18.93581095405412,0.8469934091988376,-8.279177365835661,8.237263682782611,20.685259676922527,-1.4835800428922372,1.0,0.0,-1.0,0.0,48.0,-48.0
0.0066,1,31.026770858634656,-10.95088678251345,-20.075884076121206,0.8731470815298586,-8.241958647654387,8.199072239305954,20.590740997426586,-2.2950088766996037,1.0,0.0,-1.0,0.0,48.0,-48.0
0.0067,1,31.144168868385773,-9.945580137999457,-21.198588730386316,0.897151117250132,-8.188608783206195,8.144881717523504,20.45597609813253,-3.0933995383871027,1.0,0.0,-1.0,0.0,48.0,-48.0
0.0068,1,31.25943233422894,-8.955801963897388,-22.303630370331554,0.9188051284175376,-8.119386125052026,8.074957364096868,20.281621192359307,-3.878581628876182,1.0,0.0,-1.0,0.0,48.0,-48.0
0.0069,1,31.37264892710679,-7.981918941839644,-23.390729985267146,0.9379169820491943,-8.034552748609997,7.989567175285367,20.068340746366808,-4.65039540148373,1.0,0.0,-1.0,0.0,48.0,-48.0
0.007,1,31.48390956434366,-7.02428567352872,-24.45962389081494,0.954303850487909,-7.934374250100284,7.888981674579317,19.816806950969067,-5.408691592337445,1.0,0.0,-1.0,0.0,48.0,-48.0
0.0071,1,31.593308125226837,-6.083244622360962,-25.510063502865876,0.9677932115395054,-7.819119542504006,7.7734737018229865,19.5276992016609,-6.153331249537926,1.0,0.0,-1.0,0.0,48.0,-48.0
0.0072,1,31.70094114771974,-5.159126051648914,-26.541815096070824,0.9782237976889068,-7.689060649885712,7.64331821370577,19.201703587303083,-6.88418556177734,1.0,0.0,-1.0,0.0,48.0,-48.0
0.0073,1,31.80690750790808,-4.252247959989575,-27.554659547918504,0.985446493488277,-7.544472500475742,7.498792095353909,18.839512387374608,-7.601135687160741,1.0,0.0,-1.0,0.0,48.0,-48.0
0.0074,1,31.91130808377338,-3.3629160143245334,-28.548392069448848,0.9893251800193896,-7.385632718944966,7.340173982612748,18.441823577763042,-8.304072582993435,1.0,0.0,-1.0,0.0,48.0,-48.0
0.0075,1,32.01424540488318,-2.4914234812393192,-29.52282192364386,0.9897375251708563,-7.212821418329509,7.167744094474216,18.00934034502535,-8.992896837295607,1.0,0.0,-1.0,0.0,48.0,-48.0
0.0076,1,32.11582328958414,-1.6380511570538163,-30.477772132530323,0.9865757183439032,-7.026320992078003,6.98178407497886,17.542770609014458,-9.667518502781713,1.0,0.0,-1.0,0.0,48.0,-48.0
0.0077,1,32.216146471281995,-0.8030672972621122,-31.41307917401988,0.9797471481117191,-6.826415906698906,6.782576843808931,17.042826553730638,-10.327856933998229,1.0,0.0,-1.0,0.0,48.0,-48.0
0.0078,1,32.32195644255935,0.0,-32.32195644255935,0.9691752227842423,-6.613393870138755,6.570407820412439,16.510227598032575,-10.965493659624407,1.0,0.0,-1.0,34.38318539173709,13.616814608262898,-48.0
0.0079,1,32.81883870257217,0.0,-32.81883870257217,0.9555834537251094,-6.392753060525082,6.350737873857637,15.958699452002579,-11.09505841765696,1.0,0.0,-1.0,34.045913724316456,13.954086275683544,-48.0
0.008,1,33.30537313380922,0.0,-33.30537313380922,0.9397165264008747,-6.169516342169333,6.128553341337256,15.400777792031278,-11.221260937958697,1.0,0.0,-1.0,33.7036512760384,14.296348723961602,-48.0
0.0081,1,33.781696148955035,0.0,-33.781696148955035,0.9216167626524939,-5.943751276447821,5.90391702604452,14.83662674502608,-11.344260155172636,1.0,0.0,-1.0,33.35651817079633,14.643481829203674,-48.0
0.0082,1,34.24794261173428,0.0,-34.24794261173428,0.901329798386659,-5.715522242437836,5.676888668009477,14.266402561343094,-11.46421218681799,1.0,0.0,-1.0,33.004631475635904,14.995368524364098,-48.0
0.0083,1,34.70424574773108,0.0,-34.70424574773108,0.8789045039761899,-5.484890487921266,5.447525014130344,13.690253757086902,-11.581270276340856,1.0,0.0,-1.0,32.64810524697453,15.351894753025473,-48.0
0.0084,1,35.15073705902301,0.0,-35.15073705902301,0.8543929055991748,-5.25191418242925,5.215879887768009,13.108321259139972,-11.695584740850864,1.0,0.0,-1.0,32.287050579112844,15.712949420887153,-48.0
0.0085,1,35.58754624255209,0.0,-35.58754624255209,0.8278501076704878,-5.016648472196053,4.982004257795297,12.520738552691247,-11.807302923395039,1.0,0.0,-1.0,31.921575654928944,16.078424345071056,-48.0
0.0086,1,36.014801112150785,0.0,-36.014801112150785,0.7993342165201653,-4.779145536891804,4.745946307005886,11.927631831040934,-11.916569149607,1.0,0.0,-1.0,31.551785798654834,16.448214201345166,-48.0
0.0087,1,36.43262752413863,0.0,-36.43262752413863,0.7689062654716395,-4.5394546480062266,4.507751499800519,11.329120147467,-12.023524688557607,1.0,0.0,-1.0,31.1777835306423,16.82221646935769,-48.0
0.0088,1,36.841149306401796,0.0,-36.841149306401796,0.7366301414689022,-4.2976222287591455,4.267462649080082,10.72531556894798,-12.128307717621755,1.0,0.0,-1.0,30.799668624033636,17.200331375966364,-48.0
0.0089,1,37.24048819086556,0.0,-37.24048819086556,0.7025725133957353,-4.053691915417655,4.025119982286148,10.116323331546157,-12.231053291165669,1.0,0.0,-1.0,30.417538163258598,17.582461836741395,-48.0
0.009,1,37.63076374926785,0.0,-37.63076374926785,0.6668027622221547,-3.8077046199048388,3.780761206539779,9.50224199726494,-12.331893312850024,1.0,0.0,-1.0,30.031486604285806,17.968513395714194,-48.0
0.0091,1,38.012093332139315,0.0,-38.012093332139315,0.6293929131035806,-3.5596985935907353,3.5344215728391175,8.883163612205264,-12.430956511336086,1.0,0.0,-1.0,29.641605836562086,18.358394163437914,-48.0
0.0092,1,38.38459201089503,0.0,-38.38459201089503,0.5904175695470479,-3.309709492162238,3.2861339392847477,8.259173865856162,-12.528368419175582,1.0,0.0,-1.0,29.247985246578132,18.752014753421868,-48.0
0.0093,1,38.748372522940855,0.0,-38.748372522940855,0.5499538497462588,-3.057770441475209,3.035928833309912,7.630352251365812,-12.624251354659787,1.0,0.0,-1.0,28.85071178300329,19.14928821699671,-48.0
0.0094,1,39.103545219697935,0.0,-39.103545219697935,0.508081325173789,-2.8039121042991835,2.783834512900028,6.9967722266509425,-12.71872440639967,1.0,0.0,-1.0,28.44987002333609,19.550129976663904,-48.0
0.0095,1,39.45021801744707,0.0,-39.45021801744707,0.4648819615043534,-2.548162747872166,2.529877026792577,6.358501376213847,-12.811903420406363,1.0,0.0,-1.0,28.04554224202063,19.954457757979366,-48.0
0.0096,1,39.78849635089612,0.0,-39.78849635089612,0.42044006192807515,-2.2905483121903503,2.274080273654438,5.715601573547539,-12.903900989440661,1.0,0.0,-1.0,27.637808479981608,20.362191520018392,-48.0
0.0097,1,40.11848312937326,0.0,-40.11848312937326,0.37484221289737424,-2.0310924789652383,2.0164660602394733,5.068129144021597,-12.994826444400914,1.0,0.0,-1.0,27.22674661553366,20.77325338446634,-48.0
0.0098,1,40.44027869554964,0.0,-40.44027869554964,0.3281772323356247,-1.7698167411880732,1.7570541585341584,4.416135028152489,-13.08478584752045,1.0,0.0,-1.0,26.812432436622963,21.18756756337703,-48.0
0.0099,1,40.75398078659673,0.0,-40.75398078659673,0.2805361203203209,-1.5067404732488852,1.495862361903734,3.75966494517329,-13.173881987149873,1.0,0.0,-1.0,26.39493971436091,21.60506028563909,-48.0
0.01,2,41.05968449768446,0.0,-41.05968449768446,0.23201201223846865,-1.2418810015650354,1.232906540255943,3.0987595568295054,-13.26221437390388,0.0,1.0,-1.0,-48.0,48.0,0.0
0.0101,2,39.9380725147095,1.1601270515183004,-41.098199566227805,0.18181648893132438,-0.9705405488964229,0.9635216599651163,2.4216944470320594,-13.818240255166046,0.0,1.0,-1.0,-48.0,48.0,0.0
0.0102,2,38.83290205530411,2.29425295034519,-41.1271550056493,0.12918564288691767,-0.6881843530033496,0.6832046865734518,1.7171521895288526,-14.3612667303175,0.0,1.0,-1.0,-48.0,48.0,0.0
0.0103,2,37.74400611684078,3.4023232625963082,-41.14632937943709,0.07426267325078145,-0.3950758787174404,0.3922161061979564,0.9857877643653828,-14.891093887954796,0.0,1.0,-1.0,-48.0,48.0,0.0
0.0104,2,36.67121640612453,4.484295304114385,-41.15551171023891,0.017206402194723452,-0.09148269340458874,0.090820386267839,0.2282660710626198,-15.407524947490188,0.0,1.0,-1.0,-48.0,48.0,0.0
0.0105,2,35.614362991793165,5.540138303726339,-41.1545012955195,-0.04180879386229701,0.22232359421133727,-0.22071410642173553,-0.5547382409041419,-15.910366776840473,0.0,1.0,-1.0,-48.0,48.0,0.0
0.0106,2,34.573273963618625,6.569833560480885,-41.14310752409951,-0.10259312700223994,0.5460674036149307,-0.5421152031165428,-1.3625409672697018,-16.399430400224645,0.0,1.0,-1.0,-48.0,48.0,0.0
0.0107,2,33.54777510025663,7.573374593713922,-41.12114969397055,-0.16494161453784767,0.8794692601365043,-0.8731070459074162,-2.194448569254928,-16.874531494567343,0.0,1.0,-1.0,-48.0,48.0,0.0
0.0108,2,32.53768954696571,8.550767284815002,-41.08845683178071,-0.2286343693854787,1.222245880331592,-1.213410215752583,-3.0497584183453825,-17.335490872940564,0.0,1.0,-1.0,-48.0,48.0,0.0
0.0109,2,31.542837504782266,9.502030009600599,-41.044867514382865,-0.2934369633711955,1.5741102647659753,-1.5627418754159632,-3.927759064884464,-17.78213495343131,0.0,1.0,-1.0,-48.0,48.0,0.0
0.011,2,30.56303593259676,10.4271937602375,-40.99022969283426,-0.35910086237102684,1.9347717978627668,-1.9208159268885268,-4.827730529711603,-18.214296211796633,0.0,1.0,-1.0,-48.0,48.0,0.0
0.0111,2,29.59809826352959,11.326302255702569,-40.92440051923216,-0.42536393177924886,2.303936354463403,-2.287343182722577,-5.7489446179934856,-18.631813616261528,0.0,1.0,-1.0,-48.0,48.0,0.0
0.0112,2,28.64783413694778,12.19941203981498,-40.84724617676276,-0.4919510103746377,2.681306412753121,-2.6620315505663155,-6.69066525431469,-19.034533042827196,0.0,1.0,-1.0,-48.0,48.0,0.0
0.0113,2,27.712049147401835,13.046592565932464,-40.7586417133343,-0.5585745502145986,3.0665811732038994,-3.0445862300387274,-7.6521488380131855,-19.422307669489065,0.0,1.0,-1.0,-48.0,48.0,0.0
0.0114,2,26.790544611690112,13.867926267464266,-40.65847087915438,-0.6249353197318525,3.459456683194953,-3.434709920933825,-8.632644617666896,-19.794998347812378,0.0,1.0,-1.0,-48.0,48.0,0.0
0.0115,2,25.88311735517992,14.66350861342133,-40.54662596860125,-0.6907231667391025,3.8596259669838537,-3.8321030415901274,-9.631395083561847,-20.152473950379857,0.0,1.0,-1.0,-48.0,48.0,0.0
0.0116,2,24.989559518426837,15.433448148298135,-40.42300766672497,-0.7556178375651137,4.266779160720887,-4.236463956107052,-10.647636376900227,-20.494611692708318,0.0,1.0,-1.0,-48.0,48.0,0.0
0.0117,2,24.109658385039417,16.17786651565976,-40.287524900699175,-0.8192898480527275,4.680603652226,-4.647489208935991,-11.680598714438453,-20.82129742832889,0.0,1.0,-1.0,-48.0,48.0,0.0
0.0118,2,23.243196231632428,16.89689846489342,-40.14009469652585,-0.8814014016477766,5.100784225283101,-5.064873765222704,-12.729506827183224,-21.132425915837114,0.0,1.0,-1.0,-48.0,48.0,0.0
0.0119,2,22.389950200600857,17.59069184067475,-39.98064204127561,-0.9416073493005599,5.527003208250857,-5.488311255130784,-13.793580411716897,-21.427901056843922,0.0,1.0,-1.0,-48.0,48.0,0.0
0.012,2,21.549692196327555,18.259407554794826,-39.80909975112238,-0.9995561853919852,5.958940626843089,-5.917494220235775,-14.872034592673009,-21.707636103894465,0.0,1.0,-1.0,-48.0,48.0,0.0
0.0121,2,20.722188805308956,18.903219540095304,-39.62540834540426,-1.0548910733894146,6.396274360996662,-6.352114359949225,-15.964080394840416,-21.971553837567154,0.0,1.0,-1.0,-48.0,48.0,0.0
0.0122,2,19.907201240549284,19.52231468636431,-39.429515926913595,-1.1072508944377741,6.838680305819826,-6.791862775813784,-17.068925223338265,-22.219586712120595,0.0,1.0,-1.0,-48.0,48.0,0.0
0.0123,2,19.104485310430288,20.11689275815424,-39.22137806858453,-1.1562713116064403,7.285832536700221,-7.23643021140821,-18.185773350276744,-22.451676969215452,0.0,1.0,-1.0,-48.0,48.0,0.0
0.0124,2,18.313791412113776,20.687166294595475,-39.00095770670925,-1.201585842049315,7.737403478749139,-7.685507285518617,-19.313826406299313,-22.66777671940505,0.0,1.0,-1.0,-48.0,48.0,0.0
0.0125,2,17.534864549378796,21.23336049139344,-38.768225040772236,-1.242826928903235,8.193064080865932,-8.138784716172275,-20.452283875390247,-22.86784799125594,0.0,1.0,-1.0,-48.0,48.0,0.0
0.0126,2,16.767444374632948,21.75571306531206,-38.52315743994501,-1.2796270043587696,8.652483994824218,-8.59595353309843,-21.600343591329143,-23.051862748128627,0.0,1.0,-1.0,-48.0,48.0,0.0
0.0127,2,16.01126525467146,22.25447410156212,-38.26573935623358,-1.3116195349988904,9.11533175990776,-9.056705276179605,-22.757202234180063,-23.219802872815258,0.0,1.0,-1.0,-48.0,48.0,0.0
0.0128,2,15.266056359587257,22.72990588462716,-37.99596224421442,-1.3384400402276468,9.581274993756947,-9.520732177491723,-23.9220558252159,-23.37166012039396,0.0,1.0,-1.0,-48.0,48.0,0.0
0.0129,2,14.53154177406332,23.18228271317099,-37.71382448723431,-1.359727074416878,10.0499805902252,-9.98772732460602,-25.09410021870114,-23.507436039814564,0.0,1.0,-1.0,-48.0,48.0,0.0
0.013,2,13.807440630105532,23.611890699778442,-37.419331329883974,-1.3751231632989698,10.521114925185412,-10.457384802944494,-26.272531588986197,-23.62714186487648,0.0,1.0,-1.0,-48.0,48.0,0.0
0.0131,2,13.093467260102983,24.019027556382518,-37.1124948164855,-1.3842756851434805,10.994344071365312,-10.929399815145551,-27.456546911401148,-23.730798375392936,0.0,1.0,-1.0,-48.0,48.0,0.0
0.0132,2,12.389331368934442,24.40400236632481,-36.79333373525925,-1.3868376873917654,11.469334023425752,-11.403468775613165,-28.645344435481427,-23.818435729453466,0.0,1.0,-1.0,-48.0,48.0,0.0
0.0133,2,11.694738223676534,24.76713534408093,-36.461873567757465,-1.3824686297029618,11.945750934620042,-11.879289378690816,-29.83812414910503,-23.890093267796946,0.0,1.0,-1.0,-48.0,48.0,0.0
0.0134,2,11.009388859316946,25.108757583754905,-36.11814644307185,-1.3708350448038409,12.423261366481514,-12.356560639223687,-31.034088232173616,-23.94581929138625,0.0,1.0,-1.0,-48.0,48.0,0.0
0.0135,2,10.332980298731588,25.429210797506418,-35.762191096238006,-1.3516111091500502,12.901532553074725,-12.834982904649221,-32.23244149852618,-23.985670813332526,0.0,1.0,-1.0,-48.0,48.0,0.0
0.0136,2,9.665205785057804,25.72884704511863,-35.394052830176435,-1.324479116212451,13.380232681404486,-13.314257838185293,-33.43239182483235,-24.009713286348003,0.0,1.0,-1.0,-48.0,48.0,0.0
0.0137,2,9.005755024486145,26.00802845594026,-35.013783480426405,-1.2891298462131842,13.859031189600527,-13.794088373165204,-34.63315056527118,-24.018020306911836,0.0,1.0,-1.0,-48.0,48.0,0.0
0.0138,2,8.354314437404376,26.26712694444339,-34.62144138184777,-1.2452628273630504,14.337599084474386,-14.274178639094853,-35.833932950860245,-24.01067329731142,0.0,1.0,-1.0,-48.0,48.0,0.0
0.0139,2,7.710567415765361,26.506523920624026,-34.21709133638939,-1.192586485103336,14.81560927997141,-14.754233860573875,-37.03395847235726,-23.987761166672318,0.0,1.0,-1.0,-48.0,48.0,0.0
0.014,2,7.074194584517475,26.726609996436604,-33.80080458095408,-1.130818177536186,15.292736957904902,-15.23396023082158,-38.2324512457095,-23.94937995201648,0.0,1.0,-1.0,-48.0,48.0,0.0
0.0141,2,6.444874064935217,26.927784689393217,-33.372658754328434,-1.0596841171384634,15.768659952152499,-15.713064762170088,-39.42864035907678,-23.895632440288303,0.0,1.0,-1.0,-48.0,48.0,0.0
0.0142,2,5.822281737726051,27.110456124374572,-32.93273786210062,-0.9789191809900538,16.243059157208016,-16.19125511651997,-40.62176020049747,-23.826627772171598,0.0,1.0,-1.0,-48.0,48.0,0.0
0.0143,2,5.2060915038657996,27.275040734590377,-32.481132238456176,-0.8882666140986232,16.715618961605866,-16.6682394193836,-41.81105076530435,-23.742481028385733,0.0,1.0,-1.0,-48.0,48.0,0.0
0.0144,2,4.595975541237689,27.421962962493463,-32.01793850373115,-0.7874776329514338,17.18602770626313,-17.14372606175453,-42.99575794242955,-23.64331279900783,0.0,1.0,-1.0,-48.0,48.0,0.0
0.0145,2,3.9916045553169646,27.551654961295057,-31.54325951661202,-0.676310939147371,17.65397816720743,-17.617423494618716,-44.17513377875937,-23.529248736224904,0.0,1.0,-1.0,-48.0,48.0,0.0
0.0146,2,3.3926480223621773,27.664556297548963,-31.05720431991114,-0.5545321558266791,18.1191680614745,-18.08904002145008,-45.348436720718595,-23.40041909078669,0.0,1.0,-1.0,-48.0,48.0,0.0
0.0147,2,2.7987744238408574,27.761113655072997,-30.559888078913854,-0.421913202582423,18.581300574161823,-18.558283594487893,-46.514931832273675,-23.256958232315768,0.0,1.0,-1.0,-48.0,48.0,0.0
0.0148,2,2.2096514711377573,27.841780540259972,-30.05143201139773,-0.27823162755842235,19.040084903714266,-19.02486162095866,-47.67389098854914,-23.09900415355169,0.0,1.0,-1.0,-48.0,48.0,0.0
0.0149,2,1.6249463199648915,27.907016988599675,-29.531963308564567,-0.1232699184568526,19.49523682149739,-19.48848078566296,-48.82459304425564,-22.92669795857123,0.0,1.0,-1.0,-48.0,48.0,0.0
0.015,3,1.044325774312668,27.957289271995208,-29.001615046307876,0.043185182869265405,19.94647924058751,-19.948846896478305,-49.966323976129665,-22.74018333505391,-1.0,1.0,0.0,-48.0,0.0,48.0
0.0151,3,-0.09209223976115055,27.433598684249855,-27.341506444488704,0.2212507142637933,20.386823685960596,-20.398940587853694,-51.081540165961485,-21.867025267598375,-1.0,1.0,0.0,-48.0,0.0,48.0
0.0152,3,-1.2174924658663748,26.903951588132625,-25.68645912226625,0.41072140465461476,20.809370558548185,-20.83180466790397,-52.15288550207142,-20.985407353398244,-1.0,1.0,0.0,-48.0,0.0,48.0
0.0153,3,-2.3322931739247643,26.369178571103863,-24.0368853971791,0.6113065491718801,21.213991629955263,-21.247239501078585,-53.17994576497884,-20.095681425120986,-1.0,1.0,0.0,-48.0,0.0,48.0
0.0154,3,-3.436899018750456,25.830100571111654,-22.393201552361198,0.8226924933738378,21.60057195698668,-21.645048525983555,-54.16232445549134,-19.198204281774593,-1.0,1.0,0.0,-48.0,0.0,48.0
0.0155,3,-4.531700580170874,25.287528393745788,-20.755827813574914,1.0445432001240293,21.969009978303472,-22.025038766092973,-55.099643016648095,-18.29333664638457,-1.0,1.0,0.0,-48.0,0.0,48.0
0.0156,3,-5.617073924832159,24.742262233621663,-19.125188308789504,1.2765004970560068,22.319217481230577,-22.38702140204824,-55.99154100557584,-17.381442207546108,-1.0,1.0,0.0,-48.0,0.0,48.0
0.0157,3,-6.693380184117544,24.195091198621824,-17.50171101450428,1.5181839999020623,22.651119430768727,-22.73081239871177,-56.83767621986784,-16.462886761679705,-1.0,1.0,0.0,-48.0,0.0,48.0
0.0158,3,-7.7609651426663255,23.646792835888036,-15.88582769322171,1.7691907158848412,22.96465365503475,-23.056233178408313,-57.63772478395693,-15.538037473471338,-1.0,1.0,0.0,-48.0,0.0,48.0
0.0159,3,-8.82015883220635,23.098132658789684,-14.277973826583334,2.0290943407092517,23.259770383946343,-23.36311133031018,-58.391381201834356,-14.60726227222246,-1.0,1.0,0.0,-48.0,0.0,48.0
0.016,3,-9.871275125807104,22.549863674481582,-12.678588548674478,2.297444272214574,23.536431640946585,-23.651281344758466,-59.098358383349556,-13.670929401596048,-1.0,1.0,0.0,-48.0,0.0,48.0
0.0161,3,-10.914611328222724,22.0027259120974,-11.088114583874676,2.573764373199628,23.794610490880686,-23.920585360504592,-59.758387652182385,-12.729407139466453,-1.0,1.0,0.0,-48.0,0.0,48.0
0.0162,3,-11.950447758719017,21.457445952084687,-9.50699819336567,2.8575515250536414,24.034290150727518,-24.170873912438555,-60.3712187443838,-11.783063703211297,-1.0,1.0,0.0,-48.0,0.0,48.0
0.0163,3,-12.979047323653123,20.914736457662194,-7.9356891340090705,3.148274022341799,24.255462973668585,-24.402006667358943,-60.93661980710018,-10.832267353797759,-1.0,1.0,0.0,-48.0,0.0,48.0
0.0164,3,-14.000655077084598,20.37529570985074,-6.374640632766142,3.4453698661427774,24.45812932085127,-24.613853135739564,-61.45437740770192,-9.877386709400106,-1.0,1.0,0.0,-48.0,0.0,48.0
0.0165,3,-15.015497768819454,19.839807147978316,-4.824309379158863,3.748245020463082,24.642296339063243,-24.80629334824467,-61.92429656399499,-8.918791276053328,-1.0,1.0,0.0,-48.0,0.0,48.0
0.0166,3,-16.023783380501865,19.30893891797159,-3.2851555374697257,4.056271701229018,24.80797666626203,-24.979218486911968,-62.34620080647656,-7.9568521990320935,-1.0,1.0,0.0,-48.0,0.0,48.0
0.0167,3,-17.025700651639163,18.78334343110459,-1.7576427794654275,4.368786770979228,24.955187090374157,-25.13253146241768,-62.71993228367401,-6.991943234307165,-1.0,1.0,0.0,-48.0,0.0,48.0
0.0168,3,-18.02141859874686,18.263656936163972,-0.2422383374171147,4.685090314285404,25.08394718986539,-25.26614743060454,-63.045351921455925,-6.024441934650371,-1.0,1.0,0.0,-48.0,0.0,48.0
0.0169,3,-18.540901541616957,18.220644036872855,0.320257504744101,5.005459029925661,25.199301215082855,-25.385054615102575,-63.334964757299446,-5.655833574667035,-1.0,1.0,0.0,-48.0,48.0,0.0
0.017,3,-18.971544555631333,18.26735115130615,0.7041934043251817,5.331321168660204,25.310271963996893,-25.498263373618293,-63.61128996608533,-5.396094308153966,-1.0,1.0,0.0,-48.0,48.0,0.0
0.0171,3,-19.404022805889884,18.31343047415123,1.090592331738656,5.662572297434844,25.416973752704266,-25.605819939010956,-63.87446664510807,-5.129902541985127,-1.0,1.0,0.0,-48.0,48.0,0.0
0.0172,3,-19.838418659021972,18.35911946464799,1.4792991943739824,5.999046907070194,25.519333269916157,-25.707589412883273,-64.12417371503524,-4.857320565866115,-1.0,1.0,0.0,-48.0,48.0,0.0
0.0173,3,-20.274808509798685,18.40465356866213,1.8701549411365537,6.340551174603539,25.617273026620165,-25.80344150594425,-64.36009328676644,-4.578413825062464,-1.0,1.0,0.0,-48.0,48.0,0.0
0.0174,3,-20.713262293078014,18.450265960694747,2.2629963323832656,6.686861546425537,25.71071050627175,-25.89325061255055,-64.58191083851285,-4.293251701303098,-1.0,1.0,0.0,-48.0,48.0,0.0
0.0175,3,-21.15384298163434,18.496187292641963,2.6576556889923775,7.037723474827778,25.79955733269045,-25.97689586269034,-64.78931543321656,-4.001908344801816,-1.0,1.0,0.0,-48.0,48.0,0.0
0.0176,3,-21.59660607339249,18.54264545084062,3.0539606225518705,7.392850332603101,25.883718468495452,-26.054261152649843,-64.98199997875534,-3.704463552779744,-1.0,1.0,0.0,-48.0,48.0,0.0
0.0177,3,-22.04159907196943,18.5898653228743,3.4517337490951285,7.751922529565717,25.963091457548217,-26.125235156092646,-65.15966153311973,-3.4010036888184736,-1.0,1.0,0.0,-48.0,48.0,0.0
0.0178,3,-22.488860964779725,18.63806857552283,3.850792389256897,8.11458685370322,26.03756572533917,-26.18971131774791,-65.3220016564406,-3.091622636304539,-1.0,1.0,0.0,-48.0,48.0,0.0
0.0179,3,-22.93842170327974,18.687473445119043,4.2509482581606965,8.480456058131162,26.10702195153379,-26.24758783233117,-65.46872681138093,-2.7764227781578796,-1.0,1.0,0.0,-48.0,48.0,0.0
0.018,3,-23.390301690201596,18.738294541429998,4.6520071487716,8.849108713094346,26.17133152896131,-26.298767611701777,-65.5995488129884,-2.4555159939912463,-1.0,1.0,0.0,-48.0,48.0,0.0
0.0181,3,-23.844511278856004,18.790742666007333,5.053768612848672,9.220089339954043,26.23035612316726,-26.34315824358316,-65.71418532863888,-2.1290246648446605,-1.0,1.0,0.0,-48.0,48.0,0.0
0.0182,3,-24.30105028975605,18.84502464575559,5.456025644000457,9.592908841431033,26.28394734624056,-26.380671945425355,-65.81236042818247,-1.797082674702763,-1.0,1.0,0.0,-48.0,48.0,0.0
0.0183,3,-24.759907549927952,18.901343182250834,5.858564367677118,9.967045239363728,26.331946557957135,-26.41122551716744,-65.89380518384473,-1.4598363971559372,-1.0,1.0,0.0,-48.0,48.0,0.0
0.0184,3,-25.22106046032356,18.959896717109146,6.261163743214415,10.341944727915434,26.374184806343127,-26.434740296751016,-65.95825831883258,-1.1174456548344662,-1.0,1.0,0.0,-48.0,48.0,0.0
0.0185,3,-25.68447459673022,19.020879313458213,6.663595283272004,10.717023046564702,26.410482918551526,-26.45114212224275,-66.00546690296275,-0.7700846386504252,-1.0,1.0,0.0,-48.0,48.0,0.0
0.0186,3,-26.150103349482784,19.084480553311174,7.065622796171608,11.091667173378603,26.440651751464497,-26.460361304337734,-66.03518709296848,-0.4179427734498562,-1.0,1.0,0.0,-48.0,48.0,0.0
0.0187,3,-26.617887607119606,19.150885450385047,7.4670021567345595,11.465237335054619,26.464492609692176,-26.462332612838246,-66.04718491446572,-0.061225516428710325,-1.0,1.0,0.0,-48.0,48.0,0.0
0.0188,3,-27.087755488885346,19.22027437764959,7.867481111235755,11.837069326077303,26.481797836646106,-26.456995280431702,-66.0412370818729,0.2998449253802149,-1.0,1.0,0.0,-48.0,48.0,0.0
0.0189,3,-27.559622130674697,19.29282300864626,8.266799122028438,12.206477125137177,26.492351582148498,-26.444293026735586,-66.01713185190047,0.6650289720682707,-1.0,1.0,0.0,-48.0,48.0,0.0
0.019,3,-28.033389528627193,19.368702271380958,8.664687257246236,12.572755792765703,26.49593074761797,-26.424174105135336,-65.97466990555614,1.0340691553720207,-1.0,1.0,0.0,-48.0,48.0,0.0
0.0191,3,-28.50894644413462,19.44807831337966,9.060868130754958,12.93518463002722,26.492306107288094,-26.396591374428308,-65.91366525297396,1.406689723218045,-1.0,1.0,0.0,-48.0,48.0,0.0
0.0192,3,-28.986168373507667,19.531112476303196,9.455055897204472,13.293030574146536,26.481243601202536,-26.361502396707554,-65.83394615477245,1.7825963758603884,-1.0,1.0,0.0,-48.0,48.0,0.0
0.0193,3,-29.464917584977513,19.617961278355327,9.846956306622188,13.645551803216021,26.46250579293747,-26.318869562288455,-65.73535605309607,2.161476144040016,-1.0,1.0,0.0,-48.0,48.0,0.0
0.0194,3,-29.94504322508507,19.70877640258841,10.23626682249666,13.99200151869138,26.43585348217798,-26.268660241812142,-65.61775450500616,2.542997418218623,-1.0,1.0,0.0,-48.0,48.0,0.0
0.0195,3,-30.426381495846243,19.803704689119574,10.622676806726671,14.331631871321537,26.401047459475386,-26.210846964966944,-65.48101811047489,2.926810136336827,-1.0,1.0,0.0,-48.0,48.0,0.0
0.0196,3,-30.908755903383003,19.902888129218837,11.005867774164164,14.663697993531166,26.35785038779185,-26.14540762456946,-65.32504142690611,3.312546135739315,-1.0,1.0,0.0,-48.0,48.0,0.0
0.0197,3,-31.391977577988193,20.00646385922204,11.385513718766154,14.987462099145688,26.306028792859276,-26.072325704056674,-65.1497378618758,3.699819672920973,-1.0,1.0,0.0,-48.0,48.0,0.0
0.0198,3,-31.875845664859142,20.11456415225822,11.76128151260092,15.302197609767706,26.245355141995798,-25.991590525776584,-64.95504053565338,4.088228112609787,-1.0,1.0,0.0,-48.0,48.0,0.0
0.0199,3,-32.360147783998514,20.22731640586081,12.1328313781377,15.60719326612486,26.1756099888951,-25.903197516844063,-64.74090310504563,4.4773527854496065,-1.0,1.0,0.0,-48.0,48.0,0.0
0.02,4,-32.8446605570574,20.34484312365761,12.49981743339979,15.90175718234335,26.09658416008404,-25.80714848876663,-64.50730054020083,4.866760011220021,-1.0,0.0,1.0,0.0,-48.0,48.0
0.0201,4,-33.32908426479726,18.788740498922706,14.540343765874557,16.17663466608534,25.994378662271576,-25.689912813561076,-64.22038333234426,6.606795637133429,-1.0,0.0,1.0,0.0,-48.0,48.0
0.0202,4,-33.81283834114072,17.261167269401724,16.551671071738994,16.421804361980293,25.85532843587009,-25.53822169148712,-63.8469458969346,8.327335081579493,-1.0,0.0,1.0,0.0,-48.0,48.0
0.0203,4,-34.29524793309803,15.762635857422366,18.53261207567567,16.63553163340007,25.679627477364793,-25.352493048200174,-63.38799837146581,10.026960941017204,-1.0,0.0,1.0,0.0,-48.0,48.0
0.0204,4,-34.77561081470612,14.293622011115472,20.481988803590646,16.816213825742853,25.46753210698301,-25.133169781946105,-62.84462234986862,11.70423346432683,-1.0,0.0,1.0,0.0,-48.0,48.0
0.0205,4,-35.253200527770645,12.854565108858143,22.398635418912498,16.96239333330666,25.21936619894045,-24.88072025927364,-62.21797182779432,13.357697566054629,-1.0,0.0,1.0,0.0,-48.0,48.0
0.0206,4,-35.72726971325521,11.445868483962254,24.28140122929296,17.072768863406544,24.93552554965479,-24.595638744528944,-61.509273778885934,14.985890551649232,-1.0,0.0,1.0,0.0,-48.0,48.0
0.0207,4,-36.19705359677322,10.067899770118997,26.12915382665423,17.146204741489534,24.616481239803075,-24.278445736381894,-60.719828329906115,16.587350412773297,-1.0,0.0,1.0,0.0,-48.0,48.0
0.0208,4,-36.66177359024989,8.720991269922878,27.940782320327006,17.181738146167767,24.262781870932535,-23.92968818638002,-59.85100851012588,18.16062453394364,-1.0,0.0,1.0,0.0,-48.0,48.0
0.0209,4,-37.12064097124724,7.40544035047418,29.71520062077306,17.178584210555698,23.87505458637619,-23.54993957733229,-58.9042595586352,19.704278639863034,-1.0,0.0,1.0,0.0,-48.0,48.0
0.021,4,-37.57286060167519,6.121509871514684,31.451350730160506,17.136138974401128,23.454004818419143,-23.13979984303892,-57.88109778195466,21.216905806261288,-1.0,0.0,1.0,0.0,-48.0,48.0
0.0211,4,-38.017634648611335,4.869428652721092,33.148205995890244,17.053980218612676,23.000414737826883,-22.69989511531797,-56.783108963235556,22.69713535602866,-1.0,0.0,1.0,0.0,-48.0,48.0
0.0212,4,-38.45416627166256,3.649391987606682,34.804774284055874,16.931866258382932,22.515140416730002,-22.230877289214835,-55.61194633315765,24.143641466831312,-1.0,0.0,1.0,0.0,-48.0,48.0
0.0213,4,-38.88166324363804,2.4615622119288645,36.42010103170917,16.769732811827694,21.999107750203134,-21.733423402487073,-54.36932812110801,25.55515132594205,-1.0,0.0,1.0,0.0,-48.0,48.0
0.0214,4,-39.29934147417311,1.3060693345409724,37.99327213963214,16.56768809677009,21.453307214468747,-21.208234830699155,-53.0570347130996,26.930452682204965,-1.0,0.0,1.0,0.0,-48.0,48.0
0.0215,4,-39.70642840923338,0.18301173826299838,39.523416670970384,16.326006338113217,20.878787569402064,-20.656036304321365,-51.6769054499541,28.268400663197312,-1.0,0.0,1.0,0.0,-48.0,48.0
0.0216,4,-40.55596753756074,0.0,40.55596753756074,16.047825873720704,20.28005719109135,-20.08095069918336,-50.239281208941264,29.16517622472888,-1.0,0.0,1.0,-46.29661960382268,-1.7033803961773302,48.0
0.0217,4,-41.46890723847427,0.0,41.46890723847427,15.738696743899006,19.664272813558735,-19.489723205174002,-48.76106383266633,29.960053456574506,-1.0,0.0,1.0,-45.539786044196234,-2.4602139558037663,48.0
0.0218,4,-42.35331306840835,0.0,42.35331306840835,15.399420470815441,19.03232079625341,-18.882894036586652,-47.243630435929845,30.733658392547717,-1.0,0.0,1.0,-44.77405757913901,-3.225942420860992,48.0
0.0219,4,-43.20878260868103,0.0,43.20878260868103,15.030770265200868,18.38497424457691,-18.26088819812468,-45.68806791128396,31.48507036930343,-1.0,0.0,1.0,-44.00003321103881,-3.9999667889611885,48.0
0.022,4,-44.03494064857251,0.0,44.03494064857251,14.63359005412484,17.723022870376745,-17.62414929431241,-44.095507606430026,32.21343204264244,-1.0,0.0,1.0,-43.21830249047053,-4.781697509529472,48.0
0.0221,4,-44.831440299993815,0.0,44.831440299993815,14.208786858899133,17.047266405950815,-16.9731382629837,-42.467122133639876,32.917950270833444,-1.0,0.0,1.0,-42.4294421079931,-5.570557892006903,48.0
0.0222,4,-45.597963942134044,0.0,45.597963942134044,13.757323285476554,16.35850816587753,-16.308332076202767,-40.80412214989664,33.59789640963898,-1.0,0.0,1.0,-41.63401256124064,-6.365987438759362,48.0
0.0223,4,-46.33422400078666,0.0,46.33422400078666,13.280210223665343,15.657548854414758,-15.63022242389154,-39.107753136048174,34.25260606487802,-1.0,0.0,1.0,-40.832554954527865,-7.167445045472142,48.0
0.0224,4,-47.03996356883046,0.0,47.03996356883046,12.778499839581606,14.945180707473975,-14.93931439432522,-37.379292200842386,34.88147835343987,-1.0,0.0,1.0,-40.02558798484578,-7.974412015154222,48.0
0.0225,4,-47.71495687585716,0.0,47.71495687585716,12.25327893330931,14.22218204816041,-14.236125164345024,-35.62004493307123,35.48397472719727,-1.0,0.0,1.0,-39.21360516367827,-8.786394836321737,48.0
0.0226,4,-48.359009616188864,0.0,48.359009616188864,11.70566272110613,13.489312323932095,-13.521182710686869,-33.831342322271745,36.059617416335186,-1.0,0.0,1.0,-38.397072318722465,-9.602927681277535,48.0
0.0227,4,-48.97195914551697,0.0,48.97195914551697,11.136789089015036,12.74730768191217,-12.795024552288718,-32.01453776558257,36.607987549331604,-1.0,0.0,1.0,-37.57642541354902,-10.423574586450993,48.0
0.0228,4,-49.55367455712684,0.0,49.55367455712684,10.547813352704686,11.996877127116319,-12.058196531871609,-30.171004175500613,37.12872300634651,-1.0,0.0,1.0,-36.75206871669978,-11.247931283300218,48.0
0.0229,4,-50.10405664916424,0.0,50.10405664916424,9.939903546999275,11.238699296625567,-11.311251643531959,-28.30213120047738,37.62151606125683,-1.0,0.0,1.0,-35.924373344891904,-12.075626655108088,48.0
0.023,4,-50.62303779466397,0.0,50.62303779466397,9.314236258054892,10.473419871305149,-10.554748911576807,-26.409322567590745,38.0861108651922,-1.0,0.0,1.0,-35.093676198066106,-12.906323801933894,48.0
0.0231,4,-51.11058172612408,0.0,51.11058172612408,8.671993001621761,9.701649635758383,-9.789252324406657,-24.4939935539579,38.522300821359295,-1.0,0.0,1.0,-34.26027929715083,-13.739720702849162,48.0
0.0232,4,-51.56668324628744,0.0,51.56668324628744,8.014357142381069,8.923963186986558,-9.01532982592844,-22.55756859115426,38.929925897359766,-1.0,0.0,1.0,-33.42444952876024,-14.575550471239765,48.0
0.0233,4,-51.99136787651359,0.0,51.99136787651359,7.342511341994946,8.140898282830367,-8.233552365778129,-20.601479004689924,39.30886991727568,-1.0,0.0,1.0,-32.586418794721965,-15.413581205278046,48.0
0.0234,4,-52.38469145370965,0.0,52.38469145370965,6.65763551725196,7.352955812782006,-7.4444930085591645,-18.627160888584473,39.65905787166428,-1.0,0.0,1.0,-31.746384558435608,-16.253615441564392,48.0
0.0235,4,-52.74673968626267,0.0,52.74673968626267,5.960905284487119,6.5606003662256285,-6.648726101361815,-16.636053113278017,39.98045327940437,-1.0,0.0,1.0,-30.904510774662977,-17.095489225337023,48.0
0.0236,4,-53.07762767879907,0.0,53.07762767879907,5.253490862237302,5.76426136659862,-5.846826498019763,-14.629595463525057,40.273055631182125,-1.0,0.0,1.0,-30.06092918448985,-17.93907081551015,48.0
0.0237,4,-53.37749943490956,0.0,53.37749943490956,4.536556400767627,4.964334734344291,-5.0393688378758865,-12.609226901527709,40.53689794038854,-1.0,0.0,1.0,-29.21574095289842,-18.784259047101582,48.0
0.0238,4,-53.64652734623861,0.0,53.64652734623861,3.811259704568562,4.1611850368035395,-4.226926876263055,-10.57638394937355,40.77204442339607,-1.0,0.0,1.0,-28.36901862265079,-19.630981377349215,48.0
0.0239,4,-53.88491167555975,0.0,53.88491167555975,3.0787523120606988,3.3551480793018214,-3.410072863445109,-8.532499183834648,40.97858832763937,-1.0,0.0,1.0,-27.520808354994028,-20.479191645005976,48.0
0.024,4,-54.09288004065778,0.0,54.09288004065778,2.3401798954354347,2.5465338885477187,-2.589376968395822,-6.478999835744165,41.15664992268024,-1.0,0.0,1.0,-26.67113242502791,-21.328867574972087,48.0
0.0241,4,-54.27068690502288,0.0,54.27068690502288,1.5966829426888485,1.73563003698538,-1.7654067435082346,-4.417306485484951,41.30637466650154,-1.0,0.0,1.0,-25.819991937395077,-22.18000806260493,48.0
0.0242,4,-54.418613080542094,0.0,54.418613080542094,0.8493976833566329,0.9227052548406006,-0.938726626107656,-2.3488318455768584,41.42793155665454,-1.0,0.0,1.0,-24.967369726216116,-23.032630273783887,48.0
0.0243,4,-54.536965246553116,0.0,54.536965246553116,0.09945721912805276,0.10801327518451656,-0.10989747247920582,-0.2749796209288455,41.521511673559075,-1.0,0.0,1.0,-24.113233401860093,-23.886766598139907,48.0
0.0244,4,-54.62607548880887,0.0,54.62607548880887,-0.6520071796886656,-0.7082031436744873,0.7205238799975171,1.8028565629911015,41.587326921205715,-1.0,0.0,1.0,-23.257538506171088,-24.742461493828912,48.0
0.0245,4,-54.6863008610921,0.0,54.6863008610921,-1.4038646510375388,-1.5257080748418799,1.5519850270970696,3.8832941740309534,41.625608968696945,-1.0,0.0,1.0,-22.400231737128358,-25.599768262871645,48.0
0.0246,4,-54.718022971415884,0.0,54.718022971415884,-2.154983230691402,-2.3442682153125918,2.3839383929269093,5.96496273936947,41.63660839444844,-1.0,0.0,1.0,-21.541254203569657,-26.458745796430343,48.0
0.0247,4,-54.721647593949534,0.0,54.721647593949534,-2.9042282941493354,-3.1636486712325445,3.21584161061601,8.046504773817178,41.62059403340567,-1.0,0.0,1.0,-20.68054467053412,-27.31945532946588,48.0
0.0248,4,-54.6976043070179,0.0,54.6976043070179,-3.65046099081642,-3.983608792887142,4.047157893109568,10.126576680535598,41.577852526263925,-1.0,0.0,1.0,-19.81804275596628,-28.181957244033715,48.0
0.0249,4,-54.646346156734786,0.0,54.646346156734786,-4.392536710881006,-4.803898116142177,4.877356398663312,12.203849634221697,41.50868806836096,-1.0,0.0,1.0,-18.953692039966672,-29.04630796003333,48.0
0.025,5,-54.56834934504527,0.0,54.56834934504527,-5.129303625861483,-5.624252466644551,5.7059125956100125,14.277010456655495,41.413422354589024,0.0,-1.0,1.0,48.0,-48.0,0.0
0.0251,5,-53.13925036045388,-0.9711288667535443,54.110379227207424,-5.857514298015316,-6.442092487950003,6.529980197157989,16.33893642404203,41.05895929534013,0.0,-1.0,1.0,48.0,-48.0,0.0
0.0252,5,-51.71264083964398,-1.9089295024291304,53.62157034207311,-6.573914275164953,-7.254777102864828,7.346690899829371,18.38244950734764,40.67708323829248,0.0,-1.0,1.0,48.0,-48.0,0.0
0.0253,5,-50.288802524030984,-2.8139232146440114,53.102725738675,-7.277346441188429,-8.0619256962168,8.155508015066067,20.406205430636618,40.26884793098877,0.0,-1.0,1.0,48.0,-48.0,0.0
0.0254,5,-48.86804173414656,-3.686626036542883,52.55466777068944,-7.966668524052088,-8.863140679934233,8.955915985334375,22.408912436977165,39.83530065609679,0.0,-1.0,1.0,48.0,-48.0,0.0
0.0255,5,-47.450688239071816,-4.527549141772575,51.97823738084439,-8.640752817130368,-9.6580056710049,9.747420303946523,24.389331007018743,39.3774839292042,0.0,-1.0,1.0,48.0,-48.0,0.0
0.0256,5,-46.03709412648253,-5.3371992888532285,51.37429341533576,-9.298486263656384,-10.44608427184376,10.529547475228187,26.34627366586828,38.896437326217495,0.0,-1.0,1.0,48.0,-48.0,0.0
0.0257,5,-44.627632671157265,-6.11607928420151,50.743711955358776,-9.938770930476577,-11.226919469453644,11.301845017499618,28.278604883709946,38.39319939853692,0.0,-1.0,1.0,48.0,-48.0,0.0
0.0258,5,-43.222697199395704,-6.864688453164932,50.087385652560634,-10.56052489270941,-12.000033662588924,12.063881510323682,30.18524107346161,37.86880963176336,0.0,-1.0,1.0,48.0,-48.0,0.0
0.0259,5,-41.822699946439286,-7.583523108654598,49.40622305509388,-11.162683545832794,-12.764929318568667,12.815246686368443,32.06515068649186,37.32431040154388,0.0,-1.0,1.0,48.0,-48.0,0.0
0.026,5,-40.428070903679256,-8.273077007322906,48.70114791100216,-11.744201356105814,-13.52109025344995,13.555551567042578,33.91735440505753,36.76074887837731,0.0,-1.0,1.0,48.0,-48.0,0.0
0.0261,5,-39.039256652193444,-8.933841783719853,47.97309843591329,-12.304054054041785,-14.267983520999838,14.284428639793544,35.740925427676345,36.17917883188946,0.0,-1.0,1.0,48.0,-48.0,0.0
0.0262,5,-37.65671917898244,-9.566307353478717,47.223026532461155,-12.841241268894654,-15.005061887364302,15.001532073627198,37.53498984115444,35.58066228436765,0.0,-1.0,1.0,48.0,-48.0,0.0
0.0263,5,-36.28093467218238,-10.170962277326169,46.45189694950855,-13.354789594826249,-15.731766859617789,15.706537968030409,39.298727070475174,34.9662709633249,0.0,-1.0,1.0,48.0,-48.0,0.0
0.0264,5,-34.9123922915349,-10.748294078577363,45.66068637011226,-13.843756071645442,-16.447532227610065,16.39914462907788,41.03137039525876,34.337087503664556,0.0,-1.0,1.0,48.0,-48.0,0.0
0.0265,5,-33.5515929104927,-11.29878950775822,44.85038241825092,-14.307232054840846,-17.151788069859,17.07907286511147,42.73220751907142,33.69420635172693,0.0,-1.0,1.0,48.0,-48.0,0.0
0.0266,5,-32.19904782655124,-11.822934749083418,44.02198257563465,-14.744347441183917,-17.843965165839567,17.74606629302597,44.400581175539166,33.03873432621665,0.0,-1.0,1.0,48.0,-48.0,0.0
0.0267,5,-30.855277436721522,-12.321215564696585,43.17649300141811,-15.154275207608634,-18.5234997490853,18.39989164491873,46.03588975306201,32.37179079478616,0.0,-1.0,1.0,48.0,-48.0,0.0
0.0268,5,-29.520809875506323,-12.794117373833748,42.31492724934007,-15.536236212551916,-19.189838528252878,19.040339063701513,47.63758791797961,31.694507429930734,0.0,-1.0,1.0,48.0,-48.0,0.0
0.0269,5,-28.19617961331017,-13.242125265382619,41.43830487869279,-15.889504200665543,-19.842443896918972,19.66722237527612,49.20518721436859,31.008027513833717,0.0,-1.0,1.0,48.0,-48.0,0.0
0.027,5,-26.88192601390667,-13.665723943656227,40.547649957562896,-16.21341094400051,-20.480799247588756,20.280379324082332,50.73825661730383,30.31350476885765,0.0,-1.0,1.0,48.0,-48.0,0.0
0.0271,5,-25.57859185039635,-14.065397608557282,39.643989458953634,-16.50735144564819,-21.10441430140372,20.879671758283525,52.2364230154499,29.612101698436568,0.0,-1.0,1.0,48.0,-48.0,0.0
0.0272,5,-24.286721780009394,-14.441629772651408,38.728351552660804,-16.77078912562981,-21.71283036252196,21.464985750599702,53.6993715983065,28.904987432075192,0.0,-1.0,1.0,48.0,-48.0,0.0
0.0273,5,-23.006860779130513,-14.794903018966295,37.80176379809681,-17.003260903782966,-22.305625405263324,22.036231640867012,55.126846123356266,28.193335077853114,0.0,-1.0,1.0,48.0,-48.0,0.0
0.0274,5,-21.739552541029127,-15.125698704561742,36.86525124559087,-17.204382090714088,-22.88241890298376,22.59334398682556,56.518649038787466,27.478318596074182,0.0,-1.0,1.0,48.0,-48.0,0.0
0.0275,5,-20.485337839951185,-15.434496616043939,35.91983445599512,-17.37385099575748,-23.44287631034249,23.136281410435707,57.874641438410464,26.76110921827057,0.0,-1.0,1.0,48.0,-48.0,0.0
0.0276,5,-19.244752866449247,-15.721774584199068,34.966527450648314,-17.511453160459926,-23.98671311517687,23.665026328205798,59.194742826861905,26.042871446416303,0.0,-1.0,1.0,48.0,-48.0,0.0
0.0277,5,-18.018327540062653,-15.98800806577226,34.00633560583491,-17.617065127512593,-24.513698382576038,24.17958455558378,60.478930675197425,25.324758677646983,0.0,-1.0,1.0,48.0,-48.0,0.0
0.0278,5,-16.8065838066935,-16.233669701093906,33.040253507787405,-17.690657658343934,-25.023657721859543,24.67998477740727,61.72723974948933,24.607908509740454,0.0,-1.0,1.0,48.0,-48.0,0.0
0.0279,5,-15.610033929216051,-16.459228856740005,32.069262785956056,-17.73229831778542,-25.51647561688132,25.166277878695798,62.93976119804193,23.89343779179067,0.0,-1.0,1.0,48.0,-48.0,0.0
0.028,5,-14.429178780987115,-16.66515116268959,31.094329943676705,-17.742153351283218,-25.992097071198785,25.638536132667976,64.1166413862663,23.182437492626057,0.0,-1.0,1.0,48.0,-48.0,0.0
0.0281,5,-13.264506152956276,-16.851898053504154,30.11640420646043,-17.720488788955212,-26.45052853193089,26.096852245725024,65.25808047206101,22.475967466318238,0.0,-1.0,1.0,48.0,-48.0,0.0
0.0282,5,-12.116489085982998,-17.019926322893543,29.13641540887654,-17.66767072122809,-26.891838069294213,26.541338262196327,66.3643307186483,21.775051199361627,0.0,-1.0,1.0,48.0,-48.0,0.0
0.0283,5,-10.985584240722588,-17.169687700656112,28.1552719413787,-17.58416470262974,-27.316154802540904,26.97212433482625,67.43569454614133,21.08067062758441,0.0,-1.0,1.0,48.0,-48.0,0.0
0.0284,5,-9.87223031802322,-17.301628460391775,27.173858778414996,-17.4705342533027,-27.72366757699163,27.38935737021034,68.47252232756686,20.393761112426276,0.0,-1.0,1.0,48.0,-48.0,0.0
0.0285,5,-8.776846543159525,-17.416189065600157,26.193035608759683,-17.327438441660757,-28.114622910717276,27.79319956158349,69.4752099395479,19.715206665792756,0.0,-1.0,1.0,48.0,-48.0,0.0
0.0286,5,-7.6998312273981995,-17.513803860810253,25.213635088208452,-17.155628546014206,-28.48932224283882,28.183826824435705,70.4441960822588,19.04583551023334,0.0,-1.0,1.0,48.0,-48.0,0.0
0.0287,5,-6.641560420339449,-17.59490081326535,24.2364612336048,-16.9559438076127,-28.848118528056517,28.56142715329601,71.37995938749822,18.386416056714182,0.0,-1.0,1.0,48.0,-48.0,0.0
0.0288,5,-5.602386666193468,-17.65990130943564,23.262287975629107,-16.729306302062962,-29.191412233594633,28.926198920600687,72.28301533768662,17.73765337584845,0.0,-1.0,1.0,48.0,-48.0,0.0
0.0289,5,-4.582637876638579,-17.70922000928006,22.29185788591864,-16.476714970148276,-29.519646804992142,29.278349140772082,73.15391302219096,17.100186230250678,0.0,-1.0,1.0,48.0,-48.0,0.0
0.029,5,-3.5826163321682394,-17.743264759762553,21.325881091930793,-16.1992388624029,-29.833303675866116,29.61809172440904,73.9932317605231,16.474584725888956,0.0,-1.0,1.0,48.0,-48.0,0.0
0.0291,5,-2.6025978228793782,-17.762436567679078,20.365034390558456,-15.898009664103148,-30.132896903757608,29.94564574877345,74.80157762457864,15.861348629159387,0.0,-1.0,1.0,48.0,-48.0,0.0
0.0292,5,-1.6428309384986726,-17.767129630405517,19.40996056890419,-15.574213578391712,-30.41896751932403,30.2612337715029,75.57957989411845,15.260906384176845,0.0,-1.0,1.0,48.0,-48.0,0.0
0.0293,5,-0.7035365161062899,-17.757731421767545,18.461267937873835,-15.229082654862246,-30.692077679411003,30.56508021465404,76.32788748109535,14.673614851770106,0.0,-1.0,1.0,48.0,-48.0,0.0
0.0294,5,0.0,-17.62707618236177,17.62707618236177,-14.86393281340596,-30.952903170851005,30.857508005475974,77.04741044922149,14.14112194447192,0.0,-1.0,1.0,9.18376476928156,-48.0,38.81623523071844
0.0295,5,0.0,-17.14169398238284,17.14169398238284,-14.481113913126036,-31.204348895195075,31.141055944288528,77.74460551445559,13.746366630768822,0.0,-1.0,1.0,9.550532562327236,-48.0,38.449467437672766
0.0296,5,0.0,-16.65368327997538,16.65368327997538,-14.08210082566716,-31.447740929727594,31.416691558635872,78.42201822640594,13.349877648061902,0.0,-1.0,1.0,9.933423859878701,-48.0,38.0665761401213
0.0297,5,0.0,-16.163357362254064,16.163357362254064,-13.66787009438642,-31.68334705031442,31.68432526545441,79.07956924807617,12.951946281357653,0.0,-1.0,1.0,10.331640798043589,-48.0,37.66835920195641
0.0298,5,0.0,-15.671022150132428,15.671022150132428,-13.23942289256593,-31.91143433744316,31.943867426582084,79.71719342194467,12.552848455800776,0.0,-1.0,1.0,10.744360562864607,-48.0,37.255639437135386
0.0299,5,0.0,-15.176976346082647,15.176976346082647,-12.79777651741454,-32.13226513391838,32.19522848007628,80.3348390084258,12.152845030037117,0.0,-1.0,1.0,11.170741809506508,-48.0,36.82925819049349
0.03,0,0.0,-14.681511645580693,14.681511645580693,-12.343955618745996,-32.34609316487079,32.438319228909336,80.93246694416402,11.752182293758322,1.0,-1.0,0.0,48.0,0.0,-48.0
0.0301,0,1.4026936105986092,-14.047039428941307,12.644345818342698,-11.875817988203037,-32.54435071998464,32.66420733680839,81.48798763043311,10.474073566029844,1.0,-1.0,0.0,48.0,0.0,-48.0
0.0302,0,2.7755641799617976,-13.408799851531711,10.633235671569913,-11.392156683842575,-32.71892160915704,32.86439670325556,81.98041669111603,9.22850499029757,1.0,-1.0,0.0,48.0,0.0,-48.0
0.0303,0,4.118656818371397,-12.767514957950668,8.648858139579271,-10.895333967975967,-32.87069953735035,33.03945262642917,82.41137850517016,8.015356098183455,1.0,-1.0,0.0,48.0,0.0,-48.0
0.0304,0,5.432066379021665,-12.123897027069699,6.691830648048034,-10.387613114191748,-33.0005362460767,33.189939863164554,82.78248923283432,6.834420677077463,1.0,-1.0,0.0,48.0,0.0,-48.0
0.0305,0,6.715934827166496,-11.478648502713074,4.762713675546578,-9.871145528429407,-33.1092378095606,33.31642283658888,83.09535283934856,5.685419214089636,1.0,-1.0,0.0,48.0,0.0,-48.0
0.0306,0,7.970448410231425,-10.83246185576968,2.8620134455382544,-9.347960095100822,-33.19756218662469,33.41946609077942,83.35155773974665,4.568011252958359,1.0,-1.0,0.0,48.0,0.0,-48.0
0.0307,0,9.195834672575813,-10.18601937363865,0.9901847010628368,-8.81995482143269,-33.266217987384614,33.499634941146226,83.55267405421321,3.4818074209193637,1.0,-1.0,0.0,48.0,0.0,-48.0
0.0308,0,10.131448577738167,-9.800897231242118,-0.3305513464960492,-8.289277361016557,-33.31743400312665,33.55907731160721,83.7041949853895,2.765277907415189,1.0,-1.0,0.0,48.0,-48.0,0.0
0.0309,0,10.743443866692772,-9.711719058893511,-1.0317248077992602,-7.759864509231224,-33.362582132936815,33.609204466060824,83.83469446495715,2.4567979555807415,1.0,-1.0,0.0,48.0,-48.0,0.0
0.031,0,11.334857223829324,-9.616040813419037,-1.7188164104102874,-7.232760732956635,-33.40397414585395,33.65234872504344,83.95008084763344,2.1606823651129616,1.0,-1.0,0.0,48.0,-48.0,0.0
0.0311,0,11.905989098458083,-9.51414557360266,-2.391843524855423,-6.708357628486117,-33.44178619488451,33.68872695010096,84.05096169915718,1.8765070940464126,1.0,-1.0,0.0,48.0,-48.0,0.0
0.0312,0,12.457144638270176,-9.40631034935387,-3.050834288916307,-6.1869593183969895,-33.476163321297825,33.71855842315406,84.13792371402988,1.6038617812092655,1.0,-1.0,0.0,48.0,-48.0,0.0
0.0313,0,12.98863199805206,-9.29280581882025,-3.695826179231811,-5.668785117993388,-33.50722213201951,33.74206597574577,84.21153346218725,1.3423521649028416,1.0,-1.0,0.0,48.0,-48.0,0.0
0.0314,0,13.50076072208629,-9.173896026948722,-4.326864695137568,-5.153972888205779,-33.53505364985883,33.75947703781717,84.27233824359745,1.09160198122207,1.0,-1.0,0.0,48.0,-48.0,0.0
0.0315,0,13.993840211811886,-9.04983805137346,-4.944002160438427,-4.642583019424941,-33.5597262839951,33.77102458108218,84.32086702482609,0.851254345670452,1.0,-1.0,0.0,48.0,-48.0,0.0
0.0316,0,14.468178289138756,-8.920881642244492,-5.547296646894265,-4.134602986624184,-33.58128886981072,33.77694793396446,84.35763143198916,0.6209726296327926,1.0,-1.0,0.0,48.0,-48.0,0.0
0.0317,0,14.924079864565531,-8.787268843221838,-6.136811021343693,-3.629952412718829,-33.59977372943638,33.77749344732554,84.38312677527958,0.40044085056325596,1.0,-1.0,0.0,48.0,-48.0,0.0
0.0318,0,15.361845717944878,-8.649233601340574,-6.712612116604304,-3.1284885744382214,-33.61519970718869,33.77291499280743,84.3978330813641,0.18936360135150876,1.0,-1.0,0.0,48.0,-48.0,0.0
0.0319,0,15.78177139839788,-8.507001373795266,-7.2747700246026135,-2.630012283038237,-33.627575137363934,33.763474278483876,84.40221611136866,-0.012534449819295634,1.0,-1.0,0.0,48.0,-48.0,0.0
0.032,0,16.18414624851274,-8.360788739896098,-7.823357508616644,-2.134274070966944,-33.63690070553057,33.74944096960917,84.39672834386772,-0.205509452755948,1.0,-1.0,0.0,48.0,-48.0,0.0
0.0321,0,16.569252556584992,-8.21080302651415,-8.358449530070843,-1.6409806151167925,-33.643172168462385,33.731092605510675,84.38180990421822,-0.38979962108688193,1.0,-1.0,0.0,48.0,-48.0,0.0
0.0322,0,16.93736483928831,-8.057241955260185,-8.880122884028125,-1.1498013275433157,-33.64638290210599,33.70871430703214,84.35788942369892,-0.5656267866670861,1.0,-1.0,0.0,48.0,-48.0,0.0
0.0323,0,17.288749255815162,-7.900293319436838,-9.388455936378325,-0.6603750455012077,-33.64652625140464,33.68259827233567,84.32538481418013,-0.7331982160418073,1.0,-1.0,0.0,48.0,-48.0,0.0
0.0324,0,17.62366315321613,-7.740134698472174,-9.883528454743955,-0.17231675431863178,-33.64359766033751,33.65304306225003,84.28470394642044,-0.8927086407499774,1.0,-1.0,0.0,48.0,-48.0,0.0
0.0325,0,17.942354741404365,-7.576933217094406,-10.36542152430996,0.31477572102035345,-33.63759656511019,33.6203526796511,84.23624522252499,-1.0443424523519855,1.0,-1.0,0.0,48.0,-48.0,0.0
0.0326,0,18.2450628950945,-7.410845355951997,-10.834217539142502,0.8013151167287662,-33.62852803797966,33.584835450521226,84.1803980355607,-1.1882760129469405,1.0,-1.0,0.0,48.0,-48.0,0.0
0.0327,0,18.532017078824538,-7.2420168197323935,-11.290000259092146,1.2877182810729741,-33.616404173655454,33.54680271730401,84.11754311177343,-1.324680032557744,1.0,-1.0,0.0,48.0,-48.0,0.0
0.0328,0,18.803437390173873,-7.0705824681007625,-11.732854922073109,1.7743999286910417,-33.60124521452273,33.50656735790412,84.04805273325364,-1.4537219660555918,1.0,-1.0,0.0,48.0,-48.0,0.0
0.0329,0,19.059534715354104,-6.896666313979331,-12.162868401374775,2.2617666472664633,-33.583080415033834,33.46444214614043,83.97229084121867,-1.5755683842122217,1.0,-1.0,0.0,48.0,-48.0,0.0
0.033,0,19.30051099051511,-6.720381592834899,-12.580129397680212,2.750211200501825,-33.561948649455566,33.420737971608446,83.89061302228896,-1.6903872759414353,1.0,-1.0,0.0,48.0,-48.0,0.0
0.0331,0,19.526559561385934,-6.541830905750512,-12.984728655635422,3.2401071660970544,-33.53789877070298,33.37576193872782,83.80336638221256,-1.7983502417543562,1.0,-1.0,0.0,48.0,-48.0,0.0
0.0332,0,19.73786563326211,-6.361106438141882,-13.37675919512023,3.7318039419991065,-33.510989731195004,33.329815366221794,83.7108893134059,-1.8996345418329375,1.0,-1.0,0.0,48.0,-48.0,0.0
0.0333,0,19.934606802857235,-6.178290255055469,-13.756316547801767,4.2256221486471945,-33.481290479506754,33.28319170939597,83.61351116441915,-1.9944249658497908,1.0,-1.0,0.0,48.0,-48.0,0.0
0.0334,0,20.116953663161965,-5.993454673065082,-14.123498990096884,4.721849449393677,-33.4488796490438,33.236174428353,83.51155182097627,-2.082915495657252,1.0,-1.0,0.0,48.0,-48.0,0.0
0.0335,0,20.285070472190686,-5.806662707881794,-14.47840776430889,5.220736805824625,-33.413845057014875,33.18903482571115,83.40532120958282,-2.165310736161084,1.0,-1.0,0.0,48.0,-48.0,0.0
0.0336,0,20.439115876344886,-5.617968595918264,-14.82114728042662,5.722495179429619,-33.37628303362133,33.14202987750111,83.29511873581858,-2.241827094015452,1.0,-1.0,0.0,48.0,-48.0,0.0
0.0337,0,20.57924367907598,-5.427418387213463,-15.151825291862517,6.227292686061385,-33.33629760262,33.095400080724886,83.18123267034166,-2.3126936881588454,1.0,-1.0,0.0,48.0,-48.0,0.0
0.0338,0,20.70560364558056,-5.235050606336927,-15.470553039243635,6.735252204950134,-33.293999535259154,33.04936734059794,83.06393949632094,-2.3781529805934176,1.0,-1.0,0.0,48.0,-48.0,0.0
0.0339,0,20.818342334402146,-5.040896977158211,-15.777445357243934,7.246449439764116,-33.24950530004818,33.004132919793676,82.94350323248337,-2.4384611201361235,1.0,-1.0,0.0,48.0,-48.0,0.0
0.034,0,20.917603947033125,-4.8449832066952085,-16.072620740337918,7.760911425376144,-33.20293593092677,32.95987547110355,82.82017474622224,-2.493887996087518,1.0,-1.0,0.0,48.0,-48.0,0.0
0.0341,0,21.003531186901263,-4.647329822645678,-16.356201364255586,8.278615470647106,-33.15441583616982,32.91674917384781,82.69419107126058,-2.544717002828925,1.0,-1.0,0.0,48.0,-48.0,0.0
0.0342,0,21.076266119474575,-4.447953058664875,-16.6283130608097,8.799488524684351,-33.104071569835035,32.874881993159875,82.56577474421817,-2.591244520231446,1.0,-1.0,0.0,48.0,-48.0,0.0
0.0343,0,21.13595102561678,-4.246865780978329,-16.88908524463845,9.323406951681823,-33.05203058676017,32.8343740799506,82.43513317409179,-2.6337791184095103,1.0,-1.0,0.0,48.0,-48.0,0.0
0.0344,0,21.182729240763045,-4.044078449512555,-17.13865079125049,9.850196697590503,-32.998420001084455,32.795296327969005,82.3024580581475,-2.6726404987511474,1.0,-1.0,0.0,48.0,-48.0,0.0
0.0345,0,21.216745972950857,-3.8396001063890317,-17.377145866561825,10.379633830472745,-32.94336536703675,32.75768910293914,82.16792485704703,-2.708158186286454,1.0,-1.0,0.0,48.0,-48.0,0.0
0.0346,0,21.238149093226827,-3.6334393843535038,-17.604709708873322,10.91144543543361,-32.88698949933878,32.72156115728937,82.03169234120472,-2.7406699913007886,1.0,-1.0,0.0,48.0,-48.0,0.0
0.0347,0,21.247089892445906,-3.4256055275046062,-17.8214843649413,11.445310844442723,-32.829411349048364,32.68688874251831,81.89390221941129,-2.770520260648948,1.0,-1.0,0.0,48.0,-48.0,0.0
0.0348,0,21.2437237989802,-3.216109416538652,-18.02761438244155,11.980863181110996,-32.77074494904988,32.65361492977164,81.75467885968054,-2.798057941475891,1.0,-1.0,0.0,48.0,-48.0,0.0
0.0349,0,21.22821105235286,-3.0049645906386258,-18.223246461714236,12.517691200507128,-32.71109844171466,32.62164914774266,81.61412911109022,-2.8236344819953176,1.0,-1.0,0.0,48.0,-48.0,0.0
0.035,1,21.20071732830405,-2.7921882581044764,-18.408529070199574,13.055341404319838,-32.65057319953324,32.590866945556854,81.47234223411266,-2.8476015956190848,1.0,0.0,-1.0,0.0,48.0,-48.0
0.0351,1,21.161458314565525,-0.8993343819815675,-20.262123932583957,13.587612051154272,-32.575764281761366,32.54761841721888,81.29570114399637,-4.214905368985079,1.0,0.0,-1.0,0.0,48.0,-48.0
0.0352,1,21.403170272560132,0.3866006046494898,-21.789770877209623,14.108043371393142,-32.47560500697,32.480493017062116,81.05640401547613,-5.161106515188838,1.0,0.0,-1.0,48.0,0.0,-48.0
0.0353,1,21.89718395961636,1.1232962112863056,-23.020480170902665,14.619862120018142,-32.3621293810565,32.401134705690396,80.78430267814089,-5.7202712742950474,1.0,0.0,-1.0,48.0,0.0,-48.0
0.0354,1,22.373067450349833,1.8521473392353733,-24.225214789585205,15.122602889703192,-32.23750537033527,32.31133149650573,80.48464186537178,-6.263537108143655,1.0,0.0,-1.0,48.0,0.0,-48.0
0.0355,1,22.831298273927985,2.5727703047954305,-25.404068578723415,15.61507277563114,-32.10211104029007,32.21106592521172,80.15820886920363,-6.791208403150595,1.0,0.0,-1.0,48.0,0.0,-48.0
0.0356,1,23.272370401836156,3.28478117201299,-26.557151573849147,16.096097259431662,-31.956314009917122,32.100296997605675,79.80577606418133,-7.3035767937833524,1.0,0.0,-1.0,48.0,0.0,-48.0
0.0357,1,23.696793372279345,3.9877955213210834,-27.684588893600427,16.56452850761117,-31.800471161142365,31.978964347706356,79.42810164412722,-7.800917250971207,1.0,0.0,-1.0,48.0,0.0,-48.0
0.0358,1,24.105091287182375,4.68142836324114,-28.786519650423514,17.019253494269538,-31.63492856976562,31.846992692258716,79.02593054561393,-8.283484537031814,1.0,0.0,-1.0,48.0,0.0,-48.0
0.0359,1,24.497801689413755,5.365294200563892,-29.863095889977647,17.45920183969257,-31.46002164621701,31.70429650945011,78.59999553816361,-8.751510091572833,1.0,0.0,-1.0,48.0,0.0,-48.0
0.036,1,24.87547432948933,6.039007239977783,-30.91448156946711,17.88335326467034,-31.276075470227855,31.550784866533814,78.15101845823135,-9.20519940230173,1.0,0.0,-1.0,48.0,0.0,-48.0
0.0361,1,25.23866983243133,6.702181751686521,-31.94085158411785,18.290744569816255,-31.083405300013418,31.38636631937816,77.67971156161663,-9.644729903159265,1.0,0.0,-1.0,48.0,0.0,-48.0
0.0362,1,25.587958276650994,7.3544325731902,-32.942390849841196,18.68047605951698,-30.882317233778174,31.210953806745273,77.18677896712872,-10.070249430021647,1.0,0.0,-1.0,48.0,0.0,-48.0
0.0363,1,25.92391769768645,7.995375751149204,-33.91929344883565,19.051717341212427,-30.6731089993002,31.02446946331835,76.67291816313164,-10.481875251741366,1.0,0.0,-1.0,48.0,0.0,-48.0
0.0364,1,26.247132530352665,8.624629313136262,-34.871761843488926,19.403712442270617,-30.456070846022815,30.82684927808449,76.13882154801729,-10.879693681842852,1.0,0.0,-1.0,48.0,0.0,-48.0
0.0365,1,26.558192003352747,9.241814159150355,-35.8000061625031,19.73578419858668,-30.231486513456066,30.618047528559803,75.58517797569462,-11.26376026407512,1.0,0.0,-1.0,48.0,0.0,-48.0
0.0366,1,26.857688500663553,9.846555061046939,-36.70424356171049,20.047337881007536,-29.999634249725275,30.39804092640793,75.01267427781232,-11.63410051353669,1.0,0.0,-1.0,48.0,0.0,-48.0
0.0367,1,27.146215904049498,10.438481756551582,-37.58469766060108,20.337864037582264,-29.76078785474703,30.16683241612924,74.42199673561792,-11.990711184481295,1.0,0.0,-1.0,48.0,0.0,-48.0
0.0368,1,27.42436793089221,11.017230123297836,-38.441598054190045,20.60694054129609,-29.51521772369598,29.924454575536007,73.81383247604064,-12.333562026410185,1.0,0.0,-1.0,48.0,0.0,-48.0
0.0369,1,27.692736481160964,11.582443417369808,-39.27517989853077,20.85423384420366,-29.263191868079836,29.67097257452386,73.18887076871884,-12.66259798183044,1.0,0.0,-1.0,48.0,0.0,-48.0
0.037,1,27.95191000680743,12.133773560150379,-40.08568356695781,21.07949944958741,-29.004976893782274,29.406486657024264,72.54780420319847,-12.977741772246041,1.0,0.0,-1.0,48.0,0.0,-48.0
0.0371,1,28.202471916168275,12.670882456879252,-40.873354373047526,21.282581623797928,-28.740838917785638,29.131134119798045,71.89132972834105,-13.278896813638795,1.0,0.0,-1.0,48.0,0.0,-48.0
0.0372,1,28.44499902511607,13.19344333020406,-41.63844235532013,21.46341237865801,-28.471044407863765,28.845090770717828,71.22014953901746,-13.56595039893148,1.0,0.0,-1.0,48.0,0.0,-48.0
0.0373,1,28.680060065739816,13.701142052162192,-42.381202117902006,21.622009763631635,-28.19586093225802,28.548571858200415,70.53497179834837,-13.838777082712422,1.0,0.0,-1.0,48.0,0.0,-48.0
0.0374,1,28.908214262277603,14.193678458438841,-43.10189272071644,21.758475514277844,-27.915557809144232,28.241832472309355,69.83651118701702,-14.097242202795464,1.0,0.0,-1.0,48.0,0.0,-48.0
0.0375,1,29.1300099828914,14.670767629399029,-43.80077761229043,21.8729921097588,-27.630406648485454,27.92516742657125,69.12548927443306,-14.341205473921152,1.0,0.0,-1.0,48.0,0.0,-48.0
0.0376,1,29.345983474688058,15.132141123258986,-44.478124597947044,21.96581929729977,-27.34068178158734,27.5989106375825,68.40263470971897,-14.570524590962027,1.0,0.0,-1.0,48.0,0.0,-48.0
0.0377,1,29.556657688173775,15.577548147824597,-45.13420583599837,22.03729014547365,-27.046660576266188,27.263434026875323,67.66868323354454,-14.785058782245091,1.0,0.0,-1.0,48.0,0.0,-48.0
0.0378,1,29.762541196102912,16.006756658453217,-45.76929785455613,22.08780669099702,-26.748623637957273,26.919145976136704,66.92437751469942,-14.984672257889681,1.0,0.0,-1.0,48.0,0.0,-48.0
0.0379,1,29.964127210463946,16.419554371256726,-46.38368158172067,22.117835245389475,-26.446854899293772,26.56648937263346,66.1704668179269,-15.169237503206148,1.0,0.0,-1.0,48.0,0.0,-48.0
0.038,1,30.161892700158095,16.815749682033225,-46.97764238219132,22.12790142839764,-26.14164160263991,26.205939286504304,65.4077065118925,-15.338638373030498,1.0,0.0,-1.0,48.0,0.0,-48.0
0.0381,1,30.35629761078059,17.195172482954117,-47.55147009373471,22.118584994574174,-25.833274181748404,25.838000325390475,64.63685742821387,-15.492772949193094,1.0,0.0,-1.0,48.0,0.0,-48.0
0.0382,1,30.547784186831144,17.557674870616125,-48.10545905744727,22.09051451790234,-25.522046050116142,25.46320371465862,63.8586850842028,-15.631556129955065,1.0,0.0,-1.0,48.0,0.0,-48.0
0.0383,1,30.736776395667963,17.903131740662214,-48.63990813633018,22.04436199695686,-25.20825330472816,25.082104153224325,63.07395878335758,-15.754921927015705,1.0,0.0,-1.0,48.0,0.0,-48.0
0.0384,1,30.923679451589027,18.23144126575112,-49.15512071734015,21.98083743989546,-24.892194354716434,24.695276495738053,62.28345060869855,-15.862825452432034,1.0,0.0,-1.0,48.0,0.0,-48.0
0.0385,1,31.1088794375855,18.542525255189986,-49.651404692775486,21.900683484693058,-24.57416948501896,24.303312311688426,61.48793432475346,-15.955244584348549,1.0,0.0,-1.0,48.0,0.0,-48.0
0.0386,1,31.2927430215686,18.836329396009564,-50.129072417578165,21.80467010558396,-24.254480365430773,23.9068163708853,60.68818420440075,-16.032181306678165,1.0,0.0,-1.0,48.0,0.0,-48.0
0.0387,1,31.47561726322693,19.112823376641003,-50.58844063986793,21.69358945178823,-23.933429515503448,23.506403102881,59.88497379687071,-16.09366272369155,1.0,0.0,-1.0,48.0,0.0,-48.0
0.0388,1,31.657829507128692,19.372000895626517,-51.02983040275521,21.568250859391586,-23.611319735606084,23.102693075278236,59.07907465302474,-16.139741755772768,1.0,0.0,-1.0,48.0,0.0,-48.0
0.0389,1,31.83968735723931,19.6138795589503,-51.45356691618961,21.429476071843425,-23.28845351412818,22.696309532656795,58.27125502359836,-16.17049752731255,1.0,0.0,-1.0,48.0,0.0,-48.0
0.039,1,32.021478727679856,19.838500670602293,-51.85997939828215,21.27809469905094,-22.9651324203158,22.287875034144214,57.46227854543941,-16.186035461792738,1.0,0.0,-1.0,48.0,0.0,-48.0
0.0391,1,32.203471964299126,20.04592892187532,-52.24940088617445,21.1149399395856,-22.64165649161508,21.878008223573886,56.65290292993451,-16.186487102536923,1.0,0.0,-1.0,48.0,0.0,-48.0
0.0392,1,32.385916031468994,20.2362519856457,-52.622168017114696,20.94084458517762,-22.318323623677664,21.467320761827143,55.84387866681812,-16.172009680357434,1.0,0.0,-1.0,48.0,0.0,-48.0
0.0393,1,32.569040758428685,20.40958002249568,-52.97862078092436,20.756637321541472,-21.9954289703919,21.056414446458906,55.03594775544482,-16.142785451426263,1.0,0.0,-1.0,48.0,0.0,-48.0
0.0394,1,32.75305713949711,20.566045106005582,-53.31910224550269,20.563139334720603,-21.67326436046449,20.64587853915972,54.22984247439815,-16.099020830163816,1.0,0.0,-1.0,48.0,0.0,-48.0
0.0395,1,32.93815768253068,20.705800574880364,-53.64395825741104,20.361161227624716,-21.352117736214403,20.236287317104594,53.42628419904558,-16.04094534280813,1.0,0.0,-1.0,48.0,0.0,-48.0
0.0396,1,33.12451680011918,20.829020319784238,-53.95353711990342,20.151500247301296,-21.032272619376062,19.82819785986928,52.625982275357174,-15.968810427651654,1.0,0.0,-1.0,48.0,0.0,-48.0
0.0397,1,33.31229123818224,20.93589801284767,-54.24818925102991,19.934937819768592,-20.7140076078587,19.422148079424343,51.829632957006716,-15.882888107760516,1.0,0.0,-1.0,48.0,0.0,-48.0
0.0398,1,33.501620536834835,21.026646287793476,-54.52826682462831,19.712237385959707,-20.3975959065898,19.01865499681264,51.037918411497415,-15.78346956138904,1.0,0.0,-1.0,48.0,0.0,-48.0
0.0399,1,33.69262751863482,21.101495878513322,-54.79412339714814,19.484142529496403,-20.083304894796367,18.61821326552155,50.25150579981794,-15.670863614328145,1.0,0.0,-1.0,48.0,0.0,-48.0
0.04,2,33.88541879959435,21.160694723723815,-55.04611352331816,19.251375384622882,-19.771395731354655,18.22129393831323,49.4710464329504,-15.545395177145396,0.0,1.0,-1.0,-48.0,48.0,0.0
0.0401,2,32.4015429747875,22.882953291146624,-55.28449626593412,19.001652096541555,-19.448848738652444,17.81620828017555,48.66396080683675,-16.733622518436146,0.0,1.0,-1.0,-48.0,48.0,0.0
0.0402,2,30.94302906861726,24.566128020121877,-55.50915708873914,18.722638902950397,-19.102828284031457,17.39181603120229,47.79813002137395,-17.89510202823152,0.0,1.0,-1.0,-48.0,48.0,0.0
0.0403,2,29.510260983325352,26.209653079758972,-55.719914063084325,18.41500477956732,-18.733875347818003,16.94939280102357,46.874905750638575,-19.029275316119126,0.0,1.0,-1.0,-48.0,48.0,0.0
0.0404,2,28.103609736780236,27.813005963170852,-55.91661569995109,18.079464481208912,-18.342541143386356,16.49020722255851,45.895665656177165,-20.135661157423847,0.0,1.0,-1.0,-48.0,48.0,0.0
0.0405,2,26.723432409412517,29.375707479046206,-56.09913988845872,17.716771508048218,-17.92938553556768,16.015512148347714,44.86180955306291,-21.21385438394646,0.0,1.0,-1.0,-48.0,48.0,0.0
0.0406,2,25.37007118472368,30.897321525133425,-56.267392709857106,17.327711266249615,-17.494975499966,15.526536172876975,43.77475565109512,-22.263524000787413,0.0,1.0,-1.0,-48.0,48.0,0.0
0.0407,2,24.043852480374817,32.37745465491031,-56.421307135285126,16.91309450767673,-17.039883639013958,15.024475580844745,42.63593690778337,-23.284410612543788,0.0,1.0,-1.0,-48.0,48.0,0.0
0.0408,2,22.745086166005386,33.81575545089844,-56.56084161690383,16.47375112005687,-16.56468676829062,14.510486808342364,41.44679752543927,-24.276323248074362,0.0,1.0,-1.0,-48.0,48.0,0.0
0.0409,2,21.47406486326399,35.21191371987728,-56.68597858314127,16.010524325444628,-16.069964584238075,13.98567949000271,40.20878962014188,-25.23913567631538,0.0,1.0,-1.0,-48.0,48.0,0.0
0.041,2,20.231063323056894,36.56565952663832,-56.796722849695215,15.524265331465488,-15.556298422034391,13.45111015080149,38.92337008569067,-26.172782306442283,0.0,1.0,-1.0,-48.0,48.0,0.0
0.0411,2,19.01633787471384,37.87676208391356,-56.8930999586274,15.015828466987115,-15.024270110070413,12.907776586798972,37.59199767102365,-27.077253764239348,0.0,1.0,-1.0,-48.0,48.0,0.0
0.0412,2,17.830125941615186,39.14502851673281,-56.975154458347994,14.486066821852429,-14.474460925291861,12.356612965082366,36.216130285057844,-27.952592233131764,0.0,1.0,-1.0,-48.0,48.0,0.0
0.0413,2,16.672645617812428,40.37030251972447,-57.0429481375369,13.935828399352593,-13.907450651657014,11.798485659862997,34.797222538613646,-28.79888664325116,0.0,1.0,-1.0,-48.0,48.0,0.0
0.0414,2,15.544095300266697,41.55246292582747,-57.09655822609417,13.365952780381244,-13.323816742149754,11.234189829375264,33.33672352906637,-29.616267785484936,0.0,1.0,-1.0,-48.0,48.0,0.0
0.0415,2,14.44465337152311,42.69142220454456,-57.13607557606767,12.777268289810204,-12.724133583206923,10.664446727149896,31.836074869705826,-30.404903420016904,0.0,1.0,-1.0,-48.0,48.0,0.0
0.0416,2,13.374477927904046,43.787124907293084,-57.16160283519713,12.170589648613818,-12.108971859076684,10.089901731551544,30.296708962511644,-31.164993440732005,0.0,1.0,-1.0,-48.0,48.0,0.0
0.0417,2,12.333706548618501,44.83954607663944,-57.17325262525794,11.546716089647102,-11.478898012521347,9.511123069282768,28.72004751019107,-31.896765148335387,0.0,1.0,-1.0,-48.0,48.0,0.0
0.0418,2,11.32245610154191,45.84868963526997,-57.17114573681188,10.906429910723258,-10.83447379741465,8.928601201914438,27.1075002609057,-32.60046867639205,0.0,1.0,-1.0,-48.0,48.0,0.0
0.0419,2,10.34082258179091,46.81458676951073,-57.15540935130164,10.250495435658207,-10.176255918138324,8.342748839396886,25.460463977110518,-33.27637260598783,0.0,1.0,-1.0,-48.0,48.0,0.0
0.042,2,9.388880979599527,47.73729432108284,-57.12617530068237,9.579658352167428,-9.504795750248265,7.753901540896777,23.78032161835595,-33.92475979653831,0.0,1.0,-1.0,-48.0,48.0,0.0
0.0421,2,8.466685174372316,48.616893199622204,-57.08357837399452,8.894645394787467,-8.820639136626454,7.162318861100569,22.06844172671573,-34.54592345261442,0.0,1.0,-1.0,-48.0,48.0,0.0
0.0422,2,7.57426785215025,49.45348682731803,-57.02775467946828,8.196164341230483,-8.124326253244778,6.568185999222034,20.326178002691588,-35.14016343963543,0.0,1.0,-1.0,-48.0,48.0,0.0
0.0423,2,6.711640444057764,50.24719962587364,-56.958840069931405,7.484904291626638,-7.416391538713248,5.9716159082096505,18.554869058963718,-35.70778285500641,0.0,1.0,-1.0,-48.0,48.0,0.0
0.0424,2,5.878793083602211,50.99817555488666,-56.87696863848887,6.761536201829086,-6.697363681941335,5.372651822922545,16.755838339163077,-36.24908485581335,0.0,1.0,-1.0,-48.0,48.0,0.0
0.0425,2,5.075694580970627,51.70657670969764,-56.78227129066827,6.026713644223992,-5.967765662490848,4.771270168178556,14.930394188911304,-36.76436973956717,0.0,1.0,-1.0,-48.0,48.0,0.0
0.0426,2,4.302292412702279,52.372581985792344,-56.67487439849462,5.28107377216758,-5.228114838509776,4.1673838104071415,13.079830066640913,-37.25393227072384,0.0,1.0,-1.0,-48.0,48.0,0.0
0.0427,2,3.5585127253138324,52.99638581596646,-56.554898541280295,4.525238467155633,-4.478923077498144,3.560845620012668,11.205424882152291,-37.71805924279,0.0,1.0,-1.0,-48.0,48.0,0.0
0.0428,2,2.8442603516170237,53.578196985682425,-56.42245733729945,3.7598156510046965,-3.7206969255455524,2.9514523153101546,9.308443451429808,-38.157027263722,0.0,1.0,-1.0,-48.0,48.0,0.0
0.0429,2,2.159418838589069,54.11823753137679,-56.27765636996586,2.9854007485907714,-2.9539378110794474,2.33894856288791,7.390137056885536,-38.57110075100928,0.0,1.0,-1.0,-48.0,48.0,0.0
0.043,2,1.5038504857489627,54.616741725901896,-56.12059221165086,2.2025782899700346,-2.1791422795663196,1.7230313133453943,5.451744102904242,-38.96053012224226,0.0,1.0,-1.0,-48.0,48.0,0.0
0.0431,2,0.8773963930437461,55.07395515482045,-55.9513515478642,1.4119236439089826,-1.3968022559929258,1.1033543554102945,3.4944908572657827,-39.32555016705369,0.0,1.0,-1.0,-48.0,48.0,0.0
0.0432,2,0.27987651727515583,55.49013388689955,-55.770010404174705,0.614004877922153,-0.6074053323242697,0.47953307534526135,1.5195922697195716,-39.666378587028696,0.0,1.0,-1.0,-48.0,48.0,0.0
0.0433,2,0.0,55.721092203706235,-55.721092203706235,-0.18994277672479645,0.1878996746764344,-0.14832544083781826,-0.47008283940263024,-39.85431735091461,0.0,1.0,-1.0,-24.209729893644106,48.0,-23.79027010635589
0.0434,2,0.0,55.78595691934125,-55.78595691934125,-0.9956451530026016,0.9849579840556635,-0.7777639736340222,-2.4641456266839636,-39.906379772199045,0.0,1.0,-1.0,-25.09924215821342,48.0,-22.900757841786582
0.0435,2,0.0,55.82497494982534,-55.82497494982534,-1.8021942824298736,1.7829460459265585,-1.4089626109618985,-4.46054126943432,-39.94766779403127,0.0,1.0,-1.0,-25.989185999912202,48.0,-22.010814000087798
0.0436,2,0.0,55.83844609151841,-55.83844609151841,-2.609293991490816,2.5816483869375983,-2.0425808569274686,-6.458736090050087,-39.97837529639334,0.0,1.0,-1.0,-26.878827756495877,48.0,-21.12117224350412
0.0437,2,0.0,55.82665828585305,-55.82665828585305,-3.416646690798861,3.3808530410684545,-2.6792763770883083,-8.458204935649674,-39.998649449783876,0.0,1.0,-1.0,-27.767435022788934,48.0,-20.232564977211062
0.0438,2,0.0,55.78988779958154,-55.78988779958154,-4.223950352091843,4.180350667898688,-3.319700332338872,-10.458428852544289,-40.00859112720353,0.0,1.0,-1.0,-28.65427551987175,48.0,-19.345724480128254
0.0439,2,0.0,55.728399499923135,-55.728399499923135,-5.030895421775105,4.979933677649009,-3.9644926649498835,-12.45889278346227,-40.00825540289047,0.0,1.0,-1.0,-29.53861592812467,48.0,-18.46138407187533
0.044,2,0.0,55.64244722417696,-55.64244722417696,-5.837161658547146,5.779395363876929,-4.614277320706879,-14.45908329197651,-39.99765214287444,0.0,1.0,-1.0,-30.41972068013217,48.0,-17.580279319867827
0.0441,2,0.0,55.53227424362069,-55.53227424362069,-6.642414883607067,6.57852904480916,-5.269657393171047,-16.458486318921405,-39.97674669553591,0.0,1.0,-1.0,-31.296850709426124,48.0,-16.703149290573876
0.0442,2,0.0,55.3981138217184,-55.3981138217184,-7.446303633381334,7.377127214451897,-5.931210178903979,-18.456584976062796,-39.94546069335918,0.0,1.0,-1.0,-32.169262151155294,48.0,-15.83073784884471
0.0443,2,0.0,55.24018986680465,-55.24018986680465,-8.248455706664195,8.174980704852034,-6.599482136083249,-20.452857382923696,-39.90367297992907,0.0,1.0,-1.0,-33.03620499104859,48.0,-14.963795008951411
0.0444,2,0.0,55.05871767947803,-55.05871767947803,-9.048474600569449,8.971877861180095,-7.2749837432918065,-22.446774553434153,-39.851220678888794,0.0,1.0,-1.0,-33.8969216595136,48.0,-14.103078340486405
0.0445,2,0.0,54.85390479491448,-54.85390479491448,-9.845935832789078,9.767603731679372,-7.958184260406538,-24.437798339970676,-39.787900424007084,0.0,1.0,-1.0,-34.7506455684255,48.0,-13.249354431574503
0.0446,2,0.0,54.625951920183,-54.625951920183,-10.640383151390592,10.561939274979995,-8.649506399443007,-26.42537944336829,-39.71346977163678,0.0,1.0,-1.0,-35.59659958915909,48.0,-12.40340041084091
0.0447,2,0.0,54.37505396640338,-54.37505396640338,-11.431324637793704,11.354660587806027,-9.349320919916963,-28.408955498590252,-39.627648818617075,0.0,1.0,-1.0,-36.43399447173824,48.0,-11.566005528261757
0.0448,2,0.0,54.101401175208814,-54.101401175208814,-12.218228713697386,12.145538156721884,-10.057941170744089,-30.38794924693697,-39.53012205000224,0.0,1.0,-1.0,-37.262027206686284,48.0,-10.737972793313716
0.0449,2,0.0,53.80518033845995,-53.80518033845995,-13.000520068596096,12.934336138257045,-10.775617608859948,-32.3617668069089,-39.420540441809905,0.0,1.0,-1.0,-38.07987933329464,48.0,-9.920120666705355
0.045,3,0.0,53.486576109483586,-53.486576109483586,-13.777575531159641,13.720811672525732,-11.50253233354187,-34.3297960571132,-39.29852384417772,-1.0,1.0,0.0,-48.0,0.0,48.0
0.0451,3,-0.7627334681835833,52.6878460360844,-51.92511256790082,-14.545842461868176,14.501844375174672,-12.236366848646176,-36.28422461558001,-38.87475302364504,-1.0,1.0,0.0,-48.0,0.0,48.0
0.0452,3,-1.4968756872942137,51.86438160824943,-50.36750592095522,-15.301597150722646,15.274171074682974,-12.974521197762181,-38.21688217875266,-38.42763238768495,-1.0,1.0,0.0,-48.0,0.0,48.0
0.0453,3,-2.2032698953699565,51.016829958835544,-48.81356006346559,-16.043885560290118,16.03732456502357,-13.716626341986288,-40.1265937768292,-37.95686827224205,-1.0,1.0,0.0,-48.0,0.0,48.0
0.0454,3,-2.882771285985619,50.14585669160271,-47.26308540561709,-16.771705231113994,16.79083209394964,-14.462212394283078,-42.012170617694636,-37.46220218042072,-1.0,1.0,0.0,-48.0,0.0,48.0
0.0455,3,-3.5362468564505463,49.25214750374268,-45.71590064729213,-17.48400494027309,17.534216019094142,-15.21070725082305,-43.87241195625107,-36.94341524493858,-1.0,1.0,0.0,-48.0,0.0,48.0
0.0456,3,-4.164575240573974,48.33640978197886,-44.171834541404884,-18.179684904763317,18.266994555229576,-15.961436074776122,-45.70610719008617,-36.40033281245303,-1.0,1.0,0.0,-48.0,0.0,48.0
0.0457,3,-4.768646521948746,47.39937415312135,-42.630727631172604,-18.857597609001928,18.988682618866584,-16.71362172224815,-47.51203818648243,-35.83282910462446,-1.0,1.0,0.0,-48.0,0.0,48.0
0.0458,3,-5.349362022843032,46.441795968129306,-41.092433945286274,-19.51654933683473,19.69879277582299,-17.466386194779034,-49.288981843281874,-35.24083190128235,-1.0,1.0,0.0,-48.0,0.0,48.0
0.0459,3,-5.907634062863991,45.464456697026215,-39.55682263416222,-20.155302487461185,20.39683629652348,-18.21875319456826,-51.03571288314456,-34.62432718165476,-1.0,1.0,0.0,-48.0,0.0,48.0
0.046,3,-6.444385680598792,44.46816521048767,-38.02377952988888,-20.772578751377253,21.082324322570155,-18.96965184719416,-52.75100687731765,-33.983363650616894,-1.0,1.0,0.0,-48.0,0.0,48.0
0.0461,3,-6.960550310457521,43.453758922658366,-36.493208612200846,-21.36706321647336,21.754769146515173,-19.717921641942468,-54.43364349116461,-33.31805706866857,-1.0,1.0,0.0,-48.0,0.0,48.0
0.0462,3,-7.457071405983996,42.422104768827616,-34.96503336284362,-21.937409465580842,22.41368560475889,-20.462318621974116,-56.0824099394566,-32.628594297243964,-1.0,1.0,0.0,-48.0,0.0,48.0
0.0463,3,-7.9349019999926185,41.37409999107179,-33.43919799107917,-22.482245714854503,23.058592581086714,-21.201522835574163,-57.696104634866124,-31.915236965387475,-1.0,1.0,0.0,-48.0,0.0,48.0
0.0464,3,-8.395004191078353,40.31067270494725,-31.915668513868898,-23.000182027314015,23.68901461555496,-21.934147035888063,-59.27354100829826,-31.178324660211402,-1.0,1.0,0.0,-48.0,0.0,48.0
0.0465,3,-8.838348545377471,39.23278222083755,-30.39443367546008,-23.48981861765881,24.304483610286127,-22.65874659028504,-60.8135514747804,-30.418277542258807,-1.0,1.0,0.0,-48.0,0.0,48.0
0.0466,3,-9.265913401974931,38.141419094708326,-28.875505692733395,-23.949755243239544,24.904540620285726,-23.37383053232698,-62.31499151370394,-29.635598288301566,-1.0,1.0,0.0,-48.0,0.0,48.0
0.0467,3,-9.678684070115981,37.03760488482991,-27.35892081471393,-24.37860165208287,25.4887377137403,-24.07787365997075,-63.776743827440086,-28.830873268493807,-1.0,1.0,0.0,-48.0,0.0,48.0
0.0468,3,-10.077651906427239,35.922391593543146,-25.844739687115908,-24.774989032524992,26.056639882499823,-24.76932955389638,-65.19772253787146,-28.004772872406534,-1.0,1.0,0.0,-48.0,0.0,48.0
0.0469,3,-10.46381326073622,34.796860776372185,-24.333047515635965,-25.137582380865123,26.607826979723516,-25.446644360674856,-66.5768773763664,-27.15805090940805,-1.0,1.0,0.0,-48.0,0.0,48.0
0.047,3,-10.838168279839191,33.66212230472214,-22.823954024882948,-25.465093674197796,27.14189565812879,-26.10827115786989,-67.91319781934256,-26.2915430231238,-1.0,1.0,0.0,-48.0,0.0,48.0
0.0471,3,-11.20171955973403,32.519312773017695,-21.317593213283665,-25.756295706040422,27.658461279091842,-26.752684693162628,-69.20571711897264,-25.40616407718565,-1.0,1.0,0.0,-48.0,0.0,48.0
0.0472,3,-11.555470638434468,31.369593546365945,-19.814122907931477,-26.01003641348017,28.157159760186353,-27.37839626825521,-70.45351617694777,-24.502904489865983,-1.0,1.0,0.0,-48.0,0.0,48.0
0.0473,3,-11.900424323519772,30.214148450595854,-18.31372412707608,-26.225253497330915,28.63764932678797,-27.98396852165348,-71.65572720865408,-23.582825518070273,-1.0,1.0,0.0,-48.0,0.0,48.0
0.0474,3,-12.237580851044935,29.054181112714886,-16.81660026166995,-26.40098911228042,29.099612132285827,-28.568029853364035,-72.81153714575471,-22.647053515939902,-1.0,1.0,0.0,-48.0,0.0,48.0
0.0475,3,-12.567935875318087,27.89091196629507,-15.322976090976985,-26.536404383280356,29.54275571138027,-29.129288229833456,-73.9201907270806,-21.696773219279578,-1.0,1.0,0.0,-48.0,0.0,48.0
0.0476,3,-12.892478292301462,26.72557494291062,-13.833096650609157,-26.63079348850093,29.966814232024173,-29.666544109669957,-74.98099323094775,-20.733220133345498,-1.0,1.0,0.0,-48.0,0.0,48.0
0.0477,3,-13.212187902954502,25.559413877305786,-12.347225974351284,-26.683597038961246,30.371549513872477,-30.17870224016566,-75.99331280654874,-19.757672127279953,-1.0,1.0,0.0,-48.0,0.0,48.0
0.0478,3,-13.528032926632068,24.39367866030626,-10.865645733674192,-26.694414481224257,30.75675178466845,-30.664782091438987,-76.95658236784081,-18.77144036269906,-1.0,1.0,0.0,-48.0,0.0,48.0
0.0479,3,-13.840967378588507,23.229621179400628,-9.38865380081212,-26.663015252898187,31.122240150799808,-31.123926718933085,-77.87030102028399,-17.775859705652444,-1.0,1.0,0.0,-48.0,0.0,48.0
0.048,3,-14.151928329614234,22.06849109222234,-7.916562762608107,-26.589348431461875,31.467862764224094,-31.555409875529183,-78.73403499871957,-16.772278789441817,-1.0,1.0,0.0,-48.0,0.0,48.0
0.0481,3,-14.461833069727447,20.911531482690762,-6.449698412963315,-26.473550635222306,31.79349667494808,-31.958641230872985,-79.54741810341758,-15.762049909774758,-1.0,1.0,0.0,-48.0,0.0,48.0
0.0482,3,-14.77157620154226,19.75997445314411,-4.988398251601851,-26.315951960829516,32.09904736606062,-32.33316959663665,-80.31015163064767,-14.746518942716094,-1.0,1.0,0.0,-48.0,0.0,48.0
0.0483,3,-15.082026692308819,18.615036708303865,-3.5330100159950453,-26.1170797742471,32.3844479767066,-32.67868410108281,-81.0220038037577,-13.72701547936766,-1.0,1.0,0.0,-48.0,0.0,48.0
0.0484,3,-15.394024916556326,17.477915188224234,-2.083890271667907,-25.87766021065984,32.64965822706612,-32.99501330305127,-81.68280872040769,-12.704843368819544,-1.0,1.0,0.0,-48.0,0.0,48.0
0.0485,3,-15.708379723649943,16.349782807450257,-0.6414030838003154,-25.598617282503987,32.8946630680432,-33.28212228283056,-82.29246484100108,-11.681271852601068,-1.0,1.0,0.0,-48.0,0.0,48.0
0.0486,3,-15.715038775695534,15.542593354925812,0.17244542076972202,-25.2822524504636,33.12102643720157,-33.54168312394885,-82.85482384570538,-10.938579931510809,-1.0,1.0,0.0,-48.0,48.0,0.0
0.0487,3,-15.480956495501975,14.990907523359308,0.4900489721426665,-24.935386994108583,33.33636062675252,-33.781606451683125,-83.38887082767539,-10.423588788635472,-1.0,1.0,0.0,-48.0,48.0,0.0
0.0488,3,-15.25871443565014,14.443326927236496,0.8153875084136427,-24.559650339541268,33.54173122293572,-34.003268521871234,-83.89721716840339,-9.91066293488468,-1.0,1.0,0.0,-48.0,48.0,0.0
0.0489,3,-15.048719357009695,13.900568868534608,1.1481504884750875,-24.156007372631958,33.737204572020666,-34.207100684702425,-84.3799820860768,-9.400433519317325,-1.0,1.0,0.0,-48.0,48.0,0.0
0.049,3,-14.851353240292276,13.363321891672783,1.4880313486194936,-23.725540026128165,33.92285532767992,-34.39360338558951,-84.83731527889621,-8.893488065517555,-1.0,1.0,0.0,-48.0,48.0,0.0
0.0491,3,-14.666971650362402,12.832243915061472,1.8347277353009295,-23.269440032193973,34.09876474087731,-34.56333855010011,-85.26939466981065,-8.390367617093776,-1.0,1.0,0.0,-48.0,48.0,0.0
0.0492,3,-14.495902233792,12.307960611862844,2.187941621929156,-22.78900047941085,34.26501893098081,-34.71692141345399,-85.67642402459009,-7.891564531017673,-1.0,1.0,0.0,-48.0,48.0,0.0
0.0493,3,-14.338443368924992,11.791064055676843,2.5473793132481486,-22.28560627334705,34.42170717328531,-34.85501192971419,-86.0586304763081,-7.397520943596639,-1.0,1.0,0.0,-48.0,48.0,0.0
0.0494,3,-14.194862986129035,11.282111642961791,2.912751343167244,-21.76072361726141,34.56892023849697,-34.97830590033261,-86.4162619901769,-6.90862791899478,-1.0,1.0,0.0,-48.0,48.0,0.0
0.0495,3,-14.065397574000034,10.781625299926413,3.2837722740736224,-21.215888644748677,34.70674881919958,-35.08752596321703,-86.74958480279857,-6.4252252753092645,-1.0,1.0,0.0,-48.0,48.0,0.0
0.0496,3,-13.950251385081891,10.29009097746748,3.660160407614411,-20.652695348892774,34.83528207689914,-35.18341258204014,-87.05888086928216,-5.947602068690866,-1.0,1.0,0.0,-48.0,48.0,0.0
0.0497,3,-13.84959585221472,9.807958433569151,4.041637418645568,-20.072782962598605,34.954606340946064,-35.266715171259044,-87.34444535035288,-5.475997702287492,-1.0,1.0,0.0,-48.0,48.0,0.0
0.0498,3,-13.763569223970169,9.335641298502122,4.427927925468047,-19.47782295210675,35.064803987522325,-35.3381834854773,-87.60658416959983,-5.010603614254555,-1.0,1.0,0.0,-48.0,48.0,0.0
0.0499,3,-13.692276424824245,8.873517414244183,4.818759010580061,-18.86950579021293,35.16595252302163,-35.398559392631775,-87.84561166843858,-4.551565488043494,-1.0,1.0,0.0,-48.0,48.0,0.0
0.05,4,-13.635789142804864,8.421929435862326,5.213859706942538,-18.249527677445425,35.25812389164269,-35.44856913934403,-88.06184838328615,-4.09898591892208,-1.0,0.0,1.0,0.0,-48.0,48.0
0.0501,4,-13.594198546499571,6.302722624572191,7.291475921927381,-17.612923012332697,35.32786423573003,-35.47534551955929,-88.22185874118706,-2.3058647463898843,-1.0,0.0,1.0,0.0,-48.0,48.0
0.0502,4,-13.567754611527569,4.218503128986957,9.34925148254061,-16.95620207320649,35.36197200454621,-35.46633915407313,-88.29288358487679,-0.5396635897473749,-1.0,0.0,1.0,0.0,-48.0,48.0
0.0503,4,-13.556678120183767,2.1702439400676163,11.38643418011615,-16.283214223375396,35.36089794413132,-35.422712478434555,-88.2762827812301,1.1990798923001549,-1.0,0.0,1.0,0.0,-48.0,48.0
0.0504,4,-13.56110626281558,0.15883664043710924,13.402269622378471,-15.597706933398406,35.325099347715025,-35.345585210587025,-88.1734406367948,2.9099236665422907,-1.0,0.0,1.0,0.0,-48.0,48.0
0.0505,4,-14.09627047422855,-0.7845971640984156,14.880867638326967,-14.906021995038689,35.26157781217043,-35.24255531839733,-88.00207559685327,3.8861198991755894,-1.0,0.0,1.0,-48.0,0.0,48.0
0.0506,4,-14.68420889513,-1.615458935690222,16.299667830820223,-14.214510304272972,35.179424141118766,-35.12319989150084,-87.78510358413887,4.791229384551792,-1.0,0.0,1.0,-48.0,0.0,48.0
0.0507,4,-15.279851500446503,-2.4233810847414987,17.703232585188,-13.525218620832959,35.07878577171669,-34.988069641044156,-87.5231075548917,5.687045196920875,-1.0,0.0,1.0,-48.0,0.0,48.0
0.0508,4,-15.883053186256431,-3.208100992939355,19.091154179195787,-12.840045333518152,34.95976876520856,-34.837608404962516,-87.21655747775193,6.573356204551116,-1.0,0.0,1.0,-48.0,0.0,48.0
0.0509,4,-16.49363165886174,-3.9693883872993716,20.463020046161112,-12.160754969665735,34.822489128352835,-34.6722034693812,-86.86593386675156,7.449951167632896,-1.0,0.0,1.0,-48.0,0.0,48.0
0.051,4,-17.111370348990462,-4.707042912239535,21.81841326123,-11.488973072041126,34.667074591692725,-34.49218746336707,-86.47172786411585,8.316615762197877,-1.0,0.0,1.0,-48.0,0.0,48.0
0.0511,4,-17.736021387497722,-5.420891756591191,23.15691314408891,-10.826183301767044,34.49366630619822,-34.29784124698665,-86.0344414539181,9.173130320811131,-1.0,0.0,1.0,-48.0,0.0,48.0
0.0512,4,-18.3673086026855,-6.110787368459344,24.478095971144846,-10.173726689803344,34.30242039883333,-34.08939764537952,-85.55458777113066,10.019268270978047,-1.0,0.0,1.0,-48.0,0.0,48.0
0.0513,4,-19.004930501086008,-6.776605286169395,25.781535787255404,-9.532802919205551,34.09350933326815,-33.867045873990286,-85.03269147212197,10.854795230412652,-1.0,0.0,1.0,-48.0,0.0,48.0
0.0514,4,-19.64856319600271,-7.41824210856772,27.06680530457043,-8.904473484467022,33.86712302935091,-33.63093649717251,-84.4692891351726,11.679468699757729,-1.0,0.0,1.0,-48.0,0.0,48.0
0.0515,4,-20.297863251197228,-8.035613622834882,28.333476874032108,-8.289666543424293,33.62346970376849,-33.381186763793124,-83.86492966294087,12.493038278487786,-1.0,0.0,1.0,-48.0,0.0,48.0
0.0516,4,-20.952470410747345,-8.628653102864423,29.581123513611768,-7.689183252063313,33.36277640420272,-33.117886168833586,-83.22017466280984,13.295246318836178,-1.0,0.0,1.0,-48.0,0.0,48.0
0.0517,4,-21.61201019016505,-9.197309786284151,30.809319976449203,-7.103705353520052,33.085289219847425,-32.841102098821175,-82.5355987854954,14.085828925756426,-1.0,0.0,1.0,-48.0,0.0,48.0
0.0518,4,-22.276096308242266,-9.741547533478881,32.017643841721146,-6.533803779840532,32.791273161985785,-32.55088543067485,-81.81179000698,14.864517208096201,-1.0,0.0,1.0,-48.0,0.0,48.0
0.0519,4,-22.94433294365536,-10.261343667607422,33.20567661126278,-5.979948018699307,32.48101171904189,-32.24727596762215,-81.04934984356987,15.631038687096893,-1.0,0.0,1.0,-48.0,0.0,48.0
0.052,4,-23.61631680499006,-10.756687990683044,34.373004795673104,-5.442515997123141,32.15480610073538,-31.93030761161809,-80.24889349447267,16.385118772687722,-1.0,0.0,1.0,-48.0,0.0,48.0
0.0521,4,-24.291639007427236,-11.227581967370407,35.51922097479764,-4.921804240009924,31.812974195336572,-31.60001318855533,-79.41104991059655,17.126482225363077,-1.0,0.0,1.0,-48.0,0.0,48.0
0.0522,4,-24.969886753742784,-11.67403806528305,36.643924819025834,-4.418038072402275,31.455849272246066,-31.256428859906336,-78.53646179214915,17.854854531175363,-1.0,0.0,1.0,-48.0,0.0,48.0
0.0523,4,-25.650644821428003,-12.096079238277435,37.746724059705436,-3.931381650453612,31.08377846896121,-30.899598071721183,-77.62578552095312,18.569963128969803,-1.0,0.0,1.0,-48.0,0.0,48.0
0.0524,4,-26.333496861536027,-12.493738537529993,38.82723539906602,-3.4619476261011846,30.697121106769423,-30.529575008625322,-76.67969103612154,19.27153844181967,-1.0,0.0,1.0,-48.0,0.0,48.0
0.0525,4,-27.018026518238848,-12.8670588340459,39.88508535228475,-3.009806273833749,30.296246883114282,-30.146427536185673,-75.69886166380687,19.959314678099474,-1.0,0.0,1.0,-48.0,0.0,48.0
0.0526,4,-27.703818380981986,-13.216092635654332,40.91991101663632,-2.574993933765979,29.881533990469656,-29.750239629381156,-74.68399391311867,20.63303038119288,-1.0,0.0,1.0,-48.0,0.0,48.0
0.0527,4,-28.390458783507178,-13.540901981450226,41.931360764957404,-2.1575206526506454,29.453367211766086,-29.341113297660097,-73.63579725103259,21.29242871994883,-1.0,0.0,1.0,-48.0,0.0,48.0
0.0528,4,-29.077536465864938,-13.841558397000924,42.91909486286586,-1.757376932617866,29.01213604101534,-28.919170027987693,-72.55499386918942,21.937257524232717,-1.0,0.0,1.0,-48.0,0.0,48.0
0.0529,4,-29.76464311684368,-14.118142894381329,43.88278601122501,-1.3745395255304937,28.558232874928677,-28.484551776283975,-71.44231845499257,22.567269080886206,-1.0,0.0,1.0,-48.0,0.0,48.0
0.053,4,-30.451373815021206,-14.370746002174522,44.82211981719573,-1.0089762381375191,28.09205131719244,-28.03742154467864,-70.29851797839873,23.182219714830996,-1.0,0.0,1.0,-48.0,0.0,48.0
0.0531,4,-31.137327386914656,-14.599467811902626,45.73679519881728,-0.6606497390443288,27.613984631880808,-27.57796358710678,-69.12435150436282,23.781869187720364,-1.0,0.0,1.0,-48.0,0.0,48.0
0.0532,4,-31.822106700505696,-14.804418028871556,46.62652472937725,-0.3295203823401049,27.124424376483535,-27.106383289025683,-67.9205900391264,24.365979952346393,-1.0,0.0,1.0,-48.0,0.0,48.0
0.0533,4,-32.50531891179781,-14.985716017056156,47.49103492885396,-0.01554808408278227,26.623759238459233,-26.622906768588813,-66.6880164165183,24.934316304919342,-1.0,0.0,1.0,-48.0,0.0,48.0
0.0534,4,-33.18657568106922,-15.143490829356494,48.330066510425716,0.28130669358897853,26.112374092348965,-26.127780246651156,-65.42742522827852,25.486643479381605,-1.0,0.0,1.0,-48.0,0.0,48.0
0.0535,4,-33.8654933741836,-15.277881216268378,49.14337459045198,0.5610827803934958,25.590649287535925,-25.621269231698395,-64.1396228001861,26.022726728216345,-1.0,0.0,1.0,-48.0,0.0,48.0
0.0536,4,-34.541693262767296,-15.389035607680608,49.9307288704479,0.8238188751369036,25.05896016994967,-25.103657563418466,-62.82542721358049,26.542330432908237,-1.0,0.0,1.0,-48.0,0.0,48.0
0.0537,4,-35.21480173532082,-15.477112064097403,50.691913799418224,1.0695547701807875,24.517676834583334,-24.575246355389258,-61.48566836976982,27.045217284514305,-1.0,0.0,1.0,-48.0,0.0,48.0
0.0538,4,-35.88445052946685,-15.542278195054026,51.42672872452087,1.298333124842905,23.967164099791283,-24.036352873461276,-60.12118809288451,27.531147570932806,-1.0,0.0,1.0,-48.0,0.0,48.0
0.0539,4,-36.550276993596746,-15.584711043820256,52.134988037417,1.5102016860725007,23.40778168910836,-23.48730938208864,-58.73284026502821,27.99987860265693,-1.0,0.0,1.0,-48.0,0.0,48.0
0.054,4,-37.21192438422804,-15.6045969386536,52.81652132288164,1.7052158540621247,22.839884601874655,-22.92846198628966,-57.321490986117794,28.451164303323427,-1.0,0.0,1.0,-48.0,0.0,48.0
0.0541,4,-37.86904220346338,-15.602131311861088,53.471173515324466,1.8834414921797915,22.263823650340203,-22.360169492283852,-55.88801874963852,28.884754985454776,-1.0,0.0,1.0,-48.0,0.0,48.0
0.0542,4,-38.521286579095865,-15.577518488751608,54.09880506784747,2.0449578844264984,21.679946138191397,-21.782802305298436,-54.43331462467259,29.300397325682464,-1.0,0.0,1.0,-48.0,0.0,48.0
0.0543,4,-39.168320688172166,-15.530971449212087,54.699292137384255,2.189860749218369,21.08859665359002,-21.196741378689776,-52.95828243399507,29.697834547644533,-1.0,0.0,1.0,-48.0,0.0,48.0
0.0544,4,-39.809815223225456,-15.462711565127607,55.27252678835306,2.3182652253238585,20.490117948825183,-20.60237722448598,-51.463838917774694,30.076806814857534,-1.0,0.0,1.0,-48.0,0.0,48.0
0.0545,4,-40.44544889895846,-15.372968317197884,55.81841721615635,2.4303087539248365,19.884851878492004,-20.000108991791734,-49.950913872436495,30.43705183034042,-1.0,0.0,1.0,-48.0,0.0,48.0
0.0546,4,-41.07490899589422,-15.261978994895786,56.336887990790004,2.526153789692325,19.27314036866722,-19.390343616262903,-48.420450254538025,30.77830563473918,-1.0,0.0,1.0,-48.0,0.0,48.0
0.0547,4,-41.69789193644239,-15.129988383381578,56.82788031982397,2.605990283174515,18.65532639075639,-18.77349504107613,-46.87340424003174,31.10030359027454,-1.0,0.0,1.0,-48.0,0.0,48.0
0.0548,4,-42.31410388794422,-14.977248441148667,57.29135232909289,2.670037886408238,18.03175491545153,-18.149983507503286,-45.31074523001973,31.40278153407504,-1.0,0.0,1.0,-48.0,0.0,48.0
0.0549,4,-42.92326138656352,-14.80401797204891,57.72727935861243,2.718547843240312,17.40277382445387,-17.5202349113407,-43.73345579500902,31.685477081406866,-1.0,0.0,1.0,-48.0,0.0,48.0
0.055,5,-43.52509197538177,-14.610562295146007,58.13565427052777,2.7518045351681115,16.768734760176674,-16.884680220017813,-42.14253155070685,31.94813105698673,0.0,-1.0,1.0,48.0,-48.0,0.0
0.0551,5,-42.44067935351015,-16.075739510200904,58.51641886371105,2.7691627551250324,16.124461990334257,-16.238183790454237,-40.525077641161054,32.74363038325371,0.0,-1.0,1.0,48.0,-48.0,0.0
0.0552,5,-41.371160863225235,-17.498101630554423,58.86926249377966,2.7698411553657474,15.46502214835056,-15.57584981885793,-38.86880616903132,33.5008710883008,0.0,-1.0,1.0,48.0,-48.0,0.0
0.0553,5,-40.31593990732398,-18.877897927958163,59.193837835282146,2.754002865186586,14.791130008789668,-14.898468927887834,-37.175624240748675,34.220090079335094,0.0,-1.0,1.0,48.0,-48.0,0.0
0.0554,5,-39.274433559835444,-20.215397739582148,59.489831299417595,2.7218873660995104,14.103495793743996,-14.206826243065269,-35.44742652582952,34.90154798980656,0.0,-1.0,1.0,48.0,-48.0,0.0
0.0555,5,-38.24607413640163,-21.510889138388556,59.75696327479019,2.6738099198078613,13.402825588959189,-13.501700550852604,-33.686094061230584,35.545529546789126,0.0,-1.0,1.0,48.0,-48.0,0.0
0.0556,5,-37.23031071046681,-22.764677630236278,59.99498834070309,2.6101604977092734,12.689821659736108,-12.783863519603269,-31.893493038314524,36.15234389740763,0.0,-1.0,1.0,48.0,-48.0,0.0
0.0557,5,-36.22661056638325,-23.97708488139682,60.20369544778007,2.5314022176883126,11.965182656414083,-12.054078980480341,-30.071473574737766,36.72232488378437,0.0,-1.0,1.0,48.0,-48.0,0.0
0.0558,5,-35.23446058096853,-25.148447479752615,60.38290806072114,2.4380693030747382,11.229603702999526,-11.31310226468028,-28.22186847408089,37.25583125693959,0.0,-1.0,1.0,48.0,-48.0,0.0
0.0559,5,-34.253368525609076,-26.2791157325352,60.53248425814427,2.3307645864890008,10.483776366046321,-10.561679592833503,-26.346491976489972,37.75324682106189,0.0,-1.0,1.0,48.0,-48.0,0.0
0.056,5,-33.2828642816886,-27.369452503036044,60.65231678472465,2.2101565877953733,9.728388504134362,-9.800547512257612,-24.44713850400512,38.21498050056037,0.0,-1.0,1.0,48.0,-48.0,0.0
0.0561,5,-32.322500962889265,-28.41983208831,60.74233305119926,2.0769762005133576,8.964124001156641,-9.030432377766937,-22.525581404607678,38.64146632331797,0.0,-1.0,1.0,48.0,-48.0,0.0
0.0562,5,-31.37185593874585,-29.430639139498222,60.80249507824407,1.932013024828634,8.191662389065765,-8.252049871950996,-20.58357169931552,39.0331633145739,0.0,-1.0,1.0,48.0,-48.0,0.0
0.0563,5,-30.4305317547105,-30.402267626020148,60.83279938073065,1.77611138787035,7.4116783677339715,-7.4661045611919,-18.622836836918434,39.39055529685098,0.0,-1.0,1.0,48.0,-48.0,0.0
0.0564,5,-29.498156944872644,-31.335119844545698,60.83327678941834,1.6101660932869901,6.624841231132749,-6.673289484145693,-16.64507946114184,39.714150592305245,0.0,-1.0,1.0,48.0,-48.0,0.0
0.0565,5,-28.57438673436979,-32.2296054733438,60.80399220771359,1.4351179424937461,5.831814210169742,-5.874285769942185,-14.651976195190768,40.00448162478578,0.0,-1.0,1.0,48.0,-48.0,0.0
0.0566,5,-27.65890362939451,-33.08614067232556,60.74504430172007,1.251949069429963,5.033253743257049,-5.069762283922927,-12.645176448740097,40.26210441974493,0.0,-1.0,1.0,48.0,-48.0,0.0
0.0567,5,-26.7514178935373,-33.9051472288588,60.6565651223961,1.0616781294165933,4.229808686072759,-4.26037529931045,-10.62630125250468,40.48759800092422,0.0,-1.0,1.0,48.0,-48.0,0.0
0.0568,5,-25.85166791000195,-34.687051749216366,60.538719659218316,0.8653553809064187,3.4221194720786188,-3.446768193768553,-8.596942125566995,40.68156368344941,0.0,-1.0,1.0,48.0,-48.0,0.0
0.0569,5,-24.95942042996954,-35.432284895345205,60.391705325314746,0.6640576967328791,2.610817235219568,-2.6295711703423943,-6.558659980633951,40.84462426360724,0.0,-1.0,1.0,48.0,-48.0,0.0
0.057,5,-24.0744707080761,-36.14128066649343,60.21575137456953,0.45888353904253865,1.7965229059286227,-1.8094010027553344,-4.512984072371325,40.97742310614667,0.0,-1.0,1.0,48.0,-48.0,0.0
0.0571,5,-23.19664252659844,-36.8144757251111,60.01111825170954,0.25094792958145745,0.9798462911472645,-0.9868608054675381,-2.4614109939092237,41.0806231304625,0.0,-1.0,1.0,48.0,-48.0,0.0
0.0572,5,-22.3257881105132,-37.45230876634782,59.77809687686102,0.04137744452306664,0.1613851486031051,-0.16253982926018645,-0.4054037265268635,41.15490569749666,0.0,-1.0,1.0,48.0,-48.0,0.0
0.0573,5,-21.46178793611505,-38.05521993039308,59.51700786650813,-0.16869473931472068,-0.6582757348790594,0.6629867166011649,1.653609252570137,41.20096939964763,0.0,-1.0,1.0,48.0,-48.0,0.0
0.0574,5,-20.604550436341896,-38.62365025685542,59.228200693197316,-0.3781337221257512,-1.4785654516896678,1.4891578143674706,3.714234799601761,41.21952875643935,0.0,-1.0,1.0,48.0,-48.0,0.0
0.0575,5,-19.754011606380693,-39.15804118033545,58.912052786716146,-0.5858076597151218,-2.298927859381209,2.3154267585887354,5.77511586605728,41.21131281918822,0.0,-1.0,1.0,48.0,-48.0,0.0
0.0576,5,-18.910134513504858,-39.6588340663262,58.56896857983106,-0.7905924215699007,-3.1188224355275147,3.1412612462643748,7.834932188576185,41.177063688446935,0.0,-1.0,1.0,48.0,-48.0,0.0
0.0577,5,-18.07290871544675,-40.126469786557976,58.19937850200473,-0.9913761080050564,-3.9377250929310788,3.9661434350022287,9.892400902610868,41.11753494861938,0.0,-1.0,1.0,48.0,-48.0,0.0
0.0578,5,-17.242349591930996,-40.5613883328983,57.80373792482929,-1.1870634066739496,-4.75512894666913,4.789569967977944,11.946277075852672,41.03349002485404,0.0,-1.0,1.0,48.0,-48.0,0.0
0.0579,5,-16.418497594300156,-40.96402846891364,57.382526063213795,-1.376579769035647,-5.570545024432747,5.61105196473614,13.995354157683435,40.92570046814934,0.0,-1.0,1.0,48.0,-48.0,0.0
0.058,5,-15.601417418460748,-41.334827418193974,56.93624483665472,-1.5588753873156052,-6.383502911498788,6.43011497721889,16.038464341226767,40.794944175556026,0.0,-1.0,1.0,48.0,-48.0,0.0
0.0581,5,-14.791197106664171,-41.6742205885345,56.465417695198674,-1.732928952126578,-7.193551321522582,7.246298910858822,18.07447883495183,40.64200355344241,0.0,-1.0,1.0,48.0,-48.0,0.0
0.0582,5,-13.987947083929072,-41.98264133105134,55.97058841498041,-1.8977511702867893,-8.000258584175652,8.059157911123863,20.102308041205397,40.46766363299717,0.0,-1.0,1.0,48.0,-48.0,0.0
0.0583,5,-13.191799135205116,-42.260520733280515,55.45231986848563,-2.0523880215541563,-8.80321304052681,8.868260216555516,22.120901639539348,40.27271014846689,0.0,-1.0,1.0,48.0,-48.0,0.0
0.0584,5,-12.40290532967746,-42.50828744526585,54.91119277494331,-2.1959237320702023,-9.60202333702363,9.673187980101465,24.12924857326575,40.05792759004293,0.0,-1.0,1.0,48.0,-48.0,0.0
0.0585,5,-11.621436898924259,-42.726367537575975,54.34780443650023,-2.327483441365493,-10.396318609016037,10.473537061395827,26.126376938296396,39.82409724479395,0.0,-1.0,1.0,48.0,-48.0,0.0
0.0586,5,-10.847583075954525,-42.91518439010325,53.762767466057774,-2.4462355389221124,-11.18574854503452,11.268916793591488,28.111353774038683,39.57199524054403,0.0,-1.0,1.0,48.0,-48.0,0.0
0.0587,5,-10.08154990248071,-43.07515861038016,53.15670851286087,-2.5513936456222823,-11.969983323528274,12.05894972937879,30.083284756897378,39.30239060907557,0.0,-1.0,1.0,48.0,-48.0,0.0
0.0588,5,-9.323559012107452,-43.206707979999834,52.530266992107286,-2.6422182150473437,-12.74871341453208,12.843271371925916,32.04131379778572,39.0160433864295,0.0,-1.0,1.0,48.0,-48.0,0.0
0.0589,5,-8.573846397440875,-43.31024742754605,51.88409382498693,-2.718017729641105,-13.521649239802098,13.621529897631781,33.984622545974986,38.713702769319056,0.0,-1.0,1.0,48.0,-48.0,0.0
0.059,5,-7.832661169438573,-43.386189026217735,51.21885019565631,-2.778149467327648,-14.288520686359924,14.39338587876095,35.912429802580945,38.39610534769501,0.0,-1.0,1.0,48.0,-48.0,0.0
0.0591,5,-7.100264317612314,-43.43494201407675,50.53520633168907,-2.8220198153877596,-15.049076470141808,15.158512015215488,37.8239908480161,38.06397343422122,0.0,-1.0,1.0,48.0,-48.0,0.0
0.0592,5,-6.376927479957409,-43.45691283455553,49.83384031451294,-2.849084110353369,-15.803083348557037,15.916592885841546,39.71859668877591,37.71801351176569,0.0,-1.0,1.0,48.0,-48.0,0.0
0.0593,5,-5.662931731698777,-43.452505194532186,49.11543692623096,-2.858845985473191,-16.550325183222924,16.667324730741438,41.59557322998961,37.358914819900306,0.0,-1.0,1.0,48.0,-48.0,0.0
0.0594,5,-4.958566402101027,-43.42212013692232,48.380686539023344,-2.8508562110192015,-17.290601856929833,17.410415277005537,43.45428038119728,36.987348100763185,0.0,-1.0,1.0,48.0,-48.0,0.0
0.0595,5,-4.264127928670021,-43.366156124354326,47.63028405302435,-2.824711017412421,-18.023728051967815,18.145583621045596,45.29411110380457,36.60396452340041,0.0,-1.0,1.0,48.0,-48.0,0.0
0.0596,5,-3.5799187580596126,-43.28500913009456,46.86492788815417,-2.780049896899012,-18.74953190026311,18.87256018124251,47.11449040958203,36.20939480381091,0.0,-1.0,1.0,48.0,-48.0,0.0
0.0597,5,-2.906246302875303,-43.17907273198528,46.08531903486058,-2.716552886332095,-19.467853519253495,19.591086734846566,48.91487432036879,35.80424853533131,0.0,-1.0,1.0,48.0,-48.0,0.0
0.0598,5,-2.243421963311377,-43.04873820476168,45.29216016807306,-2.633937341513654,-20.178543451000937,20.300916552929642,50.69474879979873,35.3891137406836,0.0,-1.0,1.0,48.0,-48.0,0.0
0.0599,5,-1.5917602221578662,-42.89439460574288,44.48615482790075,-2.5319542224969616,-20.881461025591832,21.001814646606555,52.453628668331966,34.96455665296886,0.0,-1.0,1.0,48.0,-48.0,0.0
0.06,0,-0.951577821149904,-42.716428848563716,43.66800666971362,-2.410383919181816,-21.576472673302987,21.693558136654886,54.19105651312188,34.531121728143994,1.0,-1.0,0.0,48.0,0.0,-48.0
