time_s,command_step,ia_A,ib_A,ic_A,ea_V,eb_V,ec_V,speed_rad_s,torque_Nm,cmd_a,cmd_b,cmd_c,vab_V,vbc_V,vca_V
0.0,0,0.0,0.0,0.0,0.0,0.0,0.0,0.0,0.0,1.0,-1.0,0.0,48.0,-24.0,-24.0
0.0001,0,0.8393043318009202,-0.8393043318009202,0.0,1.613904915570567e-09,-0.003351827465365371,0.003351827376877949,0.008395895512237947,0.33506904196071574,1.0,-1.0,0.0,48.0,-24.00502774030261,-23.99497225969739
0.0002,0,1.6671031329280752,-1.6671031329280752,0.0,5.123357946107723e-08,-0.013346151708826538,0.013346148899784135,0.033430385687361175,0.665547114713387,1.0,-1.0,0.0,48.0,-24.02001919913741,-23.979980800862595
0.0003,0,2.4834371718577453,-2.4834371718577453,0.0,3.859496568203949e-07,-0.029891551597917922,0.02989153043701205,0.0748744560954833,0.9914562684746564,1.0,-1.0,0.0,48.0,-24.044837113261146,-23.955162886738858
0.0004,0,3.288348251146173,-3.288348251146173,0.0,1.6133837314701277e-06,-0.05289709686584627,0.05289700840700091,0.13250029641804853,1.312822582587012,1.0,-1.0,0.0,48.0,-24.079344750148056,-23.920655249851944
0.0005,0,4.081879176076604,-4.081879176076604,0.0,4.884223201992183e-06,-0.0822724311861787,0.08227216339326272,0.20608149669147308,1.6296759574482158,1.0,-1.0,0.0,48.0,-24.123405936874754,-23.87659406312525
0.0006,0,4.864073719377247,-4.864073719377247,0.0,1.205604007023613e-05,-0.11792785088193938,0.1179271898716262,0.2953932332140921,1.9420499091438839,1.0,-1.0,0.0,48.0,-24.17688508729257,-23.823114912707435
0.0007,0,5.634976582289638,-5.634976582289638,0.0,2.5848628736307904e-05,-0.1597743793312189,0.15977296209907085,0.40021244425590546,2.2499813669539743,1.0,-1.0,0.0,48.0,-24.23964722745031,-23.760352772549687
0.0008,0,6.39463335225774,-6.39463335225774,0.0,4.9991109882773246e-05,-0.20772383713494466,0.2077210962163871,0.5203179957187647,2.5535104738887067,1.0,-1.0,0.0,48.0,-24.31155801922892,-23.68844198077108
0.0009,0,7.143090457498878,-7.143090457498878,0.0,8.936105787816821e-05,-0.2616889081156319,0.26168400861964614,0.6554908369020553,2.8526803903946516,1.0,-1.0,0.0,48.0,-24.392483782148517,-23.607516217851476
0.001,1,7.88039511870828,-7.88039511870828,0.0,0.00015011591788316597,-0.32158320121872425,0.3215749706580006,0.8055141465356033,3.1475371013575133,1.0,0.0,-1.0,0.0,48.0,-48.0
0.0011,1,8.333010229520513,-7.201651114103295,-1.1313591154172185,0.0002329974710473621,-0.37719348691614707,0.37718071214308224,0.9448050505997941,2.425506327780984,1.0,0.0,-1.0,0.0,48.0,-48.0
0.0012,1,8.779481602393965,-6.530422831284889,-2.249058771109075,0.00033037474335123883,-0.4184768370173395,0.41845872329085787,1.0482078329187694,1.7120583261065263,1.0,0.0,-1.0,0.0,48.0,-48.0
0.0013,1,9.219892338534105,-5.867106175727603,-3.3527861628065017,0.00043488621139446345,-0.4456070874800578,0.44558324369403796,1.1161584356793788,1.0074630349682843,1.0,0.0,-1.0,0.0,48.0,-48.0
0.0014,1,9.654324612792603,-5.212085602148147,-4.442239010644456,0.0005372454494936136,-0.4587632784055539,0.458733822623661,1.1491059689524818,0.31197726533780634,1.0,0.0,-1.0,0.0,48.0,-48.0
0.0015,1,10.08285972161002,-4.565734108292629,-5.5171256133173925,0.000627129289222747,-0.4581294184072851,0.45809503469423046,1.1475120594688775,-0.37415509267835323,1.0,0.0,-1.0,0.0,48.0,-48.0
0.0016,1,10.50557810948295,-3.928413227415023,-6.577164882067927,0.0006940283023313741,-0.44389425209942757,0.44385620071499315,1.1118502097979117,-1.0507028605785453,1.0,0.0,-1.0,0.0,48.0,-48.0
0.0017,1,10.922559375163729,-3.3004730197769283,-7.6220863553868,0.0007280584589817088,-0.41625103071862324,0.4162111138064083,1.0426051680445652,-1.7174473600342421,1.0,0.0,-1.0,0.0,48.0,-48.0
0.0018,1,11.33388225880971,-2.6822520635053038,-8.651630195304406,0.000720732987582039,-0.375397285891662,0.3753577708502336,0.9402723081666254,-2.3741821995633394,1.0,0.0,-1.0,0.0,48.0,-48.0
0.0019,1,11.739624611304086,-2.0740774451497543,-9.665547166154331,0.0006656936293654922,-0.3215346065615626,0.3214981093311759,0.8053570210001064,-3.020713059568989,1.0,0.0,-1.0,0.0,48.0,-48.0
0.002,2,12.139863346970946,-1.4762647502837531,-10.663598596687192,0.0005594006404187879,-0.2548684190846787,0.2548377496178236,0.638374116068486,-3.656857475986623,0.0,1.0,-1.0,-48.0,48.0,0.0
0.0021,2,11.415575771099306,-0.32956887030133414,-11.086006900797972,0.0004017570448663149,-0.17559739367869764,0.17557536720336342,0.4398212432583562,-4.283494803069724,0.0,1.0,-1.0,-48.0,48.0,0.0
0.0022,2,10.701120461802477,0.7985751541596037,-11.49969561596208,0.00019673492970388273,-0.08392294182960032,0.08391215579323306,0.21020263961646857,-4.899451995501856,0.0,1.0,-1.0,-48.0,48.0,0.0
0.0023,2,9.996365045353198,1.9079885694113934,-11.904353614764592,-4.7025885017087655e-05,0.019939443512721196,-0.01993686530976781,-0.04994250601554039,-5.504522278504634,0.0,1.0,-1.0,-48.0,48.0,0.0
0.0024,2,9.30117867617146,2.9985027811799574,-12.299681457351419,-0.00031571317512539467,0.13577003173146432,-0.13575272267144564,-0.34006474509700063,-6.098502090626345,0.0,1.0,-1.0,-48.0,48.0,0.0
0.0025,2,8.615431886330837,4.069959423711076,-12.685391310041913,-0.0005898613797720465,0.26334490855882614,-0.26331256912688805,-0.6596045377362252,-6.6811913894456705,0.0,1.0,-1.0,-48.0,48.0,0.0
0.0026,2,7.938996426113217,5.122210430979505,-13.061206857092722,-0.0008439146129001192,0.4024360372949493,-0.4023897689945599,-1.0079924360882682,-7.252393947839143,0.0,1.0,-1.0,-48.0,48.0,0.0
0.0027,2,7.271745096789534,6.155118109237639,-13.426863206027173,-0.0010458338981108892,0.5528113270494485,-0.552753987905136,-1.3846492823276302,-7.811917640688125,0.0,1.0,-1.0,-48.0,48.0,0.0
0.0028,2,6.613551576793316,7.168555210154588,-13.782106786947905,-0.0011567488001776804,0.7142347078234403,-0.7141712870424511,-1.7889864207142088,-8.359574721875305,0.0,1.0,-1.0,-48.0,48.0,0.0
0.0029,2,5.964290242441264,8.162405003812196,-14.12669524625346,-0.0011306535123706152,0.8864662122493038,-0.8864042215881602,-2.2204059232627036,-8.895182091393842,0.0,1.0,-1.0,-48.0,48.0,0.0
0.003,3,5.323835984339558,9.136561350841044,-14.460397335180602,-0.00091414733655081,1.069262063805665,-1.0692119431537932,-2.6783008285160763,-9.418561552364102,-1.0,1.0,0.0,-48.0,0.0,48.0
0.0031,3,4.132514696590929,9.531457962199921,-13.66397265879085,-0.0004450591894476967,1.2556725239017648,-1.255648122159296,-3.1452672069552197,-9.259528795538433,-1.0,1.0,0.0,-48.0,0.0,48.0
0.0032,3,2.957343760710586,9.914540043904209,-12.871883804614795,0.0003246517556914244,1.4388665258011475,-1.4388843258476878,-3.604197416078778,-9.097118709162622,-1.0,1.0,0.0,-48.0,0.0,48.0
0.0033,3,1.7980963948049524,10.2860851022549,-12.084181497059852,0.001430815859628903,1.6187759265807748,-1.618854374972732,-4.054923226029067,-8.93135769849727,-1.0,1.0,0.0,-48.0,0.0,48.0
0.0034,3,0.654548069068861,10.64636962946909,-11.300917698537951,0.00290649958229462,1.795333242863259,-1.795492596802505,-4.497277867357938,-8.762277756085098,-1.0,1.0,0.0,-48.0,0.0,48.0
0.0035,3,-0.4735234582214307,10.995669061833079,-10.522145603611648,0.004781979344487856,1.968471762350957,-1.9687339344039132,-4.931096307578007,-8.589916348713949,-1.0,1.0,0.0,-48.0,0.0,48.0
0.0036,3,-1.586338104629851,11.334257734315065,-9.747919629685214,0.007084720642967845,2.1381256530074193,-2.1385140537107996,-5.356215521984083,-8.414316301269874,-1.0,1.0,0.0,-48.0,0.0,48.0
0.0037,3,-2.68411342752427,11.662408831829566,-8.978295404305296,0.009839362615596465,2.304230069813552,-2.3047694483272423,-5.772474758590791,-8.235525677543427,-1.0,1.0,0.0,-48.0,0.0,48.0
0.0038,3,-3.767064588213005,11.980394337347729,-8.213329749134724,0.013067708221543572,2.466721259025776,-2.4674375420206793,-6.179715797035996,-8.053597658073272,-1.0,1.0,0.0,-48.0,0.0,48.0
0.0039,3,-4.835404316386689,12.28848497704878,-7.453080660662091,0.016788720170527186,2.6255366598640597,-2.6264567888627943,-6.577783201304519,-7.868590415130187,-1.0,1.0,0.0,-48.0,0.0,48.0
0.004,4,-5.889342874999283,12.586950162708842,-6.697607287709559,0.0210185227047688,2.7806150035587454,-2.7817667709792495,-6.966524566131992,-7.680566984961837,-1.0,0.0,1.0,0.0,-48.0,48.0
0.0041,4,-6.369538249540785,11.757037367418475,-5.38749911787769,0.025708861287977756,2.9252139079108788,-2.9266224202945694,-7.329047728698468,-6.821523505653442,-1.0,0.0,1.0,0.0,-48.0,48.0
0.0042,4,-6.843334655361396,10.933682453288062,-4.0903477979266665,0.03076325100773058,3.0527263978125494,-3.0544114274943586,-7.64879638630932,-5.969648109192931,-1.0,0.0,1.0,0.0,-48.0,48.0
0.0043,4,-7.310826875832481,10.117395060580579,-2.806568184748098,0.03611678018747195,3.163301023202309,-3.1652787345651947,-7.926138117118087,-5.125307257082533,-1.0,0.0,1.0,0.0,-48.0,48.0
0.0044,4,-7.772106758421159,9.308671829505,-1.5365650710838412,0.04169691257096108,3.2570938279950146,-3.2593763576790935,-8.161458744585703,-4.288864241905417,-1.0,0.0,1.0,0.0,-48.0,48.0
0.0045,4,-8.227263088575906,8.50799624005058,-0.2807331514746745,0.047424872030939695,3.334268243955154,-3.336863359878788,-8.355162170381186,-3.460678842753078,-1.0,0.0,1.0,0.0,-48.0,48.0
0.0046,4,-8.676381498117186,7.71583847284439,0.9605430252727962,0.05321699259303017,3.3949949784998683,-3.3979058162291724,-8.507670190287227,-2.6411069899774517,-1.0,0.0,1.0,0.0,-48.0,48.0
0.0047,4,-9.119544406809718,6.9326552905540355,2.1868891162556823,0.05898603141848089,3.439451896761556,-3.4426767714717763,-8.619422293573862,-1.8305004391341837,-1.0,0.0,1.0,0.0,-48.0,48.0
0.0048,4,-9.556830995754149,6.158889939328865,3.3979410564252843,0.06464244254037058,3.4678238982472767,-3.471356190208361,-8.690875446295186,-1.0292064539247605,-1.0,0.0,1.0,0.0,-48.0,48.0
0.0049,4,-9.988317211201082,5.394972069747188,4.593345141453893,0.07009560928791728,3.4803027884338857,-3.484130899632816,-8.722503858953218,-0.2375674978967386,-1.0,0.0,1.0,0.0,-48.0,48.0
0.005,5,-10.414075797358773,4.641317676712728,5.772758120646045,0.07525503346122502,3.4770871456337744,-3.4811945248277487,-8.714798738959956,0.544079065377375,0.0,-1.0,1.0,48.0,-48.0,0.0
0.0051,5,-9.71507776580043,3.3387785591026486,6.376299206697781,0.08003393302760743,3.4584859981814335,-3.4628513651683943,-8.668528238370778,1.3047882047786385,0.0,-1.0,1.0,48.0,-48.0,0.0
0.0052,5,-9.025673511180436,2.0548789485521564,6.970794562628279,0.08434911401999635,3.424831015016118,-3.429428579646693,-8.584517496281903,2.0536432609701736,0.0,-1.0,1.0,48.0,-48.0,0.0
0.0053,5,-8.345720756373026,0.7898826079181036,7.555838148454923,0.08811903217377214,3.376363678681477,-3.381163255459473,-8.46336589123922,2.7903801517370166,0.0,-1.0,1.0,48.0,-48.0,0.0
0.0054,5,-7.675077254421317,-0.4559596877485786,8.131036942169896,0.09126661698041251,3.3133304359765354,-3.3182977131078593,-8.30568557498633,3.514751970070334,0.0,-1.0,1.0,48.0,-48.0,0.0
0.0055,5,-7.01360090637611,-1.6824100881933586,8.696010994569468,0.09372016293522661,3.235982334843207,-3.2410791910539283,-8.112100622893625,4.226528616765262,0.0,-1.0,1.0,48.0,-48.0,0.0
0.0056,5,-6.361149898172549,-2.8892435837506594,9.250393481923208,0.09541416302313112,3.144574670754879,-3.1497595355802055,-7.883246202727807,4.925496434276401,0.0,-1.0,1.0,48.0,-48.0,0.0
0.0057,5,-5.71758285488497,-4.0762479011834,9.79383075606837,0.09629008409752239,3.039366642589801,-3.0445948958228843,-7.619767761689021,5.611457842215917,0.0,-1.0,1.0,48.0,-48.0,0.0
0.0058,5,-5.082759010716749,-5.243223380799969,10.325982391516717,0.09629708394221048,2.9206210179364467,-2.925845423968859,-7.322320231625371,6.284230974804171,0.0,-1.0,1.0,48.0,-48.0,0.0
0.0059,5,-4.456538393101338,-6.389982836062254,10.846521229163592,0.095392669930385,2.7886038077431228,-2.793774980626405,-6.991567252321009,6.943649320511897,0.0,-1.0,1.0,48.0,-48.0,0.0
0.006,0,-3.8387820193140305,-7.516351396879863,11.355133416193894,0.0935432993107282,2.643583950191363,-2.648650845398697,-6.628180412743593,7.589561364067587,1.0,-1.0,0.0,48.0,0.0,-48.0
0.0061,0,-2.669804782964107,-8.062695507090458,10.732500290054565,0.09097479497435468,2.4926125008283173,-2.497536450734688,-6.2498372029394655,7.543375884072002,1.0,-1.0,0.0,48.0,0.0,-48.0
0.0062,0,-1.5166224467789036,-8.59639421074429,10.113016657523193,0.08795518308513373,2.342621731654148,-2.3473786686469893,-5.873920355321742,7.492538477237133,1.0,-1.0,0.0,48.0,0.0,-48.0
0.0063,0,-0.37901033093317693,-9.11765975374292,9.496670084676097,0.08452107099333599,2.1937015941091738,-2.1982694887951157,-5.50065774339042,7.437237707958239,1.0,-1.0,0.0,48.0,0.0,-48.0
0.0064,0,0.7432523225090328,-9.62670418110607,8.883451858597038,0.08070871789078903,2.0459383134177016,-2.0502971424135086,-5.130267865859785,7.3776599827016085,1.0,-1.0,0.0,48.0,0.0,-48.0
0.0065,0,1.850382412508072,-10.123739214439796,8.273356801931724,0.07655393538972487,1.899414435457479,-1.9035461440555563,-4.762959957574227,7.3139894305379585,1.0,-1.0,0.0,48.0,0.0,-48.0
0.0066,0,2.9425930434078786,-10.608976133807147,7.666383090399268,0.07209199452952766,1.7542088756393261,-1.7580973359200431,-4.398934106202808,7.246407791425572,1.0,-1.0,0.0,48.0,0.0,-48.0
0.0067,0,4.02009359056489,-11.082625663941021,7.062532073376132,0.06735753919667901,1.610396969660998,-1.6140279345912087,-4.038381374329852,7.175094312057354,1.0,-1.0,0.0,48.0,0.0,-48.0
0.0068,0,5.083089767074124,-11.544897864734992,6.461808097660867,0.06238450592204568,1.468050526003481,-1.4714115800272205,-3.681483926567952,7.100225649086162,1.0,-1.0,0.0,48.0,0.0,-48.0
0.0069,0,6.131783691424064,-11.996002025944618,5.864218334520554,0.0572060499994843,1.327237880041925,-1.330318386635723,-3.32841516132908,7.021975779542473,1.0,-1.0,0.0,48.0,0.0,-48.0
0.007,1,7.16637395591541,-12.43614656602816,5.26977261011275,0.051854477850607227,1.1880239496471965,-1.19081499627915,-2.9793398468989474,6.9405159182576295,1.0,0.0,-1.0,0.0,48.0,-48.0
0.0071,1,7.627504057173444,-11.746516481480656,4.119012424307212,0.046653249319032,1.0570650924732319,-1.059575145038507,-2.650953048666256,6.196031226368984,1.0,0.0,-1.0,0.0,48.0,-48.0
0.0072,1,8.082495893298699,-11.061978354797773,2.9794824614990754,0.041933629210611466,0.9408883359982017,-0.9431436218037746,-2.359626352927103,5.45816836003309,1.0,0.0,-1.0,0.0,48.0,-48.0
0.0073,1,8.531420759782433,-10.382972155364124,1.8515513955816905,0.03773273338319627,0.8393572002690686,-0.8413858726583602,-2.105020300416779,4.727259779234658,1.0,0.0,-1.0,0.0,48.0,-48.0
0.0074,1,8.9743481886129,-9.709926630535659,0.7355784419227588,0.03408020055897376,0.7523289009463952,-0.7541606444529375,-1.8867791464538526,4.003624467691745,1.0,0.0,-1.0,0.0,48.0,-48.0
0.0075,1,9.411346138992887,-9.043259318621363,-0.36808682037152435,0.030999200068308357,0.6796545894104082,-0.6813202794139448,-1.7045315306517341,3.2875680978503055,1.0,0.0,-1.0,0.0,48.0,-48.0
0.0076,1,9.842481161635957,-8.383376559064036,-1.4591046025719208,0.028507414732078344,0.6211795905030653,-0.622711005462857,-1.5578911382445837,2.5793832012613014,1.0,0.0,-1.0,0.0,48.0,-48.0
0.0077,1,10.267818537629436,-7.730673500054827,-2.537145037574609,0.026617996568302965,0.576743637798055,-0.5781732221382754,-1.4464573527668698,1.8793493439993258,1.0,0.0,-1.0,0.0,48.0,-48.0
0.0078,1,10.68742239289023,-7.085534103834729,-3.601888289055502,0.02534049322722951,0.5461811062999747,-0.5475417820181298,-1.3698158998434433,1.1877333067613993,1.0,0.0,-1.0,0.0,48.0,-48.0
0.0079,1,11.101355789272036,-6.448331149952926,-4.65302463931911,0.02468174327727921,0.5293212424848974,-0.530646267543937,-1.3275394818654225,0.5047892692730283,1.0,0.0,-1.0,0.0,48.0,-48.0
0.008,2,11.509680793409402,-5.819426236765744,-5.690254556643659,0.024646738680132618,0.5259883916064763,-0.5273112631533436,-1.319188403345968,-0.16924100137593845,0.0,1.0,-1.0,-48.0,48.0,0.0
0.0081,2,10.793359995575148,-4.639617995984996,-6.153741999590153,0.02522930361525215,0.5357870378242201,-0.5371408936529976,-1.343771496201987,-0.8125550018796126,0.0,1.0,-1.0,-48.0,48.0,0.0
0.0082,2,10.08673773930007,-3.4763752184165693,-6.610362520883501,0.02642281556170221,0.5583183907311603,-0.5597359849553171,-1.4002893594865504,-1.4465964168019922,0.0,1.0,-1.0,-48.0,48.0,0.0
0.0083,2,9.38966775364063,-2.329908380972707,-7.059759372667923,0.028231172831548364,0.5933951571635024,-0.5949094223925862,-1.4882730687917691,-2.0711537543355107,0.0,1.0,-1.0,-48.0,48.0,0.0
0.0084,2,8.702005647081444,-1.2004184313044688,-7.501587215776975,0.030659413508373874,0.6408258140038874,-0.6424699180610131,-1.6072431747915528,-2.6860175626552514,0.0,1.0,-1.0,-48.0,48.0,0.0
0.0085,2,8.02360884722493,-0.08809675351539144,-7.935512093709539,0.03371434155023286,0.7004146362847581,-0.7022220706189214,-1.7567098131268535,-3.2909807437947025,0.0,1.0,-1.0,-48.0,48.0,0.0
0.0086,2,7.354336526776582,1.006874871275147,-8.36121139805173,0.03740511585220077,0.7719617325364027,-0.7739664301958654,-1.936172829748416,-3.8858388580516197,0.0,1.0,-1.0,-48.0,48.0,0.0
0.0087,2,6.694049516906926,2.084324308788723,-8.778373825695649,0.04174380173738569,0.8552630872293492,-0.8574995681874278,-2.1451219212407566,-4.470390418811719,0.0,1.0,-1.0,-48.0,48.0,0.0
0.0088,2,6.042610209069277,3.14408911914461,-9.186699328213887,0.04674588443983774,0.9501106101630123,-0.9526141517051218,-2.3830367896454234,-5.0444371776780805,0.0,1.0,-1.0,-48.0,48.0,0.0
0.0089,2,5.399882446347158,4.18601660740816,-9.585899053755318,0.052430744239784714,1.0562921926544775,-1.0590990224458778,-2.64938731129598,-5.607784399792457,0.0,1.0,-1.0,-48.0,48.0,0.0
0.009,3,4.765731405398906,5.209963876434861,-9.975695281833767,0.058822093011039384,1.1735917703831367,-1.1767392797409173,-2.943633719171483,-6.160241129230977,-1.0,1.0,0.0,-48.0,0.0,48.0
0.0091,3,3.5804769303246164,5.656327046967803,-9.23680397729242,0.06560210609347127,1.2949795566435738,-1.298488016244855,-3.2481458748048486,-6.01992482651464,-1.0,1.0,0.0,-48.0,0.0,48.0
0.0092,3,2.411142280901246,6.092512817653206,-8.503655098554452,0.07244213326473052,1.4135461221647547,-1.417418137615577,-3.5455944411756213,-5.8777030132849415,-1.0,1.0,0.0,-48.0,0.0,48.0
0.0093,3,1.2575098898902581,6.518759341665096,-7.7762692315553545,0.07935199396286005,1.5292535464195642,-1.5334921773786885,-3.835884992774693,-5.7336103235356735,-1.0,1.0,0.0,-48.0,0.0,48.0
0.0094,3,0.11936492625381945,6.935302954302976,-7.054667880556796,0.0863399907257391,1.6420646802965377,-1.6466733559018103,-4.118924929958143,-5.587685141162778,-1.0,1.0,0.0,-48.0,0.0,48.0
0.0095,3,-1.0035047057937536,7.342378152769703,-6.338873446975949,0.09341292403978012,1.7519432196110578,-1.7569256546162184,-4.39462366392644,-5.439969499164631,-1.0,1.0,0.0,-48.0,0.0,48.0
0.0096,3,-2.1113083681066644,7.740217573868438,-5.628909205761773,0.1005761096927815,1.8588537764818351,-1.8642138883246688,-4.662892796639237,-5.290508977866756,-1.0,1.0,0.0,-48.0,0.0,48.0
0.0097,3,-3.20425269035678,8.129051969748742,-4.924799279391962,0.10783339867777511,1.962761948551957,-1.9685037755770791,-4.923646295617351,-5.139352602189748,-1.0,1.0,0.0,-48.0,0.0,48.0
0.0098,3,-4.282541572267913,8.509110181831339,-4.226568609563426,0.11518719968171012,2.0636343860344817,-2.0697620070958505,-5.17680066358476,-4.986552737987006,-1.0,1.0,0.0,-48.0,0.0,48.0
0.0099,3,-5.346376186392195,8.88061911304048,-3.5342429266482838,0.12263850418019617,2.1614388565635307,-2.167956312232825,-5.422275102904955,-4.832164987485942,-1.0,1.0,0.0,-48.0,0.0,48.0
0.01,4,-6.395954981484109,9.243803698471451,-2.8478487169873423,0.1301869141472884,2.2561443078328853,-2.263055523440105,-5.659991674767708,-4.6762480838724585,-1.0,0.0,1.0,0.0,-48.0,48.0
0.0101,4,-6.871921295120517,8.479863661889603,-1.6079423667690862,0.137443337632591,2.34116142939501,-2.3484496089533344,-5.873419087879642,-3.8622140215167344,-1.0,0.0,1.0,0.0,-48.0,48.0
0.0102,4,-7.3415943181161065,7.723676159589831,-0.3820818414737251,0.14398828097320243,2.4100319651154622,-2.417658112798637,-6.046352489869413,-3.056544616295551,-1.0,0.0,1.0,0.0,-48.0,48.0
0.0103,4,-7.805041810430173,6.975689571436967,0.8293522389932054,0.14977175014288063,2.4629275360770473,-2.4708501368053777,-6.1792186294290685,-2.2595798758531673,-1.0,0.0,1.0,0.0,-48.0,48.0
0.0104,4,-8.262329379679164,6.236339500428277,2.025989879250887,0.1547407701183356,2.500026570131824,-2.508201469103422,-6.272461159147402,-1.471655896228683,-1.0,0.0,1.0,0.0,-48.0,48.0
0.0105,4,-8.713520453799541,5.506048683259599,3.2074717705399416,0.1588405759554506,2.5215141891160386,-2.5298945344418993,-6.3265404321554675,-0.6931045519552614,-1.0,0.0,1.0,0.0,-48.0,48.0
0.0106,4,-9.15867628211205,4.785226919067974,4.3734493630440765,0.16201576452360034,2.527582091604263,-2.5361183368219,-6.341933283435762,0.07574680752390206,-1.0,0.0,1.0,0.0,-48.0,48.0
0.0107,4,-9.597855963423847,4.074271015824889,5.523584947598956,0.16421140500892656,2.51842843144437,-2.5270683944716956,-6.319132796105875,0.8345756553289809,-1.0,0.0,1.0,0.0,-48.0,48.0
0.0108,4,-10.03111649977729,3.3735647538341937,6.657551745943096,0.16537410634123095,2.4942576922880395,-2.5029466672085343,-6.258648052976787,1.5830645787211004,-1.0,0.0,1.0,0.0,-48.0,48.0
0.0109,4,-10.458512874429335,2.6834788657693385,7.775034008659997,0.16545303974261336,2.4552805583024835,-2.4639614762477495,-6.161003873675152,2.3209015649988896,-1.0,0.0,1.0,0.0,-48.0,48.0
0.011,5,-10.880098152621727,2.0043710326667026,8.875727119955025,0.16440091463994402,2.40171378121826,-2.410327416537389,-6.026740537608513,3.047780281918997,0.0,-1.0,1.0,48.0,-48.0,0.0
0.0111,5,-10.176825169145307,0.7770329804751874,9.39979218867012,0.16219696935856134,2.3340959941851556,-2.3425823659104186,-5.85720634866042,3.7316028762500926,0.0,-1.0,1.0,48.0,-48.0,0.0
0.0112,5,-9.483028175713729,-0.4310798478595428,9.914108023573272,0.1588279085718392,2.2529779619168986,-2.261276721556707,-5.6537804839894825,4.4034119627276285,0.0,-1.0,1.0,48.0,-48.0,0.0
0.0113,5,-8.798550373625151,-1.6197734730619828,10.418323846687134,0.15426535889353324,2.158602114795958,-2.1666517499601983,-5.417068788946698,5.063003376588416,0.0,-1.0,1.0,48.0,-48.0,0.0
0.0114,5,-8.12323649367324,-2.7888653745158902,10.91210186818913,0.14848747882041485,2.051214638474864,-2.0589528013364986,-5.147686924977433,5.710188581030755,0.0,-1.0,1.0,48.0,-48.0,0.0
0.0115,5,-7.4569329389504295,-3.938184384658274,11.395117323608703,0.14147957524777224,1.9310651548071878,-1.938429012928864,-4.846259596880758,6.344794321145234,0.0,-1.0,1.0,48.0,-48.0,0.0
0.0116,5,-6.799487939708327,-5.067570567163249,11.867058506871576,0.133234666730241,1.7984064112132805,-1.8053330177237144,-4.513419797337323,6.966662279256574,0.0,-1.0,1.0,48.0,-48.0,0.0
0.0117,5,-6.150751718833902,-6.1768750800157335,12.327626798849636,0.1237539932733549,1.65349397829624,-1.6599206586742872,-4.1498080686331935,7.575648731755562,0.0,-1.0,1.0,48.0,-48.0,0.0
0.0118,5,-5.5105766665192775,-7.265960024558938,12.776536691078215,0.11304747257626287,1.49658595550586,-1.5024507085307048,-3.756071781503969,8.17162420745825,0.0,-1.0,1.0,48.0,-48.0,0.0
0.0119,5,-4.878817522725628,-8.334698281581254,13.213515804306882,0.10113410278230268,1.327942684635258,-1.3331845953826318,-3.332864431022679,8.754473147490485,0.0,-1.0,1.0,48.0,-48.0,0.0
0.012,0,-4.255331566067756,-9.382973335487781,13.638304901555538,0.08804231193262586,1.1478264709267674,-1.15238613402657,-2.8808449494561024,9.324093566659998,1.0,-1.0,0.0,48.0,0.0,-48.0
0.0121,0,-3.0804337461669196,-9.851208224644706,12.931641970811626,0.07434105330522835,0.9633673034817511,-0.9672147201804037,-2.417909716453484,9.192654676789946,1.0,-1.0,0.0,48.0,0.0,-48.0
0.0122,0,-1.9211500251931728,-10.30683679481221,12.227986820005382,0.060612224462297665,0.7815705372267541,-0.784705632238747,-1.9616435424013412,9.057371990342425,1.0,-1.0,0.0,48.0,0.0,-48.0
0.0123,0,-0.7772685334180647,-10.750124526788346,11.52739306020641,0.046909180793952975,0.6025092352438028,-0.6049344438743859,-1.5122325398909422,8.91848779337899,1.0,-1.0,0.0,48.0,0.0,-48.0
0.0124,0,0.3514184792228594,-11.181335191510776,10.829916712287917,0.03328289766787642,0.4262517370936955,-0.4279718770964649,-1.0698508284736092,8.776239506845986,1.0,-1.0,0.0,48.0,0.0,-48.0
0.0125,0,1.4651147566963143,-11.600730736366373,10.135615979670058,0.019781912952255568,0.2528617555014842,-0.25388390081647355,-0.6346607800194444,8.630859604156083,1.0,-1.0,0.0,48.0,0.0,-48.0
0.0126,0,2.5640201500793456,-12.008571177076984,9.444551026997638,0.0064522809388116685,0.08239847449193079,-0.08273183109062247,-0.2068132679443522,8.482575538829536,1.0,-1.0,0.0,48.0,0.0,-48.0
0.0127,0,3.648330730150887,-12.405114495005407,8.75678376485452,-0.006662462753467449,-0.08508335119036857,0.08542756718290381,0.2135520801908171,8.331609681918213,1.0,-1.0,0.0,48.0,0.0,-48.0
0.0128,0,4.718238899122454,-12.79061653972624,8.072377640603786,-0.019521325737340597,-0.2495332955402599,0.2505419773248101,0.6263066271908598,8.17817926892518,1.0,-1.0,0.0,48.0,0.0,-48.0
0.0129,0,5.773933501278137,-13.165330936707509,7.391397435429372,-0.03208587334317826,-0.41090515979336395,0.4125634268982977,1.03133246831402,8.022496355923103,1.0,-1.0,0.0,48.0,0.0,-48.0
0.013,1,6.815599932309143,-13.52950899995062,6.7139090676414765,-0.044320233513060345,-0.5691568701302273,0.571448182891552,1.4285221713894005,7.864767784566213,1.0,0.0,-1.0,0.0,48.0,-48.0
0.0131,1,7.283866895325179,-12.7643754360257,5.480508540700521,-0.05568648475803842,-0.7177376036186793,0.72061777204951,1.8014323070889342,7.052838509999475,1.0,0.0,-1.0,0.0,48.0,-48.0
0.0132,1,7.746035210631086,-12.004828427233695,4.2587932166026095,-0.06567137051772276,-0.8502196233250368,0.8536179837403436,2.1339292143022717,6.2483002456136445,1.0,0.0,-1.0,0.0,48.0,-48.0
0.0133,1,8.202154708982485,-11.251337316872036,3.0491826078895503,-0.0742854594069015,-0.9667538366068344,0.9706002578842912,2.4263915578980977,5.451515057352445,1.0,0.0,-1.0,0.0,48.0,-48.0
0.0134,1,8.652274907608941,-10.504359849202487,1.8520849415935465,-0.08154831187968266,-1.0674980265817178,1.071723321501576,2.679215731262568,4.662830050013922,1.0,0.0,-1.0,0.0,48.0,-48.0
0.0135,1,9.096445213644904,-9.764342184002864,0.6678969703579593,-0.08748720725804944,-1.1526165821600218,1.1571528635538773,2.8928151128244592,3.882577552041046,1.0,0.0,-1.0,0.0,48.0,-48.0
0.0136,1,9.534715094872633,-9.031718906297753,-0.5029961885748796,-0.0921359042641432,-1.2222802310975907,1.2270612143494477,3.067619332036904,3.1110753088546463,1.0,0.0,-1.0,0.0,48.0,-48.0
0.0137,1,9.967134219054854,-8.30691303161515,-1.6602211874397048,-0.09553343810422671,-1.2766657763330687,1.2816270296172139,3.20407354522197,2.348626683897921,1.0,0.0,-1.0,0.0,48.0,-48.0
0.0138,1,10.39375256318333,-7.5903360071375845,-2.803416556045746,-0.09772295678970494,-1.3159558358250185,1.3210349793596528,3.3026377216430873,1.59552086656863,1.0,0.0,-1.0,0.0,48.0,-48.0
0.0139,1,10.814620494008683,-6.882387709134525,-3.932232784874158,-0.09875059903036136,-1.340338586057459,1.3454754415976076,3.3637859401294428,0.8520330862337171,1.0,0.0,-1.0,0.0,48.0,-48.0
0.014,2,11.229788821248597,-6.183456437078721,-5.046332384169875,-0.0986644156996889,-1.3500075093388153,1.3551442011224093,3.388005696536916,0.11842483154984196,0.0,1.0,-1.0,-48.0,48.0,0.0
0.0141,2,10.52021040798204,-4.934365795252222,-5.585844612729818,-0.0975373423493627,-1.3454932006900315,1.3505754602708224,3.3766305407811634,-0.5718903422917789,0.0,1.0,-1.0,-48.0,48.0,0.0
0.0142,2,9.820221681655848,-3.702604071864051,-6.117617609791798,-0.09544022165852586,-1.327317795503384,1.3322948712862386,3.3309727223980237,-1.2528419694641921,0.0,1.0,-1.0,-48.0,48.0,0.0
0.0143,2,9.129669851498644,-2.488400133148054,-6.641269718350591,-0.09241797545067858,-1.295669490680014,1.3004928162979537,3.2515063587662247,-1.924192771153209,0.0,1.0,-1.0,-48.0,48.0,0.0
0.0144,2,8.44840525404517,-1.291973564323119,-7.156431689722051,-0.08851382413503912,-1.250741232308776,1.2553643574850128,3.138717379867288,-2.585707579483533,0.0,1.0,-1.0,-48.0,48.0,0.0
0.0145,2,7.776281261046456,-0.11353460660255633,-7.662746654443899,-0.08376852661531159,-1.1927306886621665,1.1971091727162455,2.9931034142119834,-3.237153676846982,0.0,1.0,-1.0,-48.0,48.0,0.0
0.0146,2,7.113154170972443,1.046715912056101,-8.159870083028544,-0.0782196623324502,-1.121840215815912,1.1259314853120963,2.815173658060879,-3.878301124808639,0.0,1.0,-1.0,-48.0,48.0,0.0
0.0147,2,6.4588830853382735,2.188586651643418,-8.64746973698169,-0.07190095610952996,-1.0382768160089606,1.0420399882099345,2.605448728460346,-4.508923082580052,0.0,1.0,-1.0,-48.0,48.0,0.0
0.0148,2,5.813329771085451,3.311895839424464,-9.125225610509915,-0.06484164636047403,-0.9422520888568221,0.9456477628180151,2.3644605006158854,-5.128796115053334,0.0,1.0,-1.0,-48.0,48.0,0.0
0.0149,2,5.176358510246069,4.416471353102769,-9.592829863348838,-0.05706589712037115,-0.8339821755292112,0.8369721928451248,2.0927519301248325,-5.7377004903911235,0.0,1.0,-1.0,-48.0,48.0,0.0
0.015,3,4.547835938112935,5.502150807037279,-10.049986745150214,-0.04859225425273081,-0.7136876960026297,0.7162348733935764,1.790876860590789,-6.335420467164237,-1.0,1.0,0.0,-48.0,0.0,48.0
0.0151,3,3.3680852853829846,6.009310799165264,-9.377396084548248,-0.03989677859545968,-0.5884404180588428,0.590532569355762,1.4765803833989646,-6.2361352074219045,-1.0,1.0,0.0,-48.0,0.0,48.0
0.0152,3,2.2041375290336704,6.505338576518885,-8.709476105552556,-0.03143274907485501,-0.4651873494219596,0.4668361536097884,1.167293675536107,-6.135029929947416,-1.0,1.0,0.0,-48.0,0.0,48.0
0.0153,3,1.0557835370987805,6.990453125263854,-8.046236662362634,-0.02318080685452458,-0.34396523950374686,0.34518147002223504,0.863107671797082,-6.0321078900222425,-1.0,1.0,0.0,-48.0,0.0,48.0
0.0154,3,-0.07718343402054284,7.46487195261158,-7.3876885185910375,-0.01512264410600393,-0.2248107139186278,0.22560428464864352,0.5641130530719128,-5.927375976516629,-1.0,1.0,0.0,-48.0,0.0,48.0
0.0155,3,-1.1949677468750597,7.928811089553459,-6.7338433426784,-0.007241007320509315,-0.10776020189026778,0.1081402145568806,0.2704000664781834,-5.820844639303501,-1.0,1.0,0.0,-48.0,0.0,48.0
0.0156,3,-2.297771390105269,8.382485091028709,-6.08471370092344,0.00048030029421345657,0.0071501347881216286,-0.007175341973513947,-0.017941650859761557,-5.712527815959625,-1.0,1.0,0.0,-48.0,0.0,48.0
0.0157,3,-3.385793985424778,8.826107033624268,-5.44031304819949,0.008056417458029739,0.11988447122667109,-0.12030727386117755,-0.30082324434751423,-5.602442857693286,-1.0,1.0,0.0,-48.0,0.0,48.0
0.0158,3,-4.459232794479449,9.259888510906324,-4.800655716426874,0.01550142461980492,0.23040738733061072,-0.23122082422611087,-0.5781568107333196,-5.490610454448372,-1.0,1.0,0.0,-48.0,0.0,48.0
0.0159,3,-5.51828272561377,9.684039626482962,-4.165756900869192,0.022828345022474397,0.3386839340954187,-0.33988165596932834,-0.8498555631544953,-5.377054559144723,-1.0,1.0,0.0,-48.0,0.0,48.0
0.016,4,-6.563136340579089,10.098768984898559,-3.53563264431947,0.03004914712844035,0.44467969828913295,-0.44625591591144004,-1.1158339923737175,-5.261802311024249,-1.0,0.0,1.0,0.0,-48.0,48.0
0.0161,4,-7.034431005779334,9.385259982817134,-2.3508289770378,0.03673108213816359,0.5418240302114111,-0.5437501988752578,-1.3596050399696715,-4.490304661804975,-1.0,0.0,1.0,0.0,-48.0,48.0
0.0162,4,-7.499478815595651,8.67837228877021,-1.1788934731745593,0.04243924093266711,0.623670868537248,-0.625895622036101,-1.5649936483701772,-3.7265582926058043,-1.0,0.0,1.0,0.0,-48.0,48.0
0.0163,4,-7.958341290701591,7.97853756658527,-0.020196275883679043,0.047177699492160885,0.690378012955743,-0.6928502235698124,-1.7323953859873746,-2.970882809740931,-1.0,0.0,1.0,0.0,-48.0,48.0
0.0164,4,-8.411079161521542,7.286176010986718,1.124903150534823,0.050946259120840616,0.7421097072021854,-0.7447782840098961,-1.8622217135042995,-2.2235942474128767,-1.0,0.0,1.0,0.0,-48.0,48.0
0.0165,4,-8.857752289781141,6.601696238082059,2.2560560516990815,0.053741513557543245,0.7790365389171828,-0.7818502782577097,-1.9548997977674514,-1.4850047685599175,-1.0,0.0,1.0,0.0,-48.0,48.0
0.0166,4,-9.298419616191985,5.925495192562852,3.3729244236291347,0.05555788099757371,0.8013353345334475,-0.8042428207360283,-2.0108723108599778,-0.755422371233609,-1.0,0.0,1.0,0.0,-48.0,48.0
0.0167,4,-9.733139133054921,5.2579580711685505,4.475181061886371,0.05638859934906781,0.8091890494039133,-0.8121386037065027,-2.0305972146321447,-0.03515060051468377,-1.0,0.0,1.0,0.0,-48.0,48.0
0.0168,4,-10.161967880542242,4.599458261941967,5.562509618600275,0.056226683077742756,0.8027866533628987,-0.8057263287894662,-2.014547530966108,0.6755117340304198,-1.0,0.0,1.0,0.0,-48.0,48.0
0.0169,4,-10.584961965396486,3.9503572987885325,6.634604666607953,0.055065840032553943,0.7823230118906453,-0.7852006317417819,-1.9632110980521136,1.3762708353488378,-1.0,0.0,1.0,0.0,-48.0,48.0
0.017,5,-11.002176600762294,3.3110048308347904,7.691171769927504,0.05290134669116663,0.7479987630308348,-0.750762000565142,-1.8770903129535044,2.0668381903464867,0.0,-1.0,1.0,48.0,-48.0,0.0
0.0171,5,-10.29456774016426,2.122185593651519,8.17238214651274,0.04975393778230296,0.700344283320843,-0.7029419838460983,-1.75751517493342,2.7144262086835025,0.0,-1.0,1.0,48.0,-48.0,0.0
0.0172,5,-9.59647366579212,0.9513489066110158,8.645124759181105,0.04564785556609198,0.6398930525815378,-0.6422754022507965,-1.605823665635698,3.3514563182124375,0.0,-1.0,1.0,48.0,-48.0,0.0
0.0173,5,-8.907742392173752,-0.20131599799265842,9.10905839016641,0.0405881571177305,0.5668578039453992,-0.5689753110168857,-1.4225490637247868,3.977715684616722,0.0,-1.0,1.0,48.0,-48.0,0.0
0.0174,5,-8.228224167673055,-1.3356298878448367,9.563854055517892,0.03458416696304175,0.4814552706369873,-0.48325896808494456,-1.2082349180323553,4.593006282560777,0.0,-1.0,1.0,48.0,-48.0,0.0
0.0175,5,-7.5577715528803076,-2.4514234788636973,10.009195031744005,0.027650042795649872,0.38390588112994084,-0.38534755461228876,-0.963434315052362,5.197144577936865,0.0,-1.0,1.0,48.0,-48.0,0.0
0.0176,5,-6.8962395108935945,-3.548537367571581,10.444776878465175,0.019805296730526337,0.2744334616067883,-0.2754659008226876,-0.6887091623209604,5.789961210247087,0.0,-1.0,1.0,48.0,-48.0,0.0
0.0177,5,-6.243485508266773,-4.626821948552478,10.870307456819251,0.011075271767447678,0.15326494563801438,-0.15384221724692096,-0.38462948767150995,6.371300675229467,0.0,-1.0,1.0,48.0,-48.0,0.0
0.0178,5,-5.599369625412672,-5.686137317951005,11.285506943363677,0.0014915732834715235,0.02063009098707352,-0.020707831414215665,-0.05177275435049096,6.941021007811196,0.0,-1.0,1.0,48.0,-48.0,0.0
0.0179,5,-4.963754675265016,-6.726353163956358,11.690107839221374,-0.00890754448176542,-0.12323879655875872,0.12370306994191659,0.3092768080237766,7.498993465449641,0.0,-1.0,1.0,48.0,-48.0,0.0
0.018,0,-4.336506329022203,-7.747348645199072,12.083854974221275,-0.02007683683969148,-0.27810713243508584,0.27915369309777266,0.6979288566799964,8.045102211899874,1.0,-1.0,0.0,48.0,0.0,-48.0
0.0181,0,-3.157947898744686,-8.18954140977069,11.347489308515376,-0.031470380926599,-0.43688270626228315,0.4385235470982997,1.0963830406992854,7.89267234029675,1.0,-1.0,0.0,48.0,0.0,-48.0
0.0182,0,-1.9951125019638951,-8.620359014542034,10.615471516505929,-0.04255336328637052,-0.5926006196468472,0.5948200177755638,1.487158612297555,7.737993581636006,1.0,-1.0,0.0,48.0,0.0,-48.0
0.0183,0,-0.8477946051606704,-9.040059872000358,9.887854477161028,-0.053293630839050116,-0.7452188697020278,0.7479995676106438,1.8701484614499588,7.581278394917595,1.0,-1.0,0.0,48.0,0.0,-48.0
0.0184,0,0.28420779819835573,-9.448899941218345,9.16469214301999,-0.06366149314562466,-0.8946995863298136,0.8980229010212772,2.245255963748409,7.422733741814093,1.0,-1.0,0.0,48.0,0.0,-48.0
0.0185,0,1.4010932940134104,-9.847132645876613,8.446039351863202,-0.07362970559115568,-1.0410089234020552,1.0448548534393345,2.6123947050103875,7.262561067162986,1.0,-1.0,0.0,48.0,0.0,-48.0
0.0186,0,2.503057151952099,-10.235008796992766,7.731951645040667,-0.0831734447533096,-1.1841169496215773,1.1884642800484566,2.9714882051320446,7.10095628818352,1.0,-1.0,0.0,48.0,0.0,-48.0
0.0187,0,3.590291427747962,-10.612776520213421,7.022485092465459,-0.0922702764873953,-1.3239975392288348,1.3288239443592424,3.322469641612336,6.938109792036163,1.0,-1.0,0.0,48.0,0.0,-48.0
0.0188,0,4.662985063262018,-10.980681187528244,6.317696124266226,-0.10090011725912362,-1.460628262714227,1.4659104067902127,3.6652815731556174,6.774206441340533,1.0,-1.0,0.0,48.0,0.0,-48.0
0.0189,0,5.721323984186829,-11.338965353267469,5.61764136908064,-0.10904518925380255,-1.5939902776906374,1.5997039134139932,3.9998756637412076,6.609425587266571,1.0,-1.0,0.0,48.0,0.0,-48.0
0.019,1,6.765491195285503,-11.687868694246816,4.922377498961313,-0.11668996978572452,-1.7240682200745883,1.7301882850191614,4.326212407528685,6.443941089813929,1.0,0.0,-1.0,0.0,48.0,-48.0
0.0191,1,7.236114063730371,-10.908604289704583,3.672490225974211,-0.12338548829884519,-1.8443117894273362,1.8507896204766734,4.627854660653529,5.623133121129713,1.0,0.0,-1.0,0.0,48.0,-48.0
0.0192,1,7.700494910735284,-10.13606050026714,2.4355655895318566,-0.1287222984728607,-1.9482902152220842,1.9550554729732144,4.888667072429068,4.810805803798547,1.0,0.0,-1.0,0.0,48.0,-48.0
0.0193,1,8.158686533367796,-9.37069722703493,1.2120106936671344,-0.13275143105099632,-2.036175030350103,2.043159796393135,5.109082302174525,4.00730164617698,1.0,0.0,-1.0,0.0,48.0,-48.0
0.0194,1,8.610742309786428,-8.61296262022808,0.0022203104416520032,-0.13553033760871408,-2.1081442899283522,2.1152833920523344,5.289549752173753,3.212947894801716,1.0,0.0,-1.0,0.0,48.0,-48.0
0.0195,1,9.056716329393632,-7.8632930791975495,-1.1934232501960833,-0.13712160368370577,-2.1643822966776214,2.1716135771893335,5.430534810091256,2.428056755855169,1.0,0.0,-1.0,0.0,48.0,-48.0
0.0196,1,9.496663491072974,-7.122113247880331,-2.3745502431926426,-0.13759170608841195,-2.2050793304654577,2.212343858468451,5.532518102631558,1.6529256232797653,1.0,0.0,-1.0,0.0,48.0,-48.0
0.0197,1,9.930639571011367,-6.389836006131174,-3.540803564880194,-0.13700981669967632,-2.2304313821317154,2.2376736106295776,5.59599476075137,0.8878373126269148,1.0,0.0,-1.0,0.0,48.0,-48.0
0.0198,1,10.35870126163627,-5.666862457378783,-4.691838804257488,-0.1354466546577639,-2.240639891667077,2.2478077604212947,5.621473696689404,0.1330602997734185,1.0,0.0,-1.0,0.0,48.0,-48.0
0.0199,1,10.780906183218988,-4.953581913066115,-5.827324270152873,-0.1329733885676152,-2.2359114907731934,2.2429564759546046,5.609476893036647,-0.6111510363085526,1.0,0.0,-1.0,0.0,48.0,-48.0
0.02,2,11.197312869709485,-4.250371874342628,-6.946940995366857,-0.12966058997993563,-2.21645774979752,2.2233348616129525,5.560538704030549,-1.3445561674836188,0.0,1.0,-1.0,-48.0,48.0,0.0
0.0201,2,10.488882242736711,-2.9980456555931596,-7.490836587143552,-0.12559238046792395,-2.1827595468569045,2.1894280807422377,5.475869008401636,-2.0405818451196365,0.0,1.0,-1.0,-48.0,48.0,0.0
0.0202,2,9.789958845302191,-1.7640840469433092,-8.025874798358883,-0.12084810996606575,-2.13528582999666,2.141709149774918,5.35664753478021,-2.726586685142342,0.0,1.0,-1.0,-48.0,48.0,0.0
0.0203,2,9.100398208680557,-0.5487089869426603,-8.551689221737897,-0.11548766815144784,-2.0742375216876257,2.0803820589805215,5.203381394960189,-3.4023283104317836,0.0,1.0,-1.0,-48.0,48.0,0.0
0.0204,2,8.42005921124792,0.6478670686939703,-9.067926279941892,-0.10956703094765928,-1.9998204440608545,2.005655519826966,5.016589753818798,-4.0675670316481725,0.0,1.0,-1.0,-48.0,48.0,0.0
0.0205,2,7.74880393088653,1.8254412367538437,-9.574245167640374,-0.10313753106847505,-1.912245282252428,1.9177428878049834,4.796803686484082,-4.722066183226035,0.0,1.0,-1.0,-48.0,48.0,0.0
0.0206,2,7.08649748246274,2.9838203013354168,-10.070317783798156,-0.09624517477402138,-1.811727540177431,1.81686207964643,4.544566018964058,-5.365592448921134,0.0,1.0,-1.0,-48.0,48.0,0.0
0.0207,2,6.433007841689047,4.1228208129478965,-10.555828654636944,-0.08893000535853811,-1.6984874888306285,1.7032354852375757,4.260431152758627,-5.997916176965962,0.0,1.0,-1.0,-48.0,48.0,0.0
0.0208,2,5.788205656675801,5.242269191063086,-11.030474847738887,-0.08122551380163164,-1.5727501072161532,1.577089874523462,3.9449648739723355,-6.618811684884785,0.0,1.0,-1.0,-48.0,48.0,0.0
0.0209,2,5.151964048472096,6.342001829293253,-11.49396587776535,-0.07315809692850275,-1.434745016014876,1.4386562996936092,3.5987441474440827,-7.228057554008341,0.0,1.0,-1.0,-48.0,48.0,0.0
0.021,3,4.524158401886794,7.421865202382753,-11.946023604269547,-0.06474656333760608,-1.2847064041052658,1.288169992932836,3.222356896408006,-7.825436913713869,-1.0,1.0,0.0,-48.0,0.0,48.0
0.0211,3,3.3451195650561347,7.922245154523353,-11.267364719579488,-0.056340161403240475,-1.1296819916107868,1.132697422196001,2.8334802120731357,-7.729221873473179,-1.0,1.0,0.0,-48.0,0.0,48.0
0.0212,3,2.181881921616453,8.410538671892258,-10.592420593508711,-0.04825778132806446,-0.9765943193741505,0.9791783045831068,2.449475665779769,-7.63054957834684,-1.0,1.0,0.0,-48.0,0.0,48.0
0.0213,3,1.0342384303400234,8.88697495730606,-9.921213387646084,-0.04046764531743591,-0.8254933174569945,0.8276609863997851,2.0704663554305727,-7.52941135771145,-1.0,1.0,0.0,-48.0,0.0,48.0
0.0214,3,-0.09801588527089322,9.351782196809262,-9.253766311538369,-0.03293921328109289,-0.6764290195407857,0.6781939700836573,1.6965757026654262,-7.425802921409561,-1.0,1.0,0.0,-48.0,0.0,48.0
0.0215,3,-1.215083935249016,9.805187561610854,-8.590103626361838,-0.025643205262878218,-0.5294514744260158,0.5308258289813805,1.3279272355411815,-7.3197242914394085,-1.0,1.0,0.0,-48.0,0.0,48.0
0.0216,3,-2.3171665608999428,10.247417206705837,-7.930250645805894,-0.01855162306079935,-0.3846106590442813,0.3856051233895179,0.9646443746560637,-7.211179732460378,-1.0,1.0,0.0,-48.0,0.0,48.0
0.0217,3,-3.404462532044243,10.67869626628772,-7.274233734243476,-0.011637770812571155,-0.24195639300327798,0.24258031788500703,0.6068502227806811,-7.100177681009864,-1.0,1.0,0.0,-48.0,0.0,48.0
0.0218,3,-4.477168543800558,11.099248846060327,-6.622080302259769,-0.004876274334318793,-0.10153825468721418,0.10179969997260416,0.25466735806215457,-6.9867306733427785,-1.0,1.0,0.0,-48.0,0.0,48.0
0.0219,3,-5.535479212949235,11.509298012558347,-5.973818799609112,0.0017569009870883907,0.03659450106240701,-0.03668869992172672,-0.0917823691276005,-6.87085527182014,-1.0,1.0,0.0,-48.0,0.0,48.0
0.022,4,-6.579587073921533,11.909065779588543,-5.32947870566701,0.008284433934606,0.17239302365896522,-0.17283718708157708,-0.43237803562555444,-6.752571989787685,-1.0,0.0,1.0,0.0,-48.0,48.0
0.0221,4,-7.050130727371357,11.17975042130787,-4.1296196939365135,0.014410232915256524,0.2992242944971246,-0.2999968135569754,-0.7504848496704897,-5.972847630377284,-1.0,0.0,1.0,0.0,-48.0,48.0
0.0222,4,-7.514427762346926,10.45623100252381,-2.9418032401768834,0.01983658046511265,0.41057997451275274,-0.4116432409939064,-1.0297802395577604,-5.200169630377757,-1.0,0.0,1.0,0.0,-48.0,48.0
0.0223,4,-7.972546371943216,9.73895995800364,-1.766413586060424,0.024577163558111067,0.5066036206540874,-0.5079207413629491,-1.2706246899450953,-4.434864159928169,-1.0,0.0,1.0,0.0,-48.0,48.0
0.0224,4,-8.424554071686272,9.028378560581384,-0.6038244888951115,0.0286392054901815,0.5874454346659407,-0.5889799003162712,-1.4733949168086966,-3.677254250096385,-1.0,0.0,1.0,0.0,-48.0,48.0
0.0225,4,-8.870517567511154,8.324916776548427,0.5456007909627273,0.03202457399140452,0.653262168760265,-0.6549775802424032,-1.6384837028084007,-2.9276594866026286,-1.0,0.0,1.0,0.0,-48.0,48.0
0.0226,4,-9.310502651670372,7.628993138478048,1.6815095131923237,0.03473085850209757,0.7042170259540663,-0.7060768765264245,-1.7662997174861002,-2.1863957094419386,-1.0,0.0,1.0,0.0,-48.0,48.0
0.0227,4,-9.744574125435406,6.941014635077859,2.803559490357547,0.03675241482095019,0.7404795553140456,-0.7424470670247091,-1.8572673225944345,-1.453774718483855,-1.0,0.0,1.0,0.0,-48.0,48.0
0.0228,4,-10.172795747425443,6.261376617643652,3.9114191297817906,0.038081375369596555,0.762225542331847,-0.7642635547792855,-1.9118263628561212,-0.7301039851063871,-1.0,0.0,1.0,0.0,-48.0,48.0
0.0229,4,-10.595230206371092,5.590462722667894,5.004767483703199,0.038708623363113266,0.7696368946386475,-0.7717078040118535,-1.9304319424567238,-0.015686369904485797,-1.0,0.0,1.0,0.0,-48.0,48.0
0.023,5,-11.011939117095364,4.928644810137992,6.083294306957373,0.03862472922852085,0.7629015232527833,-0.7649672694518131,-1.913554187575336,0.6891801534967446,0.0,-1.0,1.0,48.0,-48.0,0.0
0.0231,5,-10.303884523416343,3.716730933898165,6.587153589518178,0.03783272930641545,0.7424458979954294,-0.7444686327094037,-1.8622616193823405,1.3608623181685655,0.0,-1.0,1.0,48.0,-48.0,0.0
0.0232,5,-9.605410181584945,2.5221978365969644,7.083212344987981,0.036337461321631556,0.7087017647807817,-0.7106439460022387,-1.7776360931245028,2.0224567604970645,0.0,-1.0,1.0,48.0,-48.0,0.0
0.0233,5,-8.916369201273495,1.3452630517736661,7.571106149499829,0.0341342174886591,0.6618730343745037,-0.6636969124115026,-1.6601881231351219,2.6737209238652095,0.0,-1.0,1.0,48.0,-48.0,0.0
0.0234,5,-8.236616605832271,0.18613391092841589,8.050482694903856,0.031221131770781597,0.6021682334108418,-0.6038359971242977,-1.510439968383145,3.314427527260553,0.0,-1.0,1.0,48.0,-48.0,0.0
0.0235,5,-7.566009382307257,-0.9549924387306774,8.521001821037935,0.027599843015054765,0.5298001862924797,-0.5312741421925409,-1.3289248765286499,3.9443642517512436,0.0,-1.0,1.0,48.0,-48.0,0.0
0.0236,5,-6.904406546103461,-2.0779289986786336,8.982335544782094,0.023276114650873717,0.4449857045044447,-0.4462284864036701,-1.1161863436668156,4.563333426509835,0.0,-1.0,1.0,48.0,-48.0,0.0
0.0237,5,-6.25166921904856,-3.1824988665880043,9.434168085636564,0.01826041038172364,0.34794528331235025,-0.3489200902975602,-0.8727773897775081,5.171151714597033,0.0,-1.0,1.0,48.0,-48.0,0.0
0.0238,5,-5.607660719618299,-4.268535167942868,9.876195887561167,0.012568425452905686,0.2389028058003256,-0.2395736663697384,-0.5992598498878007,5.767649798688353,0.0,-1.0,1.0,48.0,-48.0,0.0
0.0239,5,-4.972246664095218,-5.335880972718703,10.308127636813921,0.006221573227873375,0.11808525419139836,-0.11841731450577257,-0.29620368094635435,6.35267206689874,0.0,-1.0,1.0,48.0,-48.0,0.0
0.024,0,-4.345295077444967,-6.384389198083533,10.7296842755285,-0.000752573046931487,-0.014277571616974245,0.014317737304658995,0.03581371559871918,6.926076298834015,1.0,-1.0,0.0,48.0,0.0,-48.0
0.0241,0,-3.167130084832732,-6.854451669599819,10.021581754432551,-0.007961088874821637,-0.15113875930882548,0.1515636674315032,0.37911458503951434,6.805580452850728,1.0,-1.0,0.0,48.0,0.0,-48.0
0.0242,0,-2.004780947370704,-7.313470603671495,9.318251551042199,-0.0150152908338317,-0.2855767615032072,0.28637825217544516,0.7163354876996428,6.682908070379115,1.0,-1.0,0.0,48.0,0.0,-48.0
0.0243,0,-0.8580370524039909,-7.761679480139333,8.619716532543324,-0.021890334677922556,-0.41755056865974166,0.4187192196260899,1.047372126727654,6.558239620425535,1.0,-1.0,0.0,48.0,0.0,-48.0
0.0244,0,0.27330878063066155,-8.19930971722809,7.926000936597428,-0.028563019765787536,-0.5470226894285548,0.5485478974099796,1.372129118990343,6.431751178057052,1.0,-1.0,0.0,48.0,0.0,-48.0
0.0245,0,1.3894603860448251,-8.62659059623507,7.237130210190245,-0.035011788634034924,-0.6739590631488407,0.6758291243432125,1.6905197747387761,6.303614400140903,1.0,-1.0,0.0,48.0,0.0,-48.0
0.0246,0,2.4906183364859427,-9.04374919027944,6.553130853793498,-0.041216720855022544,-0.7983289719920298,0.8005311615964752,2.0024658762415233,6.173996508237147,1.0,-1.0,0.0,48.0,0.0,-48.0
0.0247,0,3.5769800261579627,-9.451010297003775,5.874030270845812,-0.04715952152099279,-0.9201049528813179,0.9226256035199174,2.307897455734745,6.043060278332437,1.0,-1.0,0.0,48.0,0.0,-48.0
0.0248,0,4.648739752571645,-9.848596375120637,5.199856622548992,-0.05282350469802583,-1.039262709314497,1.0420872882683692,2.6067525730235674,5.910964037103507,1.0,-1.0,0.0,48.0,0.0,-48.0
0.0249,0,5.706088796729846,-10.236727484697724,4.530638687967878,-0.05819357219350707,-1.155781023211883,1.1588942083602667,2.8989770930533867,5.777861664400724,1.0,-1.0,0.0,48.0,0.0,-48.0
0.025,1,6.749215501662883,-10.615621231076243,3.86640572941336,-0.0632561879794189,-1.2696416669060684,1.2730274212968389,3.18452446375447,5.643902601643966,1.0,0.0,-1.0,0.0,48.0,-48.0
0.0251,1,7.218753446242387,-9.866469975523428,2.6477165292810416,-0.06767655292408645,-1.3742477940314894,1.3778721486652816,3.4468479996533268,4.850416703617045,1.0,0.0,-1.0,0.0,48.0,-48.0
0.0252,1,7.682014606254265,-9.12414538404825,1.442130777793985,-0.07114945931199658,-1.4631238419654125,1.4669364176520443,3.669706714043534,4.0653651048375545,1.0,0.0,-1.0,0.0,48.0,-48.0
0.0253,1,8.139061902428006,-8.389091702045459,0.2500297996174534,-0.07371155428321234,-1.5364405074635403,1.540392788644304,3.853530502841283,3.289072578910527,1.0,0.0,-1.0,0.0,48.0,-48.0
0.0254,1,8.589958342909277,-7.66174150344157,-0.9282168394677074,-0.0754047136976069,-1.5943746865271133,1.5984202952182458,3.9987651327248677,2.521849218195958,1.0,0.0,-1.0,0.0,48.0,-48.0
0.0255,1,9.034767133116482,-6.94251568811303,-2.0922514450034524,-0.07627487462182411,-1.6371092119686161,1.6412041243116466,4.105871512442936,1.7639906495721431,1.0,0.0,-1.0,0.0,48.0,-48.0
0.0256,1,9.473551756705586,-6.2318234757434245,-3.2417282809621604,-0.0763709092189285,-1.6648325946510456,1.668935301520402,4.175324975046422,1.0157782555009593,1.0,0.0,-1.0,0.0,48.0,-48.0
0.0257,1,9.90637602904119,-5.530062396515612,-4.376313632525579,-0.0757435419983852,-1.6777387684765106,1.6818103816429555,4.207614571291732,0.2774793997006584,1.0,0.0,-1.0,0.0,48.0,-48.0
0.0258,1,10.333304124595873,-4.8376182790468665,-5.495685845549007,-0.07444431208643691,-1.676026839170748,1.680031144594539,4.203242374428962,-0.4506523432346614,1.0,0.0,-1.0,0.0,48.0,-48.0
0.0259,1,10.754400579716403,-4.1548652359859854,-6.599535343730419,-0.07252458189732115,-1.6599008368846788,1.6638042968094628,4.162722796556695,-1.1683769548891674,1.0,0.0,-1.0,0.0,48.0,-48.0
0.026,2,11.169730272206928,-3.4821656476977703,-7.687564624509158,-0.07003459332477294,-1.6295694726128511,1.633341178244797,4.086581916695135,-1.875467737330701,0.0,1.0,-1.0,-48.0,48.0,0.0
0.0261,2,10.460259835348104,-2.260318584276202,-8.199941251071902,-0.06703075716116642,-1.585440549789486,1.5890525676018294,3.97584494943124,-2.5523369814920223,0.0,1.0,-1.0,-48.0,48.0,0.0
0.0262,2,9.760338735814345,-1.0567937647206027,-8.703544971093743,-0.06356543803874493,-1.527914172270789,1.5313413411341579,3.8315175702595643,-3.2190452058099677,0.0,1.0,-1.0,-48.0,48.0,0.0
0.0263,2,9.06982683376417,0.12819731733578257,-9.198024151099952,-0.05967872124044811,-1.45719443181505,1.4604137150411756,3.654113659758641,-3.8753596697888057,0.0,1.0,-1.0,-48.0,48.0,0.0
0.0264,2,8.38858680171204,1.294452838340262,-9.683039640052304,-0.05540652605034854,-1.3734901439264242,1.3764804171378033,3.4441586663154835,-4.521050456700233,0.0,1.0,-1.0,-48.0,48.0,0.0
0.0265,2,7.716483978724511,2.441780727891361,-10.158264706615872,-0.05077994344540047,-1.2770148065859221,1.2797566089329586,3.2021894567534717,-5.155890799263082,0.0,1.0,-1.0,-48.0,48.0,0.0
0.0266,2,7.053386211264391,3.5699987561505657,-10.623384967414957,-0.0458246188185701,-1.1679865514398151,1.1704618024518705,2.928754150926602,-5.7796573953116726,0.0,1.0,-1.0,-48.0,48.0,0.0
0.0267,2,6.399163681947466,4.678934624774306,-11.078098306721772,-0.040560180228619874,-1.0466280875753273,1.048819772064928,2.624411940780376,-6.392130713461953,0.0,1.0,-1.0,-48.0,48.0,0.0
0.0268,2,5.753688727471089,5.768426060557073,-11.522114788028162,-0.034999712583594536,-0.9131666380179762,0.9150584615819888,2.289732894379509,-6.993095288773594,0.0,1.0,-1.0,-48.0,48.0,0.0
0.0269,2,5.116835646966445,6.838320910990237,-11.955156557956682,-0.02914927807450194,-0.7678338690898561,0.7694098868670808,1.9252977454028142,-7.582340008391828,0.0,1.0,-1.0,-48.0,48.0,0.0
0.027,3,4.488480502017629,7.888477240953795,-12.376957742971424,-0.023007483081742303,-0.6108658127734868,0.6121100342249968,1.5316976686073283,-8.159658387133668,-1.0,1.0,0.0,-48.0,0.0,48.0
0.0271,3,3.3089536404314845,8.359292615984051,-11.668246256415536,-0.01681855598931921,-0.4492853426330367,0.45019502523434834,1.1265406440464474,-8.046177414868065,-1.0,1.0,0.0,-48.0,0.0,48.0
0.0272,3,2.1452858896175506,8.818175846864863,-10.963461736482413,-0.010809123254818755,-0.28999196300238744,0.290576675008722,0.7271244553273345,-7.930024907368739,-1.0,1.0,0.0,-48.0,0.0,48.0
0.0273,3,0.9972659602283507,9.265367975187948,-10.262633935416298,-0.00494672353985852,-0.13303983725083937,0.1333074445093941,0.3335826470246379,-7.811202931555328,-1.0,1.0,0.0,-48.0,0.0,48.0
0.0274,3,-0.13531532796842782,9.70110901393737,-9.565793685968941,0.0007995327396507848,0.02151699890170249,-0.021560252678771905,-0.05395145589876456,-7.6897181919291,-1.0,1.0,0.0,-48.0,0.0,48.0
0.0275,3,-1.2526650368286631,10.125637937832249,-8.872972901003585,0.006458939383541446,0.1736247305359257,-0.1739741408567226,-0.4353449779999221,-7.565581951464206,-1.0,1.0,0.0,-48.0,0.0,48.0
0.0276,3,-2.3549881001269295,10.53919267033246,-8.18420457020553,0.012059172198248879,0.32322985496282136,-0.3238821712404736,-0.8104657192674284,-7.438809950846988,-1.0,1.0,0.0,-48.0,0.0,48.0
0.0277,3,-3.4424873134626814,10.942010067433294,-7.499522753970613,0.017626268833234288,0.4702792714010647,-0.47123260947593726,-1.1791823769522514,-7.309422325992163,-1.0,1.0,0.0,-48.0,0.0,48.0
0.0278,3,-4.515363323835352,11.334325898376763,-6.818962574541411,0.02318461087097896,0.6147203688690108,-0.6159741216041874,-1.5413647632301362,-7.177443523782383,-1.0,1.0,0.0,-48.0,0.0,48.0
0.0279,3,-5.573814618950471,11.716374823409112,-6.142560204458641,0.02875690836170311,0.7565011122565994,-0.7580558584416522,-1.8968840186057734,-7.042902215994081,-1.0,1.0,0.0,-48.0,0.0,48.0
0.028,4,-6.618037516322049,12.088390368715572,-5.470352852393523,0.03436418697702337,0.8955701265411199,-0.8974275383395396,-2.245612820967368,-6.9058312113879605,-1.0,0.0,1.0,0.0,-48.0,48.0
0.0281,4,-7.088674792063509,11.331582726594897,-4.242907934531388,0.03976848281101386,1.025268909362401,-1.0274177574233054,-2.570856327319642,-6.105067953462138,-1.0,0.0,1.0,0.0,-48.0,48.0
0.0282,4,-7.553049898418781,10.580844643046706,-3.027794744627925,0.044717748474990576,1.1390665341946644,-1.1414819519780879,-2.8562383363385897,-5.311427801072457,-1.0,0.0,1.0,0.0,-48.0,48.0
0.0283,4,-8.011236838376265,9.836642271443305,-1.8254054330670397,0.049204942338892124,1.2371087478935636,-1.239765490329052,-3.102123450955266,-4.525248153699193,-1.0,0.0,1.0,0.0,-48.0,48.0
0.0284,4,-8.463308360644357,9.099430106746597,-0.636121746102241,0.053216419807973384,1.3195481732341108,-1.3224202710576107,-3.308893065406998,-3.7468632110435887,-1.0,0.0,1.0,0.0,-48.0,48.0
0.0285,4,-8.909335832863697,8.369650838535636,0.539684994328061,0.05673310885985294,1.3865442100584342,-1.3896046877901573,-3.4769451973424608,-2.9766036578803785,-1.0,0.0,1.0,0.0,-48.0,48.0
0.0286,4,-9.34938914431373,7.647735222368742,1.7016539219449867,0.059731654010562504,1.4382629310929844,-1.4414835868670428,-3.6066943043334216,-2.2147963554769783,-1.0,0.0,1.0,0.0,-48.0,48.0
0.0287,4,-9.783536636931691,6.934101969056691,2.8494346678750007,0.062185526732295354,1.4748769726826758,-1.478228217915386,-3.6985710851222153,-1.4617640396075218,-1.0,0.0,1.0,0.0,-48.0,48.0
0.0288,4,-10.211845063430623,6.229157651399282,3.9826874120313414,0.06406610040524027,1.4965654206783292,-1.5000161773604368,-3.753022265934792,-0.7178250251584095,-1.0,0.0,1.0,0.0,-48.0,48.0
0.0289,4,-10.634379571273136,5.533296627916698,5.101082943356437,0.06534368795031767,1.503513691701526,-1.5070313449212018,-3.77051037218833,0.016707082700944564,-1.0,0.0,1.0,0.0,-48.0,48.0
0.029,5,-11.051203711230201,4.846900983086149,6.204302728144051,0.06598854035754669,1.4959134099974605,-1.4994638131471745,-3.7515134859206225,0.7415236708256621,0.0,-1.0,1.0,48.0,-48.0,0.0
0.0291,5,-10.343280932233274,3.610788829853519,6.732492102379754,0.06598097514731166,1.474166204348916,-1.4777142273937653,-3.697036410305666,1.435813899161617,0.0,-1.0,1.0,48.0,-48.0,0.0
0.0292,5,-9.644955820688937,2.392447713307097,7.25250810738184,0.06530398099159444,1.4386835481683256,-1.4421932248651785,-3.6081087927641637,2.1195028591359084,0.0,-1.0,1.0,48.0,-48.0,0.0
0.0293,5,-8.956081835245957,1.1921055868836419,7.763976248362315,0.06393440872985302,1.3896801247470394,-1.3931143244982562,-3.485266936538222,2.7923436166713738,0.0,-1.0,1.0,48.0,-48.0,0.0
0.0294,5,-8.27651390844038,0.009979481591751275,8.26653442684863,0.06185246125817281,1.3273752983050249,-1.3306959061832442,-3.329059095465089,3.454105027547915,0.0,-1.0,1.0,48.0,-48.0,0.0
0.0295,5,-7.606108515620756,-1.1537244626836536,8.75983297830441,0.0590424101834793,1.251992784466137,-1.2551609166910307,-3.140044692660916,4.10457141029044,0.0,-1.0,1.0,48.0,-48.0,0.0
0.0296,5,-6.944723759493149,-2.2988109472346774,9.243534706727827,0.05549326527581423,1.163760328678497,-1.1667365807458436,-2.9187935555648767,4.743542218911745,0.0,-1.0,1.0,48.0,-48.0,0.0
0.0297,5,-6.292219468934624,-3.4250954469929176,9.717314915927542,0.05119939616843645,1.0629093925389985,-1.0656541172771166,-2.665885167344465,5.370831715763293,0.0,-1.0,1.0,48.0,-48.0,0.0
0.0298,5,-5.648457310731922,-4.532404126443697,10.180861437175619,0.046161105908633385,0.9496748479614873,-0.952148460891856,-2.381907934650926,5.986268644707794,0.0,-1.0,1.0,48.0,-48.0,0.0
0.0299,5,-5.013300912914604,-5.620573740021811,10.633874652936415,0.040385156110651285,0.8242946791113148,-0.8264579886159837,-2.0674584717043905,6.589695904788547,0.0,-1.0,1.0,48.0,-48.0,0.0
0.03,0,-4.386615998367048,-6.689451518006654,11.076067516373701,0.03388524360725749,0.6870096920145241,-0.6888242519591207,-1.7231409006800769,7.180970224535452,1.0,-1.0,0.0,48.0,0.0,-48.0
0.0301,0,-3.208723928630196,-7.17942420928007,10.388148137910266,0.027020565076090332,0.5448710430562417,-0.5463176269314801,-1.3666415039678206,7.0785134960470355,1.0,-1.0,0.0,48.0,0.0,-48.0
0.0302,0,-2.046650391803225,-7.657889508936935,9.70453990074016,0.020158262494251792,0.4048061933443316,-0.40588517959105197,-1.0153372017847444,6.973197598798961,1.0,-1.0,0.0,48.0,0.0,-48.0
0.0303,0,-0.9001811676715992,-8.125076860045924,9.025258027717523,0.013328374500644538,0.26686959321495285,-0.2675829038449637,-0.669366310956853,6.865207561222445,1.0,-1.0,0.0,48.0,0.0,-48.0
0.0304,0,0.23089435576421025,-8.581214108560829,8.350319752796619,0.006559527295662217,0.1311120758753289,-0.1314631005592137,-0.3288579927751813,6.7547245669564715,1.0,-1.0,0.0,48.0,0.0,-48.0
0.0305,0,1.3467832654030456,-9.026527415594277,7.679744150191231,-0.00012109320633681572,-0.0024190653136919745,0.002425545285743219,0.006067553429499698,6.641925902717388,1.0,-1.0,0.0,48.0,0.0,-48.0
0.0306,0,2.447689205603827,-9.461241173886838,7.013551968283012,-0.006687762820339587,-0.1336799986976255,0.1340378863572723,0.33529889429395365,6.526984913660467,1.0,-1.0,0.0,48.0,0.0,-48.0
0.0307,0,3.533812460051477,-9.885577928371578,6.351765468320101,-0.013116234399893045,-0.2626302754643625,0.2633322338089612,0.6587331643794598,6.410070965961481,1.0,-1.0,0.0,48.0,0.0,-48.0
0.0308,0,4.6053500327952515,-10.29975830073371,5.694408267938459,-0.01938374729140052,-0.38923275018560677,0.3902702773470114,0.9762758664326319,6.291349416345284,1.0,-1.0,0.0,48.0,0.0,-48.0
0.0309,0,5.662495728336091,-10.70400091786525,5.0415051895291585,-0.02546903122001107,-0.513453500889104,0.5148170046701741,1.287840670290753,6.170981588287806,1.0,-1.0,0.0,48.0,0.0,-48.0
0.031,1,6.705440230647157,-11.098522344114482,4.393082113467325,-0.03135230489926456,-0.6352617487826845,0.6369406204222722,1.5933492107582359,6.049124754617992,1.0,0.0,-1.0,0.0,48.0,-48.0
0.0311,1,7.174819287949301,-10.364514294256606,3.189695006307305,-0.03669312220069015,-0.7480475874039665,0.7500130171454124,1.8762217554370098,5.267072582624659,1.0,0.0,-1.0,0.0,48.0,-48.0
0.0312,1,7.637946792161743,-9.63684812647705,1.9989013343153068,-0.041171266370850015,-0.8453244585793283,0.8475304807670018,2.120188847702623,4.492962644445111,1.0,0.0,-1.0,0.0,48.0,-48.0
0.0313,1,8.094887111424368,-8.9159679209925,0.8210808095681319,-0.04480360200277843,-0.9272537684885905,0.9296552884313549,2.325655875907812,3.7271235872448183,1.0,0.0,-1.0,0.0,48.0,-48.0
0.0314,1,8.545704217856278,-8.202306197768197,-0.3433980200880812,-0.047612981925219955,-0.9940031862554747,0.996556287429864,2.4930442995075928,2.969869640990411,1.0,0.0,-1.0,0.0,48.0,-48.0
0.0315,1,8.990461822483814,-7.496283918781672,-1.4941779037021428,-0.04962711402909545,-1.0457463861859617,1.0484085810146224,2.622790933206145,2.2215008197107875,1.0,0.0,-1.0,0.0,48.0,-48.0
0.0316,1,9.429223481694152,-6.798310486865187,-2.6309129948289653,-0.05087746483352369,-1.0826627932763668,1.085393219123582,2.715347241310089,1.4823031283979458,1.0,0.0,-1.0,0.0,48.0,-48.0
0.0317,1,9.862052676503637,-6.108783741476858,-3.75326893502678,-0.0513982019350178,-1.1049373320990479,1.1076968941314926,2.771178642555001,0.7525487749229405,1.0,0.0,-1.0,0.0,48.0,-48.0
0.0318,1,10.289012865957085,-5.4280899517686,-4.860922914188485,-0.051225177198297965,-1.1127601791467763,1.1155116417385078,2.7907638256404237,0.03249638636443297,1.0,0.0,-1.0,0.0,48.0,-48.0
0.0319,1,10.71016751599772,-4.756603807330529,-5.953563708667191,-0.05039495227515165,-1.1063265186927578,1.1090345471056264,2.774594075679489,-0.6776087708284564,1.0,0.0,-1.0,0.0,48.0,-48.0
0.032,2,11.125580105164788,-4.094688406999409,-7.030891698165379,-0.04894386778007883,-1.0858363022017963,1.0884674563421934,2.7231726117410524,-1.3775345673883723,0.0,1.0,-1.0,-48.0,48.0,0.0
0.0321,2,10.416215571908431,-2.883143570934863,-7.5330720009735685,-0.046916268052590734,-1.0516989461512467,1.0542221183366234,2.6375278842680476,-2.0466217860126923,0.0,1.0,-1.0,-48.0,48.0,0.0
0.0322,2,9.71642144355685,-1.6894394186142536,-8.026982024942598,-0.04435366076333024,-1.0043188590460028,1.0067051308036727,2.518675620981861,-2.705797810490939,0.0,1.0,-1.0,-48.0,48.0,0.0
0.0323,2,9.026055405634487,-0.5137877763061531,-8.512267629328335,-0.041285377687672396,-0.9438953879684762,0.946117384478021,2.367117090071779,-3.3548347112807,0.0,1.0,-1.0,-48.0,48.0,0.0
0.0324,2,8.344977738523916,0.6436091500741103,-8.988586888598027,-0.037737460313310836,-0.8706324876430124,0.8726642099179708,2.183364891993008,-3.9935071819718475,0.0,1.0,-1.0,-48.0,48.0,0.0
0.0325,2,7.6730511956128264,1.782558844994396,-9.455610040607223,-0.0337320021490546,-0.7847386824450404,0.7865553042803759,1.9679428201900127,-4.621592862433932,0.0,1.0,-1.0,-48.0,48.0,0.0
0.0326,2,7.010140867863994,2.9028785579436236,-9.913019425807617,-0.029286534007053715,-0.6864270209782275,0.6880046528337259,1.7213857059107478,-5.238872652034257,0.0,1.0,-1.0,-48.0,48.0,0.0
0.0327,2,6.356114036025278,4.004395381881426,-10.360509417906703,-0.02441345277265647,-0.5759150233550143,0.5772304454638262,1.4442392476085295,-5.8451310129010725,0.0,1.0,-1.0,-48.0,48.0,0.0
0.0328,2,5.710840011695278,5.086946334710606,-10.797786346405884,-0.01911949408236377,-0.45342462131795763,0.4544549884264057,1.1370598254305597,-6.440156263197215,0.0,1.0,-1.0,-48.0,48.0,0.0
0.0329,2,5.074189968450943,6.150378443000291,-11.224568411451234,-0.013405249234667894,-0.31918209134131464,0.31990461159993777,0.8004143012932095,-7.0237408603614115,0.0,1.0,-1.0,-48.0,48.0,0.0
0.033,3,4.446036764236744,7.194548827198366,-11.64058559143511,-0.007264726560238319,-0.173417980855124,0.1738095714914627,0.4348798050471853,-7.5956816742592,-1.0,1.0,0.0,-48.0,0.0,48.0
0.0331,3,3.2667077300124427,7.659853968161827,-10.92656169817427,-0.000969166874500876,-0.0231587461811411,0.023210988998869184,0.05807506149356174,-7.476098878927431,-1.0,1.0,0.0,-48.0,0.0,48.0
0.0332,3,2.1032316793598476,8.113701404511229,-10.216933083871076,0.005220968622681486,0.12469183905739709,-0.12497326965908111,-0.31268922418819173,-7.354064712798326,-1.0,1.0,0.0,-48.0,0.0,48.0
0.0333,3,0.9553957092142724,8.556330693618314,-9.511726402832586,0.011331855897630055,0.27008426095840365,-0.27069504969703156,-0.6772907234216717,-7.2295895106693475,-1.0,1.0,0.0,-48.0,0.0,48.0
0.0334,3,-0.17701080200314756,8.98798014968848,-8.810969347685333,0.01738810784058028,0.4129692968144743,-0.4139064052007903,-1.0356077341137964,-7.102687983123594,-1.0,1.0,0.0,-48.0,0.0,48.0
0.0335,3,-1.2941961877691188,9.408886831576602,-8.114690643807483,0.023412760746115053,0.5532981025218785,-0.5545596848058741,-1.3875193973392839,-6.973379132092054,-1.0,1.0,0.0,-48.0,0.0,48.0
0.0336,3,-2.396366486620585,9.819286527615915,-7.42292004099533,0.0294272628601968,0.6910222981736935,-0.6926076157842879,-1.7329059097661557,-6.841686164933825,-1.0,1.0,0.0,-48.0,0.0,48.0
0.0337,3,-3.483725435153654,10.219413737587821,-6.735688302434167,0.035451465165084406,0.8260940518078387,-0.8280033865105071,-2.071648731747657,-6.707636406992413,-1.0,1.0,0.0,-48.0,0.0,48.0
0.0338,3,-4.556474460915379,10.609501651959754,-6.053027191044374,0.04150361455757248,0.9584661612789979,-0.9607007272767115,-2.4036307910029255,-6.571261212601355,-1.0,1.0,0.0,-48.0,0.0,48.0
0.0339,3,-5.614812675252676,10.98978212852166,-5.374969453268985,0.04760034956023907,1.0880921342231251,-1.0906539894277663,-2.728736681809255,-6.432595874525715,-1.0,1.0,0.0,-48.0,0.0,48.0
0.034,4,-6.658936866179471,11.360485666550069,-4.701548800370598,0.05375669868967539,1.2149262660821092,-1.2178182227858918,-3.0468528596269273,-6.291679531839266,-1.0,0.0,1.0,0.0,-48.0,48.0
0.0341,4,-7.129489818141197,10.602818890865914,-3.473329072724717,0.059689421206296896,1.3323305157715446,-1.3355401017725277,-3.3413327550120515,-5.488730290787434,-1.0,0.0,1.0,0.0,-48.0,48.0
0.0342,4,-7.593793557860732,9.851669468290458,-2.257875910429727,0.06509758329693179,1.4337951746148703,-1.437293725482385,-3.59585012186001,-4.693234935807606,-1.0,0.0,1.0,0.0,-48.0,48.0
0.0343,4,-8.051920117899975,9.107497873468455,-1.0555777555684807,0.06996352045904478,1.5194728696711166,-1.5232307921873378,-3.8107861096914006,-3.905531132907002,-1.0,0.0,1.0,0.0,-48.0,48.0
0.0344,4,-8.503940060868292,8.370752647428809,0.13318741343948215,0.07426393521392559,1.5895230775695641,-1.5935095626414406,-3.9865386672809655,-3.1259531335567017,-1.0,0.0,1.0,0.0,-48.0,48.0
0.0345,4,-8.94992237886685,7.641870265971762,1.3080521128950884,0.07797107305938089,1.6441120214857368,-1.6482948204974741,-4.123522364082531,-2.354831461857464,-1.0,0.0,1.0,0.0,-48.0,48.0
0.0346,4,-9.389934422052221,6.921275026320915,2.4686593957313057,0.08105386472408395,1.6834125629957428,-1.6877578255008474,-4.222168196176084,-1.5924926082509292,-1.0,0.0,1.0,0.0,-48.0,48.0
0.0347,4,-9.824041855089376,6.209378951588957,3.61466290350042,0.0834790327833251,1.7076040890571569,-1.712076259484374,-4.282923377063432,-0.8392587297453815,-1.0,0.0,1.0,0.0,-48.0,48.0
0.0348,4,-10.252308640234164,5.506581712584045,4.745726927650119,0.08521216075399086,1.7168723943502113,-1.7214341651993943,-4.306251113636847,-0.09544735660046011,-1.0,0.0,1.0,0.0,-48.0,48.0
0.0349,4,-10.674797045757982,4.813270566461015,5.861526479296967,0.0862187228477567,1.7114095591971747,-1.7160218780309495,-4.292630367641947,0.6386288946042471,-1.0,0.0,1.0,0.0,-48.0,48.0
0.035,5,-11.091567678399755,4.129820311704693,6.9617473666950636,0.08646507262496034,1.6914138232603517,-1.6960359506572464,-4.242555602951855,1.3626626015990613,0.0,-1.0,1.0,48.0,-48.0,0.0
0.0351,5,-10.38358102642615,2.897041240188524,7.486539786237625,0.0859316892318275,1.6573255926735868,-1.6619158650996397,-4.157128834582348,2.052603528171946,0.0,-1.0,1.0,48.0,-48.0,0.0
0.0352,5,-9.68517879872461,1.6824114648627995,8.002767333861811,0.08460288997101771,1.6095954239560926,-1.614111461544229,-4.03747776347594,2.731594189479064,0.0,-1.0,1.0,48.0,-48.0,0.0
0.0353,5,-8.99621161040563,0.48614901608970446,8.510062594315926,0.08245471166579862,1.5484448438752407,-1.552843108496673,-3.8841558481644096,3.399399423120493,0.0,-1.0,1.0,48.0,-48.0,0.0
0.0354,5,-8.316531580047299,-0.6915391033783709,9.00807068342567,0.07946736556408197,1.4740998057031727,-1.4783358213883948,-3.6977279108186893,4.055799790528509,0.0,-1.0,1.0,48.0,-48.0,0.0
0.0355,5,-7.645992417500686,-1.8504568678597286,9.496449285360415,0.07562592426643862,1.3867903627296074,-1.3908189683690046,-3.478769359366388,4.700591244633203,0.0,-1.0,1.0,48.0,-48.0,0.0
0.0356,5,-6.984449526310916,-2.990419160250521,9.974868686561438,0.07092096004044707,1.2867503498547739,-1.290525981316797,-3.2278654262197746,5.333584797807955,0.0,-1.0,1.0,48.0,-48.0,0.0
0.0357,5,-6.331760119385455,-4.111251686637386,10.443011806022842,0.06534913407459328,1.1742170731883175,-1.1776940721131677,-2.9456104235953515,5.954606190300546,0.0,-1.0,1.0,48.0,-48.0,0.0
0.0358,5,-5.687783346550033,-5.212790875067871,10.900574221617903,0.05891373637178442,1.0494310075606035,-1.0525639542349532,-2.632607015395982,6.563495559318177,0.0,-1.0,1.0,48.0,-48.0,0.0
0.0359,5,-5.052380432649131,-6.294883759514829,11.34726419216396,0.051625176126215123,0.9126355018368603,-0.9153795697264534,-2.2894655056196513,7.160107108894982,0.0,-1.0,1.0,48.0,-48.0,0.0
0.036,0,-4.425414824866374,-7.357387850056021,11.782802674922396,0.04350142256900539,0.7640764919116936,-0.7663878216192359,-1.916803143253483,7.744308780635281,1.0,-1.0,0.0,48.0,0.0,-48.0
0.0361,0,-3.2472061729720485,-7.8407001529497,11.087906325921749,0.03495955189463155,0.610826146391873,-0.6126830110795519,-1.5323624708977128,7.632787665204772,1.0,-1.0,0.0,48.0,0.0,-48.0
0.0362,0,-2.084780288980779,-8.312228558424588,10.397008847405367,0.02642508880000513,0.4598325618085362,-0.4612357572389915,-1.1535757282932606,7.518185319492083,1.0,-1.0,0.0,48.0,0.0,-48.0
0.0363,0,-0.9379236237620603,-8.772212650317657,9.710136274079717,0.017933356434905647,0.31115435390023516,-0.31210645234837586,-0.780591951957768,7.400702054347528,1.0,-1.0,0.0,48.0,0.0,-48.0
0.0364,0,0.19357364985378922,-9.220890360760297,9.027316710906508,0.009518008493193786,0.16484622596230056,-0.16535148720560167,-0.4135502667490496,7.280534014965461,1.0,-1.0,0.0,48.0,0.0,-48.0
0.0365,0,1.309917727932893,-9.658497875848106,8.348580147915213,0.001210996662197981,0.020959052361948984,-0.021023334924490236,-0.052580095630117604,7.157873122988132,1.0,-1.0,0.0,48.0,0.0,-48.0
0.0366,0,2.4113112657290996,-10.085269545868512,7.673958280139412,-0.006957454366843843,-0.12046003698007023,0.12082936410089437,0.3021986278768923,7.032907026783635,1.0,-1.0,0.0,48.0,0.0,-48.0
0.0367,0,3.4979534672394017,-10.501437799970834,7.003484332731432,-0.01495886464256457,-0.2593675712845776,0.26016171621035555,0.650675244948799,6.905819059616138,1.0,-1.0,0.0,48.0,0.0,-48.0
0.0368,0,4.570040173868231,-10.907233065165224,6.3371928912969935,-0.022766509778436313,-0.3957236529259562,0.39693248763755623,0.9927481548195946,6.77678820542342,1.0,-1.0,0.0,48.0,0.0,-48.0
0.0369,0,5.627763952052593,-11.302883689536031,5.675119737483438,-0.030355425195415744,-0.529491870897001,0.5311040169760026,1.3283245966117372,6.6459890719145385,1.0,-1.0,0.0,48.0,0.0,-48.0
0.037,1,6.671314179710492,-11.688615869555871,5.01730168984538,-0.03770240412625038,-0.6606392138586582,0.6626421271041835,1.6573204299990807,6.513591870698862,1.0,0.0,-1.0,0.0,48.0,-48.0
0.0371,1,7.141324841109718,-10.945630453717667,3.804305612607949,-0.044414246685433874,-0.7825726365999031,0.7849329324593306,1.9631948731644926,5.722661175569745,1.0,0.0,-1.0,0.0,48.0,-48.0
0.0372,1,7.605106450432497,-10.208806244265451,2.6036997938329547,-0.050119791372930246,-0.8888222313990018,0.8914868019056691,2.2297169789865223,4.939555873416814,1.0,0.0,-1.0,0.0,48.0,-48.0
0.0373,1,8.062719637864594,-9.478594336590268,1.4158746987256734,-0.05483596520961299,-0.9795471685750718,0.9824637651829756,2.457286518841844,4.164613584940233,1.0,0.0,-1.0,0.0,48.0,-48.0
0.0374,1,8.514224698429231,-8.755434250977938,0.2412095525487061,-0.05858641687170035,-1.0549130445970558,1.0580306146462326,2.6463197794953577,3.3981573375094833,1.0,0.0,-1.0,0.0,48.0,-48.0
0.0375,1,8.95968174306584,-8.03975393740763,-0.9199278056582095,-0.0614003437769361,-1.115091620712407,1.1183605873826166,2.7972488383712584,2.6404957637776043,1.0,0.0,-1.0,0.0,48.0,-48.0
0.0376,1,9.39915082008267,-7.331969776555477,-2.067181043527194,-0.0633113554835241,-1.1602605648418876,1.1636330521617493,2.910520848915925,1.8919233066263454,1.0,0.0,-1.0,0.0,48.0,-48.0
0.0377,1,9.832692008277736,-6.632486577357667,-3.20020543092007,-0.06435637575671407,-1.1906031968802824,1.1940332013334372,2.986597336351976,1.152720429758987,1.0,0.0,-1.0,0.0,48.0,-48.0
0.0378,1,10.260365483057356,-5.941697571502515,-4.318667911554841,-0.06457458535137012,-1.2063082375104919,1.2097517477869966,3.0259535040893404,0.4231538332734204,1.0,0.0,-1.0,0.0,48.0,-48.0
0.0379,1,10.682231556906357,-5.259984405237232,-5.422247151669125,-0.06400640726581042,-1.2075695606083794,1.2109846270848352,3.029077551026015,-0.2965233264237144,1.0,0.0,-1.0,0.0,48.0,-48.0
0.038,2,11.098350695585431,-4.587717128883264,-6.510633566702168,-0.06269253594421664,-1.1945859492889501,1.1979327048807638,2.996469999940316,-1.0060712129723945,0.0,1.0,-1.0,-48.0,48.0,0.0
0.0381,2,10.389685000977153,-3.3657021271710734,-7.02398287380608,-0.06068536774845014,-1.1677994107449639,1.1710407049251725,2.929241412652118,-1.68146153091772,0.0,1.0,-1.0,-48.0,48.0,0.0
0.0382,2,9.690579422683236,-2.1614145814880854,-7.52916484119515,-0.058034596714061436,-1.1276458327497272,1.1307470996833189,2.8284868589636787,-2.347071194353302,0.0,1.0,-1.0,-48.0,48.0,0.0
0.0383,2,9.000889249413227,-0.9750710776258966,-8.02581817178733,-0.054774740251890046,-1.0743218661678364,1.0772503265067361,2.694701153847743,-3.00266930356986,0.0,1.0,-1.0,-48.0,48.0,0.0
0.0384,2,8.320472525357435,0.19312133051281258,-8.513593855870248,-0.05093738293258204,-1.0080288180111896,1.0107533345499737,2.5283905959506288,-3.6480274666940216,0.0,1.0,-1.0,-48.0,48.0,0.0
0.0385,2,7.649189934431055,1.3429651901530022,-8.992155124584057,-0.04655049096754109,-0.9289726161900838,0.9314635133023167,2.330072833980248,-4.282920126817581,0.0,1.0,-1.0,-48.0,48.0,0.0
0.0386,2,6.986904670196263,2.474272723912871,-9.461177394109134,-0.0416377695530124,-0.8373637668317647,0.8395926157137161,2.1002767169892307,-4.907124879066917,0.0,1.0,-1.0,-48.0,48.0,0.0
0.0387,2,6.3334822926857735,3.5868659082939187,-9.920348200979692,-0.036218063626222964,-0.7334173042946857,0.7353566761788869,1.8395421290563345,-5.520422777595501,0.0,1.0,-1.0,-48.0,48.0,0.0
0.0388,2,5.688790573349754,4.6805765556013235,-10.369367128951078,-0.030304802487054257,-0.6173527340076911,0.6189759236436949,1.5484198088705576,-6.12259863247716,0.0,1.0,-1.0,-48.0,48.0,0.0
0.0389,2,5.052699329342235,5.755246398512742,-10.807945727854976,-0.023905488642536735,-0.48939396826520415,0.49067469009744147,1.2274711547238788,-6.713441296470098,0.0,1.0,-1.0,-48.0,48.0,0.0
0.039,3,4.425080248353949,6.810727176529418,-11.235807424883367,-0.017021231133714988,-0.34976925511159523,0.3506813147134693,0.8772680154195107,-7.292743941612343,-1.0,1.0,0.0,-48.0,0.0,48.0
0.0391,3,3.246260048662359,7.287409899715312,-10.533669948377671,-0.009976509572802278,-0.2055170080462364,0.20605164655985106,0.5154625281076245,-7.179092288655936,-1.0,1.0,0.0,-48.0,0.0,48.0
0.0392,3,2.0832685432663114,7.752696544203828,-9.83596508747014,-0.003081338172701679,-0.06355235567841586,0.06371749284909611,0.15939707154813085,-7.063143678366165,-1.0,1.0,0.0,-48.0,0.0,48.0
0.0393,3,0.9358942330963682,8.206821045951132,-9.1427152790475,0.0036888728460885045,0.0760783012338,-0.07627599729393295,-0.19081368679818594,-6.944906031895113,-1.0,1.0,0.0,-48.0,0.0,48.0
0.0394,3,-0.19607208206142523,8.650016049689356,-8.45394396762793,0.010357300538963747,0.21332879765576376,-0.21388383879076248,-0.5350555805998315,-6.824391459905652,-1.0,1.0,0.0,-48.0,0.0,48.0
0.0395,3,-1.3128373008430865,9.082512901041877,-7.7696756001987906,0.016945698069741045,0.34815328800278883,-0.3490612926270462,-0.8732151521160555,-6.701616181794276,-1.0,1.0,0.0,-48.0,0.0,48.0
0.0396,3,-2.4146060173605886,9.504541635745785,-7.089935618385196,0.02347438524416586,0.48050632812755617,-0.48176394634860187,-1.2051798555876876,-6.576600443648355,-1.0,1.0,0.0,-48.0,0.0,48.0
0.0397,3,-3.501580518081071,9.916330966100858,-6.414750448019787,0.029962240906358687,0.610342955544034,-0.6119477930105512,-1.530838256493352,-6.449368434887357,-1.0,1.0,0.0,-48.0,0.0,48.0
0.0398,3,-4.5739607785807985,10.31810826476479,-5.744147486183992,0.03642669734613551,0.7376187678618971,-0.739569308553348,-1.850080226604052,-6.319948203551565,-1.0,1.0,0.0,-48.0,0.0,48.0
0.0399,3,-5.631944460225747,10.710099546014996,-5.078155085789249,0.0428837368511448,0.8622899994044612,-0.8645855275790434,-2.1627971347676316,-6.188371570214647,-1.0,1.0,0.0,-48.0,0.0,48.0
0.04,4,-6.675726906835657,11.09252944459937,-4.416802537763712,0.049347890523841254,0.9843135959827722,-0.986954117501199,-2.4688820333545336,-6.054674040508058,-1.0,0.0,1.0,0.0,-48.0,48.0
0.0401,4,-7.145949168467003,10.346598398478475,-3.2006492300114724,0.055498369498843333,1.0970683388414761,-1.1000366479746533,-2.751728086209216,-5.2603920108155044,-1.0,0.0,1.0,0.0,-48.0,48.0
0.0402,4,-7.609930411622992,9.607186701211225,-1.997256289588233,0.06100117792762025,1.1940602748761586,-1.1973212954063361,-2.9950464209239422,-4.47362106593109,-1.0,0.0,1.0,0.0,-48.0,48.0
0.0403,4,-8.06773969133094,8.874747277393698,-0.8070075860627577,0.0658452568520677,1.2754429422012852,-1.2789610344074926,-3.1992209274835153,-3.6946940869518863,-1.0,0.0,1.0,0.0,-48.0,48.0
0.0404,4,-8.519444795197343,8.149721264950582,0.3697235302467605,0.07001422993541209,1.3413766224289227,-1.345115316102741,-3.3646520550160983,-2.9239405065312223,-1.0,0.0,1.0,0.0,-48.0,48.0
0.0405,4,-8.965112147328455,7.432537888508637,1.5325742588198175,0.07348754931412774,1.3920282385059244,-1.3959500265024152,-3.4917566316254525,-2.161686000093762,-1.0,0.0,1.0,0.0,-48.0,48.0
0.0406,4,-9.404806740571122,6.723614350618806,2.6811923899523156,0.07624160757341349,1.4275712474876705,-1.4316374377512797,-3.5809676689396728,-1.408252183283219,-1.0,0.0,1.0,0.0,-48.0,48.0
0.0407,4,-9.83859209585313,6.023355740375674,3.815236355477456,0.07825081397683879,1.4481855284871343,-1.4523561522753181,-3.632734151687914,-0.663956315623182,-1.0,0.0,1.0,0.0,-48.0,48.0
0.0408,4,-10.26653024737212,5.332154958964882,4.934375288407239,0.07948863312963343,1.4540572660210536,-1.458291039862051,-3.6475208126146383,0.07088898964505685,-1.0,0.0,1.0,0.0,-48.0,48.0
0.0409,4,-10.688681752356768,4.650392661646175,6.038289090710593,0.07992858430867571,1.445378828957521,-1.4496331677239127,-3.625807893039195,0.7959760495996571,-1.0,0.0,1.0,0.0,-48.0,48.0
0.041,5,-11.105105724098173,3.9784372156628924,7.126668508435281,0.07954519974981203,1.422348645250724,-1.426579723608089,-3.5680908893654686,1.5110023896061253,0.0,-1.0,1.0,48.0,-48.0,0.0
0.0411,5,-10.396761393484468,2.7570924101729464,7.639668983311521,0.0783295606318529,1.3854287485386323,-1.3895923849208975,-3.4755267023131693,2.1897816241708954,0.0,-1.0,1.0,48.0,-48.0,0.0
0.0412,5,-9.69798950063849,1.5538290898526326,8.144160410785858,0.07627649198737273,1.3350893976634917,-1.3391412513772663,-3.3492930822550075,2.857740067425946,0.0,-1.0,1.0,48.0,-48.0,0.0
0.0413,5,-9.00863991834275,0.3688580522264448,8.639781866116305,0.0733701527304895,1.2715492693256705,-1.2754442692156909,-3.1899368841671514,3.514647711046554,0.0,-1.0,1.0,48.0,-48.0,0.0
0.0414,5,-8.328564227033596,-0.7976206436291176,9.126184870662714,0.06959885401072056,1.1950313700698902,-1.1987239278314046,-2.998016074958937,4.16029003138535,0.0,-1.0,1.0,48.0,-48.0,0.0
0.0415,5,-7.657615798854387,-1.9454176275404047,9.603033426394791,0.06495571470956216,1.1057627154891259,-1.1092069693826543,-2.7740989674352887,4.794467661636251,0.0,-1.0,1.0,48.0,-48.0,0.0
0.0416,5,-6.995649895637778,-3.074354151256,10.070004046893779,0.05943926957399549,1.0039740172915088,-1.0071241036369316,-2.5187634706467867,5.4169960642036585,0.0,-1.0,1.0,48.0,-48.0,0.0
0.0417,5,-6.34252377948761,-4.184262005067797,10.526785784555408,0.0530540295582209,0.8898993781529998,-0.892709728106405,-2.2325963566120377,6.027705203459249,0.0,-1.0,1.0,48.0,-48.0,0.0
0.0418,5,-5.698096834644626,-5.274983419055197,10.973080253699823,0.045810994091978544,0.7637759942623504,-0.766201653529576,-1.9161925433897187,6.626439219030413,0.0,-1.0,1.0,48.0,-48.0,0.0
0.0419,5,-5.062230699332631,-6.346370949965695,11.408601649298326,0.03772811513835816,0.6258438654508592,-0.6278408347621037,-1.570154394470176,7.2130560997336515,0.0,-1.0,1.0,48.0,-48.0,0.0
0.042,0,-4.434789406302401,-7.398287354725391,11.833076761027792,0.028830713047127546,0.4763455127895674,-0.47787110714522163,-1.1950910344528296,7.787427358231817,1.0,-1.0,0.0,48.0,0.0,-48.0
0.0421,0,-3.256093548660754,-7.871134612257135,11.12722816091789,0.01956681633242549,0.3223570561754614,-0.32339223387490407,-0.8087567782330163,7.665452093193627,1.0,-1.0,0.0,48.0,0.0,-48.0
0.0422,0,-2.093170744639666,-8.332325323695356,10.425496068335022,0.010387619175654261,0.1708296997055946,-0.17137918455233248,-0.4285931905617648,7.540634754299006,1.0,-1.0,0.0,48.0,0.0,-48.0
0.0423,0,-0.9458094143692328,-8.78210355699705,9.727912971366283,0.0013275579426145967,0.02181729843237277,-0.02188752018903025,-0.05473729161791119,7.413177936490788,1.0,-1.0,0.0,48.0,0.0,-48.0
0.0424,0,0.1861983506438456,-9.220711511012304,9.034513160368459,-0.007580797981412325,-0.12463024468785304,0.12503124496745963,0.31268391587896716,7.283279734574342,1.0,-1.0,0.0,48.0,0.0,-48.0
0.0425,0,1.3030568822090451,-9.64838942499503,8.345332542785984,-0.016306766249201552,-0.2684668890017401,0.26932955280301846,0.6735532204394784,7.151133695740278,1.0,-1.0,0.0,48.0,0.0,-48.0
0.0426,0,2.4049670292278886,-10.065375492696205,7.6604084634683165,-0.024821563995754657,-0.4096503655747957,0.4109637097432569,1.0277629734097173,7.016928780355618,1.0,-1.0,0.0,48.0,0.0,-48.0
0.0427,0,3.4921262503894717,-10.471905780917394,6.979779530527923,-0.03309831303693603,-0.5481420859636976,0.5498937943708617,1.375214858816486,6.880849330718492,1.0,-1.0,0.0,48.0,0.0,-48.0
0.0428,0,4.564728705633373,-10.86821415240295,6.303485446769578,-0.04111203819934951,-0.6839070504886898,0.6860835644206659,1.7158196618426798,6.743075047468457,1.0,-1.0,0.0,48.0,0.0,-48.0
0.0429,0,5.622965346241777,-11.254532192951396,5.631566846709619,-0.04883965916494486,-0.8169137561458165,0.8195003633119979,2.049497036308492,6.603780973342339,1.0,-1.0,0.0,48.0,0.0,-48.0
0.043,0,6.66702400342913,-11.631089142625678,4.964065139196547,-0.056259976218349314,-0.9471341042938539,0.9501150263698956,2.37617527151718,6.4631374839645215,1.0,-1.0,0.0,48.0,0.0,-48.0
0.0431,1,7.137537071847955,-10.87908858611926,3.7415515142713036,-0.06296802715003415,-1.0679854314682982,1.071323463956491,2.679338861802743,5.664712155196631,1.0,0.0,-1.0,0.0,48.0,-48.0
0.0432,1,7.601813152510877,-10.133411452056508,2.5315982995456316,-0.06858551601865234,-1.1730072482761356,1.1766450989752264,2.942779997250555,4.874296940450982,1.0,0.0,-1.0,0.0,48.0,-48.0
0.0433,1,8.059911077341608,-9.394510784930986,1.3345997075893776,-0.0731383295548745,-1.2623622086463737,1.266243874145321,3.166907706850656,4.092230293670001,1.0,0.0,-1.0,0.0,48.0,-48.0
0.0434,1,8.511889579981403,-8.662828004300803,0.15093842431939858,-0.07665895401507018,-1.336219410683997,1.3402905065366268,3.3521475723136187,3.318835903271067,1.0,0.0,-1.0,0.0,48.0,-48.0
0.0435,1,8.957807440414594,-7.938792908199729,-1.0190145322148658,-0.07918527462815965,-1.3947541319413277,1.398962166150067,3.4989409948818513,2.55442289677102,1.0,0.0,-1.0,0.0,48.0,-48.0
0.0436,1,9.397723599422585,-7.222823672558031,-2.1748999268645552,-0.08075941339123717,-1.4381475681649685,1.4424421593945225,3.6077444725349377,1.7992860518019913,1.0,0.0,-1.0,0.0,48.0,-48.0
0.0437,1,9.831697244223122,-6.515326847029003,-3.316370397194118,-0.08142660754994357,-1.4665865756538676,1.4709196175786607,3.679028887890255,1.0537060127918283,1.0,0.0,-1.0,0.0,48.0,-48.0
0.0438,1,10.259787866675696,-5.816697347610465,-4.443090519065231,-0.08123413077947761,-1.4802634173282783,1.484589190536827,3.713278807064333,0.31794951259247406,1.0,0.0,-1.0,0.0,48.0,-48.0
0.0439,1,10.682055295458087,-5.127318446465417,-5.554736848992669,-0.08023025877795421,-1.479375512576485,1.48365074550703,3.7109917897250164,-0.40773040162609364,1.0,0.0,-1.0,0.0,48.0,-48.0
0.044,2,11.098559703637108,-4.447561759356138,-6.650997944280969,-0.07846328069695016,-1.4641251909172857,1.4683090713769418,3.67267771053143,-1.1230941388605826,0.0,1.0,-1.0,-48.0,48.0,0.0
0.0441,2,10.390263086535551,-3.2182351195293704,-7.172027967006181,-0.07599338927130263,-1.4349627072174147,1.4390175309527367,3.599468277938795,-1.8036602640952404,0.0,1.0,-1.0,-48.0,48.0,0.0
0.0442,2,9.69151047285547,-2.0068149011999137,-7.684695571655556,-0.07287753807163438,-1.3923307028175016,1.3962217178364134,3.492475936609749,-2.4743713143920454,0.0,1.0,-1.0,-48.0,48.0,0.0
0.0443,2,9.00215738981396,-0.8135188325165517,-8.188638557297407,-0.06915662408830857,-1.3364271817980782,1.3401217479752237,3.352199296943518,-3.134993423701318,0.0,1.0,-1.0,-48.0,48.0,0.0
0.0444,2,8.322062266035044,0.3614448852226524,-8.683507151257697,-0.06486832730794445,-1.2674548687040699,1.2709223017140296,3.1791485998322324,-3.7852952940782973,0.0,1.0,-1.0,-48.0,48.0,0.0
0.0445,2,7.651086306927807,1.517877652342934,-9.16896395927074,-0.06004641514144225,-1.185621172579926,1.188832550641478,2.973845579981911,-4.4250485249446445,0.0,1.0,-1.0,-48.0,48.0,0.0
0.0446,2,6.989093355626164,2.6555905505944843,-9.644683906220648,-0.05472009062584936,-1.0911381435360938,1.0940660789857393,2.7368233130240096,-5.054027932198627,0.0,1.0,-1.0,-48.0,48.0,0.0
0.0447,2,6.335949740739377,3.7744044271642174,-10.110354167903594,-0.048913384943752636,-0.9842224219689598,0.9868407998321251,2.4686260469254373,-5.672011857172934,0.0,1.0,-1.0,-48.0,48.0,0.0
0.0448,2,5.691524112155482,4.874149982095138,-10.56567409425062,-0.04264459471008929,-0.865095180557889,0.8673788664334866,2.169809018204309,-6.278782465437399,0.0,1.0,-1.0,-48.0,48.0,0.0
0.0449,2,5.055687266137081,5.954667858318011,-11.010355124455092,-0.03592576438206839,-0.7339820591661782,0.7359065788826948,1.840938253459969,-6.874126035432534,0.0,1.0,-1.0,-48.0,48.0,0.0
0.045,3,4.428311960938435,7.0158087335178205,-11.444120694456256,-0.0287622140522686,-0.5911130927758635,0.5926542864139421,1.4825903567258447,-7.457833236910073,-1.0,1.0,0.0,-48.0,0.0,48.0
0.0451,3,3.2497260615536963,7.497962590698069,-10.747688652251766,-0.02148130299780937,-0.4435283916860925,0.44467968879603953,1.1124219081245423,-7.348512668098006,-1.0,1.0,0.0,-48.0,0.0,48.0
0.0452,3,2.0869605318400817,7.968530434710856,-10.055490966550938,-0.014391882445213878,-0.2981443101720795,0.2989157641063539,0.7477782887429149,-7.236840314008807,-1.0,1.0,0.0,-48.0,0.0,48.0
0.0453,3,0.9398049629246188,8.427745305433568,-9.367550268358187,-0.007467231137646468,-0.1550084393632297,0.15540874522428602,0.38877701507167567,-7.122819800828362,-1.0,1.0,0.0,-48.0,0.0,48.0
0.0454,3,-0.19194882136720182,8.875839030622448,-8.683890209255246,-0.0006820065403588803,-0.01416822176935615,0.01420478425972666,0.035535315642264094,-7.006459007919465,-1.0,1.0,0.0,-48.0,0.0,48.0
0.0455,3,-1.3085067616851358,9.313042220308008,-8.004535458622872,0.005987740469300271,0.12432913395898663,-0.12465013057640065,-0.3118300796980986,-6.887769990256471,-1.0,1.0,0.0,-48.0,0.0,48.0
0.0456,3,-2.410072560017661,9.739584258175384,-7.329511698157723,0.012564552416488808,0.2604367365907301,-0.26111025664568716,-0.6532031466015373,-6.766768899586448,-1.0,1.0,0.0,-48.0,0.0,48.0
0.0457,3,-3.4968476762885423,10.155693290045711,-6.658845613757169,0.019069553728283197,0.3941080941709634,-0.3951301770736616,-0.9884687690592767,-6.643475904253268,-1.0,1.0,0.0,-48.0,0.0,48.0
0.0458,3,-4.56903132473573,10.561596209576406,-5.992564884840676,0.025522441084261358,0.5252971941486007,-0.5266648794322994,-1.317512938198467,-6.51791510763481,-1.0,1.0,0.0,-48.0,0.0,48.0
0.0459,3,-5.626820470120873,10.957518641298192,-5.3306981711773185,0.0319414757706892,0.6539585817477398,-0.6556698328856497,-1.6402229469650693,-6.390114465157696,-1.0,1.0,0.0,-48.0,0.0,48.0
0.046,4,-6.670409823824508,11.343684921109249,-4.6732750972847406,0.03834347817684928,0.7800474365549295,-0.7821010637707138,-1.9564875806216497,-6.260105699866293,-1.0,0.0,1.0,0.0,-48.0,48.0
0.0461,4,-7.14043992217673,10.601295335502439,-3.460855413325708,0.04441704026674778,0.896938147841355,-0.8993162362981504,-2.249689609322336,-5.469177796393678,-1.0,0.0,1.0,0.0,-48.0,48.0
0.0462,4,-7.604229734230548,9.86523036437075,-2.2610006301402032,0.04984037172676851,0.9981317448495829,-1.000799137032445,-2.5035283755734707,-4.685630709925436,-1.0,0.0,1.0,0.0,-48.0,48.0
0.0463,4,-8.061848320415736,9.135943332106764,-1.0740950116910284,0.05460869709778666,1.0837789898531793,-1.0867002883655976,-2.7183812202037543,-3.9097959045599673,-1.0,0.0,1.0,0.0,-48.0,48.0
0.0464,4,-8.513363619894164,8.413875936022555,0.09948768387160953,0.058711585857672534,1.1540373710828975,-1.1571766519490976,-2.894641974384694,-3.1420014779958043,-1.0,0.0,1.0,0.0,-48.0,48.0
0.0465,4,-8.95884234429333,7.699458114384569,1.259384229908761,0.06213409006265082,1.2090710025251974,-1.2123915884114667,-3.0327207835743257,-2.382571853102409,-1.0,0.0,1.0,0.0,-48.0,48.0
0.0466,4,-9.398349899710375,6.993107932218013,2.4052419674923615,0.06485784896495843,1.2490505185793248,-1.2525148100340828,-3.133043916193497,-1.6318274756629356,-1.0,0.0,1.0,0.0,-48.0,48.0
0.0467,4,-9.831950335788596,6.295231484441603,3.5367188513469934,0.0668621587486687,1.2741529638115459,-1.277722326404738,-3.1960535573439044,-0.8900845182963952,-1.0,0.0,1.0,0.0,-48.0,48.0
0.0468,4,-10.259706320638415,5.606222815874088,4.653483504764328,0.06812500557247339,1.2845616780289255,-1.2881963830823884,-3.2222075878765013,-0.15765459054785835,-1.0,0.0,1.0,0.0,-48.0,48.0
0.0469,4,-10.68167914034785,4.926463857633965,5.755215282713885,0.06862406016084531,1.2804661768784948,-1.2841253933205226,-3.211979349118063,0.565155544878928,-1.0,0.0,1.0,0.0,-48.0,48.0
0.047,5,-11.097928721803521,4.25632437943309,6.841604342370432,0.0683376322424613,1.2620620281604824,-1.265703862910488,-3.1658573935622503,1.2780442497816165,0.0,-1.0,1.0,48.0,-48.0,0.0
0.0471,5,-10.389415176656335,3.0366097871155993,7.352805389540737,0.06725926600409973,1.2298000926198018,-1.2333824054392424,-3.084970769222566,1.955669175156425,0.0,-1.0,1.0,48.0,-48.0,0.0
0.0472,5,-9.6904801589511,1.8347930386897557,7.855687120261345,0.06538571475550363,1.1841387902962741,-1.1876193628924565,-2.97046767070171,2.622662946958059,0.0,-1.0,1.0,48.0,-48.0,0.0
0.0473,5,-9.00097449812625,0.6510872694412618,8.349887228684988,0.06270355886699497,1.1252929980957518,-1.1286289882327702,-2.8228855655670118,3.278791771270898,0.0,-1.0,1.0,48.0,-48.0,0.0
0.0474,5,-8.320750771678517,-0.5143049991254992,8.835055770804017,0.05920317167667833,1.053482007708519,-1.0566301444453716,-2.6427732235393595,3.9238373018126342,0.0,-1.0,1.0,48.0,-48.0,0.0
0.0475,5,-7.649663380135854,-1.661191818366621,9.310855198502475,0.0548793794307627,0.968929205038893,-0.9718460152575851,-2.430689952221101,4.557596315533904,0.0,-1.0,1.0,48.0,-48.0,0.0
0.0476,5,-6.9875686362087475,-2.7893917539842037,9.77696039019295,0.04973207483260387,0.8718617573919186,-0.8745038210657161,-2.1872048490444693,5.179880388240044,0.0,-1.0,1.0,48.0,-48.0,0.0
0.0477,5,-6.334324866809919,-3.8987338109437766,10.233058677753695,0.04376678373310499,0.7625103083537986,-0.7648345401138248,-1.9128960694341115,5.790515570428944,0.0,-1.0,1.0,48.0,-48.0,0.0
0.0478,5,-5.689792526644046,-4.98905734283583,10.678849869479876,0.0369951846440833,0.6411086802865968,-0.6430726349762854,-1.6083501111689489,6.38934206350328,0.0,-1.0,1.0,48.0,-48.0,0.0
0.0479,5,-5.053834322082696,-6.060211946681556,11.114046268764252,0.029435580902340365,0.5078935843443093,-0.5094557844019595,-1.2741611149215692,6.976213896482865,0.0,-1.0,1.0,48.0,-48.0,0.0
0.048,0,-4.426315344055022,-7.112057344171431,11.538372688226453,0.021113325456412053,0.36310433790671837,-0.364224620582293,-0.9109301809471204,7.550998603313803,1.0,-1.0,0.0,48.0,0.0,-48.0
0.0481,0,-3.2475570915750493,-7.584992414193905,10.832549505768954,0.012459188021942015,0.21380885240300457,-0.2144698487877143,-0.5363900078773722,7.430145312063788,1.0,-1.0,0.0,48.0,0.0,-48.0
0.0482,0,-2.084587511593943,-8.046426614900357,10.1310141264943,0.003905447920302554,0.06695005841508503,-0.06715723953415823,-0.16796028752490097,7.306613607083124,1.0,-1.0,0.0,48.0,0.0,-48.0
0.0483,0,-0.9371951553939155,-8.49660083321085,9.433795988604766,-0.004516092781005098,-0.07742133627470037,0.0776609122948913,0.19422998948971587,7.180599953275301,1.0,-1.0,0.0,48.0,0.0,-48.0
0.0484,0,0.19482781809544392,-8.935754051071298,8.740926232975854,-0.012775427178502262,-0.21925845622446138,0.21993623463948805,0.5500615447338504,7.052296365593316,1.0,-1.0,0.0,48.0,0.0,-48.0
0.0485,0,1.3116857343422073,-9.364123258802676,8.05243752446047,-0.020844358461606257,-0.3585181695511599,0.3596241886956589,0.8994245883843589,6.921890367153115,1.0,-1.0,0.0,48.0,0.0,-48.0
0.0486,0,2.413579494261838,-9.78194337288551,7.368363878623671,-0.02869650775797399,-0.4951609984629543,0.4966839784986443,1.2422185937551078,6.7895649553187365,1.0,-1.0,0.0,48.0,0.0,-48.0
0.0487,0,3.5007066641243263,-10.189447158062784,6.688740493938457,-0.03630731525402546,-0.6291510292493926,0.6310784598242541,1.5783520703220217,6.655498575452089,1.0,-1.0,0.0,48.0,0.0,-48.0
0.0488,0,4.5732615641779635,-10.586865153643732,6.0136035894657685,-0.043654034956369686,-0.7604558218685493,0.7627740485677318,1.9077423356204632,6.519865102019301,1.0,-1.0,0.0,48.0,0.0,-48.0
0.0489,0,5.631435355863768,-10.9744256038931,5.342990248029331,-0.05071572346484524,-0.8890463192662831,0.8917406287527396,2.2303152863756233,6.382833826743798,1.0,-1.0,0.0,48.0,0.0,-48.0
0.049,1,6.675416127502677,-11.35235439239083,4.676938264888152,-0.05747322313084038,-1.014896756557885,1.017951460315474,2.546005169210277,6.244569453496292,1.0,0.0,-1.0,0.0,48.0,-48.0
0.0491,1,7.145836718658399,-10.601851881678773,3.456015163020374,-0.06354154875605705,-1.1314198833569973,1.1347988489329317,2.83828620890634,5.447995507797727,1.0,0.0,-1.0,0.0,48.0,-48.0
0.0492,1,7.610006794828549,-9.857796354868416,2.247789560039867,-0.06856285257047046,-1.2321504494272224,1.2357984724946498,3.0909399335766707,4.659533879456569,1.0,0.0,-1.0,0.0,48.0,-48.0
0.0493,1,8.067986440422809,-9.12063835026872,1.052651909845911,-0.07256541819338394,-1.31725304760432,1.3211163404002306,3.304380389173209,3.8795192992350898,1.0,0.0,-1.0,0.0,48.0,-48.0
0.0494,1,8.51983567759098,-8.390816773045488,-0.12901890454549036,-0.0755837641112336,-1.3868986478115044,1.3909251549614918,3.4790379889853567,3.108271763886447,1.0,0.0,-1.0,0.0,48.0,-48.0
0.0495,1,8.965614601802299,-7.668758897035294,-1.2968557047670048,-0.07765745374884764,-1.4412643331245918,1.4454039905965457,3.6153587820974766,2.3460967435548374,1.0,0.0,-1.0,0.0,48.0,-48.0
0.0496,1,9.405383487639934,-6.954880362712338,-2.4505031249275966,-0.07882994461169751,-1.4805330393622964,1.484737977976479,3.713803732372034,1.5932853952720456,1.0,0.0,-1.0,0.0,48.0,-48.0
0.0497,1,9.839202866168819,-6.249585171687811,-3.5896176944810083,-0.0791474787321746,-1.5048932983205268,1.5091179932445893,3.7748480082447866,0.8501147818257089,1.0,0.0,-1.0,0.0,48.0,-48.0
0.0498,1,10.267133575265,-5.55326567813633,-4.713867897128669,-0.07865801633949707,-1.5145389847355717,1.5187403524278855,3.7989802835830386,0.11684809530154716,1.0,0.0,-1.0,0.0,48.0,-48.0
0.0499,1,10.689236784318851,-4.86630257755479,-5.82293420676406,-0.07741021437579837,-1.509669067030491,1.5138065111590082,3.7867020498239667,-0.6062651153658236,1.0,0.0,-1.0,0.0,48.0,-48.0
0.05,2,11.105573994739066,-4.189064893270977,-6.916509101468089,-0.0754524512014714,-1.4904873618721561,1.4945227698237078,3.7385269395776053,-1.3189887134566858,0.0,1.0,-1.0,-48.0,48.0,0.0
0.0501,2,10.39710849992333,-2.9623580030259724,-7.434750496897359,-0.07284333040796885,-1.4574319927483286,1.461330296365003,3.655556196792666,-1.9982050434905356,0.0,1.0,-1.0,-48.0,48.0,0.0
0.0502,2,9.698186557646272,-1.7536564161526609,-7.944530141493611,-0.06963802925272887,-1.4109335502690756,1.4146625589868251,3.538871989431613,-2.667488197965267,0.0,1.0,-1.0,-48.0,48.0,0.0
0.0503,2,9.008664885230392,-0.5631761141032579,-8.445488771127135,-0.0658768576273339,-1.3511915991940235,1.3547212199425787,3.3889768210467004,-3.3266047973040935,0.0,1.0,-1.0,-48.0,48.0,0.0
0.0504,2,8.328403068510926,0.608876487344367,-8.937279555855293,-0.06159666977183323,-1.2784104215606034,1.2817124884652302,3.2063847996670995,-3.975324097522588,0.0,1.0,-1.0,-48.0,48.0,0.0
0.0505,2,7.6572634320435355,1.7623046147572605,-9.419568046800796,-0.05683017836440358,-1.192798979316594,1.1958470463674133,2.991621497776117,-4.6134183182721955,0.0,1.0,-1.0,-48.0,48.0,0.0
0.0506,2,6.995110895175028,2.8969212185595112,-9.892032113734539,-0.051605312666098385,-1.0945708694677776,1.0973399682488414,2.7452237961389225,-5.240662960773712,0.0,1.0,-1.0,-48.0,48.0,0.0
0.0507,2,6.3418128152280655,4.012549058568288,-10.354361873796353,-0.04594462124965432,-0.9839442718647395,0.9864106365807239,2.4677397119862845,-5.856837115642018,0.0,1.0,-1.0,-48.0,48.0,0.0
0.0508,2,5.697238819046887,5.109020792747796,-10.806259611794683,-0.03986471974906373,-0.8611418897554216,0.8632826519351136,2.1597282120600467,-6.461723760597331,0.0,1.0,-1.0,-48.0,48.0,0.0
0.0509,2,5.061260624143151,6.186179068390277,-11.247439692533428,-0.03337578397340818,-0.7263908832332053,0.728183738624458,1.821759011025855,-7.0551100480496025,0.0,1.0,-1.0,-48.0,48.0,0.0
0.051,2,4.4337518506752485,7.243876614942339,-11.677628465617587,-0.026481088633359066,-0.5799227957146241,0.5813456460144871,1.4544123557607456,-7.63678758252653,0.0,1.0,-1.0,-48.0,48.0,0.0
0.0511,3,3.2550409976999894,7.722505517798657,-10.977546515498647,-0.019485170039348965,-0.42877292103021947,0.429820077474963,1.0753312887012692,-7.526049185655804,-1.0,1.0,0.0,-48.0,0.0,48.0
0.0512,3,2.0921589490701855,8.189468941623572,-10.281627890693757,-0.012674580651849853,-0.27985293486041063,0.28053417420512267,0.7018480250535413,-7.412875664929388,-1.0,1.0,0.0,-48.0,0.0,48.0
0.0513,3,0.9448950182890989,8.645002134104733,-9.589897152393831,-0.006021253260235411,-0.13321213465462423,0.13353579326028184,0.3340842514602015,-7.297270534187916,-1.0,1.0,0.0,-48.0,0.0,48.0
0.0514,3,-0.18695927637825882,9.089339174950728,-8.90237989857247,0.0005014468263617475,0.011100331328176566,-0.011127286071967871,-0.027838630260416962,-7.179241659646513,-1.0,1.0,0.0,-48.0,0.0,48.0
0.0515,3,-1.303610207366411,9.522712969044541,-8.21910276167813,0.006918704928276834,0.15303555128881607,-0.1534074473120403,-0.3837997187835534,-7.058801181688379,-1.0,1.0,0.0,-48.0,0.0,48.0
0.0516,3,-2.4052618329448725,9.945355236494954,-7.540093403550082,0.013254241746475104,0.2925449354617723,-0.2932573203619234,-0.7336788250027114,-6.935965435273806,-1.0,1.0,0.0,-48.0,0.0,48.0
0.0517,3,-3.4921159920614535,10.357496499714484,-6.865380507653031,0.01953029990595524,0.42958029996737906,-0.4306298635835612,-1.0773566797387633,-6.810754868913207,-1.0,1.0,0.0,-48.0,0.0,48.0
0.0518,3,-4.564372298945859,10.759366067644823,-6.194993768698964,0.025767632467131586,0.5640939489149678,-0.565478444353282,-1.4147151373609874,-6.683193962154304,-1.0,1.0,0.0,-48.0,0.0,48.0
0.0519,3,-5.622228137526534,11.151192017251269,-5.528963879724735,0.031985493566257114,0.6960387547277983,-0.69775691806256,-1.7456373752445467,-6.553311141548289,-1.0,1.0,0.0,-48.0,0.0,48.0
0.052,4,-6.66587865571648,11.533201172408612,-4.8673225166921315,0.038201631331263405,0.8253682366596057,-0.8274197055350806,-2.0700080889875454,-6.421138695073195,-1.0,0.0,1.0,0.0,-48.0,48.0
0.0521,4,-7.135964989542549,10.786596491813919,-3.65063150227137,0.044123889174007,0.94544813901162,-0.9478168170872774,-2.3711896310774634,-5.6273150013247735,-1.0,0.0,1.0,0.0,-48.0,48.0
0.0522,4,-7.599807294611362,10.046261746048105,-2.4464544514367423,0.04944853404641053,1.0497711434951758,-1.052424614298966,-2.6328615851044224,-4.840810966215234,-1.0,0.0,1.0,0.0,-48.0,48.0
0.0523,4,-8.057475928180722,9.312653688483008,-1.2551777603022871,0.05416969731905445,1.1384868403037784,-1.1413923848048657,-2.85539827714679,-4.061959787001872,-1.0,0.0,1.0,0.0,-48.0,48.0
0.0524,4,-8.509040079615605,8.586217425840674,-0.07717734622506944,0.058275623797446406,1.2117515878842824,-1.214875883339216,-3.0391906112347318,-3.291091332284158,-1.0,0.0,1.0,0.0,-48.0,48.0
0.0525,4,-8.954567659319874,7.867386282538408,1.0871813767814666,0.061749820162363245,1.269728412904122,-1.2730372927212998,-3.1846458951373857,-2.528531831855095,-1.0,0.0,1.0,0.0,-48.0,48.0
0.0526,4,-9.39412521627326,7.1565816829617575,2.237543533311502,0.06457217072222302,1.3125869050351862,-1.3160451777736442,-3.2921876507997268,-1.7746035728330185,-1.0,0.0,1.0,0.0,-48.0,48.0
0.0527,4,-9.827777882976937,6.454213051231836,3.373564831745101,0.06672001858820963,1.3405031067956787,-1.3440744321928288,-3.3622554097431747,-1.029624602086793,-1.0,0.0,1.0,0.0,-48.0,48.0
0.0528,4,-10.255589346583356,5.76067772800867,4.494911618574688,0.06816921043317234,1.3536593986767707,-1.357306218406553,-3.395304493744672,-0.29390843494085606,-1.0,0.0,1.0,0.0,-48.0,48.0
0.0529,4,-10.677621844956253,5.076360903854825,5.601260941101427,0.06889510305093671,1.352244379765082,-1.355927900463578,-3.3918057811074154,0.4322362298668978,-1.0,0.0,1.0,0.0,-48.0,48.0
0.053,5,-11.093936186383033,4.4016355686616455,6.692300617721386,0.0688735299926828,1.3364527440557754,-1.3401329700165128,-3.3522454588350032,1.1485057890142425,0.0,-1.0,1.0,48.0,-48.0,0.0
0.0531,5,-10.385493280689843,3.1773104404000136,7.20818284028983,0.06809415108188975,1.3067227131751484,-1.310359189396987,-3.2777206493371924,1.8307344935197243,0.0,-1.0,1.0,48.0,-48.0,0.0
0.0532,5,-9.686635464915025,1.9708622660371176,7.7157731988779075,0.06654973689514268,1.2635007344827036,-1.2670527126640472,-3.1693492872731226,2.502327059586876,0.0,-1.0,1.0,48.0,-48.0,0.0
0.0533,5,-8.997214165916086,0.7825080174356879,8.214706148480397,0.06422405169742594,1.2070018941647112,-1.2104278494761282,-3.0276691729481158,3.163046369606851,0.0,-1.0,1.0,48.0,-48.0,0.0
0.0534,5,-8.317082481948027,-0.38754603945935573,8.704628521407383,0.06110456074267622,1.1374457596886063,-1.1407035835657116,-2.8532295725991927,3.812670849704896,0.0,-1.0,1.0,48.0,-48.0,0.0
0.0535,5,-7.646095256685632,-1.539104305693927,9.185199562379559,0.0571831052101935,1.055056056783763,-1.0581032820568033,-2.6465904493422276,4.450994144365188,0.0,-1.0,1.0,48.0,-48.0,0.0
0.0536,5,-6.984109167794609,-2.671981792512283,9.656090960306893,0.052456530469187225,0.9600603542411846,-0.9628544099727732,-2.4083217103889267,5.077824791049492,0.0,-1.0,1.0,48.0,-48.0,0.0
0.0537,5,-6.330982828730208,-3.786004047730125,10.116986876460333,0.04692726718370997,0.8526897564737244,-0.8551882499769693,-2.1390024705287733,5.692985895017042,0.0,-1.0,1.0,48.0,-48.0,0.0
0.0538,5,-5.686576902450341,-4.881007066296917,10.567583968747257,0.04060386491999506,0.7331786037610214,-0.7353396273955092,-1.8392203318610423,6.296314804518916,0.0,-1.0,1.0,48.0,-48.0,0.0
0.0539,5,-5.050754225745728,-5.956837186054611,11.00759141180034,0.03350147806475264,0.6017641800891868,-0.603546640578311,-1.5095706797550663,6.887662786503638,0.0,-1.0,1.0,48.0,-48.0,0.0
0.054,0,-4.423379942903929,-7.013350969690397,11.436730912594326,0.02564230400725933,0.458686428483445,-0.4600503966592145,-1.1506559950099662,7.4668947029412145,1.0,-1.0,0.0,48.0,0.0,-48.0
0.0541,0,-3.244775407987639,-7.4909442394360095,10.735719647423648,0.017438772237697398,0.31100925215173114,-0.3119366883856991,-0.7801978126531544,7.350959726317455,1.0,-1.0,0.0,48.0,0.0,-48.0
0.0542,0,-2.081967884481508,-7.957023499525314,10.038991384006822,0.00930669214618289,0.1656719280166312,-0.16616682459040327,-0.41560566922534375,7.232285797670846,1.0,-1.0,0.0,48.0,0.0,-48.0
0.0543,0,-0.9347451150718289,-8.411826771881517,9.346571886953345,0.0012775971449710982,0.02272639928470285,-0.022794334294681945,-0.057011649983663884,7.111066700200429,1.0,-1.0,0.0,48.0,0.0,-48.0
0.0544,0,0.19710154399840185,-8.855590258963714,8.658488714965312,-0.006618672913932938,-0.11777917293301701,0.11813112253404019,0.29546174196808755,6.987491928664087,1.0,-1.0,0.0,48.0,0.0,-48.0
0.0545,0,1.3137772126939549,-9.288548256538174,7.974771043844219,-0.014353990754010977,-0.25580032390638363,0.2565636687241358,0.6417013700977234,6.861746644318098,1.0,-1.0,0.0,48.0,0.0,-48.0
0.0546,0,2.415483576086923,-9.710933070832,7.295449494745077,-0.021901953753466253,-0.3912961988326624,0.39246112272035716,0.9816032468071955,6.734011637713039,1.0,-1.0,0.0,48.0,0.0,-48.0
0.0547,0,3.5024189722452146,-10.122974939956924,6.620555967711709,-0.029237889422641307,-0.5242294657853434,0.5257849106485551,1.3150723141253922,6.604463299049183,1.0,-1.0,0.0,48.0,0.0,-48.0
0.0548,0,4.574778478971179,-10.524901959490103,5.950123480518924,-0.036338854621573304,-0.6545662282018527,0.6564999777824826,1.6420222231014716,6.473273595793069,1.0,-1.0,0.0,48.0,0.0,-48.0
0.0549,0,5.632753999261974,-10.916940012099722,5.284186012837749,-0.04318362886543683,-0.7822759370424665,0.7845746995635831,1.9623751122540987,6.340610057256166,1.0,-1.0,0.0,48.0,0.0,-48.0
0.055,1,6.6765343453757415,-11.29931270110475,4.622778355729008,-0.04975270206952406,-0.9073313027485863,0.9099807923179495,2.2760613854177545,6.2066357658355935,1.0,0.0,-1.0,0.0,48.0,-48.0
0.0551,1,7.146753151651705,-10.55321828160803,3.4064651299563256,-0.05567180431567824,-1.023139216538316,1.0261052395045922,2.5665412601910886,5.413873829035738,1.0,0.0,-1.0,0.0,48.0,-48.0
0.0552,1,7.610721193237756,-9.81353335835505,2.2028121651172934,-0.06059189739547041,-1.123228947286461,1.126458685152601,2.8175830930024777,4.629170878107702,1.0,0.0,-1.0,0.0,48.0,-48.0
0.0553,1,8.068499665703984,-9.080706908209375,1.0122072425053912,-0.06453795912817238,-1.2077640860534555,1.211205981481383,3.029598228499863,3.852860268690824,1.0,0.0,-1.0,0.0,48.0,-48.0
0.0554,1,8.520149607865287,-8.355176294593631,-0.16497331327165468,-0.06754115984366739,-1.2769145750472808,1.280518646271711,3.2030143120075296,3.0852607059142425,1.0,0.0,-1.0,0.0,48.0,-48.0
0.0555,1,8.965732037815162,-7.637367269523384,-1.3283647682917772,-0.06963768734313791,-1.3308564453321594,1.3345745437880396,3.3382745621116197,2.326676449890983,1.0,0.0,-1.0,0.0,48.0,-48.0
0.0556,1,9.40530805950802,-6.927693971904297,-2.4776140876037225,-0.07086761022717303,-1.3697715579834355,1.3735575706405165,3.435837053672922,1.5773975272059986,1.0,0.0,-1.0,0.0,48.0,-48.0
0.0557,1,9.838938941229099,-6.2265589224621865,-3.6123800187669124,-0.07127378180768604,-1.3938473488060308,1.3976573467050797,3.496174011549481,0.8376999476990958,1.0,0.0,-1.0,0.0,48.0,-48.0
0.0558,1,10.266686167319154,-5.534353015693909,-4.732333151625245,-0.07090078651401001,-1.4032765767014836,1.4070689112189811,3.519771115276548,0.10784592587134689,1.0,0.0,-1.0,0.0,48.0,-48.0
0.0559,1,10.688611464545932,-4.851455509236647,-5.837155955309286,-0.06979393041298902,-1.3982570757398882,1.4019924241673987,3.507126814919049,-0.6119158937277718,1.0,0.0,-1.0,0.0,48.0,-48.0
0.056,2,11.104776804529795,-4.178234011064319,-6.926542793465475,-0.06799827718896276,-1.37899151096744,1.3826328730734645,3.4587516582802253,-1.321350207736725,0.0,1.0,-1.0,-48.0,48.0,0.0
0.0561,2,10.396145861246284,-2.9554925734706683,-7.440653287775616,-0.06556859281068123,-1.3459110020383511,1.349424231491448,3.375729108596431,-1.997917579101848,0.0,1.0,-1.0,-48.0,48.0,0.0
0.0562,2,9.69706517355127,-1.7507046576639302,-7.9463605158873385,-0.06255639845500084,-1.2994398164931138,1.3027934613047656,3.2591252672001483,-2.664563017082525,0.0,1.0,-1.0,-48.0,48.0,0.0
0.0563,2,9.007391659489139,-0.5640852523453037,-8.443306407143835,-0.05899903687161334,-1.2397773545758164,1.2429419110412954,3.109442039681543,-3.3210545751119884,0.0,1.0,-1.0,-48.0,48.0,0.0
0.0564,2,8.326985032687597,0.6041602322288285,-8.931145264916426,-0.05493045653908147,-1.1671277046544508,1.170075448464713,2.9271928646366177,-3.967162934826483,0.0,1.0,-1.0,-48.0,48.0,0.0
0.0565,2,7.655707675087414,1.7538360389862442,-9.409543714073658,-0.050380532769732624,-1.081699605761511,1.0844043865706887,2.7129025740454535,-4.602661732851046,0.0,1.0,-1.0,-48.0,48.0,0.0
0.0566,2,6.993424495667522,2.884756143567253,-9.878180639234776,-0.045374432552795864,-0.9837064026640451,0.9861434042234166,2.4671072375628293,-5.227327877523475,0.0,1.0,-1.0,-48.0,48.0,0.0
0.0567,2,6.340002776405837,3.9967443378324594,-10.336747114238296,-0.039932023662839836,-0.8733659935903272,0.8755114616978046,2.190353991224076,-5.8409418555514145,0.0,1.0,-1.0,-48.0,48.0,0.0
0.0568,2,5.695312006714695,5.089634316547369,-10.784946323262064,-0.03406732846779022,-0.7509007707428754,0.7527317113915655,1.8832008510702456,-6.443288028588895,0.0,1.0,-1.0,-48.0,48.0,0.0
0.0569,2,5.059223707581013,6.1632697664581295,-11.222493474039142,-0.02778802277681144,-0.6165375537302757,0.6180314039692174,1.546216512196722,-7.034154919710964,0.0,1.0,-1.0,-48.0,48.0,0.0
0.057,3,4.431611246634457,7.217504456983326,-11.649115703617783,-0.02109497997227178,-0.47050751605399865,0.471641790198184,1.1799801337313591,-7.613335489749744,-1.0,1.0,0.0,-48.0,0.0,48.0
0.0571,3,3.252802774421438,7.692731511843634,-10.945534286265072,-0.014285159854503819,-0.3198438653448983,0.32061209071900626,0.8021290369077563,-7.500302500162729,-1.0,1.0,0.0,-48.0,0.0,48.0
0.0572,3,2.0898286271693376,8.156355124999642,-10.24618375216898,-0.0076394609028286944,-0.17145643615262554,0.17186730791131294,0.4299904529354129,-7.384835505046425,-1.0,1.0,0.0,-48.0,0.0,48.0
0.0573,3,0.9424775432997148,8.608611553253391,-9.551089096553106,-0.001130399538612374,-0.025394472548657135,0.02545527086385022,0.0636859659647698,-7.266939881304241,-1.0,1.0,0.0,-48.0,0.0,48.0
0.0574,3,-0.18945951190185006,9.049735862526381,-8.860276350624531,0.005268043880769211,0.1182929692036447,-0.1185763049455835,-0.29666321782064853,-7.146625357512901,-1.0,1.0,0.0,-48.0,0.0,48.0
0.0575,3,-1.3061893413047372,9.479961919635494,-8.173772578330757,0.011580409188574966,0.2595571078095468,-0.26017990272858876,-0.6509364857976325,-7.02390593409182,-1.0,1.0,0.0,-48.0,0.0,48.0
0.0576,3,-2.4079165106473175,9.899522381010534,-7.491605870363217,0.017829742257357933,0.39834952237731164,-0.3993082879652506,-0.999014030470759,-6.898799802075313,-1.0,1.0,0.0,-48.0,0.0,48.0
0.0577,3,-3.494843342994452,10.308648678474105,-6.813805335479653,0.02403758275435244,0.5346222360995381,-0.5359145904553465,-1.3407770569422932,-6.7713292604293365,-1.0,1.0,0.0,-48.0,0.0,48.0
0.0578,3,-4.567169912990176,10.707571002205638,-6.140401089215462,0.030223953973414826,0.6683277981530036,-0.6699523848124493,-1.676107986210365,-6.641520631869229,-1.0,1.0,0.0,-48.0,0.0,48.0
0.0579,3,-5.625094040963147,11.096518281013964,-5.471424240050816,0.036407354898434,0.79941936378761,-0.8013757693715636,-2.004890654220267,-6.509404177148952,-1.0,1.0,0.0,-48.0,0.0,48.0
0.058,4,-6.668811286940963,11.475718160042137,-4.806906873101173,0.042604754638184826,0.9278507725736121,-0.9301394434801695,-2.327010506591297,-6.3750140078058815,-1.0,0.0,1.0,0.0,-48.0,48.0
0.0581,4,-7.138963191244148,10.72637440510769,-3.587411213863541,0.048525184119143465,1.04698730484744,-1.0495930121047765,-2.6258288065179274,-5.578916657159015,-1.0,0.0,1.0,0.0,-48.0,48.0
0.0582,4,-7.602870336631636,9.983371616557534,-2.380501279925898,0.05386452085417997,1.1503215367106185,-1.1532127075875023,-2.8850248431783045,-4.790179457493587,-1.0,0.0,1.0,0.0,-48.0,48.0
0.0583,4,-8.06060344790155,9.247167321511002,-1.1865638736094526,0.058613793701914906,1.2380039592908125,-1.24114855509305,-3.1049749950526424,-4.009136713093539,-1.0,0.0,1.0,0.0,-48.0,48.0
0.0584,4,-8.512232003728556,8.518207324282564,-0.005975320554008045,0.06275822898117446,1.3101918514808142,-1.3135570710382198,-3.286072273264278,-3.236119373074582,-1.0,0.0,1.0,0.0,-48.0,48.0
0.0585,4,-8.957824128752074,7.796925572053737,1.1608985566983374,0.0662784055768371,1.367049179068195,-1.3706012238247713,-3.4287261460255305,-2.4714547206157125,-1.0,0.0,1.0,0.0,-48.0,48.0
0.0586,4,-9.397446514385312,7.08374403855368,2.313702475831632,0.06915137706775705,1.4087464887022174,-1.4124503874636432,-3.53336234770385,-1.7154660685345253,-1.0,0.0,1.0,0.0,-48.0,48.0
0.0587,4,-9.83116436713986,6.3790726253092735,3.452091741830586,0.07135175897449138,1.4354607969406397,-1.4392802881116733,-3.6004226728253506,-0.9684724612068307,-1.0,0.0,1.0,0.0,-48.0,48.0
0.0588,4,-10.259041383230805,5.683309080003723,4.575732303227083,0.072852779276819,1.447375474604407,-1.45127294355511,-3.6303647553324394,-0.23078838280765668,-1.0,0.0,1.0,0.0,-48.0,48.0
0.0589,4,-10.681139748200568,4.996838931460425,5.684300816740144,0.07362729040806629,1.4446801266525184,-1.4486165956871953,-3.6236618334107584,0.4972765281680225,-1.0,0.0,1.0,0.0,-48.0,48.0
0.059,4,-11.097520160272357,4.3200354407523,6.777484719520056,0.07364874099414265,1.4275704677726477,-1.4315056360400973,-3.58080250019812,1.2154177581533179,-1.0,0.0,1.0,0.0,-48.0,48.0
0.0591,5,-10.389143365521843,3.0937075278273545,7.2954358376944874,0.07290457538515928,1.3964861279130254,-1.4003791242206902,-3.502887267513735,1.8994252399019491,0.0,-1.0,1.0,48.0,-48.0,0.0
0.0592,5,-9.690351489095304,1.885332054887156,7.805019434208149,0.0713855523468579,1.3518754399929243,-1.3556850002142105,-3.3910386692042995,2.5727116723308927,0.0,-1.0,1.0,48.0,-48.0,0.0
0.0593,5,-9.000995702318844,0.6951260230362987,8.305869679282546,0.06907354758047093,1.2939552235806673,-1.2976392145447373,-3.245798732561938,3.235040687445287,0.0,-1.0,1.0,48.0,-48.0,0.0
0.0594,5,-8.32092880784812,-0.47670435343729467,8.797633161285415,0.06595427111276261,1.2229467603640924,-1.226462380138537,-3.0677209122469793,3.8861915039833432,0.0,-1.0,1.0,48.0,-48.0,0.0
0.0595,5,-7.650005317479853,-1.629963604860509,9.279968922340363,0.06201794447161923,1.1390754703398467,-1.1423794807708623,-2.8573693191312985,4.5259586002116805,0.0,-1.0,1.0,48.0,-48.0,0.0
0.0596,5,-6.988081544482719,-2.7644669461135694,9.752548490596288,0.057259930681912215,1.0425705958873976,-1.0456195847126366,-2.6153179655009176,5.154151386790403,0.0,-1.0,1.0,48.0,-48.0,0.0
0.0597,5,-6.33501570913763,-3.8800401997346574,10.215055908872287,0.051681316606178945,0.9336648936648887,-0.9364155636206412,-2.342150026609444,5.770593879913976,0.0,-1.0,1.0,48.0,-48.0,0.0
0.0598,5,-5.690668056162689,-4.976519703221495,10.667187759384184,0.04528944730369465,0.8125943342460443,-0.815003816722041,-2.038457118563773,6.37512437489922,0.0,-1.0,1.0,48.0,-48.0,0.0
0.0599,5,-5.054900982713187,-6.053752201545478,11.108653184258666,0.038098412227343094,0.6795978094026596,-0.6816240003508856,-1.704838592516333,6.967595120354971,0.0,-1.0,1.0,48.0,-48.0,0.0
0.06,0,-4.427579175664302,-7.1115947258798204,11.539173901544123,0.03012948322136937,0.5349168469254831,-0.5365187628996758,-1.341900845132318,7.547871993035335,1.0,-1.0,0.0,48.0,0.0,-48.0
