time_s,ia_A,ib_A,ic_A,ea_V,eb_V,ec_V,phase_a_power_W,phase_b_power_W,phase_c_power_W,electrical_conversion_power_W,speed_rad_s,electromagnetic_torque_Nm,mechanical_power_W,power_residual_W
0.0,0.0,0.0,0.0,0.0,-119.76664369760206,119.76664369760206,0.0,-0.0,0.0,0.0,300.0,0.0,0.0,0.0
0.0005,0.0,-5.154873037872936,5.154873037872936,32.53570507602018,-120.19119570168141,119.37014864397038,0.0,619.570354112307,615.3379607716876,1234.9083148839945,299.7704924441345,4.119512580492335,1234.9083148839948,-2.2737367544323206e-13
0.001,0.0,-5.6514509823298855,5.6514509823298855,70.38593180238739,-120.05894895909435,121.21435113827697,0.0,678.5072650323674,685.036963812895,1363.5442288452623,300.0310788290667,4.5446766187248855,1363.5442288452625,-2.2737367544323206e-13
0.0015,0.0,-5.270683953558789,5.270683953558789,103.76867688743052,-120.01941488450068,119.77475803530967,0.0,632.5844041472526,631.2948952180933,1263.879299365346,300.3002184404534,4.20871921415522,1263.879299365346,0.0
0.002,4.773440183626837,-4.773440183626837,0.0,119.95061496348409,-120.06057815618887,103.30945991245098,572.5770855174455,573.1019882402225,0.0,1145.679073757668,300.4021248025153,3.813818142966994,1145.679073757668,0.0
0.0025,5.17414504514307,-5.17414504514307,0.0,121.42866810214572,-120.3155464127048,69.75589692683161,628.2895413990396,622.5300883249777,0.0,1250.8196297240174,300.6571351127953,4.160285866007326,1250.8196297240172,2.2737367544323206e-13
0.003,5.618720293890808,-5.618720293890808,0.0,119.81038550324978,-120.64983937314207,31.835098489714575,673.1810444459907,677.8977009405396,0.0,1351.0787453865303,300.91693602340365,4.489872731129532,1351.07874538653,2.2737367544323206e-13
0.0035,4.9318979769498945,-4.9318979769498945,0.0,120.26124454285865,-120.21477160967055,-0.8480205543379636,593.1161886664011,592.8869889012278,-0.0,1186.0031775676289,301.1807068115813,3.937845787411585,1186.003177567629,-2.2737367544323206e-13
0.004,4.387499889393573,-4.387499889393573,0.0,120.85113898482547,-120.05023089158774,-33.871455261268316,530.2343589290091,526.7203747585141,-0.0,1056.9547336875232,301.41505371021276,3.5066421556492773,1056.9547336875232,0.0
0.0045000000000000005,4.782466561491403,-4.782466561491403,0.0,120.69996904664833,-121.9422195027953,-72.2178684096649,577.2435659386431,583.1845872061633,-0.0,1160.4281531448064,301.6608005725847,3.846797962951065,1160.4281531448064,0.0
0.005,5.110840219676653,-5.110840219676653,0.0,120.66419387565732,-120.08816077047354,-105.43243027547308,616.6954151345708,613.7514019727322,-0.0,1230.446817107303,301.9155940394438,4.075466260767408,1230.4468171073029,2.2737367544323206e-13
0.0055,5.405860548086444,0.0,-5.405860548086444,120.73638172412518,-102.58376549608826,-120.94742892757618,652.6840426811535,-0.0,653.8249344320733,1306.5089771132268,302.08966259524203,4.324904619009643,1306.5089771132268,0.0
0.006,5.688838915220296,0.0,-5.688838915220296,121.0106450334616,-68.04516995146183,-122.00462212885549,688.410066622266,-0.0,694.0646422033803,1382.4747088256463,302.35208070176554,4.572400181989465,1382.4747088256463,0.0
0.006500000000000001,5.680025433222333,0.0,-5.680025433222333,121.32609280525223,-29.889087848066435,-120.45158533244607,689.1352928473258,-0.0,684.1680681602438,1373.3033610075695,302.61631712637995,4.538100833584743,1373.3033610075697,-2.2737367544323206e-13
0.007,4.223573560441391,0.0,-4.223573560441391,120.82780482453944,2.8985051801296575,-120.98583952255257,510.32512182309756,0.0,510.9925929952581,1021.3177148183556,302.85597596204184,3.372288466734305,1021.3177148183556,0.0
0.0075,4.595989111250475,0.0,-4.595989111250475,120.78587060868898,36.64855568729555,-121.52298527132493,555.1305461104433,0.0,558.5183170736613,1113.6488631841046,303.09595907634883,3.6742451683546866,1113.6488631841046,0.0
0.008,4.872009713139644,0.0,-4.872009713139644,122.75155104347026,75.56154518045277,-121.35258912384887,598.0467489867439,0.0,591.2309929260359,1189.2777419127797,303.34579348104336,3.9205348070438957,1189.2777419127797,0.0
0.0085,5.108052068914828,0.0,-5.108052068914828,120.03774738017862,108.03978778122215,-121.33656275531763,613.1590638531969,0.0,619.7934804173141,1232.952544270511,303.6005879407221,4.0611006475100915,1232.952544270511,0.0
0.009000000000000001,0.0,5.511866706041122,-5.511866706041122,100.66470918850247,122.10686422416603,-121.4021708262528,0.0,673.0367594962645,669.1525834183396,1342.1893429146041,303.7468916536986,4.41877556542976,1342.189342914604,2.2737367544323206e-13
0.0095,0.0,5.683940813338539,-5.683940813338539,64.75863524865663,122.47383172401518,-121.70346592569771,0.0,696.1340107020862,691.7552970998295,1387.8893078019157,304.0075709017438,4.565311658802359,1387.8893078019157,0.0
0.01,0.0,5.932079956440179,-5.932079956440179,26.57849031024767,121.07145989676226,-121.97158077922074,0.0,718.2055805505344,723.5451695957396,1441.750750146274,304.2677574269629,4.738427634720235,1441.750750146274,0.0
0.0105,0.0,4.020854025953472,-4.020854025953472,-6.204508146403776,121.73664338315295,-121.40496693740067,-0.0,489.4852726532127,488.1516500809957,977.6369227342084,304.51870045147547,3.210433123761452,977.6369227342083,1.1368683772161603e-13
0.011,0.0,4.284972704786611,-4.284972704786611,-40.93909099547621,122.1779808698883,-121.5791170213879,-0.0,523.5293131534121,520.9631979087044,1044.4925110621166,304.75860161569716,3.4272781983007956,1044.4925110621166,0.0
0.0115,0.0,4.441961786277254,-4.441961786277254,-80.35025877594995,121.98837216850391,-123.57267444137345,-0.0,541.8676875426621,548.9050976966607,1090.7727852393227,305.00827549994483,3.576207181432755,1090.772785239323,-2.2737367544323206e-13
0.012,0.0,4.603050864594481,-4.603050864594481,-111.36644040066024,121.99833083013908,-119.41171147610905,-0.0,561.5645222067552,549.6581817528105,1111.2227039595657,305.25815535425767,3.640271961513924,1111.2227039595657,0.0
0.0125,-4.317238479428583,4.317238479428583,0.0,-123.33247127336936,122.10347222088822,-97.40590906690554,532.4556907444105,527.1498087438576,-0.0,1059.6054994882682,305.48202472137257,3.4686345308033264,1059.6054994882684,-2.2737367544323206e-13
0.013000000000000001,-4.379739014964544,4.379739014964544,0.0,-122.87717946816889,122.43991694081754,-59.89512570552801,538.1699769655395,536.2548812147168,-0.0,1074.4248581802563,305.7366636240676,3.514216598835409,1074.4248581802565,-2.2737367544323206e-13
0.0135,-4.531960759521779,4.531960759521779,0.0,-121.74366813962543,122.61835214941472,-21.965643985700137,551.7375267290242,555.7015603383704,-0.0,1107.4390870673947,305.98391987366824,3.6192721745790553,1107.4390870673947,0.0
0.014,-4.706652209693343,4.706652209693343,0.0,-122.53082760512667,121.98021134334518,10.841752111499734,576.7099905032235,574.1184312580165,0.0,1150.82842176124,306.2299561847646,3.758053053003361,1150.8284217612402,-2.2737367544323206e-13
0.0145,-4.850696203086077,4.850696203086077,0.0,-122.83776675026166,122.49568928481172,46.88556706797155,595.8486887710674,594.189374908248,0.0,1190.0380636793154,306.47810421423145,3.8829464399436056,1190.0380636793154,0.0
0.015,-4.874997684464081,4.874997684464081,0.0,-122.64552298388405,124.35281129618937,86.54068147786965,597.896640556321,606.219667125522,0.0,1204.116307681843,306.7326551159526,3.9256215065417708,1204.1163076818432,-2.2737367544323206e-13
0.0155,-4.994978016790329,4.994978016790329,0.0,-122.68742019937004,117.94169964623357,115.19848323926502,612.8209668325711,589.1161969958245,0.0,1201.9371638283956,306.98279829976383,3.915324150035022,1201.9371638283956,0.0
0.016,-4.733793322507133,0.0,4.733793322507133,-122.79451254857224,92.46813577402267,124.41187407949882,581.2838435429496,0.0,588.9400987581298,1170.2239423010794,307.16880224151805,3.8097096246804574,1170.2239423010794,0.0
0.0165,-4.695866075115708,0.0,4.695866075115708,-123.17222344000395,53.395448375786025,123.18401208230111,578.4002654484864,0.0,578.4556233339213,1156.8558887824076,307.42541286723326,3.7630457352008664,1156.8558887824076,0.0
0.017,-4.752951642846704,0.0,4.752951642846704,-123.2115615640986,16.09377948244228,122.46553528899727,585.6185939537903,0.0,582.0727671439406,1167.6913610977308,307.67501785930483,3.7952101838560663,1167.6913610977308,0.0
0.0175,-4.818765444635675,0.0,4.818765444635675,-122.55381110052508,-16.933644508452016,123.32485880520777,590.5580700396182,-0.0,594.2735680751089,1184.831638114727,307.9233424858125,3.8478136426741276,1184.8316381147272,-2.2737367544323206e-13
0.018000000000000002,-4.842633621770302,0.0,4.842633621770302,-123.53882086678186,-54.57491116948683,123.46358632785024,598.2532475233364,-0.0,597.8889142155878,1196.1421617389242,308.1732603804899,3.8813950316847494,1196.1421617389242,0.0
0.0185,-4.738795136796074,0.0,4.738795136796074,-124.87375525677751,-93.86390757482614,123.29509836893648,591.7511441242805,-0.0,584.2702125415097,1176.0213566657903,308.43012575557356,3.812926359851664,1176.02135666579,2.2737367544323206e-13
0.019,-0.6659008399827222,-2.3879012802839235,3.0538021202666457,-115.17398281125797,-119.09325751679775,123.35518147139382,76.69445189817229,284.38294209754434,376.7023147232193,737.7797087189359,308.65362130464786,2.3903160623886905,737.7797087189359,0.0
0.0195,0.0,-4.930327555099514,4.930327555099514,-85.62475313269638,-125.18248976528434,123.47727520703025,-0.0,617.1906787057443,608.7834123818272,1225.9740910875717,308.79333903835,3.9702089912480725,1225.9740910875714,2.2737367544323206e-13
0.02,0.0,-4.809444084724161,4.809444084724161,-45.39104822300384,-123.44150499016995,123.8794885203831,-0.0,593.6850159844208,595.7914732830111,1189.476489267432,309.0492405550392,3.848825148805359,1189.4764892674318,2.2737367544323206e-13
0.0205,0.0,-4.77425161130245,4.77425161130245,-9.066868549195364,-123.24411036918819,123.71582738530654,-0.0,588.3983925136337,590.6504882379155,1179.0488807515492,309.2993000496136,3.8119998349896758,1179.0488807515492,0.0
0.021,0.0,-4.735178084792261,4.735178084792261,24.615696009824966,-124.0704251709623,123.16154521474142,0.0,587.4955582403987,583.1918497899948,1170.6874080303935,309.54876536850736,3.7819159337842283,1170.6874080303935,0.0
0.021500000000000002,0.0,-4.635344275236549,4.635344275236549,63.96937625915662,-124.03995227017347,124.69493557143797,0.0,574.9678826561634,578.0039557520553,1152.9718384082187,309.8013476151227,3.721648880109446,1152.9718384082187,0.0
0.022,0.0,-4.417025581706368,4.417025581706368,101.84995388635033,-123.92813959122596,124.79448448671998,0.0,547.3937628677228,551.2204304337007,1098.6141933014235,310.0629235335994,3.5431975573899086,1098.6141933014235,0.0
0.0225,4.171751635952196,-4.171751635952196,0.0,122.57196934696545,-123.98435603843666,110.60885625683524,511.33981364508554,517.2319401358277,0.0,1028.5717537809132,310.2259289405299,3.3155570112841524,1028.5717537809132,0.0
0.023,4.385124317512476,-4.385124317512476,0.0,125.62009170212448,-124.21461234778336,76.79101937067978,550.8597188911333,544.6965171966502,0.0,1095.5562360877834,310.49018869121545,3.5284729630452882,1095.5562360877836,-2.2737367544323206e-13
0.0235,5.942501306285903,-5.942501306285903,0.0,123.79299211096291,-124.58909975706801,36.1264744678204,735.6400173284377,740.3708880553614,0.0,1476.0109053837991,310.73893773242105,4.750003060945004,1476.0109053837991,0.0
0.024,5.810862406868104,-5.810862406868104,0.0,124.12661479092456,-124.17573490497865,0.8963460630596907,721.2826795803819,721.5681098045599,0.0,1442.850789384942,310.98268499493724,4.639649919443043,1442.850789384942,0.0
0.0245,5.663442037945787,-5.663442037945787,0.0,124.78480104490514,-123.93956171077191,-34.1355204205584,706.711487934417,701.9245239573617,-0.0,1408.6360118917787,311.22676543564756,4.526076058786283,1408.6360118917787,0.0
0.025,5.425875820364626,-5.425875820364626,0.0,124.6231333036932,-125.92711339456832,-74.96320227185257,676.1896456505864,683.2648796959027,-0.0,1359.454525346489,311.47328028521065,4.364594369384302,1359.454525346489,0.0
0.025500000000000002,5.131352427933386,-5.131352427933386,0.0,124.58389389806447,-123.62099778515517,-109.94956927387767,639.2838664352286,634.3429071284037,-0.0,1273.6267735636322,311.72473921098333,4.085741724533479,1273.626773563632,2.2737367544323206e-13
0.026000000000000002,5.020226639248815,0.0,-5.020226639248815,124.63854136413627,-103.72311180023503,-125.29666038942801,625.7137256333523,-0.0,629.0176322959182,1254.7313579292704,311.84574874280224,4.023564095350622,1254.7313579292704,0.0
0.0265,4.672336468191476,0.0,-4.672336468191476,124.94990660881227,-65.90372632583986,-125.70367761249365,583.8080053454727,-0.0,587.3298770946385,1171.1378824401113,312.1048039850301,3.7523865941399737,1171.1378824401113,0.0
0.027,4.401495734723113,0.0,-4.401495734723113,125.20625025565984,-25.81525552391646,-124.28422096479301,551.0947764609615,-0.0,547.0364684699214,1098.131244930883,312.3626773524662,3.5155648371260595,1098.1312449308828,2.2737367544323206e-13
0.0275,4.16407893335094,0.0,-4.16407893335094,124.5805376015498,8.593589820900489,-125.03047401174148,518.7631921321481,0.0,520.6367628591748,1039.3999549913228,312.6200512417081,3.324802586599576,1039.399954991323,-2.2737367544323206e-13
0.028,5.198469758195533,0.0,-5.198469758195533,124.96210474706504,45.73299674914645,-125.41596109717285,649.6117224480801,0.0,651.9710809586805,1301.5828034067606,312.8793091609888,4.1600155884294825,1301.5828034067608,-2.2737367544323206e-13
0.0285,5.6857068623152385,0.0,-5.6857068623152385,126.93821191594655,87.1176665016405,-125.20545103758492,721.7334625805233,0.0,711.8814921636712,1433.6149547441946,313.11910006904714,4.578497301595663,1433.6149547441946,0.0
0.029,5.396593719979723,0.0,-5.396593719979723,120.57066312216416,117.37055475753289,-125.236686695395,650.6708834188619,0.0,675.8515169314368,1326.5224003502985,313.36145093090767,4.233202253849598,1326.5224003502985,0.0
0.029500000000000002,0.0,4.498888061519127,-4.498888061519127,94.0665042795285,127.02043266250416,-125.35672686366581,0.0,571.4507080743341,563.9658819180602,1135.4165899923942,313.5750567349672,3.6208766150429033,1135.4165899923944,-2.2737367544323206e-13
0.03,0.0,4.043438423322641,-4.043438423322641,53.2740515193149,125.69376199465013,-125.7549606241706,0.0,508.23498682113944,508.4824397111972,1016.7174265323366,313.84793051276984,3.2395224810665697,1016.7174265323365,1.1368683772161603e-13
0.0305,0.0,5.8570775912233985,-5.8570775912233985,14.674472051128621,125.04628687969877,-125.7501877709219,0.0,732.4058047487762,736.5286068852013,1468.9344116339776,314.0933424892966,4.676744817295942,1468.9344116339773,2.2737367544323206e-13
0.031,0.0,5.516516763276842,-5.516516763276842,-19.797374793756696,125.9288753507563,-125.07898447196608,-0.0,694.688751853047,690.0003145732447,1384.689066426292,314.33070222948663,4.405198272408521,1384.6890664262917,2.2737367544323206e-13
0.0315,0.0,5.124010716413044,-5.124010716413044,-59.54706700963997,125.99690902801075,-126.31345173826801,-0.0,645.6095120944465,647.2314803340071,1292.8409924284535,314.5749432044837,4.109802831905991,1292.8409924284535,0.0
0.032,0.0,4.6000218145178025,-4.6000218145178025,-99.71102653431326,125.84371802668363,-127.17777890740139,-0.0,578.883848142772,585.0205572959684,1163.9044054387405,314.83520390627143,3.696868682401993,1163.9044054387405,0.0
0.0325,-3.814399134358651,3.814399134358651,0.0,-123.37174385722712,125.90864669822301,-114.68981907782856,470.58907297332433,480.2658329739711,-0.0,950.8549059472955,315.04226529541234,3.0181820367996886,950.8549059472954,1.1368683772161603e-13
0.033,-5.497155121590254,5.497155121590254,0.0,-127.67774971292644,126.10252621452156,-81.32636310094381,701.8643957475322,693.2051478256265,-0.0,1395.0695435731586,315.2671259641334,4.425039684384568,1395.0695435731586,0.0
0.0335,-4.984713804206758,4.984713804206758,0.0,-125.76898744514284,126.49988102561441,-39.31762386468439,626.92240785891,630.5657031788927,-0.0,1257.4881110378028,315.5148927921163,3.9855111114083783,1257.4881110378028,0.0
0.034,-4.5399607244639615,4.5399607244639615,0.0,-125.99023748951655,126.13446848792138,-2.641850831074058,571.9907298682921,572.6455329363002,-0.0,1144.6362628045922,315.76992532662706,3.624905891910384,1144.6362628045924,-2.2737367544323206e-13
0.0345,-4.079628835248489,4.079628835248489,0.0,-126.71127474628231,125.82685332830253,33.27134432544342,516.934970206027,513.3268590867253,0.0,1030.2618292927523,316.0356271345419,3.259954703949095,1030.2618292927523,0.0
0.035,-5.693562010838007,5.693562010838007,0.0,-126.55242471490206,127.83021189717444,75.26604709697826,720.5340777362032,727.809238295125,0.0,1448.3433160313284,316.27904401221724,4.579321151531563,1448.3433160313284,0.0
0.035500000000000004,-5.091036792583723,5.091036792583723,0.0,-126.50121309037209,125.57145062873491,111.50659511595389,644.022330149558,639.288875249,0.0,1283.3112053985578,316.52193866955287,4.05441471385125,1283.311205398558,-2.2737367544323206e-13
0.036000000000000004,-4.7435492651919535,0.0,4.7435492651919535,-126.54819760611572,104.99012410267001,127.27276469990386,600.2876097658564,0.0,603.7246294711773,1204.0122392370336,316.62243118060746,3.802675112902036,1204.0122392370336,0.0
0.0365,-4.08068268639028,0.0,4.08068268639028,-126.87893027314387,65.82755601174674,127.57424289383147,517.7526540333378,0.0,520.5900042062063,1038.342658239544,316.9002497731653,3.2765599237702765,1038.342658239544,0.0
0.037,-5.665121402526548,0.0,5.665121402526548,-127.108574128844,24.690096474190934,126.18122895126965,720.0855037419465,0.0,714.8319807289402,1434.9174844708866,317.1405238433311,4.524547878907278,1434.9174844708866,0.0
0.0375,-5.128276656949385,0.0,5.128276656949385,-126.43311669845863,-10.664626018655074,126.97887695975703,648.3840010300629,-0.0,651.1828106383701,1299.566811668433,317.37850286868667,4.094690723921275,1299.566811668433,0.0
0.038,-4.555130203070619,0.0,4.555130203070619,-126.99052468885833,-49.39345808190086,127.30369550482422,578.4583745140037,-0.0,579.8849083565302,1158.343282870534,317.6332635942196,3.6467946390851926,1158.343282870534,0.0
0.0385,-5.994069932328974,0.0,5.994069932328974,-128.87041822726894,-91.81285376458563,127.10494106302026,772.4582990627325,-0.0,761.875905476296,1534.3342045390286,317.91100025871475,4.82630108203363,1534.3342045390284,2.2737367544323206e-13
0.039,-5.070714419176342,-0.22127860822502896,5.291993027401372,-120.68119698031217,-121.07071116148812,127.14500153573759,611.9398856515294,26.79035846262857,672.85046159606,1311.580705710218,318.13635869891004,4.122699810465617,1311.5807057102181,-2.2737367544323206e-13
0.0395,0.0,-4.385121408958187,4.385121408958187,-91.06716164774326,-129.0415687816707,127.26876765076192,-0.0,565.8629459100546,558.0889977170813,1123.9519436271357,318.31069859322406,3.53099015708378,1123.951943627136,-2.2737367544323206e-13
0.04,0.0,-5.787558320824031,5.787558320824031,-48.51267562856032,-127.31974141868115,127.68664479878868,-0.0,736.8704288528521,738.9939035633319,1475.864332416184,318.572510535242,4.632742259953773,1475.864332416184,0.0
0.0405,0.0,-5.147662191074833,5.147662191074833,-9.726771393742123,-127.02355354328071,127.52739421806817,-0.0,653.8743439507157,656.4679455426448,1310.3422894933606,318.8061178412324,4.110154153772921,1310.3422894933606,0.0
0.041,0.0,-4.49713063312679,4.49713063312679,26.101364396739395,-127.88940336709021,126.94865660929943,0.0,575.1353535344499,570.9046924719743,1146.0400460064243,319.0617989338398,3.591906175656163,1146.040046006424,2.2737367544323206e-13
0.0415,0.0,-5.9207654636325495,5.9207654636325495,68.0786472009558,-127.83721023154743,128.64998048236322,0.0,756.8941393060796,761.7063613369777,1518.6005006430573,319.3304499305717,4.7555768670768135,1518.6005006430576,-2.2737367544323206e-13
0.042,0.0,-5.101921159083843,5.101921159083843,107.50400621974482,-127.72115712835777,128.16346122182026,0.0,651.6232740158407,653.8798746290264,1305.503148644867,319.562842702235,4.08527830584271,1305.503148644867,0.0
0.0425,4.274633277498848,-4.274633277498848,0.0,127.36301475405534,-127.77421769818899,110.996724656752,544.4301811902617,546.1879229790609,0.0,1090.6181041693226,319.70453204392936,3.41133138525376,1090.6181041693226,0.0
0.043000000000000003,5.57824265519411,-5.57824265519411,0.0,129.1681170974143,-128.04656116662736,73.16312792837122,720.5311004839041,714.2747893506024,0.0,1434.8058898345066,319.9549908858776,4.4843991520866044,1434.8058898345066,0.0
0.043500000000000004,4.795072477968004,-4.795072477968004,0.0,127.43524122379729,-128.37141152970787,30.49223548434621,611.061217915444,615.5502223840067,0.0,1226.6114402994508,320.1995646397104,3.8307717303727067,1226.6114402994508,0.0
0.044,4.048202876136407,-4.048202876136407,0.0,128.10163548913482,-127.77863168300814,-6.019329022271127,518.5814092248932,517.2738242879282,-0.0,1035.8552335128213,320.4731638824465,3.2322682528662083,1035.8552335128213,0.0
0.0445,5.43525682309516,-5.43525682309516,0.0,128.5635281320407,-127.99494656106958,-44.57735249257777,698.7757934808607,695.6854066177539,-0.0,1394.4612000986144,320.70255831589986,4.34814492101755,1394.4612000986147,-2.2737367544323206e-13
0.045,4.552926037437735,-4.552926037437735,0.0,128.34632456235286,-130.10463010059559,-88.09298125670125,584.3513229093707,592.356757976207,-0.0,1176.7080808855776,320.9575387679008,3.666242224447357,1176.7080808855776,0.0
0.0455,5.8848073041551245,-5.8848073041551245,0.0,128.37863907742275,-123.67695315760935,-120.21184814806948,755.4835529403118,727.8150372975507,-0.0,1483.2985902378625,321.2230964036183,4.6176585894499045,1483.2985902378628,-2.2737367544323206e-13
0.046,5.340139192590459,0.0,-5.340139192590459,128.43631475302575,-95.63931910535658,-130.16552057969045,685.867798164517,-0.0,695.101997971545,1380.969796136062,321.2714201688782,4.2984520546836915,1380.969796136062,0.0
0.0465,4.394928546645438,0.0,-4.394928546645438,128.8491648610893,-52.686609488170575,-128.67791950271604,566.2828728594257,-0.0,565.5302617454305,1131.8131346048563,321.53527875923174,3.5200278456920655,1131.8131346048563,0.0
0.047,5.691470812959497,0.0,-5.691470812959497,128.7818659883089,-12.579663456166044,-128.15366169840462,732.9582315109215,-0.0,729.3828251303553,1462.3410566412767,321.78845111636963,4.544417462988578,1462.3410566412765,2.2737367544323206e-13
0.0475,4.857187565225593,0.0,-4.857187565225593,128.1246278781879,23.749769593222272,-129.0531905724896,622.3253493290907,0.0,626.8355525013852,1249.160901830476,322.0246175752817,3.879085118511015,1249.160901830476,0.0
0.048,4.748631464553285,0.0,-4.748631464553285,129.70540616530417,66.13857492349781,-129.05067345494558,615.923172839227,0.0,612.814088489946,1228.7372613291732,322.3073542073272,3.812315311113802,1228.737261329173,2.2737367544323206e-13
0.0485,5.071664927724243,0.0,-5.071664927724243,129.65161982489698,106.9293626781125,-128.9100537893747,657.5495730885673,0.0,653.7885986346174,1311.3381717231846,322.53169157720305,4.065765337076327,1311.3381717231848,-2.2737367544323206e-13
0.049,0.0,4.036075049125203,-4.036075049125203,113.16244175510016,128.19001883682324,-128.96184568153654,0.0,517.384536574192,520.4996876443845,1037.8842242185765,322.6780249190512,3.2164701159273115,1037.8842242185765,0.0
0.0495,0.0,5.153870260692663,-5.153870260692663,75.16684435886364,130.4271919414345,-129.2172737357916,0.0,672.2048257326131,665.9690642746795,1338.1738900072926,322.9065932561986,4.144151646186941,1338.1738900072926,0.0
0.05,0.0,4.165236566358071,-4.165236566358071,31.612703417391288,128.63233414872045,-129.5695673144256,0.0,535.7841018122404,539.687899665239,1075.4720014774794,323.1801164991919,3.327778989398837,1075.4720014774794,0.0
0.0505,0.0,5.37707013376691,-5.37707013376691,-5.657550809170484,129.26587201093878,-128.96141402489008,-0.0,695.0716597053549,693.4345677615855,1388.5062274669403,323.4127432717456,4.293294733597607,1388.5062274669403,0.0
0.051000000000000004,0.0,4.42224163175551,-4.42224163175551,-44.88666241003537,129.75297519574352,-129.1747488233156,-0.0,573.799008754757,571.2419520180273,1145.0409607727843,323.6684647592464,3.5376970123564484,1145.0409607727843,0.0
0.051500000000000004,0.0,5.478443037910974,-5.478443037910974,-89.18850627551338,129.5292800027804,-131.30865326709244,-0.0,709.6187822368536,719.3669773085687,1428.9857595454223,323.9196822213012,4.411543471968284,1428.9857595454223,0.0
0.052000000000000005,0.0,4.484209645567602,-4.484209645567602,-121.6489010829282,129.5573398865841,-124.54600904973097,-0.0,580.9622731735005,558.4904150977535,1139.452688271254,324.17239415193063,3.514959042864162,1139.452688271254,0.0
0.0525,-5.5271066087163225,5.5271066087163225,0.0,-131.40962319710988,129.63818399037987,-95.54190663355077,726.3149968216678,716.5240634752112,-0.0,1442.8390602968789,324.26775572852114,4.449529855521103,1442.8390602968789,0.0
0.053,-4.393422029643232,4.393422029643232,0.0,-129.80178135068923,130.05868176730644,-51.651768518830735,570.2740056730521,571.4026776228427,-0.0,1141.6766832958947,324.5268916977975,3.517972508605034,1141.676683295895,-2.2737367544323206e-13
0.0535,-5.493381088000398,5.493381088000398,0.0,-129.37504691831018,129.94122736366785,-11.088459892409698,710.7064360002094,713.8166809511329,-0.0,1424.5231169513422,324.7729056313126,4.386212926790401,1424.5231169513424,-2.2737367544323206e-13
0.054,-4.461685145114406,4.461685145114406,0.0,-130.27477644085917,129.31922258025674,26.046716051604495,581.2450348292815,576.981654364075,0.0,1158.2266891933564,325.02399881655646,3.5635112896603665,1158.2266891933566,-2.2737367544323206e-13
0.0545,-5.490507031668347,5.490507031668347,0.0,-130.2148019896788,131.05630019473878,69.55892321854463,714.9452859516329,719.565537763651,0.0,1434.510823715284,325.2740089219196,4.410161231356272,1434.510823715284,0.0
0.055,-4.27480985283698,4.27480985283698,0.0,-130.10926279295012,130.40151466557464,110.25889024205689,556.192358532659,557.4416797172644,0.0,1113.6340382499234,325.54032423453765,3.420878936790634,1113.6340382499234,0.0
0.0555,-3.612602481379231,0.0,3.612602481379231,-130.1410895199225,111.79366188096961,130.07166615187725,470.14802292906865,0.0,469.8972238974027,940.0452468264714,325.6240063676671,2.886904001067574,940.0452468264714,0.0
0.056,-4.527962107373797,0.0,4.527962107373797,-130.41813711702954,71.81166886035561,131.39576628157525,590.5283829801898,0.0,594.9550507923163,1185.483433772506,325.82626101293715,3.6383913012015805,1185.4834337725063,-2.2737367544323206e-13
0.0565,-5.495734544144623,0.0,5.495734544144623,-130.71124496588808,27.909872138586472,129.74661422579328,718.3543042671812,0.0,713.0529497864983,1431.4072540536795,326.07899379080834,4.389756106067905,1431.4072540536793,2.2737367544323206e-13
0.057,-4.378730164469754,0.0,4.378730164469754,-130.0297141354366,-9.64413314233113,130.53103313386163,569.3650315622154,-0.0,571.5601721826408,1140.9252037448564,326.333249617451,3.4961966182800035,1140.9252037448564,0.0
0.0575,-5.360929219467454,0.0,5.360929219467454,-130.54876288903301,-50.41867310283823,130.88973236641365,699.8626775371454,-0.0,701.6905907713818,1401.553268308527,326.57485221494153,4.291675426943371,1401.5532683085275,-4.547473508864641e-13
0.058,-4.075213465233566,0.0,4.075213465233566,-132.48361620434326,-95.18359853713105,130.67752723445253,539.8990166787755,-0.0,532.538818589267,1072.4378352680424,326.8554886740866,3.281076415814419,1072.4378352680424,0.0
0.0585,-3.042007545296291,-1.1464440689138073,4.1884516142100985,-123.13607333275834,-125.3243644323621,130.71537110977386,374.5808641764083,143.67737429387404,547.4950071268044,1065.7532455970868,327.06997077599056,3.2584869930691944,1065.7532455970868,0.0
0.059000000000000004,0.0,-5.786762502618493,5.786762502618493,-90.51000400940475,-132.63972795145963,130.83590036897556,-0.0,767.5546040670247,757.1162822515169,1524.6708863185415,327.192945746269,4.659852561432942,1524.670886318541,4.547473508864641e-13
0.059500000000000004,0.0,-4.489266819051189,4.489266819051189,-45.36921238945204,-130.6768469048376,131.26349986492397,-0.0,586.6432328281195,589.2768744961335,1175.920107324253,327.43601109895604,3.591297436642888,1175.920107324253,0.0
0.06,0.0,-5.401033727236596,5.401033727236596,-5.245323145140608,-130.67655020196264,130.95968288916407,-0.0,705.7884549997265,707.3176641925845,1413.1061191923109,327.682311773796,4.312427215075921,1413.1061191923109,0.0
0.0605,0.0,-4.175345849104891,4.175345849104891,33.20510509962291,-131.48509823681266,130.54736245410317,0.0,548.9957591422246,545.0803879343314,1094.076147076556,327.949306603292,3.336113615876673,1094.076147076556,0.0
0.061,0.0,-4.992110914719609,4.992110914719609,78.32310499557698,-131.3121889500945,132.65040438511207,0.0,655.5250116934905,662.2055315728878,1317.7305432663784,328.17890410364606,4.015281076233377,1317.7305432663782,2.2737367544323206e-13
0.0615,0.0,-5.733376286671956,5.733376286671956,116.88674876588959,-131.2686639035325,129.86222686919822,0.0,752.6126448076243,744.5490120662748,1497.1616568738991,328.4520595127129,4.558234949401957,1497.1616568738993,-2.2737367544323206e-13
0.062,4.495647022070406,-4.495647022070406,0.0,132.45924800778243,-131.3050046469997,106.2092593513572,595.4900238518725,590.300953124225,0.0,1185.7909769760975,328.5110913230965,3.6095919081461116,1185.7909769760975,0.0
0.0625,5.1873319590221065,-5.1873319590221065,0.0,132.05247295638395,-131.67204387123837,63.00898604753145,685.0000132345529,683.0266012830357,0.0,1368.0266145175885,328.76022061248153,4.161168318870665,1368.0266145175888,-2.2737367544323206e-13
0.063,5.971169423863767,-5.971169423863767,0.0,130.94250790510432,-131.80760116870673,19.653554087441577,781.8798994869985,787.0455179314117,0.0,1568.9254174184102,329.0428181290267,4.768149708720254,1568.9254174184105,-2.2737367544323206e-13
0.0635,4.677300972190166,-4.677300972190166,0.0,131.87334540105834,-131.04630035960645,-18.197676965670215,616.8113266503398,612.9429880739118,-0.0,1229.7543147242516,329.26392976020577,3.7348588884906073,1229.7543147242516,0.0
0.064,5.439977179972379,-5.439977179972379,0.0,131.98938508771354,-132.2638818776761,-61.476268764265384,718.0192428757483,719.5124991491203,-0.0,1437.5317420248687,329.51760495698005,4.362533959945917,1437.5317420248687,0.0
0.0645,5.09123891619369,-5.09123891619369,0.0,131.82530416878728,-133.12440709976562,-105.42346186267379,671.1541187232001,677.7681621215384,-0.0,1348.9222808447385,329.8059735432712,4.090048055687376,1348.9222808447385,0.0
0.065,2.9490456176881406,0.0,-2.9490456176881406,131.8583960967417,-118.21125392744712,-130.11335890391408,388.85642516448314,-0.0,383.710230878272,772.5666560427551,329.9283525133089,2.3416194763424913,772.5666560427552,-1.1368683772161603e-13
0.0655,5.743665571006594,0.0,-5.743665571006594,132.0562586719786,-79.86131726743697,-133.4605761332551,758.4869863701845,-0.0,766.5529162232817,1525.0399025934662,330.0589973184603,4.620506985064909,1525.039902593466,2.2737367544323206e-13
0.066,4.29546008369348,0.0,-4.29546008369348,132.43350345839855,-34.17861711829168,-131.49954700029278,568.8628278492334,-0.0,564.8510551635324,1133.7138830127658,330.3104663693071,3.4322675132709994,1133.7138830127658,0.0
0.0665,5.02675485224711,0.0,-5.02675485224711,131.82634275285116,4.94016203776513,-132.09353849168997,662.6587080868852,0.0,664.0018355635929,1326.660543650478,330.5424809817886,4.0135856054265275,1326.6605436504783,-2.2737367544323206e-13
0.067,5.720926880991969,0.0,-5.720926880991969,132.0239072647263,45.84163322389089,-132.61640302320586,755.2991200043635,0.0,758.688744915923,1513.9878649202865,330.8108743541773,4.576596424999499,1513.9878649202863,2.2737367544323206e-13
0.0675,4.181921108842506,0.0,-4.181921108842506,134.216219598544,92.06338105829586,-132.3846893875655,561.2816418881923,0.0,553.6223270374186,1114.903968925611,331.0725870890391,3.3675514446195067,1114.903968925611,0.0
0.068,4.869965699109472,0.0,-4.869965699109472,126.51159411393007,125.21746417710301,-132.40588207819107,616.1071238744993,0.0,644.8121040811241,1260.9192279556232,331.29989111794686,3.805975376873035,1260.9192279556232,0.0
0.0685,0.0,5.283992333391634,-5.283992333391634,94.95896238620016,134.33955673982666,-132.49449524124424,0.0,709.8491878844745,700.0998970713289,1409.9490849558033,331.38252175406467,4.254747889214857,1409.9490849558033,0.0
0.069,0.0,5.7994723711161,-5.7994723711161,48.855590485117034,132.47858014025735,-132.94175404776016,0.0,768.3058652881126,770.992029567697,1539.2978948558098,331.659407809871,4.641200757791367,1539.2978948558093,4.547473508864641e-13
0.0695,0.0,4.316795220537782,-4.316795220537782,7.246643951774883,132.31060447998507,-132.69653760339125,0.0,571.1577850456644,572.8237793082313,1143.9815643538957,331.9036562498861,3.4467278163775523,1143.9815643538957,0.0
0.07,0.0,4.9414817273448755,-4.9414817273448755,-31.995780931281647,133.15841957234454,-132.1904599255716,-0.0,657.9998971588627,653.2167422515271,1311.2166394103897,332.13620158360163,3.9478281294198063,1311.2166394103897,0.0
0.07050000000000001,0.0,5.466223956893795,-5.466223956893795,-78.1376405083866,133.0089705469069,-134.29802952393857,-0.0,727.0568212852837,734.1031063473831,1461.159927632667,332.3966711786235,4.395832011348476,1461.1599276326665,4.547473508864641e-13
0.07100000000000001,0.0,5.916606344169142,-5.916606344169142,-118.02004678437018,132.95648537458854,-131.67647775819103,-0.0,786.6511848657223,779.07788368196,1565.7290685476823,332.67483571305314,4.706484832829957,1565.7290685476821,2.2737367544323206e-13
0.07150000000000001,-4.341298501590639,4.341298501590639,0.0,-134.1549274690595,132.98639810966716,-107.57324515366355,582.4065856024289,577.3336508454342,-0.0,1159.740236447863,332.71777932639156,3.4856575407416805,1159.7402364478633,-2.2737367544323206e-13
0.07200000000000001,-4.750116653928529,4.750116653928529,0.0,-133.70652038343056,133.35935590985147,-63.217520117319864,635.1215692121679,633.4724974645675,-0.0,1268.5940666767353,332.96064140131176,3.8100421159019833,1268.5940666767353,0.0
0.0725,-5.262229027358164,5.262229027358164,0.0,-132.61217984120927,133.4623336513608,-18.894117954419272,697.8356621416526,702.3093661991512,-0.0,1400.145028340804,333.2122195121201,4.201961831984603,1400.1450283408037,2.2737367544323206e-13
0.073,-5.786184351634953,5.786184351634953,0.0,-133.5865221195641,132.70911469427676,19.94508097675988,772.9562438775583,767.8794027633523,0.0,1540.8356466409107,333.48271956882917,4.620436251188991,1540.8356466409107,0.0
0.0735,-4.15857746176152,4.15857746176152,0.0,-133.65993485782343,134.09146687570635,64.66976160486719,555.8351926402574,557.6297519638538,0.0,1113.4649446041112,333.73844931579674,3.3363400198174524,1113.4649446041112,0.0
0.074,-4.5006616873097,4.5006616873097,0.0,-133.48774880841518,134.51118518996154,109.09584241451965,600.7831967872552,605.3893376990798,0.0,1206.1725344863348,333.97780028289486,3.6115350585118238,1206.1725344863348,0.0
0.0745,-3.17474977819394,0.0,3.17474977819394,-133.52125185562065,117.49753700027762,132.60862356872235,423.89656471280887,0.0,420.999198261405,844.8957629742139,334.08668993028743,2.528971636524984,844.895762974214,-1.1368683772161603e-13
0.075,-5.65063026018113,0.0,5.65063026018113,-133.75691911559784,76.71208097362575,134.9454385549622,755.8108946631969,0.0,762.5267785720828,1518.3376732352797,334.2293669484252,4.5428015111238675,1518.3376732352797,0.0
0.0755,-5.242714837958486,0.0,5.242714837958486,-134.0998449576016,30.277490146028025,133.1126341667786,703.0472469271504,0.0,697.87158226591,1400.9188291930604,334.50709048971436,4.188009369673246,1400.91882919306,4.547473508864641e-13
0.076,-4.390800370711161,0.0,4.390800370711161,-133.38786673612304,-9.36537792446621,133.8773981630935,585.67949471334,-0.0,587.8289294843565,1173.5084241976965,334.7306215375776,3.5058293107670044,1173.5084241976965,0.0
0.0765,-4.808946441915391,0.0,4.808946441915391,-133.9285993941782,-52.26015992552165,134.24989410797048,644.0554615273451,-0.0,645.6005505980427,1289.6560121253879,334.96738794631045,3.8500942435987158,1289.6560121253876,2.2737367544323206e-13
0.077,-5.079719415380292,0.0,5.079719415380292,-135.83693851349756,-99.17858741495104,134.0154968076667,690.0135338928325,-0.0,680.76112109574,1370.7746549885724,335.2210717162318,4.089166137351138,1370.7746549885724,0.0
0.0775,-1.3715931954563074,-2.2945567983779265,3.666149993834234,-124.9026861813408,-129.63746902471698,134.06786548198536,171.3156744605416,297.4605358751722,491.51290421014954,960.2891145458634,335.4583890963504,2.8626176770617264,960.2891145458634,0.0
0.078,0.0,-5.468397123239321,5.468397123239321,-88.90103921822055,-135.96706326182843,134.20797629349582,-0.0,743.5218975962814,733.9025114791235,1477.424409075405,335.5688111880552,4.402746500321943,1477.4244090754046,4.547473508864641e-13
0.0785,0.0,-5.729136108130796,5.729136108130796,-41.399376027534224,-133.8561826418311,134.6486193109622,-0.0,766.8802892698653,771.4202668043912,1538.3005560742565,335.83690914997766,4.580498790224644,1538.3005560742565,0.0
0.079,0.0,-4.512580152082626,4.512580152082626,-0.08669197646130293,-134.17936225549224,134.18411539695452,-0.0,605.495126933239,605.5165758650618,1211.0117027983008,336.10795464473125,3.6030438615424902,1211.0117027983006,2.2737367544323206e-13
0.0795,0.0,-4.315874985863162,4.315874985863162,41.29047312159274,-134.84869000171568,134.0497305230337,0.0,581.9900880548206,578.5418788260587,1160.5319668808793,336.3350483832849,3.450523436256175,1160.5319668808793,0.0
0.08,0.0,-4.534372335407341,4.534372335407341,89.09992281903205,-134.61233405903016,136.37456563308845,0.0,610.3824435618778,618.373057659869,1228.7555012217467,336.57879035712944,3.650721722298564,1228.755501221747,-2.2737367544323206e-13
0.0805,0.0,-4.792889986897025,4.792889986897025,125.46394002174962,-134.61473602359462,130.12859689252033,0.0,645.1936203762729,623.69204905512,1268.885669431393,336.8267461427257,3.7671761045178997,1268.885669431393,0.0
0.081,4.8030905608704595,-4.8030905608704595,0.0,136.5203509556539,-134.68292481511315,99.38889363288142,655.7196090418237,646.8942848898957,0.0,1302.6138939317193,336.88764730930194,3.8666122202330815,1302.6138939317193,0.0
0.0815,4.943276149659613,-4.943276149659613,0.0,134.77182488665582,-135.12584875241572,52.011224343489914,666.2143476083075,667.9643853403288,0.0,1334.1787329486365,337.1435006958624,3.957302247247533,1334.1787329486363,2.2737367544323206e-13
0.082,5.1928706000030225,-5.1928706000030225,0.0,134.46809406649322,-134.92461326699242,8.668575054523243,698.2754123163335,700.6460574509427,0.0,1398.9214697672762,337.39563540871626,4.1462346365940475,1398.9214697672764,-2.2737367544323206e-13
0.0825,5.438181653120371,-5.438181653120371,0.0,135.3667376679889,-134.37684183058897,-31.794130822466922,736.1489092288155,730.765675847367,-0.0,1466.9145850761824,337.6520462366771,4.344456375803951,1466.9145850761822,2.2737367544323206e-13
0.083,5.5906078550765965,-5.5906078550765965,0.0,135.21617761789418,-136.5256850529198,-79.41759492258753,755.9406247240314,763.261567276567,-0.0,1519.2021920005984,337.9122799894039,4.495847833787623,1519.2021920005984,0.0
0.0835,5.677865603210405,-5.677865603210405,0.0,135.15293183008228,-133.66453218098363,-120.44617464491591,767.3801828110649,758.9292496396172,-0.0,1526.309432450682,338.17112426169246,4.513423302427067,1526.309432450682,0.0
0.084,3.9383308303084297,0.0,-3.9383308303084297,135.17459955869464,-108.09930936183636,-136.50699459985418,532.3622929166033,-0.0,537.6097053853521,1069.9719983019554,338.18536276160887,3.1638625325608554,1069.9719983019554,0.0
0.0845,4.572143071568433,0.0,-4.572143071568433,135.57259667222544,-61.88437029700864,-135.7755806162311,619.8573085694571,-0.0,620.7853802026823,1240.6426887721395,338.43743879309284,3.665796234590402,1240.6426887721393,2.2737367544323206e-13
0.085,4.1290836250820036,0.0,-4.1290836250820036,135.60556362807978,-16.558601450954637,-134.82140038687714,559.92671224672,-0.0,556.6888366480789,1116.6155488947988,338.6755639737527,3.297006538627441,1116.6155488947988,0.0
0.0855,4.298264292309598,0.0,-4.298264292309598,134.84793445713342,23.64240247456497,-135.80677896456245,579.6120615688017,0.0,583.7334286769611,1163.345490245763,338.91397862239177,3.432568626925622,1163.345490245763,0.0
0.08600000000000001,4.400482526124669,0.0,-4.400482526124669,136.53728056998062,70.4860227194326,-135.7908969229159,600.829917312781,0.0,597.5454691160875,1198.3753864288685,339.1600302376305,3.5333626594773975,1198.3753864288688,-2.2737367544323206e-13
0.08650000000000001,4.3697412774499025,0.0,-4.3697412774499025,135.96426214418344,114.94797052852601,-135.65686528025648,594.1286485494576,0.0,592.7854037845973,1186.9140523340548,339.42068545454856,3.496881902599873,1186.914052334055,-2.2737367544323206e-13
0.08700000000000001,0.0,4.04394143571582,-4.04394143571582,115.18652198931098,135.97137929972138,-135.70752209052634,0.0,549.8602948215756,548.7932717201994,1098.653566541775,339.54801193159426,3.235635397456284,1098.653566541775,0.0
0.08750000000000001,0.0,4.295280368787515,-4.295280368787515,70.84743415121312,136.81230012902944,-136.04991755080266,0.0,587.6471869528858,584.3725400311226,1172.0197269840085,339.8117462211984,3.4490265272380825,1172.0197269840085,0.0
0.088,0.0,4.026793893405857,-4.026793893405857,23.806609788062083,135.30313543325616,-136.2665114810797,0.0,544.8378395213016,548.7171563077309,1093.5549958290326,340.0588245840873,3.215781849409487,1093.5549958290326,0.0
0.0885,0.0,4.101522161883956,-4.101522161883956,-16.72334877869138,136.25862371094553,-135.4678583373194,-0.0,558.8677648982498,555.6244231934718,1114.4921880917216,340.30271397996614,3.2750023502819685,1114.4921880917216,0.0
0.089,0.0,4.128123799653489,-4.128123799653489,-62.64737096345324,136.4169643067587,-136.64475583855852,-0.0,563.1461170312111,564.0864686749934,1127.2325857062046,340.55297659145697,3.310006557536229,1127.2325857062044,2.2737367544323206e-13
0.0895,0.0,4.044125258564848,-4.044125258564848,-109.51527731000064,136.22806417926918,-137.5068912196094,-0.0,550.9233552727757,556.0950920079513,1107.0184472807268,340.8243156685022,3.24806182067553,1107.0184472807268,0.0
0.09,-3.6053066060232126,3.6053066060232126,0.0,-135.02826376982094,136.26319788576205,-120.75272818742253,486.81829136918026,491.2706074953862,-0.0,978.0888988645664,340.9484449076495,2.8687296084588243,978.0888988645664,0.0
0.0905,-5.5874951031052476,5.5874951031052476,0.0,-137.74795286290853,136.51492228691075,-78.63386147493182,769.6660120842739,762.7764597789072,-0.0,1532.4424718631813,341.12773601996423,4.492283417767871,1532.4424718631813,0.0
0.091,-5.517363661896901,5.517363661896901,0.0,-135.84163756565712,136.85084824683608,-30.30303647348112,749.4877148773256,755.0558972168607,-0.0,1504.5436120941863,341.37785712504166,4.407267726046725,1504.543612094186,2.2737367544323206e-13
0.0915,-5.49776329424113,5.49776329424113,0.0,-136.66779050846662,136.10509156242304,10.924119587047585,751.3671621624841,748.2735765512175,0.0,1499.6407387137015,341.62718540474344,4.389699657353087,1499.6407387137017,-2.2737367544323206e-13
0.092,-5.4420770924903845,5.4420770924903845,0.0,-137.00041450515226,136.81671325399685,55.99067637967514,745.5668174401766,744.5671010694018,0.0,1490.1339185095785,341.8757099015915,4.358700765662794,1490.1339185095783,2.2737367544323206e-13
0.0925,-5.238027034663096,5.238027034663096,0.0,-136.76306797927828,138.49876073840298,104.41978999052637,716.3686474189265,725.4602530150906,0.0,1441.8289004340172,342.1236607640346,4.214350148171885,1441.8289004340168,4.547473508864641e-13
0.093,-2.939749598834519,0.0,2.939749598834519,-136.80725716316212,125.02827610116378,133.82765832860238,402.1790793630567,0.0,393.4198048844719,795.5988842475285,342.31236083496947,2.3241897613831446,795.5988842475285,0.0
0.0935,-4.9182753797025525,0.0,4.9182753797025525,-136.9604942188638,85.18104888891565,138.5347036678843,673.6094267085316,0.0,681.3518222841442,1354.9612489926758,342.35921840274636,3.957718022941387,1354.9612489926758,0.0
0.094,-4.738365024712756,0.0,4.738365024712756,-137.36930962831755,35.98549103893652,136.40907975606748,650.9059322117572,0.0,646.356012569403,1297.2619447811603,342.61861368949496,3.786314849656213,1297.2619447811603,0.0
0.0945,-4.6314698328756965,0.0,4.6314698328756965,-136.7180367238872,-6.11210134289091,137.04672024372863,633.2054626966751,-0.0,634.7277505033842,1267.9332132000593,342.87238329556556,3.6979741588200925,1267.9332132000593,0.0
0.095,-4.497093415781166,0.0,4.497093415781166,-137.05768694573803,-50.492196122384634,137.5394050783455,616.3612215458749,-0.0,618.5275529882863,1234.8887745341613,343.1287562765225,3.5989078500286995,1234.8887745341613,0.0
0.0955,-4.215553792821008,0.0,4.215553792821008,-139.19400778238298,-99.9066242112902,137.29511643282336,586.7798274449815,-0.0,578.7749488141905,1165.5547762591718,343.4065796631358,3.394095644301636,1165.554776259172,-2.2737367544323206e-13
0.096,-2.6351541323284913,-1.9288624413431508,4.564016573671642,-128.30282668404124,-132.553699420445,137.3475565576548,338.09772392587746,255.67785227318575,626.8565244824398,1220.6321006815028,343.6646968256894,3.5518111460270863,1220.632100681503,-2.2737367544323206e-13
0.0965,0.0,-5.161578061176207,5.161578061176207,-90.60374980035148,-139.2810298959888,137.49402422743623,-0.0,718.9099082491632,709.6861389951647,1428.596047244328,343.7777825265578,4.155579911956541,1428.596047244328,0.0
0.097,0.0,-4.870373126165076,4.870373126165076,-40.80534658732782,-137.07871321778762,137.93829428683586,-0.0,667.6244810252022,671.8109615636549,1339.435442588857,344.0352757169806,3.8933084399482887,1339.435442588857,0.0
0.0975,0.0,-4.6645967537735356,4.6645967537735356,2.2516936664807536,-137.51021650165617,137.38708180296743,0.0,641.4297095043214,640.8553357885411,1282.2850452928624,344.29113779465183,3.7244207141273136,1282.2850452928626,-2.2737367544323206e-13
0.098,0.0,-4.436843197648499,4.436843197648499,46.22962931099901,-138.13164941909668,137.45240924486217,0.0,612.8684691050863,609.8547869584644,1222.7232560635507,344.55261183164805,3.548727288884943,1222.7232560635505,2.2737367544323206e-13
0.0985,0.0,-4.06878364932404,4.06878364932404,96.30800228659427,-137.88882505002456,139.8010593116986,0.0,561.039796788043,568.8202642856195,1129.8600610736626,344.84301949828046,3.2764475346420534,1129.8600610736626,0.0
0.099,0.331729452197302,-5.645694070795805,5.313964618598503,131.47503316508096,-137.9122016430532,130.74364226508203,43.614140729474414,778.6100991065811,694.7670891033458,1516.9913289394012,345.0775501869212,4.396088149222339,1516.9913289394012,0.0
0.0995,4.876793312812798,-4.876793312812798,0.0,139.918786906641,-138.02754349872598,94.75519355784434,682.3550043231858,673.1318011185645,0.0,1355.4868054417502,345.16774510279816,3.927037866872694,1355.4868054417502,0.0
0.1,4.471683822060905,-4.471683822060905,0.0,137.74611530351294,-138.49430832630537,44.56610978996686,615.9570753544549,619.3027579902547,0.0,1235.2598333447095,345.4416075704342,3.575886072417738,1235.2598333447095,0.0
0.1005,4.163718013786024,-4.163718013786024,0.0,138.0001754238649,-138.03458752015186,0.6277617160309428,574.5938163179777,574.7370985831798,0.0,1149.3309149011575,345.71574487684313,3.324496879106828,1149.3309149011575,0.0
0.101,5.913994802911824,-5.913994802911824,0.0,138.7119948230892,-137.91279738189732,-43.18237769674374,820.3420164852814,815.6155669715721,-0.0,1635.9575834568536,345.9746458989358,4.72854760558015,1635.9575834568534,2.2737367544323206e-13
0.1015,5.4793779367060065,-5.4793779367060065,0.0,138.44566631814837,-140.31501091304463,-93.70520901491405,758.596129456224,768.8389749855993,-0.0,1527.4351044418233,346.1944114177906,4.412073257296174,1527.4351044418231,2.2737367544323206e-13
0.10200000000000001,5.134730549802238,-5.134730549802238,0.0,138.45627017476573,-132.49204256047412,-130.71848687483634,710.935640278042,680.3109385409648,-0.0,1391.2465788190068,346.4388926676964,4.015849860579852,1391.2465788190068,0.0
0.10250000000000001,4.3838194753410615,0.0,-4.3838194753410615,138.52765316504286,-97.69174889732419,-140.4557577812595,607.2802238182068,-0.0,615.7326863852722,1223.012910203479,346.4526712995355,3.530100967661723,1223.0129102034791,-2.2737367544323206e-13
0.10300000000000001,5.944585994954661,0.0,-5.944585994954661,139.0049495059641,-47.229659640454976,-138.3498056542729,826.326876062534,-0.0,822.4323170970898,1648.759193159624,346.7381166234708,4.755056090213587,1648.759193159624,0.0
0.10350000000000001,5.570161926126849,0.0,-5.570161926126849,138.58243193605762,-2.5746185068199874,-138.44174345249044,771.9265860002936,-0.0,771.1429283656832,1543.0695143659768,346.95491021630534,4.447464119772701,1543.069514365977,-2.2737367544323206e-13
0.10400000000000001,5.175767132596689,0.0,-5.175767132596689,138.33632226586423,41.22673957630637,-139.20245332751526,715.9965900279635,0.0,720.4794827093781,1436.4760727373416,347.1883908995916,4.137454219063381,1436.4760727373414,2.2737367544323206e-13
0.1045,4.652314071535669,0.0,-4.652314071535669,140.78129193676656,92.10293848957313,-138.95822760206806,654.9587854863901,0.0,646.4773176287574,1301.4361031151475,347.44701917903376,3.7457109466365535,1301.4361031151473,2.2737367544323206e-13
0.105,4.166983999437219,0.0,-4.166983999437219,133.70529559711514,130.35924602802945,-138.9741955422176,557.1478273932024,0.0,579.1032491590801,1136.2510765522825,347.7348132691687,3.2675792966197847,1136.2510765522825,0.0
0.1055,0.0,3.8309442153427042,-3.8309442153427042,99.55799001186256,140.93089381992937,-138.99508121445785,0.0,539.8983924425353,532.4824023396167,1072.380794782152,347.6404555608943,3.0847410812758786,1072.3807947821522,-2.2737367544323206e-13
0.106,0.0,5.346204149962436,-5.346204149962436,48.834397469799576,138.8327217787128,-139.4282528920539,0.0,742.2280733239347,745.4119042335107,1487.6399775574455,347.81041940075585,4.277157596717508,1487.6399775574455,0.0
0.1065,0.0,4.883478226342226,-4.883478226342226,3.663925287283007,138.85202259993773,-139.05155621378913,0.0,678.0808290503745,679.0552471090413,1357.1360761594158,348.0562757889885,3.8991857655288733,1357.1360761594158,0.0
0.107,0.0,4.401349721289271,-4.401349721289271,-40.25832240819494,139.66075088225872,-138.7621877033429,-0.0,614.6958069706797,610.7409161735977,1225.4367231442775,348.3288945267036,3.5180449925331505,1225.4367231442775,0.0
0.1075,0.0,5.854717769266935,-5.854717769266935,-91.4410736388472,139.4304653391109,-141.22792503000346,-0.0,816.3260229980501,826.8496421898599,1643.17566518791,348.6126004438459,4.713471811104518,1643.17566518791,0.0
0.108,0.0,5.328728374592238,-5.328728374592238,-130.36704823342518,139.40796646273262,-134.43602533500524,-0.0,742.8671865341664,716.3730627700434,1459.2402493042098,348.82016427958666,4.183359790331956,1459.24024930421,-2.2737367544323206e-13
0.1085,-4.288584438317062,4.288584438317062,0.0,-141.41971591308297,139.48046101474284,-100.51685965386744,606.4903929360673,598.1737345571158,-0.0,1204.664127493183,348.86157527408886,3.4531293007741506,1204.6641274931833,-2.2737367544323206e-13
0.109,-5.685619765937746,5.685619765937746,0.0,-139.3705250288034,139.94757016811457,-49.48743189955692,792.407811892886,795.6886711427918,-0.0,1588.096483035678,349.111610568828,4.548964958364172,1588.0964830356775,4.547473508864641e-13
0.1095,-5.144578401962356,5.144578401962356,0.0,-139.3555473823791,139.56855976135827,-3.9149552745006724,716.9255392570292,718.0213981412761,-0.0,1434.9469373983052,349.33441004028435,4.107659870188083,1434.9469373983052,0.0
0.11,-4.579347234085541,4.579347234085541,0.0,-140.16894601426307,139.26464859235935,40.30781025355342,641.882275235101,637.7411833373155,0.0,1279.6234585724164,349.596248327192,3.6602894473135175,1279.6234585724167,-2.2737367544323206e-13
0.1105,-5.933477535100774,5.933477535100774,0.0,-139.9470875285878,141.75408745669262,91.86426852647149,830.3728999536573,841.0946934329961,0.0,1671.4675933866533,349.90562199443593,4.776909796017032,1671.4675933866536,-2.2737367544323206e-13
0.111,-5.328906254605947,5.328906254605947,0.0,-139.9186926404787,134.826310192055,130.97687876649107,745.613596348134,718.4767676678833,0.0,1464.0903640160172,350.09808384538536,4.181943379794695,1464.0903640160172,0.0
0.1115,-4.20798429842087,0.0,4.20798429842087,-139.98913857635316,100.45792098943778,141.93801423895187,589.0720970787573,0.0,597.2729352665473,1186.3450323453046,350.1289055229995,3.38830931588816,1186.3450323453046,0.0
0.112,-5.526206317190041,0.0,5.526206317190041,-140.44894055010775,49.02684560999599,139.84189157171292,776.149822510654,0.0,772.7951446114047,1548.9449671220586,350.35461555223725,4.4210776692083105,1548.9449671220586,0.0
0.1125,-4.896307448075941,0.0,4.896307448075941,-140.05158880769488,3.247695033921863,139.87445284517852,685.7356373939856,0.0,684.8683252613946,1370.6039626553802,350.58929612795623,3.9094290036600103,1370.6039626553802,0.0
0.113,-4.236264721066246,0.0,4.236264721066246,-139.80133057815985,-41.424965394601976,140.68335335573727,592.2354446863784,-0.0,595.9719266622064,1188.2073713485847,350.8812379777941,3.386351969676366,1188.207371348585,-2.2737367544323206e-13
0.1135,-5.524150041437031,0.0,5.524150041437031,-142.2742842336548,-93.35053105172976,140.42358355694475,785.9444931447682,-0.0,775.7209449248328,1561.665438069601,351.11518078806455,4.447729757979996,1561.665438069601,0.0
0.114,-4.828960030663548,0.0,4.828960030663548,-134.7808431711728,-132.1075100903998,140.42404993620698,650.8513045727253,-0.0,678.1021244858456,1328.953429058571,351.3625775616787,3.782285063711103,1328.9534290585711,-2.2737367544323206e-13
0.1145,0.0,-3.9052560190457615,3.9052560190457615,-99.34290432827528,-142.42699049250487,140.47064089186316,-0.0,556.2138618954281,548.5738158421642,1104.7876777375923,351.31553164872696,3.144716296922068,1104.7876777375923,0.0
0.115,0.0,-5.169760174512849,5.169760174512849,-47.474697043235984,-140.22514765730938,140.9054434736922,-0.0,724.9303838239417,728.4473500423653,1453.3777338663072,351.47464377861087,4.135085587516151,1453.3777338663072,0.0
0.1155,0.0,-4.45103668959806,4.45103668959806,-1.6953198640657323,-140.37920698612487,140.47202670232372,-0.0,624.8330007519221,625.2461447142413,1250.0791454661635,351.74806220121513,3.5539048535001276,1250.0791454661633,2.2737367544323206e-13
0.116,0.0,-5.7718038448887965,5.7718038448887965,43.551433345830425,-141.13702194923167,140.3113846777439,0.0,814.6152059427297,809.8497895646732,1624.4649955074028,352.02094344391315,4.614682807263785,1624.4649955074033,-4.547473508864641e-13
0.1165,0.0,-4.9314806473887085,4.9314806473887085,95.81372450362818,-140.85525880576498,142.7678929916914,0.0,694.6249828835579,704.0571013569883,1398.6820842405461,352.2266526166048,3.9709717417750263,1398.6820842405461,0.0
0.117,0.0,-4.152523692669738,4.152523692669738,133.63651548369364,-140.89268672690443,134.25197515023444,0.0,585.0602197573658,557.4845075990575,1142.5447273564232,352.53518251002225,3.2409381645871376,1142.544727356423,2.2737367544323206e-13
0.11750000000000001,3.530077253014245,-3.530077253014245,0.0,142.85114231309478,-140.91230697058876,97.21934723384001,504.2755680465566,497.431329506636,0.0,1001.7068975531927,352.38836586846236,2.842621932436624,1001.7068975531926,1.1368683772161603e-13
0.11800000000000001,4.757272416341709,-4.757272416341709,0.0,140.53090648916702,-141.31284601134823,44.94798084306754,668.5438050844103,672.2637044045305,0.0,1340.807509488941,352.4678998919537,3.804055659820241,1340.8075094889407,2.2737367544323206e-13
0.11850000000000001,5.724228546643367,-5.724228546643367,0.0,140.86096287862284,-140.82509986079785,-0.6542357640296205,806.3203448174845,806.1150567070819,-0.0,1612.4354015245663,352.79363353321315,4.570477605777901,1612.4354015245663,0.0
0.11900000000000001,5.2386052855055505,-5.2386052855055505,0.0,141.50891407268165,-140.78382510307503,-46.60412700765763,741.3093452073009,737.5108902986578,-0.0,1478.8202355059589,352.969729251247,4.189651726347677,1478.8202355059589,0.0
0.11950000000000001,4.294197118030048,-4.294197118030048,0.0,141.2540146336844,-143.21688049212253,-99.11099571740313,606.5725825501418,615.0015154625264,-0.0,1221.5740980126682,353.26480321980017,3.4579558644924187,1221.5740980126682,0.0
0.12,4.75257277814211,-3.8126950166636613,-0.9398777614784485,141.27099495554657,-133.15280650697605,-135.38151554358907,671.4006849667819,507.6710418239283,127.24207577466828,1306.3138025653786,353.48176621505786,3.6955620555845554,1306.3138025653784,2.2737367544323206e-13
0.1205,4.148493715392653,0.0,-4.148493715392653,141.36171902251664,-94.18203699522613,-143.2309307064192,586.4382029620123,-0.0,594.1926158854207,1180.630818847433,353.4640538955915,3.3401722348722203,1180.630818847433,0.0
0.121,5.269102792612006,0.0,-5.269102792612006,141.79624502884943,-41.593167423691476,-140.9028858815323,747.1389906634068,-0.0,742.4317894854728,1489.5707801488797,353.6565018132248,4.211914025365666,1489.5707801488797,0.0
0.1215,4.405795808394323,0.0,-4.405795808394323,141.19504861584187,3.790091350769338,-141.40140455980537,622.0765533577088,0.0,622.9857155106605,1245.0622688683693,353.93379478665673,3.5177829503929248,1245.0622688683693,0.0
0.122,5.576073729036561,0.0,-5.576073729036561,141.41470402609795,50.69868396711261,-141.978026103481,788.5388160194055,0.0,791.6799414560875,1580.218757475493,354.182977746683,4.461588661117671,1580.218757475493,0.0
0.1225,4.554711611742199,0.0,-4.554711611742199,143.6561719853898,103.30557993512082,-141.69911133382337,654.3124346402893,0.0,645.398587765716,1299.7110224060052,354.42411487541364,3.6671066325802264,1299.7110224060054,-2.2737367544323206e-13
0.123,1.1255611973221993,2.4659563878231405,-3.59151758514534,131.48316873292595,137.45824496226652,-141.74208852592815,147.99235282674888,338.96603722365916,509.06920349609845,996.0275935465065,354.6604298762424,2.808397863539688,996.0275935465065,0.0
0.1235,0.0,4.189421298275528,-4.189421298275528,90.04907855386924,143.57565755352067,-141.8627405527239,0.0,601.4989176686332,594.322786703317,1195.82170437195,354.6449050747108,3.3718846295565252,1195.8217043719503,-2.2737367544323206e-13
0.124,0.0,5.241979097920082,-5.241979097920082,37.274093039575824,141.27421497909936,-142.26860520512875,0.0,740.556481995507,745.7690547755292,1486.3255367710362,354.8381319973722,4.18874242293115,1486.3255367710362,0.0
0.1245,0.0,4.295370270558544,-4.295370270558544,-7.828796606507105,141.98498166506593,-141.56828075619063,-0.0,609.8780691099241,608.0881844142265,1217.9662535241505,355.13139772289634,3.42962143402063,1217.9662535241505,0.0
0.125,0.0,5.386764450136972,-5.386764450136972,-55.928046920012086,142.41613980553,-142.10107224185907,-0.0,767.1621990301659,765.4650042787921,1532.627203308958,355.35105242405496,4.312994693146459,1532.6272033089583,-2.2737367544323206e-13
0.1255,0.0,4.2520425514217095,-4.2520425514217095,-108.342657664485,142.17286733090995,-143.98787697575287,-0.0,604.5250815486626,612.2425797897755,1216.767661338438,355.65492841515936,3.4212028686358975,1216.767661338438,0.0
0.126,-2.9488312557243312,2.9488312557243312,0.0,-139.61961975810192,142.1894941905736,-128.948323611328,411.71469865503735,419.2928247047967,-0.0,831.0075233598341,355.7791367848814,2.335739894333082,831.0075233598341,0.0
0.1265,-3.994029126765533,3.994029126765533,0.0,-143.77911527198364,142.33839829802167,-84.71920721369611,574.2579742168817,568.5037086594522,-0.0,1142.761682876334,355.7324777938466,3.2124187534504083,1142.7616828763337,2.2737367544323206e-13
0.127,-5.0050249717162325,5.0050249717162325,0.0,-141.61705641828746,142.6678805572601,-32.06010398588236,708.7969037944753,714.0563048509156,-0.0,1422.8532086453909,355.88183342335014,3.9981057615626936,1422.853208645391,-2.2737367544323206e-13
0.1275,-5.433355135527664,5.433355135527664,0.0,-142.54155780135278,141.89418758617725,12.771849355140692,774.4789051060935,770.9615128228819,0.0,1545.4404179289754,356.2321105792918,4.338296217642581,1545.4404179289754,0.0
0.128,-5.000765135065107,5.000765135065107,0.0,-142.7856214318321,142.820355888549,62.24998361149666,714.0373574449111,714.2110563050463,0.0,1428.2484137499573,356.3853183929288,4.007596104661241,1428.2484137499575,-2.2737367544323206e-13
0.1285,-5.805227003450113,5.805227003450113,0.0,-142.5849693240399,144.00157025868498,113.92102131214581,827.7381142060225,835.9618042049368,0.0,1663.6999184109593,356.7243027316418,4.663825552873909,1663.699918410959,2.2737367544323206e-13
0.129,-2.7607008712674874,0.0,2.7607008712674874,-142.60104589366387,125.40053104531823,141.6563323395492,393.6788316422928,0.0,391.07076011035025,784.749591752643,356.8053353878744,2.199377402525556,784.749591752643,0.0
0.1295,-3.716240178893422,0.0,3.716240178893422,-142.7826296155181,78.281447099174,143.8318775072908,530.6145450252461,0.0,534.5138021982712,1065.1283472235173,356.7097769930823,2.9859802447864316,1065.1283472235173,0.0
0.13,-4.70041753459617,0.0,4.70041753459617,-142.98780510384177,26.124090456541133,141.9612565330553,672.1023863435175,0.0,667.2771794412781,1339.3795657847957,356.80044992789954,3.7538617623813284,1339.379565784796,-2.2737367544323206e-13
0.1305,-5.666656890843606,0.0,5.666656890843606,-142.13438232501557,-18.581920333994933,142.99725188106953,805.4267770278491,-0.0,810.3163627435614,1615.7431397714104,357.0865626500601,4.5247940101146185,1615.7431397714104,0.0
0.131,-4.555365946633485,0.0,4.555365946633485,-143.5814675665297,-69.55758465910888,143.09889412216418,654.0661279202296,-0.0,651.8678292850173,1305.9339572052468,357.3135241529295,3.65486853681561,1305.9339572052468,0.0
0.1315,-5.327813372231803,0.0,5.327813372231803,-143.51362769523567,-119.72707904965431,142.90761965467576,764.6138247321729,-0.0,761.3851269899978,1525.9989517221707,357.55798179957486,4.2678363493436215,1525.9989517221707,0.0
0.132,0.0,-3.5531748987061658,3.5531748987061658,-120.73162160851626,-143.393736090167,142.97873539557295,-0.0,509.5030237072778,508.0284536563006,1017.5314773635785,357.73909414344405,2.844339615159798,1017.5314773635783,1.1368683772161603e-13
0.1325,0.0,-4.370619319310391,4.370619319310391,-70.91802006052195,-143.84274886032097,143.27772129360395,-0.0,628.6818971116315,626.2123767125952,1254.8942738242267,357.78682455964673,3.507379779478221,1254.8942738242267,0.0
0.133,0.0,-5.25262510231533,5.25262510231533,-19.605072376990915,-142.48460643164321,143.37869480470877,-0.0,748.4182204363694,753.1145314684219,1501.5327519047914,357.99807391778944,4.1942481295293295,1501.532751904791,4.547473508864641e-13
0.1335,0.0,-4.078017493008615,4.078017493008615,25.395222403422306,-143.59600999727212,142.57626587242285,0.0,585.5870406951157,581.4285063155876,1167.0155470107034,358.3410850455244,3.2567171215169015,1167.0155470107034,0.0
0.134,0.0,-4.925358554462939,4.925358554462939,77.9536701733797,-143.503456829409,144.5127390411176,0.0,706.8059786897327,711.777055465039,1418.5830341547717,358.4957014477407,3.9570433576358064,1418.5830341547714,2.2737367544323206e-13
0.1345,0.0,-5.608434472773701,5.608434472773701,125.83000464143153,-143.39919066856888,142.54130147219064,0.0,804.2449643134505,799.4335489706626,1603.6785132841133,358.80199431157337,4.469536230870347,1603.6785132841133,0.0
0.135,3.6910559626685444,-3.6910559626685444,0.0,144.8884470651799,-143.47197946218787,114.71346188995388,534.791366461718,529.5631052697674,0.0,1064.3544717314853,358.943961003881,2.96523855354674,1064.3544717314855,-2.2737367544323206e-13
0.1355,4.417819346827802,-4.417819346827802,0.0,143.85749257987646,-143.8385201931823,62.44150576197993,635.5364139055151,635.4525973285222,0.0,1270.9890112340372,359.00809084424094,3.5402795748841993,1270.9890112340372,0.0
0.136,5.2299664057008455,-5.2299664057008455,0.0,143.09701760411355,-143.72509199420026,12.306664601447387,748.3925948254963,751.6774027859309,0.0,1500.0699976114272,359.2217060250686,4.175889074773069,1500.0699976114272,0.0
0.1365,5.9923361293157935,-5.9923361293157935,0.0,144.16137930935247,-143.10469604075146,-33.48363011201448,863.8634416874311,857.5314403597498,-0.0,1721.394882047181,359.59329487828944,4.787060566938036,1721.3948820471808,2.2737367544323206e-13
0.137,4.701556175107924,-4.701556175107924,0.0,143.92333007129417,-145.47569222311438,-87.45774904465503,676.6636212387891,683.9621390996832,-0.0,1360.6257603384724,359.727092413654,3.7823833373491764,1360.6257603384722,2.2737367544323206e-13
0.1375,5.371980371716007,-5.371980371716007,0.0,143.86842362891514,-140.5475251035385,-131.81377819027878,772.8583478442555,755.0185461494716,-0.0,1527.8768939937272,359.98055928425117,4.244331685665477,1527.876893993727,2.2737367544323206e-13
0.138,3.5645477776806014,0.0,-3.5645477776806014,143.91963164109254,-106.98503171464733,-145.86273285400313,513.0084031308671,-0.0,519.9346802411561,1032.9430833720232,359.99967195394225,2.869288957308206,1032.9430833720232,0.0
0.1385,4.247760143850284,0.0,-4.247760143850284,144.31505355150745,-52.947369235969795,-143.80807054829347,613.0157326337127,-0.0,610.8621904390509,1223.8779230727637,360.03196848611367,3.3993590297522935,1223.8779230727637,0.0
0.139,5.015377136793154,0.0,-5.015377136793154,143.91886719404664,-4.273415179806438,-143.68656581336685,721.8073960781918,-0.0,720.6423170446849,1442.4497131228768,360.20719565019107,4.004499994840987,1442.4497131228766,2.2737367544323206e-13
0.1395,5.722798508900704,0.0,-5.722798508900704,143.6538810994688,42.86041793354008,-144.55190964712688,822.1022165538391,0.0,827.241452987327,1649.343669541166,360.5307608172602,4.574765453584022,1649.343669541166,0.0
0.14,4.2926570587013995,0.0,-4.2926570587013995,146.22657196751686,97.63934117225017,-144.27879431165408,627.7005263260694,0.0,619.3393848228492,1247.0399111489187,360.78041039516114,3.45650671493788,1247.0399111489187,0.0
0.1405,5.0215660237653,0.008025338516916142,-5.029591362282216,137.134041578596,137.15410890220957,-144.25523507462805,688.6276438926956,1.1007081529262135,725.5448842953398,1415.2732363409616,360.9487959093179,3.9209806276692065,1415.2732363409616,0.0
0.14100000000000001,0.0,3.368408350988255,-3.368408350988255,97.60369410254205,146.24804822819942,-144.30116934709696,0.0,492.6231469676,486.0652638861318,978.6884108537317,360.8356246231897,2.7122832227991567,978.6884108537316,1.1368683772161603e-13
0.14150000000000001,0.0,4.040681456191685,-4.040681456191685,42.82714779370565,143.76966214317986,-144.6703471093292,0.0,580.9274077848905,584.5667888254808,1165.4941966103713,360.8259458005741,3.2300731423968374,1165.4941966103713,0.0
0.14200000000000002,0.0,4.777376432036392,-4.777376432036392,-4.4057585470879905,144.2216759882729,-143.9823006628806,-0.0,689.0012358551637,687.8576498172234,1376.8588856723873,360.95682470976135,3.814469741026489,1376.858885672387,2.2737367544323206e-13
0.14250000000000002,0.0,5.442858303201624,-5.442858303201624,-53.42006960468369,144.79335645136518,-144.2988957137721,-0.0,788.0897224097454,785.3984426785298,1573.4881650882753,361.2294131784669,4.35592481587563,1573.4881650882755,-2.2737367544323206e-13
0.14300000000000002,0.0,5.902424961378407,-5.902424961378407,-107.9242741449041,144.56670161273027,-146.50452769135745,-0.0,853.2941081831232,864.7319812004223,1718.0260893835455,361.6227449707294,4.7508795098676835,1718.0260893835452,2.2737367544323206e-13
0.14350000000000002,-2.479112058720598,2.479112058720598,0.0,-141.4786230695711,144.57652873790713,-132.03644549703776,350.74136050295994,358.42141580211063,-0.0,709.1627763050706,361.7522188499425,1.9603550147103217,709.1627763050706,0.0
0.14400000000000002,-3.162194299140784,3.162194299140784,0.0,-146.17526454117456,144.67050813751425,-86.85378089708597,462.2345882074982,457.476256086248,-0.0,919.7108442937462,361.5749664483749,2.5436242263333266,919.710844293746,1.1368683772161603e-13
0.1445,-3.8352836470157965,3.8352836470157965,0.0,-143.86087640089417,144.92874360754575,-32.44562395276084,551.7472667057101,555.8428403405654,-0.0,1107.5901070462755,361.5232289623936,3.063676185414601,1107.5901070462755,0.0
0.145,-4.5434697921021145,4.5434697921021145,0.0,-144.7112114972885,144.01994280738336,13.777623918301325,657.4910180164305,654.3502596056205,0.0,1311.8412776220512,361.6103094068582,3.6277762096269788,1311.8412776220512,0.0
0.1455,-5.165499999986856,5.165499999986856,0.0,-144.95372679057323,145.10048401207098,65.03045589462448,748.7584757348006,749.5165501624454,0.0,1498.275025897246,361.8331247118392,4.140790114477383,1498.275025897246,0.0
0.146,-5.585224319485755,5.585224319485755,0.0,-144.75525936645292,145.94081834629264,117.75823001589231,808.490594986981,815.1122078333666,0.0,1623.6028028203477,362.16568712520535,4.483038732101219,1623.6028028203475,2.2737367544323206e-13
0.1465,-2.397539130090823,0.0,2.397539130090823,-144.80291536158896,125.02713465262627,144.5547949840698,347.17065573063906,0.0,346.57577741656394,693.746433147203,362.3105808671873,1.914783806442326,693.746433147203,0.0
0.147,-2.9939420386478144,0.0,2.9939420386478144,-144.97872154682258,75.07322010231277,145.76391054675972,434.0578891484478,0.0,436.40869950364345,870.4665886520913,362.1043018273142,2.403911205305737,870.4665886520913,0.0
0.1475,-3.6759908945676445,0.0,3.6759908945676445,-145.0236561469794,22.0493489190547,144.06169236665943,533.1056394932052,0.0,529.5694693958452,1062.6751088890505,362.0196321359249,2.935407404894703,1062.6751088890503,2.2737367544323206e-13
0.148,-4.36305967907212,0.0,4.36305967907212,-144.06902943669428,-23.91038457555557,145.0703164526979,628.5817733382952,-0.0,632.950448344999,1261.5322216832942,362.0728477546774,3.4841944915406797,1261.5322216832942,0.0
0.1485,-4.940475725193039,0.0,4.940475725193039,-145.9485071739343,-77.31223254896295,145.02124401023002,721.0550568209845,-0.0,716.4739356698378,1437.5289924908225,362.2569563764164,3.9682577992984216,1437.5289924908225,0.0
0.149,-5.36291683763597,0.0,5.36291683763597,-144.20965741784872,-126.57882512391353,144.89360153671365,773.3843999158958,-0.0,777.0523353469587,1550.4367352628544,362.54029843390117,4.276591435380892,1550.4367352628544,0.0
0.1495,0.0,-3.364725391691213,3.364725391691213,-116.12684590358812,-146.35037803077572,144.9450112648191,-0.0,492.42883304375897,487.70015980170575,980.1289928454647,362.63065098931287,2.7028299736150827,980.1289928454647,0.0
0.15,0.0,-3.864143973787994,3.864143973787994,-62.7983724147306,-145.28519274601706,145.28212128252426,-0.0,561.402902030149,561.3910334530026,1122.7939354831515,362.60596357093397,3.0964574449518327,1122.7939354831515,0.0
0.1505,0.0,-4.473123160098606,4.473123160098606,-11.756620730807507,-144.49237355261735,145.09690906821413,-0.0,646.3321825958319,649.0363444117501,1295.368527007582,362.6882518041929,3.5715756453752516,1295.3685270075819,2.2737367544323206e-13
0.151,0.0,-5.055238750442729,5.055238750442729,35.001714876212944,-145.4884082769883,144.4312110709709,0.0,735.478639262064,730.1342549793451,1465.612894241409,362.8903950348455,4.038720545636591,1465.612894241409,0.0
0.1515,0.0,-5.490002920088109,5.490002920088109,90.13903750382069,-145.29986202560843,146.95902231673142,0.0,797.6966668089897,806.8054616521491,1604.502128461139,363.20102516151474,4.417669602522791,1604.502128461139,0.0
0.152,0.0,-5.886803662765357,5.886803662765357,134.3988353050788,-145.3079822137327,141.17809664369102,0.0,855.3995619248451,831.0877364243219,1686.4872983491668,363.582798223262,4.638523347613274,1686.4872983491668,0.0
0.1525,2.6194736924271753,-2.6194736924271753,0.0,147.3181523964164,-145.3040316976299,105.37361305043821,385.8960246193902,380.62008843554594,0.0,766.5161130549361,363.4347007637215,2.1090889544784237,766.5161130549361,0.0
0.153,3.146321688829473,-3.146321688829473,0.0,144.9631750572253,-145.62626558112925,50.04245098010174,456.1007817641316,458.18707786114794,0.0,914.2878596252796,363.2605898871727,2.516892514845207,914.2878596252795,1.1368683772161603e-13
0.1535,3.778322189810454,-3.778322189810454,0.0,144.9675626838521,-145.02896241595616,1.1205077426104586,547.7341588911363,547.9661468613936,0.0,1095.7003057525299,363.20195159922037,3.0167797858134686,1095.7003057525299,0.0
0.154,4.369995010772224,-4.369995010772224,0.0,145.6391747365854,-144.8705072840185,-47.36457066217373,636.4424669718624,633.083394039202,-0.0,1269.5258610110643,363.2667961080508,3.4947478674419066,1269.5258610110645,-2.2737367544323206e-13
0.1545,4.786742211257242,-4.786742211257242,0.0,145.3180597445311,-147.3421666993837,-102.84511463700238,695.6000906371488,705.2889688380412,-0.0,1400.8890594751902,363.43979388073217,3.854528543825092,1400.8890594751902,0.0
0.155,3.795819181032827,-2.086063943117516,-1.7097552379153107,145.34363533718277,-135.81096605182785,-140.24146593102634,551.6981588539189,283.3103593606751,239.77858094849387,1074.787099163088,363.6721164546782,2.9553739495918454,1074.7870991630878,2.2737367544323206e-13
0.1555,3.3376008562310555,0.0,-3.3376008562310555,145.41992777000985,-92.9135926120423,-147.2014062825087,485.3536754382431,-0.0,491.29953964691657,976.6532150851597,363.54782079083196,2.6864504728996277,976.6532150851597,0.0
0.156,3.8463159633147583,0.0,-3.8463159633147583,145.74611460596248,-37.503109268787014,-144.71658283687276,560.5856072000157,-0.0,556.6257027218263,1117.211309921842,363.51485439985385,3.073358066113436,1117.211309921842,0.0
0.1565,4.417363357774248,0.0,-4.417363357774248,144.89944755038286,9.695234308191573,-145.4084483662247,640.0735101707928,0.0,642.3219517237698,1282.3954618945627,363.5902229961593,3.5270350542624707,1282.3954618945625,2.2737367544323206e-13
0.157,4.922008113549209,0.0,-4.922008113549209,145.63162724648024,60.60532617875004,-145.7687885654327,716.8000508965498,0.0,717.4751600212988,1434.2752109178487,363.77529921948604,3.942750412123144,1434.2752109178487,0.0
0.1575,5.231763082020419,0.0,-5.231763082020419,147.10377819124298,114.80827244545709,-145.51614425216994,769.6121159666654,0.0,761.3059913364605,1530.918107303126,364.0483496298112,4.20526039703206,1530.918107303126,0.0
0.158,0.0,3.1099574112592383,-3.1099574112592383,128.43256836024082,144.46626579201504,-145.57597750177,0.0,449.28393397682413,452.7350901329378,902.0190241097619,364.2495448895469,2.476376530225413,902.019024109762,-1.1368683772161603e-13
0.1585,0.0,3.534779633159643,-3.534779633159643,79.41232953007928,146.81251777782745,-145.77310341289308,0.0,518.9498977339524,515.2757970063689,1034.2256947403212,364.170319717295,2.8399505361754622,1034.2256947403214,-2.2737367544323206e-13
0.159,0.0,4.027733118532549,-4.027733118532549,25.22750987903071,144.89947393078106,-145.92701275612302,0.0,583.6164100089505,587.7550621663584,1171.371472175309,364.1748125084834,3.216508753328518,1171.3714721753088,2.2737367544323206e-13
0.1595,0.0,4.543103400468431,-4.543103400468431,-21.3125597990041,145.91655061281642,-144.969915456894,-0.0,662.9139772737102,658.6133158778362,1321.5272931515465,364.2809400861605,3.6277695254628908,1321.5272931515462,2.2737367544323206e-13
0.16,0.0,4.964842350060716,-4.964842350060716,-74.89296693853122,145.93754307012668,-146.68438125595955,-0.0,724.5568942983748,728.2648281520403,1452.821722450415,364.4848459465556,3.985959193111261,1452.821722450415,0.0
0.1605,0.0,5.22656417577743,-5.22656417577743,-125.67447931464471,145.7812204281424,-145.58533113831203,-0.0,761.9349041908418,760.911076246196,1522.8459804370377,364.75796078470887,4.174949265427732,1522.8459804370377,0.0
0.161,-3.1688440334418138,3.1688440334418138,0.0,-147.02753018998476,145.8225082399245,-118.54645213584953,465.90731179421937,462.0887851776045,-0.0,927.9960969718238,364.83544852174447,2.5436017819318746,927.9960969718239,-1.1368683772161603e-13
0.1615,-3.530534028939016,3.530534028939016,0.0,-146.24443887153032,146.12971187183234,-65.01577194990398,516.3209679790295,515.9159204025577,-0.0,1032.2368883815873,364.7577771868965,2.8299242756178016,1032.2368883815875,-2.2737367544323206e-13
0.162,-4.014968600341351,4.014968600341351,0.0,-145.29154432130727,145.95387471008416,-13.065012574868655,583.3409883451525,586.0002240591435,-0.0,1169.3412124042961,364.7606808236356,3.2057764827171185,1169.341212404296,2.2737367544323206e-13
0.1625,-4.490228246571768,4.490228246571768,0.0,-146.27360965026932,145.2022863821054,34.10852951749092,656.801893779652,651.9914077797328,0.0,1308.7933015593849,364.86042283329317,3.5871067938694465,1308.7933015593849,0.0
0.163,-4.835321373766967,4.835321373766967,0.0,-146.04532329876426,147.66949619423897,89.71149513067836,706.1760732852216,714.0294712014036,0.0,1420.205544486625,365.0484700923191,3.8904574620665073,1420.205544486625,0.0
0.1635,-5.147906233038653,5.147906233038653,0.0,-145.99070613197594,142.0478352315585,134.70925416896614,751.5464660625132,731.2489363781876,0.0,1482.7954024407009,365.29103173421385,4.059216552350468,1482.7954024407009,0.0
0.164,-3.132341043605869,0.0,3.132341043605869,-146.02157646941313,106.21218345257198,148.04175479919016,457.3893772271757,0.0,463.71726472493947,921.1066419521152,365.23296661892374,2.5219701564157493,921.1066419521153,-1.1368683772161603e-13
0.1645,-3.498748584973928,0.0,3.498748584973928,-146.38168001029896,50.365966586062704,145.71782683721577,512.1526958021398,0.0,509.8300404521845,1021.9827362543242,365.1456575928966,2.79883579334179,1021.9827362543244,-2.2737367544323206e-13
0.165,-3.9772955459497625,0.0,3.9772955459497625,-145.7985095091706,0.9397156461107322,145.74700743677244,579.8837624769383,0.0,579.6789235137819,1159.5626859907202,365.1419641853228,3.1756489248718616,1159.5626859907202,0.0
0.1655,-4.422617150122496,0.0,4.422617150122496,-145.67158960633427,-48.13479738761327,146.42521881497862,644.2496704785798,-0.0,647.5826839415636,1291.8323544201435,365.2318231665425,3.537020249823848,1291.8323544201435,0.0
0.166,-4.6995991238783255,0.0,4.6995991238783255,-148.13437283916366,-104.17122527810594,146.0985444446059,696.1721688111987,-0.0,686.6045914717685,1382.7767602829672,365.40125073732025,3.7842693682431263,1382.7767602829672,0.0
0.1665,-1.2053015259248365,-2.053500879212432,3.2588024051372684,-135.9727185767736,-141.39374997272284,146.1130318939079,163.88812518473358,290.35218988412913,476.1534997577655,930.3938148266282,365.5972357256999,2.544860091679368,930.393814826628,1.1368683772161603e-13
0.167,0.0,-3.105096462967902,3.105096462967902,-91.98933685897492,-147.91435264505034,146.18459173269187,-0.0,459.28833322033273,453.9172587295883,913.205591949921,365.4353875078048,2.4989522721863304,913.205591949921,0.0
0.1675,0.0,-3.5073032869710796,3.5073032869710796,-36.10810023040851,-145.4200161061137,146.47553637135502,-0.0,510.03210048035993,513.7341301761054,1023.7662306564653,365.3448591514221,2.802191422740539,1023.7662306564654,-1.1368683772161603e-13
0.168,0.0,-3.9794736769904313,3.9794736769904313,11.38495476608678,-146.14821719706237,145.559933226902,0.0,581.59298327479,579.2519227009413,1160.8449059757313,365.3424974790974,3.1774154772184624,1160.844905975731,2.2737367544323206e-13
0.1685,0.0,-4.393745459120118,4.393745459120118,63.15573630704329,-146.41507197774902,146.41029795815655,0.0,643.31055764898,643.2895818220738,1286.6001394710538,365.4311120202805,3.52077340201852,1286.6001394710538,0.0
0.169,0.0,-4.6262743046973,4.6262743046973,117.32823603092599,-146.12715866597276,147.5155210404697,0.0,676.0243193548151,682.447264533559,1358.471583888374,365.5896882234802,3.7158367088788293,1358.471583888374,0.0
0.1695,2.7817664186550743,-2.7817664186550743,0.0,145.61015627523213,-146.1394378263368,127.1477786931354,405.05344294155816,406.52578058643485,0.0,811.579223527993,365.65661265982953,2.219511955833287,811.5792235279929,1.1368683772161603e-13
0.17,3.1256721783351424,-3.1256721783351424,0.0,147.18374867322558,-146.33136472701105,76.70650563375975,460.0481483309731,457.38387554503083,0.0,917.432023876004,365.5023076775584,2.510058088840717,917.432023876004,0.0
0.1705,3.565597425886992,-3.565597425886992,0.0,145.41174891863974,-146.3903773812537,22.58880731591273,518.4797576380274,521.9691527652235,0.0,1040.448910403251,365.4194755102603,2.8472727375857585,1040.448910403251,0.0
0.171,4.0302251055591976,-4.0302251055591976,0.0,146.41617859330185,-145.40341139707178,-24.249929479605868,590.0901588267643,586.008479046431,-0.0,1176.0986378731955,365.428148035122,3.218412823962751,1176.0986378731952,2.2737367544323206e-13
0.1715,4.402695354490418,-4.402695354490418,0.0,146.32398400647673,-147.30158273603323,-78.66887770267893,644.2199246358454,648.5239940210195,-0.0,1292.743918656865,365.5249259820455,3.536677875479179,1292.7439186568647,2.2737367544323206e-13
0.17200000000000001,4.6454767836068,-4.6454767836068,0.0,146.14847265715647,-145.21417747348366,-128.4205853740597,678.9293366884136,674.589090103626,-0.0,1353.5184267920395,365.68129042141635,3.701360890605657,1353.5184267920395,0.0
0.17250000000000001,2.862349691832348,0.0,-2.862349691832348,146.15093868170814,-115.77954860995081,-147.7023277588279,418.3350942965957,-0.0,422.77571234340144,841.1108066399971,365.63956924508545,2.3003823365632696,841.1108066399971,0.0
0.17300000000000001,3.1958438991266336,0.0,-3.1958438991266336,146.4561360667362,-61.21010857520804,-146.33660256467178,468.050948938539,-0.0,467.6689385252252,935.7198874637643,365.4964965844092,2.5601336707961178,935.7198874637643,0.0
0.17350000000000002,3.6606081433971114,0.0,-3.6606081433971114,146.14525959398264,-9.778158934218737,-145.63206042480368,534.9805273886177,-0.0,533.1019063307366,1068.0824337193544,365.43054980921914,2.9228055352158417,1068.0824337193542,2.2737367544323206e-13
0.17400000000000002,4.115060842619236,0.0,-4.115060842619236,145.49400426409073,37.936120737322284,-146.5254737294808,598.7166797830359,0.0,602.96123939042,1201.6779191734558,365.45748688419326,3.288146945404475,1201.677919173456,-2.2737367544323206e-13
0.17450000000000002,4.43346089557857,0.0,-4.43346089557857,148.03807381878667,93.97597412055659,-146.22442652837498,656.3210113323644,0.0,648.2802769919521,1304.6012883243166,365.56819860205275,3.5686946876483336,1304.6012883243166,0.0
0.17500000000000002,4.783591250659,0.0,-4.783591250659,140.7104614589853,136.99765033088065,-146.16603930646934,673.1013323113924,0.0,699.1985867699062,1372.2999190812986,365.7299102847585,3.752222283413521,1372.2999190812986,0.0
0.17550000000000002,0.0,2.932859922627277,-2.932859922627277,102.33748734986668,148.2131182439683,-146.18365272391696,0.0,434.6883145053523,428.73617641723985,863.4244909225922,365.59043206182537,2.361726170056271,863.4244909225921,1.1368683772161603e-13
0.176,0.0,3.3025656674955206,-3.3025656674955206,46.171313017051105,145.69835354411353,-146.52401854896073,0.0,481.17838022541366,483.9051931232745,965.0835733486881,365.46283445708184,2.640716051968406,965.0835733486882,-1.1368683772161603e-13
0.1765,0.0,3.777009466688341,-3.777009466688341,-2.6523770002847944,145.95608129691604,-145.8111227099991,-0.0,551.277500779185,550.729990824122,1102.0074916033068,365.4196034507472,3.0157317264776684,1102.0074916033068,0.0
0.177,0.0,4.214304627784707,-4.214304627784707,-52.51977439383097,146.50106146176486,-145.92914290253879,-0.0,617.4001012936875,614.9898622628251,1232.3899635565126,365.4689462941737,3.3720784653603255,1232.3899635565124,2.2737367544323206e-13
0.1775,0.0,4.477611437236451,-4.477611437236451,-108.29827759765719,146.1580348856253,-148.1410479673083,-0.0,654.4388886478802,663.3180507026134,1317.7569393504937,365.5952895614449,3.604414435785614,1317.7569393504934,2.2737367544323206e-13
0.178,-2.6072896438854563,2.6072896438854563,0.0,-142.934080553079,146.1600327417489,-133.65237181754168,372.6705479843325,381.0815397175211,-0.0,753.7520877018535,365.71443749248,2.061040009440023,753.7520877018537,-2.2737367544323206e-13
0.1785,-3.012770366810528,3.012770366810528,0.0,-147.76201789170372,146.2571792218215,-87.50111018356823,445.17302884425203,440.6392954928003,-0.0,885.8123243370524,365.5347990845799,2.4233324065326185,885.8123243370522,1.1368683772161603e-13
0.179,-3.429160650870532,3.429160650870532,0.0,-145.4077775526102,146.4887821894249,-31.97351426824185,498.62662911394636,502.3335676779199,-0.0,1000.9601967918663,365.42702482436425,2.7391520845316775,1000.9601967918663,0.0
0.1795,-3.9024410449905025,3.9024410449905025,0.0,-146.25774610091636,145.50887190003132,15.17877931365634,570.7622315320157,567.8397941129474,0.0,1138.602025644963,365.4092068513718,3.1159642513005514,1138.602025644963,0.0
0.18,-4.309761939608498,4.309761939608498,0.0,-146.3983639567873,146.67842970197287,67.79962297469505,630.9420970019145,632.1491136911033,0.0,1263.0912106930177,365.4823076416455,3.4559571948732346,1263.0912106930177,0.0
0.1805,-4.542904686256876,4.542904686256876,0.0,-146.1334152164776,147.02607046652017,120.9076510339865,663.870176805658,667.9254245242881,0.0,1331.7956013299463,365.6231020144582,3.6425367926485173,1331.7956013299463,0.0
0.181,-2.7727437592067656,0.0,2.7727437592067656,-146.13700346670183,123.97663151038519,146.43513465123644,405.200464351475,0.0,406.02710573281826,811.2275700842932,365.64299011990806,2.2186329069737156,811.2275700842932,0.0
0.1815,-3.1094955766971215,0.0,3.1094955766971215,-146.3638963722399,72.03368680531447,146.91458771757527,455.1178883576359,0.0,456.8302606600816,911.9481490177175,365.4848151679042,2.495173838067027,911.9481490177175,0.0
0.182,-3.5623212258943795,0.0,3.5623212258943795,-146.32059535963273,18.67755841175486,145.4481608111653,521.2409626351223,0.0,518.1330705249133,1039.3740331600357,365.4001159076588,2.8444819470793448,1039.3740331600357,0.0
0.1825,-4.0282319075039865,0.0,4.0282319075039865,-145.38542935839385,-28.257325153583466,146.4523436016977,585.6462254276489,-0.0,589.944003425096,1175.590228852745,365.4083196544225,3.2171961217646485,1175.590228852745,0.0
0.183,-4.389550847633628,0.0,4.389550847633628,-147.54240334269795,-83.30231576573287,146.27769597389937,647.6448816548424,-0.0,642.0933843521241,1289.7382660069666,365.5043158836066,3.5286539993078456,1289.7382660069666,0.0
0.1835,-4.656218213624265,0.0,4.656218213624265,-144.1012534275647,-131.2468951753049,146.1378534317762,670.9668808155128,-0.0,680.4497348489896,1351.4166156645024,365.6577499046588,3.695851150473002,1351.4166156645024,0.0
0.184,0.0,-2.8780369969493145,2.8780369969493145,-111.94031577623485,-147.9753546769386,146.14010770255794,-0.0,425.87854539692603,420.5966367061192,846.4751821030452,365.58410601534496,2.3154047678087943,846.4751821030454,-2.2737367544323206e-13
0.1845,0.0,-3.2226725486778043,3.2226725486778043,-56.64593709664243,-146.09721981224172,146.46703791641787,-0.0,470.82349972705845,472.01530237939096,942.8388021064494,365.4444453901544,2.5799784727877295,942.8388021064493,1.1368683772161603e-13
0.185,0.0,-3.694866499023627,3.694866499023627,-6.055353466771426,-145.70654045337412,146.0330301098659,-0.0,538.3662150098029,539.5725507038521,1077.938765713655,365.3847444306919,2.9501471589712853,1077.938765713655,0.0
0.1855,0.0,-4.148067498549352,4.148067498549352,42.17836099392349,-146.51281044053675,145.5687584904514,0.0,607.7450271095126,603.8290358984215,1211.574063007934,365.41858511409896,3.3155786606464748,1211.574063007934,0.0
0.186,0.0,-4.451936981295941,4.451936981295941,98.35607751422835,-146.1835434797666,148.14293458554693,0.0,650.7999232744561,659.5230089991019,1310.3229322735579,365.53502277981374,3.584671373782023,1310.3229322735579,0.0
0.1865,0.053030024301607526,-4.812346473263478,4.7593164489618704,139.0185886575861,-146.15464086433312,138.88082075229605,7.372159134886971,703.3467705145637,660.9777746517277,1371.6967043011782,365.7014014725012,3.750865320116425,1371.6967043011784,-2.2737367544323206e-13
0.187,2.9619930774901455,-2.9619930774901455,0.0,148.13650706929232,-146.18532554014112,98.04423778398184,438.77930846281384,432.99992228054134,0.0,871.7792307433551,365.5348444369876,2.3849415288605575,871.7792307433554,-2.2737367544323206e-13
0.1875,3.347806915204753,-3.347806915204753,0.0,145.5595185730855,-146.51124948289424,41.871046938461745,487.3051628528504,490.49137417412214,0.0,977.7965370269726,365.4143193805342,2.6758571987123396,977.7965370269725,1.1368683772161603e-13
0.188,3.824655534624815,-3.824655534624815,0.0,146.03821917741163,-145.69797027501585,-6.319997767384264,558.5458832436392,557.2445483959411,-0.0,1115.7904316395802,365.3804616682163,3.0537769494986673,1115.7904316395802,0.0
0.1885,4.256269633918669,-4.256269633918669,0.0,146.46283321092318,-146.1098474722325,-56.967304920583736,623.3853094933471,621.8829070125516,-0.0,1245.2682165058986,365.4391704339697,3.4075937043834306,1245.2682165058986,0.0
0.189,4.507881572322501,-4.507881572322501,0.0,146.13462349568258,-147.95410779448707,-112.21281693383636,658.7575763344743,666.9595960761851,-0.0,1325.7171724106593,365.57267123720356,3.6264121383145227,1325.7171724106595,-2.2737367544323206e-13
0.1895,2.6728992449431157,0.0,-2.6728992449431157,146.14053142093994,-131.05784714000586,-144.18796663620148,390.61891609061604,-0.0,385.39990715178607,776.018823242402,365.66430760486526,2.1222164895594995,776.0188232424022,-1.1368683772161603e-13
0.19,3.048577300606148,0.0,-3.048577300606148,146.27588467727577,-82.9764262429004,-147.52113107694387,445.93334165322557,-0.0,449.72957156091525,895.6629132141409,365.49329846990906,2.4505590580284755,895.6629132141408,1.1368683772161603e-13
0.1905,3.4783774013711857,0.0,-3.4783774013711857,146.44395259083274,-27.9752612058057,-145.37956286412924,509.38733525942587,-0.0,505.6849860878088,1015.0723213472347,365.3939892279471,2.7780213995638356,1015.0723213472346,1.1368683772161603e-13
0.191,3.9508796664471206,0.0,-3.9508796664471206,145.4388182879229,18.944309607545442,-146.3195930092694,574.6112698858523,0.0,578.0911048231408,1152.702374708993,365.3859694575312,3.154752702793564,1152.7023747089931,-2.2737367544323206e-13
0.1915,4.347011305195105,0.0,-4.347011305195105,146.92586019413756,72.3497273454815,-146.35457245777937,638.6883752894314,0.0,636.204981040963,1274.8933563303945,365.4682808182107,3.4883830505787317,1274.8933563303945,0.0
0.192,4.5818679176062815,0.0,-4.5818679176062815,146.37367258765812,124.18849813332656,-146.12570909954547,670.6648344115968,0.0,669.5286984606757,1340.1935328722725,365.6153750822199,3.6655830805006184,1340.1935328722725,0.0
0.1925,0.0,2.8144622502954495,-2.8144622502954495,120.6701264500529,147.0593038427206,-146.12837052094437,0.0,413.89285922006565,411.2727825283843,825.16564174845,365.60949136198207,2.2569590266229476,825.16564174845,0.0
0.193,0.0,3.1482656517032948,-3.1482656517032948,67.48616489051682,146.6518701453321,-146.3912695644235,0.0,461.699045536601,460.8786056789125,922.5776512155135,365.4582356651106,2.52444071902356,922.5776512155134,1.1368683772161603e-13
0.1935,0.0,3.608960127295144,-3.608960127295144,14.926946758614854,145.50277674737166,-146.2417884867545,0.0,525.1137196919913,527.7807835930271,1052.8945032850183,365.38219148085267,2.8816251252360057,1052.8945032850183,0.0
0.194,0.0,4.07206486534647,-4.07206486534647,-32.23780492767163,146.47940821693243,-145.39881944425397,-0.0,596.4736516969136,592.0734241218017,1188.5470758187153,365.39951101853916,3.252733077024869,1188.5470758187153,0.0
0.1945,0.0,4.417420649289692,-4.417420649289692,-87.78522194779232,146.24241224159942,-147.76286183466323,-0.0,646.0142516379769,652.7307170665811,1298.744968704558,365.5033962245056,3.5533047903796255,1298.744968704558,0.0
0.195,0.0,4.712548180878827,-4.712548180878827,-133.78928713696152,146.13907402432415,-142.82563870883942,-0.0,688.687427448645,673.0727038801979,1361.7601313288428,365.6620412425854,3.724094868314296,1361.7601313288428,0.0
0.1955,-2.9076750548790167,2.9076750548790167,0.0,-148.1351728186764,146.1459206970883,-108.03820877534757,430.72894675505756,424.9448479832506,-0.0,855.6737947383082,365.5624376328914,2.3407049156335944,855.6737947383081,1.1368683772161603e-13
0.196,-3.262670403293514,3.262670403293514,0.0,-145.9023273319786,146.4864761598493,-52.243535812323216,476.03120515768893,477.93709024950124,-0.0,953.9682954071902,365.4290709199334,2.610542978985401,953.9682954071902,0.0
0.1965,-3.7375623640994426,3.7375623640994426,0.0,-145.80036580574279,145.9334271822137,-2.4334521517281127,544.9379599074756,545.4352851002885,-0.0,1090.3732450077641,365.3777611083967,2.984235388875468,1090.3732450077641,0.0
0.197,-4.185596975035471,4.185596975035471,0.0,-146.5061042004919,145.68915097782613,46.418111719071284,613.2155065658105,609.7960696282752,0.0,1223.0115761940856,365.41985274364623,3.3468668081700192,1223.0115761940858,-2.2737367544323206e-13
0.1975,-4.47249153143171,4.47249153143171,0.0,-146.16326789933493,148.19440503381645,102.56245483556721,653.7139778861598,662.7982215193049,0.0,1316.5121994054648,365.5425346521588,3.6015294380398846,1316.5121994054646,2.2737367544323206e-13
0.198,-3.545275340013712,2.0533027974349385,1.4919725425787735,-146.15537611225412,136.87013680169161,140.79291666314361,518.1610507412037,281.03583478021613,210.05916585099175,1009.2560513724115,365.7032264188616,2.759767971574991,1009.2560513724114,1.1368683772161603e-13
0.1985,-2.988433266740052,0.0,2.988433266740052,-146.20688632377988,93.7277561519367,148.01077440282722,436.9295229164649,0.0,442.3203220613658,879.2498449778307,365.52041134770514,2.4054739972959682,879.2498449778309,-2.2737367544323206e-13
0.199,-3.387745670220944,0.0,3.387745670220944,-146.50448616921645,37.714717305468554,145.46984580433931,496.3199386877072,0.0,492.81484027135883,989.134778959066,365.406269002455,2.7069452904006432,989.1347789590661,-1.1368683772161603e-13
0.1995,-3.863937317873281,0.0,3.863937317873281,-145.6076984266797,-9.962215535019382,146.12968263935878,562.6190197204862,-0.0,564.6359339991977,1127.254953719684,365.380395919169,3.085154448103067,1127.254953719684,0.0
0.2,-4.286705698991044,0.0,4.286705698991044,-146.32762637675347,-61.42083761154212,146.43448921328627,627.2634699090613,-0.0,627.7215594394369,1254.9850293484983,365.4465500806759,3.434113768679573,1254.985029348498,2.2737367544323206e-13
0.2005,-4.527957192726626,0.0,4.527957192726626,-147.66332328185499,-115.93365616949342,146.12857237424197,668.6132067559922,-0.0,661.6639203448221,1330.2771271008144,365.584722688001,3.6387656391104333,1330.2771271008146,-2.2737367544323206e-13
0.201,0.0,-2.7228353834597625,2.7228353834597625,-128.27810654635618,-145.24491720960467,146.1350450122271,-0.0,395.4779998459954,397.901671322777,793.3796711687723,365.6475012043872,2.1697937728426986,793.3796711687725,-1.1368683772161603e-13
0.2015,0.0,-3.0768976119020524,3.0768976119020524,-78.46073592522275,-147.27365823322538,146.3088264720852,-0.0,453.1459673138902,450.1772787721507,903.3232460860409,365.4829050577078,2.471588229122265,903.3232460860409,0.0
0.202,0.0,-3.517352092975537,3.517352092975537,-24.083015598255667,-145.3893431864467,146.39892838662846,-0.0,511.3855105531869,514.9365771700833,1026.3220877232702,365.39034483183536,2.8088374590073455,1026.3220877232702,0.0
0.2025,0.0,-3.9874723972281974,3.9874723972281974,22.7457702025448,-146.38077318972492,145.39867226727853,0.0,583.6892925789494,579.7731922594021,1163.4624848383514,365.38991330293067,3.1841669473611596,1163.4624848383514,0.0
0.203,0.0,-4.370129818896428,4.370129818896428,76.88516021684859,-146.32043762135766,147.18456401904135,0.0,639.4393075630699,643.215652100883,1282.654959663953,365.4788796681529,3.5095186918285846,1282.6549596639527,2.2737367544323206e-13
0.20350000000000001,0.0,-4.6125009520316125,4.6125009520316125,127.25593908155136,-146.12852874300162,145.56359869297953,0.0,674.0179779460739,671.4122375525156,1345.4302154985894,365.62953057210655,3.6797635393218178,1345.4302154985896,-2.2737367544323206e-13
0.20400000000000001,2.8449073738185304,-2.8449073738185304,0.0,147.53433433599196,-146.13004815053768,117.1894702031077,419.7215156438719,415.7264515199215,0.0,835.4479671637935,365.59609871151537,2.285166526962939,835.4479671637934,1.1368683772161603e-13
0.20450000000000002,3.1803119358153533,-3.1803119358153533,0.0,146.40862430290977,-146.42406097726501,62.97985224637182,465.62509537684974,465.674188816551,0.0,931.2992841934008,365.45008794011187,2.5483624574910966,931.2992841934008,0.0
0.20500000000000002,3.6467354517996844,-3.6467354517996844,0.0,145.57869705463415,-146.16018985549076,11.236029171977293,530.8869955759407,533.0075459877908,0.0,1063.8945415637313,365.3811527314892,2.9117389706895054,1063.8945415637313,0.0
0.20550000000000002,4.106107792413172,-4.106107792413172,0.0,146.50050825521816,-145.44680323917225,-36.28836071266559,601.5468785392416,597.2202521619506,-0.0,1198.7671307011922,365.40575734548435,3.2806465322542255,1198.7671307011922,0.0
0.20600000000000002,4.4344631719069225,-4.4344631719069225,0.0,146.21523834643816,-147.95424525059212,-92.20715448589439,648.3860896188728,656.0976516910355,-0.0,1304.4837413099083,365.51542785830407,3.5688883201275035,1304.4837413099085,-2.2737367544323206e-13
0.20650000000000002,4.768404305769528,-4.768404305769528,0.0,146.14510197891374,-141.34884183196047,-136.10836382491948,696.878933543379,674.0084260070563,-0.0,1370.8873595504353,365.67748682854966,3.7488973451438783,1370.8873595504353,0.0
0.20700000000000002,2.9312546817864567,0.0,-2.9312546817864567,146.15929338781694,-103.99826385808639,-148.19605262589226,428.43011302963873,-0.0,434.4003730819188,862.8304861115575,365.5505693934068,2.360358752944456,862.8304861115574,1.1368683772161603e-13
0.20750000000000002,3.2982172513025163,0.0,-3.2982172513025163,146.5025702900093,-47.90837505435269,-145.73908873996362,483.19730469066815,-0.0,480.6791766712563,963.8764813619244,365.42257207045003,2.6377037299603323,963.8764813619244,0.0
0.20800000000000002,3.774517417174376,0.0,-3.774517417174376,145.83495623005078,1.178261165521063,-145.8995171697625,550.4565823231894,0.0,550.7002687146005,1101.15685103779,365.3786197383271,3.0137418873233592,1101.15685103779,0.0
0.2085,4.2164300780714346,0.0,-4.2164300780714346,145.84270388771327,50.73008052594997,-146.49331138909253,614.93556333942,0.0,617.6788043772543,1232.6143677166742,365.42778574445646,3.373072371072082,1232.6143677166745,-2.2737367544323206e-13
0.209,4.487349071264093,0.0,-4.487349071264093,148.16595146497818,106.64930858365557,-146.14893213532957,664.8723446993306,0.0,655.8212748837102,1320.6936195830408,365.55529112728993,3.612842302214584,1320.6936195830408,0.0
0.2095,0.0,2.589863609538397,-2.589863609538397,134.6293872962104,142.34506674369956,-146.1502999256386,0.0,368.6543083568218,378.50934330053366,747.1636516573554,365.69032104570283,2.04315949495414,747.1636516573556,-1.1368683772161603e-13
0.21,0.0,3.012786231227858,-3.012786231227858,89.32902045382984,147.8346471581737,-146.23342526971422,0.0,445.39418945657434,440.5700501978829,885.9642396544573,365.5095940508197,2.42391514224186,885.9642396544572,1.1368683772161603e-13
0.2105,0.0,3.4252199778119756,-3.4252199778119756,33.63576491651804,145.41206231793066,-146.48798179699895,0.0,498.0683008662161,501.75356176043783,999.8218626266539,365.40147505580154,2.736228315646422,999.8218626266539,0.0
0.211,0.0,3.9001722618901606,-3.9001722618901606,-13.640098039672319,146.2149493477045,-145.52813952577196,-0.0,570.2634897195919,567.5848131028969,1137.8483028224887,365.38301978895436,3.114124743617564,1137.8483028224887,0.0
0.2115,0.0,4.312850555913418,-4.312850555913418,-65.91805694653605,146.40315735918338,-146.5659896042567,-0.0,631.4149386040336,632.1172097427187,1263.5321483467524,365.45595819812814,3.4574129111933694,1263.5321483467526,-2.2737367544323206e-13
0.212,0.0,4.547763511005435,-4.547763511005435,-119.4803038476309,146.1259303154622,-147.23829992258982,-0.0,664.5461739003819,669.6049678104283,1334.1511417108102,365.59798900053937,3.6492299789669844,1334.1511417108102,0.0
0.2125,-2.764562823756565,2.764562823756565,0.0,-146.11683447816577,146.13121371615878,-125.28168745209715,403.9491685233286,403.988920830118,-0.0,807.9380893534466,365.63204853023046,2.209702602934289,807.9380893534466,0.0
0.213,-3.105333583338686,3.105333583338686,0.0,-147.01629531178372,146.34318497851737,-73.92486504984242,456.53463912971984,454.4444070065355,-0.0,910.9790461362554,365.47316062466444,2.492601767471011,910.9790461362552,2.2737367544323206e-13
0.2135,-3.5551497779779804,3.5551497779779804,0.0,-145.42256791463936,146.34211687593196,-20.257061775263576,516.9990100347179,520.2681443202972,-0.0,1037.267154355015,365.38729119393696,2.8388156330387084,1037.267154355015,0.0
0.214,-4.022603742748566,4.022603742748566,0.0,-146.43028852527644,145.3807239856395,26.615990409199625,589.0310266735294,584.8090444281296,0.0,1173.8400711016589,365.3941924929311,3.2125307276862864,1173.8400711016589,0.0
0.2145,-4.390588024801433,4.390588024801433,0.0,-146.28702480776917,147.43691102010501,81.4119675562895,642.2860593048215,647.3347359385875,0.0,1289.620795243409,365.4894314202672,3.5284762961052794,1289.6207952434088,2.2737367544323206e-13
0.215,-4.64829363300303,4.64829363300303,0.0,-146.132482936077,144.5708573702718,130.11186835564726,679.2666900066906,672.0077958320236,0.0,1351.274485838714,365.6433472675535,3.695608017858838,1351.274485838714,0.0
0.2155,-2.87204958655288,0.0,2.87204958655288,-146.13440258610487,113.52531341445226,147.86971914216295,419.70525052857465,0.0,424.68916572593963,844.3944162545142,365.582454037416,2.309723584732252,844.3944162545142,0.0
0.216,-3.213353078070711,0.0,3.213353078070711,-146.45346178715175,58.50756212970724,146.18282964697468,470.60668222785534,0.0,469.73704560719244,940.3437278350477,365.4415923057681,2.5731710556040213,940.3437278350476,1.1368683772161603e-13
0.2165,-3.684170097830802,0.0,3.684170097830802,-146.0704168355752,7.581066026239929,145.6655331531369,538.1482618833071,0.0,536.6566015273683,1074.8048634106754,365.3798357908993,2.9416096843006088,1074.8048634106756,-2.2737367544323206e-13
0.217,-4.139329569908084,0.0,4.139329569908084,-145.52492741127344,-40.41960528682917,146.51014835005444,602.3756351922117,-0.0,606.4537893570005,1208.829424549212,365.411654338672,3.3081304610740214,1208.829424549212,0.0
0.2175,-4.450387732623931,0.0,4.450387732623931,-148.09839523115872,-96.5555630034833,146.19119486311155,659.0952813580393,-0.0,650.6075002364263,1309.7027815944657,365.52684421996304,3.583054985713514,1309.7027815944655,2.2737367544323206e-13
0.218,-4.834934225515056,0.0,4.834934225515056,-139.6564860233524,-138.20381136212018,146.15110782302676,675.2299240894715,-0.0,706.6309933104933,1381.8609173999648,365.69256098114596,3.778750417269794,1381.8609173999648,0.0
0.2185,0.0,-2.9545579158058346,2.9545579158058346,-99.82933970667332,-148.1693789744734,146.17627954671568,-0.0,437.775011529065,431.8862838377953,869.6612953668603,365.53816152357615,2.379125866755145,869.6612953668604,-1.1368683772161603e-13
0.219,0.0,-3.334645171240915,3.334645171240915,-43.64185658059993,-145.60573196443804,146.51022917827856,-0.0,485.5434510002122,488.5596282667464,974.1030792669586,365.41571920936093,2.665739397786708,974.1030792669585,1.1368683772161603e-13
0.2195,0.0,-3.811449542787707,3.811449542787707,4.795288505204331,-145.99759113074458,145.73742105873228,0.0,556.462451963383,555.4708268613647,1111.9332788247477,365.37919240447656,3.0432309828793755,1111.9332788247477,0.0
0.22,0.0,-4.246273062326206,4.246273062326206,55.10892397229045,-146.47299943961104,146.0250210235358,0.0,621.9643518785418,620.0621131978579,1242.0264650763997,365.43540380405113,3.398757898515992,1242.0264650763997,0.0
0.2205,0.0,-4.503001152264558,4.503001152264558,110.5982676842749,-146.13809809507904,148.03988178196235,0.0,658.060024111892,666.6237582452853,1324.6837823571773,365.5674871498935,3.623636753598981,1324.6837823571773,0.0
0.221,2.650911684523838,-2.650911684523838,0.0,143.68530916677022,-146.1433325458679,132.1617488778339,380.8970649646113,387.41306786109413,0.0,768.3101328257054,365.6720352448165,2.101090755576438,768.3101328257054,0.0
0.2215,3.03833229682327,-3.03833229682327,0.0,147.61995933130234,-146.26290225660514,84.86649050161238,448.5184900920336,444.3952997533485,0.0,892.9137898453821,365.49842664005075,2.4430031014189266,892.913789845382,1.1368683772161603e-13
0.222,3.4631434092068996,-3.4631434092068996,0.0,145.3835138677947,-146.4596765316519,29.634362228838043,503.4839578585931,507.2108634951647,0.0,1010.6948213537578,365.39657961319415,2.7660215714763154,1010.6948213537579,-1.1368683772161603e-13
0.2225,3.936389183656345,-3.936389183656345,0.0,146.29100294742437,-145.4619830164288,-17.363530303260852,575.8583216684798,572.5949765790733,-0.0,1148.453298247553,365.3855739947804,3.143127096375072,1148.453298247553,0.0
0.223,4.3376347487609666,-4.3376347487609666,0.0,146.36943857598837,-146.81796169276925,-70.44340029689182,634.897162923841,636.8426923808123,-0.0,1271.7398553046532,365.46522446231825,3.4797834928772486,1271.7398553046535,-2.2737367544323206e-13
0.2235,4.5712033552914235,-4.5712033552914235,0.0,146.125621411761,-146.66362118464357,-122.83744906439888,667.9699308914861,670.429237258433,-0.0,1338.3991681499192,365.61093186545236,3.6607197747644493,1338.3991681499192,0.0
0.224,2.800783520918921,0.0,-2.800783520918921,146.12905789331015,-122.07692687027973,-146.81500049356612,409.27585727499,-0.0,411.19703400608324,820.4728912810733,365.61682407754125,2.2440786015554486,820.4728912810732,1.1368683772161603e-13
0.2245,3.1353156745388273,0.0,-3.1353156745388273,146.37754061652012,-69.38845285137076,-146.75858209370583,458.9397974954194,-0.0,460.13448281148914,919.0742803069086,365.4633673257207,2.514819165138868,919.0742803069083,2.2737367544323206e-13
0.225,3.5930473817715054,0.0,-3.5930473817715054,146.27396842971672,-16.49234030277632,-145.47574737137015,525.5692992877215,-0.0,522.7012532039545,1048.270552491676,365.38438729985353,2.868952776658764,1048.270552491676,0.0
0.2255,4.057472098367703,0.0,-4.057472098367703,145.38800282165732,30.55889286598354,-146.46770277914567,589.9077648862794,0.0,594.2886173383972,1184.1963822246767,365.3986235631585,3.240834272108282,1184.1963822246769,-2.2737367544323206e-13
0.226,4.409669137829685,0.0,-4.409669137829685,147.67225992490046,85.90956143845685,-146.25537832584547,651.1858071043969,0.0,644.9378280450853,1296.1236351494822,365.4999769659042,3.546166119923974,1296.1236351494822,0.0
0.2265,4.691615279859333,0.0,-4.691615279859333,143.3844849557224,132.74859106003652,-146.13728013878992,672.7048405130279,0.0,685.6198964562305,1358.3247369692585,365.6571815486903,3.714749239208874,1358.3247369692583,2.2737367544323206e-13
0.227,0.0,2.897299205239525,-2.897299205239525,109.69377009601959,148.08049167127038,-146.1420341313647,0.0,429.0334908306498,423.41719934089053,852.4506901715404,365.5689918783512,2.3318462700884837,852.4506901715404,0.0
0.2275,0.0,3.2476975257643654,-3.2476975257643654,54.08408664135593,145.98002550719565,-146.47820195691335,0.0,474.09896765073825,475.71689407388055,949.8158617246188,365.4333572349875,2.5991493193486743,949.8158617246188,0.0
0.228,0.0,3.721602682928879,-3.721602682928879,3.9523001429957794,145.75979067930476,-145.9749476228159,0.0,542.4600280552525,543.2607567134743,1085.7207847687268,365.3789044755115,2.971492802320486,1085.7207847687268,0.0
0.2285,0.0,4.171878991240059,-4.171878991240059,-44.62857333564966,146.50950219578652,-145.634265123326,-0.0,611.2199142276412,607.5685310726886,1218.7884453003298,365.41792446317817,3.3353274804206894,1218.7884453003298,0.0
0.229,0.0,4.465769188554686,-4.465769188554686,-100.80943935851207,146.17092132909679,-148.18151600757588,-0.0,652.7655967341315,661.7444484999554,1314.5100452340869,365.538399540006,3.5960929053917945,1314.5100452340869,0.0
0.2295,-0.8917323019605465,4.078224080428283,-3.1864917784677367,-140.07515441573454,146.15578557290422,-137.74246729866945,124.90953989462199,596.0560442173306,438.9152395930713,1159.8808237050239,365.70426386019756,3.1716360412697466,1159.8808237050239,0.0
0.23,-2.9781158617824737,2.9781158617824737,0.0,-148.07051855332244,146.1972088483703,-95.55158170355888,440.97115996600564,435.39222661965664,-0.0,876.3633865856623,365.5260376212607,2.397540247170312,876.363386585662,2.2737367544323206e-13
0.2305,-3.371740055408459,3.371740055408459,0.0,-145.50361448888614,146.5085031211041,-39.45080831634858,490.600365178888,493.98858843136196,-0.0,984.58895361025,365.4093580882035,2.694482042719298,984.58895361025,0.0
0.231,-3.8482441259584657,3.8482441259584657,0.0,-146.09198124587428,145.64459616145885,8.429025623522767,562.1976086790701,560.4759616559269,0.0,1122.6735703349968,365.3802908561629,3.0726166638718704,1122.6735703349968,0.0
0.2315,-4.274828687360702,4.274828687360702,0.0,-146.44695208409993,146.23347776110566,59.54465775861322,626.0356319456486,625.1230657856977,0.0,1251.1586977313464,365.44347995948175,3.42367224028752,1251.1586977313464,0.0
0.232,-4.519951692378185,4.519951692378185,0.0,-146.13081344767582,147.80103561528108,114.39168252769349,660.5042175514232,668.0535410645381,0.0,1328.5577586159611,365.57986434487844,3.634110869308258,1328.5577586159613,-2.2737367544323206e-13
0.2325,-2.703083529236945,0.0,2.703083529236945,-146.13733378224214,129.4722136823844,144.8244351196318,395.0214199533805,0.0,391.47254520292125,786.4939651563018,365.65479649717304,2.1509193170460223,786.4939651563017,1.1368683772161603e-13
0.233,-3.065098149721994,0.0,3.065098149721994,-146.29493806290972,80.36044723997088,147.37955272674964,448.4083439703183,0.0,451.73279436961536,900.1411383399336,365.4876265148918,2.462849828661046,900.1411383399336,0.0
0.2335,-3.501191048909098,0.0,3.501191048909098,-146.41946842418557,25.708908084301367,145.38238533639077,512.6425322327868,0.0,509.0115062088247,1021.6540384416115,365.39225536725445,2.796047325674023,1021.6540384416115,0.0
0.234,-3.9723114436670834,0.0,3.9723114436670834,-145.41320143435834,-21.141739066101408,146.3566561758304,577.6265241179684,-0.0,581.3742201840998,1159.0007443020681,365.388677900027,3.1719667696413385,1159.0007443020681,0.0
0.23450000000000001,-4.360744881624991,0.0,4.360744881624991,-147.07634478371511,-74.98109917298952,146.33493051870423,641.3624177236982,-0.0,638.1292992623881,1279.4917169860864,365.47489770050316,3.5009017720133415,1279.4917169860862,2.2737367544323206e-13
0.23500000000000001,-4.599045898169581,0.0,4.599045898169581,-145.92539845235834,-125.99359676574781,146.12736450188666,671.1176051910803,-0.0,672.0464563227331,1343.1640615138135,365.62409090535584,3.673620242549882,1343.1640615138135,0.0
0.23550000000000001,0.0,-2.8325438610604756,2.8325438610604756,-118.67394282059168,-147.35294040445382,146.12922468036547,-0.0,417.3836667518458,413.91743828989615,831.301105041742,365.60220124903356,2.27378583116214,831.3011050417418,1.1368683772161603e-13
0.23600000000000002,0.0,-3.1666629418825614,3.1666629418825614,-64.86832378266148,-146.50913748407012,146.41080096112972,-0.0,463.94505631798216,463.6336576949532,927.5787140129353,365.45399446951893,2.5381545366862888,927.5787140129354,-1.1368683772161603e-13
0.23650000000000002,0.0,-3.6308236738161273,3.6308236738161273,-12.780428529826327,-145.54545132532502,146.19571882359853,-0.0,528.4498702882429,530.8108769152875,1059.2607472035304,365.38204878702555,2.8990497774042367,1059.2607472035304,0.0
0.23700000000000002,0.0,-4.09179319761864,4.09179319761864,34.578280246369744,-146.49324974146498,145.42323027208886,0.0,599.4200827891749,595.0417844030623,1194.4618671922372,365.4035825439324,3.2688838431096316,1194.4618671922372,0.0
0.23750000000000002,0.0,-4.427326433148558,4.427326433148558,90.35893966789116,-146.2264406594618,147.87903303954462,0.0,647.3921859568642,654.7087518844248,1302.1009378412891,365.5108303441316,3.5624141058018717,1302.1009378412891,0.0
0.23800000000000002,0.0,-4.743589576631668,4.743589576631668,135.16230949131995,-146.14270646663653,141.99470485451886,0.0,693.2410190958784,673.5646018847857,1366.8056209806641,365.6714048743679,3.7377973851968314,1366.8056209806641,0.0
0.23850000000000002,2.9213291155663126,-2.9213291155663126,0.0,148.18216948552865,-146.15337741601923,105.71078967619847,432.88888612585686,426.9621167837689,0.0,859.8510029096258,365.5559432782626,2.35217350099299,859.8510029096258,0.0
0.23900000000000002,3.28306930320141,-3.28306930320141,0.0,145.80418343212438,-146.4968862469812,49.720004842527366,478.6852389043551,480.9594302520528,0.0,959.6446691564079,365.4256507981813,2.626101005937331,959.6446691564078,1.1368683772161603e-13
0.23950000000000002,3.758884743100467,-3.758884743100467,0.0,145.85796686543534,-145.87647241588343,0.3375367035671309,548.2632863101384,548.3328465413804,0.0,1096.5961328515186,365.37857738072745,3.0012600648692564,1096.5961328515186,0.0
0.24,4.203466162543493,-4.203466162543493,0.0,146.49978074804832,-145.77473432845258,-48.911794168876575,615.8068711944618,612.7591631034178,-0.0,1228.5660342978795,365.424751136321,3.362021949738061,1228.5660342978797,-2.2737367544323206e-13
0.2405,4.480910175007143,-4.480910175007143,0.0,146.15460380274055,-148.18898113035175,-104.94992296943202,654.9056513038378,664.0215133709346,-0.0,1318.9271646747725,365.55023392484645,3.6080599662423714,1318.9271646747725,0.0
0.241,2.81049740631071,-0.498558370428455,-2.311939035882255,146.1533117162028,-135.5980605977652,-141.720497622949,410.76350350210873,67.60354812488072,327.6491506391542,806.0162022661436,365.69798860176445,2.2040487708120104,806.0162022661435,1.1368683772161603e-13
0.2415,3.0023551624668157,0.0,-3.0023551624668157,146.22197519349368,-91.18400997014835,-147.9140918101082,439.0103020882804,-0.0,444.09063714766893,883.1009392359493,365.5143672690634,2.4160498692131536,883.1009392359492,1.1368683772161603e-13
0.242,3.4093439992664436,0.0,-3.4093439992664436,146.4963809517288,-35.33810454491482,-145.43272634085844,499.45655731202754,-0.0,495.83019284716454,995.286750159192,365.4036732895988,2.7238006153550147,995.286750159192,0.0
0.2425,3.884873507939684,0.0,-3.884873507939684,145.5601748867444,12.091676729468992,-146.18025142019602,565.4828672285805,0.0,567.8917861262819,1133.3746533548624,365.3820825747495,3.101888974325931,1133.3746533548624,0.0
0.243,4.301943221065084,0.0,-4.301943221065084,146.4639761917649,64.02651809594929,-146.416733713129,630.0797095084009,0.0,629.8764750476868,1259.9561845560877,365.45216263004335,3.4476637803661707,1259.956184556088,-2.2737367544323206e-13
0.2435,4.538967402354315,0.0,-4.538967402354315,147.4340903920789,118.01431898359422,-146.12677408380523,669.1985302854056,0.0,663.2646641775852,1332.463194462991,365.5925788513743,3.644666964108924,1332.463194462991,0.0
0.244,0.0,2.747743658098428,-2.747743658098428,126.56503126334991,145.77286191077266,-146.13268271347914,0.0,400.5464568381835,401.5351521668721,802.0816090050555,365.6385983718425,2.1936458912616352,802.0816090050555,0.0
0.2445,0.0,3.0931591654000257,-3.0931591654000257,75.82941903108653,147.12490726762962,-146.32873439070988,0.0,455.0807553734974,452.6180659420102,907.6988213155076,365.47734615950264,2.483598041995651,907.6988213155075,1.1368683772161603e-13
0.245,0.0,3.539217034006747,-3.539217034006747,21.85471687270408,145.4060276895057,-146.3674148136836,0.0,514.6234900459552,518.0260477321206,1032.6495377780757,365.38863274453695,2.8261676615978835,1032.649537778076,-2.2737367544323206e-13
0.2455,0.0,4.007831367620778,-4.007831367620778,-24.983323858436872,146.41100087704152,-145.3853779134136,-0.0,586.7906018797602,582.68007799478,1169.47067987454,365.39244515267654,3.200588012666451,1169.4706798745403,-2.2737367544323206e-13
0.246,0.0,4.382119545761979,-4.382119545761979,-79.51482520927127,146.30090670519354,-147.3324728220309,-0.0,641.1080628355284,645.6285088788671,1286.7365717143955,365.4850583169631,3.52062701999294,1286.7365717143957,-2.2737367544323206e-13
0.2465,0.0,4.632374337309633,-4.632374337309633,-128.9398088415205,146.1307163013742,-145.01042064602416,-0.0,676.9321800871603,671.7425512431173,1348.6747313302776,365.6375948004571,3.688555965002184,1348.6747313302776,0.0
0.247,-2.860911600776284,2.860911600776284,0.0,-147.7450476707293,146.13221268253744,-115.0841926780446,422.6855208384345,418.0713425105786,-0.0,840.7568633490131,365.588190948019,2.2997374755700353,840.7568633490133,-2.2737367544323206e-13
0.2475,-3.1992926413961755,3.1992926413961755,0.0,-146.27506286056354,146.44161738358287,-60.379045239468084,467.97673222956394,468.5095888894509,-0.0,936.4863211190149,365.4451574253869,2.5625905887403024,936.4863211190147,1.1368683772161603e-13
0.248,-3.6684318372890328,3.6684318372890328,0.0,-145.6279868160842,146.10892800702555,-9.110954650764189,534.2263432364308,535.9906432131438,-0.0,1070.2169864495745,365.38036615003733,2.9290489736115375,1070.2169864495745,0.0
0.2485,-4.12543385815107,4.12543385815107,0.0,-146.507420792368,145.48837576330897,38.676395853821056,604.406674207221,600.2026713413604,0.0,1204.6093455485816,365.4091529402682,3.2966041924666665,1204.6093455485816,0.0
0.249,-4.443766241387806,4.443766241387806,0.0,-146.20084423524185,148.0445161796796,94.74121750421611,649.6823760749647,657.875223221851,0.0,1307.5575992968156,365.5220486042654,3.5772331772862502,1307.5575992968156,0.0
0.2495,-4.8055807162317485,4.8055807162317485,0.0,-146.14856066247324,140.39320616226905,137.35174268494077,702.3287048246074,674.6708842233485,0.0,1376.9995890479559,365.6861825310035,3.7655226115392297,1376.9995890479559,0.0
0.25,-2.94476648109125,0.0,2.94476648109125,-146.1686703156591,101.59310626568451,148.1902241107387,430.4326009312305,0.0,436.38560478670377,866.8182057179342,365.5433399256887,2.3713144545162543,866.8182057179342,0.0
0.2505,-3.3192592973833652,0.0,3.3192592973833652,-146.50809025938634,45.423302051310884,145.65792189180524,486.29834073534937,0.0,483.47641147691456,969.7747522122639,365.4185406349599,2.6538739674433605,969.7747522122639,0.0
0.251,-3.7959590610229674,0.0,3.7959590610229674,-145.7779807035423,-3.276134289629898,145.95672682491679,553.3672467492428,-0.0,554.0457597082968,1107.4130064575397,365.37889092793205,3.0308620283046612,1107.4130064575397,0.0
0.2515,-4.233890371659362,0.0,4.233890371659362,-145.94513625556002,-53.26391646080316,146.48230781252644,617.9157071829292,-0.0,620.1900326658986,1238.1057398488279,365.43215160124896,3.3880591360768384,1238.1057398488279,0.0
0.252,-4.496309657770097,0.0,4.496309657770097,-148.10562626575276,-108.95914361292567,146.14219436711247,665.9287577487927,-0.0,657.1005599405624,1323.0293176893551,365.56234640355854,3.6191619041333416,1323.0293176893551,0.0
0.2525,0.0,-2.6264528917535124,2.6264528917535124,-133.22444786073578,-143.14792290455193,146.14615281579736,-0.0,375.97127606116925,383.84598568170173,759.817261742871,365.6795696349918,2.0778225660823577,759.8172617428709,1.1368683772161603e-13
0.253,0.0,-3.027468603143196,3.027468603143196,-86.74552606586118,-147.71387903230254,146.2501774454742,-0.0,447.199131018788,442.76782042029436,889.9669514390823,365.50306589308735,2.434909675147308,889.9669514390824,-1.1368683772161603e-13
0.2535,0.0,-3.447203935264084,3.447203935264084,-31.304058923221298,-145.39201730026463,146.4729890815344,-0.0,501.195934193456,504.92226437175856,1006.1181985652146,365.3985606866029,2.753481559080764,1006.1181985652145,1.1368683772161603e-13
0.254,0.0,-3.921221152448991,3.921221152448991,15.794907140648169,-146.26028135876862,145.48783837869527,0.0,573.5189090271443,570.48998927462,1144.0088983017645,365.3844303540624,3.1309733071910166,1144.0088983017642,2.2737367544323206e-13
0.2545,0.0,-4.327433429381382,4.327433429381382,68.54198268690678,-146.38375821628432,146.71098546971328,0.0,633.4659688236303,634.8820229791235,1268.3479918027538,365.4612797302004,3.470540005603614,1268.3479918027535,2.2737367544323206e-13
0.255,0.0,-4.5608914607056725,4.5608914607056725,121.45254014569163,-146.12547047173803,146.92389423586474,0.0,666.4624104661489,670.1039345939788,1336.5663450601278,365.60546996237537,3.655761346233891,1336.5663450601278,0.0
0.2555,2.7861935864390652,-2.7861935864390652,0.0,146.54233030930547,-146.12970425335433,123.44650272924733,408.2953008496219,407.1456447789332,0.0,815.4409456285551,365.6231284449196,2.2302772505033137,815.4409456285551,0.0
0.256,3.1225663422800802,-3.1225663422800802,0.0,146.86617392536587,-146.36317868864398,71.29102662755677,458.5993715187998,457.0287355222848,0.0,915.6281070410846,365.4674216106613,2.505361772072037,915.6281070410847,-1.1368683772161603e-13
0.2565,3.577158068905018,-3.577158068905018,0.0,145.45120530227922,-146.30386599050652,18.065189826534564,520.3019526790084,523.3520547399388,0.0,1043.6540074189472,365.38553190998,2.856309066107391,1043.6540074189472,0.0
0.257,4.042902525735664,-4.042902525735664,0.0,146.45345936611452,-145.38167808315686,-28.895173727224208,592.0970607739897,587.763953518084,-0.0,1179.8610142920738,365.3966948508983,3.2289865532952375,1179.8610142920738,0.0
0.2575,4.401847887180777,-4.401847887180777,0.0,146.2683685722272,-147.57627675995863,-84.02697251728817,643.8511091610374,649.6083220538295,-0.0,1293.459431214867,365.49550825284865,3.5389201837196196,1293.459431214867,0.0
0.258,4.672462616005442,-4.672462616005442,0.0,146.13517172367418,-143.9065644213559,-131.66911038035272,682.8111267624031,672.3980424565642,-0.0,1355.2091692189674,365.6513293134375,3.7062880962680103,1355.2091692189674,0.0
0.2585,2.8868953570910674,0.0,-2.8868953570910674,146.1383947224402,-111.32101191137937,-148.00621848990104,421.8862532169544,-0.0,427.2784649791014,849.1647181960558,365.57458498323797,2.322822080848402,849.1647181960558,0.0
0.259,3.233151879989734,0.0,-3.233151879989734,146.4684704047075,-55.93366857562441,-146.0620387654392,473.5548104482007,-0.0,472.24075522961317,945.7955656778139,365.436746121689,2.5881238701782543,945.7955656778139,0.0
0.2595,3.7059130669325873,0.0,-3.7059130669325873,146.0155339262055,-5.472647204480701,-145.71955545340865,541.1208751522635,-0.0,540.0240046623949,1081.1448798146585,365.37921806188433,2.9589665376960346,1081.1448798146582,2.2737367544323206e-13
0.26,4.158329418054434,0.0,-4.158329418054434,145.58455829322114,42.85303420497235,-146.51094722597588,605.3885515651621,0.0,609.2407819167962,1214.6293334819584,365.41522155655986,3.323970272250837,1214.6293334819582,2.2737367544323206e-13
0.2605,4.459372915141373,0.0,-4.459372915141373,148.1549870729239,99.03707834929641,-146.17894863621842,660.678336596117,0.0,651.8664443121943,1312.5447809083112,365.53351203558543,3.590764561090454,1312.5447809083112,0.0
0.261,4.326932409475635,0.2858618564245093,-4.612794265900145,138.57344078411867,139.31748354185197,-146.15453426965263,599.5979120213558,39.825554477664824,674.1807976143598,1313.6042641133804,365.7011347370675,3.5920158275085425,1313.6042641133804,0.0
0.2615,0.0,2.9681720654341386,-2.9681720654341386,97.35873782180163,148.11983897112444,-146.18794511390846,0.0,439.6451683706944,433.91097499032213,873.5561433610166,365.5310715899973,2.3898273259266243,873.5561433610167,-1.1368683772161603e-13
0.262,0.0,3.356105824564038,-3.356105824564038,41.200111018222266,145.54263810502985,-146.51043711527964,0.0,488.45649546670654,491.7045313620132,980.1610268287197,365.41194783997935,2.6823453163549824,980.1610268287197,0.0
0.2625,0.0,3.832825445538934,-3.832825445538934,-6.901333353464364,146.05298288086166,-145.6827395323939,-0.0,559.7955891826289,558.3765110555801,1118.172100238209,365.37974794287925,3.060301252419211,1118.172100238209,0.0
0.263,0.0,4.2630163593300665,-4.2630163593300665,-57.67696235983983,146.45847815885855,-146.143048621365,-0.0,624.3548883537993,623.0102070752483,1247.3650954290476,365.4400190423504,3.41332374789662,1247.3650954290476,0.0
0.2635,0.0,4.512637529025352,-4.512637529025352,-112.81976255338012,146.1334533075181,-147.91598320523747,-0.0,659.4473056415801,667.4912169546383,1326.9385225962183,365.57463277820335,3.62973358548453,1326.9385225962185,-2.2737367544323206e-13
0.264,-2.682184093550614,2.682184093550614,0.0,-144.37026678098655,146.13970886258093,-130.62764941426303,387.22763314162074,391.97360254733223,-0.0,779.2012356889529,365.66189898215964,2.1309336243614747,779.2012356889529,0.0
0.2645,-3.0537137402189747,3.0537137402189747,0.0,-147.48280447837575,146.28122794371114,-82.25546081546057,450.3702664816446,446.70099570781457,-0.0,897.0712621894592,365.49209981310696,2.4544203900663604,897.071262189459,1.1368683772161603e-13
0.265,-3.4852221705523063,3.4852221705523063,0.0,-145.3796762515888,146.4377946755441,-27.347195908249926,506.68047081975385,510.36824860999275,-0.0,1017.0487194297466,365.39398813347356,2.783430358624927,1017.0487194297467,-1.1368683772161603e-13
0.2655,-3.957282236486197,3.957282236486197,0.0,-146.33043920214794,145.43131988214677,19.548990695976276,579.0708477118835,575.5127787983613,0.0,1154.5836265102448,365.38729780779727,3.1598898851639454,1154.5836265102448,0.0
0.266,-4.351258776054448,4.351258776054448,0.0,-146.34942145009808,146.96766087057094,73.07640797724416,636.8042044552303,639.4943241592657,0.0,1276.298528614496,365.4707808964162,3.4922040155550267,1276.298528614496,0.0
0.2665,-4.586761316943026,4.586761316943026,0.0,-146.12641131162775,146.2559723416549,124.69424296061284,670.24697078788,670.8412363085919,0.0,1341.0882070964717,365.6185323757437,3.667998441934132,1341.088207096472,-2.2737367544323206e-13
0.267,-2.819689369769237,0.0,2.819689369769237,-146.1288389264548,120.12542081022173,147.14580215119196,412.03793373764563,0.0,414.9054541318833,826.9433878695289,365.60826245399784,2.2618290470762483,826.9433878695288,1.1368683772161603e-13
0.2675,-3.153347833612525,0.0,3.153347833612525,-146.3970606059801,66.76220310489342,146.61232122089444,461.64085390910884,0.0,462.3196455028111,923.96049941192,365.4578677772115,2.528227138826246,923.96049941192,0.0
0.268,-3.6149906152050564,0.0,3.6149906152050564,-146.2296956562549,14.332306871394774,145.51442327000754,528.6189774616531,0.0,526.0332744980535,1054.6522519597065,365.3829543870424,2.886429810960847,1054.6522519597065,0.0
0.2685,-4.077466747826506,0.0,4.077466747826506,-145.40490140408534,-32.882072882058004,146.48395024272503,592.8836504461495,-0.0,597.2834362049838,1190.1670866511333,365.40143107768967,3.2571494948471793,1190.1670866511333,0.0
0.269,-4.420079984527305,0.0,4.420079984527305,-147.79653475219558,-88.49887325035452,146.23820879970887,653.272505040674,-0.0,646.3845796887181,1299.657084729392,365.5062341356227,3.555772688263228,1299.657084729392,0.0
0.2695,-4.720640267274818,0.0,4.720640267274818,-142.60325633259203,-134.1767018256707,146.14036805457883,673.1786740881465,-0.0,689.8761061128073,1363.0547802009537,365.6653782517449,3.7276014117545166,1363.0547802009537,0.0
0.27,0.0,-2.9113507954720688,2.9113507954720688,-107.39960585349279,-148.15179030080571,146.14814690192517,-0.0,431.32183254286184,425.4885237396886,856.8103562825504,365.5613663273622,2.343820860750564,856.8103562825503,1.1368683772161603e-13
0.2705,0.0,-3.2681139412839264,3.2681139412839264,-51.54356079130319,-145.87449502129527,146.48987584828728,-0.0,476.7344708568478,478.7456055167392,955.480076373587,365.4288153785503,2.6146818098725966,955.4800763735869,1.1368683772161603e-13
0.271,0.0,-3.743261691111714,3.743261691111714,-1.8535601229104066,-145.8165108285606,145.91797878704074,-0.0,545.8293589161274,546.2091800379814,1092.0385389541088,365.37863812148834,2.988785947007132,1092.0385389541086,2.2737367544323206e-13
0.2715,0.0,-4.190340955033566,4.190340955033566,47.105627647069724,-146.50488354773654,145.71204806245598,0.0,613.9054136425037,610.5831626379287,1224.4885762804324,365.4218168483034,3.350890723606552,1224.4885762804324,0.0
0.272,0.0,-4.474556076690032,4.474556076690032,103.2273764365851,-146.16096873158523,148.1960247934914,0.0,654.0054508128164,663.1114232810236,1317.1168740938401,365.54523332160124,3.6031570214323114,1317.1168740938401,0.0
0.2725,1.7199506337597539,-3.3413590732853606,1.6214084395256068,141.05728682665216,-146.15526466775802,136.52615575709672,242.61156987393176,488.3572197060365,221.36466116054413,952.3334507405125,365.7029360852126,2.6041175959238365,952.3334507405124,1.1368683772161603e-13
0.273,2.9920913605638493,-2.9920913605638493,0.0,147.98584333276207,-146.21113734886933,93.02655204463166,442.78716332171274,437.4770808797663,0.0,880.264244201479,365.5192178891579,2.4082570795728047,880.2642442014791,-1.1368683772161603e-13
0.2735,3.3935232924074916,-3.3935232924074916,0.0,145.45872063206323,-146.50279788229375,37.05435510039916,493.61755654870075,497.1606570164308,0.0,990.7782135651315,365.4059870819054,2.7114449368423994,990.7782135651315,0.0
0.274,3.869533915625688,-3.869533915625688,0.0,146.1441029707727,-145.59434543184477,-10.550387712084024,565.5095630140978,563.3822575718452,-0.0,1128.8918205859432,365.3812599443896,3.089627039869966,1128.8918205859432,0.0
0.2745,4.290756360371914,-4.290756360371914,0.0,146.4298329510367,-146.36489225317476,-62.140891151209395,628.2947370828575,628.0160923704594,-0.0,1256.310829453317,365.4484618046884,3.4377236758619723,1256.310829453317,0.0
0.275,4.530687397588604,-4.530687397588604,0.0,146.12810790200942,-147.60465874174557,-116.51582323665689,662.0607769051018,668.7505671865932,-0.0,1330.811344091695,365.5872191031002,3.640202049066681,1330.811344091695,0.0
0.2755,2.7298331295760856,0.0,-2.7298331295760856,146.13445374145456,-127.81115461611994,-145.39736450181184,398.9226731959266,-0.0,396.91054257009586,795.8332157660225,365.64529647366123,2.1765170328762844,795.8332157660225,0.0
0.276,3.0812221680920406,0.0,-3.0812221680920406,146.3144078984235,-77.73271406212139,-147.23282413654476,450.82719712788366,-0.0,453.65704160031856,904.4842387282022,365.48161467440747,2.4747735656524608,904.4842387282021,1.1368683772161603e-13
0.2765,3.5232673516777813,0.0,-3.5232673516777813,146.39069137482505,-23.463795546568406,-145.3932915627117,515.7735435104593,-0.0,512.2594373158707,1028.03298082633,365.390086330645,2.813521820337657,1028.03298082633,0.0
0.277,3.9929772091168667,0.0,-3.9929772091168667,145.39429310182643,23.3630423553713,-146.3896227035236,580.5560986912507,0.0,584.5304271063868,1165.0865257976375,365.39080243463496,3.188603867515414,1165.0865257976375,0.0
0.2775,4.373356282378951,0.0,-4.373356282378951,147.22588616552042,77.61388603384532,-146.3150601544313,643.871254190787,0.0,639.8878875330363,1283.7591417238232,365.480755122305,3.5125218598561343,1283.7591417238232,0.0
0.278,4.617639413792063,0.0,-4.617639413792063,145.41671511250902,127.72952620018154,-146.1291503769919,671.4819551276936,0.0,674.7717242847451,1346.2536794124387,365.6319007964347,3.681991851586179,1346.2536794124387,0.0
0.2785,0.0,2.8493520090612465,-2.8493520090612465,116.61252160745839,147.5973208187282,-146.13059295809293,0.0,420.55672260690056,416.3774986304533,836.9342212373539,365.59401621254375,2.28924485665211,836.934221237354,-1.1368683772161603e-13
0.279,0.0,3.185444893418142,-3.185444893418142,62.25828778852556,146.3710258388222,-146.4290820514197,0.0,466.2568368026511,466.441771668601,932.6986084712521,365.44881414447104,2.5522003968044977,932.6986084712521,0.0
0.2795,0.0,3.6526661447552056,-3.6526661447552056,10.646341996254307,145.5920362886229,-146.14627732355964,0.0,531.7991018974242,533.8235593617717,1065.6226612591959,365.38100635180064,2.9164697746581276,1065.6226612591959,0.0
0.28,0.0,4.111401410315827,-4.111401410315827,-36.94704470843055,146.50282141222456,-145.45730641917447,-0.0,602.3319065694678,598.0333747525353,1200.3652813220033,365.40675394036833,3.2850112056710747,1200.365281322003,2.2737367544323206e-13
0.2805,0.0,4.436990651364936,-4.436990651364936,-92.9116588951099,146.2111530598712,-147.9809643448241,-0.0,648.7375192519363,656.5901553779524,1305.3276746298889,365.51730958237846,3.571178820836939,1305.3276746298886,2.2737367544323206e-13
0.281,0.0,4.778248850532426,-4.778248850532426,-136.46028987859196,146.14606611723337,-141.091494541231,-0.0,698.3222724345063,674.1702716115391,1372.4925440460454,365.67991750079113,3.7532620151148337,1372.4925440460454,0.0
0.28150000000000003,-2.93496403136469,2.93496403136469,0.0,-148.19726521379633,146.1617681006178,-103.3363113084008,434.9536429491058,428.97953213598015,-0.0,863.933175085086,365.5485865405809,2.363388088191055,863.933175085086,0.0
0.28200000000000003,-3.3039821580625115,3.3039821580625115,0.0,-145.71558299090782,146.50439279545955,-47.217712415503094,481.4416863536366,484.0478998739803,-0.0,965.4895862276169,365.4214611772101,2.6421261168330927,965.4895862276169,0.0
0.28250000000000003,-3.7804251361058863,3.7804251361058863,0.0,-145.91541992795416,145.81911217090143,1.7590220821593838,551.6223212410837,551.2582369755196,0.0,1102.8805582166033,365.3786917637868,3.018458884103737,1102.8805582166033,0.0
0.28300000000000003,-4.221272097124131,4.221272097124131,0.0,-146.49049811575304,145.8701136251611,51.42967492204015,618.3762521898434,615.7574404502191,0.0,1234.1336926400625,365.42898690222785,3.377218931376838,1234.1336926400625,0.0
0.28350000000000003,-4.489773651873597,4.489773651873597,0.0,-146.14693961857841,148.15265508415666,107.29384760149387,656.166678801455,665.1718872519635,0.0,1321.3385660534186,365.5572400710787,3.6145873237157016,1321.3385660534186,0.0
0.28400000000000003,-2.6003180618390695,0.0,2.6003180618390695,-146.14912309278162,134.24783319117105,142.5744294210885,380.0342045001015,0.0,370.73886398005607,750.7730684801576,365.6872991184296,2.053046606458749,750.7730684801575,1.1368683772161603e-13
0.28450000000000003,-3.016801956480971,0.0,3.016801956480971,-146.23795762170508,88.61547017629489,147.80237686064638,441.1709566649412,0.0,445.8904996857358,887.061456350677,365.5077662970115,2.426929160322824,887.061456350677,0.0
0.28500000000000003,-3.4312890033970183,0.0,3.4312890033970183,-146.48421938556154,32.98736138058841,145.40552484878438,502.62969114887363,0.0,498.9283784468057,1001.5580695956794,365.4006384139497,2.740986096639079,1001.5580695956795,-1.1368683772161603e-13
0.28550000000000003,-3.9059998601306893,0.0,3.9059998601306893,-145.51648084346837,-14.235266192967945,146.22781625860557,568.3873538212976,-0.0,571.1658298533295,1139.553183674627,365.38337914385556,3.1187876863604465,1139.553183674627,0.0
0.28600000000000003,-4.316935549874164,0.0,4.316935549874164,-146.60572854157442,-66.6439357615608,146.39783955403553,632.887481356324,-0.0,631.99003799559,1264.877519351914,365.4574029903235,3.461080577386485,1264.877519351914,0.0
0.28650000000000003,-4.551270588357614,0.0,4.551270588357614,-147.1563800151435,-120.03301051694064,146.12571473459826,669.7485042520988,-0.0,665.0576676743119,1334.8061719264106,365.60003785011014,3.6510011863665577,1334.8061719264106,0.0
0.28700000000000003,0.0,-2.770731259871545,2.770731259871545,-124.78037430515886,-146.2404181437552,146.13072220382955,-0.0,405.1928980075883,404.8889600377554,810.0818580453438,365.62953810667705,2.2155810010322305,810.0818580453437,1.1368683772161603e-13
0.28750000000000003,0.0,-3.11005851972317,3.11005851972317,-73.19528830328393,-146.97464010577417,146.34871906342494,-0.0,457.09973164420967,455.1530805737774,912.2528122179871,365.4715401062655,2.4960980872894725,912.252812217987,1.1368683772161603e-13
0.28800000000000003,0.0,-3.5612485226374218,3.5612485226374218,-19.648021185142177,-145.42984212188094,146.33188681535128,-0.0,517.911810403942,521.1242157359162,1039.0360261398582,365.38676742422746,2.843660796652494,1039.0360261398582,0.0
0.2885,0.0,-4.028243135290752,4.028243135290752,27.244706419874284,-146.43710329233645,145.38010094254204,0.0,589.884256089217,585.6263936296715,1175.5106497188885,365.39485039441803,3.2170969252850923,1175.5106497188885,0.0
0.289,0.0,-4.39376158882912,4.39376158882912,82.1373148621475,-146.2817793424202,147.4761606584687,0.0,642.727263220303,647.975089969172,1290.7023531894752,365.4910865649905,3.5314195082565067,1290.7023531894752,0.0
0.2895,0.0,-4.6547332986071215,4.6547332986071215,130.550565639099,-146.13319197305458,144.393496952921,0.0,680.211034708724,672.1132183690873,1352.3242530778114,365.6455305761547,3.698456948036334,1352.3242530778114,0.0
0.29,2.8762240162236368,-2.8762240162236368,0.0,147.91158684996512,-146.1353845976852,112.9203626926135,425.42685837561794,420.31810279993994,0.0,845.7449611755578,365.58024446502293,2.3134317950172356,845.7449611755578,0.0
0.2905,3.218801006403792,-3.218801006403792,0.0,146.1485534571541,-146.4577786895964,57.79299628339477,470.423110952346,471.41844544173676,0.0,941.8415563940828,365.4402180670571,2.5772794285637657,941.8415563940829,-1.1368683772161603e-13
0.291,3.690200498213079,-3.690200498213079,0.0,145.68026610631424,-146.05538174575,6.996375504187483,537.5893905653347,538.9736424848682,0.0,1076.5630330502029,365.3796301993826,2.9464232378327644,1076.5630330502029,0.0
0.2915,4.14462477759914,-4.14462477759914,0.0,146.51070039031927,-145.54037669440984,-41.090908617134765,607.2318790211212,603.2102513887635,-0.0,1210.4421304098846,365.41261002081416,3.312535192315714,1210.4421304098846,0.0
0.292,4.452901422912737,-4.452901422912737,0.0,146.18766713294403,-148.11623749533652,-97.24613134539938,650.95927098858,659.5470046994648,-0.0,1310.5062756880448,365.5286686073259,3.5852352721911225,1310.5062756880448,0.0
0.2925,4.846748312127198,-4.846748312127198,0.0,146.15208704284777,-139.36405322544485,-138.5197508299479,708.3623811887898,675.4624897416297,-0.0,1383.8248709304194,365.6950113864158,3.7840955655481587,1383.8248709304194,0.0
0.293,2.9583196278923416,0.0,-2.9583196278923416,146.17937123364428,-99.1486520887018,-148.15796286347947,432.445303113451,-0.0,438.29860956757597,870.743912681027,365.53617264561586,2.3821005357114293,870.743912681027,0.0
0.2935,3.3405721393135264,0.0,-3.3405721393135264,146.5106074536216,-42.96306816256193,-145.5871945529755,489.42925337346895,-0.0,486.3445259644879,975.7737793379569,365.4146430756124,2.6703193148613034,975.773779337957,-1.1368683772161603e-13
0.294,3.817379563497709,0.0,-3.817379563497709,145.72208428508074,5.377856029457289,-146.0130728521506,556.2765065001579,0.0,557.3873203093018,1113.6638268094598,365.3793145869399,3.047966270527528,1113.6638268094598,0.0
0.2945,4.250960576230329,0.0,-4.250960576230329,146.05684757078043,55.81825782783294,-146.46915390326643,620.8819009118702,0.0,622.6345988765983,1243.5164997884685,365.43665382304766,3.402823681695066,1243.5164997884683,2.2737367544323206e-13
0.295,4.5056264990045305,0.0,-4.5056264990045305,148.00949770458513,111.21884994125602,-146.13669002348502,666.875514962129,0.0,658.4373430466251,1325.3128580087541,365.5694484841563,3.6253381224940977,1325.312858008754,2.2737367544323206e-13
0.2955,0.0,2.659862991920378,-2.659862991920378,131.74436433000236,143.88169683877007,-146.14229015530688,0.0,382.7056006361517,388.71846913859054,771.4240697747423,365.6691840925429,2.1096228594956243,771.4240697747422,1.1368683772161603e-13
0.296,0.0,3.042553548149857,-3.042553548149857,84.14472115022747,147.5827386763533,-146.26789317166376,0.0,449.02838520541184,445.0278973498498,894.0562825552616,365.4966526808569,2.446140822350925,894.0562825552618,-1.1368683772161603e-13
0.2965,0.0,3.469258966962062,-3.469258966962062,28.99844013430493,145.38154240234968,-146.45401693199003,0.0,504.36621961012685,508.08691148892007,1012.4531310990469,365.3958341621513,2.770839282885069,1012.4531310990469,0.0
0.297,0.0,3.9421901841591103,-3.9421901841591103,-17.966824111783648,146.3022823360049,-145.45287185008036,-0.0,576.7514213450734,573.4028836651397,1150.1543050102132,365.38602530260323,3.1477785830962883,1150.154305010213,2.2737367544323206e-13
0.2975,0.0,4.341469380606,-4.341469380606,-71.1722713231979,146.3639081333401,-146.8592641606743,-0.0,635.4344255867255,637.5849986118956,1273.019424198621,365.46674310220993,3.48327022424198,1273.019424198621,0.0
0.298,0.0,4.575359391007854,-4.575359391007854,-123.35851400228871,146.12577285421693,-146.55635975732025,-0.0,668.577927096822,670.5480169275808,1339.1259440244028,365.61302359661715,3.66268665938407,1339.1259440244028,0.0
0.2985,-2.8061623399882207,2.8061623399882207,0.0,-146.91189539184265,146.12891312725273,-121.54309506091889,412.2586281448779,410.06145280110695,-0.0,822.3200809459848,365.6144288137382,2.249145592021793,822.3200809459848,0.0
0.299,-3.1402661699575094,3.1402661699575094,0.0,-146.7177310583849,146.3829924174498,-68.6604863644429,460.73272737557033,459.6815589456642,-0.0,920.4142863212346,365.46182565567835,2.5184963837739027,920.4142863212344,2.2737367544323206e-13
0.2995,-3.5991311824474286,3.5991311824474286,0.0,-145.48592964315353,146.26203704324612,-15.892461461557918,523.6229459860266,526.416258330628,-0.0,1050.0392043166546,365.3839676100479,2.8737966013804352,1050.0392043166546,0.0
0.3,-4.063031201866816,4.063031201866816,0.0,-146.47259925605863,145.39171877356023,31.19963945909658,595.1227409959005,590.7310898700206,0.0,1185.853830865921,365.3993799957985,3.245363555021786,1185.853830865921,0.0
