time_s,ia_A,ib_A,ic_A,ea_V,eb_V,ec_V,phase_a_power_W,phase_b_power_W,phase_c_power_W,electrical_conversion_power_W,speed_rad_s,electromagnetic_torque_Nm,mechanical_power_W,power_residual_W
0.0,0.0,0.0,0.0,0.0,-119.76664369760206,119.76664369760206,0.0,-0.0,0.0,0.0,300.0,0.0,0.0,0.0
0.0002,0.0,4.444591788038749,-4.444591788038749,12.450728857162032,-119.93293735540921,119.31869834845895,0.0,-533.0529484852175,-530.3229068390333,-1063.3758553242508,299.63930823034906,-3.5488529912997127,-1063.3758553242508,0.0
0.0004,0.0,4.406517694594088,-4.406517694594088,25.52321834492335,-119.95244525269696,119.06729575018953,0.0,-528.5725725158378,-524.6721455706776,-1053.2447180865154,299.24107954128914,-3.5197196845468177,-1053.2447180865154,0.0
0.0006000000000000001,0.0,4.3645719737752655,-4.3645719737752655,39.58708043075312,-119.80839599033602,119.19944312783062,0.0,-522.9123673623895,-520.2545487653482,-1043.1669161277377,298.84267597423406,-3.490689248873138,-1043.1669161277375,-2.2737367544323206e-13
0.0008,0.0,4.327043037320694,-4.327043037320694,54.52468940685146,-119.55204189238493,119.7281258012389,0.0,-517.3068304679161,-518.0687531197069,-1035.3755835876232,298.44348168530627,-3.4692517917994765,-1035.375583587623,-2.2737367544323206e-13
0.001,0.0,4.300642775364031,-4.300642775364031,69.71439524681566,-119.26498017035641,120.40102165924762,0.0,-512.9160753235776,-517.8017839452914,-1030.717859268869,298.04293465782877,-3.4582865064464463,-1030.717859268869,0.0
0.0012000000000000001,0.0,4.281541530858796,-4.281541530858796,84.18396211266017,-119.00932205502055,120.66684281284252,0.0,-509.5433549379201,-516.6400989007955,-1026.1834538387156,297.6412429719603,-3.447719286454493,-1026.1834538387154,-2.2737367544323206e-13
0.0014,0.0,4.24597054227263,-4.24597054227263,96.87811163009061,-118.80450360769163,119.74597775461365,0.0,-504.44042260758107,-508.4378941017232,-1012.8783167093043,297.24019820380425,-3.4076088053703257,-1012.8783167093043,0.0
0.0016,0.0,4.144491822629627,-4.144491822629627,106.94859453712768,-118.63570656613766,116.80019411644327,0.0,-491.68471573524545,-484.0774493971522,-975.7621651323976,296.84372714623873,-3.287124085501368,-975.7621651323976,0.0
0.0018000000000000002,-2.7851865212013562,5.295515648515591,-2.510329127314235,113.96841286852805,-118.47631121679287,111.15205655562836,-317.4232873641355,-627.3931600269299,-279.02824513247305,-1223.8446925235385,296.4459542333776,-4.128390605594383,-1223.8446925235387,2.2737367544323206e-13
0.002,-4.313529135982986,4.313529135982986,0.0,118.01133280117324,-118.30955203671662,102.49163601680948,-509.04532241404536,-510.3316997754724,0.0,-1019.3770221895177,296.022389324861,-3.443580820067068,-1019.3770221895178,1.1368683772161603e-13
0.0022,-4.219427535170069,4.219427535170069,0.0,119.6266670767631,-118.17233147394265,91.02658781555859,-504.7560530043169,-498.61958931639816,0.0,-1003.3756423207151,295.62407382403103,-3.3940931445182985,-1003.3756423207151,0.0
0.0024000000000000002,-4.141838257076749,4.141838257076749,0.0,119.59861668659691,-118.07744263702975,77.4078180919754,-495.35812608600475,-489.0576692118351,0.0,-984.4157952978398,295.2239966820546,-3.3344707962815763,-984.41579529784,1.1368683772161603e-13
0.0026000000000000003,-4.0455564478370345,4.0455564478370345,0.0,118.7637361254052,-118.0290550123111,62.60840194277442,-480.4653984513492,-477.49320453716723,0.0,-957.9586029885164,294.8250518450882,-3.2492442449967336,-957.9586029885164,0.0
0.0028,-4.643279158235403,4.643279158235403,0.0,117.80078753673479,-117.99044681567966,47.65524019742202,-546.9819415930375,-547.8625825701282,0.0,-1094.8445241631657,294.42754453175826,-3.718553323210121,-1094.8445241631655,-2.2737367544323206e-13
0.003,-5.84102857106963,5.84102857106963,0.0,117.11478572846849,-117.8886892876153,33.35693661348729,-684.0708095346822,-688.5912023349113,0.0,-1372.6620118695935,294.02643872813326,-4.668498580628673,-1372.6620118695935,0.0
0.0032,-5.84519302378292,5.84519302378292,0.0,116.82859635069359,-117.653246900497,20.104964683948392,-682.8856963674249,-687.7059380081945,0.0,-1370.5916343756194,293.6219269385054,-4.667879026155525,-1370.5916343756194,0.0
0.0034000000000000002,-5.65622640294268,5.65622640294268,0.0,116.8547923863535,-117.26479055594126,7.808592707695443,-660.957162006078,-663.2762044780584,0.0,-1324.2333664841362,293.2183195925615,-4.516202699490984,-1324.2333664841362,0.0
0.0036000000000000003,-5.457171313443891,5.457171313443891,0.0,117.00731885275104,-116.78983675510025,-4.012285280992517,-638.5289839062156,-637.3421468417281,-0.0,-1275.8711307479437,292.81576718508364,-4.357248733608966,-1275.8711307479434,-2.2737367544323206e-13
0.0038,-5.248699012043474,5.248699012043474,0.0,117.11226275010776,-116.38213047374107,-16.007811716292803,-614.6870177946663,-610.8547732370395,-0.0,-1225.5417910317058,292.4144206124339,-4.191112697058259,-1225.541791031706,2.2737367544323206e-13
0.004,-5.032673347386515,5.032673347386515,0.0,117.0751318764527,-116.23000735923259,-28.72769518202047,-589.2008958363849,-584.9476602033484,-0.0,-1174.1485560397332,292.01434901294556,-4.0208591119187815,-1174.1485560397334,2.2737367544323206e-13
0.004200000000000001,-4.814708896597387,4.814708896597387,0.0,116.89371486899172,-116.45960236026573,-42.388204455569834,-562.8092089360528,-560.7190835781655,-0.0,-1123.5282925142183,291.61535426019117,-3.8527748148396883,-1123.528292514218,-2.2737367544323206e-13
0.0044,-4.602933958979656,4.602933958979656,0.0,116.62765793023321,-117.02489275651884,-56.75170844761888,-536.8294072433334,-538.657852914933,-0.0,-1075.4872601582665,291.2169498434928,-3.693079200013117,-1075.4872601582665,0.0
0.0046,-4.4022541892173725,4.4022541892173725,0.0,116.3504286763381,-117.62852415879485,-71.15513857243151,-512.2041620576465,-517.8306632495115,-0.0,-1030.034825307158,290.8186882534459,-3.541845372775672,-1030.034825307158,0.0
0.0048000000000000004,-4.2057618992071095,4.2057618992071095,0.0,116.11044745675753,-117.71373435656552,-84.67438347928935,-488.3328960135198,-495.0759389702302,-0.0,-983.40883498375,290.42087589414814,-3.3861506407073176,-983.4088349837501,1.1368683772161603e-13
0.005,-4.100274156595747,4.100274156595747,0.0,115.9175663321039,-116.54683162806349,-96.36851146183889,-475.29380152699883,-477.8739617576645,-0.0,-953.1677632846634,290.02548052492705,-3.2864966262946704,-953.1677632846634,0.0
0.005200000000000001,-5.973408181169221,5.973408181169221,0.0,115.75067788724776,-113.37365199992406,-105.52084129944772,-691.4260462675691,-677.2271003853787,-0.0,-1368.6531466529477,289.62553918390716,-4.725595506906857,-1368.6531466529475,-2.2737367544323206e-13
0.0054,-5.409794535589445,1.1009714787689795,4.308823056820465,115.59380769724997,-107.62743676369934,-111.82021748603306,-625.33874922856,-118.49473820984488,-481.8135313224982,-1225.647018760903,289.2334554199061,-4.237570017553888,-1225.6470187609032,2.2737367544323206e-13
0.0056,-5.703717046602778,0.0,5.703717046602778,115.43624039656319,-99.08182941660368,-115.395349971376,-658.4156521456136,-0.0,-658.1824247304307,-1316.5980768760444,288.83103901719966,-4.558367692599832,-1316.5980768760446,2.2737367544323206e-13
0.0058000000000000005,-5.765977336089893,0.0,5.765977336089893,115.29647155537901,-87.96004119572164,-116.763349987789,-664.7968419194484,-0.0,-673.2548297155234,-1338.0516716349719,288.4226726113945,-4.63920419126617,-1338.0516716349719,0.0
0.006,-5.507077471163733,0.0,5.507077471163733,115.19819600726204,-74.89560114457373,-116.66003089345945,-634.4053899502967,-0.0,-642.4558279186356,-1276.8612178689323,288.01516336764587,-4.433312478895576,-1276.8612178689323,0.0
0.006200000000000001,-5.230877546451091,0.0,5.230877546451091,115.14315186386364,-60.78157823777492,-115.84097925258614,-602.2997277122923,-0.0,-605.9499773312596,-1208.2497050435518,287.6101587883838,-4.200998011104855,-1208.2497050435518,0.0
0.0064,-4.925544139112868,0.0,4.925544139112868,115.097118256014,-46.54742682471359,-114.91546235385673,-566.9159362546905,-0.0,-566.0211820904844,-1132.937118345175,287.2087402449664,-3.944647079259736,-1132.937118345175,0.0
0.0066,-4.593600922589714,0.0,4.593600922589714,114.99575536159604,-32.92437239009295,-114.25023710193518,-528.2446079229287,-0.0,-524.819994557543,-1053.0646024804719,286.8114569479626,-3.6716266975050917,-1053.0646024804716,-2.2737367544323206e-13
0.0068000000000000005,-4.243023486688925,0.0,4.243023486688925,114.77457024081107,-20.273022983935206,-113.959862410832,-486.9911972063891,-0.0,-483.5343727489985,-970.5255699553876,286.4184452031841,-3.3884883680131033,-970.5255699553877,1.1368683772161603e-13
0.007,-4.83969201484187,0.0,4.83969201484187,114.41093178452522,-8.5265154150501,-113.96812186670681,-553.7136729681846,-0.0,-551.570609344826,-1105.2842823130106,286.0279662679056,-3.8642524950785964,-1105.2842823130106,0.0
0.007200000000000001,-5.790010528694492,0.0,5.790010528694492,113.95182292748143,2.7330903657490335,-114.1008390273235,-659.782254514048,0.0,-660.6450593010785,-1320.4273138151266,285.62123405943106,-4.623001221051991,-1320.4273138151264,-2.2737367544323206e-13
0.0074,-5.40245389502157,0.0,5.40245389502157,113.53754653358877,14.090435188103315,-114.20275942859655,-613.3813605015794,0.0,-616.9751424972328,-1230.3565029988122,285.2153530017808,-4.313780762675599,-1230.356502998812,-2.2737367544323206e-13
0.0076,-5.007816614571237,0.0,5.007816614571237,113.34059360990456,26.066803775296606,-114.17995553630239,-567.5889077850466,0.0,-571.7922783857001,-1139.3811861707468,284.8138489543891,-4.000441658134435,-1139.3811861707468,0.0
0.0078000000000000005,-4.610889167766894,0.0,4.610889167766894,113.48954613164331,38.91025999057068,-114.01997496526296,-523.2877189131754,0.0,-525.7334674763835,-1049.0211863895588,284.41664576128267,-3.688325567519793,-1049.0211863895588,0.0
0.008,-4.21922021772783,0.0,4.21922021772783,113.97497973153719,52.47558212569404,-113.77073043917568,-480.8855387984214,0.0,-480.0237660546331,-960.9093048530544,284.0233082761628,-3.383205803372795,-960.9093048530546,1.1368683772161603e-13
0.0082,-5.1294828300680235,0.0,5.1294828300680235,114.57288052711013,66.22691324935748,-113.49843909328516,-587.6996234552464,0.0,-582.1882945685276,-1169.887918023774,283.63009309118434,-4.124696026693001,-1169.8879180237739,-2.2737367544323206e-13
0.008400000000000001,-5.74504243267166,0.0,5.74504243267166,114.81940446586319,79.3562772591258,-113.24655081303747,-659.642350750474,0.0,-650.6062397746076,-1310.2485905250815,283.2190854543021,-4.626272231701321,-1310.2485905250815,0.0
0.0086,-5.352212663707501,0.0,5.352212663707501,114.08620999397793,90.99865085442609,-113.039606739011,-610.613657884162,0.0,-605.0120146890505,-1215.6256725732123,282.81061768487103,-4.298373528280167,-1215.6256725732126,2.2737367544323206e-13
0.0088,-4.9082347340113515,0.0,4.9082347340113515,111.6834424316625,100.43766594739698,-112.86737566482834,-548.168551357043,0.0,-553.979573574818,-1102.148124931861,282.40946883854133,-3.9026599549393275,-1102.148124931861,0.0
0.009000000000000001,-4.219823763856582,-0.262696673855028,4.48252043771161,107.03180537575925,107.2775363065354,-112.71146307992421,-451.65535581310155,-28.18145196708885,-505.2314368201379,-985.0682446003283,282.0214244755677,-3.4928844375284953,-985.0682446003283,0.0
0.0092,0.0,-4.49840745224956,4.49840745224956,99.80623071192294,111.50148554206653,-112.54772445042593,0.0,-501.5791134993286,-506.285522401526,-1007.8646359008546,281.6092895734146,-3.57894669393748,-1007.8646359008548,1.1368683772161603e-13
0.0094,0.0,-4.033297767024268,4.033297767024268,90.0861707608058,113.49105984799611,-112.40452583104675,0.0,-457.7432382621403,-453.3609230377825,-911.1041612999229,281.21941993580015,-3.239833726660555,-911.1041612999229,0.0
0.009600000000000001,0.0,-5.890535807579087,5.890535807579087,78.3044283131321,113.84329159512902,-112.28735203995022,0.0,-670.5979855937748,-661.4326679295655,-1332.0306535233403,280.8152784175518,-4.7434408164313195,-1332.03065352334,-2.2737367544323206e-13
0.0098,0.0,-5.439575601467242,5.439575601467242,65.20059567547331,113.25621614005479,-112.20974505945425,0.0,-616.0657500299425,-610.3733914722667,-1226.4391415022092,280.40432794098956,-4.373823865373113,-1226.4391415022092,0.0
0.01,0.0,-4.9642007375427495,4.9642007375427495,51.63091470270431,112.35506842355896,-112.16008241671297,0.0,-557.7531135348975,-556.785163855902,-1114.5382773907995,280.0003174055903,-3.9804893355758297,-1114.5382773907995,0.0
0.0102,0.0,-4.462084461030354,4.462084461030354,38.35804761481192,111.57321230070659,-112.09027126621784,0.0,-497.8490968742236,-500.15625764966785,-998.0053545238915,279.6042499473082,-3.5693497316724154,-998.0053545238915,0.0
0.010400000000000001,0.0,-4.393291829305411,4.393291829305411,25.87663213444976,111.11631358958374,-111.93752395108089,0.0,-488.166392595656,-491.7742093669624,-979.9406019626184,279.21621979167344,-3.5096120228751886,-979.9406019626183,-1.1368683772161603e-13
0.0106,0.0,-5.706900419526496,5.706900419526496,14.313333425013804,110.97944028375329,-111.64707947352457,0.0,-633.3486143141674,-637.1587646863654,-1270.5073790005329,278.8087313457349,-4.556913884540613,-1270.5073790005329,0.0
0.0108,0.0,-5.151890539073059,5.151890539073059,3.442698914518674,111.05119508245211,-111.23820022239235,0.0,-572.1236012980416,-573.0870313092578,-1145.2106326072994,278.4030752422901,-4.1134985007282685,-1145.2106326072994,0.0
0.011000000000000001,0.0,-4.589634747361044,4.589634747361044,-7.206586056596579,111.17626537147906,-110.79701479493914,-0.0,-510.25845063077276,-508.5178290067284,-1018.7762796375011,278.0060597246055,-3.6645829973875648,-1018.7762796375011,0.0
0.0112,0.0,-4.0207785570075245,4.0207785570075245,-18.164953691416148,111.22994090831085,-110.46541748295012,-0.0,-447.2309613013503,-444.1569819063299,-891.3879432076802,277.61798291456995,-3.2108436703179377,-891.3879432076803,1.1368683772161603e-13
0.0114,0.0,-5.757253813467295,5.757253813467295,-29.820556996754082,111.14682403404541,-110.38241648549983,-0.0,-639.9004765247863,-635.4995882508791,-1275.4000647756654,277.2134857983843,-4.600786506119894,-1275.4000647756652,-2.2737367544323206e-13
0.011600000000000001,0.0,-5.173395913707393,5.173395913707393,-42.270071262605406,110.94566303950829,-110.63282419463447,-0.0,-573.9658398121495,-572.3474006104303,-1146.3132404225798,276.80632429977175,-4.141210441352351,-1146.3132404225798,0.0
0.0118,0.0,-4.597826241400929,4.597826241400929,-55.25493565825952,110.68498380386687,-111.15171085637009,-0.0,-508.9103230624559,-511.0562529520269,-1019.9665760144828,276.40756155609654,-3.6900820305796227,-1019.9665760144828,0.0
0.012,0.0,-4.034133596524359,4.034133596524359,-68.19979738541791,110.42363852611761,-111.66988565977677,-0.0,-445.46371002867266,-450.49123746013925,-895.954947488812,276.0167272749833,-3.24601684953757,-895.954947488812,0.0
0.0122,0.0,-5.783279459704578,5.783279459704578,-80.3379199620923,110.189106201918,-111.71090111878149,-0.0,-637.2543945807587,-646.0553598653381,-1283.3097544460968,275.60994073290067,-4.656253511878147,-1283.3097544460968,0.0
0.012400000000000001,0.0,-5.195920291687987,5.195920291687987,-90.90819454527393,109.99309593577115,-110.68111661820913,-0.0,-571.5153591182567,-575.0902597432373,-1146.605618861494,275.2002795922125,-4.166440603041961,-1146.6056188614941,2.2737367544323206e-13
0.0126,0.0,-4.54907879684448,4.54907879684448,-99.32978394868125,109.82725128874998,-107.97532203913995,-0.0,-499.6128201533631,-491.18824807070604,-990.8010682240691,274.80388312524957,-3.6054842346331903,-990.8010682240691,0.0
0.0128,2.465529137568563,-5.014465297063414,2.5489361594948514,-105.32020450062275,109.67258087374174,-103.11156247852693,-259.6700329709651,-549.9493508307587,-262.82479006352986,-1072.4441738652538,274.41767006309794,-3.9080725873762514,-1072.4441738652536,-2.2737367544323206e-13
0.013000000000000001,4.731908822350826,-4.731908822350826,0.0,-108.93533978118266,109.51299777882173,-95.85991597819942,-515.4720953763632,-518.2055203516929,-0.0,-1033.677615728056,274.0143063440304,-3.772349077388147,-1033.6776157280563,2.2737367544323206e-13
0.0132,5.55610275153244,-5.55610275153244,0.0,-110.55165958947036,109.3634031366679,-86.33990478203815,-614.2363800315339,-607.634305084592,-0.0,-1221.870685116126,273.6027703666083,-4.465856407370824,-1221.8706851161257,-2.2737367544323206e-13
0.0134,4.927420325704958,-4.927420325704958,0.0,-110.74417746036478,109.24723489768398,-75.0001890780323,-545.6831109716783,-538.307045761912,-0.0,-1083.9901567335903,273.19638968770556,-3.967805570098177,-1083.9901567335903,0.0
0.013600000000000001,4.291355166134325,-4.291355166134325,0.0,-110.13904988178724,109.17429805531204,-62.52324322715007,-472.64578070333386,-468.50568796875194,-0.0,-941.1514686720858,272.8009696207656,-3.4499564645258696,-941.1514686720857,-1.1368683772161603e-13
0.013800000000000002,5.960283158807091,-5.960283158807091,0.0,-109.27708049864037,109.12233853995329,-49.671743186301484,-651.3223425396529,-650.4000366493295,-0.0,-1301.7223791889824,272.4053599266254,-4.778622489438578,-1301.7223791889826,2.2737367544323206e-13
0.014,5.266412450224553,-5.266412450224553,0.0,-108.5291878906216,109.04021072623918,-37.11934422470165,-571.5594663199294,-574.2507233437748,-0.0,-1145.810189663704,271.9939193485244,-4.2126316367958925,-1145.8101896637043,2.2737367544323206e-13
0.0142,4.554206575736212,-4.554206575736212,0.0,-108.08528996120957,108.88328645337151,-25.306587776672462,-492.24273828169584,-495.87697915371416,-0.0,-988.1197174354099,271.59611807635,-3.638195289513062,-988.11971743541,1.1368683772161603e-13
0.014400000000000001,5.003818638787604,-5.003818638787604,0.0,-107.94890643695113,108.61136428346296,-14.345916278227522,-540.1567500659553,-543.4715689857422,-0.0,-1083.6283190516974,271.2096529581633,-3.995537427345396,-1083.6283190516974,0.0
0.0146,5.427226571495221,-5.427226571495221,0.0,-107.99934674258547,108.21773454227093,-4.037490970464432,-586.1369243454857,-587.322164414829,-0.0,-1173.4590887603147,270.79782873181705,-4.3333400945487,-1173.459088760315,2.2737367544323206e-13
0.0148,4.677586009950646,-4.677586009950646,0.0,-108.10942909871554,107.78861537240904,6.031579007376242,-505.69115309590313,-504.1905192979317,0.0,-1009.8816723938348,270.39775723372475,-3.7348004758816087,-1009.8816723938348,0.0
0.015000000000000001,4.450189443195071,-4.450189443195071,0.0,-108.16415214148664,107.44914938856407,16.340205003109777,-481.35096799218934,-478.1690702892779,0.0,-959.5200382814672,270.01180995462704,-3.55362248207849,-959.5200382814672,0.0
0.0152,5.497909825837203,-5.497909825837203,0.0,-108.09151803725861,107.32008064606956,27.256646618680882,-594.2774191067034,-590.0361258936668,0.0,-1184.3135450003701,269.6014562065173,-4.392830668144369,-1184.3135450003704,2.2737367544323206e-13
0.0154,4.727470693797479,-4.727470693797479,0.0,-107.90957146758653,107.49861869516627,38.9099922642248,-510.13933669325996,-508.19656950510836,0.0,-1018.3359061983683,269.19961908321403,-3.782828184030914,-1018.3359061983683,0.0
0.015600000000000001,4.201762683130641,-4.201762683130641,0.0,-107.66547622943186,107.95107419136579,51.12130449017517,-452.3847802823159,-453.58479514114805,0.0,-905.969575423464,268.8120223935086,-3.370271788280485,-905.969575423464,0.0
0.0158,5.54769548388975,-5.54769548388975,0.0,-107.39845091924808,108.45738174685943,63.41442312284643,-595.8139011414675,-601.6885269115586,0.0,-1197.502428053026,268.4007763336611,-4.461620582514101,-1197.5024280530258,-2.2737367544323206e-13
0.016,4.79155404021416,-4.79155404021416,0.0,-107.15894845861672,108.64762734508285,75.13658528843418,-513.4578924319859,-520.5909777650141,0.0,-1034.048870197,267.9951526518275,-3.8584610951542473,-1034.048870197,0.0
0.0162,4.027618198453386,-4.027618198453386,0.0,-106.96296903230352,108.01124368855132,85.59433131010852,-430.80600063511156,-435.0280507175927,0.0,-865.8340513527043,267.6046809217382,-3.23549666011231,-865.8340513527043,0.0
0.0164,5.5642317243096455,-5.5642317243096455,0.0,-106.78787056422965,105.97932911384616,94.19681449814462,-594.1924571649588,-589.6935451763156,0.0,-1183.8860023412744,267.19676551524975,-4.430764721490262,-1183.8860023412744,0.0
0.0166,4.6569988886512865,-4.6569988886512865,0.0,-106.62798243715126,102.08566593034553,100.61157964058157,-496.5663957089423,-475.41283278484565,0.0,-971.979228493788,266.7996190323903,-3.643105758617244,-971.9792284937879,-1.1368683772161603e-13
0.016800000000000002,4.95883788500358,0.0,-4.95883788500358,-106.47086558105971,96.04392401691916,104.79474221090386,-527.9717618924826,0.0,-519.6601378246139,-1047.6318997170965,266.40557043808417,-3.932469947960711,-1047.6318997170963,-2.2737367544323206e-13
0.017,4.103239325791657,0.0,-4.103239325791657,-106.3226032007928,87.84786440140886,106.9920345319582,-436.26708667403494,0.0,-439.0139236379898,-875.2810103120248,266.0166748785594,-3.290323851734496,-875.2810103120247,-1.1368683772161603e-13
0.0172,5.633724726360488,0.0,-5.633724726360488,-106.18952248970021,77.77934037409618,107.65023446630302,-598.2425385306373,0.0,-606.4717877113154,-1204.7143262419527,265.60986816535143,-4.535653492708244,-1204.7143262419524,-2.2737367544323206e-13
0.017400000000000002,4.810222313372423,0.0,-4.810222313372423,-106.09135496155945,66.38040003235332,107.32939775630533,-510.3230028920073,0.0,-516.2782639682039,-1026.6012668602111,265.2028457799594,-3.8710039624235004,-1026.6012668602111,0.0
0.0176,4.159757816806276,0.0,-4.159757816806276,-106.030636405026,54.324815422461135,106.56754932421671,-441.061768606751,0.0,-443.29519631929884,-884.3569649260498,264.8138870464478,-3.3395414975761275,-884.3569649260497,-1.1368683772161603e-13
0.0178,5.459342481622807,0.0,-5.459342481622807,-105.96184403379799,42.26381196674041,105.76237294345538,-578.4819965648035,0.0,-577.3930155674404,-1155.875012132244,264.4027333265299,-4.371645472759811,-1155.8750121322441,2.2737367544323206e-13
0.018000000000000002,4.566164399411679,0.0,-4.566164399411679,-105.85041138452817,30.7134500996757,105.17457755805339,-483.3303801271133,0.0,-480.2444117687459,-963.5747918958592,264.00262349407063,-3.64986824427334,-963.5747918958592,0.0
0.0182,5.858975354972188,0.0,-5.858975354972188,-105.64966858019565,19.929631723339938,104.88420274894088,-618.9988044723458,0.0,-614.5139590319508,-1233.5127635042966,263.61382119474524,-4.679241619099465,-1233.5127635042966,0.0
0.0184,5.097884891889586,0.0,-5.097884891889586,-105.3265605131138,9.882283895185992,104.82945699686027,-536.9426815544971,0.0,-534.408505049283,-1071.3511866037802,263.2021557046227,-4.070449893298361,-1071.35118660378,-2.2737367544323206e-13
0.018600000000000002,4.165848898028641,0.0,-4.165848898028641,-104.92842874738695,0.3028855174698858,104.9118234391938,-437.1159792691787,0.0,-437.04680406434085,-874.1627833335195,262.8113876759536,-3.3261982711775113,-874.1627833335195,0.0
0.0188,5.592411157734055,0.0,-5.592411157734055,-104.5262374881025,-9.219205033372383,104.99499838979213,-584.5536968044241,-0.0,-587.1752005013427,-1171.7288973057668,262.40821728135666,-4.465290414474435,-1171.7288973057666,-2.2737367544323206e-13
0.019,4.6379206471912395,0.0,-4.6379206471912395,-104.24545994260434,-19.091488415750067,104.9981331510576,-483.482171043752,-0.0,-486.973009657825,-970.455180701577,262.0064692750057,-3.7039359500813447,-970.455180701577,0.0
0.019200000000000002,5.701103068474113,0.0,-5.701103068474113,-104.20413762480055,-29.585759567564242,104.89497681630566,-594.0785287604492,-0.0,-598.0170741949612,-1192.0956029554104,261.61876309756855,-4.556613557991741,-1192.0956029554102,-2.2737367544323206e-13
0.0194,5.089805022389262,0.0,-5.089805022389262,-104.435961664467,-40.73201729670768,104.68756665252586,-531.5586821978566,-0.0,-532.8393025297368,-1064.3979847275932,261.205989981211,-4.074937120715177,-1064.3979847275934,2.2737367544323206e-13
0.0196,4.134470264715913,0.0,-4.134470264715913,-104.89037876121304,-52.301226216172914,104.43940826666555,-433.66615204302485,-0.0,-431.801627943054,-865.4677799860788,260.8142869953231,-3.318329643504531,-865.4677799860788,0.0
0.0198,5.554530363314385,0.0,-5.554530363314385,-105.33250304369206,-63.82001767636267,104.18271518571191,-585.0725864000924,-0.0,-578.6860548315715,-1163.758641231664,260.40733663910214,-4.468993294319177,-1163.7586412316641,2.2737367544323206e-13
0.02,4.603418975624312,0.0,-4.603418975624312,-105.40124439611537,-74.68792266171101,103.95448037532763,-485.2060885074931,-0.0,-478.54602756094835,-963.7521160684414,260.0031296110893,-3.7066942906034033,-963.7521160684414,0.0
0.020200000000000003,5.907299808284047,0.0,-5.907299808284047,-104.63046472256801,-84.29840674969829,103.76532616977242,-618.0835241962967,-0.0,-612.9728913892283,-1231.056415585525,259.6116792354242,-4.74191461343757,-1231.056415585525,0.0
0.0204,5.0004354306744245,0.0,-5.0004354306744245,-102.51730771526334,-92.15181935978458,103.59151039970749,-512.6311777567554,-0.0,-518.0026589197754,-1030.6338366765308,259.19996510762337,-3.976211324907384,-1030.6338366765308,0.0
0.0206,4.530785329982246,0.0,-4.530785329982246,-98.67423986615754,-97.99425709228369,103.43837151756591,-447.0717984327358,-0.0,-468.657056229041,-915.7288546617768,258.818722421627,-3.5381090134971553,-915.7288546617768,0.0
0.020800000000000003,0.0,5.03698973724276,-5.03698973724276,-92.82086895238369,-101.76136287473253,103.24363655033596,-0.0,-512.5709404478641,-520.0371377396638,-1032.608078187528,258.3303714679902,-3.9972383902040685,-1032.608078187528,0.0
0.021,0.0,4.0652485877545335,-4.0652485877545335,-85.04686586379621,-103.76699296112362,103.09602620095355,-0.0,-421.83862159074243,-419.1109749165308,-840.9495965072732,257.9432736167748,-3.2602113818120664,-840.9495965072732,0.0
0.0212,0.0,5.348504333521791,-5.348504333521791,-75.57007492809183,-104.37225063578636,102.95890984722065,-0.0,-558.2354348249258,-550.6761754925391,-1108.911610317465,257.5308681154138,-4.3059366763773745,-1108.911610317465,0.0
0.021400000000000002,0.0,4.329239245279264,-4.329239245279264,-64.8782258408318,-104.0831322894561,102.85922250055954,-0.0,-450.6007810791067,-445.3021827883343,-895.902963867441,257.13232537721586,-3.4842097840212887,-895.902963867441,0.0
0.0216,0.0,5.6771145021146685,-5.6771145021146685,-53.557641943116735,-103.36463414011294,102.78659878180746,-0.0,-586.8128634826121,-583.5312905672411,-1170.3441540498532,256.7306584166463,-4.558645863598068,-1170.3441540498532,0.0
0.0218,0.0,4.611076964693936,-4.611076964693936,-42.19754568289834,-102.59100102323637,102.71647463847759,-0.0,-473.05500160313727,-473.6335701000529,-946.6885717031902,256.3262639752885,-3.693295244198843,-946.6885717031902,0.0
0.022000000000000002,0.0,5.9204960021019115,-5.9204960021019115,-31.26666554500451,-102.00077479845616,102.61349327967315,-0.0,-603.8951794055571,-607.5227767240162,-1211.4179561295732,255.9343635189355,-4.733314977611225,-1211.4179561295732,0.0
0.0222,0.0,4.810468694067039,-4.810468694067039,-21.01856962782185,-101.6692955118222,102.4231821057405,-0.0,-489.0769632074712,-492.70351106639197,-981.7804742738631,255.5257472376964,-3.8421978406762527,-981.7804742738631,0.0
0.0224,0.0,5.5313763385853125,-5.5313763385853125,-11.469544726257556,-101.58303163553347,102.13871545543269,-0.0,-561.8939775905532,-564.9676739236784,-1126.8616515142317,255.1391955167184,-4.416654404009016,-1126.8616515142317,0.0
0.022600000000000002,0.0,4.959283006939126,-4.959283006939126,-2.410666314302151,-101.62703042105781,101.75848306576472,-0.0,-503.9972050128376,-504.64911587994976,-1008.6463208927873,254.72722420131703,-3.9597115073009634,-1008.6463208927875,1.1368683772161603e-13
0.0228,0.0,4.882221251763536,-4.882221251763536,6.502397444878746,-101.71051079035679,101.36793430180977,0.0,-496.57321730840437,-494.90068309566556,-991.4739004040699,254.34165260055755,-3.8981971307750185,-991.4739004040699,0.0
0.023,0.0,5.072063805343105,-5.072063805343105,15.641851654031344,-101.7255593503734,101.04675992029138,0.0,-515.9585276593108,-512.5156136389043,-1028.474141298215,253.92916495811798,-4.0502403159079705,-1028.4741412982148,-2.2737367544323206e-13
0.023200000000000002,0.0,4.406066425332516,-4.406066425332516,25.292630926153603,-101.65205486369501,100.92226713434655,0.0,-447.88570600098546,-444.67021278908356,-892.555918790069,253.5425925139146,-3.520339166450248,-892.5559187900691,1.1368683772161603e-13
0.0234,0.0,5.158078278075043,-5.158078278075043,35.551044085086325,-101.47351398129105,101.04054055649254,0.0,-523.4083282668415,-521.1750174494045,-1044.5833457162462,253.13063681917708,-4.126657123935734,-1044.5833457162462,0.0
0.0236,0.0,4.000849265998969,-4.000849265998969,46.29530257613183,-101.24344258524103,101.4000742277416,0.0,-405.05975295437037,-405.68641254630097,-810.7461655006714,252.741305065956,-3.2078103153305193,-810.7461655006713,-1.1368683772161603e-13
0.0238,0.0,5.247085890783569,-5.247085890783569,57.17459366132502,-100.98693247719021,101.839948428797,0.0,-529.8871085545777,-534.362956518867,-1064.2500650734446,252.32950144772178,-4.217699709972036,-1064.2500650734446,0.0
0.024,0.0,4.098083023390029,-4.098083023390029,67.70079965634007,-100.7538710000641,102.10202824939724,0.0,-412.8977282861917,-418.422588622544,-831.3203169087358,251.93585765755287,-3.2997300369950464,-831.3203169087357,-1.1368683772161603e-13
0.024200000000000003,0.0,5.342803005946633,-5.342803005946633,77.31645632496756,-100.54492045500173,101.79027851568688,0.0,-537.1917032396484,-543.8454060297569,-1081.0371092694054,251.52565606122104,-4.297919847215436,-1081.0371092694054,0.0
0.0244,0.0,4.156799006716122,-4.156799006716122,85.53824702096563,-100.36946378145444,100.4846981543081,0.0,-417.21568735137964,-417.6946934779973,-834.9103808293769,251.1311413483891,-3.3245991570241893,-834.9103808293769,0.0
0.0246,0.0,5.321126493729111,-5.321126493729111,92.0173790851615,-100.20462702594979,97.76990872005658,0.0,-533.2014956620255,-520.24605157977,-1053.4475472417955,250.72718694851693,-4.2015688847420645,-1053.4475472417953,-2.2737367544323206e-13
0.024800000000000003,-4.221189918751248,6.067900949843094,-1.8467110310918458,96.6224265841122,-100.04025182361131,93.35367262857461,-407.861613022137,-607.0343390630334,-172.39725703612564,-1187.293209121296,250.31608193899936,-4.743175907533711,-1187.293209121296,0.0
0.025,-5.455013307070257,5.455013307070257,0.0,99.44062616682253,-99.87253253988864,87.1225856903567,-542.4499390034157,-544.8059940158998,0.0,-1087.2559330193155,249.89224068025285,-4.350899131800187,-1087.2559330193155,0.0
0.0252,-4.217913197008407,4.217913197008407,0.0,100.76670580480005,-99.72645736843319,79.19340684961828,-425.0252182331298,-420.63754062521065,0.0,-845.6627588583405,249.496299571693,-3.3894801658785263,-845.6627588583405,0.0
0.025400000000000002,-5.41180136764437,5.41180136764437,0.0,100.98306742936482,-99.59920322671711,69.86224920599845,-546.5003024231602,-539.0111042386371,0.0,-1085.5114066617973,249.0892298832536,-4.357921886749455,-1085.5114066617973,0.0
0.0256,-4.184963766940707,4.184963766940707,0.0,100.53335750326045,-99.50585552139502,59.59957364781746,-420.72845852004167,-416.4283999554751,0.0,-837.1568584755167,248.69234540815123,-3.366234924125163,-837.1568584755167,0.0
0.0258,-5.353274844856667,5.353274844856667,0.0,99.80332075354917,-99.42946460793763,48.93086954402905,-534.2746064231361,-532.2732517232388,0.0,-1066.547858146375,248.28491623402334,-4.295661107101206,-1066.547858146375,0.0
0.026000000000000002,-4.081311551376371,4.081311551376371,0.0,99.09918290582684,-99.35348469366933,38.35837476845091,-404.45463992551083,-405.49252474976805,0.0,-809.9471646752788,247.8921110093109,-3.2673373968115387,-809.9471646752788,0.0
0.0262,-5.209678295193703,5.209678295193703,0.0,98.58024272144098,-99.22755165436766,28.24664845302711,-513.571350840818,-516.9436221389711,0.0,-1030.514972979789,247.48375321443265,-4.163970198427119,-1030.5149729797893,2.2737367544323206e-13
0.0264,-4.463475888587505,4.463475888587505,0.0,98.3123455851462,-99.03083869432335,18.78095672353509,-438.8147840697823,-442.0217607387108,0.0,-880.836544808493,247.0962790258272,-3.5647503405602707,-880.8365448084932,1.1368683772161603e-13
0.026600000000000002,-5.003259411606918,5.003259411606918,0.0,98.23783590132243,-98.73092860011454,9.930081065717513,-491.50937704918744,-493.9764477352137,0.0,-985.4858247844011,246.68489726949122,-3.9949175474159895,-985.4858247844012,1.1368683772161603e-13
0.0268,-5.512861043581534,5.512861043581534,0.0,98.28683792622749,-98.36847881396157,1.4923687688384428,-541.8416799003115,-542.2917547698642,0.0,-1084.1334346701756,246.298102895874,-4.401712485493681,-1084.1334346701758,2.2737367544323206e-13
0.027,-4.757599324574066,4.757599324574066,0.0,98.34320628710734,-97.98526402321997,-6.844573636466065,-467.8775718079899,-466.1746259350829,-0.0,-934.0521977430728,245.8873895194379,-3.798699069393447,-934.0521977430728,0.0
0.027200000000000002,-5.8430444465352265,5.8430444465352265,0.0,98.35082459076192,-97.68828547870288,-15.40490985137194,-574.6682394372116,-570.7969939578827,-0.0,-1145.4652333950944,245.49517830142995,-4.665937805053918,-1145.4652333950944,0.0
0.0274,-4.478958557648966,4.478958557648966,0.0,98.26365518388697,-97.55794579436781,-24.428938744235015,-440.1188392917377,-436.95799618233764,-0.0,-877.0768354740753,245.0913339628575,-3.578571389256025,-877.0768354740753,0.0
0.027600000000000003,-5.55165928018619,5.55165928018619,0.0,98.09244626618101,-97.65823058442415,-34.00272829791419,-544.575839629809,-542.1652221105811,-0.0,-1086.7410617403903,244.69213995600495,-4.44125856243598,-1086.7410617403903,0.0
0.027800000000000002,-4.186251400591129,4.186251400591129,0.0,97.86621124006444,-97.97224073878644,-44.01852504882256,-409.692563874267,-410.13643001179594,-0.0,-819.828993886063,244.2956552457525,-3.3558885566808176,-819.828993886063,0.0
0.028,-5.26042509391983,5.26042509391983,0.0,97.61735493764506,-98.37580326278021,-54.18209474525775,-513.5087835160668,-517.4985441180493,-0.0,-1031.007327634116,243.88822164750022,-4.227376462338003,-1031.0073276341163,2.2737367544323206e-13
0.028200000000000003,-4.435479708443002,4.435479708443002,0.0,97.38756797279099,-98.6499782697335,-64.07412848651131,-431.960581597928,-437.559976853746,-0.0,-869.520558451674,243.4976031851297,-3.5709614677011134,-869.520558451674,0.0
0.0284,-4.975979550789057,4.975979550789057,0.0,97.17532097701095,-98.45407510443246,-73.20551401212666,-483.54241002296936,-489.9054644115059,-0.0,-973.4478744344752,243.0830147889603,-4.004590264274955,-973.4478744344754,1.1368683772161603e-13
0.0286,-5.8335358195168014,5.8335358195168014,0.0,96.99879617821023,-97.4327005742273,-81.14705163968975,-565.8459519555988,-568.3771487920102,-0.0,-1134.223100747609,242.6926802850079,-4.673495300375874,-1134.2231007476091,2.2737367544323206e-13
0.028800000000000003,-4.594587624555946,4.594587624555946,0.0,96.83079281835779,-95.2058331848736,-87.55937889870664,-444.8975623591675,-437.43154293675804,-0.0,-882.3291052959255,242.28482999688944,-3.6417018156161625,-882.3291052959255,0.0
0.029,-6.0710210682591965,4.987216776717468,1.083804291541728,96.67326339987467,-91.50344006095071,-92.29718736592417,-586.9054188380098,-456.3474913993347,-100.03208776441959,-1143.2849980017643,241.89138085967838,-4.726439585976756,-1143.284998001764,-2.2737367544323206e-13
0.0292,-4.114430034024086,0.0,4.114430034024086,96.4916716889167,-86.1564247218139,-95.36199583534955,-397.0082320300705,-0.0,-392.360259769442,-789.3684917995124,241.43551527023587,-3.2694795996188954,-789.3684917995125,1.1368683772161603e-13
0.029400000000000003,-5.108469461062388,0.0,5.108469461062388,96.3357886879894,-79.24164188456302,-96.99872688674458,-492.1284345199533,-0.0,-495.5150340628658,-987.6434685828192,241.0283460761542,-4.097623722110958,-987.6434685828192,0.0
0.0296,-5.425793127181019,0.0,5.425793127181019,96.20407609838206,-70.96146574223489,-97.51729261613987,-521.9834149014011,-0.0,-529.1086560579521,-1051.0920709593534,240.6386728890695,-4.367926644292496,-1051.0920709593531,-2.2737367544323206e-13
0.0298,-4.6930714638848645,0.0,4.6930714638848645,96.08867518129627,-61.66739765684987,-97.2769818941913,-450.9510194958433,-0.0,-456.5278278204738,-907.4788473163171,240.2249285268426,-3.7776214686849867,-907.4788473163171,0.0
0.030000000000000002,-5.698223865486599,0.0,5.698223865486599,96.00392293048453,-51.820712868881145,-96.65832815046771,-547.0518448228231,-0.0,-550.7807922650303,-1097.8326370878535,239.82706266246495,-4.5776011468436915,-1097.8326370878535,0.0
0.0302,-4.225613699766712,0.0,4.225613699766712,95.92597343534159,-41.87225951829791,-95.95240570603234,-405.34610751183715,-0.0,-405.4578000769839,-810.8039075888211,239.42713597634588,-3.386432804629648,-810.8039075888211,0.0
0.0304,-5.188480257055981,0.0,5.188480257055981,95.82347088199735,-32.20277491668948,-95.35753352951409,-497.17818683382194,-0.0,-494.7606800794376,-991.9388669132595,239.02130990221127,-4.150001802429594,-991.9388669132594,-1.1368683772161603e-13
0.030600000000000002,-5.388282003136208,0.0,5.388282003136208,95.67202022909981,-23.05819717644239,-94.97719604098538,-515.5078248041417,-0.0,-511.763916135981,-1027.2717409401228,238.63344084975347,-4.304810496308042,-1027.271740940123,2.2737367544323206e-13
0.0308,-4.611393680181163,0.0,4.611393680181163,95.431450079351,-14.505334899301289,-94.7985328831069,-440.0719857864433,-0.0,-437.1533554276053,-877.2253412140485,238.2237527252124,-3.6823588377684366,-877.2253412140485,0.0
0.031,-5.540664514528574,0.0,5.540664514528574,95.11500189064658,-6.4510076742677445,-94.77683452909997,-527.0003157748238,-0.0,-525.1266438747307,-1052.1269596495545,237.8260929624144,-4.423934087904437,-1052.1269596495545,0.0
0.031200000000000002,-4.02722559907099,0.0,4.02722559907099,94.75259512741889,1.3295398483304046,-94.82535212887213,-381.59007667555045,0.0,-381.8830855343146,-763.473162209865,237.43415482459022,-3.2155153194952,-763.473162209865,0.0
0.031400000000000004,-4.902359415224537,0.0,4.902359415224537,94.39914623749806,9.120261113027126,-94.85592948077735,-462.77854334655655,0.0,-465.0178589799636,-927.7964023265201,237.0251179669303,-3.9143378992262163,-927.7964023265201,0.0
0.0316,-5.80980586214495,0.0,5.80980586214495,94.14989302577841,17.18789378190274,-94.82897892814186,-546.9926004214874,0.0,-550.9379576779386,-1097.930558099426,236.63239252256844,-4.639815142784023,-1097.930558099426,0.0
0.0318,-4.234271315770217,0.0,4.234271315770217,94.07034145080486,25.706470447296592,-94.71603859830961,-398.3193484698531,0.0,-401.05340538020704,-799.3727538500601,236.23240969481157,-3.3838403243770365,-799.3727538500601,0.0
0.032,-5.128112592677982,0.0,5.128112592677982,94.19785393780928,34.70772640487833,-94.5286823118915,-483.05720098172105,0.0,-484.7537261328672,-967.8109271145883,235.82710174745847,-4.103900357266797,-967.8109271145881,-1.1368683772161603e-13
0.0322,-5.884439425439661,0.0,5.884439425439661,94.50887115369773,44.06413532791567,-94.30388783820514,-556.1317274706159,0.0,-554.9255155673741,-1111.05724303799,235.43691632156606,-4.71912926994201,-1111.05724303799,0.0
0.0324,-4.449768596760453,0.0,4.449768596760453,94.86953378957962,53.491781068869955,-94.06071085385518,-422.1474722461761,0.0,-418.5483973464499,-840.695869592626,235.02817413889426,-3.577000385901825,-840.6958695926261,1.1368683772161603e-13
0.032600000000000004,-5.349974187854262,0.0,5.349974187854262,95.07684709899564,62.615559719385054,-93.83322709843887,-508.6586778421931,0.0,-502.00534293971504,-1010.6640207819081,234.62423429004596,-4.307585803487419,-1010.6640207819081,0.0
0.0328,-4.952586101568123,0.0,4.952586101568123,94.84693134327728,71.02432419278135,-93.63561206972123,-469.737593947101,0.0,-463.73843094832574,-933.4760248954267,234.2328563576122,-3.9852480109376858,-933.4760248954267,0.0
0.033,-4.644573088838633,0.0,4.644573088838633,93.84152660961063,78.331660469261,-93.45254229711468,-435.853829106532,0.0,-434.04716303673285,-869.9009921432648,233.8204331807111,-3.7203805514762296,-869.9009921432648,0.0
0.0332,-5.479604743067185,0.0,5.479604743067185,91.76385470861122,84.27297977333444,-93.28912992597962,-502.8296535034341,0.0,-511.1875588190088,-1014.0172123224429,233.42302376838595,-4.344118227722907,-1014.0172123224428,-1.1368683772161603e-13
0.0334,-4.141728762022432,-0.8128374052255983,4.95456616724803,88.37020931440736,88.71560922862938,-93.13553703749997,-366.00543762342363,-72.11136560840724,-461.4461807744732,-899.5629840063041,233.0394452039531,-3.8601318468597374,-899.5629840063041,0.0
0.033600000000000005,0.0,-4.934564249680007,4.934564249680007,83.51119259586642,91.6581410026088,-92.96294572725981,0.0,-452.2929857836026,-458.731628530679,-911.0246143142816,232.60656266747995,-3.9165903311878028,-911.0246143142817,1.1368683772161603e-13
0.033800000000000004,0.0,-4.582650908972167,4.582650908972167,77.23499265316765,93.29407316285796,-92.80470712584552,0.0,-427.53416918148685,-425.29157546715174,-852.8257446486386,232.1974797592115,-3.672846688659231,-852.8257446486386,0.0
0.034,0.0,-5.41997637497946,5.41997637497946,69.70591497970139,93.88687521383312,-92.6635361208212,0.0,-508.8646455796202,-502.23417659690676,-1011.0988221765269,231.79590148646847,-4.362022001651102,-1011.0988221765268,-1.1368683772161603e-13
0.0342,0.0,-4.924336411196436,4.924336411196436,61.22287640103265,93.75902172383556,-92.5485560666558,0.0,-461.7009645528411,-455.74022444268803,-917.4411889955292,231.4038197388539,-3.9646760802431387,-917.4411889955292,0.0
0.0344,0.0,-4.598396915077718,4.598396915077718,52.15752247565497,93.21826970708658,-92.44841194940112,0.0,-428.6546038499496,-425.11449231196013,-853.7690961619097,230.99117990681208,-3.696111238993379,-853.7690961619097,0.0
0.0346,0.0,-5.408226649853583,5.408226649853583,42.9158822634051,92.54997169949303,-92.36445606473698,0.0,-500.53122338839313,-499.527912788541,-1000.0591361769341,230.58998669372238,-4.336958211048632,-1000.0591361769341,0.0
0.034800000000000005,0.0,-5.182991101614472,5.182991101614472,33.84701753872575,91.94873804248141,-92.27322278211469,0.0,-476.56949107886123,-478.2512925969902,-954.8207836758514,230.1997980956305,-4.147791577467831,-954.8207836758514,0.0
0.035,0.0,-4.477480887400648,4.477480887400648,25.19406493232035,91.50922626087095,-92.13349604009083,0.0,-409.73081160387113,-412.52596760891,-822.2567792127811,229.79090153299063,-3.578282576582917,-822.2567792127811,0.0
0.0352,0.0,-5.239751614648521,5.239751614648521,17.07162401707338,91.26755386567557,-91.93076709887173,0.0,-478.2193127326944,-481.69438534219023,-959.9136980748847,229.38960070428263,-4.184643484829795,-959.9136980748846,-1.1368683772161603e-13
0.0354,0.0,-5.996579447667274,5.996579447667274,9.446210507507315,91.19055092394002,-91.65728382221387,0.0,-546.8313834919546,-549.6301843972938,-1096.4615678892483,228.99922502259284,-4.7880579848297415,-1096.4615678892485,2.2737367544323206e-13
0.0356,0.0,-4.23402124233138,4.23402124233138,2.162405487056626,91.20176232235292,-91.31967798057732,0.0,-386.15019901089994,-386.64945641262557,-772.7996554235256,228.59631964350558,-3.380630347105769,-772.7996554235256,0.0
0.0358,0.0,-4.968903414060918,4.968903414060918,-5.00826331473297,91.23272608521256,-90.96608324100566,-0.0,-453.32660411889725,-452.0016815799827,-905.3282856988799,228.191768071989,-3.967401161523367,-905.3282856988799,0.0
0.036000000000000004,0.0,-5.700008562139059,5.700008562139059,-12.310589392363134,91.23037266408156,-90.66620619783815,-0.0,-520.013905312402,-516.798151624343,-1036.812056936745,227.79722753663492,-4.551469164698251,-1036.812056936745,0.0
0.0362,0.0,-4.341447926248912,4.341447926248912,-19.942267769015004,91.15980529528484,-90.48714510788015,-0.0,-395.7655476564689,-392.84522848079064,-788.6107761372596,227.4041196538814,-3.467882540288005,-788.6107761372597,1.1368683772161603e-13
0.0364,0.0,-4.6268446453289265,4.6268446453289265,-28.000986752601506,91.01023789489278,-90.47521557677904,-0.0,-421.09023187409645,-418.6147667264004,-839.7049986004968,226.9953484600743,-3.699216764999881,-839.7049986004968,0.0
0.0366,0.0,-5.341675070494572,5.341675070494572,-36.46015428452995,90.80847469183189,-90.65061893272316,-0.0,-485.0693654509957,-484.22615127783064,-969.2955167288263,226.59522049579317,-4.277652082016539,-969.2955167288264,1.1368683772161603e-13
0.0368,0.0,-5.766299257823563,5.766299257823563,-45.15936230679182,90.58179506718918,-90.95989379938449,-0.0,-522.321737668259,-524.5019681071009,-1046.82370577536,226.2037048158996,-4.627792045348409,-1046.8237057753597,-2.2737367544323206e-13
0.037000000000000005,0.0,-4.264172992905076,4.264172992905076,-53.822134676881866,90.34719730892522,-91.26429004487994,-0.0,-385.25607874938504,-389.16672082603264,-774.4227995754177,225.79684672803347,-3.4297325706598114,-774.4227995754177,0.0
0.037200000000000004,0.0,-4.980134283311095,4.980134283311095,-62.111853580659826,90.12864585720293,-91.36762570988625,-0.0,-448.8527591418608,-455.0230451825408,-903.8758043244015,225.38947429523296,-4.010284007940999,-903.8758043244017,1.1368683772161603e-13
0.0374,0.0,-5.692349437811135,5.692349437811135,-69.6805096131535,89.9365421675123,-91.01742654960323,-0.0,-511.9502252459161,-518.1029968506502,-1030.0532220965663,224.99159990922124,-4.578185241191974,-1030.0532220965663,0.0
0.0376,0.0,-4.523103175826309,4.523103175826309,-76.22018318220218,89.76492138805192,-89.93288822839287,-0.0,-406.01600100809657,-406.77573235707627,-812.7917333651728,224.59707195916207,-3.6188883776408307,-812.791733365173,1.1368683772161603e-13
0.0378,0.0,-4.503023608172866,4.503023608172866,-81.50996410008058,89.59913299276239,-87.84945510671069,-0.0,-403.46701113822934,-395.5881703106406,-799.0551814488699,224.19038997814644,-3.5641812368797785,-799.0551814488699,0.0
0.038,1.365883839616247,-5.760453762596715,4.394569922980468,-85.46216692543264,89.44005594097086,-84.5802448339742,-116.73139270203455,-515.2153067720262,-371.6938000257071,-1003.6404994997679,223.7927826844697,-4.4846866259973295,-1003.640499499768,1.1368683772161603e-13
0.038200000000000005,5.969498417605322,-5.969498417605322,0.0,-88.09509377775835,89.2701335898305,-80.01608012893138,-525.8835229051209,-532.8979212039088,-0.0,-1058.7814441090297,223.3664860240854,-4.740108791409568,-1058.7814441090297,0.0
0.038400000000000004,4.109236175453112,-4.109236175453112,0.0,-89.57796838256137,89.11486362906226,-74.20223407764398,-368.09702820121623,-366.1940213951134,-0.0,-734.2910495963297,222.96563478127854,-3.293292485708138,-734.2910495963296,-1.1368683772161603e-13
0.0386,4.760796650044053,-4.760796650044053,0.0,-90.12932229672369,88.96901943517565,-67.27513222077246,-429.0873756609829,-423.5634096846885,-0.0,-852.6507853456715,222.5573351687096,-3.83115112651452,-852.6507853456715,0.0
0.0388,5.416145436281837,-5.416145436281837,0.0,-90.02883582915702,88.84556524403577,-59.49239610253469,-487.6092683098555,-481.20050273036446,-0.0,-968.80977104022,222.15597115390796,-4.360944097104804,-968.8097710402201,1.1368683772161603e-13
0.039,5.757774973095946,-5.757774973095946,0.0,-89.55080311243903,88.74597436367793,-51.17411567892777,-515.6133729814441,-510.97935015419927,-0.0,-1026.5927231356434,221.76229856172017,-4.629248207625,-1026.5927231356434,0.0
0.0392,4.160150667582854,-4.160150667582854,0.0,-88.92493963557706,88.65400156854898,-42.655259681025065,-369.9411469897109,-368.8140038092904,-0.0,-738.7551507990013,221.35713653044695,-3.3373902571123466,-738.7551507990012,-1.1368683772161603e-13
0.039400000000000004,4.767935018006704,-4.767935018006704,0.0,-88.3314447529949,88.555196696981,-34.24558327185585,-421.1585886289289,-422.22542335800733,-0.0,-843.3840119869362,220.95072103860596,-3.8170683853055847,-843.3840119869363,1.1368683772161603e-13
0.0396,5.36333899121924,-5.36333899121924,0.0,-87.8778512669056,88.42844882049842,-26.17549634771224,-471.31870616435987,-474.27174749201413,-0.0,-945.5904536563739,220.55160810278284,-4.287388615256453,-945.5904536563739,0.0
0.0398,5.948701988981603,-5.948701988981603,0.0,-87.599562172989,88.25045676329212,-18.565453519307106,-521.1036897323772,-524.9756676763308,-0.0,-1046.079357408708,220.15901737361054,-4.751471776572785,-1046.079357408708,0.0
0.04,4.082297949165623,-4.082297949165623,0.0,-87.47374098420777,88.0042088084668,-11.417502017694808,-357.0938734256763,-359.2594011367473,-0.0,-716.3532745624236,219.76110085349927,-3.2596909634156352,-716.3532745624236,0.0
0.0402,4.538377743148726,-4.538377743148726,0.0,-87.44789196057278,87.69489913778463,-4.629174768615719,-396.87156655913793,-397.9925784345942,-0.0,-794.8641449937321,219.35464768544665,-3.623648522522134,-794.864144993732,-1.1368683772161603e-13
0.040400000000000005,5.093497114905883,-5.093497114905883,0.0,-87.46511998078097,87.3572738959641,1.9767827878594115,-445.5033362770048,-444.95402255513613,0.0,-890.4573588321409,218.95376390428382,-4.066873950709551,-890.457358832141,1.1368683772161603e-13
0.040600000000000004,5.64310707195746,-5.64310707195746,0.0,-87.4698222885957,87.04050061084568,8.609476974976934,-493.60157273963665,-491.1788645437809,0.0,-984.7804372834175,218.55821862166854,-4.505803732725809,-984.7804372834175,0.0
0.0408,5.325466807201752,-5.325466807201752,0.0,-87.42455924760539,86.80373775900276,15.45965042513448,-465.5765884073655,-462.2704241766146,0.0,-927.8470125839801,218.16635222820884,-4.252933612848892,-927.8470125839801,0.0
0.041,4.167745486627976,-4.167745486627976,0.0,-87.30905786732593,86.69521399334099,22.653711577018242,-363.88193186828846,-361.32358683299344,0.0,-725.2055187012819,217.7622246379197,-3.3302631799757956,-725.205518701282,1.1368683772161603e-13
0.0412,4.696053422859345,-4.696053422859345,0.0,-87.13435004440696,86.74953311693595,30.225134906265055,-409.1875627746616,-407.38044192523716,0.0,-816.5680046998988,217.35734938649418,-3.7567996067522778,-816.5680046998988,0.0
0.0414,5.224753392781718,-5.224753392781718,0.0,-86.92203197086963,86.955456521922,38.09940689008076,-454.14618144728206,-454.32081648379517,0.0,-908.4669979310772,216.95676452326597,-4.18731815035735,-908.4669979310772,0.0
0.041600000000000005,5.755835039693149,-5.755835039693149,0.0,-86.69592415487948,87.24269406130125,46.09959450965097,-499.0074380492349,-502.1545554352671,0.0,-1001.1619934845021,216.56028609545834,-4.623017504895595,-1001.161993484502,-1.1368683772161603e-13
0.041800000000000004,4.959573715062466,-4.959573715062466,0.0,-86.475121355081,87.4779238163957,53.97054599065697,-428.87973887949664,-433.853211608033,0.0,-862.7329504875297,216.1645960259129,-3.991092742976786,-862.7329504875296,-1.1368683772161603e-13
0.042,4.261823681694633,-4.261823681694633,0.0,-86.26616718542925,87.46830514370247,61.414152557658504,-367.6511942398908,-372.7744942591236,0.0,-740.4256884990144,215.75572165530224,-3.431777766162515,-740.4256884990145,1.1368683772161603e-13
0.0422,4.778148225865859,-4.778148225865859,0.0,-86.07800975789375,86.99603587644128,68.14443036981838,-411.29348961074413,-415.67995448038056,0.0,-826.9734440911247,215.34916601220442,-3.840151598470819,-826.9734440911246,-1.1368683772161603e-13
0.0424,5.273084149192687,-5.273084149192687,0.0,-85.9077558630114,85.82945153972463,73.92028599550034,-452.9988257339606,-452.58592044802384,0.0,-905.5847461819844,214.94875669707358,-4.213026211908829,-905.5847461819845,1.1368683772161603e-13
0.0426,5.729004961707703,-5.729004961707703,0.0,-85.74834757432826,83.75948032683779,78.58016051624875,-491.2527087115633,-479.8584783825124,0.0,-971.1111870940756,214.5553414345788,-4.526157123849477,-971.1111870940756,0.0
0.042800000000000005,4.7199637787538835,-2.3435788219795093,-2.3763849567743742,-85.5929024690681,80.63228598489822,82.06084455771968,-403.99539937241525,-188.96811780200267,-195.00815654716533,-787.9716737215832,214.16661157429314,-3.679246115579694,-787.9716737215831,-1.1368683772161603e-13
0.043000000000000003,5.842585409628345,0.0,-5.842585409628345,-85.43368310337576,76.372349549635,84.39631136368119,-499.1535903905949,0.0,-493.0926573998946,-992.2462477904895,213.76697637416677,-4.641719056051541,-992.2462477904895,0.0
0.0432,4.99034747465171,0.0,-4.99034747465171,-85.28083227865214,71.01481808210907,85.72311126660483,-425.58098599796773,0.0,-427.78811182858897,-853.3690978265568,213.37289716011938,-3.999425930774006,-853.3690978265566,-1.1368683772161603e-13
0.0434,4.183301959536421,0.0,-4.183301959536421,-85.13375023804457,64.68133091268895,86.23012960181792,-356.1401841934961,0.0,-360.72667013436444,-716.8668543278606,212.96607469398373,-3.366108218681987,-716.8668543278606,0.0
0.0436,4.647664836504695,0.0,-4.647664836504695,-85.003555540449,57.58801219472094,86.152573462751,-395.06803606321864,0.0,-400.4082862572153,-795.476322320434,212.5589453719242,-3.7423798886871227,-795.476322320434,0.0
0.0438,5.10396558680415,0.0,-5.10396558680415,-84.89337800931331,50.003058567984446,85.72352517387121,-433.29287990709133,0.0,-437.5299224669779,-870.8228023740692,212.15571301722224,-4.1046398892090075,-870.822802374069,-1.1368683772161603e-13
0.044000000000000004,5.547086759102617,0.0,-5.547086759102617,-84.79709094552044,42.21165077698228,85.14693538951228,-470.3768203943169,0.0,-472.3174378773296,-942.6942582716465,211.75661627932777,-4.451781837258583,-942.6942582716465,0.0
0.0442,5.975437025801343,0.0,-5.975437025801343,-84.70018267702704,34.47747060566643,84.57887259326915,-506.1206076604449,0.0,-505.39572689435494,-1011.5163345547999,211.36138180250896,-4.785719727646068,-1011.5163345547998,-1.1368683772161603e-13
0.0444,4.669694087642232,0.0,-4.669694087642232,-84.58021249182134,27.006421872982965,84.11581437968042,-394.96371820458177,0.0,-392.79512108600505,-787.7588392905868,210.9639437198551,-3.7340923069615806,-787.7588392905868,0.0
0.0446,4.200519890486512,0.0,-4.200519890486512,-84.41488166900866,19.922544292696127,83.79827592477548,-354.58638950373614,0.0,-351.99632481049645,-706.5827143142326,210.55922109049715,-3.355743389697226,-706.5827143142325,-1.1368683772161603e-13
0.0448,4.585468167199427,0.0,-4.585468167199427,-84.1941609441074,13.257176186358153,83.62548753814413,-386.06964487326974,0.0,-383.4620110726923,-769.531655945962,210.15607996068744,-3.661714931539994,-769.531655945962,0.0
0.045000000000000005,4.962963420094401,0.0,-4.962963420094401,-83.91816420220272,6.950652539244422,83.56178902678083,-416.48277921700753,0.0,-414.714102257559,-831.1968814745665,209.7555399295332,-3.962693341752999,-831.1968814745666,1.1368683772161603e-13
0.045200000000000004,5.333674082424757,0.0,-5.333674082424757,-83.60400298849228,0.8731547630260534,83.55618026490026,-445.9165039266832,0.0,-445.6614331053095,-891.5779370319927,209.3573522784739,-4.258641635121904,-891.5779370319926,-1.1368683772161603e-13
0.0454,5.697731810071369,0.0,-5.697731810071369,-83.28637827207213,-5.144200777608115,83.55818700960202,-474.54344682642227,-0.0,-476.0921401165017,-950.635586942924,208.96134860354053,-4.549336962533448,-950.635586942924,0.0
0.0456,5.815500078388994,0.0,-5.815500078388994,-83.012421196999,-11.272568108545709,83.5289975212934,-482.7587419784079,-0.0,-485.7628916328359,-968.5216336112437,208.5672670809299,-4.643689526005202,-968.5216336112437,0.0
0.0458,4.644403716787323,0.0,-4.644403716787323,-82.82948958343812,-17.64860995100533,83.44510645896347,-384.69358928091685,-0.0,-387.5527625857238,-772.2463518666407,208.16939530576715,-3.7097016625923125,-772.2463518666408,1.1368683772161603e-13
0.046,4.149675463261371,0.0,-4.149675463261371,-82.77506157092424,-24.344987332139215,83.30232280236469,-343.4896419708135,-0.0,-345.6776049656509,-689.1672469364644,207.7655657018523,-3.317042670706238,-689.1672469364645,1.1368683772161603e-13
0.046200000000000005,4.487205639568475,0.0,-4.487205639568475,-82.86376421602048,-31.353307580631576,83.11385310000013,-371.8267501059995,-0.0,-372.94895035658635,-744.7757004625859,207.36194914047837,-3.5916700414406018,-744.7757004625859,0.0
0.046400000000000004,4.824338199092971,0.0,-4.824338199092971,-83.06897453774248,-38.578943117398374,82.8986169003544,-400.75282702191237,-0.0,-399.93096416435384,-800.6837911862663,206.95956240153464,-3.8687934101484602,-800.6837911862663,0.0
0.0466,5.162475285325058,0.0,-5.162475285325058,-83.31620747075955,-45.85136888632139,82.67617006023401,-430.1178619348112,-0.0,-426.81368462128967,-856.9315465561008,206.55824073153968,-4.148619505671722,-856.9315465561008,0.0
0.0468,5.501262028756767,0.0,-5.501262028756767,-83.48272483070345,-52.94685829877366,82.46193983623975,-459.2603441682986,-0.0,-453.64473843873077,-912.9050826070294,206.15804200405032,-4.428180796309144,-912.9050826070295,1.1368683772161603e-13
0.047,5.837510681039838,0.0,-5.837510681039838,-83.40506358354057,-59.619223202075524,82.26433922386136,-486.8779495217249,-0.0,-480.21895888797513,-967.0969084097001,205.75927983836414,-4.700137506164538,-967.0969084097001,0.0
0.0472,5.458618380338705,0.0,-5.458618380338705,-82.89432390750689,-65.63314810334954,82.08419098068205,-452.4884801072672,-0.0,-448.0662736223836,-900.5547537296509,205.36154091442242,-4.3852161885799585,-900.5547537296507,-2.2737367544323206e-13
0.047400000000000005,4.46949302721486,0.0,-4.46949302721486,-81.75702456392085,-70.79418062638314,81.91562642625696,-365.41245121427824,-0.0,-366.1213211320928,-731.533772346371,204.96078033618588,-3.569140257694553,-731.533772346371,0.0
0.0476,4.111282092029109,0.0,-4.111282092029109,-79.82462367152259,-74.97616348635187,81.75366448099145,-328.1815458036937,-0.0,-336.11237673845636,-664.2939225421501,204.56005446610834,-3.2474273839822954,-664.2939225421501,0.0
0.0478,3.262453578757904,2.083802061989356,-5.34625564074726,-76.97326515105837,-78.13099362543078,81.59289552065637,-251.12170436075144,-162.80952562194986,-436.21647792221097,-850.1477079049123,204.15797932493444,-4.164165959694532,-850.1477079049122,-1.1368683772161603e-13
0.048,0.0,5.681096523716892,-5.681096523716892,-73.14263890844381,-80.28808272922531,81.42810534978086,-0.0,-456.12434768889614,-462.6009262354929,-918.7252739243891,203.7447405232374,-4.509197496656887,-918.725273924389,-1.1368683772161603e-13
0.0482,0.0,5.931403175766628,-5.931403175766628,-68.36340239909165,-81.56427862536245,81.27361257562069,-0.0,-483.79062126758896,-482.0665637370631,-965.8571850046521,203.3492954764161,-4.749744437234451,-965.8571850046521,0.0
0.048400000000000006,0.0,5.3481967055565285,-5.3481967055565285,-62.72635328089359,-82.11023234810717,81.12670153352421,-0.0,-439.1416741366279,-433.88155787426194,-873.0232320108898,202.9512836551457,-4.3016393702359075,-873.02323201089,1.1368683772161603e-13
0.048600000000000004,0.0,4.461234098539773,-4.461234098539773,-56.39739332817088,-82.11325118568503,80.99187664554178,-0.0,-366.3264361315395,-361.3237217958181,-727.6501579273576,202.54849259260573,-3.5924738249763766,-727.6501579273576,0.0
0.0488,0.0,4.121301863360671,-4.121301863360671,-49.591506522587906,-81.76705590838817,80.87196492292382,-0.0,-336.98671987675635,-333.29777973048476,-670.2844996072411,202.1424538423874,-3.3159016667021812,-670.2844996072411,0.0
0.049,0.0,4.370149965282696,-4.370149965282696,-42.54500119154474,-81.24905882619431,80.76528312846459,-0.0,-355.0705716085448,-352.9563992599066,-708.0269708684514,201.73757989440668,-3.509643425082458,-708.0269708684515,1.1368683772161603e-13
0.0492,0.0,4.604357611286734,-4.604357611286734,-35.48404096725955,-80.70090908568929,80.66213483715909,-0.0,-371.57584498645224,-371.3973144801103,-742.9731594665625,201.3346316940962,-3.6902402394210108,-742.9731594665626,1.1368683772161603e-13
0.0494,0.0,4.824370927456142,-4.824370927456142,-28.59759026702378,-80.22012944526553,80.54712700652593,-0.0,-387.01166029250743,-388.58921782040113,-775.6008781129085,200.9333773036958,-3.859990254086287,-775.6008781129085,0.0
0.049600000000000005,0.0,5.031877090183524,-5.031877090183524,-22.015633076136474,-79.85871301700065,80.40289325372427,-0.0,-401.8392284817864,-404.5774765478866,-806.416705029673,200.53346203053465,-4.021357317946679,-806.4167050296729,-1.1368683772161603e-13
0.049800000000000004,0.0,5.228891976242488,-5.228891976242488,-15.796455087231417,-79.62818066098826,80.21500734299221,-0.0,-416.3671549410288,-419.4356082700042,-835.8027632110329,200.1345344549229,-4.176204599008294,-835.8027632110329,0.0
0.05,0.0,5.417104793974704,-5.417104793974704,-9.925027154132877,-79.50949333654354,79.9772309912099,-0.0,-430.7112575198898,-433.24504141130535,-863.9562989311951,199.73631654229447,-4.325484287922427,-863.9562989311951,0.0
0.0502,0.0,5.5975591520090795,-5.5975591520090795,-4.322571119960877,-79.46540882810709,79.69570631037841,-0.0,-444.8123264539139,-446.10143023348644,-890.9137566874003,199.33862398245026,-4.469348382608662,-890.9137566874003,0.0
0.0504,0.0,5.770669613271293,-5.770669613271293,1.1343691736219828,-79.45282909637626,79.39075688684925,0.0,-458.49602655489576,-458.1378283415496,-916.6338548964454,198.94134896263566,-4.607558256120017,-916.6338548964453,-1.1368683772161603e-13
0.0506,0.0,5.93649786069989,-5.93649786069989,6.588486849601246,-79.43307647231238,79.09533480280228,0.0,-471.5542885466932,-469.5492858481773,-941.1035743948705,198.54442175016823,-4.740015187024881,-941.1035743948704,-1.1368683772161603e-13
0.050800000000000005,0.0,5.7052477188857855,-5.7052477188857855,12.1739416929815,-79.37862594707799,78.84966684457618,0.0,-452.8747246128547,-449.85688189992237,-902.731606512777,198.14748124966084,-4.555857085941749,-902.7316065127773,2.2737367544323206e-13
0.051000000000000004,0.0,5.236121940324971,-5.236121940324971,17.99052056594707,-79.27581531523913,78.69256635596355,0.0,-415.09783590927395,-412.04387323693936,-827.1417091462133,197.74934897127855,-4.182778418483435,-827.1417091462134,1.1368683772161603e-13
0.0512,0.0,4.785192004885987,-4.785192004885987,24.08386716504425,-79.12488200824536,78.65162769827005,0.0,-378.6277527734028,-376.3631400330311,-754.9908928064339,197.3499124963257,-3.8256459466152055,-754.9908928064339,0.0
0.0514,0.0,4.34586494897603,-4.34586494897603,30.43433746127108,-78.93612292923835,78.73194648200584,0.0,-343.0457298462401,-342.15840658080583,-685.2041364270459,196.94907242444802,-3.4790929857763015,-685.2041364270459,0.0
0.0516,0.0,4.028360714559616,-4.028360714559616,36.95600604769997,-78.72504736260136,78.9069848676987,0.0,-317.13288804734844,-317.86579794538756,-634.998685992736,196.54668030884272,-3.230777975974632,-634.998685992736,0.0
0.051800000000000006,0.0,4.1671773282336675,-4.1671773282336675,43.50585202381142,-78.50785055583874,79.11353242384429,0.0,-327.15613492464814,-329.68011867312305,-656.8362535977712,196.14341680355932,-3.3487550298749156,-656.8362535977714,1.1368683772161603e-13
0.052000000000000005,0.0,4.305258617984372,-4.305258617984372,49.90093631844731,-78.29716224179101,79.25110143640394,0.0,-337.08953250519136,-341.19648744383176,-678.2860199490231,195.73971478474553,-3.465244754724061,-678.2860199490232,1.1368683772161603e-13
0.0522,0.0,4.439581377296585,-4.439581377296585,55.94118430396564,-78.1000303165649,79.18774348350775,0.0,-346.7314401597202,-351.56043127951995,-698.2918714392401,195.33591173736212,-3.5748258742003616,-698.2918714392403,1.1368683772161603e-13
0.0524,0.0,4.563938335949015,-4.563938335949015,61.434242302467645,-77.91793562544419,78.77167431681879,0.0,-355.6126534589722,-359.5090642014197,-715.1217176603918,194.93270622492506,-3.6685568651329423,-715.1217176603918,0.0
0.0526,0.0,4.668562925973381,-4.668562925973381,66.2185883635146,-77.74822790175811,77.84716723929975,0.0,-362.9724943422771,-363.4343988654444,-726.4068932077215,194.53117640697542,-3.734141265295275,-726.4068932077215,0.0
0.0528,0.0,4.740171825854345,-4.740171825854345,70.18177964271167,-77.58648397454563,76.27280596532808,0.0,-367.7732654032408,-361.54620591570335,-729.3194713189441,194.1327628949299,-3.7568077662072543,-729.3194713189441,0.0
0.053000000000000005,0.0,4.7624688976237755,-4.7624688976237755,73.2715808751942,-77.4289859244539,73.93952021694696,0.0,-368.7531372397608,-352.1346653384343,-720.8878025781951,193.73923734123665,-3.720917933151979,-720.887802578195,-1.1368683772161603e-13
0.053200000000000004,-5.350987671708425,5.350987671708425,0.0,75.50696276727136,-77.28260508906016,70.79272529808195,-404.0368268958161,-413.53826706907165,0.0,-817.5750939648877,193.372764793128,-4.227974372914083,-817.5750939648879,1.1368683772161603e-13
0.0534,-5.392450344271671,5.392450344271671,0.0,76.93318479074006,-77.12550926312102,66.80660316409916,-414.8583788107423,-415.8954789780449,0.0,-830.7538577887872,192.97576064722062,-4.304964804919152,-830.7538577887871,-1.1368683772161603e-13
0.0536,-5.455916921059738,5.455916921059738,0.0,77.67513278708168,-76.9724821937994,62.0484924573016,-423.789071318601,-419.9554680571195,0.0,-843.7445393757205,192.57576393030178,-4.38136410395388,-843.7445393757205,0.0
0.0538,-5.5272076190582515,5.5272076190582515,0.0,77.87842573421285,-76.82882320253154,56.631978759541575,-430.4502280784035,-424.6488569683117,0.0,-855.0990850467151,192.17427099765789,-4.449602335461112,-855.0990850467151,0.0
0.054,-5.595755776746138,5.595755776746138,0.0,77.7007696189532,-76.6983329093371,50.714853210186526,-434.79453045287823,-429.1851394442215,0.0,-863.9796698970997,191.77235615276268,-4.505235724427706,-863.9796698970998,1.1368683772161603e-13
0.054200000000000005,-5.654636805985877,5.654636805985877,0.0,77.29440624953673,-76.58117365756526,44.48153488411738,-437.07179447545525,-433.0387232096646,0.0,-870.1105176851199,191.3706858006888,-4.546728324897857,-870.1105176851198,-1.1368683772161603e-13
0.054400000000000004,-5.7002009344137035,5.7002009344137035,0.0,76.7915539561966,-76.47254711185742,38.12214954342759,-437.72728761619214,-435.90888450400564,0.0,-873.6361721201978,190.96958264617663,-4.5747399141508716,-873.6361721201979,1.1368683772161603e-13
0.0546,-5.7314021266860635,5.7314021266860635,0.0,76.29440219786788,-76.36269417456036,31.811102024441098,-437.27389901110183,-437.6653077915527,0.0,-874.9392068026546,190.5691135462729,-4.591191040987903,-874.9392068026546,0.0
0.0548,-5.748957517239038,5.748957517239038,0.0,75.87039204085501,-76.23841875162191,25.688066599833512,-436.1756606591463,-438.2914305845544,0.0,-874.4670912437007,190.16918263586487,-4.598363831210898,-874.4670912437007,0.0
0.055,-5.754489841062711,5.754489841062711,0.0,75.55266882536252,-76.08596462200106,19.84397831670131,-434.767065220724,-437.8359104647619,0.0,-872.602975685486,189.76961730730343,-4.598222771732929,-872.602975685486,0.0
0.055200000000000006,-5.749794107724404,5.749794107724404,0.0,75.3448605647085,-75.89471407813996,14.313890329198188,-433.21743532227777,-436.3789798139175,0.0,-869.5964151361952,189.37023781128568,-4.592043740277602,-869.5964151361953,1.1368683772161603e-13
0.055400000000000005,-5.736331964741587,5.736331964741587,0.0,75.22881657278477,-75.66090829625958,9.077577029156295,-431.5374651761469,-434.01608674121576,0.0,-865.5535519173627,188.97090373466438,-4.5803535613752135,-865.5535519173626,-1.1368683772161603e-13
0.055600000000000004,-5.715002081634385,5.715002081634385,0.0,75.17369405090624,-75.39047544607894,4.067659969696087,-429.6178179850755,-430.8567241097471,0.0,-860.4745420948226,188.5715340709033,-4.563120018800305,-860.4745420948227,1.1368683772161603e-13
0.0558,-5.68617464492536,5.68617464492536,0.0,75.14481544085878,-75.10012581136101,-0.8160204574612319,-427.28654425740683,-427.0324312192655,-0.0,-854.3189754766723,188.1721021496374,-4.540093699954017,-854.3189754766726,2.2737367544323206e-13
0.056,-5.6499245689396,5.6499245689396,0.0,75.11099888032855,-74.81612904858662,-5.687913586833952,-424.3714779715631,-422.70548566456523,-0.0,-847.0769636361283,187.77261135362954,-4.511184871583003,-847.0769636361284,1.1368683772161603e-13
0.0562,-5.6063607366968835,5.6063607366968835,0.0,75.04951388836221,-74.57058636627235,-10.656796365325567,-420.75464797190136,-418.06960751633324,-0.0,-838.8242554882346,187.37306115307572,-4.476760161392418,-838.8242554882347,1.1368683772161603e-13
0.056400000000000006,-5.555933282408089,5.555933282408089,0.0,74.94833948998236,-74.39548077933635,-15.807120276778434,-416.40797383361354,-413.33632772266617,-0.0,-829.7443015562797,186.97341477910038,-4.437766206155995,-829.7443015562795,-1.1368683772161603e-13
0.056600000000000004,-5.499609423726438,5.499609423726438,0.0,74.80590509711372,-74.31524723796025,-21.184180989995713,-411.40326062247226,-408.70483403644636,-0.0,-820.1080946589186,186.57357961537463,-4.395628236053511,-820.1080946589185,-1.1368683772161603e-13
0.0568,-5.438838448409608,5.438838448409608,0.0,74.62889317280187,-74.33896674221954,-26.785016542969448,-405.89449355048805,-404.31763053262677,-0.0,-810.2121240831148,186.17340919778727,-4.351921832308287,-810.2121240831149,1.1368683772161603e-13
0.057,-5.375272264776095,5.375272264776095,0.0,74.42892206756943,-74.45348445769254,-32.55609145948828,-400.0757204869874,-400.20775002137276,-0.0,-800.2834705083601,185.77273181068585,-4.307862960877916,-800.2834705083602,1.1368683772161603e-13
0.0572,-5.310260651425391,5.310260651425391,0.0,74.21898634810604,-74.6187377555667,-38.39786487283729,-394.12216279302584,-396.24494696241607,-0.0,-790.3671097554419,185.37140549648169,-4.263694865120084,-790.3671097554419,0.0
0.0574,-5.244189852310728,5.244189852310728,0.0,74.01042310109302,-74.7663466075077,-44.1754086333987,-388.12470979197553,-392.0889161734385,-0.0,-780.213625965414,184.96939368353353,-4.218068786559853,-780.213625965414,0.0
0.057600000000000005,-5.175770001701868,5.175770001701868,0.0,73.81093675370293,-74.80209318243135,-49.73346430471895,-382.0284322473295,-387.15842995813597,-0.0,-769.1868622054654,184.56685085084973,-4.1675244425503735,-769.1868622054654,0.0
0.057800000000000004,-5.101394376043342,5.101394376043342,0.0,73.62391080447674,-74.61236074708347,-54.91380713699505,-375.5846045202743,-380.62707749848863,-0.0,-756.211682018763,184.16420514232516,-4.106181662361315,-756.211682018763,0.0
0.058,-5.014689276347016,5.014689276347016,0.0,73.44892767883941,-74.07399976685429,-59.57258239170755,-368.32354999026353,-371.45809228697556,-0.0,-739.7816422772391,183.76222568193032,-4.025754692140645,-739.7816422772391,0.0
0.0582,-4.906349570234048,4.906349570234048,0.0,73.28316692655764,-73.06653797449498,-63.59540888209966,-359.5528345555061,-358.4899771896532,-0.0,-718.0428117451593,183.36206637026075,-3.9159834199033536,-718.0428117451594,1.1368683772161603e-13
0.0584,-4.76431699770255,4.76431699770255,0.0,73.12319990180164,-71.4852415333645,-66.90847051242035,-348.382104218555,-340.5783513222808,-0.0,-688.9604555408358,182.9652831658915,-3.765525588349824,-688.9604555408357,-1.1368683772161603e-13
0.058600000000000006,-4.825041592292913,4.3235833180978815,0.5014582741950313,72.96647644216316,-69.25315501935356,-69.48427928529577,-352.06628367649824,-299.4217857673236,-34.84346677408998,-686.3315362179118,182.57335201535287,-3.7592098115183714,-686.3315362179119,1.1368683772161603e-13
0.058800000000000005,-4.186532349069791,0.0,4.186532349069791,72.80940215696754,-66.328141309811,-71.33905091558594,-304.81891744657645,-0.0,-298.66324441003746,-603.4821618566139,182.1800161487891,-3.3125596023865826,-603.482161856614,1.1368683772161603e-13
0.059000000000000004,-4.029129797811107,0.0,4.029129797811107,72.65294705387191,-62.71437453527429,-72.53295265619145,-292.728153873548,-0.0,-292.2446808702833,-584.9728347438313,181.78450533180526,-3.217946621336619,-584.9728347438313,0.0
0.0592,-4.315161516190504,0.0,4.315161516190504,72.49983700147294,-58.46116939179899,-73.15948390889409,-312.8485065588404,-0.0,-315.69498950801824,-628.5434960668587,181.3858516912895,-3.4652289040526223,-628.5434960668587,0.0
0.0594,-4.6995882645813865,0.0,4.6995882645813865,72.35409698492036,-53.65993281402852,-73.33448693307125,-340.0344650847152,-0.0,-344.64189417975865,-684.6763592644738,180.98483342100033,-3.7830593112286084,-684.676359264474,1.1368683772161603e-13
0.0596,-5.09257423958079,0.0,5.09257423958079,72.21888204077635,-48.434927219054124,-73.18277898353885,-367.78001829218135,-0.0,-372.6887350325044,-740.4687533246857,180.58252558235938,-4.100445217147966,-740.4687533246857,0.0
0.059800000000000006,-5.508007521573484,0.0,5.508007521573484,72.09466192756547,-42.93070150944313,-72.82549710467768,-397.0979401623281,-0.0,-401.12338581489263,-798.2213259772207,180.17954200553706,-4.430144050164645,-798.2213259772208,1.1368683772161603e-13
0.060000000000000005,-5.953367024366311,0.0,5.953367024366311,71.9782403053624,-37.29756931501931,-72.36971402382547,-428.5128823058586,-0.0,-430.8434690322627,-859.3563513381214,179.77609622798073,-4.780148025065244,-859.3563513381213,-1.1368683772161603e-13
0.060200000000000004,-5.8420791850313325,0.0,5.8420791850313325,71.86289249686062,-31.676718959586747,-71.90128386465588,-419.82870843205376,-0.0,-420.0529938427353,-839.8817022747891,179.37276371311526,-4.6823257047991795,-839.8817022747891,0.0
0.0604,-5.654076560225364,0.0,5.654076560225364,71.7391735817232,-26.186405572969623,-71.48081904943135,-405.61877979835975,-0.0,-404.1580234931004,-809.7768032914602,178.97043473638251,-4.524640086415582,-809.77680329146,-1.1368683772161603e-13
0.0606,-5.454248517084976,0.0,5.454248517084976,71.59618241310926,-20.911011432732803,-71.1426703985738,-390.50337175564664,-0.0,-388.02980452288637,-778.533176278533,178.56907675562536,-4.359843207029446,-778.5331762785329,-1.1368683772161603e-13
0.0608,-5.244160347420094,0.0,5.244160347420094,71.42432953782547,-15.894766574793229,-70.8977938310115,-374.5606368033301,-0.0,-371.79939912815547,-746.3600359314855,178.16860792018207,-4.189065877788348,-746.3600359314855,0.0
0.061000000000000006,-5.025227109414562,0.0,5.025227109414562,71.21798722976224,-11.140231998059322,-70.73854968991195,-357.8865601049413,-0.0,-355.47727758241456,-713.3638376873558,177.76895214059718,-4.012870802788766,-713.3638376873558,0.0
0.061200000000000004,-4.798452292660374,0.0,4.798452292660374,70.97779282518026,-6.611827590823508,-70.64479018338919,-340.5835527099593,-0.0,-338.98565541999494,-679.5692081299542,177.37007011059228,-3.831363474718339,-679.5692081299542,0.0
0.0614,-4.564371744820226,0.0,4.564371744820226,70.71206055167029,-2.2438668372607045,-70.59023349876472,-322.75613120006085,-0.0,-322.2000672420239,-644.9561984420848,176.97197041310056,-3.644397454221604,-644.9561984420848,0.0
0.0616,-4.323170021197328,0.0,4.323170021197328,70.43685806621855,2.047988632063908,-70.54822829633476,-304.5105131792072,0.0,-304.99198561929944,-609.5024987985066,176.57470124248246,-3.4518110154495067,-609.5024987985066,0.0
0.0618,-4.07490660374525,0.0,4.07490660374525,70.17449676381572,6.353337330162203,-70.49623314390969,-285.95452027737235,0.0,-287.26556597728234,-573.2200862546547,176.1783272046131,-3.253635650592358,-573.2200862546547,0.0
0.062,-4.484281079965493,0.0,4.484281079965493,69.95010488817618,10.753337208973946,-70.41828926665578,-313.67593189165024,0.0,-315.77540224200163,-629.4513341336519,175.7820637292337,-3.5808621242678584,-629.4513341336518,-1.1368683772161603e-13
0.062200000000000005,-5.184189776598929,0.0,5.184189776598929,69.78689110705145,15.308273889365323,-70.30574004522673,-361.7884874177988,0.0,-364.47829877868634,-726.2667861964851,175.38341882706533,-4.141023085612282,-726.2667861964853,2.2737367544323206e-13
0.062400000000000004,-5.896037366129495,0.0,5.896037366129495,69.70245731728696,20.04834696808148,-70.15825145909523,-410.96829285377015,0.0,-413.65567214513464,-824.6239649989047,174.98198607362372,-4.712622044716901,-824.6239649989049,1.1368683772161603e-13
0.0626,-5.765911101605643,0.0,5.765911101605643,69.70327651076846,24.96832546107698,-69.98190823519197,-401.9028958517277,0.0,-403.50946160484074,-805.4123574565684,174.5788588133089,-4.613458713909112,-805.4123574565685,1.1368683772161603e-13
0.06280000000000001,-5.489370416425525,0.0,5.489370416425525,69.77993745145807,30.02657849549231,-69.7867051247194,-383.0479243060575,0.0,-383.0850745714463,-766.1329988775037,174.17619313914574,-4.39860916161749,-766.1329988775037,0.0
0.063,-5.210922074210947,0.0,5.210922074210947,69.9027097443517,35.147863278778196,-69.58277014266137,-364.2575732540029,0.0,-362.59039292114056,-726.8479661751435,173.7739255329774,-4.182721682472485,-726.8479661751435,0.0
0.0632,-4.931022042578473,0.0,4.931022042578473,70.02139046814305,40.230658150135014,-69.37914599642444,-345.27701985040756,0.0,-342.1100982036389,-687.3871180540465,173.37202842192315,-3.964809804158266,-687.3871180540465,0.0
0.0634,-4.648869475921059,0.0,4.648869475921059,70.06675736095444,45.15721131129742,-69.18237742264256,-325.7312095721083,0.0,-321.61984267177326,-647.3510522438816,172.97062555786752,-3.7425490608942122,-647.3510522438816,0.0
0.0636,-4.361915621027161,0.0,4.361915621027161,69.9545353883418,49.805215699663506,-68.99590491335758,-305.1357806721054,0.0,-300.95431542847905,-606.0900961005844,172.57007268867451,-3.5121390786802467,-606.0900961005846,1.1368683772161603e-13
0.06380000000000001,-4.065499943114382,0.0,4.065499943114382,69.59161967047807,54.059718448669415,-68.8202571712617,-282.9247258115663,0.0,-279.7887516148816,-562.713477426448,172.1710317331566,-3.2683400439777976,-562.7134774264479,-1.1368683772161603e-13
0.064,-4.649059332698762,0.0,4.649059332698762,68.88335444620549,57.82340043923225,-68.65326029144748,-320.2428018557284,0.0,-319.17308047815123,-639.4158823338796,171.7730039235088,-3.7224468788973035,-639.4158823338796,0.0
0.06420000000000001,-5.52119018989956,0.0,5.52119018989956,67.74200016759373,61.02469012793984,-68.49090888243434,-374.01646676949287,0.0,-378.1513342190011,-752.167800988494,171.37361070841447,-4.389052654485282,-752.1678009884939,-1.1368683772161603e-13
0.0644,-5.817854191922961,0.0,5.817854191922961,66.09757831543577,63.62515041368495,-68.33078356074581,-384.54607307841417,0.0,-397.5385355762656,-782.0846086546798,170.9741123701504,-4.574286702313772,-782.0846086546796,-1.1368683772161603e-13
0.0646,-0.5334200872282144,-4.163790473045026,4.69721056027324,63.90642766192114,65.6230148008934,-68.17428861782673,-34.08897221786555,-273.24048384045267,-320.2289884347715,-627.5584444930897,170.5825553325452,-3.678913375811991,-627.5584444930896,-1.1368683772161603e-13
0.0648,0.0,-4.86775940092424,4.86775940092424,61.14235981836321,67.03682614037511,-68.01175116123291,0.0,-326.3191406529348,-331.0648410884116,-657.3839817413464,170.1751438086427,-3.862984728724876,-657.3839817413464,0.0
0.065,0.0,-4.499411028198658,4.499411028198658,57.830096553481106,67.9327314771948,-67.85520492070734,0.0,-305.6572811841484,-305.3084573409104,-610.9657385250589,169.7782857000629,-3.5986094217279074,-610.9657385250588,-1.1368683772161603e-13
0.06520000000000001,0.0,-4.143007900355075,4.143007900355075,54.01217237369268,68.38383212306222,-67.70275163061478,0.0,-283.3147567424019,-280.4930348814145,-563.8077916238165,169.38073811844373,-3.328641720934996,-563.8077916238163,-1.1368683772161603e-13
0.0654,0.0,-4.546206935450077,4.546206935450077,49.76377578385042,68.48089379539864,-67.5572021203971,0.0,-311.3283143184615,-307.1290208193519,-618.4573351378134,168.98253114931248,-3.659889166835513,-618.4573351378134,0.0
0.0656,0.0,-5.470613984726422,5.470613984726422,45.18116643514783,68.31789545620238,-67.41899782866658,0.0,-373.74083428977843,-368.8233123577437,-742.5641466475222,168.57995191548142,-4.4048188305321805,-742.5641466475221,-1.1368683772161603e-13
0.0658,0.0,-5.838605221558778,5.838605221558778,40.37561759827214,67.98715782349994,-67.28841845786684,0.0,-396.9501746672275,-392.87051135853335,-789.8206860257608,168.17352747609425,-4.696462623334302,-789.8206860257609,1.1368683772161603e-13
0.066,0.0,-5.458873480044703,5.458873480044703,35.463130333010895,67.57266470165173,-67.16508977145155,0.0,-368.8706273157995,-366.6457273381986,-735.5163546539981,167.76839453116955,-4.384117501448386,-735.5163546539981,0.0
0.06620000000000001,0.0,-5.067171851774913,5.067171851774913,30.552189784597687,67.1416831850291,-67.0444979552259,0.0,-340.2184471159684,-339.7259928551014,-679.9444399710699,167.36587721026925,-4.062622867365164,-679.94443997107,1.1368683772161603e-13
0.0664,0.0,-4.66371308508009,4.66371308508009,25.73553220018479,66.7430574840305,-66.91953798765232,0.0,-311.2704705265257,-312.09352496052827,-623.3639954870539,166.96612410079013,-3.733475870295441,-623.363995487054,1.1368683772161603e-13
0.0666,0.0,-4.249491631472335,4.249491631472335,21.08305933316636,66.40704111135824,-66.78202429723659,0.0,-282.1961654735561,-283.789653383889,-565.9858188574451,166.56918352097625,-3.397902342399186,-565.9858188574451,0.0
0.0668,0.0,-4.439401665131545,4.439401665131545,16.63692924028117,66.14636605670515,-66.62394570159218,0.0,-293.65028761453755,-295.77045548528196,-589.4207430998194,166.1743363838306,-3.5470022382901023,-589.4207430998194,0.0
0.067,0.0,-5.524344545397773,5.524344545397773,12.409425277626998,65.9571071619891,-66.43718839292538,0.0,-364.3697851805509,-367.0219193100216,-731.3917044905725,165.77510453563275,-4.411951399695016,-731.3917044905725,0.0
0.06720000000000001,0.0,-5.74893459924207,5.74893459924207,8.385510531798673,65.82720626348252,-66.21990459768573,0.0,-378.436303659579,-380.6939007001445,-759.1302043597235,165.3710812530137,-4.590465265195146,-759.1302043597235,0.0
0.0674,0.0,-5.299445046739949,5.299445046739949,4.526260827535223,65.74103890382712,-65.97806255768937,0.0,-348.3910229864249,-349.64711681484545,-698.0381398012703,164.96881925096955,-4.231333793687002,-698.0381398012703,0.0
0.06760000000000001,0.0,-4.84343619426424,4.84343619426424,0.7746254357406749,65.67847827398671,-65.72089222867343,0.0,-318.10951885642476,-318.3149481396963,-636.424466996121,164.5692396048488,-3.867213997732841,-636.424466996121,0.0
0.0678,0.0,-4.381025537235242,4.381025537235242,-2.935749998640255,65.62026588545336,-65.46241263735817,-0.0,-287.48406060433774,-286.7925014932972,-574.276562097635,164.17244628984142,-3.498008192457383,-574.276562097635,0.0
0.068,0.0,-4.217659619333647,4.217659619333647,-6.671507656386084,65.55080366878084,-65.22031153353628,-0.0,-276.4709776486848,-275.07707431535647,-551.5480519640413,163.77837174207454,-3.3676488909820383,-551.5480519640413,0.0
0.0682,0.0,-5.392737563624746,5.392737563624746,-10.490440901444579,65.45706802167402,-65.01111456834313,-0.0,-352.99278952522167,-350.587879585816,-703.5806691110377,163.380397731623,-4.3063958643727585,-703.5806691110377,0.0
0.0684,0.0,-5.76361795709796,5.76361795709796,-14.434090914434428,65.33335162905999,-64.85148202454918,-0.0,-376.5564786466454,-373.77916634110727,-750.3356449877526,162.97616569152706,-4.603959369175181,-750.3356449877526,0.0
0.06860000000000001,0.0,-5.273752844657024,5.273752844657024,-18.52324614147651,65.18312447338073,-64.75712388536807,-0.0,-343.7596881151245,-341.5130663022672,-685.2727544173918,162.57341593117482,-4.215158736084507,-685.2727544173916,-1.1368683772161603e-13
0.0688,0.0,-4.779876238349949,4.779876238349949,-22.75370521348094,65.01126160928864,-64.73287306774121,-0.0,-310.74578459139104,-309.4151218166196,-620.1609064080106,162.17349463652363,-3.8240583505829076,-620.1609064080105,-1.1368683772161603e-13
0.069,0.0,-4.283139280809089,4.283139280809089,-27.0957506271792,64.82450358102382,-64.77176195423229,-0.0,-277.6523776468326,-277.426477913388,-555.0788555602205,161.77633407243016,-3.4311499190709926,-555.0788555602206,1.1368683772161603e-13
0.0692,0.0,-4.529172827756247,4.529172827756247,-31.49610901083564,64.6300018529653,-64.85313313586595,-0.0,-292.72044825028627,-293.7310483938223,-586.4514966441086,161.38081513493097,-3.6339604317512886,-586.4514966441086,0.0
0.0694,0.0,-5.755683426916679,5.755683426916679,-35.88078306009058,64.4313797896363,-64.93927256244564,-0.0,-370.8466248285839,-373.7698948436934,-744.6165196722773,160.9784441467884,-4.625566631724293,-744.6165196722774,1.1368683772161603e-13
0.06960000000000001,0.0,-5.593451163126491,5.593451163126491,-40.16466208060271,64.2347792541183,-64.98314856987582,-0.0,-359.29410073212136,-363.4800679517935,-722.7741686839149,160.5710202321843,-4.501274063269882,-722.7741686839147,-2.2737367544323206e-13
0.0698,0.0,-5.082930457498335,5.082930457498335,-44.259090083543285,64.0465689222462,-64.92888534493792,-0.0,-325.54425587315154,-330.0290088912023,-655.5732647643538,160.16629955358957,-4.093078672551884,-655.5732647643538,0.0
0.07,0.0,-4.566358103192835,4.566358103192835,-48.07633486631885,63.86809098730564,-64.71003872201344,-0.0,-291.6445748153404,-295.4892096761882,-587.1337844915286,159.76499081162535,-3.6749839968620055,-587.1337844915286,0.0
0.0702,0.0,-4.0391488311167025,4.0391488311167025,-51.53817268280631,63.6988757493148,-64.25709635900759,-0.0,-257.28923952629293,-259.54397564943883,-516.8332151757318,159.36785468629904,-3.243020471054658,-516.8332151757318,0.0
0.0704,0.0,-5.216318803687704,5.216318803687704,-54.5801536226204,63.5351626610788,-63.50068718550394,-0.0,-331.41966368434225,-331.239828612835,-662.6594922971773,158.97035272842362,-4.168447014955229,-662.6594922971773,0.0
0.07060000000000001,0.0,-5.76133761249348,5.76133761249348,-57.15719986435824,63.37243245800311,-62.37901049380938,-0.0,-365.10997871549597,-359.3865393881095,-724.4965181036055,158.5670252782506,-4.569023836023106,-724.4965181036055,0.0
0.0708,0.0,-5.161030707757227,5.161030707757227,-59.252893531252475,63.213215898467624,-60.85001401530316,-0.0,-326.24534838807875,-314.04879090043727,-640.294139288516,158.1691883073636,-4.048159734146571,-640.294139288516,0.0
0.07100000000000001,4.956268406069708,-4.956268406069708,0.0,-60.87335725883301,63.059637403894,-58.88746463726542,-301.7046973533482,-312.5404885631315,-0.0,-614.2451859164796,157.78490424282808,-3.8929274562994163,-614.2451859164797,1.1368683772161603e-13
0.0712,4.100443643697445,-4.100443643697445,0.0,-62.02974093153421,62.89792246541677,-56.469898913016024,-254.34945692290867,-257.90938637509294,-0.0,-512.2588432980016,157.37955799604137,-3.2549261786012043,-512.2588432980016,0.0
0.0714,5.162939137491305,-5.162939137491305,0.0,-62.77751297612192,62.74196855538759,-53.62260094870561,-324.1164786987881,-323.9329650178594,-0.0,-648.0494437166475,156.9850260136421,-4.128097183360223,-648.0494437166474,-1.1368683772161603e-13
0.0716,5.767810356440924,-5.767810356440924,0.0,-63.16530777272161,62.58480139749663,-50.37279732266457,-364.3255163392821,-360.9772656562795,-0.0,-725.3027819955616,156.57910668127084,-4.632181121533493,-725.3027819955615,-1.1368683772161603e-13
0.0718,5.183275945178596,-5.183275945178596,0.0,-63.264308100319546,62.43318314068437,-46.77894027237046,-327.9163663647537,-323.60841635403915,-0.0,-651.5247827187928,156.17355346376462,-4.171799695074235,-651.524782718793,1.1368683772161603e-13
0.07200000000000001,4.596605208698967,-4.596605208698967,0.0,-63.14611153103023,62.29007313891709,-42.9115016679874,-290.2577451726194,-286.3228746405859,-0.0,-576.5806198132053,155.7718702970582,-3.7014424922398472,-576.5806198132053,0.0
0.0722,4.0035885373592945,-4.0035885373592945,0.0,-62.87962020865685,62.15616225788464,-38.84997637691798,-251.74412670088444,-248.84769874191136,-0.0,-500.59182544279577,155.3747307646904,-3.2218355132722616,-500.59182544279577,0.0
0.0724,5.412496679545777,-5.412496679545777,0.0,-62.524561323868255,62.02740204832343,-34.67611029257124,-338.41398055549325,-335.7231076274015,-0.0,-674.1370881828948,154.97495229116467,-4.349974484369163,-674.1370881828947,-1.1368683772161603e-13
0.0726,5.635686079386053,-5.635686079386053,0.0,-62.132140342393086,61.89880338660827,-30.470691213075497,-350.1572384100853,-348.8422245765625,-0.0,-698.9994629866478,154.56744817163934,-4.522294126318526,-698.9994629866478,0.0
0.0728,5.009152384777062,-5.009152384777062,0.0,-61.74877353721987,61.77054513177081,-26.309827225974697,-309.3090162210236,-309.4180734557889,-0.0,-618.7270896768125,154.164056626075,-4.01343285340198,-618.7270896768126,1.1368683772161603e-13
0.07300000000000001,4.372960631788829,-4.372960631788829,0.0,-61.40414587957674,61.63757077717763,-22.253653143073176,-268.51791256000735,-269.5386704476954,-0.0,-538.0565830077028,153.76626033486568,-3.499184943666743,-538.0565830077027,-1.1368683772161603e-13
0.0732,4.632028573337632,-4.632028573337632,0.0,-61.114505877772345,61.4933565756987,-18.34478712321626,-283.0841374712521,-284.8389847290759,-0.0,-567.923122200328,153.37258826194653,-3.70289846859966,-567.9231222003281,1.1368683772161603e-13
0.0734,5.937859745122724,-5.937859745122724,0.0,-60.88052219731584,61.327450026194875,-14.605685963603678,-361.5000020174922,-364.1537967815681,-0.0,-725.6537987990603,152.96997432221582,-4.743766232649969,-725.6537987990603,0.0
0.0736,5.272845686421995,-5.272845686421995,0.0,-60.702002571180806,61.13931913462271,-11.041817370995341,-320.07229241462755,-322.3781951697731,-0.0,-642.4504875844007,152.5656535011835,-4.2109771946765004,-642.4504875844008,1.1368683772161603e-13
0.0738,4.601697833632174,-4.601697833632174,0.0,-60.572309416528114,60.931196589580445,-7.639531443383915,-278.7354650201351,-280.38695534688844,-0.0,-559.1224203670236,152.16696969153645,-3.674400702730969,-559.1224203670236,0.0
0.07400000000000001,4.172494566217699,-4.172494566217699,0.0,-60.47802075776745,60.705742689012965,-4.3688226109331465,-252.3442129873859,-253.2943815081164,-0.0,-505.6385944955023,151.7738915519874,-3.3315255300171636,-505.6385944955023,0.0
0.0742,5.735945715924876,-5.735945715924876,0.0,-60.39984289896475,60.46475146756099,-1.1883107656623506,-346.45022011885237,-346.8225321448188,-0.0,-693.2727522636712,151.37510696818634,-4.579833277405197,-693.2727522636712,0.0
0.07440000000000001,5.4227898923060005,-5.4227898923060005,0.0,-60.32331831074917,60.21754851612007,1.9488144321600547,-327.12068080588807,-326.5471134326621,0.0,-653.6677942385502,150.96962490553184,-4.329796769698396,-653.6677942385502,0.0
0.0746,4.723723366159386,-4.723723366159386,0.0,-60.241668400538934,59.98138104262728,5.090575998094953,-284.56497664005127,-283.3354511655681,0.0,-567.9004278056193,150.56982962254148,-3.7716747719597623,-567.9004278056194,1.1368683772161603e-13
0.0748,4.019562151305035,-4.019562151305035,0.0,-60.14666049600221,59.76998555087679,8.28086780939982,-241.7632400571242,-240.24917170435316,0.0,-482.0124117614773,150.1761227474512,-3.2096474655433074,-482.0124117614773,0.0
0.075,5.565119691271395,-5.565119691271395,0.0,-60.02978803564809,59.5927134767579,11.553586682800068,-334.07295546003314,-331.6405832257996,0.0,-665.7135386858328,149.77898047900254,-4.444639271524211,-665.7135386858329,1.1368683772161603e-13
0.0752,5.47372178494152,-5.47372178494152,0.0,-59.887750807157765,59.45814188047977,14.929118517698596,-327.80888624428854,-325.4573265033259,0.0,-653.2662127476144,149.373018167716,-4.3733883184587405,-653.2662127476144,0.0
0.07540000000000001,4.749822201502281,-4.749822201502281,0.0,-59.728102266098176,59.37817586327416,18.414211919997992,-283.6978661971118,-282.03577800008645,0.0,-565.7336441971983,148.97246724204768,-3.797571824315729,-565.7336441971983,0.0
0.0756,4.023119326729479,-4.023119326729479,0.0,-59.55512713198819,59.353004940173655,21.9983807240431,-239.5973829705329,-238.78422127428288,0.0,-478.3816042448158,148.5780701555961,-3.219732250821659,-478.3816042448158,0.0
0.0758,5.590605861515575,-5.590605861515575,0.0,-59.369957922751944,59.37064531557474,25.653194685584324,-331.9140347608701,-331.9178777032144,0.0,-663.8319124640846,148.17978860302227,-4.479908621293207,-663.8319124640844,-1.1368683772161603e-13
0.076,5.445966625660024,-5.445966625660024,0.0,-59.17581008741062,59.4121088224291,29.335753612368947,-322.269486782434,-323.5563618070303,0.0,-645.8258485894644,147.77219016915743,-4.370415352511024,-645.8258485894643,-1.1368683772161603e-13
0.0762,4.707068934810677,-4.707068934810677,0.0,-58.98340914761822,59.45747986580974,32.99580332937498,-277.63897286798164,-279.8704564184843,0.0,-557.509429286466,147.36999520690284,-3.7830592889939387,-557.509429286466,0.0
0.07640000000000001,4.074501198974961,-4.074501198974961,0.0,-58.79676527561549,59.472838943798656,36.57368178533014,-239.56749061134465,-242.32215358295235,0.0,-481.88964419429703,146.97397603228313,-3.2787412928697592,-481.88964419429703,0.0
0.0766,5.7397750229004885,-5.7397750229004885,0.0,-58.61346254312163,59.412128758236236,40.00330547063829,-336.42808831072284,-341.01225270387215,0.0,-677.440341014595,146.57236937988665,-4.62188299118508,-677.440341014595,0.0
0.07680000000000001,5.362971333008119,-5.362971333008119,0.0,-58.43359121568824,59.2283371719131,43.22183051007381,-313.3776745744511,-317.6398743547091,0.0,-631.0175489291602,146.16325251561835,-4.317210639943391,-631.0175489291602,0.0
0.077,4.600990512146562,-4.600990512146562,0.0,-58.26263605358017,58.878991889729534,46.17733803918441,-268.06583569517056,-270.90168304939994,0.0,-538.9675187445705,145.7612680796737,-3.6976044860557105,-538.9675187445705,0.0
0.0772,4.382716318441418,-4.382716318441418,0.0,-58.09959348885482,58.316785361791176,48.82384727329567,-254.63403647841682,-255.58592684416783,0.0,-510.21996332258465,145.36696702549096,-3.5098755498772602,-510.21996332258465,0.0
0.07740000000000001,5.94493222883109,-5.94493222883109,0.0,-57.93682536694022,57.49230459740744,51.12209439307577,-344.4305003600815,-341.7878545109013,0.0,-686.2183548709828,144.9652899919486,-4.733673522186557,-686.2183548709829,1.1368683772161603e-13
0.0776,5.127653794157952,-5.127653794157952,0.0,-57.77570712323578,56.37247502876933,53.054161237737354,-296.2538238406186,-289.05853546734346,0.0,-585.3123593079621,144.5635888149906,-4.048822833646115,-585.3123593079621,0.0
0.07780000000000001,4.2806735269334295,-4.2806735269334295,0.0,-57.619931262869656,54.935862115557214,54.61923610631311,-246.65211438069002,-235.16249063733088,0.0,-481.81460501802087,144.17393446741536,-3.341898150992858,-481.81460501802087,0.0
0.078,4.547839057123504,0.0,-4.547839057123504,-57.451145052160015,53.15178094725439,55.809226975439536,-261.27856134468107,0.0,-253.81138218677455,-515.0899435314557,143.75155457784908,-3.5831956394774647,-515.0899435314556,-1.1368683772161603e-13
0.0782,4.628636250927267,0.0,-4.628636250927267,-57.29618660818189,51.04490469062066,56.671854256192844,-265.2032063745241,0.0,-262.3133990174809,-527.516605392005,143.36288101999858,-3.679589874581402,-527.5166053920051,1.1368683772161603e-13
0.0784,5.803495311237087,0.0,-5.803495311237087,-57.13670732573575,48.61075989604624,57.2217504385857,-331.5926130644331,0.0,-332.08616037111085,-663.6787734355439,142.9596495510499,-4.642420259980764,-663.6787734355439,0.0
0.0786,4.97730644025283,0.0,-4.97730644025283,-56.97930974467571,45.88117184946661,57.505460060659615,-283.60348535333526,0.0,-286.22229670962304,-569.8257820629583,142.55500205506425,-3.997234568050117,-569.8257820629583,0.0
0.07880000000000001,4.15430623758969,0.0,-4.15430623758969,-56.828772368342825,42.89740106923616,57.57307423862261,-236.08412352437122,0.0,-239.1761814267242,-475.26030495109546,142.15735079614996,-3.343198943209111,-475.2603049510954,-5.684341886080802e-14
0.079,5.457856199488681,0.0,-5.457856199488681,-56.68302588791364,39.70482748698477,57.4701555740206,-309.36780424812684,0.0,-313.66384488524733,-623.0316491333742,141.75877721163096,-4.3950128619073325,-623.0316491333741,-1.1368683772161603e-13
0.0792,5.415478196329631,0.0,-5.415478196329631,-56.53840081509147,36.355373905208005,57.24041805826882,-306.1824768694733,0.0,-309.9842359433477,-616.1667128128211,141.34907591594757,-4.359184584830404,-616.1667128128211,0.0
0.0794,4.572375595876052,0.0,-4.572375595876052,-56.40181772485725,32.91167791467996,56.93580309089491,-257.8902949281866,0.0,-260.33187658441216,-518.2221715125988,140.9469151848702,-3.6767187904246295,-518.2221715125987,-1.1368683772161603e-13
0.0796,4.599435665862464,0.0,-4.599435665862464,-56.27169194293185,29.430153028907526,56.59516221466165,-258.81802690074625,0.0,-260.30580760538646,-519.1238345061327,140.55241444125244,-3.693453695333808,-519.1238345061328,1.1368683772161603e-13
0.07980000000000001,5.792337736388474,0.0,-5.792337736388474,-56.13776842638863,25.95970932843156,56.24273511795071,-325.16891449280826,0.0,-325.77691702140714,-650.9458315142153,140.14668195408683,-4.644746649995398,-650.9458315142153,0.0
0.08,4.918711160117865,0.0,-4.918711160117865,-56.001586753028654,22.54913173072483,55.907752363161045,-275.4556297464308,0.0,-274.9940854857862,-550.4497152322169,139.74238756124402,-3.939031848808042,-550.4497152322169,0.0
0.08020000000000001,4.037881950857126,0.0,-4.037881950857126,-55.86243628881087,19.23578317148795,55.60972639788948,-225.56592322149555,0.0,-224.545510514141,-450.1114337356365,139.3477005223734,-3.2301317642724037,-450.1114337356365,0.0
0.0804,5.804621118364595,0.0,-5.804621118364595,-55.711067425922174,16.04256134148915,55.3522052980449,-323.3816385071417,0.0,-321.29857982108405,-644.6802183282257,138.9493539330151,-4.639677696083525,-644.6802183282257,0.0
0.0806,5.192049025461149,0.0,-5.192049025461149,-55.542530196181126,12.982352305608558,55.13593214565057,-288.3795397767286,0.0,-286.26846276471707,-574.6480025414457,138.54323494638325,-4.147788253708935,-574.6480025414456,-1.1368683772161603e-13
0.08080000000000001,4.285991372456689,0.0,-4.285991372456689,-55.361693620972,10.057824691594131,54.96494232028094,-237.27974122407647,0.0,-235.57926857230365,-472.8590097963801,138.14669915524706,-3.422875918772324,-472.8590097963801,0.0
0.081,5.315962817400577,0.0,-5.315962817400577,-55.16541506668426,7.257787803005492,54.82981007308212,-293.2572953009631,0.0,-291.4732316336402,-584.7305269346033,137.75285951149792,-4.244779593020334,-584.7305269346033,0.0
0.08120000000000001,5.4052005340236144,0.0,-5.4052005340236144,-54.94920063528379,4.5619602520907785,54.715373129184144,-297.0114486180067,0.0,-295.74756405716744,-592.7590126751741,137.34628592271793,-4.315799358482165,-592.7590126751741,0.0
0.0814,4.4779868433420305,0.0,-4.4779868433420305,-54.725253666808406,1.9446429772592733,54.61993534457474,-245.05896591852326,0.0,-244.58735185719806,-489.6463177757213,136.94774727527252,-3.575424404692873,-489.64631777572123,-5.684341886080802e-14
0.0816,4.947496385884557,0.0,-4.947496385884557,-54.49889248741117,-0.6256941446992307,54.53315426179518,-269.6330736161778,-0.0,-269.8025836211167,-539.4356572372944,136.55560879772634,-3.9503002621908867,-539.4356572372945,1.1368683772161603e-13
0.0818,5.565525981219911,0.0,-5.565525981219911,-54.26976884354628,-3.1813208622853435,54.43848073946353,-302.03980849355565,-0.0,-302.97877893362397,-605.0185874271797,136.14969627233233,-4.443774786078083,-605.0185874271796,-1.1368683772161603e-13
0.082,4.61818427002118,0.0,-4.61818427002118,-54.05445698265359,-5.7530265258014675,54.33706566853439,-249.63344296182734,-0.0,-250.93858194953341,-500.57202491136076,135.7495117422245,-3.6874683266772976,-500.5720249113608,5.684341886080802e-14
0.08220000000000001,4.690756126447917,0.0,-4.690756126447917,-53.86306876809704,-8.367712922528547,54.22557947779722,-252.65851981323667,-0.0,-254.35896914566575,-507.0174889589024,135.35780826124966,-3.7457572302022255,-507.01748895890245,5.684341886080802e-14
0.0824,5.6746368548398785,0.0,-5.6746368548398785,-53.69520553801588,-11.04378302590588,54.09312731713247,-304.70079227422724,-0.0,-306.95885386734574,-611.6596461415729,134.95286196039126,-4.532394772932607,-611.659646141573,1.1368683772161603e-13
0.0826,4.708447064483256,0.0,-4.708447064483256,-53.56388133097674,-13.793337294755363,53.94625175663486,-252.2026998151669,-0.0,-254.00307072340206,-506.20577053856897,134.55134709948786,-3.7621754181641767,-506.205770538569,5.684341886080802e-14
0.0828,4.536536641164518,0.0,-4.536536641164518,-53.47492632199259,-16.619038198116286,53.78891186397537,-242.59096264329233,-0.0,-244.0153695592931,-486.60633220258546,134.15926961154034,-3.627079467647368,-486.60633220258546,0.0
0.083,5.737577419985248,0.0,-5.737577419985248,-53.41907110770918,-19.51007615784372,53.61500226917109,-306.49605618417854,-0.0,-307.6202263920539,-614.1162825762324,133.75454710846017,-4.591367514991861,-614.1162825762325,1.1368683772161603e-13
0.08320000000000001,4.756483295513539,0.0,-4.756483295513539,-53.39686673962136,-22.450250732952597,53.43367228542165,-253.98130467977148,-0.0,-254.15636964355284,-508.1376743233243,133.35147071804295,-3.8105142117084387,-508.13767432332435,5.684341886080802e-14
0.0834,4.462432024757218,0.0,-4.462432024757218,-53.401301023930756,-25.41501305911016,53.251751818800706,-238.29967585288904,-0.0,-237.6323226906397,-475.9319985435287,132.95815593558473,-3.579562270509432,-475.9319985435288,5.684341886080802e-14
0.08360000000000001,5.7651532427229615,0.0,-5.7651532427229615,-53.40794163136103,-28.367153579763524,53.063672102979,-307.9049678831997,-0.0,-305.9202012952773,-613.8251691784769,132.5524503583765,-4.630809672087567,-613.8251691784769,0.0
0.0838,4.772658910194795,0.0,-4.772658910194795,-53.40150820694562,-31.270892336411865,52.877419369129434,-254.8671839617195,-0.0,-252.36588670018241,-507.23307066190193,132.14753925030243,-3.8383845324667374,-507.23307066190193,0.0
0.084,4.451141544701253,0.0,-4.451141544701253,-53.360838002792384,-34.088117815442345,52.698623014045374,-237.5166428943026,-0.0,-234.5690302463669,-472.08567314066954,131.75273924097775,-3.5831184676716106,-472.0856731406695,-5.684341886080802e-14
0.08420000000000001,5.761298621954708,0.0,-5.761298621954708,-53.248591723825456,-36.772456812592104,52.51941614413798,-306.7810381195045,-0.0,-302.58003985708797,-609.3610779765925,131.34578580940237,-4.63936527709267,-609.3610779765926,1.1368683772161603e-13
0.0844,4.752795386007481,0.0,-4.752795386007481,-53.039863617972635,-39.28856497207498,52.34547673409038,-252.0876190779664,-0.0,-248.78734030014672,-500.8749593781131,130.9402924876382,-3.8252164392056756,-500.8749593781131,0.0
0.08460000000000001,4.530365861832884,0.0,-4.530365861832884,-52.70755187274695,-41.605257168809594,52.180210381375105,-238.78449366507866,-0.0,-236.3954437750396,-475.17993744011824,130.54584450345982,-3.639946865007447,-475.17993744011824,0.0
0.0848,5.702226559381991,0.0,-5.702226559381991,-52.21254558896799,-43.68714571749065,52.01363608221565,-297.7277641903563,-0.0,-296.59353711803954,-594.3213013083958,130.13963815767676,-4.566796939978564,-594.3213013083958,0.0
0.085,4.658350868766345,0.0,-4.658350868766345,-51.53434137142972,-45.51847191705324,51.85124117237744,-240.065043898901,-0.0,-241.5412743619577,-481.6063182608587,129.73806151300323,-3.7121436272777117,-481.6063182608587,0.0
0.0852,4.8004385270552214,0.0,-4.8004385270552214,-50.653052946387895,-47.0895558687001,51.69502144858943,-243.15686687680846,-0.0,-248.1587726187547,-491.3156394955632,129.34867558889007,-3.798381678503733,-491.3156394955631,-5.684341886080802e-14
0.0854,5.523339025173118,0.0,-5.523339025173118,-49.542380867751866,-48.387954027207975,51.534859996912466,-273.63936564684394,-0.0,-284.6445033777796,-558.2838690246235,128.9481472822698,-4.3295222210717785,-558.2838690246235,0.0
0.08560000000000001,0.0,4.322315224618032,-4.322315224618032,-48.20734273269568,-49.43302166825857,51.38636711569095,-0.0,-213.6651021555871,-222.1080769219624,-435.7731790775495,128.57659453256247,-3.389210770916696,-435.7731790775495,0.0
0.0858,0.0,5.388471170446019,-5.388471170446019,-46.621465466615376,-50.21306357855761,51.22462673307145,-0.0,-270.5716454728307,-276.02242436801396,-546.5940698408447,128.1716623046381,-4.264546936605232,-546.5940698408447,0.0
0.08600000000000001,0.0,4.30209672301415,-4.30209672301415,-44.80643424408344,-50.76311544233748,51.067260454942,-0.0,-218.38783259446905,-219.69629385651606,-438.0841264509851,127.77641162632939,-3.428521124322404,-438.08412645098514,5.684341886080802e-14
0.0862,0.0,5.534719697823636,-5.534719697823636,-42.77179098692982,-51.10402453336776,50.911408202289884,-0.0,-282.84645122289294,-281.78037382115366,-564.6268250440467,127.38186750114964,-4.432552576911708,-564.6268250440467,0.0
0.0864,0.0,5.1547419695035535,-5.1547419695035535,-40.53301318004313,-51.25801441989951,50.75205551455543,-0.0,-264.22183820367434,-261.6137505994531,-525.8355888031274,126.9732541122597,-4.141309856784684,-525.8355888031275,1.1368683772161603e-13
0.08660000000000001,0.0,4.075036190789239,-4.075036190789239,-38.12493155456673,-51.26582337970685,50.600204861217655,-0.0,-208.91008562291455,-206.19766607081155,-415.1077516937261,126.5759211775299,-3.2795159445177093,-415.10775169372613,5.684341886080802e-14
0.0868,0.0,5.987862848732726,-5.987862848732726,-35.57389288360265,-51.152462106309194,50.4502892565932,-0.0,-306.29392746757736,-302.0894127473742,-608.3833402149515,126.17430101796324,-4.821769055239997,-608.3833402149517,1.1368683772161603e-13
0.08700000000000001,0.0,4.91308806017961,-4.91308806017961,-32.91430408882043,-50.94753020502804,50.30164609797506,-0.0,-250.30970234596327,-247.13641685134152,-497.4461191973048,125.76608153446809,-3.9553281228768524,-497.4461191973048,0.0
0.0872,0.0,4.361685682717478,-4.361685682717478,-30.187677132431944,-50.68755233011748,50.161926731870075,-0.0,-221.08317129026634,-218.79055764392083,-439.87372893418717,125.37105094772738,-3.508574950987605,-439.8737289341871,-5.684341886080802e-14
0.0874,0.0,5.731124009743755,-5.731124009743755,-27.424002886334222,-50.38807733649181,50.0205008716198,-0.0,-288.78031982799337,-286.67369352474867,-575.4540133527421,124.96479184378528,-4.6049291553424085,-575.4540133527421,0.0
0.0876,0.0,4.61410372833104,-4.61410372833104,-24.661096490279533,-50.07632753967518,49.88146202889233,-0.0,-231.05736960194156,-230.15823992211529,-461.21560952405684,124.56118945098612,-3.702723228293687,-461.21560952405684,0.0
0.0878,0.0,4.989468688382688,-4.989468688382688,-21.930958912083703,-49.77266646936878,49.745892122155624,-0.0,-248.33916088623045,-248.20557111915852,-496.54473200538894,124.16787706739667,-3.998978993060106,-496.54473200538894,0.0
0.08800000000000001,0.0,5.387734812580038,-5.387734812580038,-19.25513011457431,-49.47991737973209,49.60142092165527,-0.0,-266.5846733903667,-267.2393022530379,-533.8239756434045,123.75981370597357,-4.313387032980305,-533.8239756434047,1.1368683772161603e-13
0.0882,0.0,4.245908683324378,-4.245908683324378,-16.658202309537625,-49.21665465489437,49.455615051548975,-0.0,-208.9694213633932,-209.98402538651962,-418.9534467499128,123.36207613628991,-3.3961283716322574,-418.9534467499128,0.0
0.0884,0.0,5.736389363364393,-5.736389363364393,-14.152334547813439,-48.98394205644725,49.302658357970536,-0.0,-280.9909641882617,-282.81924499025075,-563.8102091785124,122.96603639641859,-4.585088905044463,-563.8102091785125,1.1368683772161603e-13
0.0886,0.0,4.978359132377426,-4.978359132377426,-11.74341485041718,-48.77805649542044,49.13579015416507,-0.0,-242.83468301359835,-244.6156096405685,-487.45029265416684,122.55971471944599,-3.9772472852927203,-487.45029265416684,0.0
0.0888,0.0,4.353844642491449,-4.353844642491449,-9.434397188529939,-48.606936599109986,48.96352956088672,-0.0,-211.62705049995654,-213.17960085613834,-424.8066513560949,122.16755725866281,-3.47724601267635,-424.8066513560949,0.0
0.08900000000000001,0.0,5.691366517006783,-5.691366517006783,-7.2173684242521885,-48.45639595749652,48.7751630938053,-0.0,-275.7831094873185,-277.59733009362844,-553.3804395809469,121.76376196337482,-4.54470550727069,-553.3804395809469,0.0
0.0892,0.0,4.512808776490215,-4.512808776490215,-5.0827323037201335,-48.32705412031215,48.57738224637134,-0.0,-218.09075397606227,-219.22043694034454,-437.3111909164068,121.36324355020808,-3.603324846336121,-437.31119091640676,-5.684341886080802e-14
0.08940000000000001,0.0,5.272272445500599,-5.272272445500599,-3.0153589077626335,-48.21485146837687,48.37402809484869,-0.0,-254.2018328606275,-255.04105540234258,-509.24288826297004,120.97091102501382,-4.20963092654292,-509.2428882629701,5.684341886080802e-14
0.0896,0.0,5.192568930119392,-5.192568930119392,-0.9967281126317128,-48.10453099189482,48.15895251553155,-0.0,-249.7860930264784,-250.06868053924427,-499.85477356572267,120.56380173751396,-4.145977203456008,-499.85477356572267,0.0
0.0898,0.0,4.0056343199088005,-4.0056343199088005,0.9920849792147293,-48.001579293509664,47.947410655992336,0.0,-192.27677342790594,-192.05979367440383,-384.3365671023098,120.16991887842492,-3.198275996933479,-384.3365671023098,0.0
0.09000000000000001,0.0,5.855063149484078,-5.855063149484078,2.9707551709520117,-47.893138305635766,47.73625797514909,0.0,-280.4173492064723,-279.49880496456086,-559.9161541710332,119.76923264093348,-4.674958182705019,-559.9161541710331,-1.1368683772161603e-13
0.0902,0.0,4.644567297631789,-4.644567297631789,4.957306272239945,-47.777410424892516,47.53282086279275,0.0,-221.9053980249879,-220.76938534351723,-442.67478336850513,119.36676319553872,-3.7085263227197056,-442.67478336850513,0.0
0.09040000000000001,0.0,5.068630490022588,-5.068630490022588,6.96805429042098,-47.65687405739259,47.34751452140056,0.0,-241.55508490646656,-239.98705572995812,-481.5421406364247,118.97519712115695,-4.047416203446606,-481.5421406364247,0.0
0.0906,0.0,5.275130548694063,-5.275130548694063,9.013586892438362,-47.519525219844446,47.174743694639325,0.0,-250.6716991466394,-248.85293159040455,-499.52463073704394,118.56805528838326,-4.21297818811392,-499.524630737044,5.684341886080802e-14
0.0908,0.0,4.048943661488899,-4.048943661488899,11.103344458092806,-47.376246225385046,47.02963031021694,0.0,-191.82375185941015,-190.42032354671906,-382.24407540612924,118.1732190728153,-3.234608301315717,-382.2440754061292,-5.684341886080802e-14
0.091,0.0,5.889529844558106,-5.889529844558106,13.23879627417735,-47.220652578970544,46.90780370865932,0.0,-278.1074426433567,-276.2649098848225,-554.3723525281791,117.77311801226261,-4.707121301403072,-554.3723525281792,1.1368683772161603e-13
0.0912,0.0,4.650163433102759,-4.650163433102759,15.417503155990707,-47.05495030914648,46.81084591277206,0.0,-218.8132092740603,-217.67808393618037,-436.49129321024066,117.36980887069825,-3.7189401380989393,-436.49129321024066,0.0
0.09140000000000001,0.0,5.098204525517004,-5.098204525517004,17.634007295047265,-46.886681474796234,46.7429533038465,0.0,-239.03789168128043,-238.3051360697002,-477.34302775098064,116.97745600451331,-4.080641211179729,-477.34302775098064,0.0
0.0916,0.0,5.238024277057189,-5.238024277057189,19.872204862192998,-46.70714656987218,46.68941265885961,0.0,-244.6531676450589,-244.56027698864787,-489.2134446337068,116.56911490366714,-4.196767257244711,-489.21344463370673,-5.684341886080802e-14
0.0918,0.0,4.022953108746504,-4.022953108746504,22.12036996968827,-46.529993016823994,46.65514951223861,0.0,-187.1879800569852,-187.69147876929324,-374.87945882627844,116.17356716327212,-3.2268911765394708,-374.87945882627844,0.0
0.092,0.0,5.814068594778623,-5.814068594778623,24.35543344629919,-46.34895695451762,46.622746473594674,0.0,-269.4760150300071,-271.0678460744526,-540.5438611044597,115.77034825088697,-4.669104561498271,-540.5438611044597,0.0
0.0922,0.0,4.553038407675961,-4.553038407675961,26.556518186523537,-46.168326969486145,46.58316498439601,0.0,-210.20616591021235,-212.094939325061,-422.3011052352733,115.3661245460646,-3.660529526296539,-422.3011052352734,5.684341886080802e-14
0.09240000000000001,0.0,5.307743852231247,-5.307743852231247,28.702886516127595,-45.99334293381908,46.52659317117383,0.0,-244.12088320054167,-246.9512388695622,-491.0721220701039,114.97097336653397,-4.271270458018462,-491.0721220701039,0.0
0.0926,0.0,5.106086451501184,-5.106086451501184,30.765013698557787,-45.81501813958,46.42752766351502,0.0,-233.93544339779044,-237.06296997937048,-470.9984133771609,114.56052137010057,-4.111350120828692,-470.99841337716094,5.684341886080802e-14
0.09280000000000001,0.0,4.30752567833069,-4.30752567833069,32.72800194149903,-45.645704648829955,46.2812913280342,0.0,-196.6200448803336,-199.3578508218108,-395.97789570214445,114.16481899490002,-3.4684756581608,-395.9778957021444,-5.684341886080802e-14
0.093,0.0,5.642860696094561,-5.642860696094561,34.563802389126806,-45.474881073972504,46.05986424254388,0.0,-256.6084190718939,-259.90939760170215,-516.517816673596,113.7576711304484,-4.5405097655462185,-516.5178166735961,1.1368683772161603e-13
0.0932,0.0,4.352559492097927,-4.352559492097927,36.25887866126958,-45.308861251990926,45.75272566736494,0.0,-197.2095141185011,-199.14146039284174,-396.3509745113428,113.35572032923787,-3.496523804534564,-396.3509745113428,0.0
0.09340000000000001,0.0,5.719019945980272,-5.719019945980272,37.798632074305445,-45.147180428948495,45.34351223807089,0.0,-258.1976253779266,-259.320450910328,-517.5180762882546,112.95913956281896,-4.581462627027642,-517.5180762882546,0.0
0.0936,0.0,4.841896598074789,-4.841896598074789,39.16688773953679,-44.98318151312519,44.811315225462295,0.0,-217.8039135389816,-216.97175474542288,-434.77566828440445,112.55281855117991,-3.8628590014980717,-434.77566828440445,0.0
0.09380000000000001,0.0,4.869575955498451,-4.869575955498451,40.36579047131476,-44.8267713169726,44.153971560227184,0.0,-218.2873677677574,-215.01111824944473,-433.2984860172021,112.16304813543987,-3.8631126134694793,-433.2984860172021,0.0
0.094,0.0,5.288130552079231,-5.288130552079231,41.38219032280777,-44.66560097963063,43.34988145143475,0.0,-236.19752916736476,-229.23983253234485,-465.43736169970964,111.76017417533778,-4.164608413812029,-465.4373616997096,-5.684341886080802e-14
0.0942,0.0,4.13170215954556,-4.13170215954556,42.2283088511675,-44.511095156112226,42.4039055001478,0.0,-183.9065879802468,-175.2003079281265,-359.1068959083733,111.37360937083893,-3.224344599560034,-359.1068959083733,0.0
0.0944,-5.899023458509007,5.899023458509007,0.0,42.89348654659013,-44.34618258043938,41.29692815450239,-253.0296833555757,-261.5991713373354,0.0,-514.6288546929111,110.96095827605774,-4.637927273596317,-514.6288546929111,0.0
0.0946,-4.898229667936454,4.898229667936454,0.0,43.400376668314976,-44.18549125302724,40.043796937389835,-212.5850125963575,-216.43068414792472,0.0,-429.0156967442822,110.55861874988611,-3.8804364742909216,-429.01569674428225,5.684341886080802e-14
0.09480000000000001,-4.8159624034352095,4.8159624034352095,0.0,43.76233193500849,-44.03038853496035,38.64969275124369,-210.7577452856529,-212.04869579301376,0.0,-422.8064410786667,110.16933996880564,-3.8377868216182827,-422.80644107866664,-5.684341886080802e-14
0.095,-5.308625460235363,5.308625460235363,0.0,43.98156563961573,-43.86901339256882,37.112051638557126,-233.4816591354769,-232.88416141119694,0.0,-466.36582054667383,109.76241964077666,-4.2488660697619975,-466.3658205466738,-5.684341886080802e-14
0.0952,-4.082516910786679,4.082516910786679,0.0,44.085747470466494,-43.71344577497085,35.45266096300536,-179.98080957285052,-178.460881605075,0.0,-358.4416911779255,109.36686878186184,-3.2774248286549827,-358.4416911779255,0.0
0.0954,-5.720420459587531,5.720420459587531,0.0,44.08383475071323,-43.55593486177168,33.67924667620665,-252.17807024505575,-249.15826091974054,0.0,-501.3363311647963,108.96208202732504,-4.601016443858638,-501.3363311647963,0.0
0.0956,-4.357870534660591,4.357870534660591,0.0,43.99793095004227,-43.40133112899353,31.812518431560896,-191.73728687322046,-189.1373820920884,0.0,-380.87466896530884,108.55918273075308,-3.50845188204805,-380.87466896530884,0.0
0.09580000000000001,-5.78513883575601,5.78513883575601,0.0,43.84654461155164,-43.25095988708451,29.87183627893603,-253.65834804599584,-250.212807726498,0.0,-503.8711557724938,108.16085773016745,-4.658535133195025,-503.8711557724938,0.0
0.096,-4.746646501527413,4.746646501527413,0.0,43.640283860885376,-43.09891406796441,27.87293627063905,-207.14500071393476,-204.57530968033385,0.0,-411.7203103942686,107.75224924597622,-3.8209904041482776,-411.7203103942686,0.0
0.09620000000000001,-5.114534012120946,5.114534012120946,0.0,43.40442409417736,-42.954746166963695,25.842343569061626,-221.99340330619196,-219.69351025295765,0.0,-441.6869135591496,107.35780117617941,-4.114157599356192,-441.6869135591496,0.0
0.0964,-5.114926689582206,5.114926689582206,0.0,43.14065430324961,-42.80602988408508,23.792399666043067,-220.6612841017309,-218.94970472916026,0.0,-439.6109888308912,106.9477073422156,-4.110522794324202,-439.6109888308911,-1.1368683772161603e-13
0.0966,-4.489810143006216,4.489810143006216,0.0,42.87356409996491,-42.66461765972941,21.749073677840602,-192.49416296284963,-191.55603311613524,0.0,-384.05019607898487,106.55351621201035,-3.6042939710674324,-384.0501960789848,-5.684341886080802e-14
0.09680000000000001,-5.460479075116737,5.460479075116737,0.0,42.601196641547006,-42.517828123920744,19.72305891439667,-232.62294283610083,-232.16771079007913,0.0,-464.79065362617996,106.14607107634563,-4.378783396437528,-464.79065362617996,0.0
0.097,-4.050089096109155,4.050089096109155,0.0,42.34071604137345,-42.373917665144724,17.733870833206506,-171.4836723606206,-171.61814189502977,0.0,-343.10181425565037,105.748957179926,-3.2444935950704616,-343.1018142556504,5.684341886080802e-14
0.09720000000000001,-5.783196344371623,5.783196344371623,0.0,42.091683969799774,-42.225573010218376,15.790876224138804,-243.4244728625917,-244.19877947169198,0.0,-487.6232523342837,105.34712825768536,-4.6287284750802895,-487.6232523342836,-5.684341886080802e-14
0.0974,-4.356741154315391,4.356741154315391,0.0,41.85995941600992,-42.07371561094659,13.904420217429449,-182.37300790570248,-183.30428831717296,0.0,-365.67729622287544,104.94610417966021,-3.484429451491235,-365.67729622287544,0.0
0.0976,-5.855741072149226,5.855741072149226,0.0,41.649126599356194,-41.9188857606639,12.081206926264862,-243.8865012469929,-245.46614104745095,0.0,-489.35264229444385,104.55019447767657,-4.680552195423509,-489.3526422944439,5.684341886080802e-14
0.0978,-4.642745624705023,4.642745624705023,0.0,41.45393515714079,-41.754483683497845,10.32284304375402,-192.46007607762115,-193.8554464333769,0.0,-386.31552251099805,104.14538327792819,-3.7093869200140617,-386.315522510998,-5.684341886080802e-14
0.098,-5.377764140230603,5.377764140230603,0.0,41.28196187776388,-41.58840799809948,8.631765058334452,-222.0046542246054,-223.65264918145897,0.0,-445.65730340606433,103.75305022336511,-4.2953657983705495,-445.6573034060644,5.684341886080802e-14
0.09820000000000001,-4.909512235992149,4.909512235992149,0.0,41.12051226498066,-41.4095242112803,7.003077835149435,-201.88165811518778,-203.30056580189375,0.0,-405.1822239170815,103.34611565344221,-3.920633314132556,-405.18222391708156,5.684341886080802e-14
0.0984,-4.936417073167532,4.936417073167532,0.0,40.9790593650862,-41.23018167420124,5.434125549653198,-202.28972829215738,-203.52937274632612,0.0,-405.8191010384835,102.95495035488995,-3.9417152807087796,-405.8191010384835,0.0
0.09860000000000001,-5.158059041689802,5.158059041689802,0.0,40.84192710500631,-41.03832916208369,3.916068235682793,-210.6650713840136,-211.67812479032804,0.0,-422.34319617434164,102.54778318952512,-4.118501473540214,-422.34319617434164,0.0
0.0988,-4.529592462495626,4.529592462495626,0.0,40.71837689415287,-40.84767422912811,2.4418818632652295,-184.4376530648109,-185.02331729873552,0.0,-369.4609703635464,102.15591023953618,-3.616638229714078,-369.4609703635464,0.0
0.099,-5.388916740754481,5.388916740754481,0.0,40.59359844297416,-40.648164722549765,1.0011148834609795,-218.7555222168085,-219.04957535429415,0.0,-437.80509757110264,101.75006174759275,-4.30275019053205,-437.8050975711026,-5.684341886080802e-14
0.09920000000000001,-4.15620384627917,4.15620384627917,0.0,40.47497134487416,-40.45220088155705,-0.41573222432361745,-168.22223158160517,-168.12759289438503,-0.0,-336.3498244759902,101.35606564975123,-3.31849724355215,-336.3498244759902,0.0
0.0994,-5.602254321737122,5.602254321737122,0.0,40.35150436387256,-40.25373912786188,-1.8187683311538216,-226.05938971109936,-225.51168399514287,-0.0,-451.57107370624226,100.95277098543801,-4.473092410424073,-451.5710737062423,5.684341886080802e-14
0.09960000000000001,-4.108889460313252,4.108889460313252,0.0,40.22733762254935,-40.06161710251776,-3.2175238989957267,-165.28968357375578,-164.60875627564033,-0.0,-329.89843984939614,100.55577647186462,-3.280750757682243,-329.8984398493961,-5.684341886080802e-14
0.0998,-5.798129009645569,5.798129009645569,0.0,40.09717782787796,-39.87480308976457,-4.620331487863614,-232.48860996873628,-231.1992525486687,-0.0,-463.687862517405,100.15577954656025,-4.629666551612696,-463.68786251740505,5.684341886080802e-14
0.1,-4.292366837172969,4.292366837172969,0.0,39.96121479235711,-39.69711789563944,-6.034320312083272,-171.52819314785955,-170.3945923865883,-0.0,-341.9227855344478,99.75587881038616,-3.4275953418681953,-341.9227855344478,0.0
