time_s,ia_A,ib_A,ic_A,ea_V,eb_V,ec_V,phase_a_power_W,phase_b_power_W,phase_c_power_W,electrical_conversion_power_W,speed_rad_s,electromagnetic_torque_Nm,mechanical_power_W,power_residual_W
0.0,0.0,0.0,0.0,0.0,-119.76664369760206,119.76664369760206,0.0,-0.0,0.0,0.0,300.0,0.0,0.0,0.0
0.0005,0.0,-5.180633005975232,5.180633005975232,32.41030166482633,-119.89113751148693,119.07127325172681,0.0,621.1119841159244,616.8645682713917,1237.9765523873161,299.02221616314876,4.140082192795558,1237.9765523873161,0.0
0.001,0.0,-5.749016197461416,5.749016197461416,69.84500922805694,-119.46188373078716,120.60068580563204,0.0,686.7883045475478,693.3352961215337,1380.1236006690815,298.535297283576,4.622982988032113,1380.1236006690815,0.0
0.0015,0.0,-4.081736598079754,4.081736598079754,102.70057070262291,-119.11890647434828,118.9558568596988,0.0,486.21200007958674,485.54647450016915,971.7584745797559,298.04643463814807,3.2604264357651096,971.7584745797558,1.1368683772161603e-13
0.002,4.973759535476417,-4.973759535476417,0.0,118.62048029983885,-118.86973211880463,102.79939738030326,589.989744994116,591.2294636054319,0.0,1181.219208599548,297.4236523619373,3.9715039446900224,1181.2192085995478,2.2737367544323206e-13
0.0025,5.589571494854613,-5.589571494854613,0.0,119.98392699094495,-118.81717028314233,70.07155003642998,670.6587381493028,664.137068113939,0.0,1334.795806263242,296.93580351731555,4.495233617677918,1334.795806263242,0.0
0.003,4.074757596582749,-4.074757596582749,0.0,118.06347528201293,-118.85965574304284,32.934676753283,481.08004278434186,484.3242851661742,0.0,965.4043279505161,296.44828712208056,3.256569087724067,965.4043279505162,-1.1368683772161603e-13
0.0035,4.883229893718973,-4.883229893718973,0.0,118.11425142430018,-118.17037514840493,1.0243777005762247,576.7790434293813,577.0531084766766,0.0,1153.8321519060578,295.931261353164,3.8989870371588626,1153.832151906058,-2.2737367544323206e-13
0.004,5.71665497451928,-5.71665497451928,0.0,118.45218913148071,-117.61452718605344,-30.417731800851396,677.1502962411778,672.3616719138854,-0.0,1349.5119681550632,295.43964293322097,4.567809366260631,1349.5119681550632,0.0
0.0045000000000000005,4.305188692011712,-4.305188692011712,0.0,118.04109051857219,-119.03722046692256,-66.81434858502968,508.18916809328795,512.4776954827001,-0.0,1020.6668635759881,294.941307719968,3.460576178583504,1020.6668635759881,0.0
0.005,5.077075206595295,-5.077075206595295,0.0,117.67875394201556,-117.96527240416701,-99.6239553288359,597.4638839820356,598.9185597624565,-0.0,1196.382443744492,294.4382218190698,4.063271528924192,1196.382443744492,0.0
0.0055,4.289841915536279,0.0,-4.289841915536279,117.43186129109465,-103.56549897521772,-116.54993752692401,503.7641207859801,-0.0,499.98080725613335,1003.7449280421134,293.8293506644778,3.4160812246026593,1003.7449280421134,0.0
0.006,5.157811890644303,0.0,-5.157811890644303,117.34639103042956,-72.70702401988238,-118.68199810513428,605.2506109809456,-0.0,612.1394210320863,1217.390032013032,293.3250901983965,4.150309921287759,1217.3900320130317,2.2737367544323206e-13
0.006500000000000001,5.3357076677934,0.0,-5.3357076677934,117.41266092317237,-36.26237996983557,-116.72682133309064,626.4796351837973,-0.0,622.820195624122,1249.2998308079193,292.8483222573015,4.266030350381394,1249.2998308079193,0.0
0.007,4.882116387700424,0.0,-4.882116387700424,116.82712665308645,-4.568994550245286,-116.58032111370868,570.3636295609863,-0.0,569.1586961926148,1139.522325753601,292.32761630578125,3.8981001526781354,1139.5223257536013,-2.2737367544323206e-13
0.0075,5.944373972191902,0.0,-5.944373972191902,116.12841329299484,25.654524282453085,-116.99160777849397,690.3107174108226,0.0,695.4418682433632,1385.7525856541856,291.8422946582295,4.74829252311428,1385.7525856541856,0.0
0.008,4.769622678299278,0.0,-4.769622678299278,117.2882880028298,60.66705776519899,-116.63932408814341,559.4208783571942,0.0,556.3255653523081,1115.7464437095023,291.3284049724172,3.829858073108732,1115.7464437095023,0.0
0.0085,5.760478091419968,0.0,-5.760478091419968,117.25944985960825,94.12569281524449,-116.24945386364612,675.4704919282316,0.0,669.6524321210698,1345.1229240493012,290.84421720749964,4.624891417695398,1345.1229240493012,0.0
0.009000000000000001,0.0,4.321854071724444,-4.321854071724444,105.95636729843834,113.53972952653945,-116.0237123801106,0.0,490.7021423567666,501.4375537665668,992.1396961233334,290.30877679427005,3.4175325564697694,992.1396961233334,0.0
0.0095,0.0,5.4594601436027785,-5.4594601436027785,78.1970930271525,117.4561477921873,-115.89719796153418,0.0,641.247157492564,632.736133026237,1273.983290518801,289.80658541104236,4.395977712900719,1273.983290518801,0.0
0.01,0.0,4.3462589978951565,-4.3462589978951565,42.57953739068754,115.5628394366797,-115.96871443918499,0.0,502.26603072398234,504.0300686056417,1006.296099329624,289.31499763220575,3.4782023315946,1006.2960993296241,-1.1368683772161603e-13
0.0105,0.0,5.594818131920522,-5.594818131920522,10.570219924719089,115.03543292133648,-115.569436333841,0.0,643.6023259216203,646.589977896408,1290.1923038180282,288.813055337134,4.467222931844184,1290.1923038180282,0.0
0.011,0.0,4.642707929865612,-4.642707929865612,-18.475070435093038,115.50783875367114,-114.72164477341205,-0.0,536.2691589433074,532.6190899167459,1068.8882488600534,288.30801553745823,3.707452416359124,1068.8882488600534,0.0
0.0115,0.0,5.935291942774845,-5.935291942774845,-51.594508825714776,115.30492686057164,-115.41339990125127,-0.0,684.3684033577937,685.0122225221478,1369.3806258799414,287.82116783742305,4.75774813982216,1369.3806258799414,0.0
0.012,0.0,4.925338646333698,-4.925338646333698,-85.77640214715142,114.85910271071839,-116.39774670829026,-0.0,565.7199774643128,573.2983202085029,1139.0182976728156,287.3117077958244,3.9643991761110176,1139.0182976728158,-2.2737367544323206e-13
0.0125,0.0,4.091926951044371,-4.091926951044371,-108.8860923530813,114.62978908292247,-109.07130651207169,-0.0,469.0567233409423,446.3118187023676,915.3685420433098,286.82137132418814,3.191423769495503,915.36854204331,-1.1368683772161603e-13
0.013000000000000001,-5.811011053965832,5.811011053965832,0.0,-115.9383718425247,114.4210976829586,-85.89581545907839,673.719160355712,664.9022634425768,-0.0,1338.6214237982888,286.22033109003183,4.676891465747134,1338.6214237982888,0.0
0.0135,-4.896527680421761,4.896527680421761,0.0,-114.60694086604533,114.45547007481537,-51.92472290237458,561.1760583190509,560.4343773970179,-0.0,1121.6104357160689,285.7150760676444,3.9256256657962356,1121.6104357160687,2.2737367544323206e-13
0.014,-4.09642979738313,4.09642979738313,0.0,-113.49097544123421,114.28555272485886,-19.152466296126192,464.9078135315488,468.1627435925126,-0.0,933.0705571240615,285.2288884171846,3.271304538267258,933.0705571240612,2.2737367544323206e-13
0.0145,-5.61949347244043,5.61949347244043,0.0,-113.90508295859541,113.43058258707465,9.227559704658391,640.0888701636126,637.4224184231812,0.0,1277.5112885867939,284.7203976892165,4.486897668572547,1277.5112885867939,0.0
0.015,-4.904814251821918,4.904814251821918,0.0,-113.93404251891671,113.44609998216951,39.87514568150135,558.8253155144671,556.4320480061592,0.0,1115.2573635206263,284.21353973375733,3.924012081075961,1115.2573635206263,0.0
0.0155,-4.136058156343146,4.136058156343146,0.0,-113.4827466665146,114.93074720884428,73.99831561182242,469.37123995426066,475.3602544077526,0.0,944.7314943620133,283.729751239421,3.329687811148208,944.7314943620132,1.1368683772161603e-13
0.016,-5.66575595779075,5.66575595779075,0.0,-113.19432876018287,111.73439536569406,101.3904956068048,641.3314425611309,633.0598162333282,0.0,1274.3912587944592,283.22814700874824,4.499521930477822,1274.3912587944592,0.0
0.0165,-4.679233974101583,0.0,4.679233974101583,-112.98885932056284,94.79685713909657,113.44159804541198,528.701309227762,0.0,530.8197796504675,1059.5210888782294,282.70106810569206,3.747849613649537,1059.5210888782294,0.0
0.017,-4.277115847967411,0.0,4.277115847967411,-112.94862915118962,64.21831518860544,113.91897603164068,483.09437174874705,0.0,487.24465776915,970.3390295178971,282.222851779678,3.4382014900600906,970.3390295178971,0.0
0.0175,-5.616309384008428,0.0,5.616309384008428,-112.95158517369643,30.730348977533062,112.1830686893801,634.3710477496585,0.0,630.0548214070275,1264.425869156686,281.7137521845916,4.48833562206852,1264.425869156686,0.0
0.018000000000000002,-5.088965832881113,0.0,5.088965832881113,-112.31600659662409,1.9031588245614026,112.21195088289402,571.5723200558698,0.0,571.0427840839814,1142.6151041398512,281.20678605058924,4.063255799005839,1142.6151041398512,0.0
0.0185,-4.589927371080115,0.0,4.589927371080115,-111.7125806516638,-26.24981286321349,112.53675912560819,512.7526316270665,-0.0,516.535550963279,1029.2881825903455,280.7081590438947,3.666755487607307,1029.2881825903455,0.0
0.019,-4.076190226067776,0.0,4.076190226067776,-112.84003803440588,-58.779627423530556,112.18841049543045,459.9574601449613,-0.0,457.30130233955305,917.2587624845144,280.2203976501406,3.273347587029427,917.2587624845144,0.0
0.0195,-5.782551321843212,0.0,5.782551321843212,-112.86318225652107,-89.81401443467664,111.80581191636082,652.6371437448773,-0.0,646.5228454867058,1299.159989231583,279.7227325356513,4.6444562351256256,1299.1599892315833,-2.2737367544323206e-13
0.02,0.0,-3.441932245595046,3.441932245595046,-103.06735017659197,-108.47601904798307,111.56685862495674,-0.0,373.36710783503537,384.00556824098237,757.3726760760178,279.1573290224583,2.713067497558292,757.3726760760178,0.0
0.0205,0.0,-5.332117567350096,5.332117567350096,-78.49572295690145,-112.95703642415076,111.40678284937685,-0.0,602.300198273019,594.0340639531197,1196.3342622261387,278.6234687124163,4.293731133829741,1196.3342622261387,0.0
0.021,0.0,-4.8853141181462645,4.8853141181462645,-45.737112196523405,-111.31407092556736,111.45300421025372,-0.0,543.8042022410089,544.4829349781676,1088.2871372191764,278.12715228530817,3.9129122355619224,1088.2871372191764,0.0
0.021500000000000002,0.0,-4.553451658356696,4.553451658356696,-15.315651295522551,-110.49640528850406,111.19295622201687,-0.0,503.14003990339245,506.3117509067263,1009.4517908101187,277.6298826049048,3.6359623155071885,1009.4517908101186,1.1368683772161603e-13
0.022,0.0,-4.269290008404499,4.269290008404499,11.44976296627663,-110.92351811868663,110.3579770769661,0.0,473.5646676011842,471.1502088824241,944.7148764836084,277.13362319964244,3.408878596456163,944.7148764836084,0.0
0.0225,0.0,-4.003380644844195,4.003380644844195,40.854376789371685,-110.88726773084169,110.5058902501834,0.0,443.92394139330787,442.397142168861,886.321083562169,276.6399494321726,3.2038795748098545,886.3210835621688,1.1368683772161603e-13
0.023,0.0,-5.973101282900401,5.973101282900401,73.17036831133422,-110.44126531652736,111.88923271564698,0.0,659.6768635472931,668.3257194765724,1328.0025830238656,276.1435746725992,4.809101876074319,1328.0025830238656,0.0
0.0235,0.0,-5.709703130550413,5.709703130550413,98.85519097454059,-110.16158159560257,108.66219327924262,0.0,628.9899273027968,620.4288651389656,1249.4187924417624,275.6399272338636,4.532793216788608,1249.4187924417624,0.0
0.024,5.092439090480811,-5.092439090480811,0.0,110.31761414546945,-109.96244137001784,92.68090161793683,561.7857306429675,559.9770349173832,0.0,1121.7627655603505,275.13031964093045,4.077205184162731,1121.7627655603508,-2.2737367544323206e-13
0.0245,4.840591485108762,-4.840591485108762,0.0,110.93164093503401,-109.90079440453755,63.96149255770724,536.9747565392682,531.9848496012931,0.0,1068.9596061405614,274.6364226405058,3.8922718110838868,1068.9596061405614,0.0
0.025,4.673667518104317,-4.673667518104317,0.0,109.2184708157776,-109.91486442071964,32.096741937173,510.450819428724,513.7055315999572,0.0,1024.1563510286812,274.1402436281514,3.735884733574049,1024.1563510286812,0.0
0.025500000000000002,4.595173936492118,-4.595173936492118,0.0,109.12298963333366,-109.36347559269106,4.457735026695243,501.4391178351944,502.5441926477258,0.0,1003.9833104829202,273.64003054809734,3.668992831465319,1003.98331048292,1.1368683772161603e-13
0.026000000000000002,4.550686121265738,-4.550686121265738,0.0,109.47849356279025,-108.67552071737332,-21.881564442537158,498.20226123327,494.5481838498779,-0.0,992.750445083148,273.1392722387858,3.634594311341865,992.7504450831478,1.1368683772161603e-13
0.0265,4.505440513237184,-4.505440513237184,0.0,109.1962296626111,-109.50591411681688,-52.162595469245474,491.97711701468,493.3723819009785,-0.0,985.3494989156585,272.64045823340496,3.614098601874084,985.3494989156585,0.0
0.027,4.402480399170051,-4.402480399170051,0.0,108.79227995664512,-110.1983311635513,-82.54997697781667,478.95588009015097,485.14599296878487,-0.0,964.1018730589358,272.1480637933399,3.5425637780434203,964.1018730589359,-1.1368683772161603e-13
0.0275,4.488938580009569,-4.488938580009569,0.0,108.5635140315603,-103.40662309150767,-103.01376634388247,487.33494651768126,464.18597982397716,-0.0,951.5209263416584,271.642617674011,3.5028411023617294,951.5209263416584,0.0
0.028,4.6868242425415385,0.0,-4.6868242425415385,108.36022156107339,-83.07460157143166,-109.71694750433107,507.8653133396111,-0.0,514.2240493809562,1022.0893627205674,271.0745446179931,3.770510300629401,1022.0893627205672,1.1368683772161603e-13
0.0285,4.675887055199373,0.0,-4.675887055199373,108.36131127657933,-52.95432254840563,-108.74483782580643,506.6852526825872,-0.0,508.4785795094435,1015.1638321920307,270.58077222414283,3.7517959012663784,1015.1638321920307,0.0
0.029,4.779781889887179,0.0,-4.779781889887179,108.26268597113607,-22.934590829885476,-107.46392256391509,517.4720257553789,-0.0,513.6541108872395,1031.1261366426183,270.08082540504313,3.8178428072271604,1031.1261366426183,0.0
0.029500000000000002,4.947940629043748,0.0,-4.947940629043748,107.54348074825947,2.8793324061771015,-107.7002550070874,532.1187577830972,0.0,532.8944675079401,1065.0132252910373,269.57886923642013,3.950655436413389,1065.0132252910373,0.0
0.03,5.143570006091934,0.0,-5.143570006091934,107.1496348945477,29.273465407548173,-107.88525254205871,551.1316482072972,0.0,554.9153490749867,1106.0469972822839,269.0779197800557,4.110508205899491,1106.0469972822839,0.0
0.0305,5.318654437573716,0.0,-5.318654437573716,108.32802092933954,59.52043498512989,-107.50190998383162,576.1593092294102,0.0,571.7655105831562,1147.9248198125665,268.5808779992681,4.274037780961065,1147.9248198125663,2.2737367544323206e-13
0.031,5.455521301376891,0.0,-5.455521301376891,107.98410636812261,87.50254484691484,-107.15259486467214,589.1095925014408,0.0,584.5732637820269,1173.6828562834676,268.0885905268748,4.377966454957399,1173.6828562834676,0.0
0.0315,0.0,3.799166327124263,-3.799166327124263,98.51741695960627,104.11737379753468,-106.91817338239966,0.0,395.5592206002038,406.19992407204643,801.7591446722502,267.5255671363538,2.996944005219529,801.7591446722502,0.0
0.032,0.0,4.099631779375995,-4.099631779375995,75.98725552922267,108.25045535223632,-106.76269322140895,0.0,443.7870068939503,437.6877299822583,881.4747368762087,267.018265917374,3.301177669803952,881.4747368762086,1.1368683772161603e-13
0.0325,0.0,4.34617078812176,-4.34617078812176,45.970648413405016,106.77602917723898,-106.78489431262045,0.0,464.06685888175275,464.1053882741804,928.1722471559332,266.51810090137224,3.4825861508724048,928.1722471559332,0.0
0.033,0.0,4.706445853527206,-4.706445853527206,17.625040294042154,105.8465751943891,-106.58330498835225,0.0,498.1611749336882,501.628553817656,999.7897287513442,266.01342195345416,3.758418358778464,999.7897287513442,0.0
0.0335,0.0,5.117864687043736,-5.117864687043736,-7.053819823931894,106.18359720842003,-105.81315248857949,-0.0,543.4332824962486,541.537396546075,1084.9706790423236,265.51103774657673,4.08634868158626,1084.9706790423236,0.0
0.034,0.0,5.551688793523618,-5.551688793523618,-33.27782588403369,106.2518244153043,-105.64626936118054,-0.0,589.877062897884,586.5152096900435,1176.3922725879274,265.01390027032335,4.438983281208898,1176.3922725879277,-2.2737367544323206e-13
0.0345,0.0,5.9530608188201946,-5.9530608188201946,-62.89277098651022,105.84453191972484,-106.91007898520631,-0.0,630.0989358576774,636.442202343804,1266.5411382014813,264.5249144768558,4.7879843027500355,1266.5411382014813,0.0
0.035,0.0,4.013441529474617,-4.013441529474617,-89.00982179851077,105.52642771327685,-105.85315021172012,-0.0,423.52414744156647,424.8354290854324,848.3595765269988,264.0314602592475,3.213100346807197,848.3595765269989,-1.1368683772161603e-13
0.035500000000000004,-4.863594307998657,4.863594307998657,0.0,-103.53116106990365,105.28882792690358,-95.18843733513022,503.5335656800755,512.0821442011382,-0.0,1015.6157098812138,263.4480625096101,3.8550889317858084,1015.6157098812137,1.1368683772161603e-13
0.036000000000000004,-5.365577104543679,5.365577104543679,0.0,-106.59114558432599,105.15071256671546,-72.16663721718389,571.9230102943416,564.1942558744217,-0.0,1136.1172661687633,262.95185375275497,4.3206284723020705,1136.117266168763,2.2737367544323206e-13
0.0365,-5.861681395587596,5.861681395587596,0.0,-105.03079497324195,105.17881867515106,-42.86032963978374,615.6570568584276,616.5247246380143,-0.0,1232.181781496442,262.46473626601374,4.694656505198468,1232.1817814964418,2.2737367544323206e-13
0.037,-4.130101803212054,4.130101803212054,0.0,-104.24843170683789,104.93794830797887,-15.679074427204787,430.5566357744398,433.4044095321568,-0.0,863.9610453065966,261.9645729053975,3.2980071912952766,863.9610453065968,-2.2737367544323206e-13
0.0375,-4.7852714301748165,4.7852714301748165,0.0,-104.5902184248343,104.16798074873918,8.174737843213396,500.4925841041033,498.4720622159419,0.0,998.9646463200452,261.45389862064684,3.820806083176752,998.9646463200452,0.0
0.038,-5.459895074984801,5.459895074984801,0.0,-104.62165243838638,104.06016296950838,33.76947925620184,571.2232448851174,568.1575712993346,0.0,1139.380816184452,260.9550078699042,4.366196400999807,1139.380816184452,0.0
0.0385,-5.4056253298765595,5.4056253298765595,0.0,-104.21758053432848,105.29914034468852,62.52219968524836,563.3611931548163,569.207700261475,0.0,1132.5688934162913,260.4701223783257,4.348172001744086,1132.5688934162915,-2.2737367544323206e-13
0.039,-4.393489671959329,4.393489671959329,0.0,-103.90133183159045,104.20074975746597,87.74473598377998,456.4894283049117,457.80491786984527,0.0,914.294346174757,259.96574134447286,3.516980127636329,914.294346174757,0.0
0.0395,-5.201170724949285,0.0,5.201170724949285,-103.67800689127847,93.90415011913528,101.86336470425144,539.2470142640078,0.0,529.8087504445848,1069.0557647085925,259.4176433022765,4.120983257345054,1069.0557647085927,-2.2737367544323206e-13
0.04,-5.94145755961299,0.0,5.94145755961299,-103.53889311890889,71.75968303366497,104.96823827799898,615.1719392353026,0.0,623.6643328360747,1238.8362720713772,258.9306908767457,4.78443195697137,1238.8362720713774,-2.2737367544323206e-13
0.0405,-4.333617739633139,0.0,4.333617739633139,-103.55324394900497,43.38411637544591,103.47476258580441,448.76017497396595,0.0,448.4200667461694,897.1802417201354,258.42981777326725,3.4716591508309396,897.1802417201354,0.0
0.041,-5.177106434719777,0.0,5.177106434719777,-103.33894128384368,16.830151932979536,102.62954943664356,534.9966978777163,0.0,531.3241007808388,1066.320798658555,257.9244007271186,4.1342377675492274,1066.320798658555,0.0
0.0415,-5.635703278119088,0.0,5.635703278119088,-102.60666738057137,-6.361519282787004,102.94270242703993,578.260731713561,-0.0,580.1545255265067,1158.4152572400676,257.436442387241,4.499810696954693,1158.4152572400676,0.0
0.042,-4.628661547040172,0.0,4.628661547040172,-102.38020651300609,-30.86864689300026,103.01083693259893,473.8833250647831,-0.0,476.8022998383463,950.6856249031293,256.9231954240313,3.7002716836605525,950.6856249031295,-1.1368683772161603e-13
0.0425,-5.521506203536673,0.0,5.521506203536673,-103.52061621265327,-58.62014220965377,102.62271718391865,571.5897246121041,-0.0,566.6319695547965,1138.2216941669005,256.4271047519529,4.4387729419942765,1138.2216941669005,0.0
0.043000000000000003,-4.028441529104454,0.0,4.028441529104454,-103.03983075900501,-83.88845770387073,102.29693700560362,415.08993338147036,-0.0,412.0972293335559,827.1871627150263,255.9417318445168,3.2319354751320426,827.1871627150263,0.0
0.043500000000000004,-0.12105516297766172,-4.561254851528403,4.682310014506065,-94.51237412781882,-99.12749735213754,102.08762109206545,11.441210853448846,452.1457782173063,478.00589059647865,941.5928796672338,255.43885460062185,3.6861771915608235,941.5928796672338,0.0
0.044,0.0,-5.644285578771533,5.644285578771533,-74.5164197477785,-103.32947427305712,101.92501404892076,-0.0,583.2210615014604,575.2938869124093,1158.5149484138697,254.94163578785503,4.5442359575111,1158.5149484138697,0.0
0.0445,0.0,-4.245178307796272,4.245178307796272,-47.38500559435285,-102.1277140761246,101.92119665090027,-0.0,433.55035642078417,432.67365312703987,866.224009547824,254.44920013358868,3.4043102084543664,866.224009547824,0.0
0.045,0.0,-5.31538939714314,5.31538939714314,-20.997005603679767,-101.04031843742193,101.78994220151687,-0.0,537.0686373062391,541.0531795137558,1078.1218168199948,253.9438346924027,4.245512863605857,1078.1218168199948,0.0
0.0455,0.0,-4.0686691410194396,4.0686691410194396,1.8164473830223482,-101.2331861433137,101.13390506078613,0.0,411.8843405083772,411.4803986316103,823.3647391399875,253.45172898202696,3.248605730357337,823.3647391399875,0.0
0.046,0.0,-5.226429489016768,5.226429489016768,24.907855387143844,-101.40963101256058,100.67785297168486,0.0,530.010285994356,526.1856996621082,1056.195985656464,252.94051117293603,4.175669530984464,1056.1959856564642,-2.2737367544323206e-13
0.0465,0.0,-4.0007670261572805,4.0007670261572805,51.33300683951441,-101.08529735831094,101.5676516648234,0.0,404.41872450043405,406.3485117048541,810.7672362052881,252.45313835727708,3.2115553860054336,810.7672362052881,0.0
0.047,0.0,-5.107098805979238,5.107098805979238,77.12953385537374,-100.71445277265887,101.98010570275405,0.0,514.3586615000985,520.8224760681717,1035.18113756827,251.94715326564025,4.10872329435224,1035.18113756827,0.0
0.0475,0.0,-4.02215907971494,4.02215907971494,94.771107898773,-100.49538273538859,96.26164885730235,0.0,404.20841613857124,387.1796649797299,791.3880811183012,251.4549107156576,3.147236531853593,791.3880811183011,1.1368683772161603e-13
0.048,5.502364274487929,-5.502364274487929,0.0,101.31665987304862,-100.28471503037319,79.77949434303893,557.4811696959075,551.8030332603281,0.0,1109.2842029562357,250.89385411653134,4.421328720316171,1109.2842029562357,0.0
0.0485,4.319411309017296,-4.319411309017296,0.0,100.953212975867,-100.23245583319785,54.70008629331322,436.05844980959154,432.9452032564914,0.0,869.003653066083,250.40268412159742,3.4704246726208745,869.003653066083,0.0
0.049,5.606755962760828,-5.606755962760828,0.0,99.53890193661438,-100.19771865220311,28.306989574892405,558.090331959778,561.7841565082716,0.0,1119.8744884680495,249.90333438300138,4.481230677585646,1119.8744884680495,0.0
0.0495,4.585102492915385,-4.585102492915385,0.0,99.42409519116664,-99.7081730886585,5.327474564753587,455.8696667168747,457.17219299284676,0.0,913.0418597097214,249.3998427592743,3.660956035930655,913.0418597097215,-1.1368683772161603e-13
0.05,5.977114572684769,-5.977114572684769,0.0,99.72761467992271,-99.04100267484121,-16.346335969378195,596.0833790024575,591.9794203811045,-0.0,1188.062799383562,248.90747004504922,4.773110261289215,1188.0627993835624,-4.547473508864641e-13
0.0505,5.0004535416211375,-5.0004535416211375,0.0,99.53917389625774,-99.41329631493943,-40.81607150703635,497.7410146395843,497.11156964227047,-0.0,994.8525842818548,248.39602284288642,4.005106735992755,994.8525842818547,1.1368683772161603e-13
0.051000000000000004,4.116361515907527,-4.116361515907527,0.0,99.14375758608021,-100.4757626173832,-66.82933835231393,408.1115482698055,413.59456251965634,-0.0,821.7061107894618,247.9128550334353,3.3144957758589833,821.7061107894618,0.0
0.051500000000000004,5.388119987881685,-5.388119987881685,0.0,98.87811851339444,-97.97205148533799,-87.64951270869683,532.7671667261546,527.885168861923,-0.0,1060.6523355880777,247.40608884608187,4.287090671595955,1060.6523355880777,0.0
0.052000000000000005,4.735961721373951,0.0,-4.735961721373951,98.65881837436643,-86.40355716695464,-98.12390492076706,467.2443872969845,-0.0,464.7110576564899,931.9554449534744,246.85595288265594,3.7753006726010914,931.9554449534743,1.1368683772161603e-13
0.0525,5.014855685125042,0.0,-5.014855685125042,98.5370517591199,-64.94088193550971,-99.81801059848549,494.14909420968297,-0.0,500.5729179276866,994.7220121373696,246.3733779371066,4.03745737654861,994.7220121373696,0.0
0.053,5.2950005317226445,0.0,-5.2950005317226445,98.534076296312,-39.081144696890085,-98.33670615958361,521.7379863817716,-0.0,520.6929114028487,1042.4308977846204,245.86475083115795,4.23985501891032,1042.4308977846204,0.0
0.0535,4.4826090682549395,0.0,-4.4826090682549395,98.29717755990531,-15.248565874241173,-97.63824791538151,440.62781951389746,-0.0,437.6740955140131,878.3019150279106,245.36643785322812,3.579551966081393,878.3019150279107,-1.1368683772161603e-13
0.054,5.441257904818398,0.0,-5.441257904818398,97.60843674339294,5.70706597426876,-97.9111460428853,531.1126780069534,0.0,532.7597973756783,1063.8724753826318,244.87499951053906,4.344553251696257,1063.8724753826318,0.0
0.0545,5.370764493004728,0.0,-5.370764493004728,97.33313987415215,27.735859220148797,-97.9760067064409,522.753371628759,0.0,526.2060579853459,1048.959429614105,244.362178899862,4.2926423161579415,1048.959429614105,0.0
0.055,4.612714638612107,0.0,-4.612714638612107,98.28577718339578,52.700499780705584,-97.61988164200203,453.3642431812175,0.0,450.292657069644,903.6569002508616,243.86403953249228,3.7055766893029705,903.6569002508614,1.1368683772161603e-13
0.0555,4.907663683894414,0.0,-4.907663683894414,98.38226831653391,76.33704704972408,-97.28503676784322,482.8270853562095,0.0,477.442241931877,960.2693272880865,243.38219967635217,3.945519962285843,960.2693272880865,0.0
0.056,5.627886403383896,0.0,-5.627886403383896,92.4513407507537,92.10284638091969,-97.0633098380112,520.3056435857783,0.0,546.2612817047816,1066.56692529056,242.86733715018548,4.391561820563014,1066.56692529056,0.0
0.0565,0.0,4.616830253011287,-4.616830253011287,76.73721091641126,97.90940269696235,-96.88004643606608,0.0,452.0310924256006,447.27872929916816,899.3098217247688,242.373870018219,3.7104239894224924,899.3098217247688,0.0
0.057,0.0,4.472338935166653,-4.472338935166653,53.31080144218694,97.54729483921942,-96.82161689119313,0.0,436.2645647296221,433.0190869882723,869.2836517178944,241.89136168703158,3.593694481916255,869.2836517178944,0.0
0.0575,0.0,5.692264725954656,-5.692264725954656,28.599727238551157,96.17785603529965,-96.78181792991232,0.0,547.4698173276813,550.9077283162057,1098.377545643887,241.38580912231768,4.550298750525576,1098.3775456438873,-2.2737367544323206e-13
0.058,0.0,5.1392714195078675,-5.1392714195078675,6.94751288857676,95.98404476189644,-96.34610623135337,0.0,493.2880579735782,495.14879013566326,988.4368481092415,240.87957992157908,4.103448073228281,988.4368481092415,0.0
0.0585,0.0,4.615118943629466,-4.615118943629466,-13.160785683350333,96.27224235357345,-95.67199215759258,-0.0,444.30784943166384,441.53762338127524,885.8454728129391,240.37947740261504,3.6851959342985996,885.8454728129391,0.0
0.059000000000000004,0.0,4.105743029853287,-4.105743029853287,-35.52194242871543,96.15435613374423,-95.82824216151297,-0.0,394.78507748615107,393.44613731772483,788.2312148038759,239.88585475128542,3.285859500224042,788.2312148038759,0.0
0.059500000000000004,0.0,5.987602907336524,-5.987602907336524,-59.89534467687017,95.76596027564109,-96.88237453915613,-0.0,573.4085421703027,580.0931874603173,1153.50172963062,239.39141513032334,4.818475754457026,1153.5017296306198,2.2737367544323206e-13
0.06,0.0,5.457551422154298,-5.457551422154298,-80.85690083656498,95.47705197881442,-95.70330268598019,-0.0,521.0709208100784,522.3056956787344,1043.376616488813,238.88852168660551,4.367629759363675,1043.376616488813,0.0
0.0605,-5.19198814084817,5.19198814084817,0.0,-93.05354239985688,95.25832601014149,-87.28704376225707,483.13288860396926,494.58009896170336,-0.0,977.7129875656726,238.35074442409066,4.101992590491163,977.7129875656727,-1.1368683772161603e-13
0.061,-4.7809965034037765,4.7809965034037765,0.0,-96.40240051774329,95.09221688667719,-69.52852508092104,460.89953979506106,454.6355564361172,-0.0,915.5350962311783,237.85106920573136,3.849194789363247,915.5350962311783,0.0
0.0615,-4.325706748899369,4.325706748899369,0.0,-95.36623469593845,95.0618656720973,-45.95479099983466,412.52636504134205,411.2097539007565,-0.0,823.7361189420985,237.36124322278332,3.4703901435541162,823.7361189420985,0.0
0.062,-4.181064455613548,4.181064455613548,0.0,-94.27211882125503,94.96362225579583,-22.682179380955223,394.1578051589264,397.0490255900196,-0.0,791.206830748946,236.8685103570185,3.3402786615933233,791.206830748946,0.0
0.0625,-5.586498993042122,5.586498993042122,0.0,-94.29598375722387,94.4305679010497,-2.4710649250848884,526.7844183076475,527.5362724916099,-0.0,1054.3206907992574,236.36781217826015,4.460508734599305,1054.3206907992574,0.0
0.063,-5.815069920177929,5.815069920177929,0.0,-94.51965885904556,93.84311311066058,17.106444771091788,549.6384250967152,545.7042642656573,0.0,1095.3426893623725,235.86121118559808,4.644013671669194,1095.3426893623725,0.0
0.0635,-5.549660689470569,5.549660689470569,0.0,-94.31008872765076,94.22238637904891,39.228866683873214,523.3889920323248,522.902273755915,0.0,1046.2912657882398,235.3571690634247,4.445546613055506,1046.2912657882398,0.0
0.064,-5.25022197389356,5.25022197389356,0.0,-93.92763704049734,95.17020558523816,62.59880720863856,493.14094394591785,499.66470462358507,0.0,992.8056485695029,234.8590953464023,4.227239516124242,992.805648569503,-1.1368683772161603e-13
0.0645,-4.979441223209234,4.979441223209234,0.0,-93.66605986416108,93.2568123099751,81.72186704179579,466.40463970318757,464.36681556137637,0.0,930.7714552645639,234.3629754069729,3.971495299751477,930.7714552645639,0.0
0.065,-4.56456421706551,0.0,4.56456421706551,-93.46761195569054,83.9259863899584,92.17281686860788,426.63891698750956,0.0,420.7287416645798,847.3676586520894,233.8692816389147,3.6232533521028762,847.3676586520894,0.0
0.0655,-4.374141125228236,0.0,4.374141125228236,-93.31323570363301,65.86468839347002,94.612302625078,408.1652618193769,0.0,413.84756386489306,822.01282568427,233.37378097091064,3.522301529608124,822.01282568427,0.0
0.066,-4.169603223163659,0.0,4.169603223163659,-93.28609285782451,42.92153283803259,93.44694877720349,388.96599345632944,0.0,389.63669881623696,778.6026922725664,232.8822046109345,3.343332710085521,778.6026922725664,0.0
0.0665,-4.054782995147245,0.0,4.054782995147245,-93.15842828638188,20.72192356027872,92.47164606653811,377.73721087026536,0.0,374.95245800387335,752.6896688741388,232.38464437990302,3.238981951163863,752.6896688741388,0.0
0.067,-4.034301030997866,0.0,4.034301030997866,-92.61206569571249,1.41435341885404,92.5346949875376,373.62495211905497,0.0,373.312815391296,746.937767510351,231.88437848438545,3.221164670049768,746.937767510351,0.0
0.0675,-4.18364569909615,0.0,4.18364569909615,-92.06068376346079,-17.486605967232833,92.73249683365121,385.1492836828535,-0.0,387.95991154455226,773.1091952274057,231.3834454580062,3.3412467935944767,773.1091952274057,0.0
0.068,-4.285207258506314,0.0,4.285207258506314,-92.4497770698572,-38.847751077834644,92.51480227544099,396.1664557470427,-0.0,396.44510222999617,792.6115579770388,230.8836735117417,3.4329476221571387,792.6115579770388,0.0
0.0685,-4.525186661618219,0.0,4.525186661618219,-93.35712191859689,-61.3355942434887,92.14030791980132,422.45840287310045,-0.0,416.95209239608045,839.410495269181,230.38891910556237,3.643449947714585,839.410495269181,0.0
0.069,-4.658383370731995,0.0,4.658383370731995,-91.58171896386028,-79.82456262206362,91.88004469154787,426.6227566842977,-0.0,428.0124722932191,854.6352289775168,229.89355268252473,3.717525867973076,854.6352289775168,0.0
0.0695,0.0,-4.014388881277786,4.014388881277786,-82.86374196356392,-90.1422758798032,91.66764447464665,-0.0,361.8661500249567,367.9895727519466,729.8557227769033,229.3658616427535,3.182059080412249,729.8557227769033,0.0
0.07,0.0,-4.082124158759869,4.082124158759869,-65.860912398271,-92.77766327966013,91.50486613359111,-0.0,378.729940667189,373.53422468802,752.264165355209,228.86645884340072,3.2869131158704965,752.264165355209,0.0
0.07050000000000001,0.0,-4.121674223680545,4.121674223680545,-43.931297123440935,-91.73849888139631,91.46382383647553,-0.0,378.11620615859766,376.98408510605935,755.100291264657,228.37129853019664,3.3064588068837955,755.100291264657,0.0
0.07100000000000001,0.0,-4.249019952907168,4.249019952907168,-22.35940961669319,-90.69788786269851,91.35799005464187,-0.0,385.3771352151428,388.1819225996679,773.5590578148108,227.86992502219994,3.394739598652379,773.5590578148108,0.0
0.07150000000000001,0.0,-4.431512903768792,4.431512903768792,-3.558776711292216,-90.67351886401741,90.86574674234095,-0.0,401.8208688760161,402.672729199271,804.4935980752871,227.36609785613047,3.538318182266308,804.4935980752871,0.0
0.07200000000000001,0.0,-4.6429539282339585,4.6429539282339585,14.442726221570895,-90.88903790114331,90.27236832492997,0.0,421.9936155565185,419.1304471252164,841.1240626817348,226.8625923142519,3.7076366539821732,841.1240626817348,0.0
0.0725,0.0,-4.869495838024765,4.869495838024765,34.56759540314825,-90.72681815917039,90.47103508459806,0.0,441.79386342330986,440.5483288062427,882.3421922295526,226.36088554551603,3.8979446033848175,882.3421922295526,0.0
0.073,0.0,-5.071213335895517,5.071213335895517,56.28034790664727,-90.35622394586112,91.39875531993047,0.0,458.21568785541274,463.50258686268273,921.7182747180955,225.86432993632334,4.080849220317127,921.7182747180955,0.0
0.0735,0.0,-5.273397600015445,5.273397600015445,75.17188959101672,-90.07593053191994,90.51321945459438,0.0,475.00619588618457,477.3121942415293,952.3183901277139,225.3708719516969,4.225561102376272,952.318390127714,-1.1368683772161603e-13
0.074,3.750886739131102,-3.750886739131102,0.0,86.83434618688248,-89.85408273438118,83.78054227859558,325.7057976134969,337.0324873851793,0.0,662.7382849986761,224.82871831956854,2.947747467281599,662.7382849986761,0.0
0.0745,4.124005073818116,-4.124005073818116,0.0,90.76772924650295,-89.66862233675388,69.14238387602661,374.3265759515272,369.7938534790535,0.0,744.1204294305808,224.31876335737127,3.3172455941418173,744.1204294305808,0.0
0.075,4.405390391062687,-4.405390391062687,0.0,90.23024120348596,-89.59312520267102,48.78000146783601,397.49943758110555,394.6926928731231,0.0,792.1921304542286,223.82095213147372,3.5394011280449313,792.1921304542286,0.0
0.0755,4.764854583666899,-4.764854583666899,0.0,89.01096124613518,-89.53662926378856,27.569442544548735,424.124286690244,426.62901835364676,0.0,850.7533050438908,223.3200279822963,3.8095701166190707,850.7533050438907,1.1368683772161603e-13
0.076,5.188976376969037,-5.188976376969037,0.0,88.73680476896078,-89.17536104838325,8.798766544785655,460.4531837138509,462.7288418877455,0.0,923.1820256015964,222.8186700350457,4.143198707076005,923.1820256015963,1.1368683772161603e-13
0.0765,5.644317596054071,-5.644317596054071,0.0,88.96675517060572,-88.547102080674,-8.34159999586211,502.1566216732844,499.7879663535443,-0.0,1001.9445880268287,222.32069621529425,4.5067535550381255,1001.9445880268285,2.2737367544323206e-13
0.077,5.508326172689576,-5.508326172689576,0.0,88.93906705136797,-88.39879787243389,-26.7951627025639,489.9053908136433,486.92941195502317,-0.0,976.8348027686665,221.82682866616184,4.403591795646835,976.8348027686665,0.0
0.0775,4.09890068192502,-4.09890068192502,0.0,88.60086569462739,-89.17909527413626,-47.418440527297584,363.1661488148553,365.5362544326134,-0.0,728.7024032474687,221.32507157775768,3.2924530332364776,728.7024032474689,-1.1368683772161603e-13
0.078,4.544943319406122,-4.544943319406122,0.0,88.27530145539784,-89.4087386433602,-67.13887281689313,401.2062416182719,406.3576493936679,-0.0,807.5638910119399,220.82543023232785,3.6570239675852156,807.5638910119399,0.0
0.0785,5.105153469020137,-5.105153469020137,0.0,88.05312032564733,-85.59749029165961,-81.37012785754467,449.524692688526,436.98832450188354,-0.0,886.5130171904095,220.32236618776633,4.023708679830047,886.5130171904095,0.0
0.079,5.748170465679871,0.0,-5.748170465679871,87.85224543708219,-74.70987402681229,-87.99064375743271,504.989682565095,-0.0,505.7852197026336,1010.7749022677285,219.8117719665294,4.598365652689606,1010.7749022677287,-2.2737367544323206e-13
0.0795,4.865863660057077,0.0,-4.865863660057077,87.72315341458547,-57.078194762259905,-88.838002500739,426.8489043456433,-0.0,432.27360800040555,859.1225123460488,219.32359592929663,3.9171458442757077,859.1225123460488,0.0
0.08,4.358559916317355,0.0,-4.358559916317355,87.68300655069523,-36.53275186932295,-87.60492527567344,382.17163769405227,-0.0,381.83131577852737,764.0029534725796,218.8199516568311,3.491468431867415,764.0029534725796,0.0
0.0805,5.013222275144787,0.0,-5.013222275144787,87.50257987286665,-17.27341120290783,-86.8621526177079,438.669882551291,-0.0,435.4592783701193,874.1291609214103,218.31593500421755,4.003964075753441,874.1291609214102,1.1368683772161603e-13
0.081,5.708998037678903,0.0,-5.708998037678903,86.96898004180368,-0.3938646362672218,-86.94738947609103,496.50573639759284,-0.0,496.382475900307,992.8882122978998,217.8190405911056,4.5583168927907005,992.8882122978999,-1.1368683772161603e-13
0.0815,4.315713249639856,0.0,-4.315713249639856,86.46662932434394,16.298236148730595,-87.09631486660335,373.16517782676925,0.0,375.8827200646048,749.0478978913741,217.32332444031368,3.4466981389155715,749.0478978913741,0.0
0.082,4.658101710599402,0.0,-4.658101710599402,86.74502699241252,35.04481272692289,-86.88734364447926,404.06715861934805,0.0,404.7300840597869,808.797242679135,216.81355181431923,3.730381407947207,808.7972426791349,1.1368683772161603e-13
0.0825,5.37118963598207,0.0,-5.37118963598207,87.5756973360636,54.951069754479015,-86.52981215161124,470.3856778953674,0.0,464.76803023220964,935.153708127577,216.317672679268,4.323057365331957,935.1537081275769,1.1368683772161603e-13
0.083,5.650904047245455,0.0,-5.650904047245455,86.65585792383938,72.13220458412941,-86.2635453929572,489.68393825935107,0.0,487.4670177908039,977.150956050155,215.83277182855207,4.527352115119756,977.150956050155,0.0
0.0835,1.5694894526836491,3.546215771450681,-5.11570522413433,80.56533118011399,82.9137035957063,-86.05405240814996,126.44643753915403,294.0298833604807,440.22716546230214,860.7034863619369,215.32047169301788,3.99731376953809,860.7034863619368,1.1368683772161603e-13
0.084,0.0,5.2194026933725794,-5.2194026933725794,67.50292870027081,86.8245841194393,-85.86661045415173,0.0,453.17246820395553,448.1724178751736,901.3448860791291,214.81710168497324,4.195871180689053,901.3448860791291,0.0
0.0845,0.0,5.959449181381907,-5.959449181381907,49.13771348961599,86.53406474828905,-85.77520194544562,0.0,515.6953613258402,511.17295701665364,1026.8683183424937,214.33241192477868,4.791008084688935,1026.8683183424937,0.0
0.085,0.0,4.351793180727053,-4.351793180727053,29.534070849657233,85.33393320916643,-85.72101407824373,0.0,371.35562862426826,373.0401245107087,744.395753134977,213.82949639986109,3.4812585058094943,744.395753134977,0.0
0.0855,0.0,5.28190191349749,-5.28190191349749,11.875010382627051,84.90205318792655,-85.4402655850254,0.0,448.4443171931749,451.28710228327935,899.7314194764542,213.32548035244193,4.217646283931853,899.7314194764543,-1.1368683772161603e-13
0.08600000000000001,0.0,5.08404473325902,-5.08404473325902,-3.919032841864466,85.07358183594881,-84.86310598430208,-0.0,432.5178956725358,431.447827027493,863.9657227000289,212.83451604328744,4.059330877160502,863.9657227000289,0.0
0.08650000000000001,0.0,4.702549134214404,-4.702549134214404,-20.25625158035992,85.12249016805345,-84.50201946028905,-0.0,400.2926924419539,397.37489845235103,797.6675908943049,212.32246786540287,3.7568684977793714,797.6675908943049,0.0
0.08700000000000001,0.0,5.695650009057316,-5.695650009057316,-38.64883523506832,84.85493785728656,-84.9767238620256,-0.0,483.3040275754122,483.99767803440716,967.3017056098194,211.82639723101374,4.566483300732812,967.3017056098194,0.0
0.08750000000000001,0.0,4.13190775177548,-4.13190775177548,-57.47500478570665,84.51236734675219,-85.65966324816601,-0.0,349.1973057609423,353.93782658957434,703.1351323505166,211.33384015264755,3.3271298711206803,703.1351323505166,0.0
0.088,0.0,5.13501858363993,-5.13501858363993,-72.91467469281783,84.26195698670242,-84.07277492375682,-0.0,432.6867150205853,431.7152616116684,864.4019766322538,210.83171871965646,4.099961722465733,864.4019766322536,1.1368683772161603e-13
0.0885,-5.135047525615283,5.135047525615283,0.0,-82.0323237903903,84.06268080626539,-77.17374247544892,421.2398813003154,431.6658610708004,-0.0,852.9057423711158,210.3375825389503,4.054937458517071,852.9057423711158,0.0
0.089,-4.807247269718162,4.807247269718162,0.0,-84.95667892228084,83.87836684328792,-63.76722287274904,408.4077627934571,403.22404999581425,-0.0,811.6318127892714,209.82602123607964,3.86811801514402,811.6318127892714,0.0
0.0895,-5.867912201012296,5.867912201012296,0.0,-84.40433132565103,83.79413461035622,-45.851406968869945,495.27720560407204,491.696624853376,-0.0,986.973830457448,209.3386651227452,4.714723053568429,986.973830457448,0.0
0.09,-4.458940105579881,4.458940105579881,0.0,-83.28374952650675,83.72581827605391,-27.224487188836683,371.3572509068104,373.3284089835898,-0.0,744.6856598904002,208.8366961793859,3.5658755071030823,744.6856598904001,1.1368683772161603e-13
0.0905,-5.654774546569348,5.654774546569348,0.0,-82.93014936506057,83.42461690101116,-10.55606635213965,468.95129777273866,471.74740020913697,-0.0,940.6986979818756,208.33679710856407,4.515278678742856,940.6986979818756,0.0
0.091,-4.330753341654679,4.330753341654679,0.0,-83.09171654690401,82.85354817649235,4.468109783192059,359.84972909932793,358.81828063329124,0.0,718.6680097326191,207.83533084457545,3.457872185697134,718.6680097326191,0.0
0.0915,-5.584938878353817,5.584938878353817,0.0,-83.12336091340502,82.5202535609049,20.095599024119466,464.23889006471177,460.87057236391286,0.0,925.1094624286246,207.33290406092826,4.461951983061819,925.1094624286246,0.0
0.092,-4.288707983366214,4.288707983366214,0.0,-82.8561059825589,82.96919733748511,37.64459173313147,355.34564319803746,355.83065899475923,0.0,711.1763021927967,206.8347385661201,3.4383793898598456,711.1763021927967,0.0
0.0925,-5.526260478483028,5.526260478483028,0.0,-82.51729872216012,83.62571621220451,55.61366258458961,456.01208671945153,462.1374904883432,0.0,918.1495772077947,206.33761983885105,4.449743958105488,918.1495772077946,1.1368683772161603e-13
0.093,-4.232015464263074,4.232015464263074,0.0,-82.26961767591197,82.26157567695813,70.53144606968054,348.1662942434702,348.13226037953393,0.0,696.2985546230041,205.84519899583023,3.3826319876282804,696.2985546230042,-1.1368683772161603e-13
0.0935,-5.561001625372878,0.0,5.561001625372878,-82.06712185936088,76.06872695701078,79.62652826822179,456.3753980495799,0.0,442.8032531223808,899.1786511719607,205.34451115113941,4.3788784327920975,899.1786511719607,0.0
0.094,-4.389435213643294,0.0,4.389435213643294,-81.88117960249652,63.80082584022602,82.83972257264111,359.4121330818492,0.0,363.61959534879213,723.0317284306414,204.842465063405,3.5296964826450457,723.0317284306412,1.1368683772161603e-13
0.0945,-5.71659195224659,0.0,5.71659195224659,-81.7788229443528,47.03194733512384,82.51315662674538,467.496161107886,0.0,471.69404712691505,939.190208234801,204.35001863086381,4.59598787671924,939.190208234801,0.0
0.095,-4.543476144803886,0.0,4.543476144803886,-81.71554684453386,29.17370833429805,81.39105731009776,371.27263774774406,0.0,369.7983272887952,741.0709650365393,203.85017086034418,3.6353708309827217,741.0709650365392,1.1368683772161603e-13
0.0955,-5.998234149473026,0.0,5.998234149473026,-81.47150823584329,12.946687841421907,80.91872580829555,488.6851829093081,0.0,485.36946447516266,974.0546473844707,203.35605460866358,4.789897449864141,974.0546473844707,0.0
0.096,-4.918853688908336,0.0,4.918853688908336,-80.93966075649985,-1.499318560914878,81.02159228027782,398.13034889109855,-0.0,398.5333580690717,796.6637069601702,202.8460222014471,3.9274307591252673,796.6637069601702,0.0
0.0965,-4.495785225701696,0.0,4.495785225701696,-80.51168834863222,-16.071160147927657,81.10569863395074,361.96325897408013,-0.0,364.63380163872995,726.5970606128101,202.354616920756,3.590711552172553,726.5970606128101,0.0
0.097,-5.389929295006872,0.0,5.389929295006872,-80.7435876187523,-32.358669397912585,80.89071950181105,435.20222829026716,-0.0,435.995258736995,871.1974870272622,201.8452931355033,4.316164491596084,871.1974870272622,0.0
0.0975,-4.326904454642264,0.0,4.326904454642264,-81.45695818779589,-49.628459800671884,80.55386146136522,352.4564752443827,-0.0,348.54886199581694,701.0053372401997,201.35153383505522,3.481499861900505,701.0053372401997,0.0
0.098,-5.841136544850516,0.0,5.841136544850516,-80.98324430396524,-64.98297011423439,80.2830505158185,473.03418782444874,-0.0,468.94426030002757,941.9784481244762,200.85984992550755,4.6897299210062435,941.9784481244765,-2.2737367544323206e-13
0.0985,-4.927040089178057,0.0,4.927040089178057,-76.73473795930872,-75.46593714370846,80.07020205495746,378.07513015808723,-0.0,394.50909547336266,772.58422563145,200.34796562486167,3.856211982097501,772.5842256314498,1.1368683772161603e-13
0.099,0.0,-4.854446440673692,4.854446440673692,-66.94834824793553,-80.18812834181874,79.8579864036568,-0.0,389.2689742132271,387.6663178565998,776.9352920698269,199.80657928626252,3.8884369816306856,776.9352920698269,0.0
0.0995,0.0,-4.443283074395335,4.443283074395335,-52.21885175295628,-80.74640439329646,79.72087773821612,-0.0,358.7791319590153,354.2224267301556,713.0015586891709,199.32202219244988,3.5771338803734984,713.0015586891708,1.1368683772161603e-13
0.1,0.0,-5.5106199242271,5.5106199242271,-35.24694916409122,-79.70336187014641,79.65251836910689,-0.0,439.21493394951136,438.9347547396655,878.1496886891769,198.81869456332154,4.416836608941197,878.1496886891767,1.1368683772161603e-13
0.1005,0.0,-4.627956795035059,4.627956795035059,-19.02913564458881,-78.9297409824473,79.50837271219406,-0.0,365.28343111007416,367.9613137555786,733.2447448656528,198.31797338467783,3.697318666338811,733.2447448656528,0.0
0.101,0.0,-4.726814792180749,4.726814792180749,-4.732356860962234,-78.85139860520577,79.1019628673352,-0.0,372.7159573112271,373.9003281718523,746.6162854830794,197.82579940309117,3.774109786164792,746.6162854830794,0.0
0.1015,0.0,-5.566602872296102,5.566602872296102,8.766830349881069,-78.9887140767272,78.56274714796511,0.0,439.6988026584852,437.327613929335,877.0264165878202,197.31627699813484,4.444774804848514,877.0264165878201,1.1368683772161603e-13
0.10200000000000001,0.0,-4.770743791544769,4.770743791544769,23.344902481791852,-78.91058260134153,78.41887761710987,0.0,376.46217203253076,374.116373531736,750.5785455642667,196.81281934824614,3.8136669554851097,750.5785455642667,0.0
0.10250000000000001,0.0,-4.094699680416751,4.094699680416751,39.490578618002765,-78.61347462353746,78.96082401822612,0.0,321.89856941744915,323.3208608728738,645.219430290323,196.32232080527388,3.2865311883221695,645.219430290323,0.0
0.10300000000000001,0.0,-5.758702495118651,5.758702495118651,55.42878019518435,-78.29836675358918,79.38901585732263,0.0,450.89699998760926,457.177723702578,908.0747236901873,195.82404011270333,4.637197369472919,908.0747236901873,0.0
0.10350000000000001,0.0,-4.989891098811909,4.989891098811909,68.23694893826885,-78.06318118256189,77.68164608074225,0.0,389.5267729278069,387.6229543193528,777.1497272471597,195.32304102242796,3.9787918679697576,777.1497272471597,0.0
0.10400000000000001,4.2000289844177505,-4.2000289844177505,0.0,75.90865986532486,-77.86926988703611,71.62156864677857,318.8185716026729,327.053190521,0.0,645.8717621236729,194.84075797189726,3.314869890912813,645.8717621236729,0.0
0.1045,5.5481776120111705,-5.5481776120111705,0.0,78.60692510205132,-77.68511522620129,60.359822490617056,436.12518200024004,431.0108170845181,0.0,867.1359990847582,194.3438730889271,4.461864350557517,867.1359990847582,0.0
0.105,5.414333888405484,-5.414333888405484,0.0,78.30340559792495,-77.56829711466993,45.27551444703642,423.96078250640477,419.98065973386275,0.0,843.9414422402675,193.84173423118327,4.353765434402015,843.9414422402675,0.0
0.1055,4.743727834605459,-4.743727834605459,0.0,77.25893370921142,-77.49565733349138,29.16280462677293,366.4953543083242,367.61830675392974,0.0,734.1136610622539,193.343960095174,3.796930924042752,734.113661062254,-1.1368683772161603e-13
0.106,4.127028147441847,-4.127028147441847,0.0,76.72908055652596,-77.28651670779723,14.340547666839413,316.6630751841156,318.9636298708138,0.0,635.6267050549294,192.8489344806866,3.2959824578060397,635.6267050549294,0.0
0.1065,5.460475722572922,-5.460475722572922,0.0,76.7583462710402,-76.82332155065916,1.18782977249034,419.1370863178608,419.4918822547875,0.0,838.6289685726483,192.35113503604714,4.3598857288546125,838.6289685726483,0.0
0.107,5.61390245804942,-5.61390245804942,0.0,76.85148622564344,-76.34154328379923,-11.692006614357224,431.43674742689086,428.57397749220667,-0.0,860.0107249190976,191.84254501530881,4.482898852548425,860.0107249190975,1.1368683772161603e-13
0.1075,5.075996670304456,-5.075996670304456,0.0,76.70724774402453,-76.33692309360003,-25.84516758434527,389.3657341368875,387.4859674444011,-0.0,776.8517015812886,191.33862135944736,4.0600883191371,776.8517015812887,-1.1368683772161603e-13
0.108,4.532227808359542,-4.532227808359542,0.0,76.39485714736949,-76.91767895045245,-41.269162362979735,346.2388959789627,348.608443493712,-0.0,694.8473394726748,190.84240772858428,3.640948297303424,694.8473394726748,0.0
0.1085,4.083461118662393,-4.083461118662393,0.0,76.10176017731649,-77.14248921193443,-56.04826725930382,310.75857874584193,315.00835529376735,-0.0,625.7669340396093,190.35514978563106,3.2873654048462484,625.7669340396093,0.0
0.109,5.659202477171722,-5.659202477171722,0.0,75.878442195457,-75.06787834288434,-67.5590747693201,429.4114680364616,424.8243230740765,-0.0,854.2357911105381,189.85818158424715,4.499336209703882,854.235791110538,1.1368683772161603e-13
0.1095,5.647102299353243,0.0,-5.647102299353243,75.67984595756779,-68.78993983919082,-74.23179404101204,427.3718321216803,-0.0,419.19453481411546,846.5663669357957,189.36223460796978,4.470618804686232,846.5663669357957,0.0
0.11,5.216536761386671,0.0,-5.216536761386671,75.49554976579317,-57.76267814385116,-76.44722183278434,393.82531067435696,-0.0,398.7897429966012,792.6150536709581,188.85912780955155,4.196858594360572,792.6150536709581,0.0
0.1105,4.752648502745951,0.0,-4.752648502745951,75.38182793564009,-43.37815739459007,-76.0601999384447,358.2633316725728,-0.0,361.4873953560069,719.7507270285797,188.36561934671056,3.821030236434963,719.7507270285797,0.0
0.111,4.340998241883619,0.0,-4.340998241883619,75.30323779321782,-28.161760686306348,-75.06451526520081,326.8912228685026,-0.0,325.8549287940828,652.7461516625854,187.87147006699968,3.474429360827377,652.7461516625854,0.0
0.1115,4.051614440598,0.0,-4.051614440598,75.09523016601241,-14.159572242232048,-74.5512043831756,304.25691896064643,-0.0,302.0527362428472,606.3096552034935,187.375476229741,3.23580047615248,606.3096552034935,0.0
0.112,5.047777090407501,0.0,-5.047777090407501,74.65180042987042,-1.7133697079800025,-74.55833974123756,376.82564796757276,-0.0,376.3538792446381,753.1795272122108,186.87606860854086,4.030369071975372,753.1795272122107,1.1368683772161603e-13
0.1125,5.965356915501044,0.0,-5.965356915501044,74.17446372964727,10.401227410505804,-74.64541321497236,442.4771501632327,0.0,445.2865319323684,887.7636820956011,186.37204767123265,4.763395011153442,887.763682095601,1.1368683772161603e-13
0.113,5.733288299946917,0.0,-5.733288299946917,74.1034366381374,23.613250376650864,-74.51886371512222,424.85636626329085,0.0,427.2381294632491,852.0944957265399,185.8671727368844,4.5844270571262955,852.0944957265399,0.0
0.1135,5.4540378430957315,0.0,-5.4540378430957315,74.59885851696261,38.07995341782252,-74.21958101465493,406.86499740325837,0.0,404.7964035526375,811.6614009558959,185.3661921438898,4.378691667388014,811.6614009558958,1.1368683772161603e-13
0.114,5.161935144083417,0.0,-5.161935144083417,74.9484709794958,52.255156428484504,-73.91907036570038,386.87914634437544,0.0,381.5654471386838,768.4445934830592,184.8705160034306,4.156663864500706,768.4445934830594,-2.2737367544323206e-13
0.1145,4.907453675691307,0.0,-4.907453675691307,73.51494849923236,63.79117153717139,-73.68792331917922,360.771204230815,0.0,361.6200701467652,722.3912743775802,184.3744991079942,3.9180650137221624,722.3912743775802,0.0
0.115,0.0,5.167186181000029,-5.167186181000029,68.49262237300634,71.02167746979738,-73.47758660371265,0.0,366.9822303733782,379.6723701119369,746.6546004853151,183.85220826907945,4.0611674317914,746.6546004853151,0.0
0.1155,0.0,5.0339605839157935,-5.0339605839157935,59.09269389899168,73.95069831589845,-73.2838382004335,0.0,372.26490047528085,368.9079529390447,741.1728534143256,183.34732448923995,4.042452517259518,741.1728534143257,-1.1368683772161603e-13
0.116,0.0,4.832621016269881,-4.832621016269881,46.16477177694282,74.01737052317975,-73.14576381692328,0.0,357.69790035935324,353.4857554727765,711.1836558321297,182.8537092692378,3.889358650006751,711.1836558321297,0.0
0.1165,0.0,4.67058492064243,-4.67058492064243,31.816553437963297,73.07776903588737,-73.06216799226412,0.0,341.3159260932058,341.24306009411276,682.5589861873186,182.3585798770303,3.742949668985073,682.5589861873186,0.0
0.117,0.0,4.565726457320441,-4.565726457320441,18.14648860322436,72.38895775321006,-72.91235805004094,0.0,330.5081796316828,332.8978822146929,663.4060618463757,181.85942899699478,3.6479057781344872,663.4060618463758,-1.1368683772161603e-13
0.11750000000000001,0.0,4.49909851743634,-4.49909851743634,6.00090390393796,72.24920980207855,-72.55694949827429,0.0,325.0563127064787,326.44086391738927,651.497176623868,181.3583980752406,3.5923187651535153,651.497176623868,0.0
0.11800000000000001,0.0,4.457672572180222,-4.457672572180222,-5.316954705875953,72.34088835164043,-72.06434988987793,-0.0,322.47199385225923,321.2392759361077,643.711269788367,180.85700890532098,3.559227666566968,643.711269788367,0.0
0.11850000000000001,0.0,4.438232127101614,-4.438232127101614,-17.187607134313225,72.30654129821596,-71.7793344819523,-0.0,320.9132145893417,318.5733483597734,639.4865629491151,180.35562570493275,3.5456978979703937,639.4865629491152,-1.1368683772161603e-13
0.11900000000000001,0.0,4.429424300911277,-4.429424300911277,-30.3387066301772,72.0673840815168,-72.0211842853393,-0.0,319.2170223537771,319.0123838538913,638.2294062076685,179.85570793264574,3.548563532088063,638.2294062076685,0.0
0.11950000000000001,0.0,4.411985887366108,-4.411985887366108,-44.038840584605616,71.75690908726713,-72.55295454614777,-0.0,316.5904702140354,320.1026115443187,636.6930817583541,179.35970272396108,3.549811201116006,636.6930817583541,0.0
0.12,0.0,4.395798845946682,-4.395798845946682,-56.39067939404757,71.49582737054939,-72.2774357922945,-0.0,314.2812754454642,317.7170688437535,631.9983442892177,178.86620682187487,3.533358008305043,631.9983442892177,0.0
0.1205,0.0,4.4692791587176695,-4.4692791587176695,-65.45840798211877,71.2841004327051,-69.55290862321968,-0.0,318.5885444118261,310.85136493795017,629.4399093497763,178.36363922259056,3.52896987353045,629.4399093497763,0.0
0.121,-5.411549345879388,5.411549345879388,0.0,-70.39032075894049,71.0676767267093,-63.06603594614154,380.92069425928474,384.5862395035915,-0.0,765.5069337628763,177.8207736357902,4.304935346478561,765.5069337628762,1.1368683772161603e-13
0.1215,-5.5015865780039315,5.5015865780039315,0.0,-71.84532699922856,70.88966210264512,-52.74612865233259,395.26328671125935,390.00561354314635,-0.0,785.2689002544057,177.3234464897033,4.428454983250081,785.2689002544056,1.1368683772161603e-13
0.122,-5.582415672447475,5.582415672447475,0.0,-71.35831740624639,70.77236457893744,-39.87217327051653,398.3517894481113,395.0807572016269,-0.0,793.4325466497382,176.83037652780084,4.486969729010314,793.4325466497382,0.0
0.1225,-5.715591051189675,5.715591051189675,0.0,-70.45576333096848,70.6787872950917,-26.45342920447278,402.69633039922104,403.97104417276455,-0.0,806.6673745719856,176.33439897889363,4.574645555508088,806.6673745719856,0.0
0.123,-5.898375294098675,5.898375294098675,0.0,-69.96083407283636,70.47762882178273,-14.065241775987044,412.65525524975476,415.70350462906,-0.0,828.3587598788147,175.83597287812736,4.710974360479431,828.3587598788147,0.0
0.1235,-5.678562902242831,5.678562902242831,0.0,-69.91727787569664,70.07974287498799,-3.0171604096690112,397.0296603707344,397.95222808862314,-0.0,794.9818884593576,175.3370983802258,4.534019872596535,794.9818884593575,1.1368683772161603e-13
0.124,-5.002668954588214,5.002668954588214,0.0,-69.98598873687831,69.61560174053916,7.578410484105205,350.1167331101415,348.26380958237246,0.0,698.3805426925139,174.83653738277368,3.994477087838529,698.3805426925139,0.0
0.1245,-4.27294098696756,4.27294098696756,0.0,-69.89807146385077,69.42029910059486,18.906802630849896,298.6703344678756,296.62884135447905,0.0,595.2991758223546,174.33376239248685,3.414709621663106,595.2991758223546,0.0
0.125,-4.169947508556737,4.169947508556737,0.0,-69.63715663844084,69.71601469102228,31.376959818768363,290.3832878274416,290.7121217673332,0.0,581.0954095947748,173.8308209365355,3.3428790502400547,581.0954095947748,0.0
0.1255,-4.428550111714245,4.428550111714245,0.0,-69.33459845691975,70.17669890892866,44.126247316723486,307.0517437420543,310.781027792873,0.0,617.8327715349274,173.33261306466883,3.564434647416406,617.8327715349272,1.1368683772161603e-13
0.126,-4.694625030314277,4.694625030314277,0.0,-69.0835787571897,69.74574426642236,55.417131528644084,324.32149801719044,327.4301167910449,0.0,651.7516148082353,172.83714233669667,3.770900201176583,651.7516148082352,1.1368683772161603e-13
0.1265,-5.0581971321539845,5.0581971321539845,0.0,-68.87403295257769,66.97411695068904,63.61427702221535,348.37843596060753,338.76828628852087,0.0,687.1467222491284,172.3333533742998,3.9873112708291503,687.1467222491284,0.0
0.127,-5.265924557748566,0.0,5.265924557748566,-68.66305516328798,60.76957260947184,68.06976915163654,361.57446839440263,0.0,358.4502690158786,720.0247374102812,171.80390517366104,4.190968399015571,720.0247374102811,1.1368683772161603e-13
0.1275,-4.240359551493419,0.0,4.240359551493419,-68.48296325103,51.112577900385844,69.40133460191569,290.39238733607783,0.0,294.2866120656239,584.6789994017017,171.30486781063152,3.4130903976881353,584.6789994017017,0.0
0.128,-4.272877019956667,0.0,4.272877019956667,-68.35655506036876,39.13228901783129,68.95972287906487,292.07915328085227,0.0,294.65641519253626,586.7355684733885,170.8067047298929,3.435085112151946,586.7355684733885,0.0
0.1285,-4.68050696272018,0.0,4.68050696272018,-68.25626067429262,26.58494634745053,68.09366404177825,319.4739033352702,0.0,318.7128686646719,638.186771999942,170.3066743824775,3.747279866241131,638.1867719999422,-1.1368683772161603e-13
0.129,-5.137318064936543,0.0,5.137318064936543,-68.07031492412611,14.900679523036688,67.56804122484348,349.6988585456326,0.0,347.1185187967655,696.8173773423981,169.80572158943664,4.103615418962102,696.8173773423981,0.0
0.1295,-5.625948667087882,0.0,5.625948667087882,-67.70870872749691,4.468534942635731,67.47390311981766,380.9257196157029,0.0,379.60471532015504,760.530434935858,169.3067456783819,4.492026775947694,760.530434935858,0.0
0.13,-5.623724527714861,0.0,5.623724527714861,-67.25495081796727,-5.38464525963019,67.53239857560432,378.22331652525924,-0.0,379.7836062850422,758.0069228103014,168.81086825167847,4.49027323098769,758.0069228103015,-1.1368683772161603e-13
0.1305,-4.17317114873604,0.0,4.17317114873604,-66.9810559952279,-15.722802733092932,67.47532477959534,279.5234103911583,-0.0,281.5860786218013,561.1094890129596,168.3085201688066,3.3338151179167257,561.1094890129596,0.0
0.131,-4.48421822436334,0.0,4.48421822436334,-67.1350248029238,-27.100079012932632,67.2464266912767,301.0481017143557,-0.0,301.5476520923363,602.5957538066921,167.80236770161957,3.5911039996658873,602.595753806692,1.1368683772161603e-13
0.1315,-5.0278237842118365,0.0,5.0278237842118365,-67.580811017979,-39.02801854939759,66.94916087292131,339.7844089925202,-0.0,336.60858336989827,676.3929923624185,167.30375187899597,4.042903908405032,676.3929923624186,-1.1368683772161603e-13
0.132,-5.569233492052889,0.0,5.569233492052889,-67.56725067207141,-50.1317670298537,66.68562953819112,376.29779540883317,-0.0,371.3878414627254,747.6856368715586,166.81240931409747,4.4821943400128745,747.6856368715586,0.0
0.1325,-5.549444295884426,0.0,5.549444295884426,-65.88386596724443,-58.866477117847296,66.47171263661778,365.61884418273866,-0.0,368.88106652894726,734.499910711686,166.32092359059118,4.416160605984254,734.499910711686,0.0
0.133,0.0,-4.261657048741702,4.261657048741702,-61.396909099984406,-64.32066667260983,66.27111371048441,-0.0,274.11262250509316,282.42475887224873,556.537381377342,165.8204756249893,3.356264534157874,556.5373813773418,1.1368683772161603e-13
0.1335,0.0,-4.954118087106715,4.954118087106715,-53.68006843266686,-66.62517861366987,66.07448468584768,-0.0,330.0690024266974,327.34079967841365,657.4098021051111,165.31253126061046,3.9767693174374266,657.4098021051111,0.0
0.134,0.0,-5.589064688198285,5.589064688198285,-43.33262969856065,-66.7740735771683,65.92084938227597,-0.0,373.20461671730544,368.43589149851636,741.6405082158218,164.82093320301072,4.499674245275264,741.6405082158219,-1.1368683772161603e-13
0.1345,0.0,-5.32308484100318,5.32308484100318,-31.72509054626248,-66.02002717251443,65.81514065333897,-0.0,351.4302058446296,350.3395775202808,701.7697833649104,164.3327937684546,4.270418382551849,701.7697833649105,-1.1368683772161603e-13
0.135,0.0,-4.216050598159723,4.216050598159723,-20.33493474802912,-65.30224893312284,65.68436947723366,-0.0,275.31758567566766,276.9286252242352,552.2462108999028,163.82891682865196,3.3708714040848786,552.2462108999028,0.0
0.1355,0.0,-4.9730682948875184,4.9730682948875184,-10.021617012699483,-64.99213914850921,65.42784191768307,-0.0,323.210346616369,325.3771262437422,648.5874728601112,163.3235414257915,3.971181785540738,648.5874728601113,-1.1368683772161603e-13
0.136,0.0,-5.754776726430304,5.754776726430304,-0.6793058646322347,-64.98502496432229,65.0222305501533,-0.0,373.97430923117423,374.18841907060767,748.162728301782,162.82570562956477,4.594868638271915,748.162728301782,0.0
0.1365,0.0,-4.541063779433345,4.541063779433345,8.505498041793068,-65.00651458099584,64.61247017719398,0.0,295.1987287909658,293.4093480213728,588.6080768123386,162.32895713044908,3.6260201951481004,588.6080768123386,0.0
0.137,0.0,-4.618287908484742,4.618287908484742,18.376669091653024,-64.88095342536475,64.45546862577413,0.0,299.63892269532374,297.67391139013034,597.3128340854541,161.8197362910115,3.691223628070098,597.312834085454,1.1368683772161603e-13
0.1375,0.0,-5.451379403081287,5.451379403081287,29.146045209388358,-64.62534830042945,64.70021459136035,0.0,352.29729264191536,352.70541719828117,705.0027098401965,161.32071117429402,4.370193416011524,705.0027098401964,1.1368683772161603e-13
0.138,0.0,-5.275627736090631,5.275627736090631,40.13296500655099,-64.34021820632277,65.0852670037695,0.0,339.43503971539985,343.3656398159508,682.8006795313506,160.83287698662622,4.2454048719661195,682.8006795313505,1.1368683772161603e-13
0.1385,0.0,-4.345124856316799,4.345124856316799,50.04282024380706,-64.08918424737818,64.83153747369165,0.0,278.47550749435,281.7011249501716,560.1766324445216,160.3329339208089,3.49383385400533,560.1766324445216,0.0
0.139,0.0,-5.250682922934176,5.250682922934176,57.61587327313172,-63.87732493722768,62.87444583665633,0.0,335.3995792106187,330.1337790434812,665.5333582540999,159.83034156554675,4.163998848623891,665.5333582540998,1.1368683772161603e-13
0.1395,5.857787700977447,-5.857787700977447,0.0,62.226227212663424,-63.68168382507039,58.32049429430536,364.5080284445679,373.0337842880317,0.0,737.5418127325996,159.3411993459808,4.628695000162262,737.5418127325996,0.0
0.14,4.036916618319079,-4.036916618319079,0.0,64.10001643123336,-63.48897608379328,50.906938177151055,258.76642156577196,256.2997026327277,0.0,515.0661241984997,158.84012370274263,3.242670127620948,515.0661241984997,0.0
0.1405,4.966270456144205,-4.966270456144205,0.0,64.1370260663332,-63.331329807344076,41.23024086557872,318.5218176981814,314.52051217053776,0.0,633.0423298687192,158.3400364379459,3.997992826765648,633.0423298687191,1.1368683772161603e-13
0.14100000000000001,5.923391893793677,-5.923391893793677,0.0,63.41716359245936,-63.21887359441736,30.49682667820882,375.6447127509613,374.47016338393894,0.0,750.1148761349002,157.8507013308127,4.752052856343417,750.1148761349001,1.1368683772161603e-13
0.14150000000000001,4.140113469058963,-4.140113469058963,0.0,62.73358012002322,-63.08612455713108,19.96564738194756,259.7241400171977,261.18371398970976,0.0,520.9078540069074,157.3511233436265,3.310480681280797,520.9078540069074,0.0
0.14200000000000002,5.186049771144411,-5.186049771144411,0.0,62.408695938315965,-62.84296669019493,10.385764773838499,323.65460328832467,325.9067530217213,0.0,649.561356310046,156.8453305808587,4.141413416035211,649.5613563100459,1.1368683772161603e-13
0.14250000000000002,5.358965554570011,-5.358965554570011,0.0,62.37266548348071,-62.46596234508801,1.7141387849091485,334.252965872691,334.752940540394,0.0,669.005906413085,156.352311732583,4.278836040219978,669.005906413085,0.0
0.14300000000000002,4.551357558608528,-4.551357558608528,0.0,62.382048348040705,-62.053659866114224,-6.708390369975083,283.9230072703377,282.4283938709616,-0.0,566.3514011412992,155.84296860004017,3.6341158425620064,566.3514011412992,0.0
0.14350000000000002,5.665023235715864,-5.665023235715864,0.0,62.28162618758355,-61.836273314140655,-15.639628940498916,352.82685951083045,350.30392513468365,-0.0,703.130784645514,155.34304398510818,4.526310072261228,703.130784645514,0.0
0.14400000000000002,4.035274846786452,-4.035274846786452,0.0,62.05183589746473,-61.97021645494683,-25.388257718663105,250.39621259396003,250.06685571055883,-0.0,500.46306830451886,154.8468656827237,3.2319870737968426,500.46306830451886,0.0
0.1445,5.11394116729823,-5.11394116729823,0.0,61.76657689064106,-62.32190150937395,-35.53443421266432,315.8706403241408,318.71053775309315,-0.0,634.581178077234,154.34338230980785,4.111489385424134,634.5811780772341,-1.1368683772161603e-13
0.145,5.4054982563928,-5.4054982563928,0.0,61.511759511399184,-62.35746664507826,-45.07852385761857,332.50170878652153,337.0731772230427,-0.0,669.5748860095642,153.8584683312286,4.351888415840032,669.5748860095642,0.0
0.1455,4.599564197559647,-4.599564197559647,0.0,61.29044212488803,-61.19860269600805,-52.871914754642546,281.9093232502366,281.4869019012359,-0.0,563.3962251514724,153.3543748099561,3.6738190602626064,563.3962251514724,0.0
0.146,5.649405316309845,-5.085775278232628,-0.5636300380772165,61.085742870394306,-57.990158796663785,-58.1577619399443,345.0981205227418,294.92491598885704,32.7794615766965,672.8024980882952,152.84592843227446,4.401834612077429,672.8024980882954,-1.1368683772161603e-13
0.1465,5.413901794262115,0.0,-5.413901794262115,60.887531386641854,-52.27576582839165,-60.86223832511752,329.63911542233114,-0.0,329.50218127116216,659.1412966934934,152.34568376395598,4.326616156154218,659.1412966934932,1.1368683772161603e-13
0.147,4.423840312688288,0.0,-4.423840312688288,60.71254113682762,-44.254843585099444,-61.55117638801999,268.582586966844,-0.0,272.2925753987103,540.8751623655544,151.85682338644483,3.561744216057626,540.8751623655543,1.1368683772161603e-13
0.1475,5.06619029717717,0.0,-5.06619029717717,60.571396982085055,-34.74249377974566,-61.10983097241095,306.8662236771058,-0.0,309.59403273456525,616.460256411671,151.35478245719415,4.0729486469052745,616.460256411671,0.0
0.148,5.163045887511257,0.0,-5.163045887511257,60.456161577094804,-24.855648162129274,-60.38339870413121,312.1379364053354,-0.0,311.7622583533172,623.9001947586526,150.86711098183628,4.13542879358091,623.9001947586526,0.0
0.1485,4.843359813049743,0.0,-4.843359813049743,60.28398373559568,-15.510739919574375,-59.85812407329589,291.97702419552843,-0.0,289.91443262114666,581.8914568166751,150.35820853867523,3.870034516053712,581.8914568166751,0.0
0.149,5.5281166632497145,0.0,-5.5281166632497145,60.00130591527475,-7.0807355918222905,-59.66269560387516,331.694219046974,-0.0,329.82234174217774,661.5165607891518,149.86493532264268,4.414084985023211,661.5165607891518,0.0
0.1495,4.742559532842028,0.0,-4.742559532842028,59.606829679766655,0.6973622625171941,-59.645013981155934,282.6889383202685,0.0,282.87002964282715,565.5589679630957,149.3552454672354,3.7866696023553077,565.5589679630956,1.1368683772161603e-13
0.15,5.66328669513318,0.0,-5.66328669513318,59.24365984131241,8.458797522249323,-59.62394507606113,335.51383055030044,0.0,337.6674948606085,673.1813254109089,148.86097255799785,4.522215016085765,673.1813254109088,1.1368683772161603e-13
0.1505,4.722933267895566,0.0,-4.722933267895566,59.08951642545479,16.778574463523274,-59.48121739798705,279.0758429096419,0.0,280.92582046388156,560.0016633735235,148.3522189154341,3.7748115091742833,560.0016633735235,0.0
0.151,5.641357363581299,0.0,-5.641357363581299,59.2525194128766,25.788826979679783,-59.240392631677814,334.26463670057524,0.0,334.19622519416293,668.4608618947382,147.86012718293566,4.5209000873352725,668.4608618947383,-1.1368683772161603e-13
0.1515,4.741572067685545,0.0,-4.741572067685545,59.55498872617047,35.027555138605685,-58.9618289039773,282.3842710353374,0.0,279.571760990753,561.9560320260904,147.35629041816966,3.8135869899504393,561.9560320260904,0.0
0.152,5.585431590357017,0.0,-5.585431590357017,59.50912581402349,43.61863145211494,-58.71557198582986,332.38415123617705,0.0,327.95181061553563,660.3359618517127,146.87048287236118,4.496042696513651,660.3359618517128,-1.1368683772161603e-13
0.1525,4.806899425974125,0.0,-4.806899425974125,58.36731733634704,50.614692112325336,-58.49725874256161,280.5658241997362,0.0,281.1904394706793,561.7562636704155,146.36589494333737,3.8380270478166256,561.7562636704155,0.0
0.153,5.073853089606761,0.0,-5.073853089606761,55.42929298782265,55.41286865717344,-58.29476482786997,281.2400894809823,0.0,295.77907262978755,577.0191621107699,145.86247189955412,3.955912405681188,577.0191621107698,1.1368683772161603e-13
0.1535,0.0,5.694134915387669,-5.694134915387669,50.30557140189766,57.941652537452164,-58.0843588436996,0.0,329.9275867687669,330.7401757298164,660.6677624985832,145.33287718833986,4.545893367557916,660.6677624985833,-1.1368683772161603e-13
0.154,0.0,4.820124629868864,-4.820124629868864,43.15828604877864,58.67684483492642,-57.89868485385004,0.0,282.82970499182244,279.0788769010579,561.9085818928804,144.8285763025403,3.8798184463201437,561.9085818928803,1.1368683772161603e-13
0.1545,0.0,5.151166971678577,-5.151166971678577,34.63053563504781,58.352463702376255,-57.75402433791915,0.0,300.58328373975354,297.5006226510098,598.0839063907633,144.34382347257227,4.143467257567895,598.0839063907634,-1.1368683772161603e-13
0.155,0.0,5.08890174439042,-5.08890174439042,25.624820199912616,57.669400674327115,-57.62498855074683,0.0,293.47391368953333,293.24790475637354,586.7218184459068,143.83880552362982,4.079023155886263,586.7218184459069,-1.1368683772161603e-13
0.1555,0.0,4.358209642885129,-4.358209642885129,16.97091247071503,57.114977576564186,-57.47400459433867,0.0,248.91904602734994,250.48376103827098,499.4028070656209,143.347228597478,3.4838678916350343,499.40280706562095,-5.684341886080802e-14
0.156,0.0,5.502318003891391,-5.502318003891391,9.089879933840136,56.83830592295876,-57.22650255311095,0.0,312.7424339905827,314.878415297719,627.6208492883018,142.83971361687512,4.393882019196057,627.6208492883018,0.0
0.1565,0.0,4.310435274426897,-4.310435274426897,1.9010693437598138,56.773488811466635,-56.87659340544006,0.0,244.71844882522657,245.16287450404508,489.88132332927165,142.33935825411191,3.4416434733020855,489.8813233292716,5.684341886080802e-14
0.157,0.0,5.971509005514516,-5.971509005514516,-5.058466704412507,56.75519823097992,-56.49858517371387,-0.0,338.9141773460581,337.38181016366127,676.2959875097195,141.84098619605223,4.767987065282703,676.2959875097196,-1.1368683772161603e-13
0.1575,0.0,4.860473342304505,-4.860473342304505,-12.326957085359538,56.65597631488989,-56.23785434595531,-0.0,275.3748625607577,273.3425918769193,548.717454437677,141.33311399999556,3.882440844243298,548.717454437677,0.0
0.158,0.0,4.64170181868327,-4.64170181868327,-20.197536194457285,56.457385667968545,-56.23506963767155,-0.0,262.0583497331124,261.0264250109604,523.0847747440728,140.84090026659976,3.7140118655441574,523.0847747440728,0.0
0.1585,0.0,5.463949503750374,-5.463949503750374,-28.516018771571616,56.192205153199566,-56.45908776591461,-0.0,307.031371461464,308.48960458076795,615.520976042232,140.33551361638953,4.386067077252969,615.5209760422318,1.1368683772161603e-13
0.159,0.0,4.328851935866535,-4.328851935866535,-36.71279841234817,55.93082231614842,-56.65295500591982,-0.0,242.11624845786628,245.2422539499357,487.358502407802,139.8421821160639,3.4850607665955344,487.35850240780195,5.684341886080802e-14
0.1595,0.0,5.7975813032748045,-5.7975813032748045,-44.003047545291025,55.701501406137666,-56.30418145761608,-0.0,322.933983116559,326.4280697148669,649.3620528314259,139.35288279214063,4.659839393491537,649.3620528314259,0.0
0.16,0.0,5.022985576580432,-5.022985576580432,-49.684007710430286,55.490784816560165,-54.78373969648406,-0.0,278.72941176671014,275.1779343265763,553.9073460932864,138.8457397073001,3.9893722865460277,553.9073460932865,-1.1368683772161603e-13
0.1605,-5.417054247421353,5.417054247421353,0.0,-53.40522809779616,55.28844075042791,-51.585359274307976,289.2990177016729,299.5004828004093,-0.0,588.7995005020822,138.34017384373,4.256171465905443,588.7995005020822,0.0
0.161,-4.419959267163401,4.419959267163401,0.0,-55.24986730516213,55.088529169888695,-46.51009342630085,244.20216300499956,243.48905501885088,-0.0,487.6912180238504,137.8339049977698,3.5382529286371263,487.6912180238504,0.0
0.1615,-5.3817704945645986,5.3817704945645986,0.0,-55.673259005966855,54.91171507638716,-39.786098099259455,299.6207026545652,295.52224800403843,-0.0,595.1429506586037,137.3448795814996,4.333200862471538,595.1429506586037,0.0
0.162,-5.250654068974593,5.250654068974593,0.0,-55.279928684907134,54.759314862798,-31.991349697579718,290.25578248203294,287.52221939861124,-0.0,577.7780018806442,136.8430766637245,4.222193887824259,577.7780018806442,0.0
0.1625,-4.252275228970672,4.252275228970672,0.0,-54.64529313044418,54.627941591580736,-23.88366752049953,232.366826358429,232.29304283953547,-0.0,464.65986919796444,136.34975872389836,3.4078525224153724,464.65986919796444,0.0
0.163,-5.569118082380188,5.569118082380188,0.0,-54.130457886732565,54.46994431366641,-16.111696450604608,301.4589118245216,303.3495518234815,-0.0,604.808463648003,135.85481585086598,4.451873567087448,604.8084636480031,-1.1368683772161603e-13
0.1635,-5.262556504272855,5.262556504272855,0.0,-53.85388262662243,54.22950060147747,-9.009432083156456,283.40910029707874,285.3858111137739,-0.0,568.7949114108526,135.34608765039692,4.202522003296226,568.7949114108526,0.0
0.164,-4.346459028214165,4.346459028214165,0.0,-53.76611568802534,53.90142750037656,-2.521100701632205,233.69221894422495,234.28034619264298,-0.0,467.97256513686796,134.84650194827188,3.4704093793725974,467.97256513686796,0.0
0.1645,-5.201958091123489,5.201958091123489,0.0,-53.73325947111333,53.5389410767982,3.713268798553554,279.5181638681958,278.50732772463414,0.0,558.0254915928299,134.3507916238494,4.153496118989533,558.02549159283,-1.1368683772161603e-13
0.165,-5.48971597590088,5.48971597590088,0.0,-53.640578098194254,53.25174728167935,10.137528437265514,294.4715385422158,292.33696779687136,0.0,586.8085063390872,133.84186764394622,4.384341885456565,586.8085063390872,0.0
0.1655,-4.625986804640781,4.625986804640781,0.0,-53.45919336188747,53.16469206133898,17.041588509648715,247.30152307883148,245.9391639485446,0.0,493.2406870273761,133.340231665996,3.699113769825261,493.24068702737605,5.684341886080802e-14
0.166,-4.500108307027087,4.500108307027087,0.0,-53.216075075932935,53.30231042597918,24.3966030668674,239.47810151658294,239.86616993168542,0.0,479.3442714482684,132.84840165997082,3.6082050326443773,479.34427144826833,5.684341886080802e-14
0.1665,-5.840970861238913,5.840970861238913,0.0,-52.954021049385446,53.50671047105251,31.826805770590024,309.30289393489244,312.53113674216473,0.0,621.8340306770572,132.3486378239379,4.698454331689283,621.8340306770572,0.0
0.167,-4.996928316313626,4.996928316313626,0.0,-52.71276452591587,53.4354227249109,38.73774607708918,263.40190569072143,267.0129769082959,0.0,530.4148825990173,131.8508095449209,4.0228413039686926,530.4148825990173,0.0
0.1675,-4.177031699020409,4.177031699020409,0.0,-52.50048240371284,52.61234560105159,44.51795789567347,219.29617921417173,219.76343533540944,0.0,439.05961454958117,131.35909246724032,3.3424379409371943,439.0596145495812,-5.684341886080802e-14
0.168,-5.210274021993958,5.210274021993958,0.0,-52.2974404715864,50.559017066788975,48.73630898670439,272.48399550588204,263.42633320063976,0.0,535.9103287065218,130.856228523218,4.095413223768974,535.9103287065217,1.1368683772161603e-13
0.1685,-4.141960560444042,0.0,4.141960560444042,-52.09120248745905,46.97205180725985,51.279443006194164,215.75970624916,0.0,212.39743049319432,428.1571367423543,130.33974394899928,3.2849315471257037,428.1571367423543,0.0
0.169,-5.2601803833626235,0.0,5.2601803833626235,-51.89804587727514,41.849420123863936,52.37015304167607,272.99308285849617,0.0,275.4764517035229,548.4695345620191,129.84265827873918,4.224108947188946,548.469534562019,1.1368683772161603e-13
0.1695,-5.596411223525698,0.0,5.596411223525698,-51.72216833743244,35.482961463944534,52.43043157150312,289.4585233886924,0.0,293.4222557010562,582.8807790897486,129.34214257943205,4.506503197376585,582.8807790897487,-1.1368683772161603e-13
0.17,-4.863082147344843,0.0,4.863082147344843,-51.572984904149145,28.40669513820639,51.960156324038635,250.80366217265282,0.0,252.68650859267956,503.4901707653324,128.84601732017074,3.9076890480378967,503.4901707653324,0.0
0.1705,-4.157633058378584,0.0,4.157633058378584,-51.43370967573801,21.21701144888005,51.37580490544786,213.8424916628948,0.0,213.60174487569864,427.44423653859343,128.3530480942095,3.330222716836883,427.4442365385935,-5.684341886080802e-14
0.171,-5.082461629534304,0.0,5.082461629534304,-51.26401945627219,14.389233883320173,50.92476926248725,260.54741186220343,0.0,258.8231857694794,519.3705976316828,127.85768492958006,4.0620991840868665,519.3705976316828,0.0
0.1715,-5.791785835414047,0.0,5.791785835414047,-51.02187137255651,8.142920033622122,50.67496260204378,295.5077519118903,0.0,293.4985306086537,589.006282520544,127.351391065716,4.625047889870354,589.006282520544,0.0
0.17200000000000001,-5.165059550000706,0.0,5.165059550000706,-50.70441700356699,2.407721734918774,50.575275185156926,261.8913332714918,0.0,261.2243080890085,523.1156413605004,126.8461305452425,4.1240173359006755,523.1156413605003,1.1368683772161603e-13
0.17250000000000001,-4.554007860897722,0.0,4.554007860897722,-50.357984777927285,-3.104943925458106,50.522064620508004,229.3306585376487,-0.0,230.07787943057616,459.4085379682249,126.34533002565453,3.6361339028117743,459.4085379682249,0.0
0.17300000000000001,-4.08553483265914,0.0,4.08553483265914,-50.07310758673676,-8.747258152605053,50.428659118558734,204.57542522510167,-0.0,206.02804339316566,410.60346861826736,125.8486789473824,3.2626760332537263,410.60346861826736,0.0
0.17350000000000002,-5.278321294698811,0.0,5.278321294698811,-49.94203981936106,-14.764821915003067,50.25806565495453,263.61013227922945,-0.0,265.27821817691745,528.8883504561469,125.34958135916285,4.2193068753913785,528.8883504561468,1.1368683772161603e-13
0.17400000000000002,-5.783484454890595,0.0,5.783484454890595,-49.99871490017969,-21.175597231577687,50.02400706070528,289.166790389696,-0.0,289.31306720692635,578.4798575966224,124.84511537581675,4.633580223425204,578.4798575966223,1.1368683772161603e-13
0.17450000000000002,-5.222790611786309,0.0,5.222790611786309,-50.16261058419118,-27.741849499146614,49.76867338691552,261.98881162180624,-0.0,259.93136012624154,521.9201717480478,124.34497470427321,4.1973563707686505,521.9201717480479,-1.1368683772161603e-13
0.17500000000000002,-4.666021276310279,0.0,4.666021276310279,-50.205323388451646,-34.033520988515704,49.526122171140514,234.25910711455347,-0.0,231.0899397836839,465.34904689823736,123.8512586042387,3.75732190486041,465.34904689823736,0.0
0.17550000000000002,-4.124218423125897,0.0,4.124218423125897,-49.77975663699493,-39.559396306689436,49.30780429674885,205.30258942101815,-0.0,203.35615488453786,408.658744305556,123.36104343847235,3.3127049910969584,408.65874430555607,-5.684341886080802e-14
0.176,-4.757290707009943,0.0,4.757290707009943,-48.500104099230526,-43.91344180907947,49.10378214994343,230.72909452028424,-0.0,233.6009665009666,464.3300610212508,122.86451848176019,3.7792038479374566,464.33006102125086,-5.684341886080802e-14
0.1765,-0.79041391375578,-3.938067471682191,4.728481385437971,-46.046653007492225,-46.880482220219264,48.88970922127022,36.395915219006284,184.61850208822077,231.17407999225136,452.1884972994784,122.3295747312073,3.696477309702617,452.1884972994784,0.0
0.177,0.0,-4.1599687729325385,4.1599687729325385,-42.31355418701987,-48.52656487047185,48.68861097892391,-0.0,201.868994518848,202.54310126978382,404.41209578863186,121.82405984627007,3.3196406054679177,404.41209578863186,0.0
0.1775,0.0,-5.073264814798884,5.073264814798884,-37.38685921120504,-49.09471006360343,48.499572785190146,-0.0,249.07046515843197,246.0511761438827,495.1216413023147,121.32846865884086,4.080836482775773,495.12164130231474,-5.684341886080802e-14
0.178,0.0,-5.987957761152918,5.987957761152918,-31.570198080273418,-48.94728737340261,48.32860549498516,-0.0,293.0942893149484,289.38964835939396,582.4839376743423,120.83216611197528,4.8206032914659,582.4839376743424,-1.1368683772161603e-13
0.1785,0.0,-5.577620543468879,5.577620543468879,-25.30335787849299,-48.45977571851344,48.17597044646841,-0.0,270.2902405794749,268.70728246377183,538.9975230432467,120.33360523621796,4.4791936715033245,538.9975230432468,-1.1368683772161603e-13
0.179,0.0,-5.177109552478539,5.177109552478539,-19.03778589652726,-47.92877149866598,48.02552740409103,-0.0,248.1325007643048,248.63341668653953,496.7659174508443,119.83435059447373,4.145438390465589,496.7659174508443,0.0
0.1795,0.0,-4.802766633844597,4.802766633844597,-13.113359415635223,-47.52295063789452,47.84653052708634,-0.0,228.24164166552362,229.7957203607172,458.0373620262408,119.33437338704894,3.8382684638619846,458.0373620262408,0.0
0.18,0.0,-4.450094295158004,4.450094295158004,-7.677362875330903,-47.28541561025513,47.61073478616989,-0.0,210.42455825137156,211.87225926021537,422.29681751158694,118.83450049905919,3.5536550053907137,422.29681751158694,0.0
0.1805,0.0,-4.115485099963084,4.115485099963084,-2.668914131441869,-47.17130532158981,47.313166044844024,-0.0,194.1328041968122,194.71662988963487,388.8494340864471,118.33542345229307,3.285993515231825,388.84943408644705,5.684341886080802e-14
0.181,0.0,-4.396588830306917,4.396588830306917,2.127696921766083,-47.10022229554532,46.98586119682297,0.0,207.0803112495674,206.57751252030303,413.65782376987045,117.83663623371531,3.5104347594361744,413.6578237698704,5.684341886080802e-14
0.1815,0.0,-4.984390118583199,4.984390118583199,6.981584790682492,-47.00187796772129,46.694044447868436,0.0,234.27569609716338,232.7413337426401,467.0170298398035,117.33588565058747,3.980172197536613,467.01702983980346,5.684341886080802e-14
0.182,0.0,-5.539347099150202,5.539347099150202,12.10199541332173,-46.84287393948356,46.51272120564595,0.0,259.47893787253685,257.650107284077,517.1290451566139,116.8335983698208,4.426201472625301,517.1290451566139,0.0
0.1825,0.0,-5.965019927893061,5.965019927893061,17.55074696840218,-46.6274361634467,46.48520978191786,0.0,278.13358590152114,277.28520270142945,555.4187886029506,116.33087932420187,4.774474256788321,555.4187886029506,0.0
0.183,0.0,-5.703622451203507,5.703622451203507,23.207331995272405,-46.38281287349065,46.58178718297794,0.0,264.5500528552123,265.6849271940167,530.2349800492291,115.83037304151954,4.577685162588276,530.234980049229,1.1368683772161603e-13
0.1835,0.0,-5.447602238530793,5.447602238530793,28.79407244683085,-46.13836118805621,46.67332479486901,0.0,251.34343969019727,254.2577086322032,505.6011483224005,115.33349200016127,4.383818954529648,505.6011483224005,0.0
0.184,0.0,-5.2014121499706825,5.2014121499706825,33.94961685891795,-45.91077091373508,46.535430659010316,0.0,238.80084164522225,242.04995443389447,480.8507960791167,114.8391167020453,4.18716905779329,480.8507960791167,0.0
0.1845,0.0,-4.979632061859498,4.979632061859498,38.32502337471379,-45.70033785348789,45.886833338597555,0.0,227.57086761303952,228.49954651008366,456.0704141231232,114.34337499113846,3.9886037486515367,456.0704141231232,0.0
0.185,0.0,-4.808495050592712,4.808495050592712,41.671761661040534,-45.49647119514722,44.45349109403919,0.0,218.7695565612993,213.75439190725464,432.52394846855395,113.83904989887772,3.7994339275737223,432.52394846855395,0.0
0.1855,5.876613425999514,-5.876613425999514,0.0,43.896283867925455,-45.28664174139775,42.04054273139678,257.9614911297366,266.13208687592805,0.0,524.0935780056647,113.31412153768858,4.625139134413619,524.0935780056645,1.1368683772161603e-13
0.186,5.749745065950551,-5.749745065950551,0.0,45.09129450843658,-45.08472368776169,38.608487014940984,259.2634481172064,259.2256675734517,0.0,518.4891156906581,112.80549548957552,4.596310786459622,518.4891156906582,-1.1368683772161603e-13
0.1865,5.60100229348487,-5.60100229348487,0.0,45.465476619608935,-44.89474233442074,34.25898731052518,254.6522388208124,251.45555478050287,0.0,506.1077936013153,112.30760059915534,4.506442937977981,506.1077936013153,0.0
0.187,5.457276042475087,-5.457276042475087,0.0,45.294440934323525,-44.72123071531842,29.233757178037973,247.18426736818665,244.0561009727082,0.0,491.24036834089486,111.81325338025152,4.393400187277422,491.24036834089486,0.0
0.1875,5.334048351112794,-5.334048351112794,0.0,44.85429341161236,-44.562807765970504,23.860020650707547,239.25496981254037,237.7001712850314,0.0,476.95514109757175,111.3181646855329,4.2846119718640825,476.9551410975718,-5.684341886080802e-14
0.188,5.236928196842453,-5.236928196842453,0.0,44.36573204276171,-44.406997704579254,18.471891343566554,232.3401531082955,232.55625841622918,0.0,464.8964115245247,110.82065892301561,4.195033814475664,464.89641152452475,-5.684341886080802e-14
0.1885,5.165046673509017,-5.165046673509017,0.0,43.963434904506826,-44.23194231535478,13.332197992839573,227.07319320955318,228.46004651876592,0.0,455.53323972831913,110.32085303866924,4.129167126442064,455.5332397283191,5.684341886080802e-14
0.189,5.114874739917133,-5.114874739917133,0.0,43.694159569424336,-44.01549925431041,8.577351957012695,223.49015306355702,225.13376530071375,0.0,448.62391836427076,109.81964602026504,4.0850971080482825,448.6239183642708,-5.684341886080802e-14
0.1895,5.083155049066202,-5.083155049066202,0.0,43.53777095929212,-43.74819173302806,4.2002084413202825,221.3092402768136,222.37884169525788,0.0,443.6880819720715,109.31790243903811,4.058695529943023,443.6880819720715,0.0
0.19,5.068208517193688,-5.068208517193688,0.0,43.43975639226869,-43.44381348415723,0.07399859781671268,220.16174333211515,220.18230551977967,0.0,440.34404885189485,108.81606997640432,4.046682157767497,440.34404885189485,0.0
0.1905,5.069631418047786,-5.069631418047786,0.0,43.34287909516385,-43.141453419574965,-3.9916318021186004,219.73242160948925,218.71126767612233,-0.0,438.4436892856116,108.31424927808689,4.047885594073109,438.4436892856116,0.0
0.191,5.087050971695601,-5.087050971695601,0.0,43.20879078235222,-42.895439967845185,-8.180070151692622,219.80532113515676,218.21128956973718,-0.0,438.01661070489394,107.81253783149563,4.062761340332114,438.0166107048939,5.684341886080802e-14
0.1915,5.118931672212199,-5.118931672212199,0.0,43.02580371276593,-42.75425395979513,-12.603274434157349,220.2461493476627,218.8561047165991,-0.0,439.10225406426184,107.31136804051124,4.09185216890065,439.10225406426184,0.0
0.192,5.162328251207712,-5.162328251207712,0.0,42.804428094833305,-42.7341162222359,-17.260929833557533,220.97050843074706,220.60753546444215,-0.0,441.57804389518924,106.8115811527874,4.1341775782116645,441.5780438951893,-5.684341886080802e-14
0.1925,5.214030291666896,-5.214030291666896,0.0,42.56593900152531,-42.79591266659618,-22.032901081628218,221.9400953471983,223.1391850031635,-0.0,445.07928035036184,106.31410562728439,4.186455576372143,445.0792803503618,5.684341886080802e-14
0.193,5.272929338122248,-5.272929338122248,0.0,42.330269260120055,-42.83417350644928,-26.70470389686376,223.2045186723014,225.86157015637514,-0.0,449.0660888286765,105.81928513098502,4.243707451555871,449.06608882867647,5.684341886080802e-14
0.1935,5.342894778134271,-5.342894778134271,0.0,42.10810583317633,-42.68385487039936,-31.01680939569304,224.97917877320307,228.0553452976978,-0.0,453.0345240709009,105.32605803060022,4.301257756549489,453.03452407090083,5.684341886080802e-14
0.194,5.435154160259597,-5.435154160259597,0.0,41.899206097152145,-42.14563481193925,-34.72320215535474,227.72864433051078,229.06802238489334,-0.0,456.7966667154041,104.83127379291275,4.35744649652713,456.796666715404,1.1368683772161603e-13
0.1945,5.569221590923886,-5.569221590923886,0.0,41.695981663239735,-41.024906007647076,-37.64375719709424,232.21416133368115,228.47679230341112,-0.0,460.69095363709226,104.3294209900918,4.415733829106981,460.6909536370923,-5.684341886080802e-14
0.195,4.653303945549457,-1.4581761731636302,-3.1951277723858262,41.48572029677961,-39.17173554583866,-39.694653238676416,193.04566594096573,57.11929143440876,126.82948897812,376.9944463534945,103.80365573100534,3.6318031739694234,376.9944463534945,0.0
0.1955,4.127123621479227,0.0,-4.127123621479227,41.28213136707278,-36.54205210379838,-40.92331960922957,170.37645951005462,-0.0,168.89559902859543,339.27205853865007,103.29327510775376,3.2845512758185595,339.27205853865007,0.0
0.196,4.3015233588728705,0.0,-4.3015233588728705,41.085738424975446,-33.174095087047974,-41.45421675242142,176.73126355157254,-0.0,178.3162816843198,355.04754523589236,102.79180696548846,3.454045178475136,355.0475452358923,5.684341886080802e-14
0.1965,4.472182654504224,0.0,-4.472182654504224,40.900990628814775,-29.204532433302248,-41.470873592391264,182.91670084222525,-0.0,185.4653215470295,368.38202238925476,102.29633502353447,3.601126299436868,368.38202238925476,0.0
0.197,4.655764592824752,0.0,-4.655764592824752,40.72928866529164,-24.840913451750243,-41.17326822796579,189.62598005880335,-0.0,191.69304438663949,381.31902444544284,101.80190290160533,3.745696431765125,381.31902444544284,0.0
0.1975,4.8609393707925355,0.0,-4.8609393707925355,40.56650751296518,-20.321637896952087,-40.74210725668011,197.19133350532363,-0.0,198.0449132130486,395.23624671837223,101.30600797626099,3.9014097447309135,395.2362467183723,-5.684341886080802e-14
0.198,5.090054623831875,0.0,-5.090054623831875,40.401431336974895,-15.868226813570823,-40.31216977296733,205.6454923861951,-0.0,205.19114614958792,410.836638535783,100.80807166642917,4.075433958257122,410.83663853578304,-5.684341886080802e-14
0.1985,5.341627018862635,0.0,-5.341627018862635,40.218236225271,-11.643380215281468,-39.960766159262086,214.83081727190756,-0.0,213.455508210766,428.28632548267353,100.30867751899926,4.269683701109036,428.28632548267353,0.0
0.199,5.612810894173988,0.0,-5.612810894173988,40.00253198687705,-7.72472304804137,-39.711057241035725,224.52664733048692,-0.0,222.89065470165215,447.4173020321391,99.80882388846555,4.482742953990915,447.41730203213905,5.684341886080802e-14
0.1995,5.901166408963919,0.0,-5.901166408963919,39.74879866791707,-4.099745053854692,-39.546265623585334,234.56427549578197,-0.0,233.36909429786633,467.9333697936483,99.30938949795014,4.711874397368106,467.93336979364835,-5.684341886080802e-14
0.2,5.636030432161145,0.0,-5.636030432161145,39.46589906993744,-0.6819352180627463,-39.42861823296694,222.43100819076764,-0.0,222.22089225906547,444.6519004498331,98.81029454351436,4.500056421287319,444.6519004498331,0.0
0.2005,5.072119504197418,0.0,-5.072119504197418,39.177916149762616,2.6568258793719357,-39.31723524659613,198.71507263702196,0.0,199.42171574537838,398.13678838240037,98.30963180125411,4.04982483493872,398.13678838240025,1.1368683772161603e-13
0.201,4.484476327575753,0.0,-4.484476327575753,38.92046014897825,6.046342343948279,-39.18240341566836,174.53788219644844,0.0,175.7125605750881,350.25044277153654,97.80705571323946,3.5810345196203013,350.25044277153654,0.0
0.2015,4.072205657466345,0.0,-4.072205657466345,38.729327730425986,9.580511723476667,-39.01084531368764,157.71378749370888,0.0,158.86018498894325,316.57397248265215,97.30263350502943,3.253498503370815,316.57397248265215,0.0
0.202,4.43540970777955,0.0,-4.43540970777955,38.62712341249768,13.290614551398534,-38.80567086742159,171.32711816739095,0.0,172.11904928225977,343.4461674496507,96.7991586530458,3.54802843566703,343.4461674496507,0.0
0.2025,4.809051640677525,0.0,-4.809051640677525,38.60795800846303,17.134263635815685,-38.579528345843265,185.66766380380813,0.0,185.53094408814266,371.1986078919508,96.29865296101174,3.854660438939237,371.19860789195076,5.684341886080802e-14
0.203,5.191050468163959,0.0,-5.191050468163959,38.627841753118844,21.00163618842468,-38.34745230982052,200.5190760166909,0.0,199.06356026578888,399.58263628247977,95.80188361871681,4.17092672073948,399.5826362824799,-1.1368683772161603e-13
0.20350000000000001,5.581388523646525,0.0,-5.581388523646525,38.603262779807565,24.73654650227576,-38.12128798032321,215.45980785452898,0.0,212.76971924000017,428.22952709452915,95.30895675659247,4.493066986224344,428.2295270945292,-5.684341886080802e-14
0.20400000000000001,5.9838425478443575,0.0,-5.9838425478443575,38.418568673506975,28.16631965706286,-37.90643651509983,229.8906658558114,0.0,226.82614765621534,456.71681351202676,94.8188048900613,4.816732440801928,456.71681351202676,0.0
0.20450000000000002,5.295015206764243,0.0,-5.295015206764243,37.94096846969226,31.132756770852584,-37.700809195361536,200.8980050063832,0.0,199.62635799675655,400.52436300313974,94.32647267733795,4.24615011708549,400.5243630031398,-5.684341886080802e-14
0.20500000000000002,4.5126633047567015,0.0,-4.5126633047567015,37.0428664265361,33.51927830839738,-37.49764923883486,167.16198402603348,0.0,169.21426573472814,336.37624976076165,93.82434087363217,3.5851704006512746,336.3762497607616,5.684341886080802e-14
0.20550000000000002,4.203301551518085,0.0,-4.203301551518085,35.62659770506055,35.26963502038642,-37.290230800140264,149.74933340899165,0.0,156.74208497869705,306.49141838768867,93.30589555875198,3.284802279130369,306.4914183876887,-5.684341886080802e-14
0.20600000000000002,0.0,5.903383791321726,-5.903383791321726,33.65055513204865,36.40043400245548,-37.081718740842696,0.0,214.88573208717193,218.90761736904187,433.79334945621383,92.78395303603052,4.675305753439499,433.7933494562138,5.684341886080802e-14
0.20650000000000002,0.0,5.037865305855885,-5.037865305855885,31.134347777062782,36.991890486284824,-36.88280690555094,0.0,186.36016167887468,185.81061329205693,372.1707749709316,92.2823770461914,4.032956095015235,372.17077497093163,-5.684341886080802e-14
0.20700000000000002,0.0,4.182730958431828,-4.182730958431828,28.14078337629837,37.14868226840643,-36.690001148505615,0.0,155.3829433890111,153.4644036687538,308.84734705776486,91.78401664655848,3.364936056863506,308.8473470577649,-5.684341886080802e-14
0.20750000000000002,0.0,4.403515485574773,-4.403515485574773,24.786954831490238,37.00024547071146,-36.505535375394025,0.0,162.93115390034578,160.75269033474527,323.68384423509104,91.28613094922615,3.545816224976451,323.68384423509104,0.0
0.20800000000000002,0.0,4.930406927383974,-4.930406927383974,21.221127803806343,36.67602563379297,-36.330844755547695,0.0,180.82773085376505,179.12584866046407,359.9535795142291,90.79040428044678,3.964665455198894,359.95357951422915,-5.684341886080802e-14
0.2085,0.0,5.477040750745168,-5.477040750745168,17.596836175421974,36.285143219416604,-36.161961682627314,0.0,198.73520805936946,198.0605377626351,396.79574582200456,90.2957058944282,4.394403276341066,396.79574582200456,0.0
0.209,0.0,5.925496821818568,-5.925496821818568,14.050086195806866,35.90696941214486,-35.99102344196022,0.0,212.7666331328009,213.26469501933286,426.03132815213377,89.8019783456021,4.744119628551568,426.0313281521337,5.684341886080802e-14
0.2095,0.0,4.941173259589278,-4.941173259589278,10.678892714188217,35.585205493389815,-35.80587929136262,0.0,175.83266582092725,176.92305329056248,352.7557191114897,89.3046028152596,3.9500284194894135,352.7557191114897,0.0
0.21,0.0,4.039518714286361,-4.039518714286361,7.532856619879484,35.333099082784756,-35.59571334528213,0.0,142.72871497864327,143.78955020663992,286.5182651852832,88.80007438354478,3.2265543376434023,286.5182651852832,0.0
0.2105,0.0,4.661526069236144,-4.661526069236144,4.611298116920701,35.144370770120645,-35.35823983851718,0.0,163.82640053181814,164.82335676955182,328.64975730136996,88.29435236758542,3.722205877145362,328.64975730136996,0.0
0.211,0.0,5.29800776892344,-5.29800776892344,1.869003913616233,34.99889454666243,-35.09857453583412,0.0,185.42441521194974,185.95252056898758,371.3769357809373,87.79239232288825,4.230172181833984,371.3769357809373,0.0
0.2115,0.0,5.948418772515328,-5.948418772515328,-0.7684951277804629,34.870910878091664,-34.828974326340855,-0.0,207.4267808819494,207.17732471026036,414.60410559220975,87.29460776160371,4.749481282102423,414.6041055922097,5.684341886080802e-14
0.212,0.0,4.986551443749677,-4.986551443749677,-3.385012618566371,34.73627750532467,-34.567160744171915,-0.0,173.2142347446662,172.37092531517763,345.5851600598438,86.79628919634136,3.981566069928378,345.5851600598438,0.0
0.2125,0.0,4.0788043964812735,-4.0788043964812735,-6.053588640441818,34.578089380596865,-34.333439544060035,-0.0,141.03726298750092,140.03938415863607,281.076647146137,86.29071655060206,3.2573219736947,281.076647146137,0.0
0.213,0.0,4.773387217468272,-4.773387217468272,-8.82143670427164,34.394337532849136,-34.150949887528505,-0.0,164.17749113259129,163.01570765752808,327.19319879011937,85.78531163551932,3.8140934916723594,327.19319879011937,0.0
0.2135,0.0,5.479386126435386,-5.479386126435386,-11.699660373982764,34.19005559401711,-34.032324084858324,-0.0,187.3405162839119,186.47624444092554,373.8167607248374,85.28558497445653,4.383117743013635,373.8167607248375,-5.684341886080802e-14
0.214,0.0,5.680430581907606,-5.680430581907606,-14.659419875512295,33.97301311092855,-33.972217546524874,-0.0,192.9813426348666,192.97682348649806,385.9581661213647,84.79189079207498,4.551828748197203,385.9581661213646,5.684341886080802e-14
0.2145,0.0,4.497058267656091,-4.497058267656091,-17.63444527166959,33.74868478472273,-33.94164897748157,-0.0,151.76980193365665,152.6375731520644,304.407375085721,84.29531603098953,3.611201540235185,304.40737508572107,-5.684341886080802e-14
0.215,0.0,4.430327294005336,-4.430327294005336,-20.53370225700868,33.524192537442914,-33.89404993871691,-0.0,148.52314520812334,150.16173454787742,298.6848797560008,83.79452382277181,3.5644916413360037,298.6848797560007,5.684341886080802e-14
0.2155,0.0,5.177224184373594,-5.177224184373594,-23.25780832589641,33.308114147427396,-33.76996811697166,-0.0,172.4435740999374,174.8346956407109,347.2782697406483,83.29942331835659,4.169035701644756,347.2782697406483,0.0
0.216,0.0,5.937537245830479,-5.937537245830479,-25.709353782232025,33.10164723439686,-33.495133471001964,-0.0,196.54226335257283,198.8786025381373,395.42086589071016,82.80989798111585,4.775043509664542,395.4208658907101,5.684341886080802e-14
0.2165,0.0,4.839566209703307,-4.839566209703307,-27.805152982831807,32.899790933227294,-32.99006566418339,-0.0,159.22071650675002,159.6576070442752,318.87832355102523,82.31680332348239,3.8737938145863264,318.87832355102523,0.0
0.217,0.0,4.2866760243851445,-4.2866760243851445,-29.487441083239503,32.69507852311655,-32.183056207872596,-0.0,140.15320922043338,137.95833543772696,278.11154465816037,81.80783188860408,3.399571144201189,278.1115446581603,5.684341886080802e-14
0.2175,0.0,5.140072922972295,-5.140072922972295,-30.738003461079586,32.48804214100874,-31.029135502299653,-0.0,166.9909057293819,159.4920192186088,326.4829249479907,81.29008060112075,4.016270159086169,326.4829249479907,0.0
0.218,-4.882023880793981,4.882023880793981,0.0,-31.571847792488175,32.27951009830704,-29.50860188765004,154.13451488372002,157.58933916026544,-0.0,311.72385404398545,80.7681982075636,3.8594875329878766,311.72385404398545,0.0
0.2185,-5.74204877721989,5.74204877721989,0.0,-32.04055320870448,32.07904733232701,-27.63747373888492,183.97841937349037,184.19945450896725,-0.0,368.1778738824576,80.26467525453558,4.587047449141118,368.1778738824576,0.0
0.219,-5.049578842780504,5.049578842780504,0.0,-32.20491324821346,31.885365133788525,-25.449255970756017,162.62124857176025,161.00766517390971,-0.0,323.62891374566993,79.77181656000107,4.056932983370758,323.62891374567,-5.684341886080802e-14
0.2195,-4.199810930698001,4.199810930698001,0.0,-32.13287867304956,31.69374649274764,-23.000523508778713,134.9520150858662,133.10774295501295,-0.0,268.05975804087916,79.2726382933058,3.3814915689959513,268.05975804087916,0.0
0.22,-5.074910844644556,5.074910844644556,0.0,-31.904669109531984,31.509006739192845,-20.374235007236045,161.91335125876003,159.90540000470818,-0.0,321.81875126346824,78.77609252423126,4.085233742261053,321.81875126346824,0.0
0.2205,-5.964281886809463,5.964281886809463,0.0,-31.592082572950453,31.332250854971786,-17.659083089081093,188.42408585643727,186.87437624727852,-0.0,375.2984621037158,78.28625789988035,4.793925168625149,375.29846210371585,-5.684341886080802e-14
0.221,-4.629298629060612,4.629298629060612,0.0,-31.24857982396322,31.156739547917805,-14.937966879916008,144.65900773916402,144.23385167517444,-0.0,288.89285941433843,77.79308914971541,3.7136057016369985,288.8928594143385,-5.684341886080802e-14
0.2215,-4.523597771321997,4.523597771321997,0.0,-30.912427199312503,30.974578227828584,-12.283324673549528,139.83538678496353,140.11653303904424,-0.0,279.95191982400775,77.28852727282013,3.622166571188603,279.95191982400775,0.0
0.222,-5.466442767326897,5.466442767326897,0.0,-30.61481480601773,30.786561035105784,-9.75210447750367,167.35413296940803,168.29297390122207,-0.0,335.64710687063007,76.78873532818052,4.371046162384859,335.6471068706301,-5.684341886080802e-14
0.2225,-5.339571707983393,5.339571707983393,0.0,-30.36553710056567,30.587665601097623,-7.373788457560095,162.13896279990053,163.32503385687772,-0.0,325.46399665677825,76.29438850407499,4.2658969163819265,325.4639966567782,5.684341886080802e-14
0.223,-4.108387305672955,4.108387305672955,0.0,-30.155748272341906,30.367975336368314,-5.152016167732769,123.89149339515863,124.76340437092496,-0.0,248.6548977660836,75.78912659256076,3.28087825979104,248.6548977660836,0.0
0.2235,-5.097092376536402,5.097092376536402,0.0,-29.979559663447755,30.13165924172111,-3.071320068198529,152.80858501247778,153.5838506133693,-0.0,306.39243562584704,75.28356793776545,4.06984477514578,306.3924356258471,-5.684341886080802e-14
0.224,-5.8496288674558015,5.8496288674558015,0.0,-29.827056186731735,29.886490606161328,-1.098364024829977,174.47720890113212,174.82487819674793,-0.0,349.3020870978801,74.78733484303817,4.670604826752909,349.3020870978801,0.0
0.2245,-4.290473942451206,4.290473942451206,0.0,-29.678729048956246,29.634621086417088,0.8103340172405866,127.33581362961645,127.14656956568757,0.0,254.482383195304,74.286137206214,3.4257048860795623,254.48238319530404,-2.842170943040401e-14
0.225,-4.839486310079798,4.839486310079798,0.0,-29.52248982655522,29.386137712610346,2.6987586831333523,142.8736853550841,142.21381116629743,0.0,285.0874965213815,73.77806604422342,3.864122656054671,285.0874965213815,0.0
0.2255,-5.880225973556733,5.880225973556733,0.0,-29.357636923125213,29.159704811864913,4.605965011553368,172.62953915760906,171.46565361597533,0.0,344.09519277358436,73.27983668496412,4.695632637022339,344.0951927735844,-5.684341886080802e-14
0.226,-4.575599011236803,4.575599011236803,0.0,-29.177211018972297,28.96231158311929,6.558476537833567,133.5032178890572,132.51992424285282,0.0,266.02314213191005,72.78187419686726,3.655074083587702,266.02314213191005,0.0
0.2265,-4.688436945807416,4.688436945807416,0.0,-28.97767948430568,28.796920269994466,8.565787650025888,135.86002309798434,135.01254491931252,0.0,270.8725680172969,72.2739201248195,3.7478604668114137,270.8725680172968,5.684341886080802e-14
0.227,-5.766018523910934,5.766018523910934,0.0,-28.770313644099527,28.67248504367108,10.62326785693003,165.89016141060537,165.32607988836665,0.0,331.216241298972,71.77609387043516,4.614576016032006,331.216241298972,0.0
0.2275,-4.707160111852249,4.707160111852249,0.0,-28.557127656405704,28.579661486216015,12.707445539148669,134.42297221330563,134.529042558156,0.0,268.9520147714616,71.28214846306848,3.7730626891921837,268.9520147714616,0.0
0.228,-4.630538273877778,4.630538273877778,0.0,-28.33711820180097,28.49735168031846,14.778888526935782,131.21611040483802,131.95807765986984,0.0,263.1741880647079,70.77806400764665,3.7183015918078137,263.17418806470783,5.684341886080802e-14
0.2285,-5.738426780599235,5.738426780599235,0.0,-28.122415530353297,28.410191968302282,16.795694469119184,161.37842241451918,163.02980643287108,0.0,324.40822884739026,70.28469578364134,4.6156311161397365,324.4082288473903,-5.684341886080802e-14
0.229,-4.71183818935307,4.71183818935307,0.0,-27.912963456225302,28.2851645425202,18.707388051101816,131.52136719105906,133.27511848358205,0.0,264.7964856746411,69.79586728561982,3.7938705538400495,264.7964856746411,0.0
0.2295,-4.6562881978345505,4.6562881978345505,0.0,-27.70322374623642,28.08074774132464,20.461296767770605,128.9941937715705,130.75205429429914,0.0,259.7462480658696,69.29533578132961,3.748394392452798,259.7462480658696,0.0
0.23,-5.8014540074655345,5.8014540074655345,0.0,-27.500996887633857,27.768966401681702,22.021169847418996,159.54576860306062,161.10038141421208,0.0,320.6461500172727,68.8032931775263,4.660331434862302,320.64615001727276,-5.684341886080802e-14
0.2305,-4.562354881425757,4.562354881425757,0.0,-27.30117278973426,27.31182696561799,23.352614313461313,124.55763894589217,124.60624707724286,0.0,249.16388602313503,68.30959564230028,3.647567866275611,249.163886023135,2.842170943040401e-14
0.231,-4.808767436805343,4.808767436805343,0.0,-27.09606122886089,26.674893585129563,24.430932269508272,130.29865690303,128.27335965241878,0.0,258.5720165554488,67.79827378118448,3.8138436590580014,258.5720165554488,0.0
0.2315,-5.961176147380064,5.961176147380064,0.0,-26.89239215230586,25.846673428817564,25.257561723389294,160.3102866443165,154.07657313298935,0.0,314.38685977730586,67.28890211473845,4.672194818117637,314.38685977730586,0.0
0.232,-4.148106079693436,0.0,4.148106079693436,-26.68405824967944,24.813357779229825,25.835548048986286,110.68830425638907,0.0,107.16859393421191,217.856898190601,66.76760869830589,3.2629129968545465,217.85689819060096,2.842170943040401e-14
0.2325,-5.13923551165618,0.0,5.13923551165618,-26.4778130191278,23.584549128255382,26.191062234742198,136.07571693889392,0.0,134.60203712478418,270.6777540636781,66.25109866391281,4.085634193582319,270.6777540636781,0.0
0.233,-5.450259724482453,0.0,5.450259724482453,-26.280824741589527,22.17994682720469,26.359568347900215,143.23732061526735,0.0,143.666493721303,286.90381433657035,65.75574404545016,4.363174936295502,286.90381433657035,0.0
0.2335,-4.249630914376268,0.0,4.249630914376268,-26.083056121098515,20.614199427297372,26.36443979469522,110.84336163363139,0.0,112.03913839174871,222.8825000253801,65.25411956999307,3.415608110171669,222.88250002538012,-2.842170943040401e-14
0.234,-5.498613490232187,0.0,5.498613490232187,-25.89026321701912,18.92399578830982,26.247082633396474,142.3605505907635,0.0,144.32256264723281,286.6831132379963,64.75840665225577,4.426963664770929,286.6831132379963,0.0
0.23450000000000001,-4.895473025748733,0.0,4.895473025748733,-25.70419632170965,17.14781045150245,26.044730138281842,125.83419974147938,0.0,127.50127385486383,253.3354735963432,64.27169566627825,3.9416335755594822,253.3354735963432,0.0
0.23500000000000001,-4.656890935494528,0.0,4.656890935494528,-25.51533282597068,15.319632659756637,25.78079708361283,118.82212215338883,0.0,120.05836024850034,238.88048240188917,63.77049061512311,3.7459407964040174,238.88048240188917,0.0
0.23550000000000001,-5.943107421969522,0.0,5.943107421969522,-25.33242701014458,13.485187954819683,25.49314414083167,150.55333498049146,0.0,151.50849415271554,302.06182913320697,63.278922757531014,4.773498283000681,302.06182913320697,0.0
0.23600000000000002,-4.202549178005472,0.0,4.202549178005472,-25.148583333684407,11.676802323317562,25.198582465789105,105.68815821697751,0.0,105.89828202850511,211.5864402454826,62.783848558473046,3.370077577331436,211.58644024548263,-2.842170943040401e-14
0.23650000000000002,-5.176499668154767,0.0,5.176499668154767,-24.959468148929304,9.923262001026172,24.910749431495788,129.20267859025202,0.0,128.95048616562448,258.1531647558765,62.279906120535,4.145047429202176,258.1531647558765,0.0
0.23700000000000002,-5.2735096201192615,0.0,5.2735096201192615,-24.77094996131928,8.249459839907548,24.647542190858108,130.62984292051007,0.0,129.9790508557856,260.60889377629564,61.787731308465155,4.21780972140324,260.6088937762957,-5.684341886080802e-14
0.23750000000000002,-4.453836491364063,0.0,4.453836491364063,-24.570230940264388,6.664392082772516,24.402649286727193,109.43179116299189,0.0,108.6854098791848,218.1172010421767,61.28091697092567,3.55930054286983,218.1172010421767,0.0
0.23800000000000002,-5.81070615192276,0.0,5.81070615192276,-24.364455552972903,5.1750767376507225,24.18467645035527,141.5746917699083,0.0,140.53004823234087,282.1047400022492,60.781295768789256,4.641308422830759,282.1047400022492,0.0
0.23850000000000002,-4.321856925285869,0.0,4.321856925285869,-24.15060747727102,3.776826448507047,23.988046237168422,104.37547017550445,0.0,103.67290375418398,208.0483739296884,60.282951337000526,3.4511975494801677,208.0483739296884,0.0
0.23900000000000002,-5.155894789252931,0.0,5.155894789252931,-23.92486862707636,2.45886294604256,23.80330684647885,123.35410548790394,0.0,122.72734573674893,246.08145122465288,59.77493922974689,4.1167996888935505,246.08145122465288,0.0
0.23950000000000002,-5.2233412256206,0.0,5.2233412256206,-23.69843176974655,1.2073689595662813,23.633887799137252,123.7849956454741,0.0,123.44786046292532,247.2328561083994,59.28058328095708,4.170553702831378,247.23285610839943,-2.842170943040401e-14
0.24,-4.53862035730407,0.0,4.53862035730407,-23.463213531912672,0.0040444595159731,23.462991781741362,106.49061858371118,0.0,106.48961214386944,212.98023072758062,58.77204687158681,3.6238355147461325,212.98023072758062,0.0
0.2405,-5.955654047271413,0.0,5.955654047271413,-23.23278603032869,-1.168664950635171,23.29530907353178,138.3664361509178,-0.0,138.738801766218,277.1052379171358,58.273351188586325,4.75526518151252,277.1052379171358,0.0
0.241,-4.057904299769793,0.0,4.057904299769793,-23.00671512104519,-2.3273890243024495,23.122267025853546,93.35904821326798,-0.0,93.8279467846364,187.18699499790438,57.77221805384316,3.240086693978893,187.1869949979044,-2.842170943040401e-14
0.2415,-5.400791540373006,0.0,5.400791540373006,-22.78848265599844,-3.485316813056872,22.940591258877138,123.07584434645334,-0.0,123.89735120209858,246.97319554855193,57.266228697108225,4.312719750672587,246.97319554855193,0.0
0.242,-4.810457274417807,0.0,4.810457274417807,-22.58833015822821,-4.652789256310847,22.755755951509702,108.66019712660002,-0.0,109.46559175181615,218.1257888784162,56.77148136899183,3.8421718725408303,218.1257888784162,0.0
0.2425,-4.881806928840005,0.0,4.881806928840005,-22.398802397885106,-5.832330174444127,22.55772200361053,109.34662874371362,-0.0,110.12244357607251,219.46907231978614,56.2625332327684,3.9008032470170235,219.46907231978616,-2.842170943040401e-14
0.243,-5.50639307313765,0.0,5.50639307313765,-22.232545621575078,-7.026051605802702,22.359200251612677,122.42113520885779,-0.0,123.11854538637765,245.53968059523544,55.7685907203796,4.4028310097767545,245.53968059523544,0.0
0.2435,-4.396945612454701,0.0,4.396945612454701,-22.07806695605103,-8.225595994845088,22.15114500340829,97.07605963388968,-0.0,97.39737983358394,194.4734394674736,55.263278402371206,3.5190355167045113,194.4734394674736,0.0
0.244,-5.891773372973859,0.0,5.891773372973859,-21.940031666440746,-9.423899614436634,21.94319114858831,129.26569437453887,-0.0,129.28430932732826,258.5500037018671,54.76627886875922,4.720970806167989,258.5500037018671,0.0
0.2445,-4.076580675878957,0.0,4.076580675878957,-21.810020789620832,-10.607135536669741,21.733989181558584,88.9103092914866,-0.0,88.60036030730403,177.51066959879063,54.26999619212616,3.2708804505968443,177.51066959879063,0.0
0.245,-5.4599182798512915,0.0,5.4599182798512915,-21.678684175250506,-11.759161702296016,21.52308112758682,118.36384401157316,-0.0,117.51426408723363,235.8781080988068,53.76965720434677,4.386825588312254,235.87810809880676,2.842170943040401e-14
0.2455,-4.651389812308876,0.0,4.651389812308876,-21.543305407153092,-12.867388751914204,21.317902397139072,100.20631129429061,-0.0,99.15787402984765,199.36418532413825,53.28111746968946,3.7417418175876747,199.36418532413825,0.0
0.246,-5.058692285184676,0.0,5.058692285184676,-21.383642475553273,-13.91008288832482,21.109292265652023,108.17326722022868,-0.0,106.78541392996243,214.95868115019113,52.779786564904555,4.072746313323025,214.95868115019115,-2.842170943040401e-14
0.2465,-5.177656249250893,0.0,5.177656249250893,-21.200265751401744,-14.879635485692338,20.90889574546312,109.76768845352491,-0.0,108.25907472143253,218.02676317495744,52.2940574830534,4.1692454873216125,218.02676317495738,5.684341886080802e-14
0.247,-4.690952897245984,0.0,4.690952897245984,-20.969800161437195,-15.75479139956804,20.70434356383694,98.36834482196312,-0.0,97.12310042635714,195.49144524832025,51.79310091025117,3.774468834895104,195.49144524832028,-2.842170943040401e-14
0.2475,-5.648679990328066,0.0,5.648679990328066,-20.693034609509404,-16.533306642885606,20.506201101605857,116.88833053790192,-0.0,115.83296784028435,232.72129837818628,51.30403114467956,4.536121103659521,232.72129837818628,0.0
0.248,-4.363169740190826,0.0,4.363169740190826,-20.350938561675665,-17.200338071941935,20.30401667883885,88.79459931678588,-0.0,88.5898711774395,177.38447049422538,50.801716170687854,3.491702325532354,177.38447049422538,0.0
0.2485,-5.9612856420244515,0.0,5.9612856420244515,-19.942878078846523,-17.75725388057945,20.103674149376808,118.88519275207196,-0.0,119.84374405861809,238.72893681069004,50.30196741107916,4.745916493876724,238.72893681069004,0.0
0.249,-4.085085458487821,0.0,4.085085458487821,-19.459605587099727,-18.199790221044797,19.900239185133685,79.49415181176946,-0.0,81.29417771561914,160.7883295273886,49.79339942663161,3.2291093072346495,160.78832952738858,2.842170943040401e-14
0.2495,-5.721127823683988,0.0,5.721127823683988,-18.899010178902362,-18.530485959888328,19.693346637847426,108.1236529746052,-0.0,112.66815339124243,220.79180636584763,49.27578319620781,4.480736622423475,220.7918063658476,2.842170943040401e-14
0.25,0.0,-5.123599548903018,5.123599548903018,-18.261319438038573,-18.754329825304584,19.482324697492864,-0.0,96.08967583290898,99.81963003165656,195.90930586456554,48.74777274541292,4.018836037652617,195.9093058645655,2.842170943040401e-14
0.2505,0.0,-4.966332656734577,4.966332656734577,-17.561192075874764,-18.89135306806222,19.279549866142023,-0.0,93.82074367182035,95.74865810736388,189.56940177918423,48.24031708231284,3.929688137325475,189.56940177918426,-2.842170943040401e-14
0.251,0.0,-4.93083767995995,4.93083767995995,-16.793300954065614,-18.940600872306447,19.073896088685842,-0.0,93.39302846225092,94.05028553773286,187.4433139999838,47.725259301356424,3.927549409766253,187.4433139999838,0.0
0.2515,0.0,-5.213191889597261,5.213191889597261,-15.974861588392896,-18.924180300104517,18.876935102386224,-0.0,98.65538325778112,98.4090849762137,197.06446823399483,47.23103277582831,4.172351453107492,197.06446823399483,0.0
0.252,0.0,-4.7533235094229855,4.7533235094229855,-15.103665333658482,-18.84079025363536,18.67623319989245,-0.0,89.55637124871242,88.77417833651486,178.3305495852273,46.725923387591315,3.8165227491809244,178.33054958522726,2.842170943040401e-14
0.2525,0.0,-5.4310530091303155,5.4310530091303155,-14.198853078637502,-18.712816544150694,18.483050790343288,-0.0,101.63029860141319,100.38242861280237,202.01272721421554,46.23754125244558,4.369019669780359,202.01272721421552,2.842170943040401e-14
0.253,0.0,-4.600689190996829,4.600689190996829,-13.262180613875401,-18.539555617341623,18.286097933191197,-0.0,85.29473313458816,84.12865310674219,169.42338624133035,45.73723403188579,3.7042770475192386,169.42338624133035,0.0
0.2535,0.0,-5.609252522546508,5.609252522546508,-12.312173997496924,-18.341072921305024,18.095292293472863,-0.0,102.87970955003965,101.50106394337904,204.3807734934187,45.24964706633234,4.516737405571649,204.3807734934187,0.0
0.254,0.0,-4.479082560138106,4.479082560138106,-11.353046951339826,-18.116676596316506,17.90095453037544,-0.0,81.14609019022343,80.17985324682985,161.3259434370533,44.75071204934017,3.604991653745808,161.3259434370533,0.0
0.2545,0.0,-5.742273496504208,5.742273496504208,-10.400748134144218,-17.88261080228419,17.71118215118527,-0.0,102.68684205825636,101.70245185850956,204.38929391676592,44.26113508192287,4.6178050684525385,204.3892939167659,2.842170943040401e-14
0.255,0.0,-4.3916038764047824,4.3916038764047824,-9.46007906320604,-17.637631420520172,17.51795047247092,-0.0,77.45749051695518,76.93189920157027,154.38938971852545,43.76161950517917,3.527963349259813,154.38938971852545,0.0
0.2555,0.0,-5.828540177573696,5.828540177573696,-8.543257081625862,-17.39381612263609,17.327631762929347,-0.0,101.38055611211355,100.99479791243583,202.37535402454938,43.26909723265386,4.677133727482137,202.37535402454938,0.0
0.256,0.0,-4.339090263995693,4.339090263995693,-7.654016906897108,-17.148927617636563,17.133581585771307,-0.0,74.41074486365368,74.34415704619617,148.75490190984985,42.768149959288756,3.4781701348187957,148.75490190984985,0.0
0.2565,0.0,-5.868964052246662,5.868964052246662,-6.800493930286776,-16.91145234070189,16.940978684544458,-0.0,99.25270585886206,99.42599490946837,198.67870076833043,42.27295517496532,4.6999009164609085,198.6787007683304,2.842170943040401e-14
0.257,0.0,-4.320987022136633,4.320987022136633,-5.984319484137648,-16.67788758530239,16.744087135193062,-0.0,72.06493581274529,72.35098320869417,144.41591902143946,41.77040833145049,3.4573738871665123,144.41591902143946,0.0
0.2575,0.0,-5.865658415523971,5.865658415523971,-5.209843281116711,-16.45426309968392,16.54766175644458,-0.0,96.51508682190652,97.06293143893332,193.57801826083983,41.27344510368788,4.690134728868156,193.57801826083985,-2.842170943040401e-14
0.258,0.0,-4.336104637157879,4.336104637157879,-4.476305709668067,-16.235679482885384,16.34630532502189,-0.0,70.39960509314835,70.87929032022595,141.2788954133743,40.769442643803814,3.4653133879632767,141.27889541337427,2.842170943040401e-14
0.2585,0.0,-5.821029516056314,5.821029516056314,-3.7849854642884826,-16.02704777039802,16.145161910304036,-0.0,93.29391812673143,93.98146402138795,187.27538214811938,40.2717671305645,4.6502896567949605,187.27538214811935,2.842170943040401e-14
0.259,0.0,-4.383151794025163,4.383151794025163,-3.1330932528635578,-15.822019067240863,15.938580965857795,-0.0,69.35031125967711,69.86121975471491,139.21153101439202,39.76650475859366,3.500723331343522,139.21153101439202,0.0
0.2595,0.0,-5.737274987541764,5.737274987541764,-2.5197308948520227,-15.625644967746956,15.732796944830742,-0.0,89.64862203766245,90.26338239565091,179.91200443331337,39.26901071657368,4.5815262760714415,179.91200443331334,2.842170943040401e-14
0.26,0.0,-4.461022184730484,4.461022184730484,-1.9408624356874358,-15.430106373275764,15.521359558598952,-0.0,68.83404684393442,69.24112932808848,138.0751761720229,38.76261317309079,3.562070894329575,138.07517617202288,2.842170943040401e-14
0.2605,0.0,-5.616212666973018,5.616212666973018,-1.3942816355498797,-15.241583635991397,15.312073348147173,-0.0,85.59997508118356,85.9958602954841,171.59583537666765,38.26587662272163,4.48430430768642,171.59583537666768,-2.842170943040401e-14
0.261,0.0,-4.568875343131351,4.568875343131351,-0.8756574640877237,-15.050799847776792,15.097260882814592,-0.0,68.76522831891248,68.97750299631304,137.7427313152255,37.75840069092295,3.648002266905829,137.74273131522554,-2.842170943040401e-14
0.2615,0.0,-5.459320770336089,5.459320770336089,-0.3821765036530941,-14.865664928368817,14.886485005368879,-0.0,81.15643330830063,81.27009678710706,162.4265300954077,37.26264579187958,4.358963960922075,162.4265300954077,0.0
0.262,0.0,-4.70608306382785,4.70608306382785,0.08988347725567523,-14.675542345546862,14.670615997115696,0.0,69.06432128486654,69.0411374799481,138.10545876481464,36.75417139528969,3.7575451580582726,138.10545876481464,0.0
0.2625,0.0,-5.2678735651242725,5.2678735651242725,0.5434765886809034,-14.490221390649788,14.460828988171992,0.0,76.3326542166023,76.17781875657401,152.51047297317632,36.25930688620664,4.206105578680894,152.5104729731763,2.842170943040401e-14
0.263,0.0,-4.872116944576698,4.872116944576698,0.9810176202446268,-14.297979611726753,14.246607999612081,0.0,69.66142873950606,69.41114023765195,139.07256897715803,35.75006850246243,3.8901343354790727,139.07256897715803,0.0
0.2635,0.0,-5.043084782140502,5.043084782140502,1.4053563639215156,-14.1101523007639,14.040232473465656,0.0,71.15869434166721,70.80608272464954,141.96477706631674,35.255746544702994,4.026713117145615,141.96477706631674,0.0
0.264,0.0,-5.066437879394773,5.066437879394773,1.817212747371137,-13.91448555840203,13.830244280586445,0.0,70.49687670537956,70.07007350444607,140.56695020982562,34.74626118383776,4.045527358068972,140.56695020982562,0.0
0.2645,0.0,-4.786207676438762,4.786207676438762,2.2192210088018154,-13.723028162378787,13.629133527206825,0.0,65.68126273476267,65.2318635111262,130.91312624588886,34.25192221905654,3.8220665517292787,130.9131262458889,-2.842170943040401e-14
0.265,0.0,-5.288424687603479,5.288424687603479,2.6104056552559625,-13.523931633679805,13.425400355859624,0.0,71.52029392501393,70.99921868288857,142.5195126079025,33.74308342863101,4.223665952441521,142.5195126079025,0.0
0.2655,0.0,-4.498574518723606,4.498574518723606,2.9930566572579727,-13.328616911142017,13.230437565976448,0.0,59.959776406292015,59.51810930586522,119.47788571215723,33.24796617218772,3.5935396797925567,119.47788571215723,0.0
0.266,0.0,-5.5373548588273875,5.5373548588273875,3.3649575934744504,-13.127046130740338,13.034126658518348,0.0,72.68911267410627,72.17458458311816,144.86369725722443,32.741090109895204,4.4245227257550255,144.86369725722443,0.0
0.2665,0.0,-4.181582645030103,4.181582645030103,3.7277105464328097,-12.928152508026548,12.845001341633255,0.0,54.060138159866206,53.712434685562,107.77257284542821,32.24420081582044,3.3423862312800816,107.77257284542821,0.0
0.267,0.0,-5.812431483309632,5.812431483309632,4.078845301129565,-12.725648233219067,12.656324892137278,0.0,73.9669584362861,73.5640212660541,147.5309797023402,31.741025448724056,4.647958836133656,147.5309797023402,0.0
0.2675,0.0,-4.1353718844016,4.1353718844016,4.418520068738123,-12.523654280497421,12.471571993503296,0.0,51.789967801534786,51.57458817622395,103.36455597775873,31.241241440431644,3.3085931036014102,103.36455597775873,0.0
0.268,0.0,-5.862762880903269,5.862762880903269,4.745534703081433,-12.321903211437174,12.28976029783202,0.0,72.24039677009665,72.05195048932826,144.2923472594249,30.743602749952082,4.693410477392725,144.2923472594249,0.0
0.2685,0.0,-4.445534414827192,4.445534414827192,5.0575504141960055,-12.117700565918708,12.107411965939306,0.0,53.869654894362554,53.82391656907373,107.69357146343629,30.240851905900612,3.561195028451664,107.69357146343629,0.0
0.269,0.0,-5.470251459437456,5.470251459437456,5.35585098455363,-11.917321891822215,11.929965239768634,0.0,65.19074747132642,65.25990976388249,130.4506572352089,29.74817723216113,4.385164718400866,130.45065723520892,-2.842170943040401e-14
0.2695,0.0,-4.780051175223392,4.780051175223392,5.635437837501298,-11.712258332635958,11.748063101744254,0.0,55.98519420743647,56.156342836091184,112.14153704352765,29.243939679000878,3.8346932141996195,112.14153704352766,-1.4210854715202004e-14
0.27,0.0,-5.0529673515228675,5.0529673515228675,5.900147458043505,-11.513230489154646,11.571617059345334,0.0,58.175977772256076,58.47100320519702,116.6469809774531,28.75457904180786,4.056640189649574,116.64698097745311,-1.4210854715202004e-14
0.2705,0.0,-5.138300950555391,5.138300950555391,6.1431533876032045,-11.30866022912238,11.388201133698619,0.0,58.107299604807466,58.51600471039959,116.62330431520706,28.250931527673078,4.12812243734226,116.62330431520708,-1.4210854715202004e-14
0.271,0.0,-4.611959511278189,4.611959511278189,6.369834166688012,-11.110479124804687,11.209071305339767,0.0,51.24107987450075,51.69578301925717,102.93686289375792,27.76261978172619,3.7077503385149786,102.93686289375792,0.0
0.2715,0.0,-5.519809387998746,5.519809387998746,6.5732959613498805,-10.907617499219802,11.02239373046473,0.0,60.20796947289287,60.84151239163774,121.0494818645306,27.261870093984527,4.440248649385238,121.04948186453059,1.4210854715202004e-14
0.272,0.0,-4.148135809293477,4.148135809293477,6.758356416588926,-10.709301831774946,10.836885443593431,0.0,44.423638420917875,44.952872569781135,89.37651099069902,26.771676810975627,3.3384726560742424,89.376510990699,1.4210854715202004e-14
0.2725,0.0,-5.924252157988005,5.924252157988005,6.920848208839033,-10.50926059873527,10.645704836850655,0.0,62.25950978091574,63.06783985301583,125.32734963393158,26.27634842634649,4.76958775246981,125.32734963393158,0.0
0.273,0.0,-4.28793847605614,4.28793847605614,7.06192694983112,-10.309693989597967,10.450672000903076,0.0,44.20733353436185,44.81183857331491,89.01917210767675,25.78140391556848,3.452844243828057,89.01917210767675,0.0
0.2735,0.0,-5.584598207632931,5.584598207632931,7.183151533845898,-10.11279438599855,10.253709727716744,0.0,56.475893402207866,57.26284896699528,113.73874236920315,25.29237348936435,4.496958042195257,113.73874236920314,1.4210854715202004e-14
0.274,0.0,-4.7242172554136275,4.7242172554136275,7.279996595115544,-9.911920422629898,10.047889040436269,0.0,46.826065494874896,47.468410785310496,94.29447628018539,24.792713106906326,3.8033141380528646,94.29447628018539,0.0
0.2745,0.0,-5.057989179787628,5.057989179787628,7.35967461879536,-9.716551254047952,9.84272679627239,0.0,49.14621110782645,49.784405635151494,98.93061674297795,24.30620955650991,4.070178713508271,98.93061674297796,-1.4210854715202004e-14
0.275,0.0,-5.183107912532313,5.183107912532313,7.414091241446255,-9.515223929376422,9.626618164685677,0.0,49.31843243786774,49.89580078030963,99.21423321817737,23.804272247961357,4.1679170942381685,99.21423321817737,0.0
0.2755,0.0,-4.510826871594905,4.510826871594905,7.452639402365334,-9.319405096703282,9.411275938378408,0.0,42.03822293748768,42.45263639883188,84.49085933631956,23.315669671526162,3.6237800812344876,84.49085933631956,0.0
0.276,0.0,-5.66455363384017,5.66455363384017,7.467788363263637,-9.118628490890746,9.186315534107147,0.0,51.652960153713686,52.03637704032904,103.68933719404274,22.814298047443554,4.544927789512315,103.68933719404275,-1.4210854715202004e-14
0.2765,0.0,-4.048866138369014,4.048866138369014,7.466149966474231,-8.920154465681266,8.959343891064085,0.0,36.11651136511803,36.27518410253266,72.39169546765069,22.318395642833952,3.2435886802147627,72.39169546765069,0.0
0.277,0.0,-5.804716358804993,5.804716358804993,7.44617736891964,-8.72099625579355,8.72769821408913,0.0,50.62290963108191,50.6618125980363,101.28472222911822,21.82055584152631,4.641711373656443,101.2847222291182,1.4210854715202004e-14
0.2775,0.0,-4.561665674505055,4.561665674505055,7.40660500357302,-8.518648352537912,8.489297084451984,0.0,38.859225782951235,38.72533511082045,77.58456089377168,21.314566402710504,3.6399783804143215,77.5845608937717,-1.4210854715202004e-14
0.278,0.0,-5.199415495385445,5.199415495385445,7.354290743086142,-8.319919467402997,8.251400121814966,0.0,43.25871819917416,42.902457651990076,86.16117585116424,20.817510813000315,4.138879841357282,86.16117585116424,0.0
0.2785,0.0,-5.096697146490771,5.096697146490771,7.281232381264706,-8.114595995067347,8.004380049554715,0.0,41.35763825298519,40.795900957993176,82.15353921097837,20.303871583767254,4.046200689954093,82.15353921097837,0.0
0.279,0.0,-4.576014364387867,4.576014364387867,7.1983743457728595,-7.913865685416778,7.759853762783165,0.0,36.21396305430341,35.509202284045,71.72316533834842,19.80167148884006,3.62207631708114,71.72316533834842,0.0
0.2795,0.0,-5.653681386059284,5.653681386059284,7.09712088508822,-7.707110693365148,7.507951297332205,0.0,43.573548267377,42.44756449716674,86.02111276454374,19.28436492598764,4.46066609373387,86.02111276454373,1.4210854715202004e-14
0.28,0.0,-4.057266397965066,4.057266397965066,6.985277765126834,-7.501839821833664,7.256622456073187,0.0,30.436962632041958,29.442050453744468,59.879013085786426,18.7707551133409,3.190016210015373,59.879013085786426,0.0
0.2805,0.0,-5.736457989586658,5.736457989586658,6.861233079889971,-7.295246020205359,7.003714855047173,0.0,41.8488723186073,40.17651603702212,82.02538835562942,18.253827915858075,4.493599300581199,82.0253883556294,1.4210854715202004e-14
0.281,0.0,-4.6440273845454785,4.6440273845454785,6.723062277589528,-7.084332036020673,6.746965559473099,0.0,32.899831976492834,31.33309282077828,64.23292479727111,17.726088879025752,3.6236377486109856,64.23292479727111,0.0
0.28150000000000003,5.293532626428578,-4.856142098591638,-0.4373905278369397,6.595441333804522,-6.893984446738927,6.510469814681284,34.913183886189856,33.47816809884489,-2.8476178287099096,65.54373415632483,17.249809889415125,3.799678638576994,65.54373415632483,0.0
0.28200000000000003,5.4151436405268605,-5.4151436405268605,0.0,6.424381504879533,-6.666897738050887,6.240671189118593,34.788948650466786,36.10220888824917,0.0,70.89115753871596,16.681603283855704,4.249660918823297,70.89115753871596,0.0
0.28250000000000003,4.938166143579501,-4.938166143579501,0.0,6.262653968140384,-6.457370335911524,5.989351490605235,30.92602579442466,31.88756756935288,0.0,62.81359336377754,16.157330218595774,3.8876220584688057,62.81359336377754,0.0
0.28300000000000003,4.7211121592177765,-4.7211121592177765,0.0,6.100902990865335,-6.254632378956596,5.746555500577632,28.803047292382434,29.528820975729193,0.0,58.33186826811163,15.650040274868958,3.7272663356516538,58.33186826811162,7.105427357601002e-15
0.28350000000000003,5.566790944145993,-5.566790944145993,0.0,5.929176497453541,-6.0476947761686635,5.502501279462793,33.006486032267624,33.66625251293474,0.0,66.67273854520236,15.13223436635932,4.406007528764123,66.67273854520236,0.0
0.28400000000000003,4.01696581313697,-4.01696581313697,0.0,5.756580512170751,-5.845197907695952,5.265439878004159,23.123987117960414,23.479960166234385,0.0,46.6039472841948,14.625529593239783,3.1864792988922668,46.6039472841948,0.0
0.28450000000000003,5.765862896269517,-5.765862896269517,0.0,5.579646678869323,-5.642971764448247,5.031850012803432,32.17147775998606,32.53660152132868,0.0,64.70807928131474,14.119490081798292,4.582890664354174,64.70807928131475,-1.4210854715202004e-14
0.28500000000000003,4.63472608424918,-4.63472608424918,0.0,5.396901405107186,-5.438978808801478,4.800197885995317,25.013159716371323,25.20817695683074,0.0,50.22133667320206,13.609016508308333,3.690298754692658,50.22133667320207,-7.105427357601002e-15
0.28550000000000003,5.038490613464175,-5.038490613464175,0.0,5.215992394338028,-5.240423390095196,4.5770597142619325,26.280728718772682,26.403824061572756,0.0,52.68455278034544,13.11213473300031,4.0179996509454865,52.684552780345435,7.105427357601002e-15
0.28600000000000003,5.299489964869483,-5.299489964869483,0.0,5.026889162392358,-5.036761264986947,4.353365589885431,26.639948670609463,26.69226577924165,0.0,53.332214449851115,12.60246229935544,4.2318884344195835,53.332214449851115,0.0
0.28650000000000003,4.302724281914044,-4.302724281914044,0.0,4.840642580888104,-4.838676568651538,4.13854554642112,20.82795037285431,20.819491164265497,0.0,41.6474415371198,12.106733299800547,3.4400230438549375,41.64744153711981,-7.105427357601002e-15
0.28700000000000003,5.978453861473433,-5.978453861473433,0.0,4.649508495859414,-4.638048977318463,3.925693779782574,27.796872021024246,27.72836181815247,0.0,55.52523383917672,11.604631870976643,4.7847475436119735,55.525233839176714,7.105427357601002e-15
0.28750000000000003,4.406722401929084,-4.406722401929084,0.0,4.456585313933805,-4.437659402118363,3.717283847464663,19.638934339020256,19.555533099446215,0.0,39.194467438466475,11.103118639488274,3.5300413074099053,39.194467438466475,0.0
0.28800000000000003,5.267292028640121,-5.267292028640121,0.0,4.2656212673818965,-4.240950008439697,3.5162092065100388,22.468272898878432,22.338322173315667,0.0,44.8065950721941,10.610808823495413,4.222731350411222,44.8065950721941,0.0
0.2885,5.104865121579429,-5.104865121579429,0.0,4.068140703251621,-4.039239627248894,3.3152611691885188,20.767309585706812,20.619773490844373,0.0,41.387083076551185,10.105985406554364,4.095304061067521,41.38708307655119,-7.105427357601002e-15
0.289,4.504561664426742,-4.504561664426742,0.0,3.875273001795973,-3.8433643670844035,3.1233489515077775,17.456406203078085,17.31267179039215,0.0,34.76907799347023,9.615763352167196,3.6158416882871807,34.76907799347023,0.0
0.2895,5.815854371304745,-5.815854371304745,0.0,3.677224836059545,-3.6434097038052076,2.9323050539141535,21.386204137067278,21.189540252329643,0.0,42.57574438939692,9.115340495711232,4.670779375650181,42.57574438939692,0.0
0.29,4.24662541874399,-4.24662541874399,0.0,3.479948590635792,-3.4451111926078455,2.746718604530266,14.778038140916276,14.630096760927897,0.0,29.40813490184417,8.619070006252729,3.4119846898226793,29.408134901844175,-3.552713678800501e-15
0.2905,5.419149306385627,-5.419149306385627,0.0,3.284152129317435,-3.249019109971497,2.566887411336013,17.797310733655458,17.606919656235686,0.0,35.40423038989114,8.128331417654904,4.355657830707102,35.40423038989114,0.0
0.291,4.974641022421304,-4.974641022421304,0.0,3.083134585676833,-3.048377801553282,2.3873489051274572,15.337487787553885,15.164585263445424,0.0,30.502073050999307,7.626226328710234,3.9996286152915546,30.50207305099931,-3.552713678800501e-15
0.2915,4.634572945293949,-4.634572945293949,0.0,2.8874126547269974,-2.853479077462229,2.21604231599333,13.381924571497121,13.224656932368784,0.0,26.606581503865904,7.138504641740861,3.7271925759198474,26.606581503865907,-3.552713678800501e-15
0.292,5.713953262026976,-5.713953262026976,0.0,2.6864086578030637,-2.6537734334772076,2.044566407752376,15.350013513391326,15.16353736689762,0.0,30.513550880288946,6.638776456423443,4.596261235873536,30.51355088028895,-3.552713678800501e-15
0.2925,4.145401954473019,-4.145401954473019,0.0,2.4875591674350734,-2.4565312554332985,1.8783843165969027,10.31193263455263,10.183309467497256,0.0,20.495242102049886,6.14523144640588,3.3351456785304316,20.495242102049886,0.0
0.293,5.5067265582363705,-5.5067265582363705,0.0,2.289694836703135,-2.260529438737924,1.7163295006280401,12.608723367529844,12.448117495973282,0.0,25.056840863503126,5.654810610140593,4.431066324055042,25.056840863503123,3.552713678800501e-15
0.2935,4.899385503579753,-4.899385503579753,0.0,2.0874335044872794,-2.0603992013698424,1.5541220395037667,10.227141451571658,10.094689978778705,0.0,20.321831430350365,5.154084257066662,3.942859762621751,20.321831430350365,0.0
0.294,4.705520740931765,-4.705520740931765,0.0,1.8906693292523225,-1.865861221733949,1.398885568298122,8.89658374304035,8.77984867856938,0.0,17.676432421609732,4.667368758396961,3.7872371643677067,17.676432421609732,0.0
0.2945,5.663015887300882,-5.663015887300882,0.0,1.6886010415795951,-1.6662170477993878,1.2423368178895828,9.562574525778064,9.435813613379507,0.0,18.99838813915757,4.167901657624958,4.55826209440451,18.99838813915757,0.0
0.295,4.093183051482024,-4.093183051482024,0.0,1.489319167122409,-1.4694203203151268,1.0901928769174178,6.096055973112769,6.014606350617163,0.0,12.110662323729933,3.675577657401402,3.294900408196532,12.110662323729931,1.7763568394002505e-15
0.2955,5.542908694514218,-5.542908694514218,0.0,1.2907264826590559,-1.273376583047284,0.9406253547278318,7.154379042970636,7.058210133563597,0.0,14.212589176534234,3.1851561311909924,4.462132652574198,14.212589176534232,1.7763568394002505e-15
0.296,4.869012689787976,-4.869012689787976,0.0,1.0881270240887473,-1.0734337335980761,0.7899459271812026,5.298104288389337,5.2265624705355185,0.0,10.524666758924855,2.684998872278181,3.919803046321146,10.524666758924855,0.0
0.2965,4.73022213166618,-4.73022213166618,0.0,0.8910674851199742,-0.8789946054257293,0.6448173585709299,4.214947138922627,4.157839736199966,0.0,8.372786875122593,2.1986233392846097,3.8081952126674583,8.372786875122591,1.7763568394002505e-15
0.297,5.652785791141519,-5.652785791141519,0.0,0.6887256195437207,-0.6793716683302853,0.49711580336140837,3.8932183961518843,3.8403425136415454,0.0,7.73356090979343,1.6992943484355607,4.551042564764168,7.73356090979343,0.0
0.2975,4.079599867791135,-4.079599867791135,0.0,0.4893357853704974,-0.48267887942557985,0.35251951175464524,1.9962942053029522,1.9691366926901688,0.0,3.965430897993121,1.2073046498032292,3.284532117588896,3.9654308979931208,4.440892098500626e-16
0.298,5.5404376045611246,-5.5404376045611246,0.0,0.2905977115438794,-0.2866404009552208,0.2090814632772954,1.610038488837116,1.5881132564387839,0.0,3.1981517452759,0.716958874472866,4.46071854208834,3.1981517452759003,-4.440892098500626e-16
0.2985,4.873020157109416,-4.873020157109416,0.0,0.08791607416829901,-0.08671827844847711,0.06321531020436516,0.4284168015560475,0.422579918869256,0.0,0.8509967204253035,0.2169035404267315,3.9233878744029274,0.8509967204253035,0.0
0.299,4.721287145488459,-4.721287145488459,0.0,-0.10920063982070868,0.10771289564570515,-0.07852252096847784,-0.5155675770646271,-0.5085435096154075,-0.0,-1.0241110866800347,-0.26941622216359246,3.801222801120651,-1.0241110866800345,-2.220446049250313e-16
0.2995,5.672645971581706,-5.672645971581706,0.0,-0.3115254098360799,0.3072834535352693,-0.2241620102087268,-1.7671733611519786,-1.7431102448305598,-0.0,-3.510283605982538,-0.7685925305630092,4.5671581057536255,-3.5102836059825386,4.440892098500626e-16
0.3,4.093929111091449,-4.093929111091449,0.0,-0.511010532532262,0.5040597584090261,-0.3681978177141661,-2.0920408952081715,-2.0635849186804345,-0.0,-4.155625813888606,-1.2607844380602733,3.29606369529915,-4.155625813888607,8.881784197001252e-16
