t,targetRpm,actualRpm,feedbackRpm,duty,carrier,pwmOn,electricalStep,hallState,ahBase,bhBase,chBase,alBase,blBase,clBase,ahPwm,bhPwm,chPwm,alPwm,blPwm,clPwm
0,0,0,0,0.12,0,1,0,5,1,0,0,0,1,0,1,0,0,0,1,0
0.0001,0,0.78,0,0.12,0.05,1,0,5,1,0,0,0,1,0,1,0,0,0,1,0
0.0002,0,1.55805,0,0.12,0.1,1,0,5,1,0,0,0,1,0,1,0,0,0,1,0
0.0003,0,2.334154875,0,0.12,0.15,0,0,5,1,0,0,0,1,0,0,0,0,0,1,0
0.0004,0,3.1083194878125,0,0.12,0.2,0,0,5,1,0,0,0,1,0,0,0,0,0,1,0
0.0005,0,3.88054868909297,0,0.12,0.25,0,0,5,1,0,0,0,1,0,0,0,0,0,1,0
0.0006,0,4.65084731737024,0,0.12,0.3,0,0,5,1,0,0,0,1,0,0,0,0,0,1,0
0.0007,0,5.41922019907681,0,0.12,0.35,0,0,5,1,0,0,0,1,0,0,0,0,0,1,0
0.0008,0,6.18567214857912,0,0.12,0.4,0,0,5,1,0,0,0,1,0,0,0,0,0,1,0
0.0009,0,6.95020796820767,0,0.12,0.45,0,0,5,1,0,0,0,1,0,0,0,0,0,1,0
0.001,0,7.71283244828715,0,0.12,0.5,0,0,5,1,0,0,0,1,0,0,0,0,0,1,0
0.0011,0,8.47355036716644,0,0.12,0.55,0,0,5,1,0,0,0,1,0,0,0,0,0,1,0
0.0012,0,9.23236649124852,0,0.12,0.6,0,0,5,1,0,0,0,1,0,0,0,0,0,1,0
0.0013,0,9.9892855750204,0,0.12,0.65,0,0,5,1,0,0,0,1,0,0,0,0,0,1,0
0.0014,0,10.7443123610828,0,0.12,0.7,0,0,5,1,0,0,0,1,0,0,0,0,0,1,0
0.0015,0,11.4974515801801,0,0.12,0.75,0,0,5,1,0,0,0,1,0,0,0,0,0,1,0
0.0016,0,12.2487079512297,0,0.12,0.8,0,0,5,1,0,0,0,1,0,0,0,0,0,1,0
0.0017,0,12.9980861813516,0,0.12,0.85,0,0,5,1,0,0,0,1,0,0,0,0,0,1,0
0.0018,0,13.7455909658982,0,0.12,0.9,0,0,5,1,0,0,0,1,0,0,0,0,0,1,0
0.0019,0,14.4912269884835,0,0.12,0.95,0,0,5,1,0,0,0,1,0,0,0,0,0,1,0
0.002,0,15.2349989210123,0,0.12,0,1,0,5,1,0,0,0,1,0,1,0,0,0,1,0
0.0021,0,15.9769114237097,0,0.12,0.05,1,0,5,1,0,0,0,1,0,1,0,0,0,1,0
0.0022,0,16.7169691451505,0,0.12,0.1,1,0,5,1,0,0,0,1,0,1,0,0,0,1,0
0.0023,0,17.4551767222876,0,0.12,0.15,0,0,5,1,0,0,0,1,0,0,0,0,0,1,0
0.0024,0,18.1915387804819,0,0.12,0.2,0,0,5,1,0,0,0,1,0,0,0,0,0,1,0
0.0025,0,18.9260599335307,0,0.12,0.25,0,0,5,1,0,0,0,1,0,0,0,0,0,1,0
0.0026,0,19.6587447836969,0,0.12,0.3,0,0,5,1,0,0,0,1,0,0,0,0,0,1,0
0.0027,0,20.3895979217376,0,0.12,0.35,0,0,5,1,0,0,0,1,0,0,0,0,0,1,0
0.0028,0,21.1186239269333,0,0.12,0.4,0,0,5,1,0,0,0,1,0,0,0,0,0,1,0
0.0029,0,21.8458273671159,0,0.12,0.45,0,0,5,1,0,0,0,1,0,0,0,0,0,1,0
0.003,0,22.5712127986981,0,0.12,0.5,0,0,5,1,0,0,0,1,0,0,0,0,0,1,0
0.0031,0,23.2947847667014,0,0.12,0.55,0,0,5,1,0,0,0,1,0,0,0,0,0,1,0
0.0032,0,24.0165478047846,0,0.12,0.6,0,0,5,1,0,0,0,1,0,0,0,0,0,1,0
0.0033,0,24.7365064352727,0,0.12,0.65,0,0,5,1,0,0,0,1,0,0,0,0,0,1,0
0.0034,0,25.4546651691845,0,0.12,0.7,0,0,5,1,0,0,0,1,0,0,0,0,0,1,0
0.0035,0,26.1710285062615,0,0.12,0.75,0,0,5,1,0,0,0,1,0,0,0,0,0,1,0
0.0036,0,26.8856009349959,0,0.12,0.8,0,0,5,1,0,0,0,1,0,0,0,0,0,1,0
0.0037,0,27.5983869326584,0,0.12,0.85,0,0,5,1,0,0,0,1,0,0,0,0,0,1,0
0.0038,0,28.3093909653267,0,0.12,0.9,0,0,5,1,0,0,0,1,0,0,0,0,0,1,0
0.0039,0,29.0186174879134,0,0.12,0.95,0,0,5,1,0,0,0,1,0,0,0,0,0,1,0
0.004,0,29.7260709441936,0,0.12,0,1,0,5,1,0,0,0,1,0,1,0,0,0,1,0
0.0041,0,30.4317557668332,0,0.12,0.0500000000000003,1,0,5,1,0,0,0,1,0,1,0,0,0,1,0
0.0042,0,31.1356763774161,0,0.12,0.1,1,0,5,1,0,0,0,1,0,1,0,0,0,1,0
0.0043,0,31.8378371864725,0,0.12,0.15,0,0,5,1,0,0,0,1,0,0,0,0,0,1,0
0.0044,0,32.5382425935064,0,0.12,0.2,0,0,5,1,0,0,0,1,0,0,0,0,0,1,0
0.0045,0,33.2368969870226,0,0.12,0.25,0,0,5,1,0,0,0,1,0,0,0,0,0,1,0
0.0046,0,33.933804744555,0,0.12,0.3,0,0,5,1,0,0,0,1,0,0,0,0,0,1,0
0.0047,0,34.6289702326936,0,0.12,0.35,0,0,5,1,0,0,0,1,0,0,0,0,0,1,0
0.0048,0,35.3223978071119,0,0.12,0.4,0,0,5,1,0,0,0,1,0,0,0,0,0,1,0
0.0049,0,36.0140918125941,0,0.12,0.45,0,0,5,1,0,0,0,1,0,0,0,0,0,1,0
0.005,0,36.7040565830626,0,0.12,0.5,0,0,5,1,0,0,0,1,0,0,0,0,0,1,0
0.0051,0,37.392296441605,0,0.12,0.55,0,0,5,1,0,0,0,1,0,0,0,0,0,1,0
0.0052,0,38.078815700501,0,0.12,0.600000000000001,0,0,5,1,0,0,0,1,0,0,0,0,0,1,0
0.0053,0,38.7636186612497,0,0.12,0.65,0,0,5,1,0,0,0,1,0,0,0,0,0,1,0
0.0054,0,39.4467096145966,0,0.12,0.7,0,0,5,1,0,0,0,1,0,0,0,0,0,1,0
0.0055,0,40.1280928405601,0,0.12,0.75,0,0,5,1,0,0,0,1,0,0,0,0,0,1,0
0.0056,0,40.8077726084587,0,0.12,0.8,0,0,5,1,0,0,0,1,0,0,0,0,0,1,0
0.0057,0,41.4857531769376,0,0.12,0.85,0,0,5,1,0,0,0,1,0,0,0,0,0,1,0
0.0058,0,42.1620387939952,0,0.12,0.9,0,0,5,1,0,0,0,1,0,0,0,0,0,1,0
0.0059,0,42.8366336970102,0,0.12,0.95,0,0,5,1,0,0,0,1,0,0,0,0,0,1,0
0.006,0,43.5095421127677,0,0.12,0,1,0,5,1,0,0,0,1,0,1,0,0,0,1,0
0.0061,0,44.1807682574858,0,0.12,0.0500000000000003,1,0,5,1,0,0,0,1,0,1,0,0,0,1,0
0.0062,0,44.8503163368421,0,0.12,0.100000000000001,1,0,5,1,0,0,0,1,0,1,0,0,0,1,0
0.0063,0,45.518190546,0,0.12,0.15,0,0,5,1,0,0,0,1,0,0,0,0,0,1,0
0.0064,0,46.184395069635,0,0.12,0.2,0,0,5,1,0,0,0,1,0,0,0,0,0,1,0
0.0065,0,46.8489340819609,0,0.12,0.25,0,0,5,1,0,0,0,1,0,0,0,0,0,1,0
0.0066,0,47.511811746756,0,0.12,0.3,0,0,5,1,0,0,0,1,0,0,0,0,0,1,0
0.0067,0,48.1730322173891,0,0.12,0.35,0,0,5,1,0,0,0,1,0,0,0,0,0,1,0
0.0068,0,48.8325996368456,0,0.12,0.4,0,0,5,1,0,0,0,1,0,0,0,0,0,1,0
0.0069,0,49.4905181377535,0,0.12,0.45,0,0,5,1,0,0,0,1,0,0,0,0,0,1,0
0.007,0,50.1467918424091,0,0.12,0.5,0,0,5,1,0,0,0,1,0,0,0,0,0,1,0
0.0071,0,50.8014248628031,0,0.12,0.55,0,0,5,1,0,0,0,1,0,0,0,0,0,1,0
0.0072,0,51.4544213006461,0,0.12,0.600000000000001,0,0,5,1,0,0,0,1,0,0,0,0,0,1,0
0.0073,0,52.1057852473945,0,0.12,0.65,0,0,5,1,0,0,0,1,0,0,0,0,0,1,0
0.0074,0,52.755520784276,0,0.12,0.7,0,0,5,1,0,0,0,1,0,0,0,0,0,1,0
0.0075,0,53.4036319823153,0,0.12,0.75,0,0,5,1,0,0,0,1,0,0,0,0,0,1,0
0.0076,0,54.0501229023595,0,0.12,0.8,0,0,5,1,0,0,0,1,0,0,0,0,0,1,0
0.0077,0,54.6949975951036,0,0.12,0.85,0,0,5,1,0,0,0,1,0,0,0,0,0,1,0
0.0078,0,55.3382601011159,0,0.12,0.9,0,0,5,1,0,0,0,1,0,0,0,0,0,1,0
0.0079,0,55.9799144508631,0,0.12,0.95,0,0,5,1,0,0,0,1,0,0,0,0,0,1,0
0.008,0,56.6199646647359,0,0.12,0,1,0,5,1,0,0,0,1,0,1,0,0,0,1,0
0.0081,0,57.2584147530741,0,0.12,0.0499999999999998,1,0,5,1,0,0,0,1,0,1,0,0,0,1,0
0.0082,0,57.8952687161914,0,0.12,0.100000000000001,1,0,5,1,0,0,0,1,0,1,0,0,0,1,0
0.0083,0,58.5305305444009,0,0.12,0.15,0,0,5,1,0,0,0,1,0,0,0,0,0,1,0
0.0084,0,59.1642042180399,0,0.12,0.2,0,0,5,1,0,0,0,1,0,0,0,0,0,1,0
0.0085,0,59.7962937074948,0,0.12,0.25,0,0,5,1,0,0,0,1,0,0,0,0,0,1,0
0.0086,0,60.4268029732261,0,0.12,0.3,0,0,5,1,0,0,0,1,0,0,0,0,0,1,0
0.0087,0,61.055735965793,0,0.12,0.350000000000001,0,0,5,1,0,0,0,1,0,0,0,0,0,1,0
0.0088,0,61.6830966258785,0,0.12,0.4,0,0,5,1,0,0,0,1,0,0,0,0,0,1,0
0.0089,0,62.3088888843138,0,0.12,0.45,0,0,5,1,0,0,0,1,0,0,0,0,0,1,0
0.009,0,62.933116662103,0,0.12,0.500000000000001,0,0,5,1,0,0,0,1,0,0,0,0,0,1,0
0.0091,0,63.5557838704478,0,0.12,0.55,0,0,5,1,0,0,0,1,0,0,0,0,0,1,0
0.0092,0,64.1768944107717,0,0.12,0.6,0,0,5,1,0,0,0,1,0,0,0,0,0,1,0
0.0093,0,64.7964521747447,0,0.12,0.65,0,0,5,1,0,0,0,1,0,0,0,0,0,1,0
0.0094,0,65.4144610443079,0,0.12,0.7,0,0,5,1,0,0,0,1,0,0,0,0,0,1,0
0.0095,0,66.0309248916971,0,0.12,0.75,0,0,5,1,0,0,0,1,0,0,0,0,0,1,0
0.0096,0,66.6458475794679,0,0.12,0.800000000000001,0,0,5,1,0,0,0,1,0,0,0,0,0,1,0
0.0097,0,67.2592329605192,0,0.12,0.850000000000001,0,0,5,1,0,0,0,1,0,0,0,0,0,1,0
0.0098,0,67.8710848781179,0,0.12,0.899999999999999,0,0,5,1,0,0,0,1,0,0,0,0,0,1,0
0.0099,0,68.4814071659226,0,0.12,0.95,0,0,5,1,0,0,0,1,0,0,0,0,0,1,0
0.01,0,69.0902036480078,0,0.12,0,1,0,5,1,0,0,0,1,0,1,0,0,0,1,0
0.0101,0,69.6974781388878,0,0.12,0.0500000000000007,1,0,5,1,0,0,0,1,0,1,0,0,0,1,0
0.0102,0,70.3032344435406,0,0.12,0.100000000000001,1,0,5,1,0,0,0,1,0,1,0,0,0,1,0
0.0103,0,70.9074763574317,0,0.12,0.15,0,0,5,1,0,0,0,1,0,0,0,0,0,1,0
0.0104,0,71.5102076665381,0,0.12,0.200000000000001,0,0,5,1,0,0,0,1,0,0,0,0,0,1,0
0.0105,0,72.1114321473718,0,0.12,0.25,0,0,5,1,0,0,0,1,0,0,0,0,0,1,0
0.0106,0,72.7111535670034,0,0.12,0.3,0,0,5,1,0,0,0,1,0,0,0,0,0,1,0
0.0107,0,73.3093756830858,0,0.12,0.350000000000001,0,0,5,1,0,0,0,1,0,0,0,0,0,1,0
0.0108,0,73.9061022438781,0,0.12,0.4,0,0,5,1,0,0,0,1,0,0,0,0,0,1,0
0.0109,0,74.5013369882684,0,0.12,0.45,0,0,5,1,0,0,0,1,0,0,0,0,0,1,0
0.011,0,75.0950836457978,0,0.12,0.500000000000001,0,0,5,1,0,0,0,1,0,0,0,0,0,1,0
0.0111,0,75.6873459366833,0,0.12,0.55,0,0,5,1,0,0,0,1,0,0,0,0,0,1,0
0.0112,0,76.2781275718416,0,0.12,0.6,0,0,5,1,0,0,0,1,0,0,0,0,0,1,0
0.0113,0,76.867432252912,0,0.12,0.65,0,0,5,1,0,0,0,1,0,0,0,0,0,1,0
0.0114,0,77.4552636722797,0,0.12,0.7,0,0,5,1,0,0,0,1,0,0,0,0,0,1,0
0.0115,0,78.041625513099,0,0.12,0.75,0,0,5,1,0,0,0,1,0,0,0,0,0,1,0
0.0116,0,78.6265214493162,0,0.12,0.800000000000001,0,0,5,1,0,0,0,1,0,0,0,0,0,1,0
0.0117,0,79.209955145693,0,0.12,0.850000000000001,0,0,5,1,0,0,0,1,0,0,0,0,0,1,0
0.0118,0,79.7919302578287,0,0.12,0.899999999999999,0,0,5,1,0,0,0,1,0,0,0,0,0,1,0
0.0119,0,80.3724504321842,0,0.12,0.95,0,0,5,1,0,0,0,1,0,0,0,0,0,1,0
0.012,0,80.9515193061037,0,0.12,0,1,0,5,1,0,0,0,1,0,1,0,0,0,1,0
0.0121,0,81.5291405078384,0,0.12,0.0500000000000007,1,0,5,1,0,0,0,1,0,1,0,0,0,1,0
0.0122,0,82.1053176565688,0,0.12,0.100000000000001,1,0,5,1,0,0,0,1,0,1,0,0,0,1,0
0.0123,0,82.6800543624274,0,0.12,0.15,0,0,5,1,0,0,0,1,0,0,0,0,0,1,0
0.0124,0,83.2533542265214,0,0.12,0.200000000000001,0,0,5,1,0,0,0,1,0,0,0,0,0,1,0
0.0125,0,83.8252208409551,0,0.12,0.25,0,0,5,1,0,0,0,1,0,0,0,0,0,1,0
0.0126,0,84.3956577888527,0,0.12,0.3,0,0,5,1,0,0,0,1,0,0,0,0,0,1,0
0.0127,0,84.9646686443805,0,0.12,0.350000000000001,0,0,5,1,0,0,0,1,0,0,0,0,0,1,0
0.0128,0,85.5322569727696,0,0.12,0.4,0,0,5,1,0,0,0,1,0,0,0,0,0,1,0
0.0129,0,86.0984263303377,0,0.12,0.45,0,0,5,1,0,0,0,1,0,0,0,0,0,1,0
0.013,0,86.6631802645118,0,0.12,0.500000000000001,0,0,5,1,0,0,0,1,0,0,0,0,0,1,0
0.0131,0,87.2265223138505,0,0.12,0.550000000000001,0,0,5,1,0,0,0,1,0,0,0,0,0,1,0
0.0132,0,87.7884560080659,0,0.12,0.6,0,0,5,1,0,0,0,1,0,0,0,0,0,1,0
0.0133,0,88.3489848680457,0,0.12,0.65,0,0,5,1,0,0,0,1,0,0,0,0,0,1,0
0.0134,0,88.9081124058756,0,0.12,0.7,0,0,5,1,0,0,0,1,0,0,0,0,0,1,0
0.0135,0,89.4658421248609,0,0.12,0.75,0,0,5,1,0,0,0,1,0,0,0,0,0,1,0
0.0136,0,90.0221775195488,0,0.12,0.800000000000001,0,0,5,1,0,0,0,1,0,0,0,0,0,1,0
0.0137,0,90.5771220757499,0,0.12,0.850000000000001,0,0,5,1,0,0,0,1,0,0,0,0,0,1,0
0.0138,0,91.1306792705605,0,0.12,0.9,0,0,5,1,0,0,0,1,0,0,0,0,0,1,0
0.0139,0,91.6828525723841,0,0.12,0.95,0,0,5,1,0,0,0,1,0,0,0,0,0,1,0
0.014,0,92.2336454409532,0,0.12,0,1,0,5,1,0,0,0,1,0,1,0,0,0,1,0
0.0141,0,92.7830613273508,0,0.12,0.0500000000000007,1,0,5,1,0,0,0,1,0,1,0,0,0,1,0
0.0142,0,93.3311036740324,0,0.12,0.100000000000001,1,0,5,1,0,0,0,1,0,1,0,0,0,1,0
0.0143,0,93.8777759148473,0,0.12,0.15,0,0,5,1,0,0,0,1,0,0,0,0,0,1,0
0.0144,0,94.4230814750602,0,0.12,0.200000000000001,0,0,5,1,0,0,0,1,0,0,0,0,0,1,0
0.0145,0,94.9670237713725,0,0.12,0.25,0,0,5,1,0,0,0,1,0,0,0,0,0,1,0
0.0146,0,95.5096062119441,0,0.12,0.3,0,0,5,1,0,0,0,1,0,0,0,0,0,1,0
0.0147,0,96.0508321964142,0,0.12,0.350000000000001,0,0,5,1,0,0,0,1,0,0,0,0,0,1,0
0.0148,0,96.5907051159232,0,0.12,0.4,0,0,5,1,0,0,0,1,0,0,0,0,0,1,0
0.0149,0,97.1292283531334,0,0.12,0.45,0,0,5,1,0,0,0,1,0,0,0,0,0,1,0
0.015,0,97.6664052822506,0,0.12,0.500000000000001,0,0,5,1,0,0,0,1,0,0,0,0,0,1,0
0.0151,0,98.2022392690449,0,0.12,0.550000000000001,0,0,5,1,0,0,0,1,0,0,0,0,0,1,0
0.0152,0,98.7367336708723,0,0.12,0.6,0,0,5,1,0,0,0,1,0,0,0,0,0,1,0
0.0153,0,99.2698918366952,0,0.12,0.65,0,0,5,1,0,0,0,1,0,0,0,0,0,1,0
0.0154,0,99.8017171071034,0,0.12,0.7,0,0,5,1,0,0,0,1,0,0,0,0,0,1,0
0.0155,0,100.332212814336,0,0.12,0.75,0,0,5,1,0,0,0,1,0,0,0,0,0,1,0
0.0156,0,100.8613822823,0,0.12,0.800000000000001,0,0,5,1,0,0,0,1,0,0,0,0,0,1,0
0.0157,0,101.389228826594,0,0.12,0.850000000000001,0,0,5,1,0,0,0,1,0,0,0,0,0,1,0
0.0158,0,101.915755754528,0,0.12,0.9,0,0,5,1,0,0,0,1,0,0,0,0,0,1,0
0.0159,0,102.440966365141,0,0.12,0.95,0,0,5,1,0,0,0,1,0,0,0,0,0,1,0
0.016,0,102.964863949228,0,0.12,0,1,0,5,1,0,0,0,1,0,1,0,0,0,1,0
0.0161,0,103.487451789355,0,0.12,0.0500000000000007,1,0,5,1,0,0,0,1,0,1,0,0,0,1,0
0.0162,0,104.008733159882,0,0.12,0.0999999999999996,1,0,5,1,0,0,0,1,0,1,0,0,0,1,0
0.0163,0,104.528711326982,0,0.12,0.15,0,0,5,1,0,0,0,1,0,0,0,0,0,1,0
0.0164,0,105.047389548665,0,0.12,0.200000000000001,0,0,5,1,0,0,0,1,0,0,0,0,0,1,0
0.0165,0,105.564771074793,0,0.12,0.25,0,0,5,1,0,0,0,1,0,0,0,0,0,1,0
0.0166,0,106.080859147106,0,0.12,0.300000000000001,0,0,5,1,0,0,0,1,0,0,0,0,0,1,0
0.0167,0,106.595656999238,0,0.12,0.35,0,0,5,1,0,0,0,1,0,0,0,0,0,1,0
0.0168,0,107.10916785674,0,0.12,0.4,0,0,5,1,0,0,0,1,0,0,0,0,0,1,0
0.0169,0,107.621394937098,0,0.12,0.450000000000001,0,0,5,1,0,0,0,1,0,0,0,0,0,1,0
0.017,0,108.132341449756,0,0.12,0.5,0,0,5,1,0,0,0,1,0,0,0,0,0,1,0
0.0171,0,108.642010596131,0,0.12,0.550000000000001,0,0,5,1,0,0,0,1,0,0,0,0,0,1,0
0.0172,0,109.150405569641,0,0.12,0.6,0,0,5,1,0,0,0,1,0,0,0,0,0,1,0
0.0173,0,109.657529555717,0,0.12,0.65,0,0,5,1,0,0,0,1,0,0,0,0,0,1,0
0.0174,0,110.163385731828,0,0.12,0.700000000000001,0,0,5,1,0,0,0,1,0,0,0,0,0,1,0
0.0175,0,110.667977267498,0,0.12,0.75,0,0,5,1,0,0,0,1,0,0,0,0,0,1,0
0.0176,0,111.171307324329,0,0.12,0.800000000000001,0,0,5,1,0,0,0,1,0,0,0,0,0,1,0
0.0177,0,111.673379056018,0,0.12,0.85,0,0,5,1,0,0,0,1,0,0,0,0,0,1,0
0.0178,0,112.174195608378,0,0.12,0.9,0,0,5,1,0,0,0,1,0,0,0,0,0,1,0
0.0179,0,112.673760119357,0,0.12,0.949999999999999,0,0,5,1,0,0,0,1,0,0,0,0,0,1,0
0.018,0,113.172075719059,0,0.12,1.77635683940025e-15,1,0,5,1,0,0,0,1,0,1,0,0,0,1,0
0.0181,0,113.669145529761,0,0.12,0.0500000000000007,1,0,5,1,0,0,0,1,0,1,0,0,0,1,0
0.0182,0,114.164972665937,0,0.12,0.0999999999999996,1,0,5,1,0,0,0,1,0,1,0,0,0,1,0
0.0183,0,114.659560234272,0,0.12,0.15,0,0,5,1,0,0,0,1,0,0,0,0,0,1,0
0.0184,0,115.152911333686,0,0.12,0.199999999999999,0,0,5,1,0,0,0,1,0,0,0,0,0,1,0
0.0185,0,115.645029055352,0,0.12,0.250000000000002,0,0,5,1,0,0,0,1,0,0,0,0,0,1,0
0.0186,0,116.135916482714,0,0.12,0.300000000000001,0,0,5,1,0,0,0,1,0,0,0,0,0,1,0
0.0187,0,116.625576691507,0,0.12,0.350000000000001,0,0,5,1,0,0,0,1,0,0,0,0,0,1,0
0.0188,0,117.114012749778,0,0.12,0.4,0,0,5,1,0,0,0,1,0,0,0,0,0,1,0
0.0189,0,117.601227717904,0,0.12,0.449999999999999,0,0,5,1,0,0,0,1,0,0,0,0,0,1,0
0.019,0,118.087224648609,0,0.12,0.5,0,0,5,1,0,0,0,1,0,0,0,0,0,1,0
0.0191,0,118.572006586988,0,0.12,0.550000000000001,0,0,5,1,0,0,0,1,0,0,0,0,0,1,0
0.0192,0,119.05557657052,0,0.12,0.600000000000001,0,0,5,1,0,0,0,1,0,0,0,0,0,1,0
0.0193,0,119.537937629094,0,0.12,0.65,0,0,5,1,0,0,0,1,0,0,0,0,0,1,0
0.0194,0,120.019092785021,0,0.12,0.700000000000001,0,0,5,1,0,0,0,1,0,0,0,0,0,1,0
0.0195,0,120.499045053059,0,0.12,0.75,0,0,5,1,0,0,0,1,0,0,0,0,0,1,0
0.0196,0,120.977797440426,0,0.12,0.799999999999999,0,0,5,1,0,0,0,1,0,0,0,0,0,1,0
0.0197,0,121.455352946825,0,0.12,0.850000000000001,0,0,5,1,0,0,0,1,0,0,0,0,0,1,0
0.0198,0,121.931714564458,0,0.12,0.9,0,0,5,1,0,0,0,1,0,0,0,0,0,1,0
0.0199,0,122.406885278047,0,0.12,0.950000000000001,0,0,5,1,0,0,0,1,0,0,0,0,0,1,0
0.02,0,122.880868064851,0,0.12,0,1,0,5,1,0,0,0,1,0,1,0,0,0,1,0
0.0201,0,123.353665894689,0,0.12,0.0500000000000007,1,0,5,1,0,0,0,1,0,1,0,0,0,1,0
0.0202,0,123.825281729953,0,0.12,0.100000000000001,1,0,5,1,0,0,0,1,0,1,0,0,0,1,0
0.0203,0,124.295718525628,0,0.12,0.15,0,0,5,1,0,0,0,1,0,0,0,0,0,1,0
0.0204,0,124.764979229314,0,0.12,0.200000000000001,0,0,5,1,0,0,0,1,0,0,0,0,0,1,0
0.0205,0,125.23306678124,0,0.12,0.25,0,0,5,1,0,0,0,1,0,0,0,0,0,1,0
0.0206,0,125.699984114287,0,0.12,0.300000000000001,0,0,5,1,0,0,0,1,0,0,0,0,0,1,0
0.0207,0,126.165734154002,0,0.12,0.35,0,0,5,1,0,0,0,1,0,0,0,0,0,1,0
0.0208,0,126.630319818617,0,0.12,0.400000000000002,0,0,5,1,0,0,0,1,0,0,0,0,0,1,0
0.0209,0,127.09374401907,0,0.12,0.450000000000001,0,0,5,1,0,0,0,1,0,0,0,0,0,1,0
0.021,0,127.556009659022,0,0.12,0.5,0,0,5,1,0,0,0,1,0,0,0,0,0,1,0
0.0211,0,128.017119634875,0,0.12,0.550000000000001,0,0,5,1,0,0,0,1,0,0,0,0,0,1,0
0.0212,0,128.477076835788,0,0.12,0.6,0,0,5,1,0,0,0,1,0,0,0,0,0,1,0
0.0213,0,128.935884143698,0,0.12,0.65,0,0,5,1,0,0,0,1,0,0,0,0,0,1,0
0.0214,0,129.393544433339,0,0.12,0.700000000000001,0,0,5,1,0,0,0,1,0,0,0,0,0,1,0
0.0215,0,129.850060572256,0,0.12,0.75,0,0,5,1,0,0,0,1,0,0,0,0,0,1,0
0.0216,0,130.305435420825,0,0.12,0.800000000000001,0,0,5,1,0,0,0,1,0,0,0,0,0,1,0
0.0217,0,130.759671832273,0,0.12,0.85,0,0,5,1,0,0,0,1,0,0,0,0,0,1,0
0.0218,0,131.212772652692,0,0.12,0.9,0,0,5,1,0,0,0,1,0,0,0,0,0,1,0
0.0219,0,131.66474072106,0,0.12,0.949999999999999,0,0,5,1,0,0,0,1,0,0,0,0,0,1,0
0.022,0,132.115578869258,0,0.12,1.77635683940025e-15,1,0,5,1,0,0,0,1,0,1,0,0,0,1,0
0.0221,0,132.565289922085,0,0.12,0.0500000000000007,1,0,5,1,0,0,0,1,0,1,0,0,0,1,0
0.0222,0,133.013876697279,0,0.12,0.0999999999999996,1,0,5,1,0,0,0,1,0,1,0,0,0,1,0
0.0223,0,133.461342005536,0,0.12,0.15,0,0,5,1,0,0,0,1,0,0,0,0,0,1,0
0.0224,0,133.907688650522,0,0.12,0.199999999999999,0,0,5,1,0,0,0,1,0,0,0,0,0,1,0
0.0225,0,134.352919428896,0,0.12,0.250000000000002,0,0,5,1,0,0,0,1,0,0,0,0,0,1,0
0.0226,0,134.797037130324,0,0.12,0.300000000000001,0,0,5,1,0,0,0,1,0,0,0,0,0,1,0
0.0227,0,135.240044537498,0,0.12,0.350000000000001,0,0,5,1,0,0,0,1,0,0,0,0,0,1,0
0.0228,0,135.681944426154,0,0.12,0.4,0,0,5,1,0,0,0,1,0,0,0,0,0,1,0
0.0229,0,136.122739565089,0,0.12,0.449999999999999,0,0,5,1,0,0,0,1,0,0,0,0,0,1,0
0.023,0,136.562432716176,0,0.12,0.5,0,0,5,1,0,0,0,1,0,0,0,0,0,1,0
0.0231,0,137.001026634386,0,0.12,0.550000000000001,0,0,5,1,0,0,0,1,0,0,0,0,0,1,0
0.0232,0,137.4385240678,0,0.12,0.600000000000001,0,0,5,1,0,0,0,1,0,0,0,0,0,1,0
0.0233,0,137.87492775763,0,0.12,0.65,0,0,5,1,0,0,0,1,0,0,0,0,0,1,0
0.0234,0,138.310240438236,0,0.12,0.700000000000001,0,0,5,1,0,0,0,1,0,0,0,0,0,1,0
0.0235,0,138.744464837141,0,0.12,0.75,0,0,5,1,0,0,0,1,0,0,0,0,0,1,0
0.0236,0,139.177603675048,0,0.12,0.799999999999999,0,0,5,1,0,0,0,1,0,0,0,0,0,1,0
0.0237,0,139.60965966586,0,0.12,0.850000000000001,0,0,5,1,0,0,0,1,0,0,0,0,0,1,0
0.0238,0,140.040635516695,0,0.12,0.9,0,0,5,1,0,0,0,1,0,0,0,0,0,1,0
0.0239,0,140.470533927904,0,0.12,0.950000000000001,0,0,5,1,0,0,0,1,0,0,0,0,0,1,0
0.024,0,140.899357593084,0,0.12,0,1,0,5,1,0,0,0,1,0,1,0,0,0,1,0
0.0241,0,141.327109199101,0,0.12,0.0500000000000007,1,0,5,1,0,0,0,1,0,1,0,0,0,1,0
0.0242,0,141.753791426104,0,0.12,0.100000000000001,1,0,5,1,0,0,0,1,0,1,0,0,0,1,0
0.0243,0,142.179406947538,0,0.12,0.15,0,0,5,1,0,0,0,1,0,0,0,0,0,1,0
0.0244,0,142.603958430169,0,0.12,0.200000000000001,0,0,5,1,0,0,0,1,0,0,0,0,0,1,0
0.0245,0,143.027448534094,0,0.12,0.25,0,0,5,1,0,0,0,1,0,0,0,0,0,1,0
0.0246,0,143.449879912759,0,0.12,0.300000000000001,0,0,5,1,0,0,0,1,0,0,0,0,0,1,0
0.0247,0,143.871255212977,0,0.12,0.35,0,0,5,1,0,0,0,1,0,0,0,0,0,1,0
0.0248,0,144.291577074944,0,0.12,0.400000000000002,0,0,5,1,0,0,0,1,0,0,0,0,0,1,0
0.0249,0,144.710848132257,0,0.12,0.450000000000001,0,0,5,1,0,0,0,1,0,0,0,0,0,1,0
0.025,1200,145.129071011926,0,0.48024,0.5,0,0,5,1,0,0,0,1,0,0,0,0,0,1,0
0.0251,1200,147.887808334397,0,0.48048,0.550000000000001,0,0,5,1,0,0,0,1,0,0,0,0,0,1,0
0.0252,1200,150.641208813561,0,0.48072,0.6,0,0,5,1,0,0,0,1,0,0,0,0,0,1,0
0.0253,1200,153.389285791527,0,0.48096,0.65,0,0,5,1,0,0,0,1,0,0,0,0,0,1,0
0.0254,1200,156.132052577048,0,0.4812,0.700000000000001,0,0,5,1,0,0,0,1,0,0,0,0,0,1,0
0.0255,1200,158.869522445605,0,0.48144,0.750000000000002,0,0,5,1,0,0,0,1,0,0,0,0,0,1,0
0.0256,1200,161.601708639491,0,0.48168,0.800000000000001,0,0,5,1,0,0,0,1,0,0,0,0,0,1,0
0.0257,1200,164.328624367892,0,0.48192,0.85,0,0,5,1,0,0,0,1,0,0,0,0,0,1,0
0.0258,1200,167.050282806973,0,0.48216,0.9,0,0,5,1,0,0,0,1,0,0,0,0,0,1,0
0.0259,1200,169.766697099955,0,0.4824,0.950000000000001,0,0,5,1,0,0,0,1,0,0,0,0,0,1,0
0.026,1200,172.477880357205,0,0.48264,1.77635683940025e-15,1,0,5,1,0,0,0,1,0,1,0,0,0,1,0
0.0261,1200,175.183845656312,0,0.48288,0.0500000000000007,1,0,5,1,0,0,0,1,0,1,0,0,0,1,0
0.0262,1200,177.884606042172,0,0.48312,0.100000000000001,1,0,5,1,0,0,0,1,0,1,0,0,0,1,0
0.0263,1200,180.580174527066,0,0.48336,0.15,1,0,5,1,0,0,0,1,0,1,0,0,0,1,0
0.0264,1200,183.270564090749,0,0.4836,0.199999999999999,1,0,5,1,0,0,0,1,0,1,0,0,0,1,0
0.0265,1200,185.955787680522,0,0.48384,0.250000000000002,1,0,5,1,0,0,0,1,0,1,0,0,0,1,0
0.0266,1200,188.63585821132,0,0.48408,0.300000000000001,1,0,5,1,0,0,0,1,0,1,0,0,0,1,0
0.0267,1200,191.310788565792,0,0.48432,0.350000000000001,1,0,5,1,0,0,0,1,0,1,0,0,0,1,0
0.0268,1200,193.980591594378,0,0.48456,0.4,1,0,5,1,0,0,0,1,0,1,0,0,0,1,0
0.0269,1200,196.645280115392,0,0.4848,0.449999999999999,1,0,5,1,0,0,0,1,0,1,0,0,0,1,0
0.027,1200,199.304866915103,0,0.48504,0.5,0,0,5,1,0,0,0,1,0,0,0,0,0,1,0
0.0271,1200,201.959364747815,0,0.48528,0.550000000000001,0,0,5,1,0,0,0,1,0,0,0,0,0,1,0
0.0272,1200,204.608786335946,0,0.48552,0.600000000000001,0,0,5,1,0,0,0,1,0,0,0,0,0,1,0
0.0273,1200,207.253144370106,0,0.48576,0.65,0,0,5,1,0,0,0,1,0,0,0,0,0,1,0
0.0274,1200,209.892451509181,0,0.486,0.700000000000001,0,0,5,1,0,0,0,1,0,0,0,0,0,1,0
0.0275,1200,212.526720380408,0,0.48624,0.75,0,0,5,1,0,0,0,1,0,0,0,0,0,1,0
0.0276,1200,215.155963579457,0,0.48648,0.800000000000001,0,0,5,1,0,0,0,1,0,0,0,0,0,1,0
0.0277,1200,217.780193670508,0,0.48672,0.850000000000001,0,1,1,1,0,0,0,0,1,0,0,0,0,0,1
0.0278,1200,220.399423186332,0,0.48696,0.9,0,1,1,1,0,0,0,0,1,0,0,0,0,0,1
0.0279,1200,223.013664628366,0,0.4872,0.950000000000001,0,1,1,1,0,0,0,0,1,0,0,0,0,0,1
0.028,1200,225.622930466795,0,0.48744,0,1,1,1,1,0,0,0,0,1,1,0,0,0,0,1
0.0281,1200,228.227233140628,0,0.48768,0.0500000000000007,1,1,1,1,0,0,0,0,1,1,0,0,0,0,1
0.0282,1200,230.826585057777,0,0.48792,0.100000000000001,1,1,1,1,0,0,0,0,1,1,0,0,0,0,1
0.0283,1200,233.420998595132,0,0.48816,0.15,1,1,1,1,0,0,0,0,1,1,0,0,0,0,1
0.0284,1200,236.010486098644,0,0.4884,0.200000000000001,1,1,1,1,0,0,0,0,1,1,0,0,0,0,1
0.0285,1200,238.595059883398,0,0.48864,0.25,1,1,1,1,0,0,0,0,1,1,0,0,0,0,1
0.0286,1200,241.174732233689,0,0.48888,0.300000000000001,1,1,1,1,0,0,0,0,1,1,0,0,0,0,1
0.0287,1200,243.749515403105,0,0.48912,0.35,1,1,1,1,0,0,0,0,1,1,0,0,0,0,1
0.0288,1200,246.319421614597,0,0.48936,0.400000000000002,1,1,1,1,0,0,0,0,1,1,0,0,0,0,1
0.0289,1200,248.884463060561,0,0.4896,0.450000000000001,1,1,1,1,0,0,0,0,1,1,0,0,0,0,1
0.029,1200,251.444651902909,0,0.48984,0.5,0,1,1,1,0,0,0,0,1,0,0,0,0,0,1
0.0291,1200,254.000000273152,0,0.49008,0.550000000000001,0,1,1,1,0,0,0,0,1,0,0,0,0,0,1
0.0292,1200,256.550520272469,0,0.49032,0.6,0,1,1,1,0,0,0,0,1,0,0,0,0,0,1
0.0293,1200,259.096223971788,0,0.49056,0.650000000000002,0,1,1,1,0,0,0,0,1,0,0,0,0,0,1
0.0294,1200,261.637123411859,0,0.4908,0.700000000000001,0,1,1,1,0,0,0,0,1,0,0,0,0,0,1
0.0295,1200,264.173230603329,0,0.49104,0.750000000000002,0,1,1,1,0,0,0,0,1,0,0,0,0,0,1
0.0296,1200,266.704557526821,0,0.49128,0.800000000000001,0,1,1,1,0,0,0,0,1,0,0,0,0,0,1
0.0297,1200,269.231116133004,0,0.49152,0.85,0,1,1,1,0,0,0,0,1,0,0,0,0,0,1
0.0298,1200,271.752918342671,0,0.49176,0.9,0,1,1,1,0,0,0,0,1,0,0,0,0,0,1
0.0299,1200,274.269976046814,0,0.492,0.950000000000001,0,1,1,1,0,0,0,0,1,0,0,0,0,0,1
0.03,1200,276.782301106697,0,0.49224,1.77635683940025e-15,1,1,1,1,0,0,0,0,1,1,0,0,0,0,1
0.0301,1200,279.289905353931,0,0.49248,0.0500000000000007,1,1,1,1,0,0,0,0,1,1,0,0,0,0,1
0.0302,1200,281.792800590546,0,0.49272,0.100000000000001,1,1,1,1,0,0,0,0,1,1,0,0,0,0,1
0.0303,1200,284.290998589069,0,0.49296,0.15,1,1,1,1,0,0,0,0,1,1,0,0,0,0,1
0.0304,1200,286.784511092597,0,0.4932,0.199999999999999,1,1,1,1,0,0,0,0,1,1,0,0,0,0,1
0.0305,1200,289.273349814865,0,0.49344,0.250000000000002,1,1,1,1,0,0,0,0,1,1,0,0,0,0,1
0.0306,1200,291.757526440328,0,0.49368,0.300000000000001,1,1,1,1,0,0,0,0,1,1,0,0,0,0,1
0.0307,1200,294.237052624227,0,0.49392,0.350000000000001,1,1,1,1,0,0,0,0,1,1,0,0,0,0,1
0.0308,1200,296.711939992667,0,0.49416,0.4,1,1,1,1,0,0,0,0,1,1,0,0,0,0,1
0.0309,1200,299.182200142685,0,0.4944,0.450000000000001,1,1,1,1,0,0,0,0,1,1,0,0,0,0,1
0.031,1200,301.647844642328,0,0.49464,0.5,0,1,1,1,0,0,0,0,1,0,0,0,0,0,1
0.0311,1200,304.108885030722,0,0.49488,0.550000000000001,0,1,1,1,0,0,0,0,1,0,0,0,0,0,1
0.0312,1200,306.565332818146,0,0.49512,0.600000000000001,0,1,1,1,0,0,0,0,1,0,0,0,0,0,1
0.0313,1200,309.0171994861,0,0.49536,0.65,0,1,1,1,0,0,0,0,1,0,0,0,0,0,1
0.0314,1200,311.464496487385,0,0.4956,0.700000000000003,0,1,1,1,0,0,0,0,1,0,0,0,0,0,1
0.0315,1200,313.907235246167,0,0.49584,0.75,0,1,1,1,0,0,0,0,1,0,0,0,0,0,1
0.0316,1200,316.345427158051,0,0.49608,0.800000000000001,0,1,1,1,0,0,0,0,1,0,0,0,0,0,1
0.0317,1200,318.779083590156,0,0.49632,0.85,0,1,1,1,0,0,0,0,1,0,0,0,0,0,1
0.0318,1200,321.208215881181,0,0.49656,0.9,0,1,1,1,0,0,0,0,1,0,0,0,0,0,1
0.0319,1200,323.632835341478,0,0.4968,0.950000000000003,0,1,1,1,0,0,0,0,1,0,0,0,0,0,1
0.032,1200,326.052953253124,0,0.49704,0,1,1,1,1,0,0,0,0,1,1,0,0,0,0,1
0.0321,1200,328.468580869991,0,0.49728,0.0500000000000007,1,1,1,1,0,0,0,0,1,1,0,0,0,0,1
0.0322,1200,330.879729417816,0,0.49752,0.100000000000001,1,1,1,1,0,0,0,0,1,1,0,0,0,0,1
0.0323,1200,333.286410094272,0,0.49776,0.150000000000002,1,1,1,1,0,0,0,0,1,1,0,0,0,0,1
0.0324,1200,335.688634069036,0,0.498,0.199999999999999,1,1,1,1,0,0,0,0,1,1,0,0,0,0,1
0.0325,1200,338.086412483863,0,0.49824,0.25,1,1,1,1,0,0,0,0,1,1,0,0,0,0,1
0.0326,1200,340.479756452654,0,0.49848,0.300000000000001,1,1,1,1,0,0,0,0,1,1,0,0,0,0,1
0.0327,1200,342.868677061522,0,0.49872,0.350000000000001,1,1,1,1,0,0,0,0,1,1,0,0,0,0,1
0.0328,1200,345.253185368868,0,0.49896,0.400000000000002,1,1,1,1,0,0,0,0,1,1,0,0,0,0,1
0.0329,1200,347.633292405446,0,0.4992,0.449999999999999,1,1,1,1,0,0,0,0,1,1,0,0,0,0,1
0.033,1200,350.009009174433,0,0.49944,0.5,0,1,1,1,0,0,0,0,1,0,0,0,0,0,1
0.0331,1200,352.380346651496,0,0.49968,0.550000000000001,0,1,1,1,0,0,0,0,1,0,0,0,0,0,1
0.0332,1200,354.747315784868,0,0.49992,0.600000000000001,0,1,1,1,0,0,0,0,1,0,0,0,0,0,1
0.0333,1200,357.109927495406,0,0.50016,0.650000000000002,0,1,1,1,0,0,0,0,1,0,0,0,0,0,1
0.0334,1200,359.468192676667,0,0.5004,0.699999999999999,0,1,1,1,0,0,0,0,1,0,0,0,0,0,1
0.0335,1200,361.822122194975,0,0.50064,0.75,0,1,1,1,0,0,0,0,1,0,0,0,0,0,1
0.0336,1200,364.171726889488,0,0.50088,0.800000000000001,0,1,1,1,0,0,0,0,1,0,0,0,0,0,1
0.0337,1200,366.517017572264,0,0.50112,0.850000000000001,0,1,1,1,0,0,0,0,1,0,0,0,0,0,1
0.0338,1200,368.858005028334,0,0.50136,0.900000000000002,0,1,1,1,0,0,0,0,1,0,0,0,0,0,1
0.0339,1200,371.194700015763,0,0.5016,0.949999999999999,0,1,1,1,0,0,0,0,1,0,0,0,0,0,1
0.034,1200,373.527113265723,0,0.50184,0,1,1,1,1,0,0,0,0,1,1,0,0,0,0,1
0.0341,1200,375.855255482559,0,0.50208,0.0500000000000007,1,1,1,1,0,0,0,0,1,1,0,0,0,0,1
0.0342,1200,378.179137343853,0,0.50232,0.100000000000001,1,1,1,1,0,0,0,0,1,1,0,0,0,0,1
0.0343,1200,380.498769500493,0,0.50256,0.150000000000002,1,1,1,1,0,0,0,0,1,1,0,0,0,0,1
0.0344,1200,382.814162576742,0,0.5028,0.199999999999999,1,1,1,1,0,0,0,0,1,1,0,0,0,0,1
0.0345,1200,385.1253271703,0,0.50304,0.25,1,1,1,1,0,0,0,0,1,1,0,0,0,0,1
0.0346,1200,387.432273852374,0,0.50328,0.300000000000001,1,1,1,1,0,0,0,0,1,1,0,0,0,0,1
0.0347,1200,389.735013167743,0,0.50352,0.350000000000001,1,1,1,1,0,0,0,0,1,1,0,0,0,0,1
0.0348,1200,392.033555634824,0,0.50376,0.400000000000002,1,1,1,1,0,0,0,0,1,1,0,0,0,0,1
0.0349,1200,394.327911745737,0,0.504,0.449999999999999,1,1,1,1,0,0,0,0,1,1,0,0,0,0,1
0.035,1200,396.618091966372,0,0.50424,0.5,1,1,1,1,0,0,0,0,1,1,0,0,0,0,1
0.0351,1200,398.904106736457,0,0.50448,0.550000000000001,0,1,1,1,0,0,0,0,1,0,0,0,0,0,1
0.0352,1200,401.185966469615,0,0.50472,0.600000000000001,0,1,1,1,0,0,0,0,1,0,0,0,0,0,1
0.0353,1200,403.463681553441,0,0.50496,0.650000000000002,0,1,1,1,0,0,0,0,1,0,0,0,0,0,1
0.0354,1200,405.737262349558,0,0.5052,0.699999999999999,0,1,1,1,0,0,0,0,1,0,0,0,0,0,1
0.0355,1200,408.006719193684,0,0.50544,0.750000000000004,0,1,1,1,0,0,0,0,1,0,0,0,0,0,1
0.0356,1200,410.2720623957,316.455696202532,0.41068,0.800000000000001,0,2,3,0,1,0,0,0,1,0,0,0,0,0,1
0.0357,1200,411.91580223971,316.455696202532,0.410856708860759,0.850000000000001,0,2,3,0,1,0,0,0,1,0,0,0,0,0,1
0.0358,1200,413.556581341706,316.455696202532,0.411033417721519,0.899999999999999,0,2,3,0,1,0,0,0,1,0,0,0,0,0,1
0.0359,1200,415.194407103542,316.455696202532,0.411210126582278,0.949999999999999,0,2,3,0,1,0,0,0,1,0,0,0,0,0,1
0.036,1200,416.829286908568,316.455696202532,0.411386835443038,3.5527136788005e-15,1,2,3,0,1,0,0,0,1,0,1,0,0,0,1
0.0361,1200,418.461228121676,316.455696202532,0.411563544303797,0.0500000000000007,1,2,3,0,1,0,0,0,1,0,1,0,0,0,1
0.0362,1200,420.090238089346,316.455696202532,0.411740253164557,0.100000000000001,1,2,3,0,1,0,0,0,1,0,1,0,0,0,1
0.0363,1200,421.716324139693,316.455696202532,0.411916962025316,0.149999999999999,1,2,3,0,1,0,0,0,1,0,1,0,0,0,1
0.0364,1200,423.339493582508,316.455696202532,0.412093670886076,0.199999999999999,1,2,3,0,1,0,0,0,1,0,1,0,0,0,1
0.0365,1200,424.959753709311,316.455696202532,0.412270379746835,0.250000000000004,1,2,3,0,1,0,0,0,1,0,1,0,0,0,1
0.0366,1200,426.577111793392,316.455696202532,0.412447088607595,0.300000000000001,1,2,3,0,1,0,0,0,1,0,1,0,0,0,1
0.0367,1200,428.191575089858,316.455696202532,0.412623797468354,0.350000000000001,1,2,3,0,1,0,0,0,1,0,1,0,0,0,1
0.0368,1200,429.803150835678,316.455696202532,0.412800506329114,0.399999999999999,1,2,3,0,1,0,0,0,1,0,1,0,0,0,1
0.0369,1200,431.411846249728,316.455696202532,0.412977215189873,0.450000000000003,0,2,3,0,1,0,0,0,1,0,0,0,0,0,1
0.037,1200,433.017668532838,316.455696202532,0.413153924050633,0.500000000000004,0,2,3,0,1,0,0,0,1,0,0,0,0,0,1
0.0371,1200,434.620624867835,316.455696202532,0.413330632911392,0.550000000000001,0,2,3,0,1,0,0,0,1,0,0,0,0,0,1
0.0372,1200,436.220722419589,316.455696202532,0.413507341772152,0.600000000000001,0,2,3,0,1,0,0,0,1,0,0,0,0,0,1
0.0373,1200,437.817968335059,316.455696202532,0.413684050632911,0.649999999999999,0,2,3,0,1,0,0,0,1,0,0,0,0,0,1
0.0374,1200,439.412369743335,316.455696202532,0.413860759493671,0.700000000000003,0,2,3,0,1,0,0,0,1,0,0,0,0,0,1
0.0375,1200,441.003933755686,316.455696202532,0.41403746835443,0.75,0,2,3,0,1,0,0,0,1,0,0,0,0,0,1
0.0376,1200,442.592667465601,316.455696202532,0.41421417721519,0.800000000000001,0,2,3,0,1,0,0,0,1,0,0,0,0,0,1
0.0377,1200,444.178577948835,316.455696202532,0.414390886075949,0.850000000000001,0,2,3,0,1,0,0,0,1,0,0,0,0,0,1
0.0378,1200,445.761672263457,316.455696202532,0.414567594936709,0.899999999999999,0,2,3,0,1,0,0,0,1,0,0,0,0,0,1
0.0379,1200,447.341957449887,316.455696202532,0.414744303797468,0.950000000000003,0,2,3,0,1,0,0,0,1,0,0,0,0,0,1
0.038,1200,448.919440530946,316.455696202532,0.414921012658228,0,1,2,3,0,1,0,0,0,1,0,1,0,0,0,1
0.0381,1200,450.494128511897,316.455696202532,0.415097721518987,0.0500000000000007,1,2,3,0,1,0,0,0,1,0,1,0,0,0,1
0.0382,1200,452.066028380491,316.455696202532,0.415274430379747,0.100000000000001,1,2,3,0,1,0,0,0,1,0,1,0,0,0,1
0.0383,1200,453.635147107008,316.455696202532,0.415451139240506,0.149999999999999,1,2,3,0,1,0,0,0,1,0,1,0,0,0,1
0.0384,1200,455.201491644303,316.455696202532,0.415627848101266,0.200000000000003,1,2,3,0,1,0,0,0,1,0,1,0,0,0,1
0.0385,1200,456.765068927851,316.455696202532,0.415804556962025,0.25,1,2,3,0,1,0,0,0,1,0,1,0,0,0,1
0.0386,1200,458.325885875784,316.455696202532,0.415981265822785,0.300000000000001,1,2,3,0,1,0,0,0,1,0,1,0,0,0,1
0.0387,1200,459.883949388943,316.455696202532,0.416157974683544,0.350000000000001,1,2,3,0,1,0,0,0,1,0,1,0,0,0,1
0.0388,1200,461.439266350914,316.455696202532,0.416334683544304,0.400000000000002,1,2,3,0,1,0,0,0,1,0,1,0,0,0,1
0.0389,1200,462.991843628074,316.455696202532,0.416511392405063,0.450000000000003,0,2,3,0,1,0,0,0,1,0,0,0,0,0,1
0.039,1200,464.541688069637,316.455696202532,0.416688101265823,0.5,0,2,3,0,1,0,0,0,1,0,0,0,0,0,1
0.0391,1200,466.088806507691,316.455696202532,0.416864810126582,0.550000000000001,0,2,3,0,1,0,0,0,1,0,0,0,0,0,1
0.0392,1200,467.633205757244,316.455696202532,0.417041518987342,0.599999999999998,0,2,3,0,1,0,0,0,1,0,0,0,0,0,1
0.0393,1200,469.174892616269,316.455696202532,0.417218227848101,0.650000000000002,0,2,3,0,1,0,0,0,1,0,0,0,0,0,1
0.0394,1200,470.713873865741,316.455696202532,0.417394936708861,0.700000000000003,0,2,3,0,1,0,0,0,1,0,0,0,0,0,1
0.0395,1200,472.250156269684,316.455696202532,0.41757164556962,0.75,0,2,3,0,1,0,0,0,1,0,0,0,0,0,1
0.0396,1200,473.783746575213,316.455696202532,0.41774835443038,0.800000000000001,0,2,3,0,1,0,0,0,1,0,0,0,0,0,1
0.0397,1200,475.314651512572,316.455696202532,0.417925063291139,0.849999999999998,0,2,3,0,1,0,0,0,1,0,0,0,0,0,1
0.0398,1200,476.842877795183,316.455696202532,0.418101772151899,0.900000000000002,0,2,3,0,1,0,0,0,1,0,0,0,0,0,1
0.0399,1200,478.368432119682,316.455696202532,0.418278481012658,0.950000000000003,0,2,3,0,1,0,0,0,1,0,0,0,0,0,1
0.04,1200,479.891321165966,316.455696202532,0.418455189873418,0,1,2,3,0,1,0,0,0,1,0,1,0,0,0,1
0.0401,1200,481.411551597228,316.455696202532,0.418631898734177,0.0500000000000007,1,2,3,0,1,0,0,0,1,0,1,0,0,0,1
0.0402,1200,482.929130060007,316.455696202532,0.418808607594937,0.100000000000001,1,2,3,0,1,0,0,0,1,0,1,0,0,0,1
0.0403,1200,484.444063184224,316.455696202532,0.418985316455696,0.150000000000002,1,2,3,0,1,0,0,0,1,0,1,0,0,0,1
0.0404,1200,485.956357583225,316.455696202532,0.419162025316456,0.200000000000003,1,2,3,0,1,0,0,0,1,0,1,0,0,0,1
0.0405,1200,487.466019853824,316.455696202532,0.419338734177215,0.25,1,2,3,0,1,0,0,0,1,0,1,0,0,0,1
0.0406,1200,488.973056576342,316.455696202532,0.419515443037975,0.300000000000001,1,2,3,0,1,0,0,0,1,0,1,0,0,0,1
0.0407,1200,490.477474314648,316.455696202532,0.419692151898734,0.350000000000001,1,2,3,0,1,0,0,0,1,0,1,0,0,0,1
0.0408,1200,491.979279616203,316.455696202532,0.419868860759494,0.400000000000002,1,2,3,0,1,0,0,0,1,0,1,0,0,0,1
0.0409,1200,493.478479012099,316.455696202532,0.420045569620253,0.449999999999999,0,2,3,0,1,0,0,0,1,0,0,0,0,0,1
0.041,1200,494.9750790171,316.455696202532,0.420222278481013,0.5,0,2,3,0,1,0,0,0,1,0,0,0,0,0,1
0.0411,1200,496.469086129684,454.545454545454,0.378944441887227,0.550000000000001,0,3,2,0,1,0,1,0,0,0,0,0,1,0,0
0.0412,1200,497.691052286627,454.545454545454,0.379093532796318,0.600000000000001,0,3,2,0,1,0,1,0,0,0,0,0,1,0,0
0.0413,1200,498.910932619087,454.545454545454,0.379242623705409,0.650000000000002,0,3,2,0,1,0,1,0,0,0,0,0,1,0,0
0.0414,1200,500.128732341624,454.545454545454,0.3793917146145,0.699999999999999,0,3,2,0,1,0,1,0,0,0,0,0,1,0,0
0.0415,1200,501.344456655764,454.545454545454,0.37954080552359,0.75,0,3,2,0,1,0,1,0,0,0,0,0,1,0,0
0.0416,1200,502.558110750028,454.545454545454,0.379689896432681,0.800000000000004,0,3,2,0,1,0,1,0,0,0,0,0,1,0,0
0.0417,1200,503.769699799965,454.545454545454,0.379838987341772,0.850000000000001,0,3,2,0,1,0,1,0,0,0,0,0,1,0,0
0.0418,1200,504.979228968187,454.545454545454,0.379988078250863,0.900000000000002,0,3,2,0,1,0,1,0,0,0,0,0,1,0,0
0.0419,1200,506.186703404397,454.545454545454,0.380137169159954,0.949999999999999,0,3,2,0,1,0,1,0,0,0,0,0,1,0,0
0.042,1200,507.392128245426,454.545454545454,0.380286260069045,0,1,3,2,0,1,0,1,0,0,0,1,0,1,0,0
0.0421,1200,508.595508615261,454.545454545454,0.380435350978136,0.0500000000000043,1,3,2,0,1,0,1,0,0,0,1,0,1,0,0
0.0422,1200,509.796849625081,454.545454545454,0.380584441887227,0.100000000000001,1,3,2,0,1,0,1,0,0,0,1,0,1,0,0
0.0423,1200,510.996156373285,454.545454545454,0.380733532796318,0.150000000000002,1,3,2,0,1,0,1,0,0,0,1,0,1,0,0
0.0424,1200,512.193433945528,454.545454545454,0.380882623705409,0.199999999999999,1,3,2,0,1,0,1,0,0,0,1,0,1,0,0
0.0425,1200,513.388687414749,454.545454545454,0.3810317146145,0.25,1,3,2,0,1,0,1,0,0,0,1,0,1,0,0
0.0426,1200,514.581921841207,454.545454545454,0.38118080552359,0.300000000000001,1,3,2,0,1,0,1,0,0,0,1,0,1,0,0
0.0427,1200,515.773142272507,454.545454545454,0.381329896432681,0.350000000000001,1,3,2,0,1,0,1,0,0,0,1,0,1,0,0
0.0428,1200,516.962353743638,454.545454545454,0.381478987341772,0.400000000000002,0,3,2,0,1,0,1,0,0,0,0,0,1,0,0
0.0429,1200,518.149561277001,454.545454545454,0.381628078250863,0.449999999999999,0,3,2,0,1,0,1,0,0,0,0,0,1,0,0
0.043,1200,519.334769882439,454.545454545454,0.381777169159954,0.5,0,3,2,0,1,0,1,0,0,0,0,0,1,0,0
0.0431,1200,520.517984557272,454.545454545454,0.381926260069045,0.550000000000001,0,3,2,0,1,0,1,0,0,0,0,0,1,0,0
0.0432,1200,521.699210286328,454.545454545454,0.382075350978136,0.600000000000001,0,3,2,0,1,0,1,0,0,0,0,0,1,0,0
0.0433,1200,522.87845204197,454.545454545454,0.382224441887227,0.650000000000002,0,3,2,0,1,0,1,0,0,0,0,0,1,0,0
0.0434,1200,524.055714784132,454.545454545454,0.382373532796318,0.699999999999999,0,3,2,0,1,0,1,0,0,0,0,0,1,0,0
0.0435,1200,525.231003460348,454.545454545454,0.382522623705409,0.750000000000004,0,3,2,0,1,0,1,0,0,0,0,0,1,0,0
0.0436,1200,526.404323005782,454.545454545454,0.3826717146145,0.800000000000001,0,3,2,0,1,0,1,0,0,0,0,0,1,0,0
0.0437,1200,527.575678343262,454.545454545454,0.38282080552359,0.850000000000001,0,3,2,0,1,0,1,0,0,0,0,0,1,0,0
0.0438,1200,528.745074383307,454.545454545454,0.382969896432681,0.899999999999999,0,3,2,0,1,0,1,0,0,0,0,0,1,0,0
0.0439,1200,529.912516024161,454.545454545454,0.383118987341772,0.949999999999999,0,3,2,0,1,0,1,0,0,0,0,0,1,0,0
0.044,1200,531.078008151822,454.545454545454,0.383268078250863,3.5527136788005e-15,1,3,2,0,1,0,1,0,0,0,1,0,1,0,0
0.0441,1200,532.241555640073,454.545454545454,0.383417169159954,0.0500000000000007,1,3,2,0,1,0,1,0,0,0,1,0,1,0,0
0.0442,1200,533.403163350513,454.545454545454,0.383566260069045,0.100000000000001,1,3,2,0,1,0,1,0,0,0,1,0,1,0,0
0.0443,1200,534.562836132585,454.545454545454,0.383715350978136,0.149999999999999,1,3,2,0,1,0,1,0,0,0,1,0,1,0,0
0.0444,1200,535.720578823612,454.545454545454,0.383864441887227,0.199999999999999,1,3,2,0,1,0,1,0,0,0,1,0,1,0,0
0.0445,1200,536.87639624882,454.545454545454,0.384013532796318,0.250000000000004,1,3,2,0,1,0,1,0,0,0,1,0,1,0,0
0.0446,1200,538.030293221374,454.545454545454,0.384162623705409,0.300000000000001,1,3,2,0,1,0,1,0,0,0,1,0,1,0,0
0.0447,1200,539.182274542405,454.545454545454,0.3843117146145,0.350000000000001,1,3,2,0,1,0,1,0,0,0,1,0,1,0,0
0.0448,1200,540.332345001044,454.545454545454,0.38446080552359,0.399999999999999,0,3,2,0,1,0,1,0,0,0,0,0,1,0,0
0.0449,1200,541.480509374444,454.545454545454,0.384609896432681,0.450000000000003,0,3,2,0,1,0,1,0,0,0,0,0,1,0,0
0.045,1200,542.626772427821,454.545454545454,0.384758987341772,0.500000000000004,0,3,2,0,1,0,1,0,0,0,0,0,1,0,0
0.0451,1200,543.771138914473,454.545454545454,0.384908078250863,0.550000000000001,0,3,2,0,1,0,1,0,0,0,0,0,1,0,0
0.0452,1200,544.913613575817,454.545454545454,0.385057169159954,0.600000000000001,0,3,2,0,1,0,1,0,0,0,0,0,1,0,0
0.0453,1200,546.054201141417,454.545454545454,0.385206260069045,0.649999999999999,0,3,2,0,1,0,1,0,0,0,0,0,1,0,0
0.0454,1200,547.192906329012,454.545454545454,0.385355350978136,0.700000000000003,0,3,2,0,1,0,1,0,0,0,0,0,1,0,0
0.0455,1200,548.329733844548,454.545454545454,0.385504441887227,0.75,0,3,2,0,1,0,1,0,0,0,0,0,1,0,0
0.0456,1200,549.464688382203,454.545454545454,0.385653532796318,0.800000000000001,0,3,2,0,1,0,1,0,0,0,0,0,1,0,0
0.0457,1200,550.597774624424,454.545454545454,0.385802623705409,0.850000000000001,0,3,2,0,1,0,1,0,0,0,0,0,1,0,0
0.0458,1200,551.728997241948,454.545454545454,0.3859517146145,0.899999999999999,0,3,2,0,1,0,1,0,0,0,0,0,1,0,0
0.0459,1200,552.858360893837,520.833333333333,0.366201184311469,0.950000000000003,0,4,6,0,0,1,1,0,0,0,0,0,1,0,0
0.046,1200,553.856522689627,520.833333333333,0.366337017644802,0,1,4,6,0,0,1,1,0,0,0,0,1,1,0,0
0.0461,1200,554.853071997595,520.833333333333,0.366472850978136,0.0500000000000007,1,4,6,0,0,1,1,0,0,0,0,1,1,0,0
0.0462,1200,555.848012848959,520.833333333333,0.366608684311469,0.100000000000001,1,4,6,0,0,1,1,0,0,0,0,1,1,0,0
0.0463,1200,556.841349264861,520.833333333333,0.366744517644802,0.150000000000002,1,4,6,0,0,1,1,0,0,0,0,1,1,0,0
0.0464,1200,557.83308525639,520.833333333333,0.366880350978136,0.200000000000003,1,4,6,0,0,1,1,0,0,0,0,1,1,0,0
0.0465,1200,558.823224824607,520.833333333333,0.367016184311469,0.25,1,4,6,0,0,1,1,0,0,0,0,1,1,0,0
0.0466,1200,559.81177196057,520.833333333333,0.367152017644802,0.300000000000001,1,4,6,0,0,1,1,0,0,0,0,1,1,0,0
0.0467,1200,560.798730645359,520.833333333333,0.367287850978136,0.350000000000001,1,4,6,0,0,1,1,0,0,0,0,1,1,0,0
0.0468,1200,561.784104850104,520.833333333333,0.367423684311469,0.400000000000002,0,4,6,0,0,1,1,0,0,0,0,0,1,0,0
0.0469,1200,562.767898536003,520.833333333333,0.367559517644802,0.450000000000003,0,4,6,0,0,1,1,0,0,0,0,0,1,0,0
0.047,1200,563.750115654354,520.833333333333,0.367695350978136,0.5,0,4,6,0,0,1,1,0,0,0,0,0,1,0,0
0.0471,1200,564.730760146576,520.833333333333,0.367831184311469,0.550000000000001,0,4,6,0,0,1,1,0,0,0,0,0,1,0,0
0.0472,1200,565.709835944235,520.833333333333,0.367967017644802,0.599999999999998,0,4,6,0,0,1,1,0,0,0,0,0,1,0,0
0.0473,1200,566.687346969065,520.833333333333,0.368102850978136,0.650000000000002,0,4,6,0,0,1,1,0,0,0,0,0,1,0,0
0.0474,1200,567.663297133,520.833333333333,0.368238684311469,0.700000000000003,0,4,6,0,0,1,1,0,0,0,0,0,1,0,0
0.0475,1200,568.637690338192,520.833333333333,0.368374517644802,0.75,0,4,6,0,0,1,1,0,0,0,0,0,1,0,0
0.0476,1200,569.610530477038,520.833333333333,0.368510350978136,0.800000000000001,0,4,6,0,0,1,1,0,0,0,0,0,1,0,0
0.0477,1200,570.581821432203,520.833333333333,0.368646184311469,0.850000000000001,0,4,6,0,0,1,1,0,0,0,0,0,1,0,0
0.0478,1200,571.551567076648,520.833333333333,0.368782017644802,0.900000000000002,0,4,6,0,0,1,1,0,0,0,0,0,1,0,0
0.0479,1200,572.519771273647,520.833333333333,0.368917850978136,0.950000000000003,0,4,6,0,0,1,1,0,0,0,0,0,1,0,0
0.048,1200,573.486437876821,520.833333333333,0.369053684311469,0,1,4,6,0,0,1,1,0,0,0,0,1,1,0,0
0.0481,1200,574.451570730153,520.833333333333,0.369189517644802,0.0500000000000007,1,4,6,0,0,1,1,0,0,0,0,1,1,0,0
0.0482,1200,575.415173668019,520.833333333333,0.369325350978136,0.100000000000001,1,4,6,0,0,1,1,0,0,0,0,1,1,0,0
0.0483,1200,576.377250515207,520.833333333333,0.369461184311469,0.150000000000002,1,4,6,0,0,1,1,0,0,0,0,1,1,0,0
0.0484,1200,577.337805086944,520.833333333333,0.369597017644802,0.200000000000003,1,4,6,0,0,1,1,0,0,0,0,1,1,0,0
0.0485,1200,578.296841188918,520.833333333333,0.369732850978136,0.25,1,4,6,0,0,1,1,0,0,0,0,1,1,0,0
0.0486,1200,579.254362617303,520.833333333333,0.369868684311469,0.300000000000001,1,4,6,0,0,1,1,0,0,0,0,1,1,0,0
0.0487,1200,580.210373158784,520.833333333333,0.370004517644802,0.350000000000001,1,4,6,0,0,1,1,0,0,0,0,1,1,0,0
0.0488,1200,581.164876590579,520.833333333333,0.370140350978136,0.400000000000002,0,4,6,0,0,1,1,0,0,0,0,0,1,0,0
0.0489,1200,582.11787668046,520.833333333333,0.370276184311469,0.449999999999999,0,4,6,0,0,1,1,0,0,0,0,0,1,0,0
0.049,1200,583.069377186784,520.833333333333,0.370412017644802,0.5,0,4,6,0,0,1,1,0,0,0,0,0,1,0,0
0.0491,1200,584.019381858508,520.833333333333,0.370547850978136,0.550000000000001,0,4,6,0,0,1,1,0,0,0,0,0,1,0,0
0.0492,1200,584.96789443522,520.833333333333,0.370683684311469,0.600000000000001,0,4,6,0,0,1,1,0,0,0,0,0,1,0,0
0.0493,1200,585.914918647156,520.833333333333,0.370819517644802,0.650000000000002,0,4,6,0,0,1,1,0,0,0,0,0,1,0,0
0.0494,1200,586.860458215229,520.833333333333,0.370955350978136,0.699999999999999,0,4,6,0,0,1,1,0,0,0,0,0,1,0,0
0.0495,1200,587.804516851049,520.833333333333,0.371091184311469,0.75,0,4,6,0,0,1,1,0,0,0,0,0,1,0,0
0.0496,1200,588.747098256946,520.833333333333,0.371227017644802,0.800000000000004,0,4,6,0,0,1,1,0,0,0,0,0,1,0,0
0.0497,1200,589.688206125995,520.833333333333,0.371362850978136,0.850000000000001,0,4,6,0,0,1,1,0,0,0,0,0,1,0,0
0.0498,1200,590.627844142038,520.833333333333,0.371498684311469,0.900000000000002,0,4,6,0,0,1,1,0,0,0,0,0,1,0,0
0.0499,1200,591.566015979707,520.833333333333,0.371634517644802,0.949999999999999,0,4,6,0,0,1,1,0,0,0,0,0,1,0,0
0.05,1200,592.502725304449,520.833333333333,0.371770350978136,0,1,4,6,0,0,1,1,0,0,0,0,1,1,0,0
0.0501,1200,593.437975772546,520.833333333333,0.371906184311469,0.0500000000000043,1,4,6,0,0,1,1,0,0,0,0,1,1,0,0
0.0502,1200,594.371771031139,581.39534883721,0.353861300590539,0.100000000000001,1,5,4,0,0,1,0,1,0,0,0,1,0,1,0
0.0503,1200,595.1859400574,581.39534883721,0.353985021520771,0.150000000000002,1,5,4,0,0,1,0,1,0,0,0,1,0,1,0
0.0504,1200,595.998877847141,581.39534883721,0.354108742451004,0.199999999999999,1,5,4,0,0,1,0,1,0,0,0,1,0,1,0
0.0505,1200,596.810587478455,581.39534883721,0.354232463381236,0.25,1,5,4,0,0,1,0,1,0,0,0,1,0,1,0
0.0506,1200,597.621072021737,581.39534883721,0.354356184311469,0.300000000000001,1,5,4,0,0,1,0,1,0,0,0,1,0,1,0
0.0507,1200,598.430334539707,581.39534883721,0.354479905241701,0.350000000000001,1,5,4,0,0,1,0,1,0,0,0,1,0,1,0
0.0508,1200,599.238378087429,581.39534883721,0.354603626171934,0.400000000000002,0,5,4,0,0,1,0,1,0,0,0,0,0,1,0
0.0509,1200,600.045205712328,581.39534883721,0.354727347102167,0.449999999999999,0,5,4,0,0,1,0,1,0,0,0,0,0,1,0
0.051,1200,600.850820454211,581.39534883721,0.354851068032399,0.500000000000004,0,5,4,0,0,1,0,1,0,0,0,0,0,1,0
0.0511,1200,601.655225345286,581.39534883721,0.354974788962632,0.550000000000001,0,5,4,0,0,1,0,1,0,0,0,0,0,1,0
0.0512,1200,602.45842341018,581.39534883721,0.355098509892864,0.600000000000001,0,5,4,0,0,1,0,1,0,0,0,0,0,1,0
0.0513,1200,603.260417665958,581.39534883721,0.355222230823097,0.650000000000002,0,5,4,0,0,1,0,1,0,0,0,0,0,1,0
0.0514,1200,604.061211122144,581.39534883721,0.355345951753329,0.699999999999999,0,5,4,0,0,1,0,1,0,0,0,0,0,1,0
0.0515,1200,604.860806780735,581.39534883721,0.355469672683562,0.750000000000004,0,5,4,0,0,1,0,1,0,0,0,0,0,1,0
0.0516,1200,605.659207636226,581.39534883721,0.355593393613794,0.800000000000001,0,5,4,0,0,1,0,1,0,0,0,0,0,1,0
0.0517,1200,606.456416675625,581.39534883721,0.355717114544027,0.850000000000001,0,5,4,0,0,1,0,1,0,0,0,0,0,1,0
0.0518,1200,607.252436878472,581.39534883721,0.35584083547426,0.900000000000002,0,5,4,0,0,1,0,1,0,0,0,0,0,1,0
0.0519,1200,608.047271216859,581.39534883721,0.355964556404492,0.949999999999999,0,5,4,0,0,1,0,1,0,0,0,0,0,1,0
0.052,1200,608.840922655446,581.39534883721,0.356088277334725,3.5527136788005e-15,1,5,4,0,0,1,0,1,0,0,0,1,0,1,0
0.0521,1200,609.633394151483,581.39534883721,0.356211998264957,0.0500000000000007,1,5,4,0,0,1,0,1,0,0,0,1,0,1,0
0.0522,1200,610.424688654827,581.39534883721,0.35633571919519,0.100000000000001,1,5,4,0,0,1,0,1,0,0,0,1,0,1,0
0.0523,1200,611.214809107958,581.39534883721,0.356459440125422,0.149999999999999,1,5,4,0,0,1,0,1,0,0,0,1,0,1,0
0.0524,1200,612.003758446004,581.39534883721,0.356583161055655,0.200000000000003,1,5,4,0,0,1,0,1,0,0,0,1,0,1,0
0.0525,1200,612.79153959675,581.39534883721,0.356706881985888,0.250000000000004,1,5,4,0,0,1,0,1,0,0,0,1,0,1,0
0.0526,1200,613.578155480667,581.39534883721,0.35683060291612,0.300000000000001,1,5,4,0,0,1,0,1,0,0,0,1,0,1,0
0.0527,1200,614.36360901092,581.39534883721,0.356954323846353,0.350000000000001,1,5,4,0,0,1,0,1,0,0,0,1,0,1,0
0.0528,1200,615.147903093394,581.39534883721,0.357078044776585,0.399999999999999,0,5,4,0,0,1,0,1,0,0,0,0,0,1,0
0.0529,1200,615.931040626708,581.39534883721,0.357201765706818,0.450000000000003,0,5,4,0,0,1,0,1,0,0,0,0,0,1,0
0.053,1200,616.713024502236,581.39534883721,0.35732548663705,0.500000000000004,0,5,4,0,0,1,0,1,0,0,0,0,0,1,0
0.0531,1200,617.493857604121,581.39534883721,0.357449207567283,0.550000000000001,0,5,4,0,0,1,0,1,0,0,0,0,0,1,0
0.0532,1200,618.273542809298,581.39534883721,0.357572928497515,0.600000000000001,0,5,4,0,0,1,0,1,0,0,0,0,0,1,0
0.0533,1200,619.052082987509,581.39534883721,0.357696649427748,0.649999999999999,0,5,4,0,0,1,0,1,0,0,0,0,0,1,0
0.0534,1200,619.82948100132,581.39534883721,0.357820370357981,0.700000000000003,0,5,4,0,0,1,0,1,0,0,0,0,0,1,0
0.0535,1200,620.605739706144,581.39534883721,0.357944091288213,0.750000000000004,0,5,4,0,0,1,0,1,0,0,0,0,0,1,0
0.0536,1200,621.380861950252,581.39534883721,0.358067812218446,0.800000000000001,0,5,4,0,0,1,0,1,0,0,0,0,0,1,0
0.0537,1200,622.154850574796,581.39534883721,0.358191533148678,0.850000000000001,0,5,4,0,0,1,0,1,0,0,0,0,0,1,0
0.0538,1200,622.927708413825,581.39534883721,0.358315254078911,0.899999999999999,0,5,4,0,0,1,0,1,0,0,0,0,0,1,0
0.0539,1200,623.699438294304,581.39534883721,0.358438975009143,0.950000000000003,0,5,4,0,0,1,0,1,0,0,0,0,0,1,0
0.054,1200,624.470043036127,581.39534883721,0.358562695939376,0,1,5,4,0,0,1,0,1,0,0,0,1,0,1,0
0.0541,1200,625.239525452143,581.39534883721,0.358686416869608,0.0500000000000007,1,5,4,0,0,1,0,1,0,0,0,1,0,1,0
0.0542,1200,626.007888348165,581.39534883721,0.358810137799841,0.100000000000001,1,5,4,0,0,1,0,1,0,0,0,1,0,1,0
0.0543,1200,626.775134522994,609.756097560976,0.350419961963199,0.150000000000002,1,0,5,1,0,0,0,1,0,1,0,0,0,1,0
0.0544,1200,627.485926439447,609.756097560976,0.350538010743687,0.200000000000003,1,0,5,1,0,0,0,1,0,1,0,0,0,1,0
0.0545,1200,628.195708693182,609.756097560976,0.350656059524175,0.25,1,0,5,1,0,0,0,1,0,1,0,0,0,1,0
0.0546,1200,628.904483808357,609.756097560976,0.350774108304662,0.300000000000001,1,0,5,1,0,0,0,1,0,1,0,0,0,1,0
0.0547,1200,629.612254302816,609.756097560976,0.35089215708515,0.350000000000001,1,0,5,1,0,0,0,1,0,1,0,0,0,1,0
0.0548,1200,630.319022688112,609.756097560976,0.351010205865638,0.400000000000002,0,0,5,1,0,0,0,1,0,0,0,0,0,1,0
0.0549,1200,631.024791469519,609.756097560976,0.351128254646126,0.450000000000003,0,0,5,1,0,0,0,1,0,0,0,0,0,1,0
0.055,1200,631.729563146045,609.756097560976,0.351246303426614,0.5,0,0,5,1,0,0,0,1,0,0,0,0,0,1,0
0.0551,1200,632.433340210453,609.756097560976,0.351364352207101,0.550000000000001,0,0,5,1,0,0,0,1,0,0,0,0,0,1,0
0.0552,1200,633.136125149273,609.756097560976,0.351482400987589,0.600000000000001,0,0,5,1,0,0,0,1,0,0,0,0,0,1,0
0.0553,1200,633.837920442819,609.756097560976,0.351600449768077,0.650000000000002,0,0,5,1,0,0,0,1,0,0,0,0,0,1,0
0.0554,1200,634.538728565204,609.756097560976,0.351718498548565,0.700000000000003,0,0,5,1,0,0,0,1,0,0,0,0,0,1,0
0.0555,1200,635.238551984357,609.756097560976,0.351836547329053,0.75,0,0,5,1,0,0,0,1,0,0,0,0,0,1,0
0.0556,1200,635.937393162035,609.756097560976,0.35195459610954,0.800000000000001,0,0,5,1,0,0,0,1,0,0,0,0,0,1,0
0.0557,1200,636.635254553842,609.756097560976,0.352072644890028,0.850000000000001,0,0,5,1,0,0,0,1,0,0,0,0,0,1,0
0.0558,1200,637.332138609242,609.756097560976,0.352190693670516,0.900000000000002,0,0,5,1,0,0,0,1,0,0,0,0,0,1,0
0.0559,1200,638.028047771578,609.756097560976,0.352308742451004,0.950000000000003,0,0,5,1,0,0,0,1,0,0,0,0,0,1,0
0.056,1200,638.72298447808,609.756097560976,0.352426791231492,0,1,0,5,1,0,0,0,1,0,1,0,0,0,1,0
0.0561,1200,639.41695115989,609.756097560976,0.352544840011979,0.0500000000000007,1,0,5,1,0,0,0,1,0,1,0,0,0,1,0
0.0562,1200,640.109950242068,609.756097560976,0.352662888792467,0.100000000000001,1,0,5,1,0,0,0,1,0,1,0,0,0,1,0
0.0563,1200,640.801984143614,609.756097560976,0.352780937572955,0.150000000000002,1,0,5,1,0,0,0,1,0,1,0,0,0,1,0
0.0564,1200,641.493055277479,609.756097560976,0.352898986353443,0.200000000000003,1,0,5,1,0,0,0,1,0,1,0,0,0,1,0
0.0565,1200,642.183166050583,609.756097560976,0.353017035133931,0.25,1,0,5,1,0,0,0,1,0,1,0,0,0,1,0
0.0566,1200,642.872318863827,609.756097560976,0.353135083914418,0.300000000000001,1,0,5,1,0,0,0,1,0,1,0,0,0,1,0
0.0567,1200,643.560516112111,609.756097560976,0.353253132694906,0.350000000000001,1,0,5,1,0,0,0,1,0,1,0,0,0,1,0
0.0568,1200,644.247760184347,609.756097560976,0.353371181475394,0.400000000000002,0,0,5,1,0,0,0,1,0,0,0,0,0,1,0
0.0569,1200,644.934053463477,609.756097560976,0.353489230255882,0.450000000000003,0,0,5,1,0,0,0,1,0,0,0,0,0,1,0
0.057,1200,645.619398326481,609.756097560976,0.35360727903637,0.5,0,0,5,1,0,0,0,1,0,0,0,0,0,1,0
0.0571,1200,646.303797144401,609.756097560976,0.353725327816857,0.550000000000001,0,0,5,1,0,0,0,1,0,0,0,0,0,1,0
0.0572,1200,646.98725228235,609.756097560976,0.353843376597345,0.600000000000001,0,0,5,1,0,0,0,1,0,0,0,0,0,1,0
0.0573,1200,647.669766099527,609.756097560976,0.353961425377833,0.650000000000002,0,0,5,1,0,0,0,1,0,0,0,0,0,1,0
0.0574,1200,648.351340949234,609.756097560976,0.354079474158321,0.699999999999999,0,0,5,1,0,0,0,1,0,0,0,0,0,1,0
0.0575,1200,649.03197917889,609.756097560976,0.354197522938809,0.75,0,0,5,1,0,0,0,1,0,0,0,0,0,1,0
0.0576,1200,649.711683130045,609.756097560976,0.354315571719296,0.800000000000004,0,0,5,1,0,0,0,1,0,0,0,0,0,1,0
0.0577,1200,650.390455138395,609.756097560976,0.354433620499784,0.850000000000001,0,0,5,1,0,0,0,1,0,0,0,0,0,1,0
0.0578,1200,651.068297533798,609.756097560976,0.354551669280272,0.900000000000002,0,0,5,1,0,0,0,1,0,0,0,0,0,1,0
0.0579,1200,651.745212640285,609.756097560976,0.35466971806076,0.949999999999999,0,0,5,1,0,0,0,1,0,0,0,0,0,1,0
0.058,1200,652.421202776079,609.756097560976,0.354787766841248,0,1,0,5,1,0,0,0,1,0,1,0,0,0,1,0
0.0581,1200,653.096270253607,609.756097560976,0.354905815621735,0.0500000000000043,1,0,5,1,0,0,0,1,0,1,0,0,0,1,0
0.0582,1200,653.770417379514,641.025641025641,0.345636747454131,0.100000000000001,1,1,1,1,0,0,0,0,1,1,0,0,0,0,1
0.0583,1200,654.382630194518,641.025641025641,0.345748542325926,0.150000000000002,1,1,1,1,0,0,0,0,1,1,0,0,0,0,1
0.0584,1200,654.99403914415,641.025641025641,0.345860337197721,0.199999999999999,1,1,1,1,0,0,0,0,1,1,0,0,0,0,1
0.0585,1200,655.604646238075,641.025641025641,0.345972132069515,0.25,1,1,1,1,0,0,0,0,1,1,0,0,0,0,1
0.0586,1200,656.214453480931,641.025641025641,0.34608392694131,0.300000000000004,1,1,1,1,0,0,0,0,1,1,0,0,0,0,1
0.0587,1200,656.823462872347,641.025641025641,0.346195721813105,0.350000000000001,0,1,1,1,0,0,0,0,1,0,0,0,0,0,1
0.0588,1200,657.431676406952,641.025641025641,0.3463075166849,0.400000000000002,0,1,1,1,0,0,0,0,1,0,0,0,0,0,1
0.0589,1200,658.039096074386,641.025641025641,0.346419311556695,0.449999999999999,0,1,1,1,0,0,0,0,1,0,0,0,0,0,1
0.059,1200,658.645723859319,641.025641025641,0.34653110642849,0.500000000000004,0,1,1,1,0,0,0,0,1,0,0,0,0,0,1
0.0591,1200,659.251561741456,641.025641025641,0.346642901300285,0.550000000000001,0,1,1,1,0,0,0,0,1,0,0,0,0,0,1
0.0592,1200,659.856611695554,641.025641025641,0.346754696172079,0.600000000000001,0,1,1,1,0,0,0,0,1,0,0,0,0,0,1
0.0593,1200,660.460875691434,641.025641025641,0.346866491043874,0.650000000000002,0,1,1,1,0,0,0,0,1,0,0,0,0,0,1
0.0594,1200,661.06435569399,641.025641025641,0.346978285915669,0.699999999999999,0,1,1,1,0,0,0,0,1,0,0,0,0,0,1
0.0595,1200,661.667053663207,641.025641025641,0.347090080787464,0.750000000000004,0,1,1,1,0,0,0,0,1,0,0,0,0,0,1
0.0596,1200,662.268971554167,641.025641025641,0.347201875659259,0.800000000000001,0,1,1,1,0,0,0,0,1,0,0,0,0,0,1
0.0597,1200,662.870111317067,641.025641025641,0.347313670531054,0.850000000000001,0,1,1,1,0,0,0,0,1,0,0,0,0,0,1
0.0598,1200,663.470474897226,641.025641025641,0.347425465402849,0.900000000000002,0,1,1,1,0,0,0,0,1,0,0,0,0,0,1
0.0599,1200,664.070064235102,641.025641025641,0.347537260274644,0.949999999999999,0,1,1,1,0,0,0,0,1,0,0,0,0,0,1
0.06,1200,664.668881266299,641.025641025641,0.347649055146438,3.5527136788005e-15,1,1,1,1,0,0,0,0,1,1,0,0,0,0,1
0.0601,1200,665.266927921585,641.025641025641,0.347760850018233,0.0500000000000007,1,1,1,1,0,0,0,0,1,1,0,0,0,0,1
0.0602,1200,665.8642061269,641.025641025641,0.347872644890028,0.100000000000001,1,1,1,1,0,0,0,0,1,1,0,0,0,0,1
0.0603,1200,666.460717803368,641.025641025641,0.347984439761823,0.149999999999999,1,1,1,1,0,0,0,0,1,1,0,0,0,0,1
0.0604,1200,667.056464867311,641.025641025641,0.348096234633618,0.200000000000003,1,1,1,1,0,0,0,0,1,1,0,0,0,0,1
0.0605,1200,667.651449230262,641.025641025641,0.348208029505413,0.250000000000004,1,1,1,1,0,0,0,0,1,1,0,0,0,0,1
0.0606,1200,668.245672798971,641.025641025641,0.348319824377208,0.300000000000001,1,1,1,1,0,0,0,0,1,1,0,0,0,0,1
0.0607,1200,668.839137475425,641.025641025641,0.348431619249003,0.350000000000001,0,1,1,1,0,0,0,0,1,0,0,0,0,0,1
0.0608,1200,669.431845156855,641.025641025641,0.348543414120797,0.399999999999999,0,1,1,1,0,0,0,0,1,0,0,0,0,0,1
0.0609,1200,670.023797735748,641.025641025641,0.348655208992592,0.450000000000003,0,1,1,1,0,0,0,0,1,0,0,0,0,0,1
0.061,1200,670.614997099861,641.025641025641,0.348767003864387,0.500000000000004,0,1,1,1,0,0,0,0,1,0,0,0,0,0,1
0.0611,1200,671.20544513223,641.025641025641,0.348878798736182,0.550000000000001,0,1,1,1,0,0,0,0,1,0,0,0,0,0,1
0.0612,1200,671.795143711184,641.025641025641,0.348990593607977,0.600000000000001,0,1,1,1,0,0,0,0,1,0,0,0,0,0,1
0.0613,1200,672.384094710358,641.025641025641,0.349102388479772,0.649999999999999,0,1,1,1,0,0,0,0,1,0,0,0,0,0,1
0.0614,1200,672.972299998701,641.025641025641,0.349214183351567,0.700000000000003,0,1,1,1,0,0,0,0,1,0,0,0,0,0,1
0.0615,1200,673.559761440489,641.025641025641,0.349325978223362,0.750000000000004,0,1,1,1,0,0,0,0,1,0,0,0,0,0,1
0.0616,1200,674.14648089534,641.025641025641,0.349437773095156,0.800000000000001,0,1,1,1,0,0,0,0,1,0,0,0,0,0,1
0.0617,1200,674.73246021822,641.025641025641,0.349549567966951,0.850000000000001,0,1,1,1,0,0,0,0,1,0,0,0,0,0,1
0.0618,1200,675.31770125946,641.025641025641,0.349661362838746,0.900000000000002,0,1,1,1,0,0,0,0,1,0,0,0,0,0,1
0.0619,1200,675.902205864763,641.025641025641,0.349773157710541,0.950000000000003,0,1,1,1,0,0,0,0,1,0,0,0,0,0,1
0.062,1200,676.48597587522,657.894736842106,0.344820850018233,0,1,2,3,0,1,0,0,0,1,0,1,0,0,0,1
0.0621,1200,677.03609646065,657.894736842106,0.344929271070865,0.0500000000000007,1,2,3,0,1,0,0,0,1,0,1,0,0,0,1
0.0622,1200,677.585546481459,657.894736842106,0.345037692123496,0.100000000000001,1,2,3,0,1,0,0,0,1,0,1,0,0,0,1
0.0623,1200,678.134327614058,657.894736842106,0.345146113176128,0.150000000000002,1,2,3,0,1,0,0,0,1,0,1,0,0,0,1
0.0624,1200,678.682441530668,657.894736842106,0.34525453422876,0.200000000000003,1,2,3,0,1,0,0,0,1,0,1,0,0,0,1
0.0625,1200,679.229889899328,657.894736842106,0.345362955281391,0.25,1,2,3,0,1,0,0,0,1,0,1,0,0,0,1
0.0626,1200,679.776674383909,657.894736842106,0.345471376334023,0.300000000000001,1,2,3,0,1,0,0,0,1,0,1,0,0,0,1
0.0627,1200,680.32279664412,657.894736842106,0.345579797386654,0.350000000000001,0,2,3,0,1,0,0,0,1,0,0,0,0,0,1
0.0628,1200,680.868258335523,657.894736842106,0.345688218439286,0.400000000000006,0,2,3,0,1,0,0,0,1,0,0,0,0,0,1
0.0629,1200,681.41306110954,657.894736842106,0.345796639491917,0.449999999999999,0,2,3,0,1,0,0,0,1,0,0,0,0,0,1
0.063,1200,681.957206613463,657.894736842106,0.345905060544549,0.5,0,2,3,0,1,0,0,0,1,0,0,0,0,0,1
0.0631,1200,682.500696490469,657.894736842106,0.346013481597181,0.550000000000001,0,2,3,0,1,0,0,0,1,0,0,0,0,0,1
0.0632,1200,683.043532379625,657.894736842106,0.346121902649812,0.600000000000001,0,2,3,0,1,0,0,0,1,0,0,0,0,0,1
0.0633,1200,683.585715915899,657.894736842106,0.346230323702444,0.650000000000006,0,2,3,0,1,0,0,0,1,0,0,0,0,0,1
0.0634,1200,684.127248730176,657.894736842106,0.346338744755075,0.699999999999999,0,2,3,0,1,0,0,0,1,0,0,0,0,0,1
0.0635,1200,684.668132449258,657.894736842106,0.346447165807707,0.75,0,2,3,0,1,0,0,0,1,0,0,0,0,0,1
0.0636,1200,685.208368695885,657.894736842106,0.346555586860338,0.800000000000001,0,2,3,0,1,0,0,0,1,0,0,0,0,0,1
0.0637,1200,685.747959088738,657.894736842106,0.34666400791297,0.850000000000005,0,2,3,0,1,0,0,0,1,0,0,0,0,0,1
0.0638,1200,686.28690524245,657.894736842106,0.346772428965602,0.900000000000006,0,2,3,0,1,0,0,0,1,0,0,0,0,0,1
0.0639,1200,686.82520876762,657.894736842106,0.346880850018233,0.949999999999999,0,2,3,0,1,0,0,0,1,0,0,0,0,0,1
0.064,1200,687.36287127082,657.894736842106,0.346989271070865,0,1,2,3,0,1,0,0,0,1,0,1,0,0,0,1
0.0641,1200,687.899894354603,657.894736842106,0.347097692123496,0.0500000000000043,1,2,3,0,1,0,0,0,1,0,1,0,0,0,1
0.0642,1200,688.43627961752,657.894736842106,0.347206113176128,0.100000000000001,1,2,3,0,1,0,0,0,1,0,1,0,0,0,1
0.0643,1200,688.972028654121,657.894736842106,0.34731453422876,0.150000000000006,1,2,3,0,1,0,0,0,1,0,1,0,0,0,1
0.0644,1200,689.507143054972,657.894736842106,0.347422955281391,0.200000000000003,1,2,3,0,1,0,0,0,1,0,1,0,0,0,1
0.0645,1200,690.041624406664,657.894736842106,0.347531376334023,0.25,1,2,3,0,1,0,0,0,1,0,1,0,0,0,1
0.0646,1200,690.575474291818,657.894736842106,0.347639797386654,0.300000000000004,1,2,3,0,1,0,0,0,1,0,1,0,0,0,1
0.0647,1200,691.108694289102,657.894736842106,0.347748218439286,0.350000000000001,0,2,3,0,1,0,0,0,1,0,0,0,0,0,1
0.0648,1200,691.641285973235,657.894736842106,0.347856639491917,0.399999999999999,0,2,3,0,1,0,0,0,1,0,0,0,0,0,1
0.0649,1200,692.173250914999,657.894736842106,0.347965060544549,0.450000000000003,0,2,3,0,1,0,0,0,1,0,0,0,0,0,1
0.065,1200,692.704590681251,657.894736842106,0.348073481597181,0.5,0,2,3,0,1,0,0,0,1,0,0,0,0,0,1
0.0651,1200,693.23530683493,657.894736842106,0.348181902649812,0.550000000000004,0,2,3,0,1,0,0,0,1,0,0,0,0,0,1
0.0652,1200,693.765400935066,657.894736842106,0.348290323702444,0.600000000000001,0,2,3,0,1,0,0,0,1,0,0,0,0,0,1
0.0653,1200,694.294874536794,657.894736842106,0.348398744755075,0.649999999999999,0,2,3,0,1,0,0,0,1,0,0,0,0,0,1
0.0654,1200,694.82372919136,657.894736842106,0.348507165807707,0.700000000000003,0,2,3,0,1,0,0,0,1,0,0,0,0,0,1
0.0655,1200,695.351966446132,657.894736842106,0.348615586860338,0.75,0,2,3,0,1,0,0,0,1,0,0,0,0,0,1
0.0656,1200,695.879587844609,694.444444444443,0.337751785690748,0.800000000000004,0,3,2,0,1,0,1,0,0,0,0,0,1,0,0
0.0657,1200,696.335275481987,694.444444444443,0.337852896801859,0.850000000000001,0,3,2,0,1,0,1,0,0,0,0,0,1,0,0
0.0658,1200,696.790481122494,694.444444444443,0.33795400791297,0.899999999999999,0,3,2,0,1,0,1,0,0,0,0,0,1,0,0
0.0659,1200,697.245205971122,694.444444444443,0.338055119024082,0.950000000000003,0,3,2,0,1,0,1,0,0,0,0,0,1,0,0
0.066,1200,697.699451229851,694.444444444443,0.338156230135193,0,1,3,2,0,1,0,1,0,0,0,1,0,1,0,0
0.0661,1200,698.153218097655,694.444444444443,0.338257341246304,0.0500000000000043,1,3,2,0,1,0,1,0,0,0,1,0,1,0,0
0.0662,1200,698.606507770512,694.444444444443,0.338358452357415,0.100000000000001,1,3,2,0,1,0,1,0,0,0,1,0,1,0,0
0.0663,1200,699.059321441409,694.444444444443,0.338459563468526,0.149999999999999,1,3,2,0,1,0,1,0,0,0,1,0,1,0,0
0.0664,1200,699.511660300351,694.444444444443,0.338560674579637,0.200000000000003,1,3,2,0,1,0,1,0,0,0,1,0,1,0,0
0.0665,1200,699.963525534368,694.444444444443,0.338661785690748,0.25,1,3,2,0,1,0,1,0,0,0,1,0,1,0,0
0.0666,1200,700.414918327521,694.444444444443,0.338762896801859,0.300000000000004,1,3,2,0,1,0,1,0,0,0,1,0,1,0,0
0.0667,1200,700.865839860915,694.444444444443,0.33886400791297,0.350000000000001,0,3,2,0,1,0,1,0,0,0,0,0,1,0,0
0.0668,1200,701.316291312697,694.444444444443,0.338965119024082,0.399999999999999,0,3,2,0,1,0,1,0,0,0,0,0,1,0,0
0.0669,1200,701.766273858072,694.444444444443,0.339066230135193,0.450000000000003,0,3,2,0,1,0,1,0,0,0,0,0,1,0,0
0.067,1200,702.215788669305,694.444444444443,0.339167341246304,0.5,0,3,2,0,1,0,1,0,0,0,0,0,1,0,0
0.0671,1200,702.664836915733,694.444444444443,0.339268452357415,0.550000000000004,0,3,2,0,1,0,1,0,0,0,0,0,1,0,0
0.0672,1200,703.113419763767,694.444444444443,0.339369563468526,0.600000000000001,0,3,2,0,1,0,1,0,0,0,0,0,1,0,0
0.0673,1200,703.561538376903,694.444444444443,0.339470674579637,0.649999999999999,0,3,2,0,1,0,1,0,0,0,0,0,1,0,0
0.0674,1200,704.009193915728,694.444444444443,0.339571785690748,0.700000000000003,0,3,2,0,1,0,1,0,0,0,0,0,1,0,0
0.0675,1200,704.456387537929,694.444444444443,0.339672896801859,0.75,0,3,2,0,1,0,1,0,0,0,0,0,1,0,0
0.0676,1200,704.903120398296,694.444444444443,0.33977400791297,0.800000000000004,0,3,2,0,1,0,1,0,0,0,0,0,1,0,0
0.0677,1200,705.349393648735,694.444444444443,0.339875119024082,0.850000000000009,0,3,2,0,1,0,1,0,0,0,0,0,1,0,0
0.0678,1200,705.795208438269,694.444444444443,0.339976230135193,0.899999999999999,0,3,2,0,1,0,1,0,0,0,0,0,1,0,0
0.0679,1200,706.240565913052,694.444444444443,0.340077341246304,0.950000000000003,0,3,2,0,1,0,1,0,0,0,0,0,1,0,0
0.068,1200,706.685467216371,694.444444444443,0.340178452357415,0,1,3,2,0,1,0,1,0,0,0,1,0,1,0,0
0.0681,1200,707.129913488653,694.444444444443,0.340279563468526,0.0500000000000043,1,3,2,0,1,0,1,0,0,0,1,0,1,0,0
0.0682,1200,707.573905867477,694.444444444443,0.340380674579637,0.100000000000001,1,3,2,0,1,0,1,0,0,0,1,0,1,0,0
0.0683,1200,708.017445487576,694.444444444443,0.340481785690748,0.149999999999999,1,3,2,0,1,0,1,0,0,0,1,0,1,0,0
0.0684,1200,708.460533480847,694.444444444443,0.340582896801859,0.200000000000003,1,3,2,0,1,0,1,0,0,0,1,0,1,0,0
0.0685,1200,708.903170976357,694.444444444443,0.34068400791297,0.25,1,3,2,0,1,0,1,0,0,0,1,0,1,0,0
0.0686,1200,709.34535910035,694.444444444443,0.340785119024082,0.300000000000004,1,3,2,0,1,0,1,0,0,0,1,0,1,0,0
0.0687,1200,709.787098976256,694.444444444443,0.340886230135193,0.350000000000001,0,3,2,0,1,0,1,0,0,0,0,0,1,0,0
0.0688,1200,710.228391724694,694.444444444443,0.340987341246304,0.399999999999999,0,3,2,0,1,0,1,0,0,0,0,0,1,0,0
0.0689,1200,710.669238463483,694.444444444443,0.341088452357415,0.450000000000003,0,3,2,0,1,0,1,0,0,0,0,0,1,0,0
0.069,1200,711.109640307648,694.444444444443,0.341189563468526,0.5,0,3,2,0,1,0,1,0,0,0,0,0,1,0,0
0.0691,1200,711.549598369424,694.444444444443,0.341290674579637,0.550000000000004,0,3,2,0,1,0,1,0,0,0,0,0,1,0,0
0.0692,1200,711.989113758268,694.444444444446,0.341391785690747,0.600000000000001,0,4,6,0,0,1,1,0,0,0,0,0,1,0,0
0.0693,1200,712.428187580862,694.444444444446,0.341492896801859,0.649999999999999,0,4,6,0,0,1,1,0,0,0,0,0,1,0,0
0.0694,1200,712.866820941122,694.444444444446,0.34159400791297,0.700000000000003,0,4,6,0,0,1,1,0,0,0,0,0,1,0,0
0.0695,1200,713.305014940204,694.444444444446,0.341695119024081,0.75,0,4,6,0,0,1,1,0,0,0,0,0,1,0,0
0.0696,1200,713.74277067651,694.444444444446,0.341796230135192,0.800000000000004,0,4,6,0,0,1,1,0,0,0,0,0,1,0,0
0.0697,1200,714.180089245697,694.444444444446,0.341897341246303,0.850000000000001,0,4,6,0,0,1,1,0,0,0,0,0,1,0,0
0.0698,1200,714.616971740684,694.444444444446,0.341998452357414,0.899999999999999,0,4,6,0,0,1,1,0,0,0,0,0,1,0,0
0.0699,1200,715.053419251655,694.444444444446,0.342099563468525,0.950000000000003,0,4,6,0,0,1,1,0,0,0,0,0,1,0,0
0.07,1200,715.489432866072,694.444444444446,0.342200674579636,0,1,4,6,0,0,1,1,0,0,0,0,1,1,0,0
0.0701,1200,715.925013668674,694.444444444446,0.342301785690747,0.0500000000000043,1,4,6,0,0,1,1,0,0,0,0,1,1,0,0
0.0702,1200,716.360162741492,694.444444444446,0.342402896801859,0.100000000000001,1,4,6,0,0,1,1,0,0,0,0,1,1,0,0
0.0703,1200,716.794881163851,694.444444444446,0.34250400791297,0.149999999999999,1,4,6,0,0,1,1,0,0,0,0,1,1,0,0
0.0704,1200,717.229170012375,694.444444444446,0.342605119024081,0.200000000000003,1,4,6,0,0,1,1,0,0,0,0,1,1,0,0
0.0705,1200,717.663030361001,694.444444444446,0.342706230135192,0.25,1,4,6,0,0,1,1,0,0,0,0,1,1,0,0
0.0706,1200,718.096463280977,694.444444444446,0.342807341246303,0.300000000000004,1,4,6,0,0,1,1,0,0,0,0,1,1,0,0
0.0707,1200,718.529469840876,694.444444444446,0.342908452357414,0.350000000000001,0,4,6,0,0,1,1,0,0,0,0,0,1,0,0
0.0708,1200,718.962051106597,694.444444444446,0.343009563468525,0.399999999999999,0,4,6,0,0,1,1,0,0,0,0,0,1,0,0
0.0709,1200,719.394208141376,694.444444444446,0.343110674579636,0.450000000000003,0,4,6,0,0,1,1,0,0,0,0,0,1,0,0
0.071,1200,719.82594200579,694.444444444446,0.343211785690747,0.500000000000007,0,4,6,0,0,1,1,0,0,0,0,0,1,0,0
0.0711,1200,720.257253757765,694.444444444446,0.343312896801859,0.549999999999997,0,4,6,0,0,1,1,0,0,0,0,0,1,0,0
0.0712,1200,720.688144452583,694.444444444446,0.34341400791297,0.600000000000001,0,4,6,0,0,1,1,0,0,0,0,0,1,0,0
0.0713,1200,721.118615142886,694.444444444446,0.343515119024081,0.649999999999999,0,4,6,0,0,1,1,0,0,0,0,0,1,0,0
0.0714,1200,721.548666878685,694.444444444446,0.343616230135192,0.700000000000003,0,4,6,0,0,1,1,0,0,0,0,0,1,0,0
0.0715,1200,721.978300707367,694.444444444446,0.343717341246303,0.750000000000007,0,4,6,0,0,1,1,0,0,0,0,0,1,0,0
0.0716,1200,722.4075176737,694.444444444446,0.343818452357414,0.799999999999997,0,4,6,0,0,1,1,0,0,0,0,0,1,0,0
0.0717,1200,722.836318819839,694.444444444446,0.343919563468525,0.850000000000001,0,4,6,0,0,1,1,0,0,0,0,0,1,0,0
0.0718,1200,723.264705185334,694.444444444446,0.344020674579636,0.899999999999999,0,4,6,0,0,1,1,0,0,0,0,0,1,0,0
0.0719,1200,723.692677807139,694.444444444446,0.344121785690747,0.950000000000003,0,4,6,0,0,1,1,0,0,0,0,0,1,0,0
0.072,1200,724.120237719611,694.444444444446,0.344222896801858,7.105427357601e-15,1,4,6,0,0,1,1,0,0,0,0,1,1,0,0
0.0721,1200,724.547385954524,694.444444444446,0.34432400791297,0.0499999999999972,1,4,6,0,0,1,1,0,0,0,0,1,1,0,0
0.0722,1200,724.974123541072,694.444444444446,0.344425119024081,0.100000000000001,1,4,6,0,0,1,1,0,0,0,0,1,1,0,0
0.0723,1200,725.400451505876,694.444444444446,0.344526230135192,0.149999999999999,1,4,6,0,0,1,1,0,0,0,0,1,1,0,0
0.0724,1200,725.82637087299,694.444444444446,0.344627341246303,0.200000000000003,1,4,6,0,0,1,1,0,0,0,0,1,1,0,0
0.0725,1200,726.251882663908,694.444444444446,0.344728452357414,0.250000000000007,1,4,6,0,0,1,1,0,0,0,0,1,1,0,0
0.0726,1200,726.676987897572,694.444444444446,0.344829563468525,0.299999999999997,1,4,6,0,0,1,1,0,0,0,0,1,1,0,0
0.0727,1200,727.101687590373,714.285714285714,0.338974325373288,0.350000000000001,0,5,4,0,0,1,0,1,0,0,0,0,0,1,0
0.0728,1200,727.487266486324,714.285714285714,0.339071468230431,0.399999999999999,0,5,4,0,0,1,0,1,0,0,0,0,0,1,0
0.0729,1200,727.872512863605,714.285714285714,0.339168611087573,0.450000000000003,0,5,4,0,0,1,0,1,0,0,0,0,0,1,0
0.073,1200,728.257427553516,714.285714285714,0.339265753944716,0.500000000000007,0,5,4,0,0,1,0,1,0,0,0,0,0,1,0
0.0731,1200,728.642011385273,714.285714285714,0.339362896801859,0.549999999999997,0,5,4,0,0,1,0,1,0,0,0,0,0,1,0
0.0732,1200,729.026265186022,714.285714285714,0.339460039659002,0.600000000000001,0,5,4,0,0,1,0,1,0,0,0,0,0,1,0
0.0733,1200,729.41018978084,714.285714285714,0.339557182516145,0.649999999999999,0,5,4,0,0,1,0,1,0,0,0,0,0,1,0
0.0734,1200,729.793785992743,714.285714285714,0.339654325373288,0.700000000000003,0,5,4,0,0,1,0,1,0,0,0,0,0,1,0
0.0735,1200,730.177054642687,714.285714285714,0.339751468230431,0.750000000000007,0,5,4,0,0,1,0,1,0,0,0,0,0,1,0
0.0736,1200,730.559996549578,714.285714285714,0.339848611087573,0.799999999999997,0,5,4,0,0,1,0,1,0,0,0,0,0,1,0
0.0737,1200,730.942612530274,714.285714285714,0.339945753944716,0.850000000000001,0,5,4,0,0,1,0,1,0,0,0,0,0,1,0
0.0738,1200,731.324903399589,714.285714285714,0.340042896801859,0.900000000000006,0,5,4,0,0,1,0,1,0,0,0,0,0,1,0
0.0739,1200,731.706869970302,714.285714285714,0.340140039659002,0.950000000000003,0,5,4,0,0,1,0,1,0,0,0,0,0,1,0
0.074,1200,732.08851305316,714.285714285714,0.340237182516145,7.105427357601e-15,1,5,4,0,0,1,0,1,0,0,0,1,0,1,0
0.0741,1200,732.469833456882,714.285714285714,0.340334325373288,0.0499999999999972,1,5,4,0,0,1,0,1,0,0,0,1,0,1,0
0.0742,1200,732.850831988166,714.285714285714,0.340431468230431,0.100000000000001,1,5,4,0,0,1,0,1,0,0,0,1,0,1,0
0.0743,1200,733.231509451693,714.285714285714,0.340528611087573,0.150000000000006,1,5,4,0,0,1,0,1,0,0,0,1,0,1,0
0.0744,1200,733.611866650133,714.285714285714,0.340625753944716,0.200000000000003,1,5,4,0,0,1,0,1,0,0,0,1,0,1,0
0.0745,1200,733.991904384148,714.285714285714,0.340722896801859,0.25,1,5,4,0,0,1,0,1,0,0,0,1,0,1,0
0.0746,1200,734.3716234524,714.285714285714,0.340820039659002,0.299999999999997,1,5,4,0,0,1,0,1,0,0,0,1,0,1,0
0.0747,1200,734.751024651553,714.285714285714,0.340917182516145,0.350000000000001,0,5,4,0,0,1,0,1,0,0,0,0,0,1,0
0.0748,1200,735.130108776279,714.285714285714,0.341014325373288,0.400000000000006,0,5,4,0,0,1,0,1,0,0,0,0,0,1,0
0.0749,1200,735.508876619264,714.285714285714,0.341111468230431,0.450000000000003,0,5,4,0,0,1,0,1,0,0,0,0,0,1,0
0.075,1200,735.887328971214,714.285714285714,0.341208611087573,0.5,0,5,4,0,0,1,0,1,0,0,0,0,0,1,0
0.0751,1200,736.265466620855,714.285714285714,0.341305753944716,0.549999999999997,0,5,4,0,0,1,0,1,0,0,0,0,0,1,0
0.0752,1200,736.643290354944,714.285714285714,0.341402896801859,0.600000000000001,0,5,4,0,0,1,0,1,0,0,0,0,0,1,0
0.0753,1200,737.020800958269,714.285714285714,0.341500039659002,0.650000000000006,0,5,4,0,0,1,0,1,0,0,0,0,0,1,0
0.0754,1200,737.397999213656,714.285714285714,0.341597182516145,0.700000000000003,0,5,4,0,0,1,0,1,0,0,0,0,0,1,0
0.0755,1200,737.774885901977,714.285714285714,0.341694325373288,0.75,0,5,4,0,0,1,0,1,0,0,0,0,0,1,0
0.0756,1200,738.151461802149,714.285714285714,0.341791468230431,0.799999999999997,0,5,4,0,0,1,0,1,0,0,0,0,0,1,0
0.0757,1200,738.527727691141,714.285714285714,0.341888611087573,0.850000000000001,0,5,4,0,0,1,0,1,0,0,0,0,0,1,0
0.0758,1200,738.903684343982,714.285714285714,0.341985753944716,0.900000000000006,0,5,4,0,0,1,0,1,0,0,0,0,0,1,0
0.0759,1200,739.279332533763,714.285714285714,0.342082896801859,0.950000000000003,0,5,4,0,0,1,0,1,0,0,0,0,0,1,0
0.076,1200,739.654673031641,714.285714285714,0.342180039659002,0,1,5,4,0,0,1,0,1,0,0,0,1,0,1,0
0.0761,1200,740.029706606845,735.294117647059,0.335970459827069,0.0499999999999972,1,0,5,1,0,0,0,1,0,1,0,0,0,1,0
0.0762,1200,740.363440329204,735.294117647059,0.33606340100354,0.100000000000001,1,0,5,1,0,0,0,1,0,1,0,0,0,1,0
0.0763,1200,740.696943834904,735.294117647059,0.33615634218001,0.150000000000006,1,0,5,1,0,0,0,1,0,1,0,0,0,1,0
0.0764,1200,741.030217699487,735.294117647059,0.336249283356481,0.200000000000003,1,0,5,1,0,0,0,1,0,1,0,0,0,1,0
0.0765,1200,741.363262497055,735.294117647059,0.336342224532951,0.25,1,0,5,1,0,0,0,1,0,1,0,0,0,1,0
0.0766,1200,741.696078800277,735.294117647059,0.336435165709422,0.299999999999997,1,0,5,1,0,0,0,1,0,1,0,0,0,1,0
0.0767,1200,742.028667180387,735.294117647059,0.336528106885893,0.350000000000001,0,0,5,1,0,0,0,1,0,0,0,0,0,1,0
0.0768,1200,742.361028207195,735.294117647059,0.336621048062363,0.400000000000006,0,0,5,1,0,0,0,1,0,0,0,0,0,1,0
0.0769,1200,742.693162449082,735.294117647059,0.336713989238834,0.450000000000003,0,0,5,1,0,0,0,1,0,0,0,0,0,1,0
0.077,1200,743.025070473012,735.294117647059,0.336806930415304,0.5,0,0,5,1,0,0,0,1,0,0,0,0,0,1,0
0.0771,1200,743.356752844529,735.294117647059,0.336899871591775,0.550000000000004,0,0,5,1,0,0,0,1,0,0,0,0,0,1,0
0.0772,1200,743.688210127764,735.294117647059,0.336992812768245,0.600000000000001,0,0,5,1,0,0,0,1,0,0,0,0,0,1,0
0.0773,1200,744.019442885438,735.294117647059,0.337085753944716,0.650000000000006,0,0,5,1,0,0,0,1,0,0,0,0,0,1,0
0.0774,1200,744.350451678865,735.294117647059,0.337178695121187,0.700000000000003,0,0,5,1,0,0,0,1,0,0,0,0,0,1,0
0.0775,1200,744.681237067956,735.294117647059,0.337271636297657,0.75,0,0,5,1,0,0,0,1,0,0,0,0,0,1,0
0.0776,1200,745.011799611221,735.294117647059,0.337364577474128,0.800000000000004,0,0,5,1,0,0,0,1,0,0,0,0,0,1,0
0.0777,1200,745.342139865775,735.294117647059,0.337457518650598,0.850000000000001,0,0,5,1,0,0,0,1,0,0,0,0,0,1,0
0.0778,1200,745.672258387339,735.294117647059,0.337550459827069,0.900000000000006,0,0,5,1,0,0,0,1,0,0,0,0,0,1,0
0.0779,1200,746.002155730247,735.294117647059,0.33764340100354,0.949999999999996,0,0,5,1,0,0,0,1,0,0,0,0,0,1,0
0.078,1200,746.331832447444,735.294117647059,0.33773634218001,0,1,0,5,1,0,0,0,1,0,1,0,0,0,1,0
0.0781,1200,746.661289090496,735.294117647059,0.337829283356481,0.0500000000000043,1,0,5,1,0,0,0,1,0,1,0,0,0,1,0
0.0782,1200,746.990526209586,735.294117647059,0.337922224532951,0.100000000000001,1,0,5,1,0,0,0,1,0,1,0,0,0,1,0
0.0783,1200,747.319544353527,735.294117647059,0.338015165709422,0.150000000000006,1,0,5,1,0,0,0,1,0,1,0,0,0,1,0
0.0784,1200,747.648344069754,735.294117647059,0.338108106885893,0.199999999999996,1,0,5,1,0,0,0,1,0,1,0,0,0,1,0
0.0785,1200,747.976925904338,735.294117647059,0.338201048062363,0.25,1,0,5,1,0,0,0,1,0,1,0,0,0,1,0
0.0786,1200,748.305290401982,735.294117647059,0.338293989238834,0.300000000000004,1,0,5,1,0,0,0,1,0,1,0,0,0,1,0
0.0787,1200,748.63343810603,735.294117647059,0.338386930415304,0.350000000000001,0,0,5,1,0,0,0,1,0,0,0,0,0,1,0
0.0788,1200,748.961369558464,735.294117647059,0.338479871591775,0.400000000000006,0,0,5,1,0,0,0,1,0,0,0,0,0,1,0
0.0789,1200,749.289085299915,735.294117647059,0.338572812768246,0.449999999999996,0,0,5,1,0,0,0,1,0,0,0,0,0,1,0
0.079,1200,749.616585869658,735.294117647059,0.338665753944716,0.5,0,0,5,1,0,0,0,1,0,0,0,0,0,1,0
0.0791,1200,749.943871805625,735.294117647059,0.338758695121187,0.550000000000004,0,0,5,1,0,0,0,1,0,0,0,0,0,1,0
0.0792,1200,750.270943644399,735.294117647059,0.338851636297657,0.600000000000001,0,0,5,1,0,0,0,1,0,0,0,0,0,1,0
0.0793,1200,750.597801921223,735.294117647059,0.338944577474128,0.650000000000006,0,0,5,1,0,0,0,1,0,0,0,0,0,1,0
0.0794,1200,750.924447170001,757.575757575758,0.332348570344003,0.699999999999996,0,1,1,1,0,0,0,0,1,0,0,0,0,0,1
0.0795,1200,751.207401759312,757.575757575758,0.332437055192488,0.75,0,1,1,1,0,0,0,0,1,0,0,0,0,0,1
0.0796,1200,751.490224113665,757.575757575758,0.332525540040973,0.800000000000004,0,1,1,1,0,0,0,0,1,0,0,0,0,0,1
0.0797,1200,751.772914563647,757.575757575758,0.332614024889457,0.850000000000001,0,1,1,1,0,0,0,0,1,0,0,0,0,0,1
0.0798,1200,752.05547343902,757.575757575758,0.332702509737942,0.900000000000006,0,1,1,1,0,0,0,0,1,0,0,0,0,0,1
0.0799,1200,752.337901068719,757.575757575758,0.332790994586427,0.950000000000003,0,1,1,1,0,0,0,0,1,0,0,0,0,0,1
0.08,1200,752.620197780859,757.575757575758,0.332879479434912,0,1,1,1,1,0,0,0,0,1,1,0,0,0,0,1
0.0801,1200,752.902363902734,757.575757575758,0.332967964283397,0.0500000000000043,1,1,1,1,0,0,0,0,1,1,0,0,0,0,1
0.0802,1200,753.184399760819,757.575757575758,0.333056449131882,0.100000000000001,1,1,1,1,0,0,0,0,1,1,0,0,0,0,1
0.0803,1200,753.466305680774,757.575757575758,0.333144933980367,0.150000000000006,1,1,1,1,0,0,0,0,1,1,0,0,0,0,1
0.0804,1200,753.748081987444,757.575757575758,0.333233418828851,0.200000000000003,1,1,1,1,0,0,0,0,1,1,0,0,0,0,1
0.0805,1200,754.029729004863,757.575757575758,0.333321903677336,0.25,1,1,1,1,0,0,0,0,1,1,0,0,0,0,1
0.0806,1200,754.311247056254,757.575757575758,0.333410388525821,0.300000000000004,1,1,1,1,0,0,0,0,1,1,0,0,0,0,1
0.0807,1200,754.592636464031,757.575757575758,0.333498873374306,0.350000000000001,0,1,1,1,0,0,0,0,1,0,0,0,0,0,1
0.0808,1200,754.873897549804,757.575757575758,0.333587358222791,0.400000000000006,0,1,1,1,0,0,0,0,1,0,0,0,0,0,1
0.0809,1200,755.155030634378,757.575757575758,0.333675843071276,0.450000000000003,0,1,1,1,0,0,0,0,1,0,0,0,0,0,1
0.081,1200,755.436036037755,757.575757575758,0.333764327919761,0.5,0,1,1,1,0,0,0,0,1,0,0,0,0,0,1
0.0811,1200,755.716914079139,757.575757575758,0.333852812768245,0.550000000000004,0,1,1,1,0,0,0,0,1,0,0,0,0,0,1
0.0812,1200,755.997665076935,757.575757575758,0.33394129761673,0.600000000000001,0,1,1,1,0,0,0,0,1,0,0,0,0,0,1
0.0813,1200,756.278289348751,757.575757575758,0.334029782465215,0.649999999999999,0,1,1,1,0,0,0,0,1,0,0,0,0,0,1
0.0814,1200,756.558787211403,757.575757575758,0.3341182673137,0.700000000000003,0,1,1,1,0,0,0,0,1,0,0,0,0,0,1
0.0815,1200,756.839158980914,757.575757575758,0.334206752162185,0.75,0,1,1,1,0,0,0,0,1,0,0,0,0,0,1
0.0816,1200,757.119404972516,757.575757575758,0.33429523701067,0.800000000000004,0,1,1,1,0,0,0,0,1,0,0,0,0,0,1
0.0817,1200,757.399525500654,757.575757575758,0.334383721859155,0.850000000000001,0,1,1,1,0,0,0,0,1,0,0,0,0,0,1
0.0818,1200,757.679520878987,757.575757575758,0.334472206707639,0.899999999999999,0,1,1,1,0,0,0,0,1,0,0,0,0,0,1
0.0819,1200,757.959391420389,757.575757575758,0.334560691556124,0.950000000000003,0,1,1,1,0,0,0,0,1,0,0,0,0,0,1
0.082,1200,758.239137436953,757.575757575758,0.334649176404609,0,1,1,1,1,0,0,0,0,1,1,0,0,0,0,1
0.0821,1200,758.51875923999,757.575757575758,0.334737661253094,0.0500000000000043,1,1,1,1,0,0,0,0,1,1,0,0,0,0,1
0.0822,1200,758.798257140035,757.575757575758,0.334826146101579,0.100000000000001,1,1,1,1,0,0,0,0,1,1,0,0,0,0,1
0.0823,1200,759.077631446845,757.575757575758,0.334914630950064,0.149999999999999,1,1,1,1,0,0,0,0,1,1,0,0,0,0,1
0.0824,1200,759.356882469404,757.575757575758,0.335003115798548,0.200000000000003,1,1,1,1,0,0,0,0,1,1,0,0,0,0,1
0.0825,1200,759.636010515921,757.575757575758,0.335091600647033,0.25,1,1,1,1,0,0,0,0,1,1,0,0,0,0,1
0.0826,1200,759.915015893837,757.575757575758,0.335180085495518,0.300000000000004,1,1,1,1,0,0,0,0,1,1,0,0,0,0,1
0.0827,1200,760.193898909823,757.575757575755,0.335268570344004,0.350000000000001,0,2,3,0,1,0,0,0,1,0,0,0,0,0,1
0.0828,1200,760.472659869784,757.575757575755,0.335357055192489,0.399999999999999,0,2,3,0,1,0,0,0,1,0,0,0,0,0,1
0.0829,1200,760.751299078861,757.575757575755,0.335445540040974,0.450000000000003,0,2,3,0,1,0,0,0,1,0,0,0,0,0,1
0.083,1200,761.02981684143,757.575757575755,0.335534024889459,0.5,0,2,3,0,1,0,0,0,1,0,0,0,0,0,1
0.0831,1200,761.308213461108,757.575757575755,0.335622509737943,0.550000000000004,0,2,3,0,1,0,0,0,1,0,0,0,0,0,1
0.0832,1200,761.586489240752,757.575757575755,0.335710994586428,0.600000000000009,0,2,3,0,1,0,0,0,1,0,0,0,0,0,1
0.0833,1200,761.864644482462,757.575757575755,0.335799479434913,0.649999999999999,0,2,3,0,1,0,0,0,1,0,0,0,0,0,1
0.0834,1200,762.142679487583,757.575757575755,0.335887964283398,0.700000000000003,0,2,3,0,1,0,0,0,1,0,0,0,0,0,1
0.0835,1200,762.420594556706,757.575757575755,0.335976449131883,0.75,0,2,3,0,1,0,0,0,1,0,0,0,0,0,1
0.0836,1200,762.698389989671,757.575757575755,0.336064933980368,0.800000000000004,0,2,3,0,1,0,0,0,1,0,0,0,0,0,1
0.0837,1200,762.97606608557,757.575757575755,0.336153418828853,0.850000000000009,0,2,3,0,1,0,0,0,1,0,0,0,0,0,1
0.0838,1200,763.253623142743,757.575757575755,0.336241903677337,0.899999999999999,0,2,3,0,1,0,0,0,1,0,0,0,0,0,1
0.0839,1200,763.531061458789,757.575757575755,0.336330388525822,0.950000000000003,0,2,3,0,1,0,0,0,1,0,0,0,0,0,1
0.084,1200,763.80838133056,757.575757575755,0.336418873374307,0,1,2,3,0,1,0,0,0,1,0,1,0,0,0,1
0.0841,1200,764.085583054166,757.575757575755,0.336507358222792,0.0500000000000043,1,2,3,0,1,0,0,0,1,0,1,0,0,0,1
0.0842,1200,764.362666924979,757.575757575755,0.336595843071277,0.100000000000009,1,2,3,0,1,0,0,0,1,0,1,0,0,0,1
0.0843,1200,764.63963323763,757.575757575755,0.336684327919762,0.149999999999999,1,2,3,0,1,0,0,0,1,0,1,0,0,0,1
0.0844,1200,764.916482286014,757.575757575755,0.336772812768246,0.200000000000003,1,2,3,0,1,0,0,0,1,0,1,0,0,0,1
0.0845,1200,765.193214363293,757.575757575755,0.336861297616731,0.25,1,2,3,0,1,0,0,0,1,0,1,0,0,0,1
0.0846,1200,765.469829761893,757.575757575755,0.336949782465216,0.300000000000004,1,2,3,0,1,0,0,0,1,0,1,0,0,0,1
0.0847,1200,765.746328773513,757.575757575755,0.337038267313701,0.350000000000001,0,2,3,0,1,0,0,0,1,0,0,0,0,0,1
0.0848,1200,766.022711689118,757.575757575755,0.337126752162186,0.399999999999999,0,2,3,0,1,0,0,0,1,0,0,0,0,0,1
0.0849,1200,766.298978798949,757.575757575755,0.337215237010671,0.450000000000003,0,2,3,0,1,0,0,0,1,0,0,0,0,0,1
0.085,1200,766.575130392521,757.575757575755,0.337303721859156,0.5,0,2,3,0,1,0,0,0,1,0,0,0,0,0,1
0.0851,1200,766.851166758624,757.575757575755,0.33739220670764,0.550000000000004,0,2,3,0,1,0,0,0,1,0,0,0,0,0,1
0.0852,1200,767.127088185328,757.575757575755,0.337480691556125,0.600000000000001,0,2,3,0,1,0,0,0,1,0,0,0,0,0,1
0.0853,1200,767.402894959979,757.575757575755,0.33756917640461,0.649999999999999,0,2,3,0,1,0,0,0,1,0,0,0,0,0,1
0.0854,1200,767.678587369209,757.575757575755,0.337657661253095,0.700000000000003,0,2,3,0,1,0,0,0,1,0,0,0,0,0,1
0.0855,1200,767.954165698931,757.575757575755,0.33774614610158,0.75,0,2,3,0,1,0,0,0,1,0,0,0,0,0,1
0.0856,1200,768.229630234344,757.575757575755,0.337834630950065,0.800000000000004,0,2,3,0,1,0,0,0,1,0,0,0,0,0,1
0.0857,1200,768.504981259934,757.575757575755,0.33792311579855,0.850000000000001,0,2,3,0,1,0,0,0,1,0,0,0,0,0,1
0.0858,1200,768.780219059474,757.575757575755,0.338011600647034,0.899999999999999,0,2,3,0,1,0,0,0,1,0,0,0,0,0,1
0.0859,1200,769.055343916031,757.575757575755,0.338100085495519,0.950000000000003,0,2,3,0,1,0,0,0,1,0,0,0,0,0,1
0.086,1200,769.330356111962,757.575757575758,0.338188570344003,0,1,3,2,0,1,0,1,0,0,0,1,0,1,0,0
0.0861,1200,769.605255928918,757.575757575758,0.338277055192488,0.0500000000000043,1,3,2,0,1,0,1,0,0,0,1,0,1,0,0
0.0862,1200,769.880043647847,757.575757575758,0.338365540040973,0.100000000000001,1,3,2,0,1,0,1,0,0,0,1,0,1,0,0
0.0863,1200,770.154719548994,757.575757575758,0.338454024889458,0.149999999999999,1,3,2,0,1,0,1,0,0,0,1,0,1,0,0
0.0864,1200,770.429283911903,757.575757575758,0.338542509737943,0.200000000000003,1,3,2,0,1,0,1,0,0,0,1,0,1,0,0
0.0865,1200,770.70373701542,757.575757575758,0.338630994586427,0.250000000000007,1,3,2,0,1,0,1,0,0,0,1,0,1,0,0
0.0866,1200,770.978079137693,757.575757575758,0.338719479434912,0.300000000000004,1,3,2,0,1,0,1,0,0,0,1,0,1,0,0
0.0867,1200,771.252310556176,757.575757575758,0.338807964283397,0.350000000000001,0,3,2,0,1,0,1,0,0,0,0,0,1,0,0
0.0868,1200,771.526431547627,757.575757575758,0.338896449131882,0.399999999999999,0,3,2,0,1,0,1,0,0,0,0,0,1,0,0
0.0869,1200,771.800442388116,757.575757575758,0.338984933980367,0.450000000000003,0,3,2,0,1,0,1,0,0,0,0,0,1,0,0
0.087,1200,772.074343353018,757.575757575758,0.339073418828852,0.500000000000007,0,3,2,0,1,0,1,0,0,0,0,0,1,0,0
0.0871,1200,772.348134717023,757.575757575758,0.339161903677337,0.550000000000004,0,3,2,0,1,0,1,0,0,0,0,0,1,0,0
0.0872,1200,772.621816754133,757.575757575758,0.339250388525821,0.600000000000001,0,3,2,0,1,0,1,0,0,0,0,0,1,0,0
0.0873,1200,772.895389737665,757.575757575758,0.339338873374306,0.649999999999999,0,3,2,0,1,0,1,0,0,0,0,0,1,0,0
0.0874,1200,773.168853940254,757.575757575758,0.339427358222791,0.700000000000003,0,3,2,0,1,0,1,0,0,0,0,0,1,0,0
0.0875,1200,773.442209633852,757.575757575758,0.339515843071276,0.750000000000007,0,3,2,0,1,0,1,0,0,0,0,0,1,0,0
0.0876,1200,773.71545708973,757.575757575758,0.339604327919761,0.799999999999997,0,3,2,0,1,0,1,0,0,0,0,0,1,0,0
0.0877,1200,773.988596578484,757.575757575758,0.339692812768246,0.850000000000001,0,3,2,0,1,0,1,0,0,0,0,0,1,0,0
0.0878,1200,774.261628370032,757.575757575758,0.339781297616731,0.899999999999999,0,3,2,0,1,0,1,0,0,0,0,0,1,0,0
0.0879,1200,774.534552733615,757.575757575758,0.339869782465215,0.950000000000003,0,3,2,0,1,0,1,0,0,0,0,0,1,0,0
0.088,1200,774.807369937805,757.575757575758,0.3399582673137,7.105427357601e-15,1,3,2,0,1,0,1,0,0,0,1,0,1,0,0
0.0881,1200,775.0800802505,757.575757575758,0.340046752162185,0.0499999999999972,1,3,2,0,1,0,1,0,0,0,1,0,1,0,0
0.0882,1200,775.352683938928,757.575757575758,0.34013523701067,0.100000000000001,1,3,2,0,1,0,1,0,0,0,1,0,1,0,0
0.0883,1200,775.62518126965,757.575757575758,0.340223721859155,0.149999999999999,1,3,2,0,1,0,1,0,0,0,1,0,1,0,0
0.0884,1200,775.89757250856,757.575757575758,0.34031220670764,0.200000000000003,1,3,2,0,1,0,1,0,0,0,1,0,1,0,0
0.0885,1200,776.169857920888,757.575757575758,0.340400691556125,0.250000000000007,1,3,2,0,1,0,1,0,0,0,1,0,1,0,0
0.0886,1200,776.442037771201,757.575757575758,0.340489176404609,0.299999999999997,1,3,2,0,1,0,1,0,0,0,1,0,1,0,0
0.0887,1200,776.714112323403,757.575757575758,0.340577661253094,0.350000000000001,0,3,2,0,1,0,1,0,0,0,0,0,1,0,0
0.0888,1200,776.98608184074,757.575757575758,0.340666146101579,0.399999999999999,0,3,2,0,1,0,1,0,0,0,0,0,1,0,0
0.0889,1200,777.257946585798,757.575757575758,0.340754630950064,0.450000000000003,0,3,2,0,1,0,1,0,0,0,0,0,1,0,0
0.089,1200,777.529706820509,757.575757575758,0.340843115798549,0.500000000000007,0,3,2,0,1,0,1,0,0,0,0,0,1,0,0
0.0891,1200,777.801362806148,757.575757575758,0.340931600647034,0.549999999999997,0,3,2,0,1,0,1,0,0,0,0,0,1,0,0
0.0892,1200,778.072914803339,781.250000000001,0.333913077919761,0.600000000000001,0,4,6,0,0,1,1,0,0,0,0,0,1,0,0
0.0893,1200,778.298167522809,781.250000000001,0.333996827919761,0.650000000000006,0,4,6,0,0,1,1,0,0,0,0,0,1,0,0
0.0894,1200,778.52340148548,781.250000000001,0.334080577919761,0.700000000000003,0,4,6,0,0,1,1,0,0,0,0,0,1,0,0
0.0895,1200,778.748616738245,781.250000000001,0.334164327919761,0.750000000000007,0,4,6,0,0,1,1,0,0,0,0,0,1,0,0
0.0896,1200,778.973813327878,781.250000000001,0.334248077919761,0.799999999999997,0,4,6,0,0,1,1,0,0,0,0,0,1,0,0
0.0897,1200,779.198991301036,781.250000000001,0.334331827919761,0.850000000000001,0,4,6,0,0,1,1,0,0,0,0,0,1,0,0
0.0898,1200,779.424150704262,781.250000000001,0.334415577919761,0.900000000000006,0,4,6,0,0,1,1,0,0,0,0,0,1,0,0
0.0899,1200,779.64929158398,781.250000000001,0.334499327919761,0.950000000000003,0,4,6,0,0,1,1,0,0,0,0,0,1,0,0
0.09,1200,779.874413986499,781.250000000001,0.334583077919761,7.105427357601e-15,1,4,6,0,0,1,1,0,0,0,0,1,1,0,0
0.0901,1200,780.099517958011,781.250000000001,0.334666827919761,0.0499999999999972,1,4,6,0,0,1,1,0,0,0,0,1,1,0,0
0.0902,1200,780.324603544594,781.250000000001,0.334750577919761,0.100000000000001,1,4,6,0,0,1,1,0,0,0,0,1,1,0,0
0.0903,1200,780.549670792211,781.250000000001,0.334834327919761,0.150000000000006,1,4,6,0,0,1,1,0,0,0,0,1,1,0,0
0.0904,1200,780.774719746709,781.250000000001,0.334918077919761,0.200000000000003,1,4,6,0,0,1,1,0,0,0,0,1,1,0,0
0.0905,1200,780.999750453821,781.250000000001,0.335001827919761,0.250000000000007,1,4,6,0,0,1,1,0,0,0,0,1,1,0,0
0.0906,1200,781.224762959165,781.250000000001,0.335085577919761,0.299999999999997,1,4,6,0,0,1,1,0,0,0,0,1,1,0,0
0.0907,1200,781.449757308245,781.250000000001,0.335169327919761,0.350000000000001,0,4,6,0,0,1,1,0,0,0,0,0,1,0,0
0.0908,1200,781.674733546453,781.250000000001,0.335253077919761,0.400000000000006,0,4,6,0,0,1,1,0,0,0,0,0,1,0,0
0.0909,1200,781.899691719065,781.250000000001,0.335336827919761,0.450000000000003,0,4,6,0,0,1,1,0,0,0,0,0,1,0,0
0.091,1200,782.124631871246,781.250000000001,0.335420577919761,0.5,0,4,6,0,0,1,1,0,0,0,0,0,1,0,0
0.0911,1200,782.349554048047,781.250000000001,0.335504327919761,0.549999999999997,0,4,6,0,0,1,1,0,0,0,0,0,1,0,0
0.0912,1200,782.574458294405,781.250000000001,0.335588077919761,0.600000000000001,0,4,6,0,0,1,1,0,0,0,0,0,1,0,0
0.0913,1200,782.799344655147,781.250000000001,0.335671827919761,0.650000000000006,0,4,6,0,0,1,1,0,0,0,0,0,1,0,0
0.0914,1200,783.024213174988,781.250000000001,0.335755577919761,0.700000000000003,0,4,6,0,0,1,1,0,0,0,0,0,1,0,0
0.0915,1200,783.249063898529,781.250000000001,0.335839327919761,0.75,0,4,6,0,0,1,1,0,0,0,0,0,1,0,0
0.0916,1200,783.473896870261,781.250000000001,0.335923077919761,0.799999999999997,0,4,6,0,0,1,1,0,0,0,0,0,1,0,0
0.0917,1200,783.698712134564,781.250000000001,0.336006827919761,0.850000000000001,0,4,6,0,0,1,1,0,0,0,0,0,1,0,0
0.0918,1200,783.923509735706,781.250000000001,0.336090577919761,0.900000000000006,0,4,6,0,0,1,1,0,0,0,0,0,1,0,0
0.0919,1200,784.148289717845,781.250000000001,0.336174327919761,0.950000000000003,0,4,6,0,0,1,1,0,0,0,0,0,1,0,0
0.092,1200,784.373052125029,781.250000000001,0.336258077919761,0,1,4,6,0,0,1,1,0,0,0,0,1,1,0,0
0.0921,1200,784.597797001195,781.250000000001,0.336341827919761,0.0499999999999972,1,4,6,0,0,1,1,0,0,0,0,1,1,0,0
0.0922,1200,784.82252439017,781.250000000001,0.336425577919761,0.100000000000001,1,4,6,0,0,1,1,0,0,0,0,1,1,0,0
0.0923,1200,785.047234335673,781.250000000001,0.336509327919761,0.150000000000006,1,4,6,0,0,1,1,0,0,0,0,1,1,0,0
0.0924,1200,785.271926881312,781.249999999998,0.336593077919762,0.200000000000003,1,5,4,0,0,1,0,1,0,0,0,1,0,1,0
0.0925,1200,785.496602070588,781.249999999998,0.336676827919762,0.25,1,5,4,0,0,1,0,1,0,0,0,1,0,1,0
0.0926,1200,785.72125994689,781.249999999998,0.336760577919762,0.300000000000004,1,5,4,0,0,1,0,1,0,0,0,1,0,1,0
0.0927,1200,785.945900553501,781.249999999998,0.336844327919762,0.350000000000001,0,5,4,0,0,1,0,1,0,0,0,0,0,1,0
0.0928,1200,786.170523933596,781.249999999998,0.336928077919762,0.400000000000006,0,5,4,0,0,1,0,1,0,0,0,0,0,1,0
0.0929,1200,786.39513013024,781.249999999998,0.337011827919762,0.450000000000003,0,5,4,0,0,1,0,1,0,0,0,0,0,1,0
0.093,1200,786.619719186393,781.249999999998,0.337095577919762,0.5,0,5,4,0,0,1,0,1,0,0,0,0,0,1,0
0.0931,1200,786.844291144905,781.249999999998,0.337179327919762,0.550000000000004,0,5,4,0,0,1,0,1,0,0,0,0,0,1,0
0.0932,1200,787.068846048522,781.249999999998,0.337263077919762,0.600000000000001,0,5,4,0,0,1,0,1,0,0,0,0,0,1,0
0.0933,1200,787.293383939879,781.249999999998,0.337346827919762,0.650000000000006,0,5,4,0,0,1,0,1,0,0,0,0,0,1,0
0.0934,1200,787.517904861507,781.249999999998,0.337430577919761,0.700000000000003,0,5,4,0,0,1,0,1,0,0,0,0,0,1,0
0.0935,1200,787.742408855832,781.249999999998,0.337514327919761,0.75,0,5,4,0,0,1,0,1,0,0,0,0,0,1,0
0.0936,1200,787.966895965171,781.249999999998,0.337598077919761,0.800000000000004,0,5,4,0,0,1,0,1,0,0,0,0,0,1,0
0.0937,1200,788.191366231736,781.249999999998,0.337681827919762,0.850000000000001,0,5,4,0,0,1,0,1,0,0,0,0,0,1,0
0.0938,1200,788.415819697636,781.249999999998,0.337765577919761,0.900000000000006,0,5,4,0,0,1,0,1,0,0,0,0,0,1,0
0.0939,1200,788.64025640487,781.249999999998,0.337849327919762,0.950000000000003,0,5,4,0,0,1,0,1,0,0,0,0,0,1,0
0.094,1200,788.864676395336,781.249999999998,0.337933077919761,0,1,5,4,0,0,1,0,1,0,0,0,1,0,1,0
0.0941,1200,789.089079710826,781.249999999998,0.338016827919762,0.0500000000000043,1,5,4,0,0,1,0,1,0,0,0,1,0,1,0
0.0942,1200,789.313466393028,781.249999999998,0.338100577919761,0.100000000000001,1,5,4,0,0,1,0,1,0,0,0,1,0,1,0
0.0943,1200,789.537836483524,781.249999999998,0.338184327919761,0.150000000000006,1,5,4,0,0,1,0,1,0,0,0,1,0,1,0
0.0944,1200,789.762190023793,781.249999999998,0.338268077919761,0.199999999999996,1,5,4,0,0,1,0,1,0,0,0,1,0,1,0
0.0945,1200,789.986527055212,781.249999999998,0.338351827919761,0.25,1,5,4,0,0,1,0,1,0,0,0,1,0,1,0
0.0946,1200,790.210847619052,781.249999999998,0.338435577919761,0.300000000000004,1,5,4,0,0,1,0,1,0,0,0,1,0,1,0
0.0947,1200,790.435151756483,781.249999999998,0.338519327919761,0.350000000000001,0,5,4,0,0,1,0,1,0,0,0,0,0,1,0
0.0948,1200,790.65943950857,781.249999999998,0.338603077919761,0.400000000000006,0,5,4,0,0,1,0,1,0,0,0,0,0,1,0
0.0949,1200,790.883710916278,781.249999999998,0.338686827919761,0.449999999999996,0,5,4,0,0,1,0,1,0,0,0,0,0,1,0
0.095,1200,791.107966020465,781.249999999998,0.338770577919761,0.5,0,5,4,0,0,1,0,1,0,0,0,0,0,1,0
0.0951,1200,791.332204861893,781.249999999998,0.338854327919761,0.550000000000004,0,5,4,0,0,1,0,1,0,0,0,0,0,1,0
0.0952,1200,791.556427481216,781.249999999998,0.338938077919761,0.600000000000001,0,5,4,0,0,1,0,1,0,0,0,0,0,1,0
0.0953,1200,791.780633918992,781.249999999998,0.339021827919761,0.650000000000006,0,5,4,0,0,1,0,1,0,0,0,0,0,1,0
0.0954,1200,792.004824215673,781.249999999998,0.339105577919761,0.700000000000003,0,5,4,0,0,1,0,1,0,0,0,0,0,1,0
0.0955,1200,792.228998411612,781.249999999998,0.339189327919761,0.75,0,5,4,0,0,1,0,1,0,0,0,0,0,1,0
0.0956,1200,792.453156547061,781.250000000001,0.33927307791976,0.800000000000004,0,0,5,1,0,0,0,1,0,0,0,0,0,1,0
0.0957,1200,792.677298662172,781.250000000001,0.33935682791976,0.850000000000001,0,0,5,1,0,0,0,1,0,0,0,0,0,1,0
0.0958,1200,792.901424796995,781.250000000001,0.33944057791976,0.900000000000006,0,0,5,1,0,0,0,1,0,0,0,0,0,1,0
0.0959,1200,793.125534991481,781.250000000001,0.33952432791976,0.950000000000003,0,0,5,1,0,0,0,1,0,0,0,0,0,1,0
0.096,1200,793.349629285481,781.250000000001,0.33960807791976,0,1,0,5,1,0,0,0,1,0,1,0,0,0,1,0
0.0961,1200,793.573707718746,781.250000000001,0.33969182791976,0.0500000000000043,1,0,5,1,0,0,0,1,0,1,0,0,0,1,0
0.0962,1200,793.797770330927,781.250000000001,0.33977557791976,0.100000000000001,1,0,5,1,0,0,0,1,0,1,0,0,0,1,0
0.0963,1200,794.021817161578,781.250000000001,0.33985932791976,0.150000000000006,1,0,5,1,0,0,0,1,0,1,0,0,0,1,0
0.0964,1200,794.245848250153,781.250000000001,0.33994307791976,0.200000000000003,1,0,5,1,0,0,0,1,0,1,0,0,0,1,0
0.0965,1200,794.469863636006,781.250000000001,0.34002682791976,0.25,1,0,5,1,0,0,0,1,0,1,0,0,0,1,0
0.0966,1200,794.693863358394,781.250000000001,0.34011057791976,0.300000000000004,1,0,5,1,0,0,0,1,0,1,0,0,0,1,0
0.0967,1200,794.917847456477,781.250000000001,0.34019432791976,0.350000000000001,0,0,5,1,0,0,0,1,0,0,0,0,0,1,0
0.0968,1200,795.141815969314,781.250000000001,0.34027807791976,0.400000000000006,0,0,5,1,0,0,0,1,0,0,0,0,0,1,0
0.0969,1200,795.365768935869,781.250000000001,0.34036182791976,0.450000000000003,0,0,5,1,0,0,0,1,0,0,0,0,0,1,0
0.097,1200,795.589706395008,781.250000000001,0.34044557791976,0.5,0,0,5,1,0,0,0,1,0,0,0,0,0,1,0
0.0971,1200,795.813628385499,781.250000000001,0.34052932791976,0.550000000000004,0,0,5,1,0,0,0,1,0,0,0,0,0,1,0
0.0972,1200,796.037534946014,781.250000000001,0.34061307791976,0.600000000000001,0,0,5,1,0,0,0,1,0,0,0,0,0,1,0
0.0973,1200,796.261426115127,781.250000000001,0.34069682791976,0.650000000000006,0,0,5,1,0,0,0,1,0,0,0,0,0,1,0
0.0974,1200,796.485301931318,781.250000000001,0.34078057791976,0.700000000000003,0,0,5,1,0,0,0,1,0,0,0,0,0,1,0
0.0975,1200,796.709162432968,781.250000000001,0.34086432791976,0.75,0,0,5,1,0,0,0,1,0,0,0,0,0,1,0
0.0976,1200,796.933007658364,781.250000000001,0.34094807791976,0.800000000000004,0,0,5,1,0,0,0,1,0,0,0,0,0,1,0
0.0977,1200,797.156837645696,781.250000000001,0.34103182791976,0.850000000000001,0,0,5,1,0,0,0,1,0,0,0,0,0,1,0
0.0978,1200,797.380652433061,781.250000000001,0.34111557791976,0.899999999999999,0,0,5,1,0,0,0,1,0,0,0,0,0,1,0
0.0979,1200,797.604452058456,781.250000000001,0.34119932791976,0.950000000000003,0,0,5,1,0,0,0,1,0,0,0,0,0,1,0
0.098,1200,797.828236559789,781.250000000001,0.34128307791976,0,1,0,5,1,0,0,0,1,0,1,0,0,0,1,0
0.0981,1200,798.052005974868,781.250000000001,0.34136682791976,0.0500000000000043,1,0,5,1,0,0,0,1,0,1,0,0,0,1,0
0.0982,1200,798.275760341409,781.250000000001,0.34145057791976,0.100000000000001,1,0,5,1,0,0,0,1,0,1,0,0,0,1,0
0.0983,1200,798.499499697034,781.250000000001,0.34153432791976,0.149999999999999,1,0,5,1,0,0,0,1,0,1,0,0,0,1,0
0.0984,1200,798.72322407927,781.250000000001,0.34161807791976,0.200000000000003,1,0,5,1,0,0,0,1,0,1,0,0,0,1,0
0.0985,1200,798.94693352555,781.250000000001,0.34170182791976,0.25,1,0,5,1,0,0,0,1,0,1,0,0,0,1,0
0.0986,1200,799.170628073215,781.250000000001,0.34178557791976,0.300000000000004,1,0,5,1,0,0,0,1,0,1,0,0,0,1,0
0.0987,1200,799.39430775951,806.451612903224,0.334303803726213,0.350000000000009,0,1,1,1,0,0,0,0,1,0,0,0,0,0,1
0.0988,1200,799.568796714332,806.451612903224,0.334382513403632,0.399999999999999,0,1,1,1,0,0,0,0,1,0,0,0,0,0,1
0.0989,1200,799.743361059669,806.451612903224,0.334461223081051,0.450000000000003,0,1,1,1,0,0,0,0,1,0,0,0,0,0,1
0.099,1200,799.918000607047,806.451612903224,0.334539932758471,0.5,0,1,1,1,0,0,0,0,1,0,0,0,0,0,1
0.0991,1200,800.092715168459,806.451612903224,0.33461864243589,0.550000000000004,0,1,1,1,0,0,0,0,1,0,0,0,0,0,1
0.0992,1200,800.267504556372,806.451612903224,0.334697352113309,0.600000000000009,0,1,1,1,0,0,0,0,1,0,0,0,0,0,1
0.0993,1200,800.442368583717,806.451612903224,0.334776061790729,0.649999999999999,0,1,1,1,0,0,0,0,1,0,0,0,0,0,1
0.0994,1200,800.617307063898,806.451612903224,0.334854771468148,0.700000000000003,0,1,1,1,0,0,0,0,1,0,0,0,0,0,1
0.0995,1200,800.792319810781,806.451612903224,0.334933481145568,0.75,0,1,1,1,0,0,0,0,1,0,0,0,0,0,1
0.0996,1200,800.9674066387,806.451612903224,0.335012190822987,0.800000000000004,0,1,1,1,0,0,0,0,1,0,0,0,0,0,1
0.0997,1200,801.142567362453,806.451612903224,0.335090900500406,0.850000000000009,0,1,1,1,0,0,0,0,1,0,0,0,0,0,1
0.0998,1200,801.317801797299,806.451612903224,0.335169610177826,0.899999999999999,0,1,1,1,0,0,0,0,1,0,0,0,0,0,1
0.0999,1200,801.493109758962,806.451612903224,0.335248319855245,0.950000000000003,0,1,1,1,0,0,0,0,1,0,0,0,0,0,1
0.1,1200,801.668491063624,806.451612903224,0.335327029532664,0,1,1,1,1,0,0,0,0,1,1,0,0,0,0,1
0.1001,1200,801.843945527927,806.451612903224,0.335405739210084,0.0500000000000043,1,1,1,1,0,0,0,0,1,1,0,0,0,0,1
0.1002,1200,802.019472968973,806.451612903224,0.335484448887503,0.100000000000009,1,1,1,1,0,0,0,0,1,1,0,0,0,0,1
0.1003,1200,802.195073204319,806.451612903224,0.335563158564922,0.149999999999999,1,1,1,1,0,0,0,0,1,1,0,0,0,0,1
0.1004,1200,802.37074605198,806.451612903224,0.335641868242342,0.200000000000003,1,1,1,1,0,0,0,0,1,1,0,0,0,0,1
0.1005,1200,802.546491330425,806.451612903224,0.335720577919761,0.25,1,1,1,1,0,0,0,0,1,1,0,0,0,0,1
0.1006,1200,802.722308858578,806.451612903224,0.33579928759718,0.300000000000004,1,1,1,1,0,0,0,0,1,1,0,0,0,0,1
0.1007,1200,802.898198455813,806.451612903224,0.3358779972746,0.350000000000009,0,1,1,1,0,0,0,0,1,0,0,0,0,0,1
0.1008,1200,803.074159941958,806.451612903224,0.335956706952019,0.399999999999999,0,1,1,1,0,0,0,0,1,0,0,0,0,0,1
0.1009,1200,803.250193137292,806.451612903224,0.336035416629438,0.450000000000003,0,1,1,1,0,0,0,0,1,0,0,0,0,0,1
0.101,1200,803.42629786254,806.451612903224,0.336114126306858,0.5,0,1,1,1,0,0,0,0,1,0,0,0,0,0,1
0.1011,1200,803.602473938878,806.451612903224,0.336192835984277,0.550000000000004,0,1,1,1,0,0,0,0,1,0,0,0,0,0,1
0.1012,1200,803.778721187929,806.451612903224,0.336271545661697,0.600000000000001,0,1,1,1,0,0,0,0,1,0,0,0,0,0,1
0.1013,1200,803.95503943176,806.451612903224,0.336350255339116,0.649999999999999,0,1,1,1,0,0,0,0,1,0,0,0,0,0,1
0.1014,1200,804.131428492885,806.451612903224,0.336428965016535,0.700000000000003,0,1,1,1,0,0,0,0,1,0,0,0,0,0,1
0.1015,1200,804.30788819426,806.451612903224,0.336507674693955,0.75,0,1,1,1,0,0,0,0,1,0,0,0,0,0,1
0.1016,1200,804.484418359285,806.451612903224,0.336586384371374,0.800000000000004,0,1,1,1,0,0,0,0,1,0,0,0,0,0,1
0.1017,1200,804.661018811801,806.451612903224,0.336665094048793,0.850000000000001,0,1,1,1,0,0,0,0,1,0,0,0,0,0,1
0.1018,1200,804.837689376088,806.451612903224,0.336743803726213,0.899999999999999,0,1,1,1,0,0,0,0,1,0,0,0,0,0,1
0.1019,1200,805.014429876868,781.250000000001,0.34438803759718,0.950000000000003,0,2,3,0,1,0,0,0,1,0,0,0,0,0,1
0.102,1200,805.240416046558,781.250000000001,0.34447178759718,7.105427357601e-15,1,2,3,0,1,0,0,0,1,0,1,0,0,0,1
0.1021,1200,805.466381625823,781.250000000001,0.34455553759718,0.0500000000000043,1,2,3,0,1,0,0,0,1,0,1,0,0,0,1
0.1022,1200,805.69232666614,781.250000000001,0.34463928759718,0.100000000000001,1,2,3,0,1,0,0,0,1,0,1,0,0,0,1
0.1023,1200,805.918251218857,781.250000000001,0.34472303759718,0.149999999999999,1,2,3,0,1,0,0,0,1,0,1,0,0,0,1
0.1024,1200,806.144155335191,781.250000000001,0.34480678759718,0.200000000000003,1,2,3,0,1,0,0,0,1,0,1,0,0,0,1
0.1025,1200,806.370039066235,781.250000000001,0.34489053759718,0.250000000000007,1,2,3,0,1,0,0,0,1,0,1,0,0,0,1
0.1026,1200,806.595902462951,781.250000000001,0.34497428759718,0.300000000000004,1,2,3,0,1,0,0,0,1,0,1,0,0,0,1
0.1027,1200,806.821745576175,781.250000000001,0.34505803759718,0.350000000000001,0,2,3,0,1,0,0,0,1,0,0,0,0,0,1
0.1028,1200,807.047568456616,781.250000000001,0.34514178759718,0.399999999999999,0,2,3,0,1,0,0,0,1,0,0,0,0,0,1
0.1029,1200,807.273371154857,781.250000000001,0.345225537597179,0.450000000000003,0,2,3,0,1,0,0,0,1,0,0,0,0,0,1
0.103,1200,807.499153721351,781.250000000001,0.345309287597179,0.500000000000007,0,2,3,0,1,0,0,0,1,0,0,0,0,0,1
0.1031,1200,807.724916206429,781.250000000001,0.345393037597179,0.550000000000004,0,2,3,0,1,0,0,0,1,0,0,0,0,0,1
0.1032,1200,807.950658660295,781.250000000001,0.345476787597179,0.600000000000001,0,2,3,0,1,0,0,0,1,0,0,0,0,0,1
0.1033,1200,808.176381133026,781.250000000001,0.345560537597179,0.649999999999999,0,2,3,0,1,0,0,0,1,0,0,0,0,0,1
0.1034,1200,808.402083674575,781.250000000001,0.345644287597179,0.700000000000003,0,2,3,0,1,0,0,0,1,0,0,0,0,0,1
0.1035,1200,808.62776633477,781.250000000001,0.345728037597179,0.750000000000007,0,2,3,0,1,0,0,0,1,0,0,0,0,0,1
0.1036,1200,808.853429163315,781.250000000001,0.345811787597179,0.800000000000004,0,2,3,0,1,0,0,0,1,0,0,0,0,0,1
0.1037,1200,809.079072209788,781.250000000001,0.345895537597179,0.850000000000001,0,2,3,0,1,0,0,0,1,0,0,0,0,0,1
0.1038,1200,809.304695523646,781.250000000001,0.345979287597179,0.899999999999999,0,2,3,0,1,0,0,0,1,0,0,0,0,0,1
0.1039,1200,809.530299154218,781.250000000001,0.346063037597179,0.950000000000003,0,2,3,0,1,0,0,0,1,0,0,0,0,0,1
0.104,1200,809.755883150714,781.250000000001,0.346146787597179,7.105427357601e-15,1,2,3,0,1,0,0,0,1,0,1,0,0,0,1
0.1041,1200,809.981447562219,781.250000000001,0.346230537597179,0.0499999999999972,1,2,3,0,1,0,0,0,1,0,1,0,0,0,1
0.1042,1200,810.206992437695,781.250000000001,0.346314287597179,0.100000000000001,1,2,3,0,1,0,0,0,1,0,1,0,0,0,1
0.1043,1200,810.432517825983,781.250000000001,0.346398037597179,0.149999999999999,1,2,3,0,1,0,0,0,1,0,1,0,0,0,1
0.1044,1200,810.658023775799,781.250000000001,0.346481787597179,0.200000000000003,1,2,3,0,1,0,0,0,1,0,1,0,0,0,1
0.1045,1200,810.883510335742,781.250000000001,0.346565537597179,0.250000000000007,1,2,3,0,1,0,0,0,1,0,1,0,0,0,1
0.1046,1200,811.108977554284,781.250000000001,0.346649287597179,0.299999999999997,1,2,3,0,1,0,0,0,1,0,1,0,0,0,1
0.1047,1200,811.33442547978,781.250000000001,0.346733037597179,0.350000000000001,0,2,3,0,1,0,0,0,1,0,0,0,0,0,1
0.1048,1200,811.559854160462,781.250000000001,0.346816787597179,0.400000000000006,0,2,3,0,1,0,0,0,1,0,0,0,0,0,1
0.1049,1200,811.785263644442,833.333333333333,0.331265120930513,0.450000000000003,0,3,2,0,1,0,1,0,0,0,0,0,1,0,0
0.105,1200,811.90902377138,833.333333333333,0.331338454263847,0.500000000000007,0,3,2,0,1,0,1,0,0,0,0,0,1,0,0
0.1051,1200,812.032951164666,833.333333333333,0.33141178759718,0.549999999999997,0,3,2,0,1,0,1,0,0,0,0,0,1,0,0
0.1052,1200,812.157045406136,833.333333333333,0.331485120930513,0.600000000000001,0,3,2,0,1,0,1,0,0,0,0,0,1,0,0
0.1053,1200,812.281306078669,833.333333333333,0.331558454263847,0.650000000000006,0,3,2,0,1,0,1,0,0,0,0,0,1,0,0
0.1054,1200,812.405732766187,833.333333333333,0.33163178759718,0.700000000000003,0,3,2,0,1,0,1,0,0,0,0,0,1,0,0
0.1055,1200,812.530325053654,833.333333333333,0.331705120930513,0.750000000000007,0,3,2,0,1,0,1,0,0,0,0,0,1,0,0
0.1056,1200,812.655082527068,833.333333333333,0.331778454263847,0.799999999999997,0,3,2,0,1,0,1,0,0,0,0,0,1,0,0
0.1057,1200,812.780004773465,833.333333333333,0.33185178759718,0.850000000000001,0,3,2,0,1,0,1,0,0,0,0,0,1,0,0
0.1058,1200,812.905091380913,833.333333333333,0.331925120930513,0.900000000000006,0,3,2,0,1,0,1,0,0,0,0,0,1,0,0
0.1059,1200,813.030341938509,833.333333333333,0.331998454263847,0.950000000000003,0,3,2,0,1,0,1,0,0,0,0,0,1,0,0
0.106,1200,813.155756036378,833.333333333333,0.33207178759718,7.105427357601e-15,1,3,2,0,1,0,1,0,0,0,1,0,1,0,0
0.1061,1200,813.281333265669,833.333333333333,0.332145120930513,0.0499999999999972,1,3,2,0,1,0,1,0,0,0,1,0,1,0,0
0.1062,1200,813.407073218553,833.333333333333,0.332218454263847,0.100000000000001,1,3,2,0,1,0,1,0,0,0,1,0,1,0,0
0.1063,1200,813.532975488221,833.333333333333,0.33229178759718,0.150000000000006,1,3,2,0,1,0,1,0,0,0,1,0,1,0,0
0.1064,1200,813.659039668883,833.333333333333,0.332365120930513,0.200000000000003,1,3,2,0,1,0,1,0,0,0,1,0,1,0,0
0.1065,1200,813.785265355759,833.333333333333,0.332438454263847,0.250000000000007,1,3,2,0,1,0,1,0,0,0,1,0,1,0,0
0.1066,1200,813.911652145084,833.333333333333,0.33251178759718,0.299999999999997,1,3,2,0,1,0,1,0,0,0,1,0,1,0,0
0.1067,1200,814.038199634103,833.333333333333,0.332585120930513,0.350000000000001,0,3,2,0,1,0,1,0,0,0,0,0,1,0,0
0.1068,1200,814.164907421066,833.333333333333,0.332658454263847,0.400000000000006,0,3,2,0,1,0,1,0,0,0,0,0,1,0,0
0.1069,1200,814.291775105229,833.333333333333,0.33273178759718,0.450000000000003,0,3,2,0,1,0,1,0,0,0,0,0,1,0,0
0.107,1200,814.418802286847,833.333333333333,0.332805120930514,0.500000000000007,0,3,2,0,1,0,1,0,0,0,0,0,1,0,0
0.1071,1200,814.545988567178,833.333333333333,0.332878454263847,0.549999999999997,0,3,2,0,1,0,1,0,0,0,0,0,1,0,0
0.1072,1200,814.673333548476,833.333333333333,0.33295178759718,0.600000000000001,0,3,2,0,1,0,1,0,0,0,0,0,1,0,0
0.1073,1200,814.800836833986,833.333333333333,0.333025120930514,0.650000000000006,0,3,2,0,1,0,1,0,0,0,0,0,1,0,0
0.1074,1200,814.928498027949,833.333333333333,0.333098454263847,0.700000000000003,0,3,2,0,1,0,1,0,0,0,0,0,1,0,0
0.1075,1200,815.056316735594,833.333333333333,0.33317178759718,0.75,0,3,2,0,1,0,1,0,0,0,0,0,1,0,0
0.1076,1200,815.184292563137,833.333333333333,0.333245120930514,0.799999999999997,0,3,2,0,1,0,1,0,0,0,0,0,1,0,0
0.1077,1200,815.312425117778,833.333333333333,0.333318454263847,0.850000000000001,0,3,2,0,1,0,1,0,0,0,0,0,1,0,0
0.1078,1200,815.440714007698,833.333333333333,0.33339178759718,0.900000000000006,0,3,2,0,1,0,1,0,0,0,0,0,1,0,0
0.1079,1200,815.569158842061,833.333333333333,0.333465120930514,0.950000000000003,0,3,2,0,1,0,1,0,0,0,0,0,1,0,0
0.108,1200,815.697759231004,806.451612903228,0.341608346736964,0,1,4,6,0,0,1,1,0,0,0,0,1,1,0,0
0.1081,1200,815.878969086717,806.451612903228,0.341687056414384,0.0500000000000043,1,4,6,0,0,1,1,0,0,0,0,1,1,0,0
0.1082,1200,816.060237530693,806.451612903228,0.341765766091803,0.100000000000001,1,4,6,0,0,1,1,0,0,0,0,1,1,0,0
0.1083,1200,816.241564416463,806.451612903228,0.341844475769222,0.150000000000006,1,4,6,0,0,1,1,0,0,0,0,1,1,0,0
0.1084,1200,816.422949597922,806.451612903228,0.341923185446642,0.200000000000003,1,4,6,0,0,1,1,0,0,0,0,1,1,0,0
0.1085,1200,816.60439292933,806.451612903228,0.342001895124061,0.25,1,4,6,0,0,1,1,0,0,0,0,1,1,0,0
0.1086,1200,816.785894265313,806.451612903228,0.34208060480148,0.300000000000004,1,4,6,0,0,1,1,0,0,0,0,1,1,0,0
0.1087,1200,816.96745346086,806.451612903228,0.3421593144789,0.350000000000001,0,4,6,0,0,1,1,0,0,0,0,0,1,0,0
0.1088,1200,817.14907037132,806.451612903228,0.342238024156319,0.400000000000006,0,4,6,0,0,1,1,0,0,0,0,0,1,0,0
0.1089,1200,817.330744852408,806.451612903228,0.342316733833738,0.450000000000003,0,4,6,0,0,1,1,0,0,0,0,0,1,0,0
0.109,1200,817.512476760196,806.451612903228,0.342395443511158,0.5,0,4,6,0,0,1,1,0,0,0,0,0,1,0,0
0.1091,1200,817.694265951118,806.451612903228,0.342474153188577,0.550000000000004,0,4,6,0,0,1,1,0,0,0,0,0,1,0,0
0.1092,1200,817.876112281966,806.451612903228,0.342552862865997,0.600000000000001,0,4,6,0,0,1,1,0,0,0,0,0,1,0,0
0.1093,1200,818.058015609891,806.451612903228,0.342631572543416,0.650000000000006,0,4,6,0,0,1,1,0,0,0,0,0,1,0,0
0.1094,1200,818.239975792398,806.451612903228,0.342710282220835,0.700000000000003,0,4,6,0,0,1,1,0,0,0,0,0,1,0,0
0.1095,1200,818.421992687352,806.451612903228,0.342788991898255,0.75,0,4,6,0,0,1,1,0,0,0,0,0,1,0,0
0.1096,1200,818.604066152973,806.451612903228,0.342867701575674,0.800000000000004,0,4,6,0,0,1,1,0,0,0,0,0,1,0,0
0.1097,1200,818.786196047832,806.451612903228,0.342946411253093,0.850000000000001,0,4,6,0,0,1,1,0,0,0,0,0,1,0,0
0.1098,1200,818.968382230858,806.451612903228,0.343025120930513,0.900000000000006,0,4,6,0,0,1,1,0,0,0,0,0,1,0,0
0.1099,1200,819.150624561329,806.451612903228,0.343103830607932,0.950000000000003,0,4,6,0,0,1,1,0,0,0,0,0,1,0,0
0.11,1200,819.332922898877,806.451612903228,0.343182540285351,0,1,4,6,0,0,1,1,0,0,0,0,1,1,0,0
0.1101,1200,819.515277103485,806.451612903228,0.343261249962771,0.0500000000000043,1,4,6,0,0,1,1,0,0,0,0,1,1,0,0
0.1102,1200,819.697687035484,806.451612903228,0.34333995964019,0.100000000000001,1,4,6,0,0,1,1,0,0,0,0,1,1,0,0
0.1103,1200,819.880152555557,806.451612903228,0.343418669317609,0.150000000000006,1,4,6,0,0,1,1,0,0,0,0,1,1,0,0
0.1104,1200,820.062673524732,806.451612903228,0.343497378995029,0.200000000000003,1,4,6,0,0,1,1,0,0,0,0,1,1,0,0
0.1105,1200,820.245249804388,806.451612903228,0.343576088672448,0.25,1,4,6,0,0,1,1,0,0,0,0,1,1,0,0
0.1106,1200,820.427881256248,806.451612903228,0.343654798349867,0.300000000000004,1,4,6,0,0,1,1,0,0,0,0,1,1,0,0
0.1107,1200,820.610567742382,806.451612903228,0.343733508027287,0.350000000000001,0,4,6,0,0,1,1,0,0,0,0,0,1,0,0
0.1108,1200,820.793309125203,806.451612903228,0.343812217704706,0.400000000000006,0,4,6,0,0,1,1,0,0,0,0,0,1,0,0
0.1109,1200,820.976105267471,806.451612903228,0.343890927382126,0.450000000000003,0,4,6,0,0,1,1,0,0,0,0,0,1,0,0
0.111,1200,821.158956032286,806.451612903228,0.343969637059545,0.5,0,4,6,0,0,1,1,0,0,0,0,0,1,0,0
0.1111,1200,821.341861283092,806.451612903224,0.344048346736965,0.550000000000004,0,5,4,0,0,1,0,1,0,0,0,0,0,1,0
0.1112,1200,821.524820883675,806.451612903224,0.344127056414385,0.600000000000001,0,5,4,0,0,1,0,1,0,0,0,0,0,1,0
0.1113,1200,821.707834698159,806.451612903224,0.344205766091804,0.650000000000006,0,5,4,0,0,1,0,1,0,0,0,0,0,1,0
0.1114,1200,821.89090259101,806.451612903224,0.344284475769223,0.700000000000003,0,5,4,0,0,1,0,1,0,0,0,0,0,1,0
0.1115,1200,822.074024427033,806.451612903224,0.344363185446643,0.75,0,5,4,0,0,1,0,1,0,0,0,0,0,1,0
0.1116,1200,822.257200071368,806.451612903224,0.344441895124062,0.800000000000004,0,5,4,0,0,1,0,1,0,0,0,0,0,1,0
0.1117,1200,822.440429389496,806.451612903224,0.344520604801481,0.850000000000001,0,5,4,0,0,1,0,1,0,0,0,0,0,1,0
0.1118,1200,822.623712247232,806.451612903224,0.344599314478901,0.900000000000006,0,5,4,0,0,1,0,1,0,0,0,0,0,1,0
0.1119,1200,822.807048510727,806.451612903224,0.34467802415632,0.950000000000003,0,5,4,0,0,1,0,1,0,0,0,0,0,1,0
0.112,1200,822.990438046466,806.451612903224,0.34475673383374,0,1,5,4,0,0,1,0,1,0,0,0,1,0,1,0
0.1121,1200,823.173880721269,806.451612903224,0.344835443511159,0.0500000000000043,1,5,4,0,0,1,0,1,0,0,0,1,0,1,0
0.1122,1200,823.357376402289,806.451612903224,0.344914153188578,0.100000000000001,1,5,4,0,0,1,0,1,0,0,0,1,0,1,0
0.1123,1200,823.540924957009,806.451612903224,0.344992862865998,0.150000000000006,1,5,4,0,0,1,0,1,0,0,0,1,0,1,0
0.1124,1200,823.724526253245,806.451612903224,0.345071572543417,0.200000000000003,1,5,4,0,0,1,0,1,0,0,0,1,0,1,0
0.1125,1200,823.908180159144,806.451612903224,0.345150282220836,0.25,1,5,4,0,0,1,0,1,0,0,0,1,0,1,0
0.1126,1200,824.091886543182,806.451612903224,0.345228991898256,0.300000000000004,1,5,4,0,0,1,0,1,0,0,0,1,0,1,0
0.1127,1200,824.275645274162,806.451612903224,0.345307701575675,0.350000000000001,0,5,4,0,0,1,0,1,0,0,0,0,0,1,0
0.1128,1200,824.459456221219,806.451612903224,0.345386411253094,0.400000000000006,0,5,4,0,0,1,0,1,0,0,0,0,0,1,0
0.1129,1200,824.643319253811,806.451612903224,0.345465120930514,0.450000000000003,0,5,4,0,0,1,0,1,0,0,0,0,0,1,0
0.113,1200,824.827234241725,806.451612903224,0.345543830607933,0.5,0,5,4,0,0,1,0,1,0,0,0,0,0,1,0
0.1131,1200,825.011201055072,806.451612903224,0.345622540285352,0.550000000000004,0,5,4,0,0,1,0,1,0,0,0,0,0,1,0
0.1132,1200,825.195219564289,806.451612903224,0.345701249962772,0.600000000000001,0,5,4,0,0,1,0,1,0,0,0,0,0,1,0
0.1133,1200,825.379289640137,806.451612903224,0.345779959640191,0.650000000000006,0,5,4,0,0,1,0,1,0,0,0,0,0,1,0
0.1134,1200,825.563411153697,806.451612903224,0.34585866931761,0.700000000000003,0,5,4,0,0,1,0,1,0,0,0,0,0,1,0
0.1135,1200,825.747583976378,806.451612903224,0.34593737899503,0.75,0,5,4,0,0,1,0,1,0,0,0,0,0,1,0
0.1136,1200,825.931807979904,806.451612903224,0.346016088672449,0.800000000000004,0,5,4,0,0,1,0,1,0,0,0,0,0,1,0
0.1137,1200,826.116083036326,806.451612903224,0.346094798349869,0.850000000000001,0,5,4,0,0,1,0,1,0,0,0,0,0,1,0
0.1138,1200,826.300409018009,806.451612903224,0.346173508027288,0.900000000000006,0,5,4,0,0,1,0,1,0,0,0,0,0,1,0
0.1139,1200,826.484785797641,806.451612903224,0.346252217704707,0.950000000000003,0,5,4,0,0,1,0,1,0,0,0,0,0,1,0
0.114,1200,826.669213248228,806.451612903224,0.346330927382127,0,1,5,4,0,0,1,0,1,0,0,0,1,0,1,0
0.1141,1200,826.853691243091,833.333333333333,0.338339744586427,0.0500000000000043,1,0,5,1,0,0,0,1,0,1,0,0,0,1,0
0.1142,1200,826.985765354795,833.333333333333,0.338413077919761,0.100000000000001,1,0,5,1,0,0,0,1,0,1,0,0,0,1,0
0.1143,1200,827.117985947886,833.333333333333,0.338486411253094,0.149999999999999,1,0,5,1,0,0,0,1,0,1,0,0,0,1,0
0.1144,1200,827.250352656162,833.333333333333,0.338559744586427,0.200000000000003,1,0,5,1,0,0,0,1,0,1,0,0,0,1,0
0.1145,1200,827.382865114333,833.333333333333,0.338633077919761,0.25,1,0,5,1,0,0,0,1,0,1,0,0,0,1,0
0.1146,1200,827.515522958026,833.333333333333,0.338706411253094,0.300000000000004,1,0,5,1,0,0,0,1,0,1,0,0,0,1,0
0.1147,1200,827.648325823776,833.333333333333,0.338779744586428,0.350000000000009,0,0,5,1,0,0,0,1,0,0,0,0,0,1,0
0.1148,1200,827.781273349028,833.333333333333,0.338853077919761,0.399999999999999,0,0,5,1,0,0,0,1,0,0,0,0,0,1,0
0.1149,1200,827.914365172134,833.333333333333,0.338926411253094,0.450000000000003,0,0,5,1,0,0,0,1,0,0,0,0,0,1,0
0.115,1200,828.047600932349,833.333333333333,0.338999744586428,0.5,0,0,5,1,0,0,0,1,0,0,0,0,0,1,0
0.1151,1200,828.18098026983,833.333333333333,0.339073077919761,0.550000000000004,0,0,5,1,0,0,0,1,0,0,0,0,0,1,0
0.1152,1200,828.314502825634,833.333333333333,0.339146411253094,0.600000000000009,0,0,5,1,0,0,0,1,0,0,0,0,0,1,0
0.1153,1200,828.448168241715,833.333333333333,0.339219744586428,0.649999999999999,0,0,5,1,0,0,0,1,0,0,0,0,0,1,0
0.1154,1200,828.581976160922,833.333333333333,0.339293077919761,0.700000000000003,0,0,5,1,0,0,0,1,0,0,0,0,0,1,0
0.1155,1200,828.715926226998,833.333333333333,0.339366411253094,0.75,0,0,5,1,0,0,0,1,0,0,0,0,0,1,0
0.1156,1200,828.850018084576,833.333333333333,0.339439744586428,0.800000000000004,0,0,5,1,0,0,0,1,0,0,0,0,0,1,0
0.1157,1200,828.984251379176,833.333333333333,0.339513077919761,0.850000000000009,0,0,5,1,0,0,0,1,0,0,0,0,0,1,0
0.1158,1200,829.118625757207,833.333333333333,0.339586411253094,0.899999999999999,0,0,5,1,0,0,0,1,0,0,0,0,0,1,0
0.1159,1200,829.253140865959,833.333333333333,0.339659744586428,0.950000000000003,0,0,5,1,0,0,0,1,0,0,0,0,0,1,0
0.116,1200,829.387796353606,833.333333333333,0.339733077919761,0,1,0,5,1,0,0,0,1,0,1,0,0,0,1,0
0.1161,1200,829.5225918692,833.333333333333,0.339806411253094,0.0500000000000043,1,0,5,1,0,0,0,1,0,1,0,0,0,1,0
0.1162,1200,829.657527062672,833.333333333333,0.339879744586428,0.100000000000009,1,0,5,1,0,0,0,1,0,1,0,0,0,1,0
0.1163,1200,829.792601584828,833.333333333333,0.339953077919761,0.149999999999999,1,0,5,1,0,0,0,1,0,1,0,0,0,1,0
0.1164,1200,829.927815087344,833.333333333333,0.340026411253094,0.200000000000003,1,0,5,1,0,0,0,1,0,1,0,0,0,1,0
0.1165,1200,830.063167222771,833.333333333333,0.340099744586428,0.25,1,0,5,1,0,0,0,1,0,1,0,0,0,1,0
0.1166,1200,830.198657644526,833.333333333333,0.340173077919761,0.300000000000004,1,0,5,1,0,0,0,1,0,1,0,0,0,1,0
0.1167,1200,830.334286006893,833.333333333333,0.340246411253094,0.350000000000009,0,0,5,1,0,0,0,1,0,0,0,0,0,1,0
0.1168,1200,830.470051965021,833.333333333333,0.340319744586428,0.399999999999999,0,0,5,1,0,0,0,1,0,0,0,0,0,1,0
0.1169,1200,830.60595517492,833.333333333333,0.340393077919761,0.450000000000003,0,0,5,1,0,0,0,1,0,0,0,0,0,1,0
0.117,1200,830.741995293461,833.333333333333,0.340466411253094,0.5,0,0,5,1,0,0,0,1,0,0,0,0,0,1,0
0.1171,1200,830.878171978372,833.333333333333,0.340539744586428,0.550000000000004,0,1,1,1,0,0,0,0,1,0,0,0,0,0,1
0.1172,1200,831.014484888238,833.333333333333,0.340613077919761,0.600000000000009,0,1,1,1,0,0,0,0,1,0,0,0,0,0,1
0.1173,1200,831.150933682496,833.333333333333,0.340686411253094,0.649999999999999,0,1,1,1,0,0,0,0,1,0,0,0,0,0,1
0.1174,1200,831.287518021435,833.333333333333,0.340759744586428,0.700000000000003,0,1,1,1,0,0,0,0,1,0,0,0,0,0,1
0.1175,1200,831.424237566193,833.333333333333,0.340833077919761,0.750000000000007,0,1,1,1,0,0,0,0,1,0,0,0,0,0,1
0.1176,1200,831.561091978756,833.333333333333,0.340906411253094,0.800000000000004,0,1,1,1,0,0,0,0,1,0,0,0,0,0,1
0.1177,1200,831.698080921954,833.333333333333,0.340979744586428,0.850000000000001,0,1,1,1,0,0,0,0,1,0,0,0,0,0,1
0.1178,1200,831.835204059461,833.333333333333,0.341053077919761,0.899999999999999,0,1,1,1,0,0,0,0,1,0,0,0,0,0,1
0.1179,1200,831.972461055791,833.333333333333,0.341126411253094,0.950000000000003,0,1,1,1,0,0,0,0,1,0,0,0,0,0,1
0.118,1200,832.109851576297,833.333333333333,0.341199744586428,7.105427357601e-15,1,1,1,1,0,0,0,0,1,1,0,0,0,0,1
0.1181,1200,832.247375287168,833.333333333333,0.341273077919761,0.0500000000000043,1,1,1,1,0,0,0,0,1,1,0,0,0,0,1
0.1182,1200,832.385031855428,833.333333333333,0.341346411253094,0.100000000000001,1,1,1,1,0,0,0,0,1,1,0,0,0,0,1
0.1183,1200,832.522820948935,833.333333333333,0.341419744586428,0.149999999999999,1,1,1,1,0,0,0,0,1,1,0,0,0,0,1
0.1184,1200,832.660742236374,833.333333333333,0.341493077919761,0.200000000000003,1,1,1,1,0,0,0,0,1,1,0,0,0,0,1
0.1185,1200,832.798795387262,833.333333333333,0.341566411253094,0.250000000000007,1,1,1,1,0,0,0,0,1,1,0,0,0,0,1
0.1186,1200,832.936980071939,833.333333333333,0.341639744586428,0.300000000000004,1,1,1,1,0,0,0,0,1,1,0,0,0,0,1
0.1187,1200,833.075295961571,833.333333333333,0.341713077919761,0.350000000000001,0,1,1,1,0,0,0,0,1,0,0,0,0,0,1
0.1188,1200,833.213742728145,833.333333333333,0.341786411253094,0.399999999999999,0,1,1,1,0,0,0,0,1,0,0,0,0,0,1
0.1189,1200,833.35232004447,833.333333333333,0.341859744586428,0.450000000000003,0,1,1,1,0,0,0,0,1,0,0,0,0,0,1
0.119,1200,833.49102758417,833.333333333333,0.341933077919761,0.500000000000007,0,1,1,1,0,0,0,0,1,0,0,0,0,0,1
0.1191,1200,833.629865021688,833.333333333333,0.342006411253094,0.550000000000004,0,1,1,1,0,0,0,0,1,0,0,0,0,0,1
0.1192,1200,833.768832032279,833.333333333333,0.342079744586428,0.600000000000001,0,1,1,1,0,0,0,0,1,0,0,0,0,0,1
0.1193,1200,833.90792829201,833.333333333333,0.342153077919761,0.649999999999999,0,1,1,1,0,0,0,0,1,0,0,0,0,0,1
0.1194,1200,834.047153477759,833.333333333333,0.342226411253094,0.700000000000003,0,1,1,1,0,0,0,0,1,0,0,0,0,0,1
0.1195,1200,834.18650726721,833.333333333333,0.342299744586428,0.750000000000007,0,1,1,1,0,0,0,0,1,0,0,0,0,0,1
0.1196,1200,834.325989338853,833.333333333333,0.342373077919761,0.800000000000004,0,1,1,1,0,0,0,0,1,0,0,0,0,0,1
0.1197,1200,834.465599371985,833.333333333333,0.342446411253094,0.850000000000001,0,1,1,1,0,0,0,0,1,0,0,0,0,0,1
0.1198,1200,834.6053370467,833.333333333333,0.342519744586428,0.899999999999999,0,1,1,1,0,0,0,0,1,0,0,0,0,0,1
0.1199,1200,834.745202043895,833.333333333333,0.342593077919761,0.950000000000003,0,1,1,1,0,0,0,0,1,0,0,0,0,0,1
0.12,1200,834.885194045264,833.333333333333,0.342666411253094,7.105427357601e-15,1,1,1,1,0,0,0,0,1,1,0,0,0,0,1
0.1201,1200,835.025312733296,833.333333333333,0.342739744586428,0.0500000000000043,1,2,3,0,1,0,0,0,1,0,1,0,0,0,1
0.1202,1200,835.165557791274,833.333333333333,0.342813077919761,0.100000000000001,1,2,3,0,1,0,0,0,1,0,1,0,0,0,1
0.1203,1200,835.305928903274,833.333333333333,0.342886411253094,0.149999999999999,1,2,3,0,1,0,0,0,1,0,1,0,0,0,1
0.1204,1200,835.446425754161,833.333333333333,0.342959744586428,0.200000000000003,1,2,3,0,1,0,0,0,1,0,1,0,0,0,1
0.1205,1200,835.587048029588,833.333333333333,0.343033077919761,0.250000000000007,1,2,3,0,1,0,0,0,1,0,1,0,0,0,1
0.1206,1200,835.727795415992,833.333333333333,0.343106411253094,0.299999999999997,1,2,3,0,1,0,0,0,1,0,1,0,0,0,1
0.1207,1200,835.868667600597,833.333333333333,0.343179744586428,0.350000000000001,0,2,3,0,1,0,0,0,1,0,0,0,0,0,1
0.1208,1200,836.009664271407,833.333333333333,0.343253077919761,0.400000000000006,0,2,3,0,1,0,0,0,1,0,0,0,0,0,1
0.1209,1200,836.150785117207,833.333333333333,0.343326411253094,0.450000000000003,0,2,3,0,1,0,0,0,1,0,0,0,0,0,1
0.121,1200,836.29202982756,833.333333333333,0.343399744586428,0.500000000000007,0,2,3,0,1,0,0,0,1,0,0,0,0,0,1
0.1211,1200,836.433398092802,833.333333333333,0.343473077919761,0.549999999999997,0,2,3,0,1,0,0,0,1,0,0,0,0,0,1
0.1212,1200,836.574889604049,833.333333333333,0.343546411253094,0.600000000000001,0,2,3,0,1,0,0,0,1,0,0,0,0,0,1
0.1213,1200,836.716504053184,833.333333333333,0.343619744586428,0.650000000000006,0,2,3,0,1,0,0,0,1,0,0,0,0,0,1
0.1214,1200,836.858241132863,833.333333333333,0.343693077919761,0.700000000000003,0,2,3,0,1,0,0,0,1,0,0,0,0,0,1
0.1215,1200,837.000100536509,833.333333333333,0.343766411253094,0.750000000000007,0,2,3,0,1,0,0,0,1,0,0,0,0,0,1
0.1216,1200,837.142081958313,833.333333333333,0.343839744586428,0.799999999999997,0,2,3,0,1,0,0,0,1,0,0,0,0,0,1
0.1217,1200,837.284185093229,833.333333333333,0.343913077919761,0.850000000000001,0,2,3,0,1,0,0,0,1,0,0,0,0,0,1
0.1218,1200,837.426409636974,833.333333333333,0.343986411253094,0.900000000000006,0,2,3,0,1,0,0,0,1,0,0,0,0,0,1
0.1219,1200,837.568755286027,833.333333333333,0.344059744586428,0.950000000000003,0,2,3,0,1,0,0,0,1,0,0,0,0,0,1
0.122,1200,837.711221737624,833.333333333333,0.344133077919761,7.105427357601e-15,1,2,3,0,1,0,0,0,1,0,1,0,0,0,1
0.1221,1200,837.853808689758,833.333333333333,0.344206411253094,0.0499999999999972,1,2,3,0,1,0,0,0,1,0,1,0,0,0,1
0.1222,1200,837.996515841179,833.333333333333,0.344279744586428,0.100000000000001,1,2,3,0,1,0,0,0,1,0,1,0,0,0,1
0.1223,1200,838.139342891387,833.333333333333,0.344353077919761,0.150000000000006,1,2,3,0,1,0,0,0,1,0,1,0,0,0,1
0.1224,1200,838.282289540637,833.333333333333,0.344426411253094,0.200000000000003,1,2,3,0,1,0,0,0,1,0,1,0,0,0,1
0.1225,1200,838.425355489931,833.333333333333,0.344499744586428,0.250000000000007,1,2,3,0,1,0,0,0,1,0,1,0,0,0,1
0.1226,1200,838.568540441018,833.333333333333,0.344573077919761,0.299999999999997,1,2,3,0,1,0,0,0,1,0,1,0,0,0,1
0.1227,1200,838.711844096394,833.333333333333,0.344646411253094,0.350000000000001,0,2,3,0,1,0,0,0,1,0,0,0,0,0,1
0.1228,1200,838.855266159298,833.333333333333,0.344719744586428,0.400000000000006,0,2,3,0,1,0,0,0,1,0,0,0,0,0,1
0.1229,1200,838.998806333711,833.333333333333,0.344793077919761,0.450000000000003,0,2,3,0,1,0,0,0,1,0,0,0,0,0,1
0.123,1200,839.142464324356,833.333333333333,0.344866411253095,0.500000000000007,0,2,3,0,1,0,0,0,1,0,0,0,0,0,1
0.1231,1200,839.28623983669,833.333333333336,0.344939744586427,0.549999999999997,0,3,2,0,1,0,1,0,0,0,0,0,1,0,0
0.1232,1200,839.43013257691,833.333333333336,0.34501307791976,0.600000000000001,0,3,2,0,1,0,1,0,0,0,0,0,1,0,0
0.1233,1200,839.574142251946,833.333333333336,0.345086411253093,0.650000000000006,0,3,2,0,1,0,1,0,0,0,0,0,1,0,0
0.1234,1200,839.718268569461,833.333333333336,0.345159744586427,0.700000000000003,0,3,2,0,1,0,1,0,0,0,0,0,1,0,0
0.1235,1200,839.862511237849,833.333333333336,0.34523307791976,0.750000000000007,0,3,2,0,1,0,1,0,0,0,0,0,1,0,0
0.1236,1200,840.006869966233,833.333333333336,0.345306411253093,0.800000000000004,0,3,2,0,1,0,1,0,0,0,0,0,1,0,0
0.1237,1200,840.151344464463,833.333333333336,0.345379744586427,0.850000000000001,0,3,2,0,1,0,1,0,0,0,0,0,1,0,0
0.1238,1200,840.295934443113,833.333333333336,0.34545307791976,0.900000000000006,0,3,2,0,1,0,1,0,0,0,0,0,1,0,0
0.1239,1200,840.440639613484,833.333333333336,0.345526411253093,0.950000000000003,0,3,2,0,1,0,1,0,0,0,0,0,1,0,0
0.124,1200,840.585459687595,833.333333333336,0.345599744586427,0,1,3,2,0,1,0,1,0,0,0,1,0,1,0,0
0.1241,1200,840.730394378188,833.333333333336,0.34567307791976,0.0500000000000043,1,3,2,0,1,0,1,0,0,0,1,0,1,0,0
0.1242,1200,840.875443398721,833.333333333336,0.345746411253093,0.100000000000001,1,3,2,0,1,0,1,0,0,0,1,0,1,0,0
0.1243,1200,841.020606463369,833.333333333336,0.345819744586427,0.150000000000006,1,3,2,0,1,0,1,0,0,0,1,0,1,0,0
0.1244,1200,841.165883287023,833.333333333336,0.34589307791976,0.200000000000003,1,3,2,0,1,0,1,0,0,0,1,0,1,0,0
0.1245,1200,841.311273585284,833.333333333336,0.345966411253093,0.25,1,3,2,0,1,0,1,0,0,0,1,0,1,0,0
0.1246,1200,841.456777074466,833.333333333336,0.346039744586427,0.300000000000004,1,3,2,0,1,0,1,0,0,0,1,0,1,0,0
0.1247,1200,841.602393471591,833.333333333336,0.34611307791976,0.350000000000001,0,3,2,0,1,0,1,0,0,0,0,0,1,0,0
0.1248,1200,841.748122494391,833.333333333336,0.346186411253093,0.400000000000006,0,3,2,0,1,0,1,0,0,0,0,0,1,0,0
0.1249,1200,841.8939638613,833.333333333336,0.346259744586427,0.450000000000003,0,3,2,0,1,0,1,0,0,0,0,0,1,0,0
0.125,1200,842.039917291458,833.333333333336,0.34633307791976,0.5,0,3,2,0,1,0,1,0,0,0,0,0,1,0,0
0.1251,1200,842.185982504708,833.333333333336,0.346406411253093,0.550000000000011,0,3,2,0,1,0,1,0,0,0,0,0,1,0,0
0.1252,1200,842.332159221592,833.333333333336,0.346479744586427,0.600000000000001,0,3,2,0,1,0,1,0,0,0,0,0,1,0,0
0.1253,1200,842.478447163349,833.333333333336,0.34655307791976,0.649999999999999,0,3,2,0,1,0,1,0,0,0,0,0,1,0,0
0.1254,1200,842.624846051919,833.333333333336,0.346626411253093,0.700000000000003,0,3,2,0,1,0,1,0,0,0,0,0,1,0,0
0.1255,1200,842.771355609935,833.333333333336,0.346699744586427,0.75,0,3,2,0,1,0,1,0,0,0,0,0,1,0,0
0.1256,1200,842.917975560722,833.333333333336,0.34677307791976,0.800000000000011,0,3,2,0,1,0,1,0,0,0,0,0,1,0,0
0.1257,1200,843.064705628298,833.333333333336,0.346846411253093,0.850000000000001,0,3,2,0,1,0,1,0,0,0,0,0,1,0,0
0.1258,1200,843.211545537373,833.333333333336,0.346919744586427,0.899999999999999,0,3,2,0,1,0,1,0,0,0,0,0,1,0,0
0.1259,1200,843.358495013341,833.333333333336,0.34699307791976,0.950000000000003,0,3,2,0,1,0,1,0,0,0,0,0,1,0,0
0.126,1200,843.505553782286,833.333333333336,0.347066411253093,0,1,3,2,0,1,0,1,0,0,0,1,0,1,0,0
0.1261,1200,843.652721570975,833.333333333329,0.347139744586429,0.0500000000000114,1,4,6,0,0,1,1,0,0,0,0,1,1,0,0
0.1262,1200,843.79999810686,833.333333333329,0.347213077919763,0.100000000000001,1,4,6,0,0,1,1,0,0,0,0,1,1,0,0
0.1263,1200,843.947383118071,833.333333333329,0.347286411253096,0.149999999999999,1,4,6,0,0,1,1,0,0,0,0,1,1,0,0
0.1264,1200,844.094876333421,833.333333333329,0.347359744586429,0.200000000000003,1,4,6,0,0,1,1,0,0,0,0,1,1,0,0
0.1265,1200,844.242477482399,833.333333333329,0.347433077919763,0.25,1,4,6,0,0,1,1,0,0,0,0,1,1,0,0
0.1266,1200,844.390186295172,833.333333333329,0.347506411253096,0.300000000000011,1,4,6,0,0,1,1,0,0,0,0,1,1,0,0
0.1267,1200,844.538002502579,833.333333333329,0.347579744586429,0.350000000000001,0,4,6,0,0,1,1,0,0,0,0,0,1,0,0
0.1268,1200,844.685925836134,833.333333333329,0.347653077919763,0.399999999999999,0,4,6,0,0,1,1,0,0,0,0,0,1,0,0
0.1269,1200,844.833956028022,833.333333333329,0.347726411253096,0.450000000000003,0,4,6,0,0,1,1,0,0,0,0,0,1,0,0
0.127,1200,844.982092811097,833.333333333329,0.347799744586429,0.5,0,4,6,0,0,1,1,0,0,0,0,0,1,0,0
0.1271,1200,845.130335918882,833.333333333329,0.347873077919763,0.550000000000011,0,4,6,0,0,1,1,0,0,0,0,0,1,0,0
0.1272,1200,845.278685085563,833.333333333329,0.347946411253096,0.600000000000001,0,4,6,0,0,1,1,0,0,0,0,0,1,0,0
0.1273,1200,845.427140045994,833.333333333329,0.348019744586429,0.649999999999999,0,4,6,0,0,1,1,0,0,0,0,0,1,0,0
0.1274,1200,845.575700535691,833.333333333329,0.348093077919763,0.70000000000001,0,4,6,0,0,1,1,0,0,0,0,0,1,0,0
0.1275,1200,845.72436629083,833.333333333329,0.348166411253096,0.75,0,4,6,0,0,1,1,0,0,0,0,0,1,0,0
0.1276,1200,845.873137048248,833.333333333329,0.348239744586429,0.800000000000011,0,4,6,0,0,1,1,0,0,0,0,0,1,0,0
0.1277,1200,846.022012545439,833.333333333329,0.348313077919763,0.850000000000001,0,4,6,0,0,1,1,0,0,0,0,0,1,0,0
0.1278,1200,846.170992520554,833.333333333329,0.348386411253096,0.899999999999999,0,4,6,0,0,1,1,0,0,0,0,0,1,0,0
0.1279,1200,846.320076712398,833.333333333329,0.348459744586429,0.95000000000001,0,4,6,0,0,1,1,0,0,0,0,0,1,0,0
0.128,1200,846.469264860429,833.333333333329,0.348533077919763,0,1,4,6,0,0,1,1,0,0,0,0,1,1,0,0
0.1281,1200,846.618556704756,833.333333333329,0.348606411253096,0.0500000000000114,1,4,6,0,0,1,1,0,0,0,0,1,1,0,0
0.1282,1200,846.767951986139,833.333333333329,0.348679744586429,0.100000000000009,1,4,6,0,0,1,1,0,0,0,0,1,1,0,0
0.1283,1200,846.917450445986,833.333333333329,0.348753077919763,0.150000000000006,1,4,6,0,0,1,1,0,0,0,0,1,1,0,0
0.1284,1200,847.067051826349,833.333333333329,0.348826411253096,0.200000000000003,1,4,6,0,0,1,1,0,0,0,0,1,1,0,0
0.1285,1200,847.216755869928,833.333333333329,0.348899744586429,0.25,1,4,6,0,0,1,1,0,0,0,0,1,1,0,0
0.1286,1200,847.366562320065,833.333333333329,0.348973077919763,0.300000000000011,1,4,6,0,0,1,1,0,0,0,0,1,1,0,0
0.1287,1200,847.516470920744,833.333333333329,0.349046411253096,0.350000000000009,0,4,6,0,0,1,1,0,0,0,0,0,1,0,0
0.1288,1200,847.666481416587,833.333333333329,0.349119744586429,0.400000000000006,0,4,6,0,0,1,1,0,0,0,0,0,1,0,0
0.1289,1200,847.816593552857,833.333333333329,0.349193077919763,0.450000000000003,0,4,6,0,0,1,1,0,0,0,0,0,1,0,0
0.129,1200,847.966807075454,862.068965517246,0.340639974471484,0.5,0,5,4,0,0,1,0,1,0,0,0,0,0,1,0
0.1291,1200,848.06104989183,862.068965517246,0.340707560678381,0.549999999999997,0,5,4,0,0,1,0,1,0,0,0,0,0,1,0
0.1292,1200,848.155496411509,862.068965517246,0.340775146885277,0.600000000000009,0,5,4,0,0,1,0,1,0,0,0,0,0,1,0
0.1293,1200,848.250146125235,862.068965517246,0.340842733092174,0.650000000000006,0,5,4,0,0,1,0,1,0,0,0,0,0,1,0
0.1294,1200,848.344998525021,862.068965517246,0.34091031929907,0.700000000000003,0,5,4,0,0,1,0,1,0,0,0,0,0,1,0
0.1295,1200,848.440053104153,862.068965517246,0.340977905505967,0.75,0,5,4,0,0,1,0,1,0,0,0,0,0,1,0
0.1296,1200,848.535309357181,862.068965517246,0.341045491712863,0.799999999999997,0,5,4,0,0,1,0,1,0,0,0,0,0,1,0
0.1297,1200,848.630766779922,862.068965517246,0.34111307791976,0.850000000000009,0,5,4,0,0,1,0,1,0,0,0,0,0,1,0
0.1298,1200,848.72642486945,862.068965517246,0.341180664126656,0.900000000000006,0,5,4,0,0,1,0,1,0,0,0,0,0,1,0
0.1299,1200,848.8222831241,862.068965517246,0.341248250333553,0.950000000000003,0,5,4,0,0,1,0,1,0,0,0,0,0,1,0
0.13,1200,848.918341043458,862.068965517246,0.34131583654045,0,1,5,4,0,0,1,0,1,0,0,0,1,0,1,0
0.1301,1200,849.014598128362,862.068965517246,0.341383422747346,0.0499999999999972,1,5,4,0,0,1,0,1,0,0,0,1,0,1,0
0.1302,1200,849.111053880899,862.068965517246,0.341451008954243,0.100000000000009,1,5,4,0,0,1,0,1,0,0,0,1,0,1,0
0.1303,1200,849.207707804399,862.068965517246,0.341518595161139,0.150000000000006,1,5,4,0,0,1,0,1,0,0,0,1,0,1,0
0.1304,1200,849.304559403436,862.068965517246,0.341586181368036,0.200000000000003,1,5,4,0,0,1,0,1,0,0,0,1,0,1,0
0.1305,1200,849.401608183819,862.068965517246,0.341653767574932,0.25,1,5,4,0,0,1,0,1,0,0,0,1,0,1,0
0.1306,1200,849.498853652597,862.068965517246,0.341721353781829,0.299999999999997,1,5,4,0,0,1,0,1,0,0,0,1,0,1,0
0.1307,1200,849.596295318047,862.068965517246,0.341788939988725,0.350000000000009,0,5,4,0,0,1,0,1,0,0,0,0,0,1,0
0.1308,1200,849.693932689679,862.068965517246,0.341856526195622,0.400000000000006,0,5,4,0,0,1,0,1,0,0,0,0,0,1,0
0.1309,1200,849.791765278226,862.068965517246,0.341924112402519,0.450000000000003,0,5,4,0,0,1,0,1,0,0,0,0,0,1,0
0.131,1200,849.889792595647,862.068965517246,0.341991698609415,0.5,0,5,4,0,0,1,0,1,0,0,0,0,0,1,0
0.1311,1200,849.988014155119,862.068965517246,0.342059284816312,0.549999999999997,0,5,4,0,0,1,0,1,0,0,0,0,0,1,0
0.1312,1200,850.086429471037,862.068965517246,0.342126871023208,0.600000000000009,0,5,4,0,0,1,0,1,0,0,0,0,0,1,0
0.1313,1200,850.18503805901,862.068965517246,0.342194457230105,0.650000000000006,0,5,4,0,0,1,0,1,0,0,0,0,0,1,0
0.1314,1200,850.283839435859,862.068965517246,0.342262043437001,0.700000000000003,0,5,4,0,0,1,0,1,0,0,0,0,0,1,0
0.1315,1200,850.38283311961,862.068965517246,0.342329629643898,0.75,0,5,4,0,0,1,0,1,0,0,0,0,0,1,0
0.1316,1200,850.482018629496,862.068965517246,0.342397215850794,0.799999999999997,0,5,4,0,0,1,0,1,0,0,0,0,0,1,0
0.1317,1200,850.581395485952,862.068965517246,0.342464802057691,0.850000000000009,0,5,4,0,0,1,0,1,0,0,0,0,0,1,0
0.1318,1200,850.680963210612,862.068965517246,0.342532388264587,0.900000000000006,0,5,4,0,0,1,0,1,0,0,0,0,0,1,0
0.1319,1200,850.780721326306,862.068965517246,0.342599974471484,0.950000000000003,0,5,4,0,0,1,0,1,0,0,0,0,0,1,0
0.132,1200,850.880669357055,833.333333333333,0.351293997459991,0,1,0,5,1,0,0,0,1,0,1,0,0,0,1,0
0.1321,1200,851.036878667152,833.333333333333,0.351367330793325,0.0499999999999972,1,0,5,1,0,0,0,1,0,1,0,0,0,1,0
0.1322,1200,851.193174120641,833.333333333333,0.351440664126658,0.100000000000009,1,0,5,1,0,0,0,1,0,1,0,0,0,1,0
0.1323,1200,851.349555502162,833.333333333333,0.351513997459991,0.150000000000006,1,0,5,1,0,0,0,1,0,1,0,0,0,1,0
0.1324,1200,851.506022596897,833.333333333333,0.351587330793325,0.200000000000003,1,0,5,1,0,0,0,1,0,1,0,0,0,1,0
0.1325,1200,851.662575190561,833.333333333333,0.351660664126658,0.25,1,0,5,1,0,0,0,1,0,1,0,0,0,1,0
0.1326,1200,851.819213069408,833.333333333333,0.351733997459991,0.299999999999997,1,0,5,1,0,0,0,1,0,1,0,0,0,1,0
0.1327,1200,851.975936020224,833.333333333333,0.351807330793325,0.350000000000009,1,0,5,1,0,0,0,1,0,1,0,0,0,1,0
0.1328,1200,852.132743830331,833.333333333333,0.351880664126658,0.400000000000006,0,0,5,1,0,0,0,1,0,0,0,0,0,1,0
0.1329,1200,852.289636287578,833.333333333333,0.351953997459991,0.450000000000003,0,0,5,1,0,0,0,1,0,0,0,0,0,1,0
0.133,1200,852.446613180349,833.333333333333,0.352027330793325,0.5,0,0,5,1,0,0,0,1,0,0,0,0,0,1,0
0.1331,1200,852.603674297555,833.333333333333,0.352100664126658,0.549999999999997,0,0,5,1,0,0,0,1,0,0,0,0,0,1,0
0.1332,1200,852.760819428634,833.333333333333,0.352173997459991,0.600000000000009,0,0,5,1,0,0,0,1,0,0,0,0,0,1,0
0.1333,1200,852.918048363553,833.333333333333,0.352247330793325,0.650000000000006,0,0,5,1,0,0,0,1,0,0,0,0,0,1,0
0.1334,1200,853.0753608928,833.333333333333,0.352320664126658,0.700000000000003,0,0,5,1,0,0,0,1,0,0,0,0,0,1,0
0.1335,1200,853.232756807392,833.333333333333,0.352393997459991,0.75,0,0,5,1,0,0,0,1,0,0,0,0,0,1,0
0.1336,1200,853.390235898863,833.333333333333,0.352467330793325,0.799999999999997,0,0,5,1,0,0,0,1,0,0,0,0,0,1,0
0.1337,1200,853.547797959272,833.333333333333,0.352540664126658,0.850000000000009,0,0,5,1,0,0,0,1,0,0,0,0,0,1,0
0.1338,1200,853.705442781198,833.333333333333,0.352613997459991,0.900000000000006,0,0,5,1,0,0,0,1,0,0,0,0,0,1,0
0.1339,1200,853.863170157735,833.333333333333,0.352687330793325,0.950000000000003,0,0,5,1,0,0,0,1,0,0,0,0,0,1,0
0.134,1200,854.020979882497,833.333333333333,0.352760664126658,0,1,0,5,1,0,0,0,1,0,1,0,0,0,1,0
0.1341,1200,854.178871749614,833.333333333333,0.352833997459991,0.0499999999999972,1,0,5,1,0,0,0,1,0,1,0,0,0,1,0
0.1342,1200,854.33684555373,833.333333333333,0.352907330793325,0.100000000000009,1,0,5,1,0,0,0,1,0,1,0,0,0,1,0
0.1343,1200,854.494901090002,833.333333333333,0.352980664126658,0.150000000000006,1,0,5,1,0,0,0,1,0,1,0,0,0,1,0
0.1344,1200,854.6530381541,833.333333333333,0.353053997459991,0.200000000000003,1,0,5,1,0,0,0,1,0,1,0,0,0,1,0
0.1345,1200,854.811256542205,833.333333333333,0.353127330793325,0.25,1,0,5,1,0,0,0,1,0,1,0,0,0,1,0
0.1346,1200,854.969556051006,833.333333333333,0.353200664126658,0.299999999999997,1,0,5,1,0,0,0,1,0,1,0,0,0,1,0
0.1347,1200,855.127936477702,833.333333333333,0.353273997459991,0.350000000000009,1,0,5,1,0,0,0,1,0,1,0,0,0,1,0
0.1348,1200,855.286397619998,833.333333333333,0.353347330793325,0.400000000000006,0,0,5,1,0,0,0,1,0,0,0,0,0,1,0
0.1349,1200,855.444939276104,862.068965517237,0.34479422734505,0.450000000000017,0,1,1,1,0,0,0,0,1,0,0,0,0,0,1
0.135,1200,855.547489405657,862.068965517237,0.344861813551946,0.5,0,1,1,1,0,0,0,0,1,0,0,0,0,0,1
0.1351,1200,855.65022247023,862.068965517237,0.344929399758843,0.549999999999997,0,1,1,1,0,0,0,0,1,0,0,0,0,0,1
0.1352,1200,855.753138012487,862.068965517237,0.34499698596574,0.600000000000009,0,1,1,1,0,0,0,0,1,0,0,0,0,0,1
0.1353,1200,855.856235576233,862.068965517237,0.345064572172636,0.650000000000006,0,1,1,1,0,0,0,0,1,0,0,0,0,0,1
0.1354,1200,855.959514706415,862.068965517237,0.345132158379533,0.700000000000017,0,1,1,1,0,0,0,0,1,0,0,0,0,0,1
0.1355,1200,856.062974949116,862.068965517237,0.345199744586429,0.75,0,1,1,1,0,0,0,0,1,0,0,0,0,0,1
0.1356,1200,856.166615851555,862.068965517237,0.345267330793326,0.799999999999997,0,1,1,1,0,0,0,0,1,0,0,0,0,0,1
0.1357,1200,856.270436962083,862.068965517237,0.345334917000222,0.850000000000009,0,1,1,1,0,0,0,0,1,0,0,0,0,0,1
0.1358,1200,856.374437830179,862.068965517237,0.345402503207119,0.900000000000006,0,1,1,1,0,0,0,0,1,0,0,0,0,0,1
0.1359,1200,856.47861800645,862.068965517237,0.345470089414015,0.950000000000003,0,1,1,1,0,0,0,0,1,0,0,0,0,0,1
0.136,1200,856.582977042625,862.068965517237,0.345537675620912,0,1,1,1,1,0,0,0,0,1,1,0,0,0,0,1
0.1361,1200,856.687514491554,862.068965517237,0.345605261827808,0.0499999999999972,1,1,1,1,0,0,0,0,1,1,0,0,0,0,1
0.1362,1200,856.792229907206,862.068965517237,0.345672848034705,0.100000000000009,1,1,1,1,0,0,0,0,1,1,0,0,0,0,1
0.1363,1200,856.897122844663,862.068965517237,0.345740434241602,0.150000000000006,1,1,1,1,0,0,0,0,1,1,0,0,0,0,1
0.1364,1200,857.002192860122,862.068965517237,0.345808020448498,0.200000000000003,1,1,1,1,0,0,0,0,1,1,0,0,0,0,1
0.1365,1200,857.107439510887,862.068965517237,0.345875606655395,0.25,1,1,1,1,0,0,0,0,1,1,0,0,0,0,1
0.1366,1200,857.21286235537,862.068965517237,0.345943192862291,0.299999999999997,1,1,1,1,0,0,0,0,1,1,0,0,0,0,1
0.1367,1200,857.318460953087,862.068965517237,0.346010779069188,0.350000000000009,0,1,1,1,0,0,0,0,1,0,0,0,0,0,1
0.1368,1200,857.424234864653,862.068965517237,0.346078365276084,0.400000000000006,0,1,1,1,0,0,0,0,1,0,0,0,0,0,1
0.1369,1200,857.530183651786,862.068965517237,0.346145951482981,0.450000000000003,0,1,1,1,0,0,0,0,1,0,0,0,0,0,1
0.137,1200,857.636306877296,862.068965517237,0.346213537689877,0.5,0,1,1,1,0,0,0,0,1,0,0,0,0,0,1
0.1371,1200,857.742604105087,862.068965517237,0.346281123896774,0.549999999999997,0,1,1,1,0,0,0,0,1,0,0,0,0,0,1
0.1372,1200,857.849074900154,862.068965517237,0.346348710103671,0.600000000000009,0,1,1,1,0,0,0,0,1,0,0,0,0,0,1
0.1373,1200,857.955718828577,862.068965517237,0.346416296310567,0.650000000000006,0,1,1,1,0,0,0,0,1,0,0,0,0,0,1
0.1374,1200,858.062535457524,862.068965517237,0.346483882517464,0.700000000000003,0,1,1,1,0,0,0,0,1,0,0,0,0,0,1
0.1375,1200,858.169524355244,862.068965517237,0.34655146872436,0.75,0,1,1,1,0,0,0,0,1,0,0,0,0,0,1
0.1376,1200,858.276685091064,862.068965517237,0.346619054931257,0.799999999999997,0,1,1,1,0,0,0,0,1,0,0,0,0,0,1
0.1377,1200,858.38401723539,862.068965517237,0.346686641138153,0.850000000000009,0,1,1,1,0,0,0,0,1,0,0,0,0,0,1
0.1378,1200,858.491520359699,862.068965517246,0.346754227345047,0.900000000000006,0,2,3,0,1,0,0,0,1,0,0,0,0,0,1
0.1379,1200,858.599194036543,862.068965517246,0.346821813551944,0.950000000000003,0,2,3,0,1,0,0,0,1,0,0,0,0,0,1
0.138,1200,858.707037839539,862.068965517246,0.34688939975884,0,1,2,3,0,1,0,0,0,1,0,1,0,0,0,1
0.1381,1200,858.815051343373,862.068965517246,0.346956985965737,0.0499999999999972,1,2,3,0,1,0,0,0,1,0,1,0,0,0,1
0.1382,1200,858.923234123792,862.068965517246,0.347024572172634,0.100000000000009,1,2,3,0,1,0,0,0,1,0,1,0,0,0,1
0.1383,1200,859.031585757604,862.068965517246,0.34709215837953,0.150000000000006,1,2,3,0,1,0,0,0,1,0,1,0,0,0,1
0.1384,1200,859.140105822677,862.068965517246,0.347159744586427,0.200000000000003,1,2,3,0,1,0,0,0,1,0,1,0,0,0,1
0.1385,1200,859.248793897932,862.068965517246,0.347227330793323,0.25,1,2,3,0,1,0,0,0,1,0,1,0,0,0,1
0.1386,1200,859.357649563344,862.068965517246,0.34729491700022,0.299999999999997,1,2,3,0,1,0,0,0,1,0,1,0,0,0,1
0.1387,1200,859.466672399937,862.068965517246,0.347362503207116,0.350000000000009,0,2,3,0,1,0,0,0,1,0,0,0,0,0,1
0.1388,1200,859.575861989784,862.068965517246,0.347430089414013,0.400000000000006,0,2,3,0,1,0,0,0,1,0,0,0,0,0,1
0.1389,1200,859.685217916,862.068965517246,0.347497675620909,0.450000000000003,0,2,3,0,1,0,0,0,1,0,0,0,0,0,1
0.139,1200,859.794739762746,862.068965517246,0.347565261827806,0.5,0,2,3,0,1,0,0,0,1,0,0,0,0,0,1
0.1391,1200,859.90442711522,862.068965517246,0.347632848034703,0.549999999999997,0,2,3,0,1,0,0,0,1,0,0,0,0,0,1
0.1392,1200,860.014279559657,862.068965517246,0.347700434241599,0.600000000000009,0,2,3,0,1,0,0,0,1,0,0,0,0,0,1
0.1393,1200,860.124296683329,862.068965517246,0.347768020448496,0.650000000000006,0,2,3,0,1,0,0,0,1,0,0,0,0,0,1
0.1394,1200,860.234478074536,862.068965517246,0.347835606655392,0.700000000000003,0,2,3,0,1,0,0,0,1,0,0,0,0,0,1
0.1395,1200,860.344823322609,862.068965517246,0.347903192862289,0.75,0,2,3,0,1,0,0,0,1,0,0,0,0,0,1
0.1396,1200,860.455332017908,862.068965517246,0.347970779069185,0.799999999999997,0,2,3,0,1,0,0,0,1,0,0,0,0,0,1
0.1397,1200,860.566003751813,862.068965517246,0.348038365276082,0.850000000000009,0,2,3,0,1,0,0,0,1,0,0,0,0,0,1
0.1398,1200,860.676838116728,862.068965517246,0.348105951482978,0.900000000000006,0,2,3,0,1,0,0,0,1,0,0,0,0,0,1
0.1399,1200,860.787834706075,862.068965517246,0.348173537689875,0.950000000000003,0,2,3,0,1,0,0,0,1,0,0,0,0,0,1
0.14,1200,860.898993114294,862.068965517246,0.348241123896771,0,1,2,3,0,1,0,0,0,1,0,1,0,0,0,1
0.1401,1200,861.010312936837,862.068965517246,0.348308710103668,0.0499999999999972,1,2,3,0,1,0,0,0,1,0,1,0,0,0,1
0.1402,1200,861.121793770169,862.068965517246,0.348376296310565,0.100000000000009,1,2,3,0,1,0,0,0,1,0,1,0,0,0,1
0.1403,1200,861.233435211762,862.068965517246,0.348443882517461,0.150000000000006,1,2,3,0,1,0,0,0,1,0,1,0,0,0,1
0.1404,1200,861.345236860097,862.068965517246,0.348511468724358,0.200000000000003,1,2,3,0,1,0,0,0,1,0,1,0,0,0,1
0.1405,1200,861.457198314655,862.068965517246,0.348579054931254,0.25,1,2,3,0,1,0,0,0,1,0,1,0,0,0,1
0.1406,1200,861.569319175921,862.068965517246,0.348646641138151,0.299999999999997,1,2,3,0,1,0,0,0,1,0,1,0,0,0,1
0.1407,1200,861.681599045379,862.068965517237,0.34871422734505,0.350000000000009,0,3,2,0,1,0,1,0,0,0,0,0,1,0,0
0.1408,1200,861.794037525509,862.068965517237,0.348781813551946,0.400000000000006,0,3,2,0,1,0,1,0,0,0,0,0,1,0,0
0.1409,1200,861.906634219783,862.068965517237,0.348849399758843,0.450000000000003,0,3,2,0,1,0,1,0,0,0,0,0,1,0,0
0.141,1200,862.019388732666,862.068965517237,0.348916985965739,0.5,0,3,2,0,1,0,1,0,0,0,0,0,1,0,0
0.1411,1200,862.132300669611,862.068965517237,0.348984572172636,0.549999999999997,0,3,2,0,1,0,1,0,0,0,0,0,1,0,0
0.1412,1200,862.245369637059,862.068965517237,0.349052158379533,0.600000000000009,0,3,2,0,1,0,1,0,0,0,0,0,1,0,0
0.1413,1200,862.358595242434,862.068965517237,0.349119744586429,0.650000000000006,0,3,2,0,1,0,1,0,0,0,0,0,1,0,0
0.1414,1200,862.471977094139,862.068965517237,0.349187330793326,0.700000000000003,0,3,2,0,1,0,1,0,0,0,0,0,1,0,0
0.1415,1200,862.585514801561,862.068965517237,0.349254917000222,0.750000000000014,0,3,2,0,1,0,1,0,0,0,0,0,1,0,0
0.1416,1200,862.699207975058,862.068965517237,0.349322503207119,0.799999999999997,0,3,2,0,1,0,1,0,0,0,0,0,1,0,0
0.1417,1200,862.813056225967,862.068965517237,0.349390089414015,0.850000000000009,0,3,2,0,1,0,1,0,0,0,0,0,1,0,0
0.1418,1200,862.927059166593,862.068965517237,0.349457675620912,0.900000000000006,0,3,2,0,1,0,1,0,0,0,0,0,1,0,0
0.1419,1200,863.041216410212,862.068965517237,0.349525261827808,0.950000000000003,0,3,2,0,1,0,1,0,0,0,0,0,1,0,0
0.142,1200,863.155527571068,862.068965517237,0.349592848034705,1.4210854715202e-14,1,3,2,0,1,0,1,0,0,0,1,0,1,0,0
0.1421,1200,863.269992264366,862.068965517237,0.349660434241602,0.0499999999999972,1,3,2,0,1,0,1,0,0,0,1,0,1,0,0
0.1422,1200,863.384610106275,862.068965517237,0.349728020448498,0.0999999999999943,1,3,2,0,1,0,1,0,0,0,1,0,1,0,0
0.1423,1200,863.499380713925,862.068965517237,0.349795606655395,0.150000000000006,1,3,2,0,1,0,1,0,0,0,1,0,1,0,0
0.1424,1200,863.6143037054,862.068965517237,0.349863192862291,0.200000000000003,1,3,2,0,1,0,1,0,0,0,1,0,1,0,0
0.1425,1200,863.729378699741,862.068965517237,0.349930779069188,0.250000000000014,1,3,2,0,1,0,1,0,0,0,1,0,1,0,0
0.1426,1200,863.844605316942,862.068965517237,0.349998365276084,0.299999999999997,1,3,2,0,1,0,1,0,0,0,1,0,1,0,0
0.1427,1200,863.959983177944,862.068965517237,0.350065951482981,0.349999999999994,1,3,2,0,1,0,1,0,0,0,1,0,1,0,0
0.1428,1200,864.075511904638,862.068965517237,0.350133537689877,0.400000000000006,0,3,2,0,1,0,1,0,0,0,0,0,1,0,0
0.1429,1200,864.191191119861,862.068965517237,0.350201123896774,0.450000000000003,0,3,2,0,1,0,1,0,0,0,0,0,1,0,0
0.143,1200,864.30702044739,862.068965517237,0.35026871010367,0.500000000000014,0,3,2,0,1,0,1,0,0,0,0,0,1,0,0
0.1431,1200,864.422999511946,862.068965517237,0.350336296310567,0.549999999999997,0,3,2,0,1,0,1,0,0,0,0,0,1,0,0
0.1432,1200,864.539127939185,862.068965517237,0.350403882517464,0.599999999999994,0,3,2,0,1,0,1,0,0,0,0,0,1,0,0
0.1433,1200,864.6554053557,862.068965517237,0.35047146872436,0.650000000000006,0,3,2,0,1,0,1,0,0,0,0,0,1,0,0
0.1434,1200,864.771831389019,862.068965517237,0.350539054931257,0.700000000000003,0,3,2,0,1,0,1,0,0,0,0,0,1,0,0
0.1435,1200,864.8884056676,862.068965517237,0.350606641138153,0.750000000000014,0,3,2,0,1,0,1,0,0,0,0,0,1,0,0
0.1436,1200,865.005127820829,862.068965517246,0.350674227345047,0.799999999999997,0,4,6,0,0,1,1,0,0,0,0,0,1,0,0
0.1437,1200,865.12199747902,862.068965517246,0.350741813551944,0.849999999999994,0,4,6,0,0,1,1,0,0,0,0,0,1,0,0
0.1438,1200,865.23901427341,862.068965517246,0.35080939975884,0.900000000000006,0,4,6,0,0,1,1,0,0,0,0,0,1,0,0
0.1439,1200,865.356177836159,862.068965517246,0.350876985965737,0.950000000000003,0,4,6,0,0,1,1,0,0,0,0,0,1,0,0
0.144,1200,865.473487800346,862.068965517246,0.350944572172633,1.4210854715202e-14,1,4,6,0,0,1,1,0,0,0,0,1,1,0,0
0.1441,1200,865.590943799967,862.068965517246,0.35101215837953,0.0499999999999972,1,4,6,0,0,1,1,0,0,0,0,1,1,0,0
0.1442,1200,865.708545469934,862.068965517246,0.351079744586427,0.0999999999999943,1,4,6,0,0,1,1,0,0,0,0,1,1,0,0
0.1443,1200,865.826292446071,862.068965517246,0.351147330793323,0.150000000000006,1,4,6,0,0,1,1,0,0,0,0,1,1,0,0
0.1444,1200,865.944184365112,862.068965517246,0.35121491700022,0.200000000000003,1,4,6,0,0,1,1,0,0,0,0,1,1,0,0
0.1445,1200,866.062220864701,862.068965517246,0.351282503207116,0.250000000000014,1,4,6,0,0,1,1,0,0,0,0,1,1,0,0
0.1446,1200,866.180401583385,862.068965517246,0.351350089414013,0.299999999999997,1,4,6,0,0,1,1,0,0,0,0,1,1,0,0
0.1447,1200,866.298726160618,862.068965517246,0.351417675620909,0.349999999999994,1,4,6,0,0,1,1,0,0,0,0,1,1,0,0
0.1448,1200,866.417194236752,862.068965517246,0.351485261827806,0.400000000000006,0,4,6,0,0,1,1,0,0,0,0,0,1,0,0
0.1449,1200,866.535805453041,862.068965517246,0.351552848034702,0.450000000000003,0,4,6,0,0,1,1,0,0,0,0,0,1,0,0
0.145,1200,866.654559451634,862.068965517246,0.351620434241599,0.500000000000014,0,4,6,0,0,1,1,0,0,0,0,0,1,0,0
0.1451,1200,866.773455875576,862.068965517246,0.351688020448496,0.549999999999997,0,4,6,0,0,1,1,0,0,0,0,0,1,0,0
0.1452,1200,866.892494368802,862.068965517246,0.351755606655392,0.599999999999994,0,4,6,0,0,1,1,0,0,0,0,0,1,0,0
0.1453,1200,867.01167457614,862.068965517246,0.351823192862289,0.650000000000006,0,4,6,0,0,1,1,0,0,0,0,0,1,0,0
0.1454,1200,867.130996143304,862.068965517246,0.351890779069185,0.700000000000003,0,4,6,0,0,1,1,0,0,0,0,0,1,0,0
0.1455,1200,867.250458716896,862.068965517246,0.351958365276082,0.750000000000014,0,4,6,0,0,1,1,0,0,0,0,0,1,0,0
0.1456,1200,867.370061944398,862.068965517246,0.352025951482978,0.799999999999997,0,4,6,0,0,1,1,0,0,0,0,0,1,0,0
0.1457,1200,867.489805474176,862.068965517246,0.352093537689875,0.849999999999994,0,4,6,0,0,1,1,0,0,0,0,0,1,0,0
0.1458,1200,867.609688955475,862.068965517246,0.352161123896771,0.900000000000006,0,4,6,0,0,1,1,0,0,0,0,0,1,0,0
0.1459,1200,867.729712038416,862.068965517246,0.352228710103668,0.950000000000003,0,4,6,0,0,1,1,0,0,0,0,0,1,0,0
0.146,1200,867.849874373993,862.068965517246,0.352296296310564,1.4210854715202e-14,1,4,6,0,0,1,1,0,0,0,0,1,1,0,0
0.1461,1200,867.970175614077,862.068965517246,0.352363882517461,0.0499999999999972,1,4,6,0,0,1,1,0,0,0,0,1,1,0,0
0.1462,1200,868.090615411405,862.068965517246,0.352431468724358,0.0999999999999943,1,4,6,0,0,1,1,0,0,0,0,1,1,0,0
0.1463,1200,868.211193419585,862.068965517246,0.352499054931254,0.150000000000006,1,4,6,0,0,1,1,0,0,0,0,1,1,0,0
0.1464,1200,868.331909293089,862.068965517246,0.352566641138151,0.200000000000003,1,4,6,0,0,1,1,0,0,0,0,1,1,0,0
0.1465,1200,868.452762687255,862.068965517237,0.35263422734505,0.250000000000014,1,5,4,0,0,1,0,1,0,0,0,1,0,1,0
0.1466,1200,868.573753258279,862.068965517237,0.352701813551946,0.299999999999997,1,5,4,0,0,1,0,1,0,0,0,1,0,1,0
0.1467,1200,868.694880663221,862.068965517237,0.352769399758843,0.349999999999994,1,5,4,0,0,1,0,1,0,0,0,1,0,1,0
0.1468,1200,868.816144559996,862.068965517237,0.352836985965739,0.400000000000006,0,5,4,0,0,1,0,1,0,0,0,0,0,1,0
0.1469,1200,868.937544607373,862.068965517237,0.352904572172636,0.450000000000003,0,5,4,0,0,1,0,1,0,0,0,0,0,1,0
0.147,1200,869.059080464977,862.068965517237,0.352972158379532,0.500000000000014,0,5,4,0,0,1,0,1,0,0,0,0,0,1,0
0.1471,1200,869.180751793281,862.068965517237,0.353039744586429,0.550000000000011,0,5,4,0,0,1,0,1,0,0,0,0,0,1,0
0.1472,1200,869.30255825361,862.068965517237,0.353107330793326,0.599999999999994,0,5,4,0,0,1,0,1,0,0,0,0,0,1,0
0.1473,1200,869.424499508132,862.068965517237,0.353174917000222,0.650000000000006,0,5,4,0,0,1,0,1,0,0,0,0,0,1,0
0.1474,1200,869.546575219863,862.068965517237,0.353242503207119,0.700000000000003,0,5,4,0,0,1,0,1,0,0,0,0,0,1,0
0.1475,1200,869.66878505266,862.068965517237,0.353310089414015,0.750000000000014,0,5,4,0,0,1,0,1,0,0,0,0,0,1,0
0.1476,1200,869.791128671219,862.068965517237,0.353377675620912,0.800000000000011,0,5,4,0,0,1,0,1,0,0,0,0,0,1,0
0.1477,1200,869.913605741077,862.068965517237,0.353445261827808,0.849999999999994,0,5,4,0,0,1,0,1,0,0,0,0,0,1,0
0.1478,1200,870.036215928605,862.068965517237,0.353512848034705,0.900000000000006,0,5,4,0,0,1,0,1,0,0,0,0,0,1,0
0.1479,1200,870.158958901009,862.068965517237,0.353580434241601,0.950000000000003,0,5,4,0,0,1,0,1,0,0,0,0,0,1,0
0.148,1200,870.281834326327,862.068965517237,0.353648020448498,1.4210854715202e-14,1,5,4,0,0,1,0,1,0,0,0,1,0,1,0
0.1481,1200,870.404841873426,862.068965517237,0.353715606655394,0.0500000000000114,1,5,4,0,0,1,0,1,0,0,0,1,0,1,0
0.1482,1200,870.527981212003,862.068965517237,0.353783192862291,0.0999999999999943,1,5,4,0,0,1,0,1,0,0,0,1,0,1,0
0.1483,1200,870.651252012578,862.068965517237,0.353850779069188,0.150000000000006,1,5,4,0,0,1,0,1,0,0,0,1,0,1,0
0.1484,1200,870.774653946496,862.068965517237,0.353918365276084,0.200000000000003,1,5,4,0,0,1,0,1,0,0,0,1,0,1,0
0.1485,1200,870.898186685925,862.068965517237,0.353985951482981,0.250000000000014,1,5,4,0,0,1,0,1,0,0,0,1,0,1,0
0.1486,1200,871.021849903849,862.068965517237,0.354053537689877,0.300000000000011,1,5,4,0,0,1,0,1,0,0,0,1,0,1,0
0.1487,1200,871.145643274074,862.068965517237,0.354121123896774,0.349999999999994,1,5,4,0,0,1,0,1,0,0,0,1,0,1,0
0.1488,1200,871.269566471218,862.068965517237,0.35418871010367,0.400000000000006,0,5,4,0,0,1,0,1,0,0,0,0,0,1,0
0.1489,1200,871.393619170713,862.068965517237,0.354256296310567,0.450000000000003,0,5,4,0,0,1,0,1,0,0,0,0,0,1,0
0.149,1200,871.517801048805,862.068965517237,0.354323882517463,0.5,0,5,4,0,0,1,0,1,0,0,0,0,0,1,0
0.1491,1200,871.642111782547,862.068965517237,0.35439146872436,0.550000000000011,0,5,4,0,0,1,0,1,0,0,0,0,0,1,0
0.1492,1200,871.766551049799,862.068965517237,0.354459054931257,0.599999999999994,0,5,4,0,0,1,0,1,0,0,0,0,0,1,0
0.1493,1200,871.891118529227,862.068965517237,0.354526641138153,0.650000000000006,0,5,4,0,0,1,0,1,0,0,0,0,0,1,0
0.1494,1200,872.015813900302,862.068965517246,0.354594227345047,0.700000000000003,0,0,5,1,0,0,0,1,0,0,0,0,0,1,0
0.1495,1200,872.140636843294,862.068965517246,0.354661813551944,0.75,0,0,5,1,0,0,0,1,0,0,0,0,0,1,0
0.1496,1200,872.265587039274,862.068965517246,0.35472939975884,0.800000000000011,0,0,5,1,0,0,0,1,0,0,0,0,0,1,0
0.1497,1200,872.390664170108,862.068965517246,0.354796985965737,0.849999999999994,0,0,5,1,0,0,0,1,0,0,0,0,0,1,0
0.1498,1200,872.51586791846,862.068965517246,0.354864572172633,0.900000000000006,0,0,5,1,0,0,0,1,0,0,0,0,0,1,0
0.1499,1200,872.641197967786,862.068965517246,0.35493215837953,0.950000000000003,0,0,5,1,0,0,0,1,0,0,0,0,0,1,0
0.15,1200,872.766654002334,862.068965517246,0.354999744586426,0,1,0,5,1,0,0,0,1,0,1,0,0,0,1,0
0.1501,1200,872.892235707139,862.068965517246,0.355067330793323,0.0500000000000114,1,0,5,1,0,0,0,1,0,1,0,0,0,1,0
0.1502,1200,873.017942768028,862.068965517246,0.35513491700022,0.0999999999999943,1,0,5,1,0,0,0,1,0,1,0,0,0,1,0
0.1503,1200,873.14377487161,862.068965517246,0.355202503207116,0.150000000000006,1,0,5,1,0,0,0,1,0,1,0,0,0,1,0
0.1504,1200,873.269731705277,862.068965517246,0.355270089414013,0.200000000000003,1,0,5,1,0,0,0,1,0,1,0,0,0,1,0
0.1505,1200,873.395812957205,862.068965517246,0.355337675620909,0.25,1,0,5,1,0,0,0,1,0,1,0,0,0,1,0
0.1506,1200,873.522018316348,862.068965517246,0.355405261827806,0.300000000000011,1,0,5,1,0,0,0,1,0,1,0,0,0,1,0
0.1507,1200,873.648347472438,862.068965517246,0.355472848034702,0.349999999999994,1,0,5,1,0,0,0,1,0,1,0,0,0,1,0
0.1508,1200,873.774800115982,862.068965517246,0.355540434241599,0.400000000000006,0,0,5,1,0,0,0,1,0,0,0,0,0,1,0
0.1509,1200,873.901375938262,862.068965517246,0.355608020448495,0.450000000000003,0,0,5,1,0,0,0,1,0,0,0,0,0,1,0
0.151,1200,874.028074631332,862.068965517246,0.355675606655392,0.5,0,0,5,1,0,0,0,1,0,0,0,0,0,1,0
0.1511,1200,874.154895888014,862.068965517246,0.355743192862289,0.550000000000011,0,0,5,1,0,0,0,1,0,0,0,0,0,1,0
0.1512,1200,874.281839401899,862.068965517246,0.355810779069185,0.599999999999994,0,0,5,1,0,0,0,1,0,0,0,0,0,1,0
0.1513,1200,874.408904867343,862.068965517246,0.355878365276082,0.650000000000006,0,0,5,1,0,0,0,1,0,0,0,0,0,1,0
0.1514,1200,874.53609197947,862.068965517246,0.355945951482978,0.700000000000003,0,0,5,1,0,0,0,1,0,0,0,0,0,1,0
0.1515,1200,874.66340043416,862.068965517246,0.356013537689875,0.75,0,0,5,1,0,0,0,1,0,0,0,0,0,1,0
0.1516,1200,874.790829928059,862.068965517246,0.356081123896771,0.800000000000011,0,0,5,1,0,0,0,1,0,0,0,0,0,1,0
0.1517,1200,874.918380158568,862.068965517246,0.356148710103668,0.849999999999994,0,0,5,1,0,0,0,1,0,0,0,0,0,1,0
0.1518,1200,875.046050823845,862.068965517246,0.356216296310564,0.900000000000006,0,0,5,1,0,0,0,1,0,0,0,0,0,1,0
0.1519,1200,875.173841622805,862.068965517246,0.356283882517461,0.950000000000003,0,0,5,1,0,0,0,1,0,0,0,0,0,1,0
0.152,1200,875.301752255111,862.068965517246,0.356351468724357,0,1,0,5,1,0,0,0,1,0,1,0,0,0,1,0
0.1521,1200,875.429782421181,862.068965517246,0.356419054931254,0.0500000000000114,1,0,5,1,0,0,0,1,0,1,0,0,0,1,0
0.1522,1200,875.557931822182,892.857142857144,0.347244030300713,0.0999999999999943,1,1,1,1,0,0,0,0,1,1,0,0,0,0,1
0.1523,1200,875.626123189581,892.857142857144,0.347305458872142,0.150000000000006,1,1,1,1,0,0,0,0,1,1,0,0,0,0,1
0.1524,1200,875.694543364276,892.857142857144,0.34736688744357,0.200000000000003,1,1,1,1,0,0,0,0,1,1,0,0,0,0,1
0.1525,1200,875.763191774248,892.857142857144,0.347428316014999,0.25,1,1,1,1,0,0,0,0,1,1,0,0,0,0,1
0.1526,1200,875.83206784891,892.857142857144,0.347489744586427,0.300000000000011,1,1,1,1,0,0,0,0,1,1,0,0,0,0,1
0.1527,1200,875.9011710191,892.857142857144,0.347551173157856,0.349999999999994,0,1,1,1,0,0,0,0,1,0,0,0,0,0,1
0.1528,1200,875.970500717078,892.857142857144,0.347612601729285,0.400000000000006,0,1,1,1,0,0,0,0,1,0,0,0,0,0,1
0.1529,1200,876.040056376526,892.857142857144,0.347674030300713,0.450000000000003,0,1,1,1,0,0,0,0,1,0,0,0,0,0,1
0.153,1200,876.109837432539,892.857142857144,0.347735458872142,0.5,0,1,1,1,0,0,0,0,1,0,0,0,0,0,1
0.1531,1200,876.179843321627,892.857142857144,0.34779688744357,0.550000000000011,0,1,1,1,0,0,0,0,1,0,0,0,0,0,1
0.1532,1200,876.250073481706,892.857142857144,0.347858316014999,0.599999999999994,0,1,1,1,0,0,0,0,1,0,0,0,0,0,1
0.1533,1200,876.320527352099,892.857142857144,0.347919744586427,0.650000000000006,0,1,1,1,0,0,0,0,1,0,0,0,0,0,1
0.1534,1200,876.391204373531,892.857142857144,0.347981173157856,0.700000000000003,0,1,1,1,0,0,0,0,1,0,0,0,0,0,1
0.1535,1200,876.462103988123,892.857142857144,0.348042601729284,0.75,0,1,1,1,0,0,0,0,1,0,0,0,0,0,1
0.1536,1200,876.533225639393,892.857142857144,0.348104030300713,0.800000000000011,0,1,1,1,0,0,0,0,1,0,0,0,0,0,1
0.1537,1200,876.604568772249,892.857142857144,0.348165458872142,0.850000000000009,0,1,1,1,0,0,0,0,1,0,0,0,0,0,1
0.1538,1200,876.676132832987,892.857142857144,0.34822688744357,0.900000000000006,0,1,1,1,0,0,0,0,1,0,0,0,0,0,1
0.1539,1200,876.747917269288,892.857142857144,0.348288316014999,0.950000000000003,0,1,1,1,0,0,0,0,1,0,0,0,0,0,1
0.154,1200,876.819921530212,892.857142857144,0.348349744586427,0,1,1,1,1,0,0,0,0,1,1,0,0,0,0,1
0.1541,1200,876.892145066198,892.857142857144,0.348411173157856,0.0500000000000114,1,1,1,1,0,0,0,0,1,1,0,0,0,0,1
0.1542,1200,876.964587329059,892.857142857144,0.348472601729284,0.100000000000009,1,1,1,1,0,0,0,0,1,1,0,0,0,0,1
0.1543,1200,877.037247771977,892.857142857144,0.348534030300713,0.150000000000006,1,1,1,1,0,0,0,0,1,1,0,0,0,0,1
0.1544,1200,877.110125849501,892.857142857144,0.348595458872142,0.200000000000003,1,1,1,1,0,0,0,0,1,1,0,0,0,0,1
0.1545,1200,877.183221017547,892.857142857144,0.34865688744357,0.25,1,1,1,1,0,0,0,0,1,1,0,0,0,0,1
0.1546,1200,877.256532733386,892.857142857144,0.348718316014999,0.300000000000011,1,1,1,1,0,0,0,0,1,1,0,0,0,0,1
0.1547,1200,877.33006045565,892.857142857144,0.348779744586427,0.350000000000009,0,1,1,1,0,0,0,0,1,0,0,0,0,0,1
0.1548,1200,877.403803644323,892.857142857144,0.348841173157856,0.400000000000006,0,1,1,1,0,0,0,0,1,0,0,0,0,0,1
0.1549,1200,877.477761760738,892.857142857144,0.348902601729284,0.450000000000003,0,1,1,1,0,0,0,0,1,0,0,0,0,0,1
0.155,1200,877.551934267576,892.857142857144,0.348964030300713,0.5,0,1,1,1,0,0,0,0,1,0,0,0,0,0,1
0.1551,1200,877.626320628862,862.068965517237,0.358268069709581,0.550000000000011,0,2,3,0,1,0,0,0,1,0,0,0,0,0,1
0.1552,1200,877.760997280402,862.068965517237,0.358335655916478,0.600000000000009,0,2,3,0,1,0,0,0,1,0,0,0,0,0,1
0.1553,1200,877.895776550658,862.068965517237,0.358403242123374,0.649999999999991,0,2,3,0,1,0,0,0,1,0,0,0,0,0,1
0.1554,1200,878.030658183084,862.068965517237,0.358470828330271,0.700000000000003,0,2,3,0,1,0,0,0,1,0,0,0,0,0,1
0.1555,1200,878.165641921773,862.068965517237,0.358538414537168,0.75,0,2,3,0,1,0,0,0,1,0,0,0,0,0,1
0.1556,1200,878.30072751146,862.068965517237,0.358606000744064,0.800000000000011,0,2,3,0,1,0,0,0,1,0,0,0,0,0,1
0.1557,1200,878.435914697518,862.068965517237,0.358673586950961,0.850000000000009,0,2,3,0,1,0,0,0,1,0,0,0,0,0,1
0.1558,1200,878.571203225955,862.068965517237,0.358741173157857,0.899999999999991,0,2,3,0,1,0,0,0,1,0,0,0,0,0,1
0.1559,1200,878.706592843416,862.068965517237,0.358808759364754,0.950000000000003,0,2,3,0,1,0,0,0,1,0,0,0,0,0,1
0.156,1200,878.842083297179,862.068965517237,0.35887634557165,0,1,2,3,0,1,0,0,0,1,0,1,0,0,0,1
0.1561,1200,878.977674335151,862.068965517237,0.358943931778547,0.0500000000000114,1,2,3,0,1,0,0,0,1,0,1,0,0,0,1
0.1562,1200,879.113365705874,862.068965517237,0.359011517985444,0.100000000000009,1,2,3,0,1,0,0,0,1,0,1,0,0,0,1
0.1563,1200,879.249157158515,862.068965517237,0.35907910419234,0.149999999999991,1,2,3,0,1,0,0,0,1,0,1,0,0,0,1
0.1564,1200,879.385048442869,862.068965517237,0.359146690399237,0.200000000000003,1,2,3,0,1,0,0,0,1,0,1,0,0,0,1
0.1565,1200,879.521039309356,862.068965517237,0.359214276606133,0.25,1,2,3,0,1,0,0,0,1,0,1,0,0,0,1
0.1566,1200,879.657129509023,862.068965517237,0.35928186281303,0.300000000000011,1,2,3,0,1,0,0,0,1,0,1,0,0,0,1
0.1567,1200,879.793318793535,862.068965517237,0.359349449019926,0.350000000000009,1,2,3,0,1,0,0,0,1,0,1,0,0,0,1
0.1568,1200,879.929606915181,862.068965517237,0.359417035226823,0.399999999999991,0,2,3,0,1,0,0,0,1,0,0,0,0,0,1
0.1569,1200,880.065993626867,862.068965517237,0.359484621433719,0.450000000000003,0,2,3,0,1,0,0,0,1,0,0,0,0,0,1
0.157,1200,880.202478682119,862.068965517237,0.359552207640616,0.5,0,2,3,0,1,0,0,0,1,0,0,0,0,0,1
0.1571,1200,880.339061835078,862.068965517237,0.359619793847512,0.550000000000011,0,2,3,0,1,0,0,0,1,0,0,0,0,0,1
0.1572,1200,880.475742840499,862.068965517237,0.359687380054409,0.600000000000009,0,2,3,0,1,0,0,0,1,0,0,0,0,0,1
0.1573,1200,880.612521453751,862.068965517237,0.359754966261306,0.649999999999991,0,2,3,0,1,0,0,0,1,0,0,0,0,0,1
0.1574,1200,880.749397430815,862.068965517237,0.359822552468202,0.700000000000003,0,2,3,0,1,0,0,0,1,0,0,0,0,0,1
0.1575,1200,880.886370528282,862.068965517237,0.359890138675099,0.75,0,2,3,0,1,0,0,0,1,0,0,0,0,0,1
0.1576,1200,881.023440503349,862.068965517237,0.359957724881995,0.800000000000011,0,2,3,0,1,0,0,0,1,0,0,0,0,0,1
0.1577,1200,881.160607113824,862.068965517237,0.360025311088892,0.850000000000009,0,2,3,0,1,0,0,0,1,0,0,0,0,0,1
0.1578,1200,881.297870118117,862.068965517237,0.360092897295788,0.899999999999991,0,2,3,0,1,0,0,0,1,0,0,0,0,0,1
0.1579,1200,881.435229275244,892.857142857144,0.350917872665245,0.950000000000003,0,3,2,0,1,0,1,0,0,0,0,0,1,0,0
0.158,1200,881.51260737438,892.857142857144,0.350979301236673,0,1,3,2,0,1,0,1,0,0,0,1,0,1,0,0
0.1581,1200,881.590191313983,892.857142857144,0.351040729808102,0.0500000000000114,1,3,2,0,1,0,1,0,0,0,1,0,1,0,0
0.1582,1200,881.66798057945,892.857142857144,0.351102158379531,0.100000000000009,1,3,2,0,1,0,1,0,0,0,1,0,1,0,0
0.1583,1200,881.745974657469,892.857142857144,0.351163586950959,0.149999999999991,1,3,2,0,1,0,1,0,0,0,1,0,1,0,0
0.1584,1200,881.824173036006,892.857142857144,0.351225015522388,0.200000000000003,1,3,2,0,1,0,1,0,0,0,1,0,1,0,0
0.1585,1200,881.902575204312,892.857142857144,0.351286444093816,0.25,1,3,2,0,1,0,1,0,0,0,1,0,1,0,0
0.1586,1200,881.981180652911,892.857142857144,0.351347872665245,0.300000000000011,1,3,2,0,1,0,1,0,0,0,1,0,1,0,0
0.1587,1200,882.059988873603,892.857142857144,0.351409301236673,0.350000000000009,1,3,2,0,1,0,1,0,0,0,1,0,1,0,0
0.1588,1200,882.138999359457,892.857142857144,0.351470729808102,0.399999999999991,0,3,2,0,1,0,1,0,0,0,0,0,1,0,0
0.1589,1200,882.218211604811,892.857142857144,0.351532158379531,0.450000000000003,0,3,2,0,1,0,1,0,0,0,0,0,1,0,0
0.159,1200,882.297625105266,892.857142857144,0.351593586950959,0.5,0,3,2,0,1,0,1,0,0,0,0,0,1,0,0
0.1591,1200,882.377239357684,892.857142857144,0.351655015522388,0.550000000000011,0,3,2,0,1,0,1,0,0,0,0,0,1,0,0
0.1592,1200,882.457053860185,892.857142857144,0.351716444093816,0.600000000000009,0,3,2,0,1,0,1,0,0,0,0,0,1,0,0
0.1593,1200,882.537068112145,892.857142857144,0.351777872665245,0.650000000000006,0,3,2,0,1,0,1,0,0,0,0,0,1,0,0
0.1594,1200,882.617281614189,892.857142857144,0.351839301236673,0.700000000000003,0,3,2,0,1,0,1,0,0,0,0,0,1,0,0
0.1595,1200,882.697693868191,892.857142857144,0.351900729808102,0.75,0,3,2,0,1,0,1,0,0,0,0,0,1,0,0
0.1596,1200,882.778304377274,892.857142857144,0.35196215837953,0.800000000000011,0,3,2,0,1,0,1,0,0,0,0,0,1,0,0
0.1597,1200,882.859112645797,892.857142857144,0.352023586950959,0.850000000000009,0,3,2,0,1,0,1,0,0,0,0,0,1,0,0
0.1598,1200,882.940118179364,892.857142857144,0.352085015522388,0.900000000000006,0,3,2,0,1,0,1,0,0,0,0,0,1,0,0
0.1599,1200,883.021320484811,892.857142857144,0.352146444093816,0.950000000000003,0,3,2,0,1,0,1,0,0,0,0,0,1,0,0
0.16,1200,883.102719070209,892.857142857144,0.352207872665245,0,1,3,2,0,1,0,1,0,0,0,1,0,1,0,0
0.1601,1200,883.184313444858,892.857142857144,0.352269301236673,0.0500000000000114,1,3,2,0,1,0,1,0,0,0,1,0,1,0,0
0.1602,1200,883.266103119284,892.857142857144,0.352330729808102,0.100000000000009,1,3,2,0,1,0,1,0,0,0,1,0,1,0,0
0.1603,1200,883.348087605238,892.857142857144,0.35239215837953,0.150000000000006,1,3,2,0,1,0,1,0,0,0,1,0,1,0,0
0.1604,1200,883.430266415692,892.857142857144,0.352453586950959,0.200000000000003,1,3,2,0,1,0,1,0,0,0,1,0,1,0,0
0.1605,1200,883.512639064834,892.857142857144,0.352515015522388,0.25,1,3,2,0,1,0,1,0,0,0,1,0,1,0,0
0.1606,1200,883.595205068068,892.857142857144,0.352576444093816,0.300000000000011,1,3,2,0,1,0,1,0,0,0,1,0,1,0,0
0.1607,1200,883.677963942007,892.857142857144,0.352637872665245,0.350000000000009,1,3,2,0,1,0,1,0,0,0,1,0,1,0,0
0.1608,1200,883.760915204476,862.068965517246,0.361941912074111,0.400000000000006,0,4,6,0,0,1,1,0,0,0,0,0,1,0,0
0.1609,1200,883.904135344947,862.068965517246,0.362009498281007,0.450000000000003,0,4,6,0,0,1,1,0,0,0,0,0,1,0,0
0.161,1200,884.047436745411,862.068965517246,0.362077084487904,0.5,0,4,6,0,0,1,1,0,0,0,0,0,1,0,0
0.1611,1200,884.190819202719,862.068965517246,0.3621446706948,0.550000000000011,0,4,6,0,0,1,1,0,0,0,0,0,1,0,0
0.1612,1200,884.334282514228,862.068965517246,0.362212256901697,0.600000000000009,0,4,6,0,0,1,1,0,0,0,0,0,1,0,0
0.1613,1200,884.477826477804,862.068965517246,0.362279843108593,0.650000000000006,0,4,6,0,0,1,1,0,0,0,0,0,1,0,0
0.1614,1200,884.621450891815,862.068965517246,0.36234742931549,0.700000000000003,0,4,6,0,0,1,1,0,0,0,0,0,1,0,0
0.1615,1200,884.765155555136,862.068965517246,0.362415015522387,0.75,0,4,6,0,0,1,1,0,0,0,0,0,1,0,0
0.1616,1200,884.908940267144,862.068965517246,0.362482601729283,0.800000000000011,0,4,6,0,0,1,1,0,0,0,0,0,1,0,0
0.1617,1200,885.052804827716,862.068965517246,0.36255018793618,0.850000000000009,0,4,6,0,0,1,1,0,0,0,0,0,1,0,0
0.1618,1200,885.196749037232,862.068965517246,0.362617774143076,0.900000000000006,0,4,6,0,0,1,1,0,0,0,0,0,1,0,0
0.1619,1200,885.340772696569,862.068965517246,0.362685360349973,0.950000000000003,0,4,6,0,0,1,1,0,0,0,0,0,1,0,0
0.162,1200,885.484875607103,862.068965517246,0.362752946556869,0,1,4,6,0,0,1,1,0,0,0,0,1,1,0,0
0.1621,1200,885.629057570705,862.068965517246,0.362820532763766,0.0499999999999972,1,4,6,0,0,1,1,0,0,0,0,1,1,0,0
0.1622,1200,885.773318389742,862.068965517246,0.362888118970662,0.100000000000009,1,4,6,0,0,1,1,0,0,0,0,1,1,0,0
0.1623,1200,885.917657867077,862.068965517246,0.362955705177559,0.150000000000006,1,4,6,0,0,1,1,0,0,0,0,1,1,0,0
0.1624,1200,886.062075806064,862.068965517246,0.363023291384455,0.200000000000003,1,4,6,0,0,1,1,0,0,0,0,1,1,0,0
0.1625,1200,886.206572010548,862.068965517246,0.363090877591352,0.25,1,4,6,0,0,1,1,0,0,0,0,1,1,0,0
0.1626,1200,886.351146284865,862.068965517246,0.363158463798249,0.299999999999997,1,4,6,0,0,1,1,0,0,0,0,1,1,0,0
0.1627,1200,886.495798433841,862.068965517246,0.363226050005145,0.350000000000009,1,4,6,0,0,1,1,0,0,0,0,1,1,0,0
0.1628,1200,886.64052826279,862.068965517246,0.363293636212042,0.400000000000006,0,4,6,0,0,1,1,0,0,0,0,0,1,0,0
0.1629,1200,886.785335577512,862.068965517246,0.363361222418938,0.450000000000003,0,4,6,0,0,1,1,0,0,0,0,0,1,0,0
0.163,1200,886.930220184291,862.068965517246,0.363428808625835,0.5,0,4,6,0,0,1,1,0,0,0,0,0,1,0,0
0.1631,1200,887.075181889898,862.068965517246,0.363496394832731,0.549999999999997,0,4,6,0,0,1,1,0,0,0,0,0,1,0,0
0.1632,1200,887.220220501586,862.068965517246,0.363563981039628,0.600000000000009,0,4,6,0,0,1,1,0,0,0,0,0,1,0,0
0.1633,1200,887.36533582709,862.068965517246,0.363631567246524,0.650000000000006,0,4,6,0,0,1,1,0,0,0,0,0,1,0,0
0.1634,1200,887.510527674624,862.068965517246,0.363699153453421,0.700000000000003,0,4,6,0,0,1,1,0,0,0,0,0,1,0,0
0.1635,1200,887.655795852885,862.068965517246,0.363766739660318,0.75,0,4,6,0,0,1,1,0,0,0,0,0,1,0,0
0.1636,1200,887.801140171045,892.857142857144,0.354591715029777,0.799999999999997,0,5,4,0,0,1,0,1,0,0,0,0,0,1,0
0.1637,1200,887.886483468311,892.857142857144,0.354653143601205,0.850000000000009,0,5,4,0,0,1,0,1,0,0,0,0,0,1,0
0.1638,1200,887.972012693048,892.857142857144,0.354714572172634,0.900000000000006,0,5,4,0,0,1,0,1,0,0,0,0,0,1,0
0.1639,1200,888.057727380437,892.857142857144,0.354776000744062,0.950000000000003,0,5,4,0,0,1,0,1,0,0,0,0,0,1,0
0.164,1200,888.143627066823,892.857142857144,0.354837429315491,0,1,5,4,0,0,1,0,1,0,0,0,1,0,1,0
0.1641,1200,888.229711289706,892.857142857144,0.354898857886919,0.0499999999999972,1,5,4,0,0,1,0,1,0,0,0,1,0,1,0
0.1642,1200,888.315979587747,892.857142857144,0.354960286458348,0.100000000000009,1,5,4,0,0,1,0,1,0,0,0,1,0,1,0
0.1643,1200,888.402431500757,892.857142857144,0.355021715029777,0.150000000000006,1,5,4,0,0,1,0,1,0,0,0,1,0,1,0
0.1644,1200,888.489066569699,892.857142857144,0.355083143601205,0.200000000000003,1,5,4,0,0,1,0,1,0,0,0,1,0,1,0
0.1645,1200,888.575884336682,892.857142857144,0.355144572172634,0.25,1,5,4,0,0,1,0,1,0,0,0,1,0,1,0
0.1646,1200,888.662884344963,892.857142857144,0.355206000744062,0.299999999999997,1,5,4,0,0,1,0,1,0,0,0,1,0,1,0
0.1647,1200,888.750066138937,892.857142857144,0.355267429315491,0.350000000000009,1,5,4,0,0,1,0,1,0,0,0,1,0,1,0
0.1648,1200,888.83742926414,892.857142857144,0.355328857886919,0.400000000000006,0,5,4,0,0,1,0,1,0,0,0,0,0,1,0
0.1649,1200,888.924973267245,892.857142857144,0.355390286458348,0.450000000000003,0,5,4,0,0,1,0,1,0,0,0,0,0,1,0
0.165,1200,889.012697696056,892.857142857144,0.355451715029777,0.5,0,5,4,0,0,1,0,1,0,0,0,0,0,1,0
0.1651,1200,889.100602099509,892.857142857144,0.355513143601205,0.549999999999997,0,5,4,0,0,1,0,1,0,0,0,0,0,1,0
0.1652,1200,889.188686027668,892.857142857144,0.355574572172634,0.600000000000009,0,5,4,0,0,1,0,1,0,0,0,0,0,1,0
0.1653,1200,889.276949031721,892.857142857144,0.355636000744062,0.650000000000006,0,5,4,0,0,1,0,1,0,0,0,0,0,1,0
0.1654,1200,889.365390663978,892.857142857144,0.355697429315491,0.700000000000003,0,5,4,0,0,1,0,1,0,0,0,0,0,1,0
0.1655,1200,889.454010477869,892.857142857144,0.355758857886919,0.75,0,5,4,0,0,1,0,1,0,0,0,0,0,1,0
0.1656,1200,889.542808027939,892.857142857144,0.355820286458348,0.799999999999997,0,5,4,0,0,1,0,1,0,0,0,0,0,1,0
0.1657,1200,889.631782869849,892.857142857144,0.355881715029777,0.850000000000009,0,5,4,0,0,1,0,1,0,0,0,0,0,1,0
0.1658,1200,889.720934560368,892.857142857144,0.355943143601205,0.900000000000006,0,5,4,0,0,1,0,1,0,0,0,0,0,1,0
0.1659,1200,889.810262657375,892.857142857144,0.356004572172634,0.950000000000003,0,5,4,0,0,1,0,1,0,0,0,0,0,1,0
0.166,1200,889.899766719853,892.857142857144,0.356066000744062,0,1,5,4,0,0,1,0,1,0,0,0,1,0,1,0
0.1661,1200,889.98944630789,892.857142857144,0.356127429315491,0.0499999999999972,1,5,4,0,0,1,0,1,0,0,0,1,0,1,0
0.1662,1200,890.079300982671,892.857142857144,0.356188857886919,0.100000000000009,1,5,4,0,0,1,0,1,0,0,0,1,0,1,0
0.1663,1200,890.169330306479,892.857142857144,0.356250286458348,0.150000000000006,1,5,4,0,0,1,0,1,0,0,0,1,0,1,0
0.1664,1200,890.259533842692,892.857142857135,0.356311715029779,0.200000000000017,1,0,5,1,0,0,0,1,0,1,0,0,0,1,0
0.1665,1200,890.349911155779,892.857142857135,0.356373143601208,0.25,1,0,5,1,0,0,0,1,0,1,0,0,0,1,0
0.1666,1200,890.440461811298,892.857142857135,0.356434572172636,0.299999999999997,1,0,5,1,0,0,0,1,0,1,0,0,0,1,0
0.1667,1200,890.531185375892,892.857142857135,0.356496000744065,0.350000000000009,1,0,5,1,0,0,0,1,0,1,0,0,0,1,0
0.1668,1200,890.622081417288,892.857142857135,0.356557429315493,0.400000000000006,0,0,5,1,0,0,0,1,0,0,0,0,0,1,0
0.1669,1200,890.713149504296,892.857142857135,0.356618857886922,0.450000000000017,0,0,5,1,0,0,0,1,0,0,0,0,0,1,0
0.167,1200,890.8043892068,892.857142857135,0.35668028645835,0.5,0,0,5,1,0,0,0,1,0,0,0,0,0,1,0
0.1671,1200,890.895800095762,892.857142857135,0.356741715029779,0.549999999999997,0,0,5,1,0,0,0,1,0,0,0,0,0,1,0
0.1672,1200,890.987381743216,892.857142857135,0.356803143601208,0.600000000000009,0,0,5,1,0,0,0,1,0,0,0,0,0,1,0
0.1673,1200,891.079133722266,892.857142857135,0.356864572172636,0.650000000000006,0,0,5,1,0,0,0,1,0,0,0,0,0,1,0
0.1674,1200,891.171055607083,892.857142857135,0.356926000744065,0.700000000000017,0,0,5,1,0,0,0,1,0,0,0,0,0,1,0
0.1675,1200,891.263146972901,892.857142857135,0.356987429315493,0.75,0,0,5,1,0,0,0,1,0,0,0,0,0,1,0
0.1676,1200,891.35540739602,892.857142857135,0.357048857886922,0.799999999999997,0,0,5,1,0,0,0,1,0,0,0,0,0,1,0
0.1677,1200,891.447836453795,892.857142857135,0.35711028645835,0.850000000000009,0,0,5,1,0,0,0,1,0,0,0,0,0,1,0
0.1678,1200,891.54043372464,892.857142857135,0.357171715029779,0.900000000000006,0,0,5,1,0,0,0,1,0,0,0,0,0,1,0
0.1679,1200,891.633198788022,892.857142857135,0.357233143601208,0.950000000000017,0,0,5,1,0,0,0,1,0,0,0,0,0,1,0
0.168,1200,891.726131224459,892.857142857135,0.357294572172636,0,1,0,5,1,0,0,0,1,0,1,0,0,0,1,0
0.1681,1200,891.81923061552,892.857142857135,0.357356000744065,0.0499999999999972,1,0,5,1,0,0,0,1,0,1,0,0,0,1,0
0.1682,1200,891.912496543818,892.857142857135,0.357417429315493,0.100000000000009,1,0,5,1,0,0,0,1,0,1,0,0,0,1,0
0.1683,1200,892.005928593009,892.857142857135,0.357478857886922,0.150000000000006,1,0,5,1,0,0,0,1,0,1,0,0,0,1,0
0.1684,1200,892.099526347791,892.857142857135,0.35754028645835,0.200000000000017,1,0,5,1,0,0,0,1,0,1,0,0,0,1,0
0.1685,1200,892.193289393901,892.857142857135,0.357601715029779,0.25,1,0,5,1,0,0,0,1,0,1,0,0,0,1,0
0.1686,1200,892.28721731811,892.857142857135,0.357663143601208,0.299999999999997,1,0,5,1,0,0,0,1,0,1,0,0,0,1,0
0.1687,1200,892.381309708223,892.857142857135,0.357724572172636,0.350000000000009,1,0,5,1,0,0,0,1,0,1,0,0,0,1,0
0.1688,1200,892.475566153074,892.857142857135,0.357786000744065,0.400000000000006,0,0,5,1,0,0,0,1,0,0,0,0,0,1,0
0.1689,1200,892.569986242528,892.857142857135,0.357847429315493,0.450000000000003,0,0,5,1,0,0,0,1,0,0,0,0,0,1,0
0.169,1200,892.664569567472,892.857142857135,0.357908857886922,0.5,0,0,5,1,0,0,0,1,0,0,0,0,0,1,0
0.1691,1200,892.759315719819,892.857142857135,0.35797028645835,0.549999999999997,0,0,5,1,0,0,0,1,0,0,0,0,0,1,0
0.1692,1200,892.854224292498,892.857142857144,0.358031715029776,0.600000000000009,0,1,1,1,0,0,0,0,1,0,0,0,0,0,1
0.1693,1200,892.949294879461,892.857142857144,0.358093143601205,0.650000000000006,0,1,1,1,0,0,0,0,1,0,0,0,0,0,1
0.1694,1200,893.04452707567,892.857142857144,0.358154572172633,0.700000000000003,0,1,1,1,0,0,0,0,1,0,0,0,0,0,1
0.1695,1200,893.139920477103,892.857142857144,0.358216000744062,0.75,0,1,1,1,0,0,0,0,1,0,0,0,0,0,1
0.1696,1200,893.235474680746,892.857142857144,0.358277429315491,0.799999999999997,0,1,1,1,0,0,0,0,1,0,0,0,0,0,1
0.1697,1200,893.331189284595,892.857142857144,0.358338857886919,0.850000000000009,0,1,1,1,0,0,0,0,1,0,0,0,0,0,1
0.1698,1200,893.427063887649,892.857142857144,0.358400286458348,0.900000000000006,0,1,1,1,0,0,0,0,1,0,0,0,0,0,1
0.1699,1200,893.523098089909,892.857142857144,0.358461715029776,0.950000000000003,0,1,1,1,0,0,0,0,1,0,0,0,0,0,1
0.17,1200,893.619291492378,892.857142857144,0.358523143601205,0,1,1,1,1,0,0,0,0,1,1,0,0,0,0,1
0.1701,1200,893.715643697055,892.857142857144,0.358584572172633,0.0499999999999972,1,1,1,1,0,0,0,0,1,1,0,0,0,0,1
0.1702,1200,893.812154306934,892.857142857144,0.358646000744062,0.100000000000009,1,1,1,1,0,0,0,0,1,1,0,0,0,0,1
0.1703,1200,893.908822926003,892.857142857144,0.35870742931549,0.150000000000006,1,1,1,1,0,0,0,0,1,1,0,0,0,0,1
0.1704,1200,894.005649159239,892.857142857144,0.358768857886919,0.200000000000003,1,1,1,1,0,0,0,0,1,1,0,0,0,0,1
0.1705,1200,894.102632612606,892.857142857144,0.358830286458348,0.25,1,1,1,1,0,0,0,0,1,1,0,0,0,0,1
0.1706,1200,894.199772893053,892.857142857144,0.358891715029776,0.299999999999997,1,1,1,1,0,0,0,0,1,1,0,0,0,0,1
0.1707,1200,894.297069608514,892.857142857144,0.358953143601205,0.350000000000009,1,1,1,1,0,0,0,0,1,1,0,0,0,0,1
0.1708,1200,894.394522367901,892.857142857144,0.359014572172633,0.400000000000006,0,1,1,1,0,0,0,0,1,0,0,0,0,0,1
0.1709,1200,894.492130781103,892.857142857144,0.359076000744062,0.450000000000003,0,1,1,1,0,0,0,0,1,0,0,0,0,0,1
0.171,1200,894.589894458987,892.857142857144,0.35913742931549,0.5,0,1,1,1,0,0,0,0,1,0,0,0,0,0,1
0.1711,1200,894.68781301339,892.857142857144,0.359198857886919,0.549999999999997,0,1,1,1,0,0,0,0,1,0,0,0,0,0,1
0.1712,1200,894.785886057122,892.857142857144,0.359260286458348,0.600000000000009,0,1,1,1,0,0,0,0,1,0,0,0,0,0,1
0.1713,1200,894.884113203958,892.857142857144,0.359321715029776,0.650000000000006,0,1,1,1,0,0,0,0,1,0,0,0,0,0,1
0.1714,1200,894.982494068642,892.857142857144,0.359383143601205,0.700000000000003,0,1,1,1,0,0,0,0,1,0,0,0,0,0,1
0.1715,1200,895.081028266878,892.857142857144,0.359444572172633,0.75,0,1,1,1,0,0,0,0,1,0,0,0,0,0,1
0.1716,1200,895.179715415333,892.857142857144,0.359506000744062,0.799999999999997,0,1,1,1,0,0,0,0,1,0,0,0,0,0,1
0.1717,1200,895.278555131631,892.857142857144,0.35956742931549,0.850000000000009,0,1,1,1,0,0,0,0,1,0,0,0,0,0,1
0.1718,1200,895.377547034353,892.857142857144,0.359628857886919,0.900000000000006,0,1,1,1,0,0,0,0,1,0,0,0,0,0,1
0.1719,1200,895.476690743032,892.857142857144,0.359690286458347,0.950000000000003,0,1,1,1,0,0,0,0,1,0,0,0,0,0,1
0.172,1200,895.575985878153,892.857142857144,0.359751715029776,0,1,2,3,0,1,0,0,0,1,0,1,0,0,0,1
0.1721,1200,895.675432061152,892.857142857144,0.359813143601205,0.0499999999999972,1,2,3,0,1,0,0,0,1,0,1,0,0,0,1
0.1722,1200,895.775028914407,892.857142857144,0.359874572172633,0.100000000000009,1,2,3,0,1,0,0,0,1,0,1,0,0,0,1
0.1723,1200,895.874776061243,892.857142857144,0.359936000744062,0.150000000000006,1,2,3,0,1,0,0,0,1,0,1,0,0,0,1
0.1724,1200,895.974673125926,892.857142857144,0.35999742931549,0.200000000000003,1,2,3,0,1,0,0,0,1,0,1,0,0,0,1
0.1725,1200,896.074719733662,892.857142857144,0.360058857886919,0.250000000000014,1,2,3,0,1,0,0,0,1,0,1,0,0,0,1
0.1726,1200,896.174915510593,892.857142857144,0.360120286458347,0.299999999999997,1,2,3,0,1,0,0,0,1,0,1,0,0,0,1
0.1727,1200,896.275260083795,892.857142857144,0.360181715029776,0.350000000000009,1,2,3,0,1,0,0,0,1,0,1,0,0,0,1
0.1728,1200,896.375753081279,892.857142857144,0.360243143601205,0.400000000000006,0,2,3,0,1,0,0,0,1,0,0,0,0,0,1
0.1729,1200,896.476394131984,892.857142857144,0.360304572172633,0.450000000000003,0,2,3,0,1,0,0,0,1,0,0,0,0,0,1
0.173,1200,896.577182865776,892.857142857144,0.360366000744062,0.500000000000014,0,2,3,0,1,0,0,0,1,0,0,0,0,0,1
0.1731,1200,896.678118913448,892.857142857144,0.36042742931549,0.549999999999997,0,2,3,0,1,0,0,0,1,0,0,0,0,0,1
0.1732,1200,896.779201906715,892.857142857144,0.360488857886919,0.600000000000009,0,2,3,0,1,0,0,0,1,0,0,0,0,0,1
0.1733,1200,896.880431478213,892.857142857144,0.360550286458347,0.650000000000006,0,2,3,0,1,0,0,0,1,0,0,0,0,0,1
0.1734,1200,896.981807261497,892.857142857144,0.360611715029776,0.700000000000003,0,2,3,0,1,0,0,0,1,0,0,0,0,0,1
0.1735,1200,897.083328891037,892.857142857144,0.360673143601205,0.750000000000014,0,2,3,0,1,0,0,0,1,0,0,0,0,0,1
0.1736,1200,897.184996002217,892.857142857144,0.360734572172633,0.799999999999997,0,2,3,0,1,0,0,0,1,0,0,0,0,0,1
0.1737,1200,897.286808231334,892.857142857144,0.360796000744062,0.850000000000009,0,2,3,0,1,0,0,0,1,0,0,0,0,0,1
0.1738,1200,897.388765215592,892.857142857144,0.36085742931549,0.900000000000006,0,2,3,0,1,0,0,0,1,0,0,0,0,0,1
0.1739,1200,897.490866593104,892.857142857144,0.360918857886919,0.950000000000003,0,2,3,0,1,0,0,0,1,0,0,0,0,0,1
0.174,1200,897.593112002886,892.857142857144,0.360980286458347,1.4210854715202e-14,1,2,3,0,1,0,0,0,1,0,1,0,0,0,1
0.1741,1200,897.695501084858,892.857142857144,0.361041715029776,0.0499999999999972,1,2,3,0,1,0,0,0,1,0,1,0,0,0,1
0.1742,1200,897.798033479839,892.857142857144,0.361103143601204,0.100000000000009,1,2,3,0,1,0,0,0,1,0,1,0,0,0,1
0.1743,1200,897.900708829548,892.857142857144,0.361164572172633,0.150000000000006,1,2,3,0,1,0,0,0,1,0,1,0,0,0,1
0.1744,1200,898.003526776596,892.857142857144,0.361226000744062,0.200000000000003,1,2,3,0,1,0,0,0,1,0,1,0,0,0,1
0.1745,1200,898.106486964491,892.857142857144,0.36128742931549,0.250000000000014,1,2,3,0,1,0,0,0,1,0,1,0,0,0,1
0.1746,1200,898.20958903763,892.857142857144,0.361348857886919,0.299999999999997,1,2,3,0,1,0,0,0,1,0,1,0,0,0,1
0.1747,1200,898.312832641301,892.857142857144,0.361410286458347,0.350000000000009,1,2,3,0,1,0,0,0,1,0,1,0,0,0,1
0.1748,1200,898.416217421677,892.857142857144,0.361471715029776,0.400000000000006,0,3,2,0,1,0,1,0,0,0,0,0,1,0,0
0.1749,1200,898.519743025816,892.857142857144,0.361533143601204,0.450000000000003,0,3,2,0,1,0,1,0,0,0,0,0,1,0,0
0.175,1200,898.62340910166,892.857142857144,0.361594572172633,0.500000000000014,0,3,2,0,1,0,1,0,0,0,0,0,1,0,0
0.1751,1200,898.727215298028,892.857142857144,0.361656000744062,0.549999999999997,0,3,2,0,1,0,1,0,0,0,0,0,1,0,0
0.1752,1200,898.831161264619,892.857142857144,0.36171742931549,0.599999999999994,0,3,2,0,1,0,1,0,0,0,0,0,1,0,0
0.1753,1200,898.935246652008,892.857142857144,0.361778857886919,0.650000000000006,0,3,2,0,1,0,1,0,0,0,0,0,1,0,0
0.1754,1200,899.039471111643,892.857142857144,0.361840286458347,0.700000000000003,0,3,2,0,1,0,1,0,0,0,0,0,1,0,0
0.1755,1200,899.143834295843,892.857142857144,0.361901715029776,0.750000000000014,0,3,2,0,1,0,1,0,0,0,0,0,1,0,0
0.1756,1200,899.248335857797,892.857142857144,0.361963143601204,0.799999999999997,0,3,2,0,1,0,1,0,0,0,0,0,1,0,0
0.1757,1200,899.35297545156,892.857142857144,0.362024572172633,0.849999999999994,0,3,2,0,1,0,1,0,0,0,0,0,1,0,0
0.1758,1200,899.457752732054,892.857142857144,0.362086000744061,0.900000000000006,0,3,2,0,1,0,1,0,0,0,0,0,1,0,0
0.1759,1200,899.56266735506,892.857142857144,0.36214742931549,0.950000000000003,0,3,2,0,1,0,1,0,0,0,0,0,1,0,0
0.176,1200,899.667718977223,892.857142857144,0.362208857886919,1.4210854715202e-14,1,3,2,0,1,0,1,0,0,0,1,0,1,0,0
0.1761,1200,899.772907256045,892.857142857144,0.362270286458347,0.0499999999999972,1,3,2,0,1,0,1,0,0,0,1,0,1,0,0
0.1762,1200,899.878231849884,892.857142857144,0.362331715029776,0.0999999999999943,1,3,2,0,1,0,1,0,0,0,1,0,1,0,0
0.1763,1200,899.983692417953,892.857142857144,0.362393143601204,0.150000000000006,1,3,2,0,1,0,1,0,0,0,1,0,1,0,0
0.1764,1200,900.089288620316,892.857142857144,0.362454572172633,0.200000000000003,1,3,2,0,1,0,1,0,0,0,1,0,1,0,0
0.1765,1200,900.195020117887,892.857142857144,0.362516000744061,0.250000000000014,1,3,2,0,1,0,1,0,0,0,1,0,1,0,0
0.1766,1200,900.300886572429,892.857142857144,0.36257742931549,0.299999999999997,1,3,2,0,1,0,1,0,0,0,1,0,1,0,0
0.1767,1200,900.406887646548,892.857142857144,0.362638857886919,0.349999999999994,1,3,2,0,1,0,1,0,0,0,1,0,1,0,0
0.1768,1200,900.513023003697,892.857142857144,0.362700286458347,0.400000000000006,0,3,2,0,1,0,1,0,0,0,0,0,1,0,0
0.1769,1200,900.619292308167,892.857142857144,0.362761715029776,0.450000000000003,0,3,2,0,1,0,1,0,0,0,0,0,1,0,0
0.177,1200,900.72569522509,892.857142857144,0.362823143601204,0.500000000000014,0,3,2,0,1,0,1,0,0,0,0,0,1,0,0
0.1771,1200,900.832231420435,892.857142857144,0.362884572172633,0.549999999999997,0,3,2,0,1,0,1,0,0,0,0,0,1,0,0
0.1772,1200,900.938900561006,892.857142857144,0.362946000744061,0.599999999999994,0,3,2,0,1,0,1,0,0,0,0,0,1,0,0
0.1773,1200,901.04570231444,892.857142857144,0.36300742931549,0.650000000000006,0,3,2,0,1,0,1,0,0,0,0,0,1,0,0
0.1774,1200,901.152636349205,892.857142857144,0.363068857886919,0.700000000000003,0,3,2,0,1,0,1,0,0,0,0,0,1,0,0
0.1775,1200,901.259702334597,892.857142857144,0.363130286458347,0.750000000000014,0,3,2,0,1,0,1,0,0,0,0,0,1,0,0
0.1776,1200,901.366899940739,892.857142857144,0.363191715029776,0.799999999999997,0,4,6,0,0,1,1,0,0,0,0,0,1,0,0
0.1777,1200,901.474228838581,892.857142857144,0.363253143601204,0.849999999999994,0,4,6,0,0,1,1,0,0,0,0,0,1,0,0
0.1778,1200,901.581688699892,892.857142857144,0.363314572172633,0.900000000000006,0,4,6,0,0,1,1,0,0,0,0,0,1,0,0
0.1779,1200,901.689279197265,892.857142857144,0.363376000744061,0.950000000000003,0,4,6,0,0,1,1,0,0,0,0,0,1,0,0
0.178,1200,901.797000004108,892.857142857144,0.36343742931549,1.4210854715202e-14,1,4,6,0,0,1,1,0,0,0,0,1,1,0,0
0.1781,1200,901.904850794648,892.857142857144,0.363498857886918,0.0499999999999972,1,4,6,0,0,1,1,0,0,0,0,1,1,0,0
0.1782,1200,902.012831243927,892.857142857144,0.363560286458347,0.0999999999999943,1,4,6,0,0,1,1,0,0,0,0,1,1,0,0
0.1783,1200,902.120941027796,892.857142857144,0.363621715029776,0.150000000000006,1,4,6,0,0,1,1,0,0,0,0,1,1,0,0
0.1784,1200,902.22917982292,892.857142857144,0.363683143601204,0.200000000000003,1,4,6,0,0,1,1,0,0,0,0,1,1,0,0
0.1785,1200,902.337547306771,892.857142857144,0.363744572172633,0.250000000000014,1,4,6,0,0,1,1,0,0,0,0,1,1,0,0
0.1786,1200,902.446043157626,892.857142857144,0.363806000744061,0.300000000000011,1,4,6,0,0,1,1,0,0,0,0,1,1,0,0
0.1787,1200,902.554667054568,892.857142857144,0.36386742931549,0.349999999999994,1,4,6,0,0,1,1,0,0,0,0,1,1,0,0
0.1788,1200,902.663418677483,892.857142857144,0.363928857886918,0.400000000000006,0,4,6,0,0,1,1,0,0,0,0,0,1,0,0
0.1789,1200,902.772297707054,892.857142857144,0.363990286458347,0.450000000000003,0,4,6,0,0,1,1,0,0,0,0,0,1,0,0
0.179,1200,902.881303824765,892.857142857144,0.364051715029776,0.500000000000014,0,4,6,0,0,1,1,0,0,0,0,0,1,0,0
0.1791,1200,902.990436712897,892.857142857144,0.364113143601204,0.550000000000011,0,4,6,0,0,1,1,0,0,0,0,0,1,0,0
0.1792,1200,903.099696054523,892.857142857144,0.364174572172633,0.599999999999994,0,4,6,0,0,1,1,0,0,0,0,0,1,0,0
0.1793,1200,903.209081533509,892.857142857144,0.364236000744061,0.650000000000006,0,4,6,0,0,1,1,0,0,0,0,0,1,0,0
0.1794,1200,903.318592834511,892.857142857144,0.36429742931549,0.700000000000003,0,4,6,0,0,1,1,0,0,0,0,0,1,0,0
0.1795,1200,903.428229642976,892.857142857144,0.364358857886918,0.750000000000014,0,4,6,0,0,1,1,0,0,0,0,0,1,0,0
0.1796,1200,903.537991645133,892.857142857144,0.364420286458347,0.800000000000011,0,4,6,0,0,1,1,0,0,0,0,0,1,0,0
0.1797,1200,903.647878528,892.857142857144,0.364481715029775,0.849999999999994,0,4,6,0,0,1,1,0,0,0,0,0,1,0,0
0.1798,1200,903.757889979373,892.857142857144,0.364543143601204,0.900000000000006,0,4,6,0,0,1,1,0,0,0,0,0,1,0,0
0.1799,1200,903.868025687833,892.857142857144,0.364604572172633,0.950000000000003,0,4,6,0,0,1,1,0,0,0,0,0,1,0,0
0.18,1200,903.978285342735,892.857142857144,0.364666000744061,1.4210854715202e-14,1,4,6,0,0,1,1,0,0,0,0,1,1,0,0
0.1801,1200,904.088668634215,892.857142857144,0.36472742931549,0.0500000000000114,1,4,6,0,0,1,1,0,0,0,0,1,1,0,0
0.1802,1200,904.19917525318,892.857142857144,0.364788857886918,0.0999999999999943,1,4,6,0,0,1,1,0,0,0,0,1,1,0,0
0.1803,1200,904.309804891312,925.925925925923,0.354923037781099,0.150000000000006,1,5,4,0,0,1,0,1,0,0,0,1,0,1,0
0.1804,1200,904.356030124661,925.925925925923,0.354977852595914,0.200000000000003,1,5,4,0,0,1,0,1,0,0,0,1,0,1,0
0.1805,1200,904.402496091222,925.925925925923,0.355032667410729,0.250000000000014,1,5,4,0,0,1,0,1,0,0,0,1,0,1,0
0.1806,1200,904.449202189164,925.925925925923,0.355087482225544,0.300000000000011,1,5,4,0,0,1,0,1,0,0,0,1,0,1,0
0.1807,1200,904.496147818157,925.925925925923,0.355142297040359,0.349999999999994,1,5,4,0,0,1,0,1,0,0,0,1,0,1,0
0.1808,1200,904.543332379374,925.925925925923,0.355197111855173,0.400000000000006,0,5,4,0,0,1,0,1,0,0,0,0,0,1,0
0.1809,1200,904.590755275484,925.925925925923,0.355251926669988,0.450000000000003,0,5,4,0,0,1,0,1,0,0,0,0,0,1,0
0.181,1200,904.638415910651,925.925925925923,0.355306741484803,0.500000000000014,0,5,4,0,0,1,0,1,0,0,0,0,0,1,0
0.1811,1200,904.686313690525,925.925925925923,0.355361556299618,0.550000000000011,0,5,4,0,0,1,0,1,0,0,0,0,0,1,0
0.1812,1200,904.734448022246,925.925925925923,0.355416371114433,0.599999999999994,0,5,4,0,0,1,0,1,0,0,0,0,0,1,0
0.1813,1200,904.782818314435,925.925925925923,0.355471185929248,0.650000000000006,0,5,4,0,0,1,0,1,0,0,0,0,0,1,0
0.1814,1200,904.831423977189,925.925925925923,0.355526000744062,0.700000000000003,0,5,4,0,0,1,0,1,0,0,0,0,0,1,0
0.1815,1200,904.880264422082,925.925925925923,0.355580815558877,0.750000000000014,0,5,4,0,0,1,0,1,0,0,0,0,0,1,0
0.1816,1200,904.92933906216,925.925925925923,0.355635630373692,0.800000000000011,0,5,4,0,0,1,0,1,0,0,0,0,0,1,0
0.1817,1200,904.978647311933,925.925925925923,0.355690445188507,0.849999999999994,0,5,4,0,0,1,0,1,0,0,0,0,0,1,0
0.1818,1200,905.028188587379,925.925925925923,0.355745260003322,0.900000000000006,0,5,4,0,0,1,0,1,0,0,0,0,0,1,0
0.1819,1200,905.077962305932,925.925925925923,0.355800074818136,0.950000000000003,0,5,4,0,0,1,0,1,0,0,0,0,0,1,0
0.182,1200,905.127967886485,925.925925925923,0.355854889632951,0,1,5,4,0,0,1,0,1,0,0,0,1,0,1,0
0.1821,1200,905.178204749383,925.925925925923,0.355909704447766,0.0500000000000114,1,5,4,0,0,1,0,1,0,0,0,1,0,1,0
0.1822,1200,905.22867231642,925.925925925923,0.355964519262581,0.0999999999999943,1,5,4,0,0,1,0,1,0,0,0,1,0,1,0
0.1823,1200,905.279370010835,925.925925925923,0.356019334077396,0.150000000000006,1,5,4,0,0,1,0,1,0,0,0,1,0,1,0
0.1824,1200,905.330297257311,925.925925925923,0.356074148892211,0.200000000000003,1,5,4,0,0,1,0,1,0,0,0,1,0,1,0
0.1825,1200,905.381453481968,925.925925925923,0.356128963707025,0.25,1,5,4,0,0,1,0,1,0,0,0,1,0,1,0
0.1826,1200,905.432838112358,925.925925925923,0.35618377852184,0.300000000000011,1,5,4,0,0,1,0,1,0,0,0,1,0,1,0
0.1827,1200,905.484450577469,925.925925925923,0.356238593336655,0.349999999999994,1,5,4,0,0,1,0,1,0,0,0,1,0,1,0
0.1828,1200,905.536290307714,925.925925925923,0.35629340815147,0.400000000000006,0,5,4,0,0,1,0,1,0,0,0,0,0,1,0
0.1829,1200,905.588356734929,925.925925925923,0.356348222966285,0.450000000000003,0,5,4,0,0,1,0,1,0,0,0,0,0,1,0
0.183,1200,905.640649292373,925.925925925923,0.356403037781099,0.5,0,5,4,0,0,1,0,1,0,0,0,0,0,1,0
0.1831,1200,905.693167414719,892.857142857144,0.366385101273162,0.550000000000011,0,0,5,1,0,0,0,1,0,0,0,0,0,1,0
0.1832,1200,905.810437654458,892.857142857144,0.36644652984459,0.599999999999994,0,0,5,1,0,0,0,1,0,0,0,0,0,1,0
0.1833,1200,905.927814004311,892.857142857144,0.366507958416019,0.650000000000006,0,0,5,1,0,0,0,1,0,0,0,0,0,1,0
0.1834,1200,906.045296199005,892.857142857144,0.366569386987448,0.700000000000003,0,0,5,1,0,0,0,1,0,0,0,0,0,1,0
0.1835,1200,906.162883973926,892.857142857144,0.366630815558876,0.75,0,0,5,1,0,0,0,1,0,0,0,0,0,1,0
0.1836,1200,906.280577065124,892.857142857144,0.366692244130305,0.800000000000011,0,0,5,1,0,0,0,1,0,0,0,0,0,1,0
0.1837,1200,906.398375209308,892.857142857144,0.366753672701733,0.849999999999994,0,0,5,1,0,0,0,1,0,0,0,0,0,1,0
0.1838,1200,906.516278143846,892.857142857144,0.366815101273162,0.900000000000006,0,0,5,1,0,0,0,1,0,0,0,0,0,1,0
0.1839,1200,906.634285606762,892.857142857144,0.36687652984459,0.950000000000003,0,0,5,1,0,0,0,1,0,0,0,0,0,1,0
0.184,1200,906.752397336735,892.857142857144,0.366937958416019,0,1,0,5,1,0,0,0,1,0,1,0,0,0,1,0
0.1841,1200,906.870613073097,892.857142857144,0.366999386987447,0.0500000000000114,1,0,5,1,0,0,0,1,0,1,0,0,0,1,0
0.1842,1200,906.988932555833,892.857142857144,0.367060815558876,0.0999999999999943,1,0,5,1,0,0,0,1,0,1,0,0,0,1,0
0.1843,1200,907.107355525576,892.857142857144,0.367122244130305,0.150000000000006,1,0,5,1,0,0,0,1,0,1,0,0,0,1,0
0.1844,1200,907.225881723609,892.857142857144,0.367183672701733,0.200000000000003,1,0,5,1,0,0,0,1,0,1,0,0,0,1,0
0.1845,1200,907.344510891861,892.857142857144,0.367245101273162,0.25,1,0,5,1,0,0,0,1,0,1,0,0,0,1,0
0.1846,1200,907.463242772907,892.857142857144,0.36730652984459,0.300000000000011,1,0,5,1,0,0,0,1,0,1,0,0,0,1,0
0.1847,1200,907.582077109964,892.857142857144,0.367367958416019,0.350000000000009,1,0,5,1,0,0,0,1,0,1,0,0,0,1,0
0.1848,1200,907.701013646894,892.857142857144,0.367429386987447,0.400000000000006,0,0,5,1,0,0,0,1,0,0,0,0,0,1,0
0.1849,1200,907.820052128195,892.857142857144,0.367490815558876,0.450000000000003,0,0,5,1,0,0,0,1,0,0,0,0,0,1,0
0.185,1200,907.939192299007,892.857142857144,0.367552244130305,0.5,0,0,5,1,0,0,0,1,0,0,0,0,0,1,0
0.1851,1200,908.058433905106,892.857142857144,0.367613672701733,0.550000000000011,0,0,5,1,0,0,0,1,0,0,0,0,0,1,0
0.1852,1200,908.177776692905,892.857142857144,0.367675101273162,0.600000000000009,0,0,5,1,0,0,0,1,0,0,0,0,0,1,0
0.1853,1200,908.297220409448,892.857142857144,0.36773652984459,0.650000000000006,0,0,5,1,0,0,0,1,0,0,0,0,0,1,0
0.1854,1200,908.416764802414,892.857142857144,0.367797958416019,0.700000000000003,0,0,5,1,0,0,0,1,0,0,0,0,0,1,0
0.1855,1200,908.536409620112,892.857142857144,0.367859386987447,0.75,0,0,5,1,0,0,0,1,0,0,0,0,0,1,0
0.1856,1200,908.656154611481,892.857142857144,0.367920815558876,0.800000000000011,0,0,5,1,0,0,0,1,0,0,0,0,0,1,0
0.1857,1200,908.775999526085,892.857142857144,0.367982244130304,0.850000000000009,0,0,5,1,0,0,0,1,0,0,0,0,0,1,0
0.1858,1200,908.895944114116,892.857142857144,0.368043672701733,0.900000000000006,0,0,5,1,0,0,0,1,0,0,0,0,0,1,0
0.1859,1200,909.015988126392,892.857142857144,0.368105101273162,0.950000000000003,0,1,1,1,0,0,0,0,1,0,0,0,0,0,1
0.186,1200,909.136131314352,892.857142857144,0.36816652984459,0,1,1,1,1,0,0,0,0,1,1,0,0,0,0,1
0.1861,1200,909.256373430056,892.857142857144,0.368227958416019,0.0500000000000114,1,1,1,1,0,0,0,0,1,1,0,0,0,0,1
0.1862,1200,909.376714226185,892.857142857144,0.368289386987447,0.100000000000009,1,1,1,1,0,0,0,0,1,1,0,0,0,0,1
0.1863,1200,909.497153456038,892.857142857144,0.368350815558876,0.150000000000006,1,1,1,1,0,0,0,0,1,1,0,0,0,0,1
0.1864,1200,909.61769087353,892.857142857144,0.368412244130304,0.200000000000003,1,1,1,1,0,0,0,0,1,1,0,0,0,0,1
0.1865,1200,909.738326233194,892.857142857144,0.368473672701733,0.25,1,1,1,1,0,0,0,0,1,1,0,0,0,0,1
0.1866,1200,909.859059290172,892.857142857144,0.368535101273162,0.300000000000011,1,1,1,1,0,0,0,0,1,1,0,0,0,0,1
0.1867,1200,909.979889800222,892.857142857144,0.36859652984459,0.350000000000009,1,1,1,1,0,0,0,0,1,1,0,0,0,0,1
0.1868,1200,910.100817519711,892.857142857144,0.368657958416019,0.400000000000006,0,1,1,1,0,0,0,0,1,0,0,0,0,0,1
0.1869,1200,910.221842205616,892.857142857144,0.368719386987447,0.450000000000003,0,1,1,1,0,0,0,0,1,0,0,0,0,0,1
0.187,1200,910.342963615521,892.857142857144,0.368780815558876,0.5,0,1,1,1,0,0,0,0,1,0,0,0,0,0,1
0.1871,1200,910.464181507615,892.857142857144,0.368842244130304,0.550000000000011,0,1,1,1,0,0,0,0,1,0,0,0,0,0,1
0.1872,1200,910.585495640692,892.857142857144,0.368903672701733,0.600000000000009,0,1,1,1,0,0,0,0,1,0,0,0,0,0,1
0.1873,1200,910.706905774152,892.857142857144,0.368965101273162,0.650000000000006,0,1,1,1,0,0,0,0,1,0,0,0,0,0,1
0.1874,1200,910.828411667992,892.857142857144,0.36902652984459,0.700000000000003,0,1,1,1,0,0,0,0,1,0,0,0,0,0,1
0.1875,1200,910.950013082812,892.857142857144,0.369087958416019,0.75,0,1,1,1,0,0,0,0,1,0,0,0,0,0,1
0.1876,1200,911.071709779809,892.857142857144,0.369149386987447,0.800000000000011,0,1,1,1,0,0,0,0,1,0,0,0,0,0,1
0.1877,1200,911.193501520778,892.857142857144,0.369210815558876,0.850000000000009,0,1,1,1,0,0,0,0,1,0,0,0,0,0,1
0.1878,1200,911.315388068109,892.857142857144,0.369272244130304,0.900000000000006,0,1,1,1,0,0,0,0,1,0,0,0,0,0,1
0.1879,1200,911.437369184786,892.857142857144,0.369333672701733,0.950000000000003,0,1,1,1,0,0,0,0,1,0,0,0,0,0,1
0.188,1200,911.559444634385,892.857142857144,0.369395101273161,0,1,1,1,1,0,0,0,0,1,1,0,0,0,0,1
0.1881,1200,911.681614181074,892.857142857144,0.36945652984459,0.0500000000000114,1,1,1,1,0,0,0,0,1,1,0,0,0,0,1
0.1882,1200,911.803877589612,892.857142857144,0.369517958416019,0.100000000000009,1,1,1,1,0,0,0,0,1,1,0,0,0,0,1
0.1883,1200,911.926234625342,892.857142857144,0.369579386987447,0.149999999999991,1,1,1,1,0,0,0,0,1,1,0,0,0,0,1
0.1884,1200,912.048685054197,892.857142857144,0.369640815558876,0.200000000000003,1,1,1,1,0,0,0,0,1,1,0,0,0,0,1
0.1885,1200,912.171228642694,892.857142857144,0.369702244130304,0.25,1,1,1,1,0,0,0,0,1,1,0,0,0,0,1
0.1886,1200,912.293865157934,925.925925925923,0.359836424024485,0.300000000000011,1,2,3,0,1,0,0,0,1,0,1,0,0,0,1
0.1887,1200,912.352067251199,925.925925925923,0.3598912388393,0.350000000000009,1,2,3,0,1,0,0,0,1,0,1,0,0,0,1
0.1888,1200,912.410480135526,925.925925925923,0.359946053654115,0.399999999999991,0,2,3,0,1,0,0,0,1,0,0,0,0,0,1
0.1889,1200,912.469103283939,925.925925925923,0.36000086846893,0.450000000000003,0,2,3,0,1,0,0,0,1,0,0,0,0,0,1
0.189,1200,912.527936170777,925.925925925923,0.360055683283745,0.5,0,2,3,0,1,0,0,0,1,0,0,0,0,0,1
0.1891,1200,912.586978271695,925.925925925923,0.360110498098559,0.550000000000011,0,2,3,0,1,0,0,0,1,0,0,0,0,0,1
0.1892,1200,912.646229063656,925.925925925923,0.360165312913374,0.600000000000009,0,2,3,0,1,0,0,0,1,0,0,0,0,0,1
0.1893,1200,912.705688024934,925.925925925923,0.360220127728189,0.649999999999991,0,2,3,0,1,0,0,0,1,0,0,0,0,0,1
0.1894,1200,912.765354635105,925.925925925923,0.360274942543004,0.700000000000003,0,2,3,0,1,0,0,0,1,0,0,0,0,0,1
0.1895,1200,912.825228375046,925.925925925923,0.360329757357819,0.75,0,2,3,0,1,0,0,0,1,0,0,0,0,0,1
0.1896,1200,912.885308726935,925.925925925923,0.360384572172633,0.800000000000011,0,2,3,0,1,0,0,0,1,0,0,0,0,0,1
0.1897,1200,912.945595174239,925.925925925923,0.360439386987448,0.850000000000009,0,2,3,0,1,0,0,0,1,0,0,0,0,0,1
0.1898,1200,913.006087201722,925.925925925923,0.360494201802263,0.899999999999991,0,2,3,0,1,0,0,0,1,0,0,0,0,0,1
0.1899,1200,913.066784295433,925.925925925923,0.360549016617078,0.950000000000003,0,2,3,0,1,0,0,0,1,0,0,0,0,0,1
0.19,1200,913.127685942705,925.925925925923,0.360603831431893,0,1,2,3,0,1,0,0,0,1,0,1,0,0,0,1
0.1901,1200,913.188791632156,925.925925925923,0.360658646246708,0.0500000000000114,1,2,3,0,1,0,0,0,1,0,1,0,0,0,1
0.1902,1200,913.250100853679,925.925925925923,0.360713461061522,0.100000000000009,1,2,3,0,1,0,0,0,1,0,1,0,0,0,1
0.1903,1200,913.311613098444,925.925925925923,0.360768275876337,0.149999999999991,1,2,3,0,1,0,0,0,1,0,1,0,0,0,1
0.1904,1200,913.373327858895,925.925925925923,0.360823090691152,0.200000000000003,1,2,3,0,1,0,0,0,1,0,1,0,0,0,1
0.1905,1200,913.43524462874,925.925925925923,0.360877905505967,0.25,1,2,3,0,1,0,0,0,1,0,1,0,0,0,1
0.1906,1200,913.497362902957,925.925925925923,0.360932720320782,0.300000000000011,1,2,3,0,1,0,0,0,1,0,1,0,0,0,1
0.1907,1200,913.559682177784,925.925925925923,0.360987535135596,0.350000000000009,1,2,3,0,1,0,0,0,1,0,1,0,0,0,1
0.1908,1200,913.622201950721,925.925925925923,0.361042349950411,0.400000000000006,0,2,3,0,1,0,0,0,1,0,0,0,0,0,1
0.1909,1200,913.684921720522,925.925925925923,0.361097164765226,0.450000000000003,0,2,3,0,1,0,0,0,1,0,0,0,0,0,1
0.191,1200,913.747840987195,925.925925925923,0.361151979580041,0.5,0,2,3,0,1,0,0,0,1,0,0,0,0,0,1
0.1911,1200,913.810959251997,925.925925925923,0.361206794394856,0.550000000000011,0,2,3,0,1,0,0,0,1,0,0,0,0,0,1
0.1912,1200,913.874276017434,925.925925925923,0.361261609209671,0.600000000000009,0,2,3,0,1,0,0,0,1,0,0,0,0,0,1
0.1913,1200,913.937790787253,925.925925925933,0.361316424024483,0.650000000000006,0,3,2,0,1,0,1,0,0,0,0,0,1,0,0
0.1914,1200,914.001503066444,925.925925925933,0.361371238839297,0.700000000000003,0,3,2,0,1,0,1,0,0,0,0,0,1,0,0
0.1915,1200,914.065412361233,925.925925925933,0.361426053654112,0.75,0,3,2,0,1,0,1,0,0,0,0,0,1,0,0
0.1916,1200,914.129518179082,925.925925925933,0.361480868468927,0.800000000000011,0,3,2,0,1,0,1,0,0,0,0,0,1,0,0
0.1917,1200,914.193820028682,925.925925925933,0.361535683283742,0.850000000000009,0,3,2,0,1,0,1,0,0,0,0,0,1,0,0
0.1918,1200,914.258317419955,925.925925925933,0.361590498098557,0.900000000000006,0,3,2,0,1,0,1,0,0,0,0,0,1,0,0
0.1919,1200,914.323009864045,925.925925925933,0.361645312913371,0.950000000000003,0,3,2,0,1,0,1,0,0,0,0,0,1,0,0
0.192,1200,914.387896873322,925.925925925933,0.361700127728186,0,1,3,2,0,1,0,1,0,0,0,1,0,1,0,0
0.1921,1200,914.452977961372,925.925925925933,0.361754942543001,0.0500000000000114,1,3,2,0,1,0,1,0,0,0,1,0,1,0,0
0.1922,1200,914.518252642998,925.925925925933,0.361809757357816,0.100000000000009,1,3,2,0,1,0,1,0,0,0,1,0,1,0,0
0.1923,1200,914.583720434217,925.925925925933,0.361864572172631,0.150000000000006,1,3,2,0,1,0,1,0,0,0,1,0,1,0,0
0.1924,1200,914.649380852253,925.925925925933,0.361919386987446,0.200000000000003,1,3,2,0,1,0,1,0,0,0,1,0,1,0,0
0.1925,1200,914.715233415541,925.925925925933,0.36197420180226,0.25,1,3,2,0,1,0,1,0,0,0,1,0,1,0,0
0.1926,1200,914.781277643717,925.925925925933,0.362029016617075,0.300000000000011,1,3,2,0,1,0,1,0,0,0,1,0,1,0,0
0.1927,1200,914.847513057618,925.925925925933,0.36208383143189,0.350000000000009,1,3,2,0,1,0,1,0,0,0,1,0,1,0,0
0.1928,1200,914.913939179282,925.925925925933,0.362138646246705,0.400000000000006,0,3,2,0,1,0,1,0,0,0,0,0,1,0,0
0.1929,1200,914.980555531937,925.925925925933,0.36219346106152,0.450000000000003,0,3,2,0,1,0,1,0,0,0,0,0,1,0,0
0.193,1200,915.047361640007,925.925925925933,0.362248275876334,0.5,0,3,2,0,1,0,1,0,0,0,0,0,1,0,0
0.1931,1200,915.114357029103,925.925925925933,0.362303090691149,0.550000000000011,0,3,2,0,1,0,1,0,0,0,0,0,1,0,0
0.1932,1200,915.181541226023,925.925925925933,0.362357905505964,0.600000000000009,0,3,2,0,1,0,1,0,0,0,0,0,1,0,0
0.1933,1200,915.248913758747,925.925925925933,0.362412720320779,0.650000000000006,0,3,2,0,1,0,1,0,0,0,0,0,1,0,0
0.1934,1200,915.316474156435,925.925925925933,0.362467535135594,0.700000000000003,0,3,2,0,1,0,1,0,0,0,0,0,1,0,0
0.1935,1200,915.384221949425,925.925925925933,0.362522349950409,0.75,0,3,2,0,1,0,1,0,0,0,0,0,1,0,0
0.1936,1200,915.452156669229,925.925925925933,0.362577164765223,0.800000000000011,0,3,2,0,1,0,1,0,0,0,0,0,1,0,0
0.1937,1200,915.52027784853,925.925925925933,0.362631979580038,0.850000000000009,0,3,2,0,1,0,1,0,0,0,0,0,1,0,0
0.1938,1200,915.588585021179,925.925925925933,0.362686794394853,0.900000000000006,0,3,2,0,1,0,1,0,0,0,0,0,1,0,0
0.1939,1200,915.657077722193,925.925925925933,0.362741609209668,0.950000000000003,0,3,2,0,1,0,1,0,0,0,0,0,1,0,0
0.194,1200,915.72575548775,925.925925925933,0.362796424024483,0,1,3,2,0,1,0,1,0,0,0,1,0,1,0,0
0.1941,1200,915.79461785519,892.857142857135,0.372778487516551,0.0500000000000114,1,4,6,0,0,1,1,0,0,0,0,1,1,0,0
0.1942,1200,915.92819147941,892.857142857135,0.372839916087979,0.100000000000009,1,4,6,0,0,1,1,0,0,0,0,1,1,0,0
0.1943,1200,916.061830455283,892.857142857135,0.372901344659408,0.150000000000006,1,4,6,0,0,1,1,0,0,0,0,1,1,0,0
0.1944,1200,916.195534619431,892.857142857135,0.372962773230836,0.200000000000003,1,4,6,0,0,1,1,0,0,0,0,1,1,0,0
0.1945,1200,916.329303808883,892.857142857135,0.373024201802265,0.25,1,4,6,0,0,1,1,0,0,0,0,1,1,0,0
0.1946,1200,916.463137861075,892.857142857135,0.373085630373693,0.300000000000011,1,4,6,0,0,1,1,0,0,0,0,1,1,0,0
0.1947,1200,916.597036613852,892.857142857135,0.373147058945122,0.350000000000009,1,4,6,0,0,1,1,0,0,0,0,1,1,0,0
0.1948,1200,916.73099990546,892.857142857135,0.37320848751655,0.400000000000006,0,4,6,0,0,1,1,0,0,0,0,0,1,0,0
0.1949,1200,916.865027574554,892.857142857135,0.373269916087979,0.450000000000003,0,4,6,0,0,1,1,0,0,0,0,0,1,0,0
0.195,1200,916.99911946019,892.857142857135,0.373331344659408,0.5,0,4,6,0,0,1,1,0,0,0,0,0,1,0,0
0.1951,1200,917.133275401825,892.857142857135,0.373392773230836,0.549999999999997,0,4,6,0,0,1,1,0,0,0,0,0,1,0,0
0.1952,1200,917.267495239321,892.857142857135,0.373454201802265,0.600000000000009,0,4,6,0,0,1,1,0,0,0,0,0,1,0,0
0.1953,1200,917.401778812938,892.857142857135,0.373515630373693,0.650000000000006,0,4,6,0,0,1,1,0,0,0,0,0,1,0,0
0.1954,1200,917.536125963334,892.857142857135,0.373577058945122,0.700000000000003,0,4,6,0,0,1,1,0,0,0,0,0,1,0,0
0.1955,1200,917.670536531569,892.857142857135,0.37363848751655,0.75,0,4,6,0,0,1,1,0,0,0,0,0,1,0,0
0.1956,1200,917.805010359098,892.857142857135,0.373699916087979,0.799999999999997,0,4,6,0,0,1,1,0,0,0,0,0,1,0,0
0.1957,1200,917.939547287772,892.857142857135,0.373761344659408,0.850000000000009,0,4,6,0,0,1,1,0,0,0,0,0,1,0,0
0.1958,1200,918.074147159839,892.857142857135,0.373822773230836,0.900000000000006,0,4,6,0,0,1,1,0,0,0,0,0,1,0,0
0.1959,1200,918.20880981794,892.857142857135,0.373884201802265,0.950000000000003,0,4,6,0,0,1,1,0,0,0,0,0,1,0,0
0.196,1200,918.343535105109,892.857142857135,0.373945630373693,0,1,4,6,0,0,1,1,0,0,0,0,1,1,0,0
0.1961,1200,918.478322864776,892.857142857135,0.374007058945122,0.0499999999999972,1,4,6,0,0,1,1,0,0,0,0,1,1,0,0
0.1962,1200,918.613172940757,892.857142857135,0.37406848751655,0.100000000000009,1,4,6,0,0,1,1,0,0,0,0,1,1,0,0
0.1963,1200,918.748085177263,892.857142857135,0.374129916087979,0.150000000000006,1,4,6,0,0,1,1,0,0,0,0,1,1,0,0
0.1964,1200,918.883059418891,892.857142857135,0.374191344659408,0.200000000000003,1,4,6,0,0,1,1,0,0,0,0,1,1,0,0
0.1965,1200,919.01809551063,892.857142857135,0.374252773230836,0.25,1,4,6,0,0,1,1,0,0,0,0,1,1,0,0
0.1966,1200,919.153193297854,892.857142857135,0.374314201802265,0.299999999999997,1,4,6,0,0,1,1,0,0,0,0,1,1,0,0
0.1967,1200,919.288352626324,892.857142857135,0.374375630373693,0.350000000000009,1,4,6,0,0,1,1,0,0,0,0,1,1,0,0
0.1968,1200,919.423573342188,925.925925925933,0.364509810267869,0.400000000000006,0,5,4,0,0,1,0,1,0,0,0,0,0,1,0
0.1969,1200,919.494328175573,925.925925925933,0.364564625082684,0.450000000000003,0,5,4,0,0,1,0,1,0,0,0,0,0,1,0
0.197,1200,919.565262418172,925.925925925933,0.364619439897498,0.5,0,5,4,0,0,1,0,1,0,0,0,0,0,1,0
0.1971,1200,919.63637562146,925.925925925933,0.364674254712313,0.549999999999997,0,5,4,0,0,1,0,1,0,0,0,0,0,1,0
0.1972,1200,919.707667338036,925.925925925933,0.364729069527128,0.600000000000009,0,5,4,0,0,1,0,1,0,0,0,0,0,1,0
0.1973,1200,919.779137121618,925.925925925933,0.364783884341943,0.650000000000006,0,5,4,0,0,1,0,1,0,0,0,0,0,1,0
0.1974,1200,919.850784527036,925.925925925933,0.364838699156758,0.700000000000017,0,5,4,0,0,1,0,1,0,0,0,0,0,1,0
0.1975,1200,919.922609110238,925.925925925933,0.364893513971572,0.75,0,5,4,0,0,1,0,1,0,0,0,0,0,1,0
0.1976,1200,919.994610428277,925.925925925933,0.364948328786387,0.799999999999997,0,5,4,0,0,1,0,1,0,0,0,0,0,1,0
0.1977,1200,920.066788039318,925.925925925933,0.365003143601202,0.850000000000009,0,5,4,0,0,1,0,1,0,0,0,0,0,1,0
0.1978,1200,920.139141502627,925.925925925933,0.365057958416017,0.900000000000006,0,5,4,0,0,1,0,1,0,0,0,0,0,1,0
0.1979,1200,920.211670378575,925.925925925933,0.365112773230832,0.950000000000017,0,5,4,0,0,1,0,1,0,0,0,0,0,1,0
0.198,1200,920.284374228629,925.925925925933,0.365167588045647,0,1,5,4,0,0,1,0,1,0,0,0,1,0,1,0
0.1981,1200,920.357252615354,925.925925925933,0.365222402860461,0.0499999999999972,1,5,4,0,0,1,0,1,0,0,0,1,0,1,0
0.1982,1200,920.430305102409,925.925925925933,0.365277217675276,0.100000000000009,1,5,4,0,0,1,0,1,0,0,0,1,0,1,0
0.1983,1200,920.503531254542,925.925925925933,0.365332032490091,0.150000000000006,1,5,4,0,0,1,0,1,0,0,0,1,0,1,0
0.1984,1200,920.576930637591,925.925925925933,0.365386847304906,0.200000000000017,1,5,4,0,0,1,0,1,0,0,0,1,0,1,0
0.1985,1200,920.650502818479,925.925925925933,0.365441662119721,0.25,1,5,4,0,0,1,0,1,0,0,0,1,0,1,0
0.1986,1200,920.724247365211,925.925925925933,0.365496476934535,0.299999999999997,1,5,4,0,0,1,0,1,0,0,0,1,0,1,0
0.1987,1200,920.798163846873,925.925925925933,0.36555129174935,0.350000000000009,1,5,4,0,0,1,0,1,0,0,0,1,0,1,0
0.1988,1200,920.872251833626,925.925925925933,0.365606106564165,0.400000000000006,0,5,4,0,0,1,0,1,0,0,0,0,0,1,0
0.1989,1200,920.946510896709,925.925925925933,0.36566092137898,0.450000000000017,0,5,4,0,0,1,0,1,0,0,0,0,0,1,0
0.199,1200,921.020940608431,925.925925925933,0.365715736193795,0.5,0,5,4,0,0,1,0,1,0,0,0,0,0,1,0
0.1991,1200,921.095540542169,925.925925925933,0.36577055100861,0.549999999999997,0,5,4,0,0,1,0,1,0,0,0,0,0,1,0
0.1992,1200,921.17031027237,925.925925925933,0.365825365823424,0.600000000000009,0,5,4,0,0,1,0,1,0,0,0,0,0,1,0
0.1993,1200,921.245249374541,925.925925925933,0.365880180638239,0.650000000000006,0,5,4,0,0,1,0,1,0,0,0,0,0,1,0
0.1994,1200,921.320357425253,925.925925925933,0.365934995453054,0.700000000000017,0,5,4,0,0,1,0,1,0,0,0,0,0,1,0
0.1995,1200,921.395634002135,925.925925925923,0.365989810267872,0.75,0,0,5,1,0,0,0,1,0,0,0,0,0,1,0
0.1996,1200,921.471078683871,925.925925925923,0.366044625082686,0.799999999999997,0,0,5,1,0,0,0,1,0,0,0,0,0,1,0
0.1997,1200,921.546691050199,925.925925925923,0.366099439897501,0.850000000000009,0,0,5,1,0,0,0,1,0,0,0,0,0,1,0
0.1998,1200,921.622470681907,925.925925925923,0.366154254712316,0.900000000000006,0,0,5,1,0,0,0,1,0,0,0,0,0,1,0
0.1999,1200,921.698417160832,925.925925925923,0.366209069527131,0.950000000000017,0,0,5,1,0,0,0,1,0,0,0,0,0,1,0
0.2,1200,921.774530069856,925.925925925923,0.366263884341946,0,1,0,5,1,0,0,0,1,0,1,0,0,0,1,0
0.2001,1200,921.850808992904,925.925925925923,0.366318699156761,0.0499999999999972,1,0,5,1,0,0,0,1,0,1,0,0,0,1,0
0.2002,1200,921.927253514941,925.925925925923,0.366373513971575,0.100000000000009,1,0,5,1,0,0,0,1,0,1,0,0,0,1,0
0.2003,1200,922.003863221969,925.925925925923,0.36642832878639,0.150000000000006,1,0,5,1,0,0,0,1,0,1,0,0,0,1,0
0.2004,1200,922.080637701026,925.925925925923,0.366483143601205,0.200000000000017,1,0,5,1,0,0,0,1,0,1,0,0,0,1,0
0.2005,1200,922.157576540181,925.925925925923,0.36653795841602,0.25,1,0,5,1,0,0,0,1,0,1,0,0,0,1,0
0.2006,1200,922.234679328535,925.925925925923,0.366592773230835,0.299999999999997,1,0,5,1,0,0,0,1,0,1,0,0,0,1,0
0.2007,1200,922.311945656214,925.925925925923,0.366647588045649,0.350000000000009,1,0,5,1,0,0,0,1,0,1,0,0,0,1,0
0.2008,1200,922.38937511437,925.925925925923,0.366702402860464,0.400000000000006,0,0,5,1,0,0,0,1,0,0,0,0,0,1,0
0.2009,1200,922.466967295177,925.925925925923,0.366757217675279,0.450000000000017,0,0,5,1,0,0,0,1,0,0,0,0,0,1,0
0.201,1200,922.544721791828,925.925925925923,0.366812032490094,0.5,0,0,5,1,0,0,0,1,0,0,0,0,0,1,0
0.2011,1200,922.622638198534,925.925925925923,0.366866847304909,0.549999999999997,0,0,5,1,0,0,0,1,0,0,0,0,0,1,0
0.2012,1200,922.70071611052,925.925925925923,0.366921662119724,0.600000000000009,0,0,5,1,0,0,0,1,0,0,0,0,0,1,0
0.2013,1200,922.778955124022,925.925925925923,0.366976476934538,0.650000000000006,0,0,5,1,0,0,0,1,0,0,0,0,0,1,0
0.2014,1200,922.857354836286,925.925925925923,0.367031291749353,0.700000000000017,0,0,5,1,0,0,0,1,0,0,0,0,0,1,0
0.2015,1200,922.935914845566,925.925925925923,0.367086106564168,0.75,0,0,5,1,0,0,0,1,0,0,0,0,0,1,0
0.2016,1200,923.01463475112,925.925925925923,0.367140921378983,0.799999999999997,0,0,5,1,0,0,0,1,0,0,0,0,0,1,0
0.2017,1200,923.093514153205,925.925925925923,0.367195736193798,0.850000000000009,0,0,5,1,0,0,0,1,0,0,0,0,0,1,0
0.2018,1200,923.172552653082,925.925925925923,0.367250551008612,0.900000000000006,0,0,5,1,0,0,0,1,0,0,0,0,0,1,0
0.2019,1200,923.251749853005,925.925925925923,0.367305365823427,0.950000000000003,0,0,5,1,0,0,0,1,0,0,0,0,0,1,0
0.202,1200,923.331105356225,925.925925925923,0.367360180638242,0,1,0,5,1,0,0,0,1,0,1,0,0,0,1,0
0.2021,1200,923.410618766983,925.925925925923,0.367414995453057,0.0499999999999972,1,0,5,1,0,0,0,1,0,1,0,0,0,1,0
0.2022,1200,923.49028969051,925.925925925923,0.367469810267872,0.100000000000009,1,1,1,1,0,0,0,0,1,1,0,0,0,0,1
0.2023,1200,923.570117733025,925.925925925923,0.367524625082687,0.150000000000006,1,1,1,1,0,0,0,0,1,1,0,0,0,0,1
0.2024,1200,923.65010250173,925.925925925923,0.367579439897501,0.200000000000003,1,1,1,1,0,0,0,0,1,1,0,0,0,0,1
0.2025,1200,923.73024360481,925.925925925923,0.367634254712316,0.25,1,1,1,1,0,0,0,0,1,1,0,0,0,0,1
0.2026,1200,923.810540651428,925.925925925923,0.367689069527131,0.299999999999997,1,1,1,1,0,0,0,0,1,1,0,0,0,0,1
0.2027,1200,923.890993251725,925.925925925923,0.367743884341946,0.350000000000009,1,1,1,1,0,0,0,0,1,1,0,0,0,0,1
0.2028,1200,923.971601016819,925.925925925923,0.367798699156761,0.400000000000006,0,1,1,1,0,0,0,0,1,0,0,0,0,0,1
0.2029,1200,924.052363558796,925.925925925923,0.367853513971576,0.450000000000003,0,1,1,1,0,0,0,0,1,0,0,0,0,0,1
0.203,1200,924.133280490714,925.925925925923,0.36790832878639,0.5,0,1,1,1,0,0,0,0,1,0,0,0,0,0,1
0.2031,1200,924.214351426599,925.925925925923,0.367963143601205,0.549999999999997,0,1,1,1,0,0,0,0,1,0,0,0,0,0,1
0.2032,1200,924.29557598144,925.925925925923,0.36801795841602,0.600000000000009,0,1,1,1,0,0,0,0,1,0,0,0,0,0,1
0.2033,1200,924.376953771191,925.925925925923,0.368072773230835,0.650000000000006,0,1,1,1,0,0,0,0,1,0,0,0,0,0,1
0.2034,1200,924.458484412763,925.925925925923,0.36812758804565,0.700000000000003,0,1,1,1,0,0,0,0,1,0,0,0,0,0,1
0.2035,1200,924.540167524028,925.925925925923,0.368182402860464,0.75,0,1,1,1,0,0,0,0,1,0,0,0,0,0,1
0.2036,1200,924.622002723811,925.925925925923,0.368237217675279,0.799999999999997,0,1,1,1,0,0,0,0,1,0,0,0,0,0,1
0.2037,1200,924.703989631891,925.925925925923,0.368292032490094,0.850000000000009,0,1,1,1,0,0,0,0,1,0,0,0,0,0,1
0.2038,1200,924.786127868997,925.925925925923,0.368346847304909,0.900000000000006,0,1,1,1,0,0,0,0,1,0,0,0,0,0,1
0.2039,1200,924.868417056806,925.925925925923,0.368401662119724,0.950000000000003,0,1,1,1,0,0,0,0,1,0,0,0,0,0,1
0.204,1200,924.950856817942,925.925925925923,0.368456476934538,1.4210854715202e-14,1,1,1,1,0,0,0,0,1,1,0,0,0,0,1
0.2041,1200,925.033446775972,925.925925925923,0.368511291749353,0.0499999999999972,1,1,1,1,0,0,0,0,1,1,0,0,0,0,1
0.2042,1200,925.116186555403,925.925925925923,0.368566106564168,0.100000000000009,1,1,1,1,0,0,0,0,1,1,0,0,0,0,1
0.2043,1200,925.199075781681,925.925925925923,0.368620921378983,0.150000000000006,1,1,1,1,0,0,0,0,1,1,0,0,0,0,1
0.2044,1200,925.282114081191,925.925925925923,0.368675736193798,0.200000000000003,1,1,1,1,0,0,0,0,1,1,0,0,0,0,1
0.2045,1200,925.365301081247,925.925925925923,0.368730551008613,0.250000000000014,1,1,1,1,0,0,0,0,1,1,0,0,0,0,1
0.2046,1200,925.4486364101,925.925925925923,0.368785365823427,0.299999999999997,1,1,1,1,0,0,0,0,1,1,0,0,0,0,1
0.2047,1200,925.532119696927,925.925925925923,0.368840180638242,0.350000000000009,1,1,1,1,0,0,0,0,1,1,0,0,0,0,1
0.2048,1200,925.615750571833,925.925925925923,0.368894995453057,0.400000000000006,0,1,1,1,0,0,0,0,1,0,0,0,0,0,1
0.2049,1200,925.699528665849,925.925925925933,0.368949810267869,0.450000000000003,0,2,3,0,1,0,0,0,1,0,0,0,0,0,1
0.205,1200,925.783453610925,925.925925925933,0.369004625082684,0.500000000000014,0,2,3,0,1,0,0,0,1,0,0,0,0,0,1
0.2051,1200,925.867525039935,925.925925925933,0.369059439897499,0.549999999999997,0,2,3,0,1,0,0,0,1,0,0,0,0,0,1
0.2052,1200,925.951742586669,925.925925925933,0.369114254712313,0.600000000000009,0,2,3,0,1,0,0,0,1,0,0,0,0,0,1
0.2053,1200,926.036105885833,925.925925925933,0.369169069527128,0.650000000000006,0,2,3,0,1,0,0,0,1,0,0,0,0,0,1
0.2054,1200,926.120614573044,925.925925925933,0.369223884341943,0.700000000000003,0,2,3,0,1,0,0,0,1,0,0,0,0,0,1
0.2055,1200,926.205268284834,925.925925925933,0.369278699156758,0.750000000000014,0,2,3,0,1,0,0,0,1,0,0,0,0,0,1
0.2056,1200,926.290066658641,925.925925925933,0.369333513971573,0.799999999999997,0,2,3,0,1,0,0,0,1,0,0,0,0,0,1
0.2057,1200,926.37500933281,925.925925925933,0.369388328786388,0.850000000000009,0,2,3,0,1,0,0,0,1,0,0,0,0,0,1
0.2058,1200,926.460095946589,925.925925925933,0.369443143601202,0.900000000000006,0,2,3,0,1,0,0,0,1,0,0,0,0,0,1
0.2059,1200,926.545326140131,925.925925925933,0.369497958416017,0.950000000000003,0,2,3,0,1,0,0,0,1,0,0,0,0,0,1
0.206,1200,926.630699554484,925.925925925933,0.369552773230832,1.4210854715202e-14,1,2,3,0,1,0,0,0,1,0,1,0,0,0,1
0.2061,1200,926.716215831599,925.925925925933,0.369607588045647,0.0499999999999972,1,2,3,0,1,0,0,0,1,0,1,0,0,0,1
0.2062,1200,926.801874614316,925.925925925933,0.369662402860462,0.100000000000009,1,2,3,0,1,0,0,0,1,0,1,0,0,0,1
0.2063,1200,926.887675546373,925.925925925933,0.369717217675276,0.150000000000006,1,2,3,0,1,0,0,0,1,0,1,0,0,0,1
0.2064,1200,926.973618272397,925.925925925933,0.369772032490091,0.200000000000003,1,2,3,0,1,0,0,0,1,0,1,0,0,0,1
0.2065,1200,927.059702437901,925.925925925933,0.369826847304906,0.250000000000014,1,2,3,0,1,0,0,0,1,0,1,0,0,0,1
0.2066,1200,927.145927689289,925.925925925933,0.369881662119721,0.299999999999997,1,2,3,0,1,0,0,0,1,0,1,0,0,0,1
0.2067,1200,927.232293673844,925.925925925933,0.369936476934536,0.350000000000009,1,2,3,0,1,0,0,0,1,0,1,0,0,0,1
0.2068,1200,927.318800039733,925.925925925933,0.369991291749351,0.400000000000006,0,2,3,0,1,0,0,0,1,0,0,0,0,0,1
0.2069,1200,927.405446436005,925.925925925933,0.370046106564165,0.450000000000003,0,2,3,0,1,0,0,0,1,0,0,0,0,0,1
0.207,1200,927.492232512582,925.925925925933,0.37010092137898,0.500000000000014,0,2,3,0,1,0,0,0,1,0,0,0,0,0,1
0.2071,1200,927.579157920264,925.925925925933,0.370155736193795,0.549999999999997,0,2,3,0,1,0,0,0,1,0,0,0,0,0,1
0.2072,1200,927.666222310723,925.925925925933,0.37021055100861,0.600000000000009,0,2,3,0,1,0,0,0,1,0,0,0,0,0,1
0.2073,1200,927.753425336502,925.925925925933,0.370265365823425,0.650000000000006,0,2,3,0,1,0,0,0,1,0,0,0,0,0,1
0.2074,1200,927.840766651013,925.925925925933,0.370320180638239,0.700000000000003,0,2,3,0,1,0,0,0,1,0,0,0,0,0,1
0.2075,1200,927.928245908534,925.925925925933,0.370374995453054,0.750000000000014,0,2,3,0,1,0,0,0,1,0,0,0,0,0,1
0.2076,1200,928.015862764208,925.925925925923,0.370429810267872,0.799999999999997,0,3,2,0,1,0,1,0,0,0,0,0,1,0,0
0.2077,1200,928.103616874038,925.925925925923,0.370484625082687,0.850000000000009,0,3,2,0,1,0,1,0,0,0,0,0,1,0,0
0.2078,1200,928.19150789489,925.925925925923,0.370539439897502,0.900000000000006,0,3,2,0,1,0,1,0,0,0,0,0,1,0,0
0.2079,1200,928.279535484487,925.925925925923,0.370594254712316,0.950000000000003,0,3,2,0,1,0,1,0,0,0,0,0,1,0,0
0.208,1200,928.367699301406,925.925925925923,0.370649069527131,1.4210854715202e-14,1,3,2,0,1,0,1,0,0,0,1,0,1,0,0
0.2081,1200,928.455999005079,925.925925925923,0.370703884341946,0.0499999999999972,1,3,2,0,1,0,1,0,0,0,1,0,1,0,0
0.2082,1200,928.544434255789,925.925925925923,0.370758699156761,0.0999999999999943,1,3,2,0,1,0,1,0,0,0,1,0,1,0,0
0.2083,1200,928.633004714668,925.925925925923,0.370813513971576,0.150000000000006,1,3,2,0,1,0,1,0,0,0,1,0,1,0,0
0.2084,1200,928.721710043697,925.925925925923,0.370868328786391,0.200000000000003,1,3,2,0,1,0,1,0,0,0,1,0,1,0,0
0.2085,1200,928.810549905699,925.925925925923,0.370923143601205,0.250000000000014,1,3,2,0,1,0,1,0,0,0,1,0,1,0,0
0.2086,1200,928.899523964343,925.925925925923,0.37097795841602,0.299999999999997,1,3,2,0,1,0,1,0,0,0,1,0,1,0,0
0.2087,1200,928.988631884136,925.925925925923,0.371032773230835,0.349999999999994,1,3,2,0,1,0,1,0,0,0,1,0,1,0,0
0.2088,1200,929.077873330426,925.925925925923,0.37108758804565,0.400000000000006,0,3,2,0,1,0,1,0,0,0,0,0,1,0,0
0.2089,1200,929.167247969397,925.925925925923,0.371142402860465,0.450000000000003,0,3,2,0,1,0,1,0,0,0,0,0,1,0,0
0.209,1200,929.256755468066,925.925925925923,0.371197217675279,0.500000000000014,0,3,2,0,1,0,1,0,0,0,0,0,1,0,0
0.2091,1200,929.346395494285,925.925925925923,0.371252032490094,0.549999999999997,0,3,2,0,1,0,1,0,0,0,0,0,1,0,0
0.2092,1200,929.436167716735,925.925925925923,0.371306847304909,0.599999999999994,0,3,2,0,1,0,1,0,0,0,0,0,1,0,0
0.2093,1200,929.526071804925,925.925925925923,0.371361662119724,0.650000000000006,0,3,2,0,1,0,1,0,0,0,0,0,1,0,0
0.2094,1200,929.616107429191,925.925925925923,0.371416476934539,0.700000000000003,0,3,2,0,1,0,1,0,0,0,0,0,1,0,0
0.2095,1200,929.706274260693,925.925925925923,0.371471291749354,0.750000000000014,0,3,2,0,1,0,1,0,0,0,0,0,1,0,0
0.2096,1200,929.796571971412,925.925925925923,0.371526106564168,0.800000000000011,0,3,2,0,1,0,1,0,0,0,0,0,1,0,0
0.2097,1200,929.88700023415,925.925925925923,0.371580921378983,0.849999999999994,0,3,2,0,1,0,1,0,0,0,0,0,1,0,0
0.2098,1200,929.977558722528,925.925925925923,0.371635736193798,0.900000000000006,0,3,2,0,1,0,1,0,0,0,0,0,1,0,0
0.2099,1200,930.068247110982,925.925925925923,0.371690551008613,0.950000000000003,0,3,2,0,1,0,1,0,0,0,0,0,1,0,0
0.21,1200,930.15906507476,925.925925925923,0.371745365823428,1.4210854715202e-14,1,3,2,0,1,0,1,0,0,0,1,0,1,0,0
0.2101,1200,930.250012289926,925.925925925923,0.371800180638242,0.0500000000000114,1,3,2,0,1,0,1,0,0,0,1,0,1,0,0
0.2102,1200,930.341088433349,925.925925925923,0.371854995453057,0.0999999999999943,1,3,2,0,1,0,1,0,0,0,1,0,1,0,0
0.2103,1200,930.432293182711,925.925925925923,0.371909810267872,0.150000000000006,1,4,6,0,0,1,1,0,0,0,0,1,1,0,0
0.2104,1200,930.523626216495,925.925925925923,0.371964625082687,0.200000000000003,1,4,6,0,0,1,1,0,0,0,0,1,1,0,0
0.2105,1200,930.615087213991,925.925925925923,0.372019439897502,0.250000000000014,1,4,6,0,0,1,1,0,0,0,0,1,1,0,0
0.2106,1200,930.70667585529,925.925925925923,0.372074254712316,0.300000000000011,1,4,6,0,0,1,1,0,0,0,0,1,1,0,0
0.2107,1200,930.798391821282,925.925925925923,0.372129069527131,0.349999999999994,1,4,6,0,0,1,1,0,0,0,0,1,1,0,0
0.2108,1200,930.890234793655,925.925925925923,0.372183884341946,0.400000000000006,0,4,6,0,0,1,1,0,0,0,0,0,1,0,0
0.2109,1200,930.982204454894,925.925925925923,0.372238699156761,0.450000000000003,0,4,6,0,0,1,1,0,0,0,0,0,1,0,0
0.211,1200,931.074300488275,925.925925925923,0.372293513971576,0.500000000000014,0,4,6,0,0,1,1,0,0,0,0,0,1,0,0
0.2111,1200,931.16652257787,925.925925925923,0.372348328786391,0.550000000000011,0,4,6,0,0,1,1,0,0,0,0,0,1,0,0
0.2112,1200,931.258870408537,925.925925925923,0.372403143601205,0.599999999999994,0,4,6,0,0,1,1,0,0,0,0,0,1,0,0
0.2113,1200,931.351343665923,925.925925925923,0.37245795841602,0.650000000000006,0,4,6,0,0,1,1,0,0,0,0,0,1,0,0
0.2114,1200,931.443942036463,925.925925925923,0.372512773230835,0.700000000000003,0,4,6,0,0,1,1,0,0,0,0,0,1,0,0
0.2115,1200,931.536665207372,925.925925925923,0.37256758804565,0.750000000000014,0,4,6,0,0,1,1,0,0,0,0,0,1,0,0
0.2116,1200,931.62951286665,925.925925925923,0.372622402860465,0.800000000000011,0,4,6,0,0,1,1,0,0,0,0,0,1,0,0
0.2117,1200,931.722484703077,925.925925925923,0.37267721767528,0.849999999999994,0,4,6,0,0,1,1,0,0,0,0,0,1,0,0
0.2118,1200,931.815580406208,925.925925925923,0.372732032490094,0.900000000000006,0,4,6,0,0,1,1,0,0,0,0,0,1,0,0
0.2119,1200,931.908799666378,925.925925925923,0.372786847304909,0.950000000000003,0,4,6,0,0,1,1,0,0,0,0,0,1,0,0
0.212,1200,932.002142174694,925.925925925923,0.372841662119724,1.4210854715202e-14,1,4,6,0,0,1,1,0,0,0,0,1,1,0,0
0.2121,1200,932.095607623036,925.925925925923,0.372896476934539,0.0500000000000114,1,4,6,0,0,1,1,0,0,0,0,1,1,0,0
0.2122,1200,932.189195704053,925.925925925923,0.372951291749354,0.0999999999999943,1,4,6,0,0,1,1,0,0,0,0,1,1,0,0
0.2123,1200,932.282906111163,925.925925925923,0.373006106564168,0.150000000000006,1,4,6,0,0,1,1,0,0,0,0,1,1,0,0
0.2124,1200,932.376738538553,925.925925925923,0.373060921378983,0.200000000000003,1,4,6,0,0,1,1,0,0,0,0,1,1,0,0
0.2125,1200,932.47069268117,925.925925925923,0.373115736193798,0.250000000000014,1,4,6,0,0,1,1,0,0,0,0,1,1,0,0
0.2126,1200,932.564768234726,925.925925925923,0.373170551008613,0.300000000000011,1,4,6,0,0,1,1,0,0,0,0,1,1,0,0
0.2127,1200,932.658964895695,925.925925925923,0.373225365823428,0.349999999999994,1,4,6,0,0,1,1,0,0,0,0,1,1,0,0
0.2128,1200,932.753282361308,925.925925925923,0.373280180638243,0.400000000000006,0,4,6,0,0,1,1,0,0,0,0,0,1,0,0
0.2129,1200,932.847720329554,925.925925925923,0.373334995453057,0.450000000000003,0,4,6,0,0,1,1,0,0,0,0,0,1,0,0
0.213,1200,932.942278499175,925.925925925923,0.373389810267872,0.500000000000014,0,5,4,0,0,1,0,1,0,0,0,0,0,1,0
0.2131,1200,933.036956569668,925.925925925923,0.373444625082687,0.550000000000011,0,5,4,0,0,1,0,1,0,0,0,0,0,1,0
0.2132,1200,933.131754241281,925.925925925923,0.373499439897502,0.599999999999994,0,5,4,0,0,1,0,1,0,0,0,0,0,1,0
0.2133,1200,933.226671215012,925.925925925923,0.373554254712317,0.650000000000006,0,5,4,0,0,1,0,1,0,0,0,0,0,1,0
0.2134,1200,933.321707192604,925.925925925923,0.373609069527131,0.700000000000003,0,5,4,0,0,1,0,1,0,0,0,0,0,1,0
0.2135,1200,933.416861876549,925.925925925923,0.373663884341946,0.750000000000014,0,5,4,0,0,1,0,1,0,0,0,0,0,1,0
0.2136,1200,933.512134970081,925.925925925923,0.373718699156761,0.800000000000011,0,5,4,0,0,1,0,1,0,0,0,0,0,1,0
0.2137,1200,933.607526177174,925.925925925923,0.373773513971576,0.849999999999994,0,5,4,0,0,1,0,1,0,0,0,0,0,1,0
0.2138,1200,933.703035202547,925.925925925923,0.373828328786391,0.900000000000006,0,5,4,0,0,1,0,1,0,0,0,0,0,1,0
0.2139,1200,933.798661751652,925.925925925923,0.373883143601206,0.950000000000003,0,5,4,0,0,1,0,1,0,0,0,0,0,1,0
0.214,1200,933.89440553068,925.925925925923,0.37393795841602,1.4210854715202e-14,1,5,4,0,0,1,0,1,0,0,0,1,0,1,0
0.2141,1200,933.990266246558,925.925925925923,0.373992773230835,0.0500000000000114,1,5,4,0,0,1,0,1,0,0,0,1,0,1,0
0.2142,1200,934.086243606942,925.925925925923,0.37404758804565,0.0999999999999943,1,5,4,0,0,1,0,1,0,0,0,1,0,1,0
0.2143,1200,934.182337320221,925.925925925923,0.374102402860465,0.150000000000006,1,5,4,0,0,1,0,1,0,0,0,1,0,1,0
0.2144,1200,934.278547095514,925.925925925923,0.37415721767528,0.200000000000003,1,5,4,0,0,1,0,1,0,0,0,1,0,1,0
0.2145,1200,934.374872642664,925.925925925923,0.374212032490094,0.250000000000014,1,5,4,0,0,1,0,1,0,0,0,1,0,1,0
0.2146,1200,934.471313672243,925.925925925923,0.374266847304909,0.300000000000011,1,5,4,0,0,1,0,1,0,0,0,1,0,1,0
0.2147,1200,934.567869895544,925.925925925923,0.374321662119724,0.349999999999994,1,5,4,0,0,1,0,1,0,0,0,1,0,1,0
0.2148,1200,934.664541024584,925.925925925923,0.374376476934539,0.400000000000006,0,5,4,0,0,1,0,1,0,0,0,0,0,1,0
0.2149,1200,934.761326772097,925.925925925923,0.374431291749354,0.450000000000003,0,5,4,0,0,1,0,1,0,0,0,0,0,1,0
0.215,1200,934.858226851537,925.925925925923,0.374486106564169,0.5,0,5,4,0,0,1,0,1,0,0,0,0,0,1,0
0.2151,1200,934.955240977076,925.925925925923,0.374540921378983,0.550000000000011,0,5,4,0,0,1,0,1,0,0,0,0,0,1,0
0.2152,1200,935.052368863596,925.925925925923,0.374595736193798,0.599999999999994,0,5,4,0,0,1,0,1,0,0,0,0,0,1,0
0.2153,1200,935.149610226697,925.925925925923,0.374650551008613,0.650000000000006,0,5,4,0,0,1,0,1,0,0,0,0,0,1,0
0.2154,1200,935.246964782686,925.925925925923,0.374705365823428,0.700000000000003,0,5,4,0,0,1,0,1,0,0,0,0,0,1,0
0.2155,1200,935.344432248582,925.925925925923,0.374760180638243,0.75,0,5,4,0,0,1,0,1,0,0,0,0,0,1,0
0.2156,1200,935.442012342109,925.925925925923,0.374814995453057,0.800000000000011,0,5,4,0,0,1,0,1,0,0,0,0,0,1,0
0.2157,1200,935.539704781699,925.925925925933,0.374869810267869,0.849999999999994,0,0,5,1,0,0,0,1,0,0,0,0,0,1,0
0.2158,1200,935.637509286486,925.925925925933,0.374924625082684,0.900000000000006,0,0,5,1,0,0,0,1,0,0,0,0,0,1,0
0.2159,1200,935.735425576307,925.925925925933,0.374979439897499,0.950000000000003,0,0,5,1,0,0,0,1,0,0,0,0,0,1,0
0.216,1200,935.8334533717,925.925925925933,0.375034254712314,0,1,0,5,1,0,0,0,1,0,1,0,0,0,1,0
0.2161,1200,935.931592393901,925.925925925933,0.375089069527129,0.0500000000000114,1,0,5,1,0,0,0,1,0,1,0,0,0,1,0
0.2162,1200,936.029842364842,925.925925925933,0.375143884341944,0.100000000000009,1,0,5,1,0,0,0,1,0,1,0,0,0,1,0
0.2163,1200,936.128203007153,925.925925925933,0.375198699156758,0.150000000000006,1,0,5,1,0,0,0,1,0,1,0,0,0,1,0
0.2164,1200,936.226674044154,925.925925925933,0.375253513971573,0.200000000000003,1,0,5,1,0,0,0,1,0,1,0,0,0,1,0
0.2165,1200,936.325255199859,925.925925925933,0.375308328786388,0.25,1,0,5,1,0,0,0,1,0,1,0,0,0,1,0
0.2166,1200,936.42394619897,925.925925925933,0.375363143601203,0.300000000000011,1,0,5,1,0,0,0,1,0,1,0,0,0,1,0
0.2167,1200,936.522746766881,925.925925925933,0.375417958416018,0.350000000000009,1,0,5,1,0,0,0,1,0,1,0,0,0,1,0
0.2168,1200,936.621656629668,925.925925925933,0.375472773230832,0.400000000000006,0,0,5,1,0,0,0,1,0,0,0,0,0,1,0
0.2169,1200,936.720675514094,925.925925925933,0.375527588045647,0.450000000000003,0,0,5,1,0,0,0,1,0,0,0,0,0,1,0
0.217,1200,936.819803147606,925.925925925933,0.375582402860462,0.5,0,0,5,1,0,0,0,1,0,0,0,0,0,1,0
0.2171,1200,936.919039258329,925.925925925933,0.375637217675277,0.550000000000011,0,0,5,1,0,0,0,1,0,0,0,0,0,1,0
0.2172,1200,937.018383575073,925.925925925933,0.375692032490092,0.600000000000009,0,0,5,1,0,0,0,1,0,0,0,0,0,1,0
0.2173,1200,937.117835827321,925.925925925933,0.375746847304906,0.650000000000006,0,0,5,1,0,0,0,1,0,0,0,0,0,1,0
0.2174,1200,937.217395745234,925.925925925933,0.375801662119721,0.700000000000003,0,0,5,1,0,0,0,1,0,0,0,0,0,1,0
0.2175,1200,937.31706305965,925.925925925933,0.375856476934536,0.75,0,0,5,1,0,0,0,1,0,0,0,0,0,1,0
0.2176,1200,937.416837502075,925.925925925933,0.375911291749351,0.800000000000011,0,0,5,1,0,0,0,1,0,0,0,0,0,1,0
0.2177,1200,937.51671880469,925.925925925933,0.375966106564166,0.850000000000009,0,0,5,1,0,0,0,1,0,0,0,0,0,1,0
0.2178,1200,937.616706700346,925.925925925933,0.376020921378981,0.900000000000006,0,0,5,1,0,0,0,1,0,0,0,0,0,1,0
0.2179,1200,937.716800922558,925.925925925933,0.376075736193795,0.950000000000003,0,0,5,1,0,0,0,1,0,0,0,0,0,1,0
0.218,1200,937.817001205512,925.925925925933,0.37613055100861,0,1,0,5,1,0,0,0,1,0,1,0,0,0,1,0
0.2181,1200,937.917307284054,925.925925925933,0.376185365823425,0.0500000000000114,1,0,5,1,0,0,0,1,0,1,0,0,0,1,0
0.2182,1200,938.017718893696,925.925925925933,0.37624018063824,0.100000000000009,1,0,5,1,0,0,0,1,0,1,0,0,0,1,0
0.2183,1200,938.11823577061,961.538461538454,0.365604112262176,0.150000000000006,1,1,1,1,0,0,0,0,1,1,0,0,0,0,1
0.2184,1200,938.149366910888,961.538461538454,0.365651804569868,0.200000000000003,1,1,1,1,0,0,0,0,1,1,0,0,0,0,1
0.2185,1200,938.180730223315,961.538461538454,0.36569949687756,0.25,1,1,1,1,0,0,0,0,1,1,0,0,0,0,1
0.2186,1200,938.212325127461,961.538461538454,0.365747189185253,0.300000000000011,1,1,1,1,0,0,0,0,1,1,0,0,0,0,1
0.2187,1200,938.244151044346,961.538461538454,0.365794881492945,0.350000000000009,1,1,1,1,0,0,0,0,1,1,0,0,0,0,1
0.2188,1200,938.276207396439,961.538461538454,0.365842573800637,0.400000000000006,0,1,1,1,0,0,0,0,1,0,0,0,0,0,1
0.2189,1200,938.308493607653,961.538461538454,0.365890266108329,0.450000000000003,0,1,1,1,0,0,0,0,1,0,0,0,0,0,1
0.219,1200,938.341009103338,961.538461538454,0.365937958416022,0.5,0,1,1,1,0,0,0,0,1,0,0,0,0,0,1
0.2191,1200,938.373753310283,961.538461538454,0.365985650723714,0.550000000000011,0,1,1,1,0,0,0,0,1,0,0,0,0,0,1
0.2192,1200,938.406725656712,961.538461538454,0.366033343031406,0.600000000000009,0,1,1,1,0,0,0,0,1,0,0,0,0,0,1
0.2193,1200,938.439925572274,961.538461538454,0.366081035339099,0.650000000000006,0,1,1,1,0,0,0,0,1,0,0,0,0,0,1
0.2194,1200,938.473352488048,961.538461538454,0.366128727646791,0.700000000000003,0,1,1,1,0,0,0,0,1,0,0,0,0,0,1
0.2195,1200,938.507005836532,961.538461538454,0.366176419954483,0.75,0,1,1,1,0,0,0,0,1,0,0,0,0,0,1
0.2196,1200,938.540885051645,961.538461538454,0.366224112262176,0.800000000000011,0,1,1,1,0,0,0,0,1,0,0,0,0,0,1
0.2197,1200,938.57498956872,961.538461538454,0.366271804569868,0.850000000000009,0,1,1,1,0,0,0,0,1,0,0,0,0,0,1
0.2198,1200,938.609318824502,961.538461538454,0.36631949687756,0.900000000000006,0,1,1,1,0,0,0,0,1,0,0,0,0,0,1
0.2199,1200,938.643872257145,961.538461538454,0.366367189185252,0.950000000000003,0,1,1,1,0,0,0,0,1,0,0,0,0,0,1
0.22,1200,938.678649306206,961.538461538454,0.366414881492945,0,1,1,1,1,0,0,0,0,1,1,0,0,0,0,1
0.2201,1200,938.713649412645,961.538461538454,0.366462573800637,0.0500000000000114,1,1,1,1,0,0,0,0,1,1,0,0,0,0,1
0.2202,1200,938.748872018817,961.538461538454,0.366510266108329,0.100000000000009,1,1,1,1,0,0,0,0,1,1,0,0,0,0,1
0.2203,1200,938.784316568474,961.538461538454,0.366557958416022,0.150000000000006,1,1,1,1,0,0,0,0,1,1,0,0,0,0,1
0.2204,1200,938.819982506757,961.538461538454,0.366605650723714,0.200000000000003,1,1,1,1,0,0,0,0,1,1,0,0,0,0,1
0.2205,1200,938.855869280194,961.538461538454,0.366653343031406,0.25,1,1,1,1,0,0,0,0,1,1,0,0,0,0,1
0.2206,1200,938.891976336698,961.538461538454,0.366701035339099,0.300000000000011,1,1,1,1,0,0,0,0,1,1,0,0,0,0,1
0.2207,1200,938.92830312556,961.538461538454,0.366748727646791,0.350000000000009,1,1,1,1,0,0,0,0,1,1,0,0,0,0,1
0.2208,1200,938.964849097451,961.538461538454,0.366796419954483,0.400000000000006,0,1,1,1,0,0,0,0,1,0,0,0,0,0,1
0.2209,1200,939.001613704411,961.538461538454,0.366844112262176,0.450000000000003,0,1,1,1,0,0,0,0,1,0,0,0,0,0,1
0.221,1200,939.038596399854,925.925925925933,0.377582687760747,0.5,0,2,3,0,1,0,0,0,1,0,0,0,0,0,1
0.2211,1200,939.1452873793,925.925925925933,0.377637502575562,0.550000000000011,0,2,3,0,1,0,0,0,1,0,0,0,0,0,1
0.2212,1200,939.252067927593,925.925925925933,0.377692317390376,0.600000000000009,0,2,3,0,1,0,0,0,1,0,0,0,0,0,1
0.2213,1200,939.358937820811,925.925925925933,0.377747132205191,0.650000000000006,0,2,3,0,1,0,0,0,1,0,0,0,0,0,1
0.2214,1200,939.465896835593,925.925925925933,0.377801947020006,0.700000000000003,0,2,3,0,1,0,0,0,1,0,0,0,0,0,1
0.2215,1200,939.572944749134,925.925925925933,0.377856761834821,0.75,0,2,3,0,1,0,0,0,1,0,0,0,0,0,1
0.2216,1200,939.680081339187,925.925925925933,0.377911576649636,0.800000000000011,0,2,3,0,1,0,0,0,1,0,0,0,0,0,1
0.2217,1200,939.787306384062,925.925925925933,0.377966391464451,0.850000000000009,0,2,3,0,1,0,0,0,1,0,0,0,0,0,1
0.2218,1200,939.894619662621,925.925925925933,0.378021206279265,0.900000000000006,0,2,3,0,1,0,0,0,1,0,0,0,0,0,1
0.2219,1200,940.002020954279,925.925925925933,0.37807602109408,0.950000000000003,0,2,3,0,1,0,0,0,1,0,0,0,0,0,1
0.222,1200,940.109510039005,925.925925925933,0.378130835908895,0,1,2,3,0,1,0,0,0,1,0,1,0,0,0,1
0.2221,1200,940.217086697316,925.925925925933,0.37818565072371,0.0500000000000114,1,2,3,0,1,0,0,0,1,0,1,0,0,0,1
0.2222,1200,940.324750710276,925.925925925933,0.378240465538525,0.100000000000009,1,2,3,0,1,0,0,0,1,0,1,0,0,0,1
0.2223,1200,940.432501859501,925.925925925933,0.378295280353339,0.150000000000006,1,2,3,0,1,0,0,0,1,0,1,0,0,0,1
0.2224,1200,940.540339927149,925.925925925933,0.378350095168154,0.200000000000003,1,2,3,0,1,0,0,0,1,0,1,0,0,0,1
0.2225,1200,940.648264695924,925.925925925933,0.378404909982969,0.25,1,2,3,0,1,0,0,0,1,0,1,0,0,0,1
0.2226,1200,940.756275949074,925.925925925933,0.378459724797784,0.300000000000011,1,2,3,0,1,0,0,0,1,0,1,0,0,0,1
0.2227,1200,940.864373470387,925.925925925933,0.378514539612599,0.350000000000009,1,2,3,0,1,0,0,0,1,0,1,0,0,0,1
0.2228,1200,940.972557044193,925.925925925933,0.378569354427414,0.400000000000006,0,2,3,0,1,0,0,0,1,0,0,0,0,0,1
0.2229,1200,941.08082645536,925.925925925933,0.378624169242228,0.450000000000003,0,2,3,0,1,0,0,0,1,0,0,0,0,0,1
0.223,1200,941.189181489296,925.925925925933,0.378678984057043,0.5,0,2,3,0,1,0,0,0,1,0,0,0,0,0,1
0.2231,1200,941.297621931944,925.925925925933,0.378733798871858,0.550000000000011,0,2,3,0,1,0,0,0,1,0,0,0,0,0,1
0.2232,1200,941.406147569781,925.925925925933,0.378788613686673,0.600000000000009,0,2,3,0,1,0,0,0,1,0,0,0,0,0,1
0.2233,1200,941.51475818982,925.925925925933,0.378843428501488,0.650000000000006,0,2,3,0,1,0,0,0,1,0,0,0,0,0,1
0.2234,1200,941.623453579605,925.925925925933,0.378898243316303,0.700000000000003,0,2,3,0,1,0,0,0,1,0,0,0,0,0,1
0.2235,1200,941.732233527212,925.925925925933,0.378953058131117,0.75,0,2,3,0,1,0,0,0,1,0,0,0,0,0,1
0.2236,1200,941.841097821246,925.925925925933,0.379007872945932,0.800000000000011,0,2,3,0,1,0,0,0,1,0,0,0,0,0,1
0.2237,1200,941.950046250842,925.925925925923,0.37906268776075,0.850000000000009,0,3,2,0,1,0,1,0,0,0,0,0,1,0,0
0.2238,1200,942.059078605659,925.925925925923,0.379117502575565,0.900000000000006,0,3,2,0,1,0,1,0,0,0,0,0,1,0,0
0.2239,1200,942.168194675887,925.925925925923,0.379172317390379,0.950000000000003,0,3,2,0,1,0,1,0,0,0,0,0,1,0,0
0.224,1200,942.277394252234,925.925925925923,0.379227132205194,0,1,3,2,0,1,0,1,0,0,0,1,0,1,0,0
0.2241,1200,942.386677125937,925.925925925923,0.379281947020009,0.0500000000000114,1,3,2,0,1,0,1,0,0,0,1,0,1,0,0
0.2242,1200,942.496043088753,925.925925925923,0.379336761834824,0.100000000000009,1,3,2,0,1,0,1,0,0,0,1,0,1,0,0
0.2243,1200,942.605491932957,925.925925925923,0.379391576649639,0.150000000000006,1,3,2,0,1,0,1,0,0,0,1,0,1,0,0
0.2244,1200,942.715023451347,925.925925925923,0.379446391464454,0.200000000000003,1,3,2,0,1,0,1,0,0,0,1,0,1,0,0
0.2245,1200,942.824637437238,925.925925925923,0.379501206279268,0.25,1,3,2,0,1,0,1,0,0,0,1,0,1,0,0
0.2246,1200,942.93433368446,925.925925925923,0.379556021094083,0.300000000000011,1,3,2,0,1,0,1,0,0,0,1,0,1,0,0
0.2247,1200,943.044111987361,925.925925925923,0.379610835908898,0.350000000000009,1,3,2,0,1,0,1,0,0,0,1,0,1,0,0
0.2248,1200,943.1539721408,925.925925925923,0.379665650723713,0.400000000000006,0,3,2,0,1,0,1,0,0,0,0,0,1,0,0
0.2249,1200,943.263913940152,925.925925925923,0.379720465538528,0.450000000000003,0,3,2,0,1,0,1,0,0,0,0,0,1,0,0
0.225,1200,943.373937181302,925.925925925923,0.379775280353342,0.5,0,3,2,0,1,0,1,0,0,0,0,0,1,0,0
0.2251,1200,943.484041660646,925.925925925923,0.379830095168157,0.549999999999997,0,3,2,0,1,0,1,0,0,0,0,0,1,0,0
0.2252,1200,943.594227175087,925.925925925923,0.379884909982972,0.600000000000009,0,3,2,0,1,0,1,0,0,0,0,0,1,0,0
0.2253,1200,943.704493522039,925.925925925923,0.379939724797787,0.650000000000006,0,3,2,0,1,0,1,0,0,0,0,0,1,0,0
0.2254,1200,943.814840499419,925.925925925923,0.379994539612602,0.699999999999989,0,3,2,0,1,0,1,0,0,0,0,0,1,0,0
0.2255,1200,943.925267905653,925.925925925923,0.380049354427416,0.75,0,3,2,0,1,0,1,0,0,0,0,0,1,0,0
0.2256,1200,944.035775539667,925.925925925923,0.380104169242231,0.799999999999997,0,3,2,0,1,0,1,0,0,0,0,0,1,0,0
0.2257,1200,944.146363200892,925.925925925923,0.380158984057046,0.850000000000009,0,3,2,0,1,0,1,0,0,0,0,0,1,0,0
0.2258,1200,944.25703068926,925.925925925923,0.380213798871861,0.900000000000006,0,3,2,0,1,0,1,0,0,0,0,0,1,0,0
0.2259,1200,944.367777805204,925.925925925923,0.380268613686676,0.949999999999989,0,3,2,0,1,0,1,0,0,0,0,0,1,0,0
0.226,1200,944.478604349655,925.925925925923,0.380323428501491,0,1,3,2,0,1,0,1,0,0,0,1,0,1,0,0
0.2261,1200,944.58951012404,925.925925925923,0.380378243316305,0.0499999999999972,1,3,2,0,1,0,1,0,0,0,1,0,1,0,0
0.2262,1200,944.700494930286,925.925925925923,0.38043305813112,0.100000000000009,1,3,2,0,1,0,1,0,0,0,1,0,1,0,0
0.2263,1200,944.811558570813,961.538461538465,0.36979698975505,0.150000000000006,1,4,6,0,0,1,1,0,0,0,0,1,1,0,0
0.2264,1200,944.853210107794,961.538461538465,0.369844682062742,0.199999999999989,1,4,6,0,0,1,1,0,0,0,0,1,1,0,0
0.2265,1200,944.895067515932,961.538461538465,0.369892374370435,0.25,1,4,6,0,0,1,1,0,0,0,0,1,1,0,0
0.2266,1200,944.93713028055,961.538461538465,0.369940066678127,0.299999999999997,1,4,6,0,0,1,1,0,0,0,0,1,1,0,0
0.2267,1200,944.979397888256,961.538461538465,0.369987758985819,0.350000000000009,1,4,6,0,0,1,1,0,0,0,0,1,1,0,0
0.2268,1200,945.021869826943,961.538461538465,0.370035451293512,0.400000000000006,0,4,6,0,0,1,1,0,0,0,0,0,1,0,0
0.2269,1200,945.064545585784,961.538461538465,0.370083143601204,0.449999999999989,0,4,6,0,0,1,1,0,0,0,0,0,1,0,0
0.227,1200,945.107424655227,961.538461538465,0.370130835908896,0.5,0,4,6,0,0,1,1,0,0,0,0,0,1,0,0
0.2271,1200,945.150506526997,961.538461538465,0.370178528216588,0.549999999999997,0,4,6,0,0,1,1,0,0,0,0,0,1,0,0
0.2272,1200,945.193790694087,961.538461538465,0.370226220524281,0.600000000000009,0,4,6,0,0,1,1,0,0,0,0,0,1,0,0
0.2273,1200,945.23727665076,961.538461538465,0.370273912831973,0.650000000000006,0,4,6,0,0,1,1,0,0,0,0,0,1,0,0
0.2274,1200,945.280963892541,961.538461538465,0.370321605139665,0.699999999999989,0,4,6,0,0,1,1,0,0,0,0,0,1,0,0
0.2275,1200,945.324851916217,961.538461538465,0.370369297447358,0.75,0,4,6,0,0,1,1,0,0,0,0,0,1,0,0
0.2276,1200,945.368940219835,961.538461538465,0.37041698975505,0.799999999999997,0,4,6,0,0,1,1,0,0,0,0,0,1,0,0
0.2277,1200,945.413228302693,961.538461538465,0.370464682062742,0.850000000000009,0,4,6,0,0,1,1,0,0,0,0,0,1,0,0
0.2278,1200,945.457715665344,961.538461538465,0.370512374370435,0.900000000000006,0,4,6,0,0,1,1,0,0,0,0,0,1,0,0
0.2279,1200,945.502401809588,961.538461538465,0.370560066678127,0.949999999999989,0,4,6,0,0,1,1,0,0,0,0,0,1,0,0
0.228,1200,945.547286238472,961.538461538465,0.370607758985819,0,1,4,6,0,0,1,1,0,0,0,0,1,1,0,0
0.2281,1200,945.592368456284,961.538461538465,0.370655451293512,0.0499999999999972,1,4,6,0,0,1,1,0,0,0,0,1,1,0,0
0.2282,1200,945.637647968551,961.538461538465,0.370703143601204,0.100000000000009,1,4,6,0,0,1,1,0,0,0,0,1,1,0,0
0.2283,1200,945.683124282038,961.538461538465,0.370750835908896,0.150000000000006,1,4,6,0,0,1,1,0,0,0,0,1,1,0,0
0.2284,1200,945.72879690474,961.538461538465,0.370798528216588,0.200000000000003,1,4,6,0,0,1,1,0,0,0,0,1,1,0,0
0.2285,1200,945.774665345886,961.538461538465,0.370846220524281,0.25,1,4,6,0,0,1,1,0,0,0,0,1,1,0,0
0.2286,1200,945.820729115929,961.538461538465,0.370893912831973,0.299999999999997,1,4,6,0,0,1,1,0,0,0,0,1,1,0,0
0.2287,1200,945.866987726547,961.538461538465,0.370941605139665,0.349999999999994,1,4,6,0,0,1,1,0,0,0,0,1,1,0,0
0.2288,1200,945.913440690639,961.538461538465,0.370989297447358,0.400000000000006,0,4,6,0,0,1,1,0,0,0,0,0,1,0,0
0.2289,1200,945.96008752232,961.538461538465,0.37103698975505,0.450000000000003,0,4,6,0,0,1,1,0,0,0,0,0,1,0,0
0.229,1200,946.006927736922,925.925925925923,0.381775565253627,0.5,0,5,4,0,0,1,0,1,0,0,0,0,0,1,0
0.2291,1200,946.123451591728,925.925925925923,0.381830380068442,0.549999999999997,0,5,4,0,0,1,0,1,0,0,0,0,0,1,0
0.2292,1200,946.240040433194,925.925925925923,0.381885194883257,0.599999999999994,0,5,4,0,0,1,0,1,0,0,0,0,0,1,0
0.2293,1200,946.356694098852,925.925925925923,0.381940009698072,0.650000000000006,0,5,4,0,0,1,0,1,0,0,0,0,0,1,0
0.2294,1200,946.473412426642,925.925925925923,0.381994824512886,0.700000000000003,0,5,4,0,0,1,0,1,0,0,0,0,0,1,0
0.2295,1200,946.59019525491,925.925925925923,0.382049639327701,0.75,0,5,4,0,0,1,0,1,0,0,0,0,0,1,0
0.2296,1200,946.707042422402,925.925925925923,0.382104454142516,0.799999999999997,0,5,4,0,0,1,0,1,0,0,0,0,0,1,0
0.2297,1200,946.823953768273,925.925925925923,0.382159268957331,0.849999999999994,0,5,4,0,0,1,0,1,0,0,0,0,0,1,0
0.2298,1200,946.940929132075,925.925925925923,0.382214083772146,0.900000000000006,0,5,4,0,0,1,0,1,0,0,0,0,0,1,0
0.2299,1200,947.057968353763,925.925925925923,0.382268898586961,0.950000000000003,0,5,4,0,0,1,0,1,0,0,0,0,0,1,0
0.23,1200,947.175071273694,925.925925925923,0.382323713401775,0,1,5,4,0,0,1,0,1,0,0,0,1,0,1,0
0.2301,1200,947.292237732622,925.925925925923,0.38237852821659,0.0499999999999972,1,5,4,0,0,1,0,1,0,0,0,1,0,1,0
0.2302,1200,947.409467571698,925.925925925923,0.382433343031405,0.0999999999999943,1,5,4,0,0,1,0,1,0,0,0,1,0,1,0
0.2303,1200,947.526760632473,925.925925925923,0.38248815784622,0.150000000000006,1,5,4,0,0,1,0,1,0,0,0,1,0,1,0
0.2304,1200,947.644116756892,925.925925925923,0.382542972661035,0.200000000000003,1,5,4,0,0,1,0,1,0,0,0,1,0,1,0
0.2305,1200,947.761535787296,925.925925925923,0.382597787475849,0.25,1,5,4,0,0,1,0,1,0,0,0,1,0,1,0
0.2306,1200,947.879017566421,925.925925925923,0.382652602290664,0.299999999999997,1,5,4,0,0,1,0,1,0,0,0,1,0,1,0
0.2307,1200,947.996561937394,925.925925925923,0.382707417105479,0.349999999999994,1,5,4,0,0,1,0,1,0,0,0,1,0,1,0
0.2308,1200,948.114168743737,925.925925925923,0.382762231920294,0.400000000000006,0,5,4,0,0,1,0,1,0,0,0,0,0,1,0
0.2309,1200,948.231837829359,925.925925925923,0.382817046735109,0.450000000000003,0,5,4,0,0,1,0,1,0,0,0,0,0,1,0
0.231,1200,948.349569038564,925.925925925923,0.382871861549924,0.5,0,5,4,0,0,1,0,1,0,0,0,0,0,1,0
0.2311,1200,948.467362216042,925.925925925923,0.382926676364738,0.549999999999997,0,5,4,0,0,1,0,1,0,0,0,0,0,1,0
0.2312,1200,948.585217206873,925.925925925923,0.382981491179553,0.599999999999994,0,5,4,0,0,1,0,1,0,0,0,0,0,1,0
0.2313,1200,948.703133856523,925.925925925923,0.383036305994368,0.650000000000006,0,5,4,0,0,1,0,1,0,0,0,0,0,1,0
0.2314,1200,948.821112010845,925.925925925923,0.383091120809183,0.700000000000003,0,5,4,0,0,1,0,1,0,0,0,0,0,1,0
0.2315,1200,948.939151516077,925.925925925923,0.383145935623998,0.75,0,5,4,0,0,1,0,1,0,0,0,0,0,1,0
0.2316,1200,949.057252218843,961.538461538465,0.372509867247928,0.799999999999997,0,0,5,1,0,0,0,1,0,0,0,0,0,1,0
0.2317,1200,949.105923225407,961.538461538465,0.37255755955562,0.849999999999994,0,0,5,1,0,0,0,1,0,0,0,0,0,1,0
0.2318,1200,949.154782554455,961.538461538465,0.372605251863312,0.900000000000006,0,0,5,1,0,0,0,1,0,0,0,0,0,1,0
0.2319,1200,949.203829735181,961.538461538465,0.372652944171004,0.950000000000003,0,0,5,1,0,0,0,1,0,0,0,0,0,1,0
0.232,1200,949.253064297954,961.538461538465,0.372700636478697,0,1,0,5,1,0,0,0,1,0,1,0,0,0,1,0
0.2321,1200,949.302485774321,961.538461538465,0.372748328786389,0.0499999999999972,1,0,5,1,0,0,0,1,0,1,0,0,0,1,0
0.2322,1200,949.352093696997,961.538461538465,0.372796021094081,0.0999999999999943,1,0,5,1,0,0,0,1,0,1,0,0,0,1,0
0.2323,1200,949.401887599866,961.538461538465,0.372843713401774,0.150000000000006,1,0,5,1,0,0,0,1,0,1,0,0,0,1,0
0.2324,1200,949.451867017978,961.538461538465,0.372891405709466,0.200000000000003,1,0,5,1,0,0,0,1,0,1,0,0,0,1,0
0.2325,1200,949.502031487544,961.538461538465,0.372939098017158,0.25,1,0,5,1,0,0,0,1,0,1,0,0,0,1,0
0.2326,1200,949.552380545937,961.538461538465,0.37298679032485,0.299999999999997,1,0,5,1,0,0,0,1,0,1,0,0,0,1,0
0.2327,1200,949.602913731684,961.538461538465,0.373034482632543,0.349999999999994,1,0,5,1,0,0,0,1,0,1,0,0,0,1,0
0.2328,1200,949.653630584466,961.538461538465,0.373082174940235,0.400000000000006,0,0,5,1,0,0,0,1,0,0,0,0,0,1,0
0.2329,1200,949.704530645116,961.538461538465,0.373129867247927,0.450000000000003,0,0,5,1,0,0,0,1,0,0,0,0,0,1,0
0.233,1200,949.755613455615,961.538461538465,0.37317755955562,0.5,0,0,5,1,0,0,0,1,0,0,0,0,0,1,0
0.2331,1200,949.806878559088,961.538461538465,0.373225251863312,0.549999999999997,0,0,5,1,0,0,0,1,0,0,0,0,0,1,0
0.2332,1200,949.858325499801,961.538461538465,0.373272944171004,0.599999999999994,0,0,5,1,0,0,0,1,0,0,0,0,0,1,0
0.2333,1200,949.909953823163,961.538461538465,0.373320636478697,0.650000000000006,0,0,5,1,0,0,0,1,0,0,0,0,0,1,0
0.2334,1200,949.961763075717,961.538461538465,0.373368328786389,0.700000000000003,0,0,5,1,0,0,0,1,0,0,0,0,0,1,0
0.2335,1200,950.013752805139,961.538461538465,0.373416021094081,0.75,0,0,5,1,0,0,0,1,0,0,0,0,0,1,0
0.2336,1200,950.065922560238,961.538461538465,0.373463713401774,0.799999999999997,0,0,5,1,0,0,0,1,0,0,0,0,0,1,0
0.2337,1200,950.118271890949,961.538461538465,0.373511405709466,0.849999999999994,0,0,5,1,0,0,0,1,0,0,0,0,0,1,0
0.2338,1200,950.170800348333,961.538461538465,0.373559098017158,0.900000000000006,0,0,5,1,0,0,0,1,0,0,0,0,0,1,0
0.2339,1200,950.223507484574,961.538461538465,0.37360679032485,0.950000000000003,0,0,5,1,0,0,0,1,0,0,0,0,0,1,0
0.234,1200,950.276392852974,961.538461538465,0.373654482632543,0,1,0,5,1,0,0,0,1,0,1,0,0,0,1,0
0.2341,1200,950.329456007953,961.538461538465,0.373702174940235,0.0499999999999972,1,0,5,1,0,0,0,1,0,1,0,0,0,1,0
0.2342,1200,950.382696505045,961.538461538465,0.373749867247927,0.0999999999999943,1,1,1,1,0,0,0,0,1,1,0,0,0,0,1
0.2343,1200,950.436113900893,961.538461538465,0.37379755955562,0.150000000000006,1,1,1,1,0,0,0,0,1,1,0,0,0,0,1
0.2344,1200,950.489707753253,961.538461538465,0.373845251863312,0.200000000000003,1,1,1,1,0,0,0,0,1,1,0,0,0,0,1
0.2345,1200,950.543477620981,961.538461538465,0.373892944171004,0.25,1,1,1,1,0,0,0,0,1,1,0,0,0,0,1
0.2346,1200,950.59742306404,961.538461538465,0.373940636478697,0.299999999999997,1,1,1,1,0,0,0,0,1,1,0,0,0,0,1
0.2347,1200,950.651543643492,961.538461538465,0.373988328786389,0.349999999999994,1,1,1,1,0,0,0,0,1,1,0,0,0,0,1
0.2348,1200,950.705838921495,961.538461538465,0.374036021094081,0.400000000000006,0,1,1,1,0,0,0,0,1,0,0,0,0,0,1
0.2349,1200,950.760308461302,961.538461538465,0.374083713401773,0.450000000000003,0,1,1,1,0,0,0,0,1,0,0,0,0,0,1
0.235,1200,950.814951827261,961.538461538465,0.374131405709466,0.500000000000014,0,1,1,1,0,0,0,0,1,0,0,0,0,0,1
0.2351,1200,950.869768584804,961.538461538465,0.374179098017158,0.549999999999997,0,1,1,1,0,0,0,0,1,0,0,0,0,0,1
0.2352,1200,950.924758300454,961.538461538465,0.37422679032485,0.599999999999994,0,1,1,1,0,0,0,0,1,0,0,0,0,0,1
0.2353,1200,950.979920541814,961.538461538465,0.374274482632543,0.650000000000006,0,1,1,1,0,0,0,0,1,0,0,0,0,0,1
0.2354,1200,951.035254877571,961.538461538465,0.374322174940235,0.700000000000003,0,1,1,1,0,0,0,0,1,0,0,0,0,0,1
0.2355,1200,951.090760877489,961.538461538465,0.374369867247927,0.75,0,1,1,1,0,0,0,0,1,0,0,0,0,0,1
0.2356,1200,951.146438112406,961.538461538465,0.37441755955562,0.799999999999997,0,1,1,1,0,0,0,0,1,0,0,0,0,0,1
0.2357,1200,951.202286154237,961.538461538465,0.374465251863312,0.849999999999994,0,1,1,1,0,0,0,0,1,0,0,0,0,0,1
0.2358,1200,951.258304575963,961.538461538465,0.374512944171004,0.900000000000006,0,1,1,1,0,0,0,0,1,0,0,0,0,0,1
0.2359,1200,951.314492951634,961.538461538465,0.374560636478696,0.950000000000003,0,1,1,1,0,0,0,0,1,0,0,0,0,0,1
0.236,1200,951.370850856367,961.538461538465,0.374608328786389,0,1,1,1,1,0,0,0,0,1,1,0,0,0,0,1
0.2361,1200,951.427377866337,961.538461538465,0.374656021094081,0.0499999999999972,1,1,1,1,0,0,0,0,1,1,0,0,0,0,1
0.2362,1200,951.484073558783,961.538461538465,0.374703713401773,0.0999999999999943,1,1,1,1,0,0,0,0,1,1,0,0,0,0,1
0.2363,1200,951.540937511998,961.538461538465,0.374751405709466,0.150000000000006,1,1,1,1,0,0,0,0,1,1,0,0,0,0,1
0.2364,1200,951.597969305329,961.538461538465,0.374799098017158,0.200000000000003,1,1,1,1,0,0,0,0,1,1,0,0,0,0,1
0.2365,1200,951.655168519178,961.538461538465,0.37484679032485,0.25,1,1,1,1,0,0,0,0,1,1,0,0,0,0,1
0.2366,1200,951.712534734991,961.538461538465,0.374894482632543,0.299999999999997,1,1,1,1,0,0,0,0,1,1,0,0,0,0,1
0.2367,1200,951.770067535265,961.538461538465,0.374942174940235,0.349999999999994,1,1,1,1,0,0,0,0,1,1,0,0,0,0,1
0.2368,1200,951.827766503539,961.538461538465,0.374989867247927,0.400000000000006,0,1,1,1,0,0,0,0,1,0,0,0,0,0,1
0.2369,1200,951.885631224391,925.925925925923,0.385728442746504,0.450000000000003,0,2,3,0,1,0,0,0,1,0,0,0,0,0,1
0.237,1200,952.013152024183,925.925925925923,0.385783257561319,0.5,0,2,3,0,1,0,0,0,1,0,0,0,0,0,1
0.2371,1200,952.140710318271,925.925925925923,0.385838072376134,0.549999999999997,0,2,3,0,1,0,0,0,1,0,0,0,0,0,1
0.2372,1200,952.26830601292,925.925925925923,0.385892887190949,0.599999999999994,0,2,3,0,1,0,0,0,1,0,0,0,0,0,1
0.2373,1200,952.395939014629,925.925925925923,0.385947702005764,0.650000000000006,0,2,3,0,1,0,0,0,1,0,0,0,0,0,1
0.2374,1200,952.52360923013,925.925925925923,0.386002516820579,0.700000000000003,0,2,3,0,1,0,0,0,1,0,0,0,0,0,1
0.2375,1200,952.651316566388,925.925925925923,0.386057331635393,0.75,0,2,3,0,1,0,0,0,1,0,0,0,0,0,1
0.2376,1200,952.779060930602,925.925925925923,0.386112146450208,0.799999999999997,0,2,3,0,1,0,0,0,1,0,0,0,0,0,1
0.2377,1200,952.906842230202,925.925925925923,0.386166961265023,0.849999999999994,0,2,3,0,1,0,0,0,1,0,0,0,0,0,1
0.2378,1200,953.034660372849,925.925925925923,0.386221776079838,0.900000000000006,0,2,3,0,1,0,0,0,1,0,0,0,0,0,1
0.2379,1200,953.162515266436,925.925925925923,0.386276590894653,0.950000000000003,0,2,3,0,1,0,0,0,1,0,0,0,0,0,1
0.238,1200,953.290406819085,925.925925925923,0.386331405709467,0,1,2,3,0,1,0,0,0,1,0,1,0,0,0,1
0.2381,1200,953.418334939149,925.925925925923,0.386386220524282,0.0499999999999972,1,2,3,0,1,0,0,0,1,0,1,0,0,0,1
0.2382,1200,953.546299535209,925.925925925923,0.386441035339097,0.0999999999999943,1,2,3,0,1,0,0,0,1,0,1,0,0,0,1
0.2383,1200,953.674300516075,925.925925925923,0.386495850153912,0.150000000000006,1,2,3,0,1,0,0,0,1,0,1,0,0,0,1
0.2384,1200,953.802337790785,925.925925925923,0.386550664968727,0.200000000000003,1,2,3,0,1,0,0,0,1,0,1,0,0,0,1
0.2385,1200,953.930411268605,925.925925925923,0.386605479783542,0.25,1,2,3,0,1,0,0,0,1,0,1,0,0,0,1
0.2386,1200,954.058520859027,925.925925925923,0.386660294598356,0.299999999999997,1,2,3,0,1,0,0,0,1,0,1,0,0,0,1
0.2387,1200,954.186666471768,925.925925925923,0.386715109413171,0.349999999999994,1,2,3,0,1,0,0,0,1,0,1,0,0,0,1
0.2388,1200,954.314848016775,925.925925925923,0.386769924227986,0.400000000000006,0,2,3,0,1,0,0,0,1,0,0,0,0,0,1
0.2389,1200,954.443065404215,925.925925925923,0.386824739042801,0.450000000000003,0,2,3,0,1,0,0,0,1,0,0,0,0,0,1
0.239,1200,954.571318544482,925.925925925923,0.386879553857616,0.5,0,2,3,0,1,0,0,0,1,0,0,0,0,0,1
0.2391,1200,954.699607348196,925.925925925923,0.38693436867243,0.549999999999997,0,2,3,0,1,0,0,0,1,0,0,0,0,0,1
0.2392,1200,954.827931726196,925.925925925923,0.386989183487245,0.599999999999994,0,2,3,0,1,0,0,0,1,0,0,0,0,0,1
0.2393,1200,954.956291589548,925.925925925923,0.38704399830206,0.650000000000006,0,2,3,0,1,0,0,0,1,0,0,0,0,0,1
0.2394,1200,955.084686849537,925.925925925923,0.387098813116875,0.700000000000003,0,2,3,0,1,0,0,0,1,0,0,0,0,0,1
0.2395,1200,955.213117417673,961.538461538465,0.376462744740805,0.75,0,3,2,0,1,0,1,0,0,0,0,0,1,0,0
0.2396,1200,955.272092464944,961.538461538465,0.376510437048497,0.799999999999997,0,3,2,0,1,0,1,0,0,0,0,0,1,0,0
0.2397,1200,955.331230074597,961.538461538465,0.376558129356189,0.849999999999994,0,3,2,0,1,0,1,0,0,0,0,0,1,0,0
0.2398,1200,955.390529840226,961.538461538465,0.376605821663882,0.900000000000006,0,3,2,0,1,0,1,0,0,0,0,0,1,0,0
0.2399,1200,955.44999135644,961.538461538465,0.376653513971574,0.950000000000003,0,3,2,0,1,0,1,0,0,0,0,0,1,0,0
0.24,1200,955.509614218864,961.538461538465,0.376701206279266,0,1,3,2,0,1,0,1,0,0,0,1,0,1,0,0
0.2401,1200,955.569398024133,961.538461538465,0.376748898586959,0.0499999999999972,1,3,2,0,1,0,1,0,0,0,1,0,1,0,0
0.2402,1200,955.629342369887,961.538461538465,0.376796590894651,0.0999999999999943,1,3,2,0,1,0,1,0,0,0,1,0,1,0,0
0.2403,1200,955.689446854778,961.538461538465,0.376844283202343,0.150000000000006,1,3,2,0,1,0,1,0,0,0,1,0,1,0,0
0.2404,1200,955.749711078456,961.538461538465,0.376891975510036,0.200000000000003,1,3,2,0,1,0,1,0,0,0,1,0,1,0,0
0.2405,1200,955.810134641575,961.538461538465,0.376939667817728,0.25,1,3,2,0,1,0,1,0,0,0,1,0,1,0,0
0.2406,1200,955.870717145787,961.538461538465,0.37698736012542,0.299999999999997,1,3,2,0,1,0,1,0,0,0,1,0,1,0,0
0.2407,1200,955.931458193737,961.538461538465,0.377035052433112,0.349999999999994,1,3,2,0,1,0,1,0,0,0,1,0,1,0,0
0.2408,1200,955.992357389068,961.538461538465,0.377082744740805,0.400000000000006,0,3,2,0,1,0,1,0,0,0,0,0,1,0,0
0.2409,1200,956.053414336411,961.538461538465,0.377130437048497,0.450000000000003,0,3,2,0,1,0,1,0,0,0,0,0,1,0,0
0.241,1200,956.114628641385,961.538461538465,0.377178129356189,0.5,0,3,2,0,1,0,1,0,0,0,0,0,1,0,0
0.2411,1200,956.175999910597,961.538461538465,0.377225821663882,0.550000000000011,0,3,2,0,1,0,1,0,0,0,0,0,1,0,0
0.2412,1200,956.237527751635,961.538461538465,0.377273513971574,0.599999999999994,0,3,2,0,1,0,1,0,0,0,0,0,1,0,0
0.2413,1200,956.299211773072,961.538461538465,0.377321206279266,0.650000000000006,0,3,2,0,1,0,1,0,0,0,0,0,1,0,0
0.2414,1200,956.361051584454,961.538461538465,0.377368898586958,0.700000000000003,0,3,2,0,1,0,1,0,0,0,0,0,1,0,0
0.2415,1200,956.423046796308,961.538461538465,0.377416590894651,0.75,0,3,2,0,1,0,1,0,0,0,0,0,1,0,0
0.2416,1200,956.485197020133,961.538461538465,0.377464283202343,0.800000000000011,0,3,2,0,1,0,1,0,0,0,0,0,1,0,0
0.2417,1200,956.547501868398,961.538461538465,0.377511975510035,0.849999999999994,0,3,2,0,1,0,1,0,0,0,0,0,1,0,0
0.2418,1200,956.609960954542,961.538461538465,0.377559667817728,0.900000000000006,0,3,2,0,1,0,1,0,0,0,0,0,1,0,0
0.2419,1200,956.672573892971,961.538461538465,0.37760736012542,0.950000000000003,0,3,2,0,1,0,1,0,0,0,0,0,1,0,0
0.242,1200,956.735340299054,961.538461538465,0.377655052433112,0,1,3,2,0,1,0,1,0,0,0,1,0,1,0,0
0.2421,1200,956.798259789121,961.538461538454,0.377702744740808,0.0500000000000114,1,4,6,0,0,1,1,0,0,0,0,1,1,0,0
0.2422,1200,956.861331980464,961.538461538454,0.3777504370485,0.0999999999999943,1,4,6,0,0,1,1,0,0,0,0,1,1,0,0
0.2423,1200,956.924556491328,961.538461538454,0.377798129356192,0.149999999999991,1,4,6,0,0,1,1,0,0,0,0,1,1,0,0
0.2424,1200,956.987932940915,961.538461538454,0.377845821663885,0.200000000000003,1,4,6,0,0,1,1,0,0,0,0,1,1,0,0
0.2425,1200,957.051460949378,961.538461538454,0.377893513971577,0.25,1,4,6,0,0,1,1,0,0,0,0,1,1,0,0
0.2426,1200,957.115140137819,961.538461538454,0.377941206279269,0.300000000000011,1,4,6,0,0,1,1,0,0,0,0,1,1,0,0
0.2427,1200,957.17897012829,961.538461538454,0.377988898586961,0.349999999999994,1,4,6,0,0,1,1,0,0,0,0,1,1,0,0
0.2428,1200,957.242950543785,961.538461538454,0.378036590894654,0.399999999999991,0,4,6,0,0,1,1,0,0,0,0,0,1,0,0
0.2429,1200,957.30708100824,961.538461538454,0.378084283202346,0.450000000000003,0,4,6,0,0,1,1,0,0,0,0,0,1,0,0
0.243,1200,957.371361146535,961.538461538454,0.378131975510038,0.5,0,4,6,0,0,1,1,0,0,0,0,0,1,0,0
0.2431,1200,957.435790584484,961.538461538454,0.378179667817731,0.550000000000011,0,4,6,0,0,1,1,0,0,0,0,0,1,0,0
0.2432,1200,957.500368948838,961.538461538454,0.378227360125423,0.599999999999994,0,4,6,0,0,1,1,0,0,0,0,0,1,0,0
0.2433,1200,957.565095867281,961.538461538454,0.378275052433115,0.649999999999991,0,4,6,0,0,1,1,0,0,0,0,0,1,0,0
0.2434,1200,957.629970968428,961.538461538454,0.378322744740808,0.700000000000003,0,4,6,0,0,1,1,0,0,0,0,0,1,0,0
0.2435,1200,957.694993881822,961.538461538454,0.3783704370485,0.75,0,4,6,0,0,1,1,0,0,0,0,0,1,0,0
0.2436,1200,957.760164237933,961.538461538454,0.378418129356192,0.800000000000011,0,4,6,0,0,1,1,0,0,0,0,0,1,0,0
0.2437,1200,957.825481668153,961.538461538454,0.378465821663885,0.849999999999994,0,4,6,0,0,1,1,0,0,0,0,0,1,0,0
0.2438,1200,957.890945804798,961.538461538454,0.378513513971577,0.899999999999991,0,4,6,0,0,1,1,0,0,0,0,0,1,0,0
0.2439,1200,957.956556281102,961.538461538454,0.378561206279269,0.950000000000003,0,4,6,0,0,1,1,0,0,0,0,0,1,0,0
0.244,1200,958.022312731214,961.538461538454,0.378608898586961,0,1,4,6,0,0,1,1,0,0,0,0,1,1,0,0
0.2441,1200,958.088214790201,961.538461538454,0.378656590894654,0.0500000000000114,1,4,6,0,0,1,1,0,0,0,0,1,1,0,0
0.2442,1200,958.154262094041,961.538461538454,0.378704283202346,0.0999999999999943,1,4,6,0,0,1,1,0,0,0,0,1,1,0,0
0.2443,1200,958.220454279621,961.538461538454,0.378751975510038,0.149999999999991,1,4,6,0,0,1,1,0,0,0,0,1,1,0,0
0.2444,1200,958.286790984737,961.538461538454,0.378799667817731,0.200000000000003,1,4,6,0,0,1,1,0,0,0,0,1,1,0,0
0.2445,1200,958.353271848091,961.538461538454,0.378847360125423,0.25,1,4,6,0,0,1,1,0,0,0,0,1,1,0,0
0.2446,1200,958.419896509286,961.538461538454,0.378895052433115,0.300000000000011,1,4,6,0,0,1,1,0,0,0,0,1,1,0,0
0.2447,1200,958.486664608828,961.538461538465,0.378942744740804,0.349999999999994,1,5,4,0,0,1,0,1,0,0,0,1,0,1,0
0.2448,1200,958.553575788121,961.538461538465,0.378990437048497,0.399999999999991,0,5,4,0,0,1,0,1,0,0,0,0,0,1,0
0.2449,1200,958.620629689466,961.538461538465,0.379038129356189,0.450000000000003,0,5,4,0,0,1,0,1,0,0,0,0,0,1,0
0.245,1200,958.687825956058,961.538461538465,0.379085821663881,0.5,0,5,4,0,0,1,0,1,0,0,0,0,0,1,0
0.2451,1200,958.755164231983,961.538461538465,0.379133513971574,0.550000000000011,0,5,4,0,0,1,0,1,0,0,0,0,0,1,0
0.2452,1200,958.822644162218,961.538461538465,0.379181206279266,0.599999999999994,0,5,4,0,0,1,0,1,0,0,0,0,0,1,0
0.2453,1200,958.890265392628,961.538461538465,0.379228898586958,0.649999999999991,0,5,4,0,0,1,0,1,0,0,0,0,0,1,0
0.2454,1200,958.958027569961,961.538461538465,0.379276590894651,0.700000000000003,0,5,4,0,0,1,0,1,0,0,0,0,0,1,0
0.2455,1200,959.025930341852,961.538461538465,0.379324283202343,0.75,0,5,4,0,0,1,0,1,0,0,0,0,0,1,0
0.2456,1200,959.093973356812,961.538461538465,0.379371975510035,0.800000000000011,0,5,4,0,0,1,0,1,0,0,0,0,0,1,0
0.2457,1200,959.162156264235,961.538461538465,0.379419667817727,0.849999999999994,0,5,4,0,0,1,0,1,0,0,0,0,0,1,0
0.2458,1200,959.23047871439,961.538461538465,0.37946736012542,0.899999999999991,0,5,4,0,0,1,0,1,0,0,0,0,0,1,0
0.2459,1200,959.298940358419,961.538461538465,0.379515052433112,0.950000000000003,0,5,4,0,0,1,0,1,0,0,0,0,0,1,0
0.246,1200,959.367540848338,961.538461538465,0.379562744740804,0,1,5,4,0,0,1,0,1,0,0,0,1,0,1,0
0.2461,1200,959.436279837033,961.538461538465,0.379610437048497,0.0500000000000114,1,5,4,0,0,1,0,1,0,0,0,1,0,1,0
0.2462,1200,959.505156978255,961.538461538465,0.379658129356189,0.0999999999999943,1,5,4,0,0,1,0,1,0,0,0,1,0,1,0
0.2463,1200,959.574171926625,961.538461538465,0.379705821663881,0.149999999999991,1,5,4,0,0,1,0,1,0,0,0,1,0,1,0
0.2464,1200,959.643324337624,961.538461538465,0.379753513971574,0.200000000000003,1,5,4,0,0,1,0,1,0,0,0,1,0,1,0
0.2465,1200,959.712613867595,961.538461538465,0.379801206279266,0.25,1,5,4,0,0,1,0,1,0,0,0,1,0,1,0
0.2466,1200,959.782040173741,961.538461538465,0.379848898586958,0.300000000000011,1,5,4,0,0,1,0,1,0,0,0,1,0,1,0
0.2467,1200,959.851602914122,961.538461538465,0.37989659089465,0.349999999999994,1,5,4,0,0,1,0,1,0,0,0,1,0,1,0
0.2468,1200,959.921301747652,961.538461538465,0.379944283202343,0.399999999999991,0,5,4,0,0,1,0,1,0,0,0,0,0,1,0
0.2469,1200,959.991136334098,961.538461538465,0.379991975510035,0.450000000000003,0,5,4,0,0,1,0,1,0,0,0,0,0,1,0
0.247,1200,960.061106334078,961.538461538465,0.380039667817727,0.5,0,5,4,0,0,1,0,1,0,0,0,0,0,1,0
0.2471,1200,960.131211409058,961.538461538465,0.38008736012542,0.550000000000011,0,5,4,0,0,1,0,1,0,0,0,0,0,1,0
0.2472,1200,960.201451221351,961.538461538465,0.380135052433112,0.600000000000009,0,5,4,0,0,1,0,1,0,0,0,0,0,1,0
0.2473,1200,960.271825434112,961.538461538465,0.380182744740804,0.649999999999991,0,0,5,1,0,0,0,1,0,0,0,0,0,1,0
0.2474,1200,960.342333711342,961.538461538465,0.380230437048497,0.700000000000003,0,0,5,1,0,0,0,1,0,0,0,0,0,1,0
0.2475,1200,960.412975717879,961.538461538465,0.380278129356189,0.75,0,0,5,1,0,0,0,1,0,0,0,0,0,1,0
0.2476,1200,960.4837511194,961.538461538465,0.380325821663881,0.800000000000011,0,0,5,1,0,0,0,1,0,0,0,0,0,1,0
0.2477,1200,960.554659582417,961.538461538465,0.380373513971573,0.850000000000009,0,0,5,1,0,0,0,1,0,0,0,0,0,1,0
0.2478,1200,960.625700774276,961.538461538465,0.380421206279266,0.899999999999991,0,0,5,1,0,0,0,1,0,0,0,0,0,1,0
0.2479,1200,960.696874363155,961.538461538465,0.380468898586958,0.950000000000003,0,0,5,1,0,0,0,1,0,0,0,0,0,1,0
0.248,1200,960.768180018063,961.538461538465,0.38051659089465,0,1,0,5,1,0,0,0,1,0,1,0,0,0,1,0
0.2481,1200,960.839617408833,961.538461538465,0.380564283202343,0.0500000000000114,1,0,5,1,0,0,0,1,0,1,0,0,0,1,0
0.2482,1200,960.911186206126,961.538461538465,0.380611975510035,0.100000000000009,1,0,5,1,0,0,0,1,0,1,0,0,0,1,0
0.2483,1200,960.982886081426,961.538461538465,0.380659667817727,0.149999999999991,1,0,5,1,0,0,0,1,0,1,0,0,0,1,0
0.2484,1200,961.054716707037,961.538461538465,0.38070736012542,0.200000000000003,1,0,5,1,0,0,0,1,0,1,0,0,0,1,0
0.2485,1200,961.126677756085,961.538461538465,0.380755052433112,0.25,1,0,5,1,0,0,0,1,0,1,0,0,0,1,0
0.2486,1200,961.19876890251,961.538461538465,0.380802744740804,0.299999999999997,1,0,5,1,0,0,0,1,0,1,0,0,0,1,0
0.2487,1200,961.270989821069,961.538461538465,0.380850437048497,0.350000000000009,1,0,5,1,0,0,0,1,0,1,0,0,0,1,0
0.2488,1200,961.343340187332,961.538461538465,0.380898129356189,0.399999999999991,0,0,5,1,0,0,0,1,0,0,0,0,0,1,0
0.2489,1200,961.415819677679,961.538461538465,0.380945821663881,0.450000000000003,0,0,5,1,0,0,0,1,0,0,0,0,0,1,0
0.249,1200,961.4884279693,961.538461538465,0.380993513971573,0.5,0,0,5,1,0,0,0,1,0,0,0,0,0,1,0
0.2491,1200,961.561164740192,961.538461538465,0.381041206279266,0.549999999999997,0,0,5,1,0,0,0,1,0,0,0,0,0,1,0
0.2492,1200,961.634029669156,961.538461538465,0.381088898586958,0.600000000000009,0,0,5,1,0,0,0,1,0,0,0,0,0,1,0
0.2493,1200,961.707022435799,961.538461538465,0.38113659089465,0.649999999999991,0,0,5,1,0,0,0,1,0,0,0,0,0,1,0
0.2494,1200,961.780142720524,961.538461538465,0.381184283202343,0.700000000000003,0,0,5,1,0,0,0,1,0,0,0,0,0,1,0
0.2495,1200,961.853390204538,961.538461538465,0.381231975510035,0.75,0,0,5,1,0,0,0,1,0,0,0,0,0,1,0
0.2496,1200,961.926764569842,961.538461538465,0.381279667817727,0.799999999999997,0,0,5,1,0,0,0,1,0,0,0,0,0,1,0
0.2497,1200,962.000265499233,961.538461538465,0.38132736012542,0.850000000000009,0,0,5,1,0,0,0,1,0,0,0,0,0,1,0
0.2498,1200,962.0738926763,961.538461538465,0.381375052433112,0.899999999999991,0,0,5,1,0,0,0,1,0,0,0,0,0,1,0
0.2499,1200,962.147645785424,961.538461538454,0.381422744740807,0.950000000000003,0,1,1,1,0,0,0,0,1,0,0,0,0,0,1
0.25,1200,962.221524511776,961.538461538454,0.3814704370485,0,1,1,1,1,0,0,0,0,1,1,0,0,0,0,1
0.2501,1200,962.295528541312,961.538461538454,0.381518129356192,0.0499999999999972,1,1,1,1,0,0,0,0,1,1,0,0,0,0,1
0.2502,1200,962.369657560774,961.538461538454,0.381565821663884,0.0999999999999943,1,1,1,1,0,0,0,0,1,1,0,0,0,0,1
0.2503,1200,962.443911257687,961.538461538454,0.381613513971576,0.149999999999977,1,1,1,1,0,0,0,0,1,1,0,0,0,0,1
0.2504,1200,962.518289320358,961.538461538454,0.381661206279269,0.200000000000003,1,1,1,1,0,0,0,0,1,1,0,0,0,0,1
0.2505,1200,962.592791437873,961.538461538454,0.381708898586961,0.25,1,1,1,1,0,0,0,0,1,1,0,0,0,0,1
0.2506,1200,962.667417300093,961.538461538454,0.381756590894653,0.299999999999997,1,1,1,1,0,0,0,0,1,1,0,0,0,0,1
0.2507,1200,962.742166597658,961.538461538454,0.381804283202346,0.350000000000023,1,1,1,1,0,0,0,0,1,1,0,0,0,0,1
0.2508,1200,962.817039021979,961.538461538454,0.381851975510038,0.400000000000006,0,1,1,1,0,0,0,0,1,0,0,0,0,0,1
0.2509,1200,962.89203426524,961.538461538454,0.38189966781773,0.450000000000003,0,1,1,1,0,0,0,0,1,0,0,0,0,0,1
0.251,1200,962.967152020392,961.538461538454,0.381947360125423,0.5,0,1,1,1,0,0,0,0,1,0,0,0,0,0,1
0.2511,1200,963.042391981156,961.538461538454,0.381995052433115,0.549999999999997,0,1,1,1,0,0,0,0,1,0,0,0,0,0,1
0.2512,1200,963.117753842019,961.538461538454,0.382042744740807,0.599999999999994,0,1,1,1,0,0,0,0,1,0,0,0,0,0,1
0.2513,1200,963.193237298229,961.538461538454,0.382090437048499,0.649999999999977,0,1,1,1,0,0,0,0,1,0,0,0,0,0,1
0.2514,1200,963.268842045798,961.538461538454,0.382138129356192,0.700000000000003,0,1,1,1,0,0,0,0,1,0,0,0,0,0,1
0.2515,1200,963.344567781499,961.538461538454,0.382185821663884,0.75,0,1,1,1,0,0,0,0,1,0,0,0,0,0,1
0.2516,1200,963.420414202861,961.538461538454,0.382233513971576,0.799999999999997,0,1,1,1,0,0,0,0,1,0,0,0,0,0,1
0.2517,1200,963.496381008169,961.538461538454,0.382281206279269,0.850000000000023,0,1,1,1,0,0,0,0,1,0,0,0,0,0,1
0.2518,1200,963.572467896464,961.538461538454,0.382328898586961,0.900000000000006,0,1,1,1,0,0,0,0,1,0,0,0,0,0,1
0.2519,1200,963.648674567538,961.538461538454,0.382376590894653,0.950000000000003,0,1,1,1,0,0,0,0,1,0,0,0,0,0,1
0.252,1200,963.725000721934,961.538461538454,0.382424283202346,0,1,1,1,1,0,0,0,0,1,1,0,0,0,0,1
0.2521,1200,963.801446060944,961.538461538454,0.382471975510038,0.0499999999999972,1,1,1,1,0,0,0,0,1,1,0,0,0,0,1
0.2522,1200,963.878010286607,961.538461538454,0.38251966781773,0.0999999999999943,1,1,1,1,0,0,0,0,1,1,0,0,0,0,1
0.2523,1200,963.954693101706,961.538461538454,0.382567360125422,0.149999999999977,1,1,1,1,0,0,0,0,1,1,0,0,0,0,1
0.2524,1200,964.031494209767,961.538461538454,0.382615052433115,0.200000000000003,1,1,1,1,0,0,0,0,1,1,0,0,0,0,1
0.2525,1200,964.108413315058,961.538461538465,0.382662744740804,0.25,1,2,3,0,1,0,0,0,1,0,1,0,0,0,1
0.2526,1200,964.185450122586,961.538461538465,0.382710437048496,0.299999999999997,1,2,3,0,1,0,0,0,1,0,1,0,0,0,1
0.2527,1200,964.262604338094,961.538461538465,0.382758129356189,0.350000000000023,1,2,3,0,1,0,0,0,1,0,1,0,0,0,1
0.2528,1200,964.339875668064,961.538461538465,0.382805821663881,0.400000000000006,0,2,3,0,1,0,0,0,1,0,0,0,0,0,1
0.2529,1200,964.417263819709,961.538461538465,0.382853513971573,0.450000000000003,0,2,3,0,1,0,0,0,1,0,0,0,0,0,1
0.253,1200,964.494768500975,961.538461538465,0.382901206279265,0.5,0,2,3,0,1,0,0,0,1,0,0,0,0,0,1
0.2531,1200,964.572389420538,961.538461538465,0.382948898586958,0.549999999999997,0,2,3,0,1,0,0,0,1,0,0,0,0,0,1
0.2532,1200,964.650126287802,961.538461538465,0.38299659089465,0.599999999999994,0,2,3,0,1,0,0,0,1,0,0,0,0,0,1
0.2533,1200,964.727978812898,961.538461538465,0.383044283202342,0.649999999999991,0,2,3,0,1,0,0,0,1,0,0,0,0,0,1
0.2534,1200,964.805946706681,961.538461538465,0.383091975510035,0.700000000000003,0,2,3,0,1,0,0,0,1,0,0,0,0,0,1
0.2535,1200,964.884029680729,961.538461538465,0.383139667817727,0.75,0,2,3,0,1,0,0,0,1,0,0,0,0,0,1
0.2536,1200,964.962227447343,961.538461538465,0.383187360125419,0.799999999999997,0,2,3,0,1,0,0,0,1,0,0,0,0,0,1
0.2537,1200,965.04053971954,961.538461538465,0.383235052433112,0.850000000000023,0,2,3,0,1,0,0,0,1,0,0,0,0,0,1
0.2538,1200,965.118966211056,961.538461538465,0.383282744740804,0.900000000000006,0,2,3,0,1,0,0,0,1,0,0,0,0,0,1
0.2539,1200,965.197506636343,961.538461538465,0.383330437048496,0.950000000000003,0,2,3,0,1,0,0,0,1,0,0,0,0,0,1
0.254,1200,965.276160710568,961.538461538465,0.383378129356188,0,1,2,3,0,1,0,0,0,1,0,1,0,0,0,1
0.2541,1200,965.354928149607,961.538461538465,0.383425821663881,0.0499999999999972,1,2,3,0,1,0,0,0,1,0,1,0,0,0,1
0.2542,1200,965.433808670048,961.538461538465,0.383473513971573,0.0999999999999943,1,2,3,0,1,0,0,0,1,0,1,0,0,0,1
0.2543,1200,965.512801989188,961.538461538465,0.383521206279265,0.149999999999991,1,2,3,0,1,0,0,0,1,0,1,0,0,0,1
0.2544,1200,965.59190782503,961.538461538465,0.383568898586958,0.200000000000003,1,2,3,0,1,0,0,0,1,0,1,0,0,0,1
0.2545,1200,965.671125896283,961.538461538465,0.38361659089465,0.25,1,2,3,0,1,0,0,0,1,0,1,0,0,0,1
0.2546,1200,965.750455922357,961.538461538465,0.383664283202342,0.299999999999997,1,2,3,0,1,0,0,0,1,0,1,0,0,0,1
0.2547,1200,965.829897623367,961.538461538465,0.383711975510035,0.350000000000023,1,2,3,0,1,0,0,0,1,0,1,0,0,0,1
0.2548,1200,965.909450720123,961.538461538465,0.383759667817727,0.40000000000002,0,2,3,0,1,0,0,0,1,0,0,0,0,0,1
0.2549,1200,965.989114934138,961.538461538465,0.383807360125419,0.450000000000003,0,2,3,0,1,0,0,0,1,0,0,0,0,0,1
0.255,1200,966.068889987618,961.538461538465,0.383855052433111,0.5,0,2,3,0,1,0,0,0,1,0,0,0,0,0,1
0.2551,1200,966.148775603464,961.538461538465,0.383902744740804,0.549999999999997,0,3,2,0,1,0,1,0,0,0,0,0,1,0,0
0.2552,1200,966.228771505271,961.538461538465,0.383950437048496,0.599999999999994,0,3,2,0,1,0,1,0,0,0,0,0,1,0,0
0.2553,1200,966.308877417323,961.538461538465,0.383998129356188,0.649999999999991,0,3,2,0,1,0,1,0,0,0,0,0,1,0,0
0.2554,1200,966.389093064595,961.538461538465,0.384045821663881,0.699999999999974,0,3,2,0,1,0,1,0,0,0,0,0,1,0,0
0.2555,1200,966.469418172749,961.538461538465,0.384093513971573,0.75,0,3,2,0,1,0,1,0,0,0,0,0,1,0,0
0.2556,1200,966.549852468132,961.538461538465,0.384141206279265,0.799999999999997,0,3,2,0,1,0,1,0,0,0,0,0,1,0,0
0.2557,1200,966.630395677777,961.538461538465,0.384188898586958,0.850000000000023,0,3,2,0,1,0,1,0,0,0,0,0,1,0,0
0.2558,1200,966.711047529398,961.538461538465,0.38423659089465,0.90000000000002,0,3,2,0,1,0,1,0,0,0,0,0,1,0,0
0.2559,1200,966.791807751389,961.538461538465,0.384284283202342,0.950000000000003,0,3,2,0,1,0,1,0,0,0,0,0,1,0,0
0.256,1200,966.872676072826,961.538461538465,0.384331975510035,0,1,3,2,0,1,0,1,0,0,0,1,0,1,0,0
0.2561,1200,966.953652223459,961.538461538465,0.384379667817727,0.0500000000000114,1,3,2,0,1,0,1,0,0,0,1,0,1,0,0
0.2562,1200,967.034735933716,961.538461538465,0.384427360125419,0.0999999999999943,1,3,2,0,1,0,1,0,0,0,1,0,1,0,0
0.2563,1200,967.115926934697,961.538461538465,0.384475052433111,0.149999999999977,1,3,2,0,1,0,1,0,0,0,1,0,1,0,0
0.2564,1200,967.197224958175,961.538461538465,0.384522744740804,0.199999999999989,1,3,2,0,1,0,1,0,0,0,1,0,1,0,0
0.2565,1200,967.278629736595,961.538461538465,0.384570437048496,0.25,1,3,2,0,1,0,1,0,0,0,1,0,1,0,0
0.2566,1200,967.360141003069,961.538461538465,0.384618129356188,0.300000000000011,1,3,2,0,1,0,1,0,0,0,1,0,1,0,0
0.2567,1200,967.441758491376,961.538461538465,0.384665821663881,0.350000000000023,1,3,2,0,1,0,1,0,0,0,1,0,1,0,0
0.2568,1200,967.523481935963,961.538461538465,0.384713513971573,0.400000000000006,0,3,2,0,1,0,1,0,0,0,0,0,1,0,0
0.2569,1200,967.605311071939,961.538461538465,0.384761206279265,0.450000000000017,0,3,2,0,1,0,1,0,0,0,0,0,1,0,0
0.257,1200,967.687245635074,961.538461538465,0.384808898586958,0.5,0,3,2,0,1,0,1,0,0,0,0,0,1,0,0
0.2571,1200,967.769285361802,961.538461538465,0.38485659089465,0.550000000000011,0,3,2,0,1,0,1,0,0,0,0,0,1,0,0
0.2572,1200,967.851429989212,961.538461538465,0.384904283202342,0.599999999999994,0,3,2,0,1,0,1,0,0,0,0,0,1,0,0
0.2573,1200,967.933679255054,961.538461538465,0.384951975510034,0.649999999999977,0,3,2,0,1,0,1,0,0,0,0,0,1,0,0
0.2574,1200,968.016032897732,961.538461538465,0.384999667817727,0.699999999999989,0,3,2,0,1,0,1,0,0,0,0,0,1,0,0
0.2575,1200,968.098490656303,961.538461538465,0.385047360125419,0.75,0,3,2,0,1,0,1,0,0,0,0,0,1,0,0
0.2576,1200,968.181052270477,961.538461538465,0.385095052433111,0.800000000000011,0,3,2,0,1,0,1,0,0,0,0,0,1,0,0
0.2577,1200,968.263717480616,961.538461538444,0.38514274474081,0.850000000000023,0,4,6,0,0,1,1,0,0,0,0,0,1,0,0
0.2578,1200,968.34648602773,961.538461538444,0.385190437048502,0.900000000000006,0,4,6,0,0,1,1,0,0,0,0,0,1,0,0
0.2579,1200,968.429357653476,961.538461538444,0.385238129356194,0.950000000000017,0,4,6,0,0,1,1,0,0,0,0,0,1,0,0
0.258,1200,968.512332100157,961.538461538444,0.385285821663887,0,1,4,6,0,0,1,1,0,0,0,0,1,1,0,0
0.2581,1200,968.595409110722,961.538461538444,0.385333513971579,0.0500000000000114,1,4,6,0,0,1,1,0,0,0,0,1,1,0,0
0.2582,1200,968.678588428761,961.538461538444,0.385381206279271,0.0999999999999943,1,4,6,0,0,1,1,0,0,0,0,1,1,0,0
0.2583,1200,968.761869798504,961.538461538444,0.385428898586964,0.149999999999977,1,4,6,0,0,1,1,0,0,0,0,1,1,0,0
0.2584,1200,968.845252964823,961.538461538444,0.385476590894656,0.199999999999989,1,4,6,0,0,1,1,0,0,0,0,1,1,0,0
0.2585,1200,968.928737673226,961.538461538444,0.385524283202348,0.25,1,4,6,0,0,1,1,0,0,0,0,1,1,0,0
0.2586,1200,969.012323669859,961.538461538444,0.385571975510041,0.300000000000011,1,4,6,0,0,1,1,0,0,0,0,1,1,0,0
0.2587,1200,969.096010701499,961.538461538444,0.385619667817733,0.350000000000023,1,4,6,0,0,1,1,0,0,0,0,1,1,0,0
0.2588,1200,969.179798515561,961.538461538444,0.385667360125425,0.400000000000006,0,4,6,0,0,1,1,0,0,0,0,0,1,0,0
0.2589,1200,969.263686860087,961.538461538444,0.385715052433117,0.450000000000017,0,4,6,0,0,1,1,0,0,0,0,0,1,0,0
0.259,1200,969.347675483752,961.538461538444,0.38576274474081,0.5,0,4,6,0,0,1,1,0,0,0,0,0,1,0,0
0.2591,1200,969.431764135858,961.538461538444,0.385810437048502,0.550000000000011,0,4,6,0,0,1,1,0,0,0,0,0,1,0,0
0.2592,1200,969.515952566334,961.538461538444,0.385858129356194,0.599999999999994,0,4,6,0,0,1,1,0,0,0,0,0,1,0,0
0.2593,1200,969.600240525733,961.538461538444,0.385905821663887,0.649999999999977,0,4,6,0,0,1,1,0,0,0,0,0,1,0,0
0.2594,1200,969.684627765234,961.538461538444,0.385953513971579,0.699999999999989,0,4,6,0,0,1,1,0,0,0,0,0,1,0,0
0.2595,1200,969.769114036636,961.538461538444,0.386001206279271,0.75,0,4,6,0,0,1,1,0,0,0,0,0,1,0,0
0.2596,1200,969.85369909236,961.538461538444,0.386048898586964,0.800000000000011,0,4,6,0,0,1,1,0,0,0,0,0,1,0,0
0.2597,1200,969.938382685444,961.538461538444,0.386096590894656,0.850000000000023,0,4,6,0,0,1,1,0,0,0,0,0,1,0,0
0.2598,1200,970.023164569546,961.538461538444,0.386144283202348,0.900000000000006,0,4,6,0,0,1,1,0,0,0,0,0,1,0,0
0.2599,1200,970.108044498937,961.538461538444,0.38619197551004,0.950000000000017,0,4,6,0,0,1,1,0,0,0,0,0,1,0,0
0.26,1200,970.193022228505,961.538461538444,0.386239667817733,0,1,4,6,0,0,1,1,0,0,0,0,1,1,0,0
0.2601,1200,970.278097513749,961.538461538444,0.386287360125425,0.0500000000000114,1,4,6,0,0,1,1,0,0,0,0,1,1,0,0
0.2602,1200,970.36327011078,961.538461538444,0.386335052433117,0.0999999999999943,1,4,6,0,0,1,1,0,0,0,0,1,1,0,0
0.2603,1200,970.448539776318,961.538461538485,0.386382744740797,0.149999999999977,1,5,4,0,0,1,0,1,0,0,0,1,0,1,0
0.2604,1200,970.533906267693,961.538461538485,0.38643043704849,0.199999999999989,1,5,4,0,0,1,0,1,0,0,0,1,0,1,0
0.2605,1200,970.619369342839,961.538461538485,0.386478129356182,0.25,1,5,4,0,0,1,0,1,0,0,0,1,0,1,0
0.2606,1200,970.704928760297,961.538461538485,0.386525821663874,0.300000000000011,1,5,4,0,0,1,0,1,0,0,0,1,0,1,0
0.2607,1200,970.790584279211,961.538461538485,0.386573513971567,0.350000000000023,1,5,4,0,0,1,0,1,0,0,0,1,0,1,0
0.2608,1200,970.876335659328,961.538461538485,0.386621206279259,0.400000000000006,0,5,4,0,0,1,0,1,0,0,0,0,0,1,0
0.2609,1200,970.962182660995,961.538461538485,0.386668898586951,0.450000000000017,0,5,4,0,0,1,0,1,0,0,0,0,0,1,0
0.261,1200,971.048125045158,961.538461538485,0.386716590894643,0.5,0,5,4,0,0,1,0,1,0,0,0,0,0,1,0
0.2611,1200,971.13416257336,961.538461538485,0.386764283202336,0.550000000000011,0,5,4,0,0,1,0,1,0,0,0,0,0,1,0
0.2612,1200,971.220295007742,961.538461538485,0.386811975510028,0.599999999999994,0,5,4,0,0,1,0,1,0,0,0,0,0,1,0
0.2613,1200,971.306522111038,961.538461538485,0.38685966781772,0.649999999999977,0,5,4,0,0,1,0,1,0,0,0,0,0,1,0
0.2614,1200,971.392843646575,961.538461538485,0.386907360125413,0.699999999999989,0,5,4,0,0,1,0,1,0,0,0,0,0,1,0
0.2615,1200,971.479259378274,961.538461538485,0.386955052433105,0.75,0,5,4,0,0,1,0,1,0,0,0,0,0,1,0
0.2616,1200,971.565769070644,961.538461538485,0.387002744740797,0.800000000000011,0,5,4,0,0,1,0,1,0,0,0,0,0,1,0
0.2617,1200,971.652372488782,961.538461538485,0.38705043704849,0.850000000000023,0,5,4,0,0,1,0,1,0,0,0,0,0,1,0
0.2618,1200,971.739069398375,961.538461538485,0.387098129356182,0.900000000000006,0,5,4,0,0,1,0,1,0,0,0,0,0,1,0
0.2619,1200,971.825859565695,961.538461538485,0.387145821663874,0.950000000000017,0,5,4,0,0,1,0,1,0,0,0,0,0,1,0
0.262,1200,971.912742757596,961.538461538485,0.387193513971566,0,1,5,4,0,0,1,0,1,0,0,0,1,0,1,0
0.2621,1200,971.999718741517,961.538461538485,0.387241206279259,0.0500000000000114,1,5,4,0,0,1,0,1,0,0,0,1,0,1,0
0.2622,1200,972.086787285478,961.538461538485,0.387288898586951,0.0999999999999943,1,5,4,0,0,1,0,1,0,0,0,1,0,1,0
0.2623,1200,972.17394815808,961.538461538485,0.387336590894643,0.149999999999977,1,5,4,0,0,1,0,1,0,0,0,1,0,1,0
0.2624,1200,972.2612011285,961.538461538485,0.387384283202336,0.199999999999989,1,5,4,0,0,1,0,1,0,0,0,1,0,1,0
0.2625,1200,972.348545966493,961.538461538485,0.387431975510028,0.25,1,5,4,0,0,1,0,1,0,0,0,1,0,1,0
0.2626,1200,972.435982442392,961.538461538485,0.38747966781772,0.300000000000011,1,5,4,0,0,1,0,1,0,0,0,1,0,1,0
0.2627,1200,972.523510327102,961.538461538485,0.387527360125413,0.349999999999994,1,5,4,0,0,1,0,1,0,0,0,1,0,1,0
0.2628,1200,972.611129392099,999.999999999977,0.376028898586965,0.400000000000006,0,0,5,1,0,0,0,1,0,0,0,0,0,1,0
0.2629,1200,972.623789409434,999.999999999977,0.376068898586965,0.450000000000017,0,0,5,1,0,0,0,1,0,0,0,0,0,1,0
0.263,1200,972.636677776726,999.999999999977,0.376108898586965,0.5,0,0,5,1,0,0,0,1,0,0,0,0,0,1,0
0.2631,1200,972.649793923099,999.999999999977,0.376148898586965,0.550000000000011,0,0,5,1,0,0,0,1,0,0,0,0,0,1,0
0.2632,1200,972.663137279107,999.999999999977,0.376188898586965,0.599999999999994,0,0,5,1,0,0,0,1,0,0,0,0,0,1,0
0.2633,1200,972.676707276724,999.999999999977,0.376228898586965,0.649999999999977,0,0,5,1,0,0,0,1,0,0,0,0,0,1,0
0.2634,1200,972.690503349348,999.999999999977,0.376268898586965,0.699999999999989,0,0,5,1,0,0,0,1,0,0,0,0,0,1,0
0.2635,1200,972.70452493179,999.999999999977,0.376308898586965,0.75,0,0,5,1,0,0,0,1,0,0,0,0,0,1,0
0.2636,1200,972.718771460276,999.999999999977,0.376348898586965,0.800000000000011,0,0,5,1,0,0,0,1,0,0,0,0,0,1,0
0.2637,1200,972.73324237244,999.999999999977,0.376388898586965,0.849999999999994,0,0,5,1,0,0,0,1,0,0,0,0,0,1,0
0.2638,1200,972.747937107324,999.999999999977,0.376428898586965,0.900000000000006,0,0,5,1,0,0,0,1,0,0,0,0,0,1,0
0.2639,1200,972.762855105371,999.999999999977,0.376468898586965,0.950000000000017,0,0,5,1,0,0,0,1,0,0,0,0,0,1,0
0.264,1200,972.777995808423,999.999999999977,0.376508898586965,0,1,0,5,1,0,0,0,1,0,1,0,0,0,1,0
0.2641,1200,972.793358659717,999.999999999977,0.376548898586965,0.0500000000000114,1,0,5,1,0,0,0,1,0,1,0,0,0,1,0
0.2642,1200,972.808943103883,999.999999999977,0.376588898586965,0.0999999999999943,1,0,5,1,0,0,0,1,0,1,0,0,0,1,0
0.2643,1200,972.824748586939,999.999999999977,0.376628898586965,0.149999999999977,1,0,5,1,0,0,0,1,0,1,0,0,0,1,0
0.2644,1200,972.840774556287,999.999999999977,0.376668898586965,0.199999999999989,1,0,5,1,0,0,0,1,0,1,0,0,0,1,0
0.2645,1200,972.857020460711,999.999999999977,0.376708898586965,0.25,1,0,5,1,0,0,0,1,0,1,0,0,0,1,0
0.2646,1200,972.873485750375,999.999999999977,0.376748898586965,0.300000000000011,1,0,5,1,0,0,0,1,0,1,0,0,0,1,0
0.2647,1200,972.890169876814,999.999999999977,0.376788898586965,0.349999999999994,1,0,5,1,0,0,0,1,0,1,0,0,0,1,0
0.2648,1200,972.907072292937,999.999999999977,0.376828898586965,0.400000000000006,0,0,5,1,0,0,0,1,0,0,0,0,0,1,0
0.2649,1200,972.92419245302,999.999999999977,0.376868898586965,0.450000000000017,0,0,5,1,0,0,0,1,0,0,0,0,0,1,0
0.265,1200,972.941529812703,999.999999999977,0.376908898586965,0.5,0,0,5,1,0,0,0,1,0,0,0,0,0,1,0
0.2651,1200,972.959083828987,999.999999999977,0.376948898586965,0.550000000000011,0,0,5,1,0,0,0,1,0,0,0,0,0,1,0
0.2652,1200,972.97685396023,999.999999999977,0.376988898586965,0.599999999999994,0,0,5,1,0,0,0,1,0,0,0,0,0,1,0
0.2653,1200,972.994839666144,999.999999999977,0.377028898586965,0.649999999999977,0,0,5,1,0,0,0,1,0,0,0,0,0,1,0
0.2654,1200,973.013040407794,961.538461538485,0.388615052433105,0.699999999999989,0,1,1,1,0,0,0,0,1,0,0,0,0,0,1
0.2655,1200,973.10650564759,961.538461538485,0.388662744740797,0.75,0,1,1,1,0,0,0,0,1,0,0,0,0,0,1
0.2656,1200,973.200047224286,961.538461538485,0.388710437048489,0.800000000000011,0,1,1,1,0,0,0,0,1,0,0,0,0,0,1
0.2657,1200,973.293664947041,961.538461538485,0.388758129356182,0.849999999999994,0,1,1,1,0,0,0,0,1,0,0,0,0,0,1
0.2658,1200,973.387358625488,961.538461538485,0.388805821663874,0.900000000000006,0,1,1,1,0,0,0,0,1,0,0,0,0,0,1
0.2659,1200,973.48112806974,961.538461538485,0.388853513971566,0.950000000000017,0,1,1,1,0,0,0,0,1,0,0,0,0,0,1
0.266,1200,973.574973090381,961.538461538485,0.388901206279258,0,1,1,1,1,0,0,0,0,1,1,0,0,0,0,1
0.2661,1200,973.66889349847,961.538461538485,0.388948898586951,0.0500000000000114,1,1,1,1,0,0,0,0,1,1,0,0,0,0,1
0.2662,1200,973.762889105539,961.538461538485,0.388996590894643,0.0999999999999943,1,1,1,1,0,0,0,0,1,1,0,0,0,0,1
0.2663,1200,973.85695972359,961.538461538485,0.389044283202335,0.149999999999977,1,1,1,1,0,0,0,0,1,1,0,0,0,0,1
0.2664,1200,973.951105165096,961.538461538485,0.389091975510028,0.199999999999989,1,1,1,1,0,0,0,0,1,1,0,0,0,0,1
0.2665,1200,974.045325242999,961.538461538485,0.38913966781772,0.25,1,1,1,1,0,0,0,0,1,1,0,0,0,0,1
0.2666,1200,974.139619770707,961.538461538485,0.389187360125412,0.300000000000011,1,1,1,1,0,0,0,0,1,1,0,0,0,0,1
0.2667,1200,974.233988562095,961.538461538485,0.389235052433105,0.349999999999994,1,1,1,1,0,0,0,0,1,1,0,0,0,0,1
0.2668,1200,974.328431431505,961.538461538485,0.389282744740797,0.400000000000006,0,1,1,1,0,0,0,0,1,0,0,0,0,0,1
0.2669,1200,974.422948193741,961.538461538485,0.389330437048489,0.450000000000017,0,1,1,1,0,0,0,0,1,0,0,0,0,0,1
0.267,1200,974.517538664072,961.538461538485,0.389378129356181,0.5,0,1,1,1,0,0,0,0,1,0,0,0,0,0,1
0.2671,1200,974.612202658227,961.538461538485,0.389425821663874,0.550000000000011,0,1,1,1,0,0,0,0,1,0,0,0,0,0,1
0.2672,1200,974.706939992397,961.538461538485,0.389473513971566,0.599999999999994,0,1,1,1,0,0,0,0,1,0,0,0,0,0,1
0.2673,1200,974.801750483231,961.538461538485,0.389521206279258,0.649999999999977,0,1,1,1,0,0,0,0,1,0,0,0,0,0,1
0.2674,1200,974.896633947838,961.538461538485,0.389568898586951,0.699999999999989,0,1,1,1,0,0,0,0,1,0,0,0,0,0,1
0.2675,1200,974.991590203784,961.538461538485,0.389616590894643,0.75,0,1,1,1,0,0,0,0,1,0,0,0,0,0,1
0.2676,1200,975.086619069089,961.538461538485,0.389664283202335,0.800000000000011,0,1,1,1,0,0,0,0,1,0,0,0,0,0,1
0.2677,1200,975.181720362232,961.538461538485,0.389711975510028,0.849999999999994,0,1,1,1,0,0,0,0,1,0,0,0,0,0,1
0.2678,1200,975.276893902141,961.538461538485,0.38975966781772,0.900000000000006,0,1,1,1,0,0,0,0,1,0,0,0,0,0,1
0.2679,1200,975.372139508201,961.538461538485,0.389807360125412,0.950000000000017,0,1,1,1,0,0,0,0,1,0,0,0,0,0,1
0.268,1200,975.467457000246,961.538461538444,0.389855052433117,0,1,2,3,0,1,0,0,0,1,0,1,0,0,0,1
0.2681,1200,975.56284619856,961.538461538444,0.389902744740809,0.0500000000000114,1,2,3,0,1,0,0,0,1,0,1,0,0,0,1
0.2682,1200,975.658306923879,961.538461538444,0.389950437048501,0.0999999999999943,1,2,3,0,1,0,0,0,1,0,1,0,0,0,1
0.2683,1200,975.753838997385,961.538461538444,0.389998129356194,0.149999999999977,1,2,3,0,1,0,0,0,1,0,1,0,0,0,1
0.2684,1200,975.849442240707,961.538461538444,0.390045821663886,0.199999999999989,1,2,3,0,1,0,0,0,1,0,1,0,0,0,1
0.2685,1200,975.94511647592,961.538461538444,0.390093513971578,0.249999999999972,1,2,3,0,1,0,0,0,1,0,1,0,0,0,1
0.2686,1200,976.040861525545,961.538461538444,0.390141206279271,0.300000000000011,1,2,3,0,1,0,0,0,1,0,1,0,0,0,1
0.2687,1200,976.136677212547,961.538461538444,0.390188898586963,0.349999999999994,1,2,3,0,1,0,0,0,1,0,1,0,0,0,1
0.2688,1200,976.232563360331,961.538461538444,0.390236590894655,0.400000000000006,0,2,3,0,1,0,0,0,1,0,0,0,0,0,1
0.2689,1200,976.328519792745,961.538461538444,0.390284283202348,0.450000000000017,0,2,3,0,1,0,0,0,1,0,0,0,0,0,1
0.269,1200,976.424546334079,961.538461538444,0.39033197551004,0.5,0,2,3,0,1,0,0,0,1,0,0,0,0,0,1
0.2691,1200,976.520642809059,961.538461538444,0.390379667817732,0.550000000000011,0,2,3,0,1,0,0,0,1,0,0,0,0,0,1
0.2692,1200,976.616809042851,961.538461538444,0.390427360125424,0.599999999999994,0,2,3,0,1,0,0,0,1,0,0,0,0,0,1
0.2693,1200,976.713044861059,961.538461538444,0.390475052433117,0.650000000000006,0,2,3,0,1,0,0,0,1,0,0,0,0,0,1
0.2694,1200,976.809350089722,961.538461538444,0.390522744740809,0.699999999999989,0,2,3,0,1,0,0,0,1,0,0,0,0,0,1
0.2695,1200,976.905724555313,961.538461538444,0.390570437048501,0.749999999999972,0,2,3,0,1,0,0,0,1,0,0,0,0,0,1
0.2696,1200,977.00216808474,961.538461538444,0.390618129356194,0.800000000000011,0,2,3,0,1,0,0,0,1,0,0,0,0,0,1
0.2697,1200,977.098680505343,961.538461538444,0.390665821663886,0.849999999999994,0,2,3,0,1,0,0,0,1,0,0,0,0,0,1
0.2698,1200,977.195261644895,961.538461538444,0.390713513971578,0.900000000000034,0,2,3,0,1,0,0,0,1,0,0,0,0,0,1
0.2699,1200,977.291911331598,961.538461538444,0.390761206279271,0.950000000000017,0,2,3,0,1,0,0,0,1,0,0,0,0,0,1
0.27,1200,977.388629394084,961.538461538444,0.390808898586963,0,1,2,3,0,1,0,0,0,1,0,1,0,0,0,1
0.2701,1200,977.485415661414,961.538461538444,0.390856590894655,0.0500000000000114,1,2,3,0,1,0,0,0,1,0,1,0,0,0,1
0.2702,1200,977.582269963076,961.538461538444,0.390904283202347,0.0999999999999943,1,2,3,0,1,0,0,0,1,0,1,0,0,0,1
0.2703,1200,977.679192128984,961.538461538444,0.39095197551004,0.150000000000006,1,2,3,0,1,0,0,0,1,0,1,0,0,0,1
0.2704,1200,977.776181989477,961.538461538444,0.390999667817732,0.199999999999989,1,2,3,0,1,0,0,0,1,0,1,0,0,0,1
0.2705,1200,977.873239375318,1000.00000000002,0.379501206279259,0.249999999999972,1,3,2,0,1,0,1,0,0,0,1,0,1,0,0
0.2706,1200,977.895314117695,1000.00000000002,0.379541206279259,0.300000000000011,1,3,2,0,1,0,1,0,0,0,1,0,1,0,0
0.2707,1200,977.917593673216,1000.00000000002,0.379581206279259,0.349999999999994,1,3,2,0,1,0,1,0,0,0,1,0,1,0,0
0.2708,1200,977.940077529848,1000.00000000002,0.379621206279259,0.400000000000034,0,3,2,0,1,0,1,0,0,0,0,0,1,0,0
0.2709,1200,977.962765176839,1000.00000000002,0.379661206279259,0.450000000000017,0,3,2,0,1,0,1,0,0,0,0,0,1,0,0
0.271,1200,977.985656104712,1000.00000000002,0.379701206279259,0.5,0,3,2,0,1,0,1,0,0,0,0,0,1,0,0
0.2711,1200,978.008749805265,1000.00000000002,0.379741206279259,0.550000000000011,0,3,2,0,1,0,1,0,0,0,0,0,1,0,0
0.2712,1200,978.032045771567,1000.00000000002,0.379781206279259,0.599999999999994,0,3,2,0,1,0,1,0,0,0,0,0,1,0,0
0.2713,1200,978.055543497954,1000.00000000002,0.379821206279259,0.650000000000006,0,3,2,0,1,0,1,0,0,0,0,0,1,0,0
0.2714,1200,978.079242480024,1000.00000000002,0.379861206279259,0.699999999999989,0,3,2,0,1,0,1,0,0,0,0,0,1,0,0
0.2715,1200,978.103142214639,1000.00000000002,0.379901206279259,0.749999999999972,0,3,2,0,1,0,1,0,0,0,0,0,1,0,0
0.2716,1200,978.127242199918,1000.00000000002,0.379941206279259,0.800000000000011,0,3,2,0,1,0,1,0,0,0,0,0,1,0,0
0.2717,1200,978.151541935233,1000.00000000002,0.379981206279259,0.849999999999994,0,3,2,0,1,0,1,0,0,0,0,0,1,0,0
0.2718,1200,978.17604092121,1000.00000000002,0.380021206279259,0.900000000000034,0,3,2,0,1,0,1,0,0,0,0,0,1,0,0
0.2719,1200,978.200738659722,1000.00000000002,0.380061206279259,0.950000000000017,0,3,2,0,1,0,1,0,0,0,0,0,1,0,0
0.272,1200,978.225634653888,1000.00000000002,0.380101206279259,0,1,3,2,0,1,0,1,0,0,0,1,0,1,0,0
0.2721,1200,978.250728408068,1000.00000000002,0.380141206279259,0.0500000000000114,1,3,2,0,1,0,1,0,0,0,1,0,1,0,0
0.2722,1200,978.276019427863,1000.00000000002,0.380181206279259,0.0999999999999943,1,3,2,0,1,0,1,0,0,0,1,0,1,0,0
0.2723,1200,978.301507220109,1000.00000000002,0.380221206279259,0.150000000000006,1,3,2,0,1,0,1,0,0,0,1,0,1,0,0
0.2724,1200,978.327191292874,1000.00000000002,0.380261206279259,0.199999999999989,1,3,2,0,1,0,1,0,0,0,1,0,1,0,0
0.2725,1200,978.353071155457,1000.00000000002,0.380301206279259,0.249999999999972,1,3,2,0,1,0,1,0,0,0,1,0,1,0,0
0.2726,1200,978.379146318383,1000.00000000002,0.380341206279259,0.300000000000011,1,3,2,0,1,0,1,0,0,0,1,0,1,0,0
0.2727,1200,978.405416293402,1000.00000000002,0.380381206279259,0.349999999999994,1,3,2,0,1,0,1,0,0,0,1,0,1,0,0
0.2728,1200,978.431880593484,1000.00000000002,0.380421206279259,0.400000000000034,0,3,2,0,1,0,1,0,0,0,0,0,1,0,0
0.2729,1200,978.458538732816,1000.00000000002,0.380461206279259,0.450000000000017,0,3,2,0,1,0,1,0,0,0,0,0,1,0,0
0.273,1200,978.485390226799,1000.00000000002,0.380501206279259,0.5,0,3,2,0,1,0,1,0,0,0,0,0,1,0,0
0.2731,1200,978.512434592047,961.538461538444,0.392087360125424,0.550000000000011,0,4,6,0,0,1,1,0,0,0,0,0,1,0,0
0.2732,1200,978.614721346382,961.538461538444,0.392135052433116,0.599999999999994,0,4,6,0,0,1,1,0,0,0,0,0,1,0,0
0.2733,1200,978.717062383831,961.538461538444,0.392182744740809,0.650000000000006,0,4,6,0,0,1,1,0,0,0,0,0,1,0,0
0.2734,1200,978.819457568687,961.538461538444,0.392230437048501,0.699999999999989,0,4,6,0,0,1,1,0,0,0,0,0,1,0,0
0.2735,1200,978.921906765581,961.538461538444,0.392278129356193,0.749999999999972,0,4,6,0,0,1,1,0,0,0,0,0,1,0,0
0.2736,1200,979.024409839482,961.538461538444,0.392325821663886,0.800000000000011,0,4,6,0,0,1,1,0,0,0,0,0,1,0,0
0.2737,1200,979.126966655699,961.538461538444,0.392373513971578,0.849999999999994,0,4,6,0,0,1,1,0,0,0,0,0,1,0,0
0.2738,1200,979.229577079875,961.538461538444,0.39242120627927,0.900000000000034,0,4,6,0,0,1,1,0,0,0,0,0,1,0,0
0.2739,1200,979.33224097799,961.538461538444,0.392468898586963,0.950000000000017,0,4,6,0,0,1,1,0,0,0,0,0,1,0,0
0.274,1200,979.43495821636,961.538461538444,0.392516590894655,0,1,4,6,0,0,1,1,0,0,0,0,1,1,0,0
0.2741,1200,979.537728661635,961.538461538444,0.392564283202347,0.0500000000000114,1,4,6,0,0,1,1,0,0,0,0,1,1,0,0
0.2742,1200,979.640552180796,961.538461538444,0.392611975510039,0.0999999999999943,1,4,6,0,0,1,1,0,0,0,0,1,1,0,0
0.2743,1200,979.743428641159,961.538461538444,0.392659667817732,0.150000000000006,1,4,6,0,0,1,1,0,0,0,0,1,1,0,0
0.2744,1200,979.846357910371,961.538461538444,0.392707360125424,0.199999999999989,1,4,6,0,0,1,1,0,0,0,0,1,1,0,0
0.2745,1200,979.949339856411,961.538461538444,0.392755052433116,0.249999999999972,1,4,6,0,0,1,1,0,0,0,0,1,1,0,0
0.2746,1200,980.052374347585,961.538461538444,0.392802744740809,0.300000000000011,1,4,6,0,0,1,1,0,0,0,0,1,1,0,0
0.2747,1200,980.155461252531,961.538461538444,0.392850437048501,0.349999999999994,1,4,6,0,0,1,1,0,0,0,0,1,1,0,0
0.2748,1200,980.258600440215,961.538461538444,0.392898129356193,0.400000000000034,0,4,6,0,0,1,1,0,0,0,0,0,1,0,0
0.2749,1200,980.36179177993,961.538461538444,0.392945821663886,0.450000000000017,0,4,6,0,0,1,1,0,0,0,0,0,1,0,0
0.275,1200,980.465035141295,961.538461538444,0.392993513971578,0.5,0,4,6,0,0,1,1,0,0,0,0,0,1,0,0
0.2751,1200,980.568330394257,961.538461538444,0.39304120627927,0.550000000000011,0,4,6,0,0,1,1,0,0,0,0,0,1,0,0
0.2752,1200,980.671677409087,961.538461538444,0.393088898586962,0.599999999999994,0,4,6,0,0,1,1,0,0,0,0,0,1,0,0
0.2753,1200,980.77507605638,961.538461538444,0.393136590894655,0.650000000000006,0,4,6,0,0,1,1,0,0,0,0,0,1,0,0
0.2754,1200,980.878526207054,961.538461538444,0.393184283202347,0.699999999999989,0,4,6,0,0,1,1,0,0,0,0,0,1,0,0
0.2755,1200,980.982027732352,961.538461538444,0.393231975510039,0.749999999999972,0,4,6,0,0,1,1,0,0,0,0,0,1,0,0
0.2756,1200,981.085580503836,999.999999999999,0.381733513971573,0.800000000000011,0,5,4,0,0,1,0,1,0,0,0,0,0,1,0
0.2757,1200,981.114134393392,999.999999999999,0.381773513971573,0.849999999999994,0,5,4,0,0,1,0,1,0,0,0,0,0,1,0
0.2758,1200,981.142876898223,999.999999999999,0.381813513971573,0.900000000000006,0,5,4,0,0,1,0,1,0,0,0,0,0,1,0
0.2759,1200,981.171807546793,999.999999999999,0.381853513971573,0.950000000000017,0,5,4,0,0,1,0,1,0,0,0,0,0,1,0
0.276,1200,981.200925868741,999.999999999999,0.381893513971573,0,1,5,4,0,0,1,0,1,0,0,0,1,0,1,0
0.2761,1200,981.230231394885,999.999999999999,0.381933513971573,0.0500000000000114,1,5,4,0,0,1,0,1,0,0,0,1,0,1,0
0.2762,1200,981.259723657213,999.999999999999,0.381973513971573,0.0999999999999943,1,5,4,0,0,1,0,1,0,0,0,1,0,1,0
0.2763,1200,981.289402188885,999.999999999999,0.382013513971573,0.150000000000006,1,5,4,0,0,1,0,1,0,0,0,1,0,1,0
0.2764,1200,981.319266524228,999.999999999999,0.382053513971573,0.199999999999989,1,5,4,0,0,1,0,1,0,0,0,1,0,1,0
0.2765,1200,981.349316198732,999.999999999999,0.382093513971573,0.249999999999972,1,5,4,0,0,1,0,1,0,0,0,1,0,1,0
0.2766,1200,981.379550749051,999.999999999999,0.382133513971573,0.300000000000011,1,5,4,0,0,1,0,1,0,0,0,1,0,1,0
0.2767,1200,981.409969712993,999.999999999999,0.382173513971573,0.349999999999994,1,5,4,0,0,1,0,1,0,0,0,1,0,1,0
0.2768,1200,981.440572629526,999.999999999999,0.382213513971573,0.400000000000006,0,5,4,0,0,1,0,1,0,0,0,0,0,1,0
0.2769,1200,981.471359038768,999.999999999999,0.382253513971573,0.450000000000017,0,5,4,0,0,1,0,1,0,0,0,0,0,1,0
0.277,1200,981.502328481986,999.999999999999,0.382293513971573,0.5,0,5,4,0,0,1,0,1,0,0,0,0,0,1,0
0.2771,1200,981.533480501596,999.999999999999,0.382333513971573,0.550000000000011,0,5,4,0,0,1,0,1,0,0,0,0,0,1,0
0.2772,1200,981.564814641157,999.999999999999,0.382373513971573,0.599999999999994,0,5,4,0,0,1,0,1,0,0,0,0,0,1,0
0.2773,1200,981.59633044537,999.999999999999,0.382413513971573,0.650000000000006,0,5,4,0,0,1,0,1,0,0,0,0,0,1,0
0.2774,1200,981.628027460071,999.999999999999,0.382453513971573,0.699999999999989,0,5,4,0,0,1,0,1,0,0,0,0,0,1,0
0.2775,1200,981.659905232236,999.999999999999,0.382493513971573,0.749999999999972,0,5,4,0,0,1,0,1,0,0,0,0,0,1,0
0.2776,1200,981.691963309971,999.999999999999,0.382533513971573,0.800000000000011,0,5,4,0,0,1,0,1,0,0,0,0,0,1,0
0.2777,1200,981.724201242511,999.999999999999,0.382573513971573,0.849999999999994,0,5,4,0,0,1,0,1,0,0,0,0,0,1,0
0.2778,1200,981.75661858022,999.999999999999,0.382613513971573,0.900000000000006,0,5,4,0,0,1,0,1,0,0,0,0,0,1,0
0.2779,1200,981.789214874585,999.999999999999,0.382653513971573,0.950000000000017,0,5,4,0,0,1,0,1,0,0,0,0,0,1,0
0.278,1200,981.821989678214,999.999999999999,0.382693513971573,0,1,5,4,0,0,1,0,1,0,0,0,1,0,1,0
0.2781,1200,981.854942544833,999.999999999999,0.382733513971573,0.0500000000000114,1,5,4,0,0,1,0,1,0,0,0,1,0,1,0
0.2782,1200,981.888073029286,961.538461538465,0.394319667817725,0.0999999999999943,1,0,5,1,0,0,0,1,0,1,0,0,0,1,0
0.2783,1200,981.996430687528,961.538461538465,0.394367360125418,0.150000000000006,1,0,5,1,0,0,0,1,0,1,0,0,0,1,0
0.2784,1200,982.104827451625,961.538461538465,0.39441505243311,0.199999999999989,1,0,5,1,0,0,0,1,0,1,0,0,0,1,0
0.2785,1200,982.213263223811,961.538461538465,0.394462744740802,0.249999999999972,1,0,5,1,0,0,0,1,0,1,0,0,0,1,0
0.2786,1200,982.321737906567,961.538461538465,0.394510437048495,0.300000000000011,1,0,5,1,0,0,0,1,0,1,0,0,0,1,0
0.2787,1200,982.430251402615,961.538461538465,0.394558129356187,0.349999999999994,1,0,5,1,0,0,0,1,0,1,0,0,0,1,0
0.2788,1200,982.538803614924,961.538461538465,0.394605821663879,0.400000000000006,0,0,5,1,0,0,0,1,0,0,0,0,0,1,0
0.2789,1200,982.647394446702,961.538461538465,0.394653513971571,0.450000000000017,0,0,5,1,0,0,0,1,0,0,0,0,0,1,0
0.279,1200,982.7560238014,961.538461538465,0.394701206279264,0.5,0,0,5,1,0,0,0,1,0,0,0,0,0,1,0
0.2791,1200,982.864691582712,961.538461538465,0.394748898586956,0.550000000000011,0,0,5,1,0,0,0,1,0,0,0,0,0,1,0
0.2792,1200,982.973397694571,961.538461538465,0.394796590894648,0.599999999999994,0,0,5,1,0,0,0,1,0,0,0,0,0,1,0
0.2793,1200,983.082142041149,961.538461538465,0.394844283202341,0.650000000000006,0,0,5,1,0,0,0,1,0,0,0,0,0,1,0
0.2794,1200,983.190924526862,961.538461538465,0.394891975510033,0.699999999999989,0,0,5,1,0,0,0,1,0,0,0,0,0,1,0
0.2795,1200,983.29974505636,961.538461538465,0.394939667817725,0.749999999999972,0,0,5,1,0,0,0,1,0,0,0,0,0,1,0
0.2796,1200,983.408603534534,961.538461538465,0.394987360125418,0.800000000000011,0,0,5,1,0,0,0,1,0,0,0,0,0,1,0
0.2797,1200,983.517499866513,961.538461538465,0.39503505243311,0.849999999999994,0,0,5,1,0,0,0,1,0,0,0,0,0,1,0
0.2798,1200,983.626433957662,961.538461538465,0.395082744740802,0.900000000000006,0,0,5,1,0,0,0,1,0,0,0,0,0,1,0
0.2799,1200,983.735405713583,961.538461538465,0.395130437048494,0.950000000000017,0,0,5,1,0,0,0,1,0,0,0,0,0,1,0
0.28,1200,983.194415040114,961.538461538465,0.395178129356187,0,1,0,5,1,0,0,0,1,0,1,0,0,0,1,0
0.2801,1200,982.655086843329,961.538461538465,0.395225821663879,0.0500000000000114,1,0,5,1,0,0,0,1,0,1,0,0,0,1,0
0.2802,1200,982.117416967036,961.538461538465,0.395273513971571,0.0999999999999943,1,0,5,1,0,0,0,1,0,1,0,0,0,1,0
0.2803,1200,981.581401265434,961.538461538465,0.395321206279264,0.150000000000006,1,0,5,1,0,0,0,1,0,1,0,0,0,1,0
0.2804,1200,981.047035603085,961.538461538465,0.395368898586956,0.199999999999989,1,0,5,1,0,0,0,1,0,1,0,0,0,1,0
0.2805,1200,980.514315854893,961.538461538465,0.395416590894648,0.25,1,0,5,1,0,0,0,1,0,1,0,0,0,1,0
0.2806,1200,979.983237906071,961.538461538465,0.395464283202341,0.300000000000011,1,0,5,1,0,0,0,1,0,1,0,0,0,1,0
0.2807,1200,979.453797652121,999.999999999999,0.38396582166388,0.349999999999994,1,1,1,1,0,0,0,0,1,1,0,0,0,0,1
0.2808,1200,978.850940998806,999.999999999999,0.38400582166388,0.400000000000006,0,1,1,1,0,0,0,0,1,0,0,0,0,0,1
0.2809,1200,978.249851487124,999.999999999999,0.38404582166388,0.450000000000017,0,1,1,1,0,0,0,0,1,0,0,0,0,0,1
0.281,1200,977.650524699221,999.999999999999,0.38408582166388,0.5,0,1,1,1,0,0,0,0,1,0,0,0,0,0,1
0.2811,1200,977.052956228289,999.999999999999,0.38412582166388,0.550000000000011,0,1,1,1,0,0,0,0,1,0,0,0,0,0,1
0.2812,1200,976.457141678533,999.999999999999,0.38416582166388,0.599999999999994,0,1,1,1,0,0,0,0,1,0,0,0,0,0,1
0.2813,1200,975.863076665152,999.999999999999,0.38420582166388,0.650000000000006,0,1,1,1,0,0,0,0,1,0,0,0,0,0,1
0.2814,1200,975.270756814304,999.999999999999,0.38424582166388,0.699999999999989,0,1,1,1,0,0,0,0,1,0,0,0,0,0,1
0.2815,1200,974.680177763084,999.999999999999,0.38428582166388,0.75,0,1,1,1,0,0,0,0,1,0,0,0,0,0,1
0.2816,1200,974.091335159491,999.999999999999,0.38432582166388,0.799999999999983,0,1,1,1,0,0,0,0,1,0,0,0,0,0,1
0.2817,1200,973.504224662408,999.999999999999,0.38436582166388,0.849999999999994,0,1,1,1,0,0,0,0,1,0,0,0,0,0,1
0.2818,1200,972.918841941567,999.999999999999,0.38440582166388,0.900000000000006,0,1,1,1,0,0,0,0,1,0,0,0,0,0,1
0.2819,1200,972.335182677528,999.999999999999,0.38444582166388,0.950000000000017,0,1,1,1,0,0,0,0,1,0,0,0,0,0,1
0.282,1200,971.75324256165,999.999999999999,0.38448582166388,0,1,1,1,1,0,0,0,0,1,1,0,0,0,0,1
0.2821,1200,971.173017296061,999.999999999999,0.38452582166388,0.0500000000000114,1,1,1,1,0,0,0,0,1,1,0,0,0,0,1
0.2822,1200,970.594502593636,999.999999999999,0.38456582166388,0.0999999999999943,1,1,1,1,0,0,0,0,1,1,0,0,0,0,1
0.2823,1200,970.017694177967,999.999999999999,0.38460582166388,0.150000000000006,1,1,1,1,0,0,0,0,1,1,0,0,0,0,1
0.2824,1200,969.442587783337,999.999999999999,0.38464582166388,0.199999999999989,1,1,1,1,0,0,0,0,1,1,0,0,0,0,1
0.2825,1200,968.869179154694,999.999999999999,0.38468582166388,0.25,1,1,1,1,0,0,0,0,1,1,0,0,0,0,1
0.2826,1200,968.297464047623,999.999999999999,0.38472582166388,0.299999999999983,1,1,1,1,0,0,0,0,1,1,0,0,0,0,1
0.2827,1200,967.727438228319,999.999999999999,0.38476582166388,0.349999999999994,1,1,1,1,0,0,0,0,1,1,0,0,0,0,1
0.2828,1200,967.159097473563,999.999999999999,0.38480582166388,0.400000000000006,0,1,1,1,0,0,0,0,1,0,0,0,0,0,1
0.2829,1200,966.592437570695,999.999999999999,0.38484582166388,0.450000000000017,0,1,1,1,0,0,0,0,1,0,0,0,0,0,1
0.283,1200,966.027454317583,999.999999999999,0.38488582166388,0.500000000000028,0,1,1,1,0,0,0,0,1,0,0,0,0,0,1
0.2831,1200,965.464143522604,999.999999999999,0.38492582166388,0.550000000000011,0,1,1,1,0,0,0,0,1,0,0,0,0,0,1
0.2832,1200,964.902501004613,999.999999999999,0.38496582166388,0.599999999999994,0,1,1,1,0,0,0,0,1,0,0,0,0,0,1
0.2833,1200,964.342522592917,961.538461538465,0.396551975510033,0.650000000000006,0,2,3,0,1,0,0,0,1,0,0,0,0,0,1
0.2834,1200,963.85925412725,961.538461538465,0.396599667817725,0.699999999999989,0,2,3,0,1,0,0,0,1,0,0,0,0,0,1
0.2835,1200,963.377503832747,961.538461538465,0.396647360125417,0.75,0,2,3,0,1,0,0,0,1,0,0,0,0,0,1
0.2836,1200,962.89726791398,961.538461538465,0.39669505243311,0.799999999999983,0,2,3,0,1,0,0,0,1,0,0,0,0,0,1
0.2837,1200,962.41854258501,961.538461538465,0.396742744740802,0.849999999999994,0,2,3,0,1,0,0,0,1,0,0,0,0,0,1
0.2838,1200,961.941324069363,961.538461538465,0.396790437048494,0.900000000000006,0,2,3,0,1,0,0,0,1,0,0,0,0,0,1
0.2839,1200,961.465608600005,961.538461538465,0.396838129356186,0.950000000000017,0,2,3,0,1,0,0,0,1,0,0,0,0,0,1
0.284,1200,960.99139241932,961.538461538465,0.396885821663879,2.8421709430404e-14,1,2,3,0,1,0,0,0,1,0,1,0,0,0,1
0.2841,1200,960.518671779087,961.538461538465,0.396933513971571,0.0500000000000114,1,2,3,0,1,0,0,0,1,0,1,0,0,0,1
0.2842,1200,960.047442940454,961.538461538465,0.396981206279263,0.0999999999999943,1,2,3,0,1,0,0,0,1,0,1,0,0,0,1
0.2843,1200,959.577702173918,961.538461538465,0.397028898586956,0.150000000000006,1,2,3,0,1,0,0,0,1,0,1,0,0,0,1
0.2844,1200,959.109445759299,961.538461538465,0.397076590894648,0.199999999999989,1,2,3,0,1,0,0,0,1,0,1,0,0,0,1
0.2845,1200,958.642669985716,961.538461538465,0.39712428320234,0.25,1,2,3,0,1,0,0,0,1,0,1,0,0,0,1
0.2846,1200,958.177371151567,961.538461538465,0.397171975510033,0.299999999999983,1,2,3,0,1,0,0,0,1,0,1,0,0,0,1
0.2847,1200,957.713545564503,961.538461538465,0.397219667817725,0.349999999999994,1,2,3,0,1,0,0,0,1,0,1,0,0,0,1
0.2848,1200,957.251189541407,961.538461538465,0.397267360125417,0.400000000000006,0,2,3,0,1,0,0,0,1,0,0,0,0,0,1
0.2849,1200,956.790299408369,961.538461538465,0.397315052433109,0.450000000000017,0,2,3,0,1,0,0,0,1,0,0,0,0,0,1
0.285,1200,956.330871500663,961.538461538465,0.397362744740802,0.500000000000028,0,2,3,0,1,0,0,0,1,0,0,0,0,0,1
0.2851,1200,955.872902162726,961.538461538465,0.397410437048494,0.550000000000011,0,2,3,0,1,0,0,0,1,0,0,0,0,0,1
0.2852,1200,955.416387748135,961.538461538465,0.397458129356186,0.599999999999994,0,2,3,0,1,0,0,0,1,0,0,0,0,0,1
0.2853,1200,954.96132461958,961.538461538465,0.397505821663879,0.650000000000006,0,2,3,0,1,0,0,0,1,0,0,0,0,0,1
0.2854,1200,954.507709148846,961.538461538465,0.397553513971571,0.699999999999989,0,2,3,0,1,0,0,0,1,0,0,0,0,0,1
0.2855,1200,954.055537716789,961.538461538465,0.397601206279263,0.75,0,2,3,0,1,0,0,0,1,0,0,0,0,0,1
0.2856,1200,953.604806713312,961.538461538465,0.397648898586956,0.799999999999983,0,2,3,0,1,0,0,0,1,0,0,0,0,0,1
0.2857,1200,953.155512537344,961.538461538465,0.397696590894648,0.849999999999994,0,2,3,0,1,0,0,0,1,0,0,0,0,0,1
0.2858,1200,952.707651596816,961.538461538465,0.39774428320234,0.900000000000006,0,2,3,0,1,0,0,0,1,0,0,0,0,0,1
0.2859,1200,952.261220308639,961.538461538444,0.397791975510039,0.950000000000017,0,3,2,0,1,0,1,0,0,0,0,0,1,0,0
0.286,1200,951.816215098683,961.538461538444,0.397839667817731,2.8421709430404e-14,1,3,2,0,1,0,1,0,0,0,1,0,1,0,0
0.2861,1200,951.372632401751,961.538461538444,0.397887360125423,0.0500000000000114,1,3,2,0,1,0,1,0,0,0,1,0,1,0,0
0.2862,1200,950.930468661562,961.538461538444,0.397935052433116,0.0999999999999943,1,3,2,0,1,0,1,0,0,0,1,0,1,0,0
0.2863,1200,950.489720330723,961.538461538444,0.397982744740808,0.150000000000006,1,3,2,0,1,0,1,0,0,0,1,0,1,0,0
0.2864,1200,950.050383870712,961.538461538444,0.3980304370485,0.199999999999989,1,3,2,0,1,0,1,0,0,0,1,0,1,0,0
0.2865,1200,949.61245575185,961.538461538444,0.398078129356192,0.25,1,3,2,0,1,0,1,0,0,0,1,0,1,0,0
0.2866,1200,949.175932453286,961.538461538444,0.398125821663885,0.299999999999983,1,3,2,0,1,0,1,0,0,0,1,0,1,0,0
0.2867,1200,948.740810462968,961.538461538444,0.398173513971577,0.349999999999994,1,3,2,0,1,0,1,0,0,0,1,0,1,0,0
0.2868,1200,948.307086277626,961.538461538444,0.398221206279269,0.400000000000006,0,3,2,0,1,0,1,0,0,0,0,0,1,0,0
0.2869,1200,947.874756402747,961.538461538444,0.398268898586962,0.450000000000017,0,3,2,0,1,0,1,0,0,0,0,0,1,0,0
0.287,1200,947.443817352555,961.538461538444,0.398316590894654,0.500000000000028,0,3,2,0,1,0,1,0,0,0,0,0,1,0,0
0.2871,1200,947.014265649989,961.538461538444,0.398364283202346,0.550000000000011,0,3,2,0,1,0,1,0,0,0,0,0,1,0,0
0.2872,1200,946.58609782668,961.538461538444,0.398411975510039,0.599999999999994,0,3,2,0,1,0,1,0,0,0,0,0,1,0,0
0.2873,1200,946.159310422928,961.538461538444,0.398459667817731,0.650000000000006,0,3,2,0,1,0,1,0,0,0,0,0,1,0,0
0.2874,1200,945.733899987686,961.538461538444,0.398507360125423,0.699999999999989,0,3,2,0,1,0,1,0,0,0,0,0,1,0,0
0.2875,1200,945.309863078532,961.538461538444,0.398555052433115,0.75,0,3,2,0,1,0,1,0,0,0,0,0,1,0,0
0.2876,1200,944.887196261651,961.538461538444,0.398602744740808,0.799999999999983,0,3,2,0,1,0,1,0,0,0,0,0,1,0,0
0.2877,1200,944.465896111812,961.538461538444,0.3986504370485,0.849999999999994,0,3,2,0,1,0,1,0,0,0,0,0,1,0,0
0.2878,1200,944.045959212348,961.538461538444,0.398698129356192,0.900000000000006,0,3,2,0,1,0,1,0,0,0,0,0,1,0,0
0.2879,1200,943.627382155132,961.538461538444,0.398745821663885,0.950000000000017,0,3,2,0,1,0,1,0,0,0,0,0,1,0,0
0.288,1200,943.21016154056,961.538461538444,0.398793513971577,2.8421709430404e-14,1,3,2,0,1,0,1,0,0,0,1,0,1,0,0
0.2881,1200,942.794293977523,961.538461538444,0.398841206279269,0.0500000000000114,1,3,2,0,1,0,1,0,0,0,1,0,1,0,0
0.2882,1200,942.379776083395,961.538461538444,0.398888898586962,0.0999999999999943,1,3,2,0,1,0,1,0,0,0,1,0,1,0,0
0.2883,1200,941.966604484002,961.538461538444,0.398936590894654,0.150000000000006,1,3,2,0,1,0,1,0,0,0,1,0,1,0,0
0.2884,1200,941.554775813607,961.538461538444,0.398984283202346,0.199999999999989,1,3,2,0,1,0,1,0,0,0,1,0,1,0,0
0.2885,1200,941.144286714888,961.538461538444,0.399031975510038,0.25,1,3,2,0,1,0,1,0,0,0,1,0,1,0,0
0.2886,1200,940.735133838916,925.925925925952,0.409770551008601,0.299999999999983,1,4,6,0,0,1,1,0,0,0,0,1,1,0,0
0.2887,1200,940.396804585875,925.925925925952,0.409825365823416,0.349999999999994,1,4,6,0,0,1,1,0,0,0,0,1,1,0,0
0.2888,1200,940.059677452262,925.925925925952,0.409880180638231,0.400000000000006,1,4,6,0,0,1,1,0,0,0,0,1,1,0,0
0.2889,1200,939.72374943278,925.925925925952,0.409934995453045,0.449999999999989,0,4,6,0,0,1,1,0,0,0,0,0,1,0,0
0.289,1200,939.389017529643,925.925925925952,0.40998981026786,0.500000000000028,0,4,6,0,0,1,1,0,0,0,0,0,1,0,0
0.2891,1200,939.05547875256,925.925925925952,0.410044625082675,0.550000000000011,0,4,6,0,0,1,1,0,0,0,0,0,1,0,0
0.2892,1200,938.723130118716,925.925925925952,0.41009943989749,0.599999999999994,0,4,6,0,0,1,1,0,0,0,0,0,1,0,0
0.2893,1200,938.391968652753,925.925925925952,0.410154254712305,0.650000000000006,0,4,6,0,0,1,1,0,0,0,0,0,1,0,0
0.2894,1200,938.061991386751,925.925925925952,0.41020906952712,0.699999999999989,0,4,6,0,0,1,1,0,0,0,0,0,1,0,0
0.2895,1200,937.73319536021,925.925925925952,0.410263884341934,0.75,0,4,6,0,0,1,1,0,0,0,0,0,1,0,0
0.2896,1200,937.405577620032,925.925925925952,0.410318699156749,0.799999999999983,0,4,6,0,0,1,1,0,0,0,0,0,1,0,0
0.2897,1200,937.079135220501,925.925925925952,0.410373513971564,0.849999999999994,0,4,6,0,0,1,1,0,0,0,0,0,1,0,0
0.2898,1200,936.753865223265,925.925925925952,0.410428328786379,0.900000000000006,0,4,6,0,0,1,1,0,0,0,0,0,1,0,0
0.2899,1200,936.429764697318,925.925925925952,0.410483143601194,0.949999999999989,0,4,6,0,0,1,1,0,0,0,0,0,1,0,0
0.29,1200,936.106830718983,925.925925925952,0.410537958416008,2.8421709430404e-14,1,4,6,0,0,1,1,0,0,0,0,1,1,0,0
0.2901,1200,935.785060371889,925.925925925952,0.410592773230823,0.0500000000000114,1,4,6,0,0,1,1,0,0,0,0,1,1,0,0
0.2902,1200,935.46445074696,925.925925925952,0.410647588045638,0.0999999999999943,1,4,6,0,0,1,1,0,0,0,0,1,1,0,0
0.2903,1200,935.144998942389,925.925925925952,0.410702402860453,0.150000000000006,1,4,6,0,0,1,1,0,0,0,0,1,1,0,0
0.2904,1200,934.826702063626,925.925925925952,0.410757217675268,0.199999999999989,1,4,6,0,0,1,1,0,0,0,0,1,1,0,0
0.2905,1200,934.509557223356,925.925925925952,0.410812032490083,0.25,1,4,6,0,0,1,1,0,0,0,0,1,1,0,0
0.2906,1200,934.193561541484,925.925925925952,0.410866847304897,0.299999999999983,1,4,6,0,0,1,1,0,0,0,0,1,1,0,0
0.2907,1200,933.878712145112,925.925925925952,0.410921662119712,0.349999999999994,1,4,6,0,0,1,1,0,0,0,0,1,1,0,0
0.2908,1200,933.565006168527,925.925925925952,0.410976476934527,0.400000000000006,1,4,6,0,0,1,1,0,0,0,0,1,1,0,0
0.2909,1200,933.25244075318,925.925925925952,0.411031291749342,0.449999999999989,0,4,6,0,0,1,1,0,0,0,0,0,1,0,0
0.291,1200,932.941013047668,925.925925925952,0.411086106564157,0.500000000000028,0,4,6,0,0,1,1,0,0,0,0,0,1,0,0
0.2911,1200,932.630720207716,925.925925925952,0.411140921378972,0.550000000000011,0,4,6,0,0,1,1,0,0,0,0,0,1,0,0
0.2912,1200,932.32155939616,961.538461538444,0.400504853002916,0.599999999999994,0,5,4,0,0,1,0,1,0,0,0,0,0,1,0
0.2913,1200,931.944037042188,961.538461538444,0.400552545310608,0.650000000000006,0,5,4,0,0,1,0,1,0,0,0,0,0,1,0
0.2914,1200,931.567768494102,961.538461538444,0.400600237618301,0.699999999999989,0,5,4,0,0,1,0,1,0,0,0,0,0,1,0
0.2915,1200,931.192750617386,961.538461538444,0.400647929925993,0.75,0,5,4,0,0,1,0,1,0,0,0,0,0,1,0
0.2916,1200,930.818980285361,961.538461538444,0.400695622233685,0.799999999999983,0,5,4,0,0,1,0,1,0,0,0,0,0,1,0
0.2917,1200,930.446454379167,961.538461538444,0.400743314541378,0.849999999999994,0,5,4,0,0,1,0,1,0,0,0,0,0,1,0
0.2918,1200,930.075169787738,961.538461538444,0.40079100684907,0.900000000000006,0,5,4,0,0,1,0,1,0,0,0,0,0,1,0
0.2919,1200,929.705123407787,961.538461538444,0.400838699156762,0.949999999999989,0,5,4,0,0,1,0,1,0,0,0,0,0,1,0
0.292,1200,929.336312143787,961.538461538444,0.400886391464454,2.8421709430404e-14,1,5,4,0,0,1,0,1,0,0,0,1,0,1,0
0.2921,1200,928.968732907946,961.538461538444,0.400934083772147,0.0500000000000114,1,5,4,0,0,1,0,1,0,0,0,1,0,1,0
0.2922,1200,928.602382620195,961.538461538444,0.400981776079839,0.0999999999999943,1,5,4,0,0,1,0,1,0,0,0,1,0,1,0
0.2923,1200,928.237258208164,961.538461538444,0.401029468387531,0.150000000000006,1,5,4,0,0,1,0,1,0,0,0,1,0,1,0
0.2924,1200,927.873356607162,961.538461538444,0.401077160695224,0.199999999999989,1,5,4,0,0,1,0,1,0,0,0,1,0,1,0
0.2925,1200,927.510674760163,961.538461538444,0.401124853002916,0.25,1,5,4,0,0,1,0,1,0,0,0,1,0,1,0
0.2926,1200,927.149209617782,961.538461538444,0.401172545310608,0.299999999999983,1,5,4,0,0,1,0,1,0,0,0,1,0,1,0
0.2927,1200,926.788958138256,961.538461538444,0.401220237618301,0.349999999999994,1,5,4,0,0,1,0,1,0,0,0,1,0,1,0
0.2928,1200,926.42991728743,961.538461538444,0.401267929925993,0.400000000000006,1,5,4,0,0,1,0,1,0,0,0,1,0,1,0
0.2929,1200,926.07208403873,961.538461538444,0.401315622233685,0.449999999999989,0,5,4,0,0,1,0,1,0,0,0,0,0,1,0
0.293,1200,925.715455373152,961.538461538444,0.401363314541378,0.500000000000028,0,5,4,0,0,1,0,1,0,0,0,0,0,1,0
0.2931,1200,925.360028279238,961.538461538444,0.40141100684907,0.550000000000011,0,5,4,0,0,1,0,1,0,0,0,0,0,1,0
0.2932,1200,925.005799753059,961.538461538444,0.401458699156762,0.599999999999994,0,5,4,0,0,1,0,1,0,0,0,0,0,1,0
0.2933,1200,924.652766798195,961.538461538444,0.401506391464454,0.650000000000006,0,5,4,0,0,1,0,1,0,0,0,0,0,1,0
0.2934,1200,924.300926425719,961.538461538444,0.401554083772147,0.699999999999989,0,5,4,0,0,1,0,1,0,0,0,0,0,1,0
0.2935,1200,923.950275654174,961.538461538444,0.401601776079839,0.75,0,5,4,0,0,1,0,1,0,0,0,0,0,1,0
0.2936,1200,923.600811509557,961.538461538444,0.401649468387531,0.799999999999983,0,5,4,0,0,1,0,1,0,0,0,0,0,1,0
0.2937,1200,923.252531025302,961.538461538444,0.401697160695224,0.849999999999994,0,5,4,0,0,1,0,1,0,0,0,0,0,1,0
0.2938,1200,922.905431242258,961.538461538444,0.401744853002916,0.900000000000006,0,5,4,0,0,1,0,1,0,0,0,0,0,1,0
0.2939,1200,922.559509208671,925.925925925933,0.412483428501484,0.949999999999989,0,0,5,1,0,0,0,1,0,0,0,0,0,1,0
0.294,1200,922.284252720909,925.925925925933,0.412538243316299,2.8421709430404e-14,1,0,5,1,0,0,0,1,0,1,0,0,0,1,0
0.2941,1200,922.010040670663,925.925925925933,0.412593058131114,0.0500000000000114,1,0,5,1,0,0,0,1,0,1,0,0,0,1,0
0.2942,1200,921.736870446838,925.925925925933,0.412647872945929,0.100000000000023,1,0,5,1,0,0,0,1,0,1,0,0,0,1,0
0.2943,1200,921.46473944487,925.925925925933,0.412702687760743,0.150000000000006,1,0,5,1,0,0,0,1,0,1,0,0,0,1,0
0.2944,1200,921.193645066702,925.925925925933,0.412757502575558,0.199999999999989,1,0,5,1,0,0,0,1,0,1,0,0,0,1,0
0.2945,1200,920.923584720777,925.925925925933,0.412812317390373,0.25,1,0,5,1,0,0,0,1,0,1,0,0,0,1,0
0.2946,1200,920.654555822012,925.925925925933,0.412867132205188,0.299999999999983,1,0,5,1,0,0,0,1,0,1,0,0,0,1,0
0.2947,1200,920.386555791791,925.925925925933,0.412921947020003,0.350000000000023,1,0,5,1,0,0,0,1,0,1,0,0,0,1,0
0.2948,1200,920.119582057942,925.925925925933,0.412976761834818,0.400000000000006,1,0,5,1,0,0,0,1,0,1,0,0,0,1,0
0.2949,1200,919.853632054723,925.925925925933,0.413031576649632,0.449999999999989,0,0,5,1,0,0,0,1,0,0,0,0,0,1,0
0.295,1200,919.588703222809,925.925925925933,0.413086391464447,0.500000000000028,0,0,5,1,0,0,0,1,0,0,0,0,0,1,0
0.2951,1200,919.324793009271,925.925925925933,0.413141206279262,0.550000000000011,0,0,5,1,0,0,0,1,0,0,0,0,0,1,0
0.2952,1200,919.061898867563,925.925925925933,0.413196021094077,0.600000000000023,0,0,5,1,0,0,0,1,0,0,0,0,0,1,0
0.2953,1200,918.800018257505,925.925925925933,0.413250835908892,0.650000000000006,0,0,5,1,0,0,0,1,0,0,0,0,0,1,0
0.2954,1200,918.539148645269,925.925925925933,0.413305650723707,0.699999999999989,0,0,5,1,0,0,0,1,0,0,0,0,0,1,0
0.2955,1200,918.27928750336,925.925925925933,0.413360465538521,0.75,0,0,5,1,0,0,0,1,0,0,0,0,0,1,0
0.2956,1200,918.020432310602,925.925925925933,0.413415280353336,0.799999999999983,0,0,5,1,0,0,0,1,0,0,0,0,0,1,0
0.2957,1200,917.762580552122,925.925925925933,0.413470095168151,0.849999999999994,0,0,5,1,0,0,0,1,0,0,0,0,0,1,0
0.2958,1200,917.505729719335,925.925925925933,0.413524909982966,0.900000000000006,0,0,5,1,0,0,0,1,0,0,0,0,0,1,0
0.2959,1200,917.249877309926,925.925925925933,0.413579724797781,0.949999999999989,0,0,5,1,0,0,0,1,0,0,0,0,0,1,0
0.296,1200,916.995020827837,925.925925925933,0.413634539612595,2.8421709430404e-14,1,0,5,1,0,0,0,1,0,1,0,0,0,1,0
0.2961,1200,916.741157783249,925.925925925933,0.41368935442741,0.0500000000000114,1,0,5,1,0,0,0,1,0,1,0,0,0,1,0
0.2962,1200,916.488285692569,925.925925925933,0.413744169242225,0.100000000000023,1,0,5,1,0,0,0,1,0,1,0,0,0,1,0
0.2963,1200,916.236402078412,925.925925925933,0.41379898405704,0.150000000000006,1,0,5,1,0,0,0,1,0,1,0,0,0,1,0
0.2964,1200,915.985504469587,925.925925925933,0.413853798871855,0.199999999999989,1,0,5,1,0,0,0,1,0,1,0,0,0,1,0
0.2965,1200,915.73559040108,925.925925925933,0.413908613686669,0.25,1,0,5,1,0,0,0,1,0,1,0,0,0,1,0
0.2966,1200,915.486657414041,925.925925925933,0.413963428501484,0.299999999999983,1,1,1,1,0,0,0,0,1,1,0,0,0,0,1
0.2967,1200,915.238703055765,925.925925925933,0.414018243316299,0.349999999999994,1,1,1,1,0,0,0,0,1,1,0,0,0,0,1
0.2968,1200,914.991724879682,925.925925925933,0.414073058131114,0.400000000000006,1,1,1,1,0,0,0,0,1,1,0,0,0,0,1
0.2969,1200,914.745720445335,925.925925925933,0.414127872945929,0.449999999999989,0,1,1,1,0,0,0,0,1,0,0,0,0,0,1
0.297,1200,914.50068731837,925.925925925933,0.414182687760744,0.500000000000028,0,1,1,1,0,0,0,0,1,0,0,0,0,0,1
0.2971,1200,914.256623070519,925.925925925933,0.414237502575558,0.550000000000011,0,1,1,1,0,0,0,0,1,0,0,0,0,0,1
0.2972,1200,914.013525279584,925.925925925933,0.414292317390373,0.600000000000023,0,1,1,1,0,0,0,0,1,0,0,0,0,0,1
0.2973,1200,913.771391529422,925.925925925933,0.414347132205188,0.650000000000006,0,1,1,1,0,0,0,0,1,0,0,0,0,0,1
0.2974,1200,913.530219409932,925.925925925933,0.414401947020003,0.699999999999989,0,1,1,1,0,0,0,0,1,0,0,0,0,0,1
0.2975,1200,913.290006517037,925.925925925933,0.414456761834818,0.75,0,1,1,1,0,0,0,0,1,0,0,0,0,0,1
0.2976,1200,913.050750452671,925.925925925933,0.414511576649632,0.799999999999983,0,1,1,1,0,0,0,0,1,0,0,0,0,0,1
0.2977,1200,912.812448824762,925.925925925933,0.414566391464447,0.849999999999994,0,1,1,1,0,0,0,0,1,0,0,0,0,0,1
0.2978,1200,912.575099247219,925.925925925933,0.414621206279262,0.900000000000006,0,1,1,1,0,0,0,0,1,0,0,0,0,0,1
0.2979,1200,912.338699339916,925.925925925933,0.414676021094077,0.949999999999989,0,1,1,1,0,0,0,0,1,0,0,0,0,0,1
0.298,1200,912.103246728678,925.925925925933,0.414730835908892,2.8421709430404e-14,1,1,1,1,0,0,0,0,1,1,0,0,0,0,1
0.2981,1200,911.868739045264,925.925925925933,0.414785650723707,0.0500000000000114,1,1,1,1,0,0,0,0,1,1,0,0,0,0,1
0.2982,1200,911.635173927355,925.925925925933,0.414840465538521,0.100000000000023,1,1,1,1,0,0,0,0,1,1,0,0,0,0,1
0.2983,1200,911.402549018537,925.925925925933,0.414895280353336,0.150000000000006,1,1,1,1,0,0,0,0,1,1,0,0,0,0,1
0.2984,1200,911.170861968287,925.925925925933,0.414950095168151,0.199999999999989,1,1,1,1,0,0,0,0,1,1,0,0,0,0,1
0.2985,1200,910.94011043196,925.925925925933,0.415004909982966,0.25,1,1,1,1,0,0,0,0,1,1,0,0,0,0,1
0.2986,1200,910.710292070769,925.925925925933,0.415059724797781,0.299999999999983,1,1,1,1,0,0,0,0,1,1,0,0,0,0,1
0.2987,1200,910.481404551778,925.925925925933,0.415114539612595,0.349999999999994,1,1,1,1,0,0,0,0,1,1,0,0,0,0,1
0.2988,1200,910.25344554788,925.925925925933,0.41516935442741,0.400000000000006,1,1,1,1,0,0,0,0,1,1,0,0,0,0,1
0.2989,1200,910.026412737789,925.925925925933,0.415224169242225,0.449999999999989,0,1,1,1,0,0,0,0,1,0,0,0,0,0,1
0.299,1200,909.800303806019,925.925925925933,0.41527898405704,0.500000000000028,0,1,1,1,0,0,0,0,1,0,0,0,0,0,1
0.2991,1200,909.575116442874,925.925925925933,0.415333798871855,0.550000000000011,0,1,1,1,0,0,0,0,1,0,0,0,0,0,1
0.2992,1200,909.350848344434,925.925925925933,0.41538861368667,0.600000000000023,0,1,1,1,0,0,0,0,1,0,0,0,0,0,1
0.2993,1200,909.127497212536,925.925925925933,0.415443428501484,0.650000000000006,0,1,1,1,0,0,0,0,1,0,0,0,0,0,1
0.2994,1200,908.905060754765,892.857142857135,0.425425491993552,0.699999999999989,0,2,3,0,1,0,0,0,1,0,0,0,0,0,1
0.2995,1200,908.748063800836,892.857142857135,0.425486920564981,0.75,0,2,3,0,1,0,0,0,1,0,0,0,0,0,1
0.2996,1200,908.591858625006,892.857142857135,0.425548349136409,0.799999999999983,0,2,3,0,1,0,0,0,1,0,0,0,0,0,1
0.2997,1200,908.43644324783,892.857142857135,0.425609777707838,0.849999999999994,0,2,3,0,1,0,0,0,1,0,0,0,0,0,1
0.2998,1200,908.281815694812,892.857142857135,0.425671206279267,0.900000000000006,0,2,3,0,1,0,0,0,1,0,0,0,0,0,1
0.2999,1200,908.12797399639,892.857142857135,0.425732634850695,0.949999999999989,0,2,3,0,1,0,0,0,1,0,0,0,0,0,1
0.3,1200,907.974916187929,892.857142857135,0.425794063422124,2.8421709430404e-14,1,2,3,0,1,0,0,0,1,0,1,0,0,0,1
0.3001,1200,907.822640309703,892.857142857135,0.425855491993552,0.0500000000000114,1,2,3,0,1,0,0,0,1,0,1,0,0,0,1
0.3002,1200,907.671144406886,892.857142857135,0.425916920564981,0.100000000000023,1,2,3,0,1,0,0,0,1,0,1,0,0,0,1
0.3003,1200,907.520426529542,892.857142857135,0.425978349136409,0.150000000000006,1,2,3,0,1,0,0,0,1,0,1,0,0,0,1
0.3004,1200,907.370484732604,892.857142857135,0.426039777707838,0.199999999999989,1,2,3,0,1,0,0,0,1,0,1,0,0,0,1
0.3005,1200,907.221317075874,892.857142857135,0.426101206279267,0.25,1,2,3,0,1,0,0,0,1,0,1,0,0,0,1
0.3006,1200,907.072921623999,892.857142857135,0.426162634850695,0.299999999999983,1,2,3,0,1,0,0,0,1,0,1,0,0,0,1
0.3007,1200,906.925296446469,892.857142857135,0.426224063422124,0.349999999999994,1,2,3,0,1,0,0,0,1,0,1,0,0,0,1
0.3008,1200,906.778439617597,892.857142857135,0.426285491993552,0.400000000000006,1,2,3,0,1,0,0,0,1,0,1,0,0,0,1
0.3009,1200,906.632349216511,892.857142857135,0.426346920564981,0.449999999999989,0,2,3,0,1,0,0,0,1,0,0,0,0,0,1
0.301,1200,906.487023327142,892.857142857135,0.426408349136409,0.500000000000028,0,2,3,0,1,0,0,0,1,0,0,0,0,0,1
0.3011,1200,906.342460038211,892.857142857135,0.426469777707838,0.550000000000011,0,2,3,0,1,0,0,0,1,0,0,0,0,0,1
0.3012,1200,906.198657443216,892.857142857135,0.426531206279266,0.600000000000023,0,2,3,0,1,0,0,0,1,0,0,0,0,0,1
0.3013,1200,906.055613640423,892.857142857135,0.426592634850695,0.650000000000006,0,2,3,0,1,0,0,0,1,0,0,0,0,0,1
0.3014,1200,905.913326732852,892.857142857135,0.426654063422124,0.699999999999989,0,2,3,0,1,0,0,0,1,0,0,0,0,0,1
0.3015,1200,905.771794828263,892.857142857135,0.426715491993552,0.75,0,2,3,0,1,0,0,0,1,0,0,0,0,0,1
0.3016,1200,905.631016039151,892.857142857135,0.426776920564981,0.799999999999983,0,2,3,0,1,0,0,0,1,0,0,0,0,0,1
0.3017,1200,905.490988482725,892.857142857135,0.426838349136409,0.849999999999994,0,2,3,0,1,0,0,0,1,0,0,0,0,0,1
0.3018,1200,905.351710280905,892.857142857135,0.426899777707838,0.900000000000006,0,2,3,0,1,0,0,0,1,0,0,0,0,0,1
0.3019,1200,905.213179560304,892.857142857135,0.426961206279266,0.949999999999989,0,2,3,0,1,0,0,0,1,0,0,0,0,0,1
0.302,1200,905.075394452218,892.857142857135,0.427022634850695,0,1,2,3,0,1,0,0,0,1,0,1,0,0,0,1
0.3021,1200,904.938353092617,925.925925925914,0.417156814744876,0.0500000000000114,1,3,2,0,1,0,1,0,0,0,1,0,1,0,0
0.3022,1200,904.737526505727,925.925925925914,0.417211629559691,0.100000000000023,1,3,2,0,1,0,1,0,0,0,1,0,1,0,0
0.3023,1200,904.537558281601,925.925925925914,0.417266444374506,0.150000000000006,1,3,2,0,1,0,1,0,0,0,1,0,1,0,0
0.3024,1200,904.338446274331,925.925925925914,0.417321259189321,0.199999999999989,1,3,2,0,1,0,1,0,0,0,1,0,1,0,0
0.3025,1200,904.140188343376,925.925925925914,0.417376074004135,0.25,1,3,2,0,1,0,1,0,0,0,1,0,1,0,0
0.3026,1200,903.942782353545,925.925925925914,0.41743088881895,0.299999999999983,1,3,2,0,1,0,1,0,0,0,1,0,1,0,0
0.3027,1200,903.746226174984,925.925925925914,0.417485703633765,0.349999999999994,1,3,2,0,1,0,1,0,0,0,1,0,1,0,0
0.3028,1200,903.550517683166,925.925925925914,0.41754051844858,0.400000000000006,1,3,2,0,1,0,1,0,0,0,1,0,1,0,0
0.3029,1200,903.355654758874,925.925925925914,0.417595333263395,0.449999999999989,0,3,2,0,1,0,1,0,0,0,0,0,1,0,0
0.303,1200,903.161635288189,925.925925925914,0.41765014807821,0.5,0,3,2,0,1,0,1,0,0,0,0,0,1,0,0
0.3031,1200,902.968457162476,925.925925925914,0.417704962893024,0.550000000000011,0,3,2,0,1,0,1,0,0,0,0,0,1,0,0
0.3032,1200,902.776118278375,925.925925925914,0.417759777707839,0.600000000000023,0,3,2,0,1,0,1,0,0,0,0,0,1,0,0
0.3033,1200,902.58461653778,925.925925925914,0.417814592522654,0.650000000000006,0,3,2,0,1,0,1,0,0,0,0,0,1,0,0
0.3034,1200,902.393949847833,925.925925925914,0.417869407337469,0.699999999999989,0,3,2,0,1,0,1,0,0,0,0,0,1,0,0
0.3035,1200,902.204116120907,925.925925925914,0.417924222152284,0.75,0,3,2,0,1,0,1,0,0,0,0,0,1,0,0
0.3036,1200,902.015113274594,925.925925925914,0.417979036967098,0.799999999999983,0,3,2,0,1,0,1,0,0,0,0,0,1,0,0
0.3037,1200,901.826939231694,925.925925925914,0.418033851781913,0.849999999999994,0,3,2,0,1,0,1,0,0,0,0,0,1,0,0
0.3038,1200,901.639591920197,925.925925925914,0.418088666596728,0.900000000000006,0,3,2,0,1,0,1,0,0,0,0,0,1,0,0
0.3039,1200,901.453069273275,925.925925925914,0.418143481411543,0.949999999999989,0,3,2,0,1,0,1,0,0,0,0,0,1,0,0
0.304,1200,901.267369229267,925.925925925914,0.418198296226358,0,1,3,2,0,1,0,1,0,0,0,1,0,1,0,0
0.3041,1200,901.082489731665,925.925925925914,0.418253111041173,0.0500000000000114,1,3,2,0,1,0,1,0,0,0,1,0,1,0,0
0.3042,1200,900.898428729104,925.925925925914,0.418307925855987,0.100000000000023,1,3,2,0,1,0,1,0,0,0,1,0,1,0,0
0.3043,1200,900.715184175345,925.925925925914,0.418362740670802,0.150000000000006,1,3,2,0,1,0,1,0,0,0,1,0,1,0,0
0.3044,1200,900.532754029267,925.925925925914,0.418417555485617,0.199999999999989,1,3,2,0,1,0,1,0,0,0,1,0,1,0,0
0.3045,1200,900.35113625485,925.925925925914,0.418472370300432,0.25,1,3,2,0,1,0,1,0,0,0,1,0,1,0,0
0.3046,1200,900.170328821166,925.925925925914,0.418527185115247,0.299999999999983,1,3,2,0,1,0,1,0,0,0,1,0,1,0,0
0.3047,1200,899.990329702362,925.925925925914,0.418581999930061,0.349999999999994,1,3,2,0,1,0,1,0,0,0,1,0,1,0,0
0.3048,1200,899.811136877652,925.925925925914,0.418636814744876,0.400000000000006,1,3,2,0,1,0,1,0,0,0,1,0,1,0,0
0.3049,1200,899.632748331299,892.857142857153,0.428618878236933,0.449999999999989,0,4,6,0,0,1,1,0,0,0,0,0,1,0,0
0.305,1200,899.519689169011,892.857142857153,0.428680306808362,0.5,0,4,6,0,0,1,1,0,0,0,0,0,1,0,0
0.3051,1200,899.407311940343,892.857142857153,0.42874173537979,0.550000000000011,0,4,6,0,0,1,1,0,0,0,0,0,1,0,0
0.3052,1200,899.295614940461,892.857142857153,0.428803163951219,0.600000000000023,0,4,6,0,0,1,1,0,0,0,0,0,1,0,0
0.3053,1200,899.184596468792,892.857142857153,0.428864592522647,0.650000000000006,0,4,6,0,0,1,1,0,0,0,0,0,1,0,0
0.3054,1200,899.074254829018,892.857142857153,0.428926021094076,0.699999999999989,0,4,6,0,0,1,1,0,0,0,0,0,1,0,0
0.3055,1200,898.964588329057,892.857142857153,0.428987449665505,0.75,0,4,6,0,0,1,1,0,0,0,0,0,1,0,0
0.3056,1200,898.85559528106,892.857142857153,0.429048878236933,0.799999999999983,0,4,6,0,0,1,1,0,0,0,0,0,1,0,0
0.3057,1200,898.747274001397,892.857142857153,0.429110306808362,0.849999999999994,0,4,6,0,0,1,1,0,0,0,0,0,1,0,0
0.3058,1200,898.639622810648,892.857142857153,0.42917173537979,0.900000000000006,0,4,6,0,0,1,1,0,0,0,0,0,1,0,0
0.3059,1200,898.53264003359,892.857142857153,0.429233163951219,0.949999999999989,0,4,6,0,0,1,1,0,0,0,0,0,1,0,0
0.306,1200,898.426323999189,892.857142857153,0.429294592522647,0,1,4,6,0,0,1,1,0,0,0,0,1,1,0,0
0.3061,1200,898.320673040588,892.857142857153,0.429356021094076,0.0500000000000114,1,4,6,0,0,1,1,0,0,0,0,1,1,0,0
0.3062,1200,898.215685495098,892.857142857153,0.429417449665504,0.100000000000023,1,4,6,0,0,1,1,0,0,0,0,1,1,0,0
0.3063,1200,898.111359704186,892.857142857153,0.429478878236933,0.150000000000006,1,4,6,0,0,1,1,0,0,0,0,1,1,0,0
0.3064,1200,898.007694013466,892.857142857153,0.429540306808362,0.199999999999989,1,4,6,0,0,1,1,0,0,0,0,1,1,0,0
0.3065,1200,897.904686772687,892.857142857153,0.42960173537979,0.25,1,4,6,0,0,1,1,0,0,0,0,1,1,0,0
0.3066,1200,897.802336335723,892.857142857153,0.429663163951219,0.299999999999983,1,4,6,0,0,1,1,0,0,0,0,1,1,0,0
0.3067,1200,897.700641060567,892.857142857153,0.429724592522647,0.349999999999994,1,4,6,0,0,1,1,0,0,0,0,1,1,0,0
0.3068,1200,897.599599309313,892.857142857153,0.429786021094076,0.400000000000006,1,4,6,0,0,1,1,0,0,0,0,1,1,0,0
0.3069,1200,897.499209448151,892.857142857153,0.429847449665504,0.450000000000017,0,4,6,0,0,1,1,0,0,0,0,0,1,0,0
0.307,1200,897.399469847356,892.857142857153,0.429908878236933,0.5,0,4,6,0,0,1,1,0,0,0,0,0,1,0,0
0.3071,1200,897.300378881278,892.857142857153,0.429970306808362,0.550000000000011,0,4,6,0,0,1,1,0,0,0,0,0,1,0,0
0.3072,1200,897.201934928329,892.857142857153,0.43003173537979,0.600000000000023,0,4,6,0,0,1,1,0,0,0,0,0,1,0,0
0.3073,1200,897.104136370977,892.857142857153,0.430093163951219,0.650000000000006,0,4,6,0,0,1,1,0,0,0,0,0,1,0,0
0.3074,1200,897.006981595732,892.857142857153,0.430154592522647,0.700000000000017,0,4,6,0,0,1,1,0,0,0,0,0,1,0,0
0.3075,1200,896.91046899314,892.857142857153,0.430216021094076,0.75,0,4,6,0,0,1,1,0,0,0,0,0,1,0,0
0.3076,1200,896.814596957769,892.857142857153,0.430277449665504,0.799999999999983,0,4,6,0,0,1,1,0,0,0,0,0,1,0,0
0.3077,1200,896.7193638882,892.857142857153,0.430338878236933,0.849999999999994,0,5,4,0,0,1,0,1,0,0,0,0,0,1,0
0.3078,1200,896.62476818702,892.857142857153,0.430400306808361,0.900000000000006,0,5,4,0,0,1,0,1,0,0,0,0,0,1,0
0.3079,1200,896.530808260807,892.857142857153,0.43046173537979,0.950000000000017,0,5,4,0,0,1,0,1,0,0,0,0,0,1,0
0.308,1200,896.437482520123,892.857142857153,0.430523163951219,0,1,5,4,0,0,1,0,1,0,0,0,1,0,1,0
0.3081,1200,896.344789379506,892.857142857153,0.430584592522647,0.0500000000000114,1,5,4,0,0,1,0,1,0,0,0,1,0,1,0
0.3082,1200,896.252727257454,892.857142857153,0.430646021094076,0.100000000000023,1,5,4,0,0,1,0,1,0,0,0,1,0,1,0
0.3083,1200,896.161294576422,892.857142857153,0.430707449665504,0.150000000000006,1,5,4,0,0,1,0,1,0,0,0,1,0,1,0
0.3084,1200,896.070489762807,892.857142857153,0.430768878236933,0.200000000000017,1,5,4,0,0,1,0,1,0,0,0,1,0,1,0
0.3085,1200,895.98031124694,892.857142857153,0.430830306808361,0.25,1,5,4,0,0,1,0,1,0,0,0,1,0,1,0
0.3086,1200,895.890757463077,892.857142857153,0.43089173537979,0.299999999999983,1,5,4,0,0,1,0,1,0,0,0,1,0,1,0
0.3087,1200,895.801826849388,892.857142857153,0.430953163951219,0.349999999999994,1,5,4,0,0,1,0,1,0,0,0,1,0,1,0
0.3088,1200,895.713517847948,892.857142857153,0.431014592522647,0.399999999999977,1,5,4,0,0,1,0,1,0,0,0,1,0,1,0
0.3089,1200,895.625828904725,892.857142857153,0.431076021094076,0.450000000000017,0,5,4,0,0,1,0,1,0,0,0,0,0,1,0
0.309,1200,895.538758469575,892.857142857153,0.431137449665504,0.5,0,5,4,0,0,1,0,1,0,0,0,0,0,1,0
0.3091,1200,895.452304996226,892.857142857153,0.431198878236933,0.550000000000011,0,5,4,0,0,1,0,1,0,0,0,0,0,1,0
0.3092,1200,895.366466942276,892.857142857153,0.431260306808361,0.600000000000023,0,5,4,0,0,1,0,1,0,0,0,0,0,1,0
0.3093,1200,895.281242769175,892.857142857153,0.43132173537979,0.650000000000006,0,5,4,0,0,1,0,1,0,0,0,0,0,1,0
0.3094,1200,895.19663094222,892.857142857153,0.431383163951219,0.700000000000017,0,5,4,0,0,1,0,1,0,0,0,0,0,1,0
0.3095,1200,895.112629930548,892.857142857153,0.431444592522647,0.75,0,5,4,0,0,1,0,1,0,0,0,0,0,1,0
0.3096,1200,895.029238207119,892.857142857153,0.431506021094076,0.799999999999983,0,5,4,0,0,1,0,1,0,0,0,0,0,1,0
0.3097,1200,894.946454248712,892.857142857153,0.431567449665504,0.849999999999994,0,5,4,0,0,1,0,1,0,0,0,0,0,1,0
0.3098,1200,894.864276535916,892.857142857153,0.431628878236933,0.899999999999977,0,5,4,0,0,1,0,1,0,0,0,0,0,1,0
0.3099,1200,894.782703553117,892.857142857153,0.431690306808361,0.950000000000017,0,5,4,0,0,1,0,1,0,0,0,0,0,1,0
0.31,1200,894.701733788488,892.857142857153,0.43175173537979,0,1,5,4,0,0,1,0,1,0,0,0,1,0,1,0
0.3101,1200,894.621365733985,892.857142857153,0.431813163951218,0.0500000000000114,1,5,4,0,0,1,0,1,0,0,0,1,0,1,0
0.3102,1200,894.541597885333,892.857142857153,0.431874592522647,0.100000000000023,1,5,4,0,0,1,0,1,0,0,0,1,0,1,0
0.3103,1200,894.462428742017,892.857142857153,0.431936021094076,0.150000000000006,1,5,4,0,0,1,0,1,0,0,0,1,0,1,0
0.3104,1200,894.383856807274,892.857142857153,0.431997449665504,0.200000000000017,1,5,4,0,0,1,0,1,0,0,0,1,0,1,0
0.3105,1200,894.305880588081,892.857142857135,0.432058878236938,0.25,1,0,5,1,0,0,0,1,0,1,0,0,0,1,0
0.3106,1200,894.228498595151,892.857142857135,0.432120306808367,0.299999999999983,1,0,5,1,0,0,0,1,0,1,0,0,0,1,0
0.3107,1200,894.151709342918,892.857142857135,0.432181735379795,0.349999999999994,1,0,5,1,0,0,0,1,0,1,0,0,0,1,0
0.3108,1200,894.075511349529,892.857142857135,0.432243163951224,0.399999999999977,1,0,5,1,0,0,0,1,0,1,0,0,0,1,0
0.3109,1200,893.999903136838,892.857142857135,0.432304592522652,0.450000000000017,0,0,5,1,0,0,0,1,0,0,0,0,0,1,0
0.311,1200,893.924883230393,892.857142857135,0.432366021094081,0.5,0,0,5,1,0,0,0,1,0,0,0,0,0,1,0
0.3111,1200,893.850450159429,892.857142857135,0.432427449665509,0.550000000000011,0,0,5,1,0,0,0,1,0,0,0,0,0,1,0
0.3112,1200,893.776602456856,892.857142857135,0.432488878236938,0.600000000000023,0,0,5,1,0,0,0,1,0,0,0,0,0,1,0
0.3113,1200,893.703338659254,892.857142857135,0.432550306808367,0.650000000000006,0,0,5,1,0,0,0,1,0,0,0,0,0,1,0
0.3114,1200,893.63065730686,892.857142857135,0.432611735379795,0.700000000000017,0,0,5,1,0,0,0,1,0,0,0,0,0,1,0
0.3115,1200,893.558556943562,892.857142857135,0.432673163951224,0.75,0,0,5,1,0,0,0,1,0,0,0,0,0,1,0
0.3116,1200,893.487036116886,892.857142857135,0.432734592522652,0.799999999999983,0,0,5,1,0,0,0,1,0,0,0,0,0,1,0
0.3117,1200,893.416093377991,892.857142857135,0.432796021094081,0.849999999999994,0,0,5,1,0,0,0,1,0,0,0,0,0,1,0
0.3118,1200,893.345727281658,892.857142857135,0.432857449665509,0.899999999999977,0,0,5,1,0,0,0,1,0,0,0,0,0,1,0
0.3119,1200,893.275936386279,892.857142857135,0.432918878236938,0.950000000000017,0,0,5,1,0,0,0,1,0,0,0,0,0,1,0
0.312,1200,893.206719253854,892.857142857135,0.432980306808367,0,1,0,5,1,0,0,0,1,0,1,0,0,0,1,0
0.3121,1200,893.138074449973,892.857142857135,0.433041735379795,0.0500000000000114,1,0,5,1,0,0,0,1,0,1,0,0,0,1,0
0.3122,1200,893.070000543817,892.857142857135,0.433103163951224,0.100000000000023,1,0,5,1,0,0,0,1,0,1,0,0,0,1,0
0.3123,1200,893.002496108141,892.857142857135,0.433164592522652,0.150000000000006,1,0,5,1,0,0,0,1,0,1,0,0,0,1,0
0.3124,1200,892.935559719267,892.857142857135,0.433226021094081,0.200000000000017,1,0,5,1,0,0,0,1,0,1,0,0,0,1,0
0.3125,1200,892.869189957081,892.857142857135,0.433287449665509,0.25,1,0,5,1,0,0,0,1,0,1,0,0,0,1,0
0.3126,1200,892.803385405014,892.857142857135,0.433348878236938,0.299999999999983,1,0,5,1,0,0,0,1,0,1,0,0,0,1,0
0.3127,1200,892.738144650041,892.857142857135,0.433410306808366,0.349999999999994,1,0,5,1,0,0,0,1,0,1,0,0,0,1,0
0.3128,1200,892.673466282671,892.857142857135,0.433471735379795,0.399999999999977,1,0,5,1,0,0,0,1,0,1,0,0,0,1,0
0.3129,1200,892.609348896933,892.857142857135,0.433533163951224,0.450000000000017,0,0,5,1,0,0,0,1,0,0,0,0,0,1,0
0.313,1200,892.545791090373,892.857142857135,0.433594592522652,0.5,0,0,5,1,0,0,0,1,0,0,0,0,0,1,0
0.3131,1200,892.482791464045,892.857142857135,0.433656021094081,0.550000000000011,0,0,5,1,0,0,0,1,0,0,0,0,0,1,0
0.3132,1200,892.420348622496,892.857142857135,0.433717449665509,0.600000000000023,0,0,5,1,0,0,0,1,0,0,0,0,0,1,0
0.3133,1200,892.358461173766,892.857142857135,0.433778878236938,0.650000000000006,0,1,1,1,0,0,0,0,1,0,0,0,0,0,1
0.3134,1200,892.297127729371,892.857142857135,0.433840306808366,0.700000000000017,0,1,1,1,0,0,0,0,1,0,0,0,0,0,1
0.3135,1200,892.236346904302,892.857142857135,0.433901735379795,0.75,0,1,1,1,0,0,0,0,1,0,0,0,0,0,1
0.3136,1200,892.17611731701,892.857142857135,0.433963163951224,0.799999999999983,0,1,1,1,0,0,0,0,1,0,0,0,0,0,1
0.3137,1200,892.116437589401,892.857142857135,0.434024592522652,0.849999999999994,0,1,1,1,0,0,0,0,1,0,0,0,0,0,1
0.3138,1200,892.057306346824,892.857142857135,0.434086021094081,0.899999999999977,0,1,1,1,0,0,0,0,1,0,0,0,0,0,1
0.3139,1200,891.998722218069,892.857142857135,0.434147449665509,0.950000000000017,0,1,1,1,0,0,0,0,1,0,0,0,0,0,1
0.314,1200,891.940683835349,892.857142857135,0.434208878236938,0,1,1,1,1,0,0,0,0,1,1,0,0,0,0,1
0.3141,1200,891.883189834301,892.857142857135,0.434270306808366,0.0500000000000114,1,1,1,1,0,0,0,0,1,1,0,0,0,0,1
0.3142,1200,891.82623885397,892.857142857135,0.434331735379795,0.100000000000023,1,1,1,1,0,0,0,0,1,1,0,0,0,0,1
0.3143,1200,891.769829536803,892.857142857135,0.434393163951224,0.150000000000006,1,1,1,1,0,0,0,0,1,1,0,0,0,0,1
0.3144,1200,891.713960528644,892.857142857135,0.434454592522652,0.200000000000017,1,1,1,1,0,0,0,0,1,1,0,0,0,0,1
0.3145,1200,891.65863047872,892.857142857135,0.434516021094081,0.25,1,1,1,1,0,0,0,0,1,1,0,0,0,0,1
0.3146,1200,891.603838039635,892.857142857135,0.434577449665509,0.299999999999983,1,1,1,1,0,0,0,0,1,1,0,0,0,0,1
0.3147,1200,891.549581867361,892.857142857135,0.434638878236938,0.349999999999994,1,1,1,1,0,0,0,0,1,1,0,0,0,0,1
0.3148,1200,891.495860621233,892.857142857135,0.434700306808366,0.399999999999977,1,1,1,1,0,0,0,0,1,1,0,0,0,0,1
0.3149,1200,891.442672963934,892.857142857135,0.434761735379795,0.450000000000017,0,1,1,1,0,0,0,0,1,0,0,0,0,0,1
0.315,1200,891.390017561493,892.857142857135,0.434823163951223,0.5,0,1,1,1,0,0,0,0,1,0,0,0,0,0,1
0.3151,1200,891.337893083272,892.857142857135,0.434884592522652,0.549999999999983,0,1,1,1,0,0,0,0,1,0,0,0,0,0,1
0.3152,1200,891.286298201961,892.857142857135,0.434946021094081,0.600000000000023,0,1,1,1,0,0,0,0,1,0,0,0,0,0,1
0.3153,1200,891.235231593568,892.857142857135,0.435007449665509,0.650000000000006,0,1,1,1,0,0,0,0,1,0,0,0,0,0,1
0.3154,1200,891.18469193741,892.857142857135,0.435068878236938,0.700000000000017,0,1,1,1,0,0,0,0,1,0,0,0,0,0,1
0.3155,1200,891.134677916106,892.857142857135,0.435130306808366,0.75,0,1,1,1,0,0,0,0,1,0,0,0,0,0,1
0.3156,1200,891.08518821557,892.857142857135,0.435191735379795,0.799999999999983,0,1,1,1,0,0,0,0,1,0,0,0,0,0,1
0.3157,1200,891.036221525,892.857142857135,0.435253163951223,0.849999999999994,0,1,1,1,0,0,0,0,1,0,0,0,0,0,1
0.3158,1200,890.987776536871,892.857142857135,0.435314592522652,0.899999999999977,0,1,1,1,0,0,0,0,1,0,0,0,0,0,1
0.3159,1200,890.939851946926,892.857142857135,0.435376021094081,0.950000000000017,0,1,1,1,0,0,0,0,1,0,0,0,0,0,1
0.316,1200,890.89244645417,892.857142857135,0.435437449665509,0,1,1,1,1,0,0,0,0,1,1,0,0,0,0,1
0.3161,1200,890.84555876086,892.857142857153,0.435498878236932,0.0499999999999829,1,2,3,0,1,0,0,0,1,0,1,0,0,0,1
0.3162,1200,890.799187572498,892.857142857153,0.435560306808361,0.100000000000023,1,2,3,0,1,0,0,0,1,0,1,0,0,0,1
0.3163,1200,890.753331597821,892.857142857153,0.435621735379789,0.150000000000006,1,2,3,0,1,0,0,0,1,0,1,0,0,0,1
0.3164,1200,890.707989548795,892.857142857153,0.435683163951218,0.200000000000017,1,2,3,0,1,0,0,0,1,0,1,0,0,0,1
0.3165,1200,890.663160140606,892.857142857153,0.435744592522647,0.25,1,2,3,0,1,0,0,0,1,0,1,0,0,0,1
0.3166,1200,890.618842091652,892.857142857153,0.435806021094075,0.299999999999983,1,2,3,0,1,0,0,0,1,0,1,0,0,0,1
0.3167,1200,890.575034123534,892.857142857153,0.435867449665504,0.349999999999994,1,2,3,0,1,0,0,0,1,0,1,0,0,0,1
0.3168,1200,890.531734961051,892.857142857153,0.435928878236932,0.399999999999977,1,2,3,0,1,0,0,0,1,0,1,0,0,0,1
0.3169,1200,890.488943332188,892.857142857153,0.435990306808361,0.450000000000017,0,2,3,0,1,0,0,0,1,0,0,0,0,0,1
0.317,1200,890.446657968112,892.857142857153,0.436051735379789,0.5,0,2,3,0,1,0,0,0,1,0,0,0,0,0,1
0.3171,1200,890.404877603161,892.857142857153,0.436113163951218,0.549999999999983,0,2,3,0,1,0,0,0,1,0,0,0,0,0,1
0.3172,1200,890.363600974836,892.857142857153,0.436174592522647,0.600000000000023,0,2,3,0,1,0,0,0,1,0,0,0,0,0,1
0.3173,1200,890.322826823796,892.857142857153,0.436236021094075,0.650000000000006,0,2,3,0,1,0,0,0,1,0,0,0,0,0,1
0.3174,1200,890.282553893848,892.857142857153,0.436297449665504,0.700000000000017,0,2,3,0,1,0,0,0,1,0,0,0,0,0,1
0.3175,1200,890.242780931939,892.857142857153,0.436358878236932,0.75,0,2,3,0,1,0,0,0,1,0,0,0,0,0,1
0.3176,1200,890.203506688149,892.857142857153,0.436420306808361,0.799999999999983,0,2,3,0,1,0,0,0,1,0,0,0,0,0,1
0.3177,1200,890.164729915683,892.857142857153,0.436481735379789,0.849999999999994,0,2,3,0,1,0,0,0,1,0,0,0,0,0,1
0.3178,1200,890.126449370862,892.857142857153,0.436543163951218,0.899999999999977,0,2,3,0,1,0,0,0,1,0,0,0,0,0,1
0.3179,1200,890.088663813118,892.857142857153,0.436604592522646,0.950000000000017,0,2,3,0,1,0,0,0,1,0,0,0,0,0,1
0.318,1200,890.051372004983,892.857142857153,0.436666021094075,0,1,2,3,0,1,0,0,0,1,0,1,0,0,0,1
0.3181,1200,890.014572712082,892.857142857153,0.436727449665504,0.0499999999999829,1,2,3,0,1,0,0,0,1,0,1,0,0,0,1
0.3182,1200,889.978264703127,892.857142857153,0.436788878236932,0.100000000000023,1,2,3,0,1,0,0,0,1,0,1,0,0,0,1
0.3183,1200,889.94244674991,892.857142857153,0.436850306808361,0.150000000000006,1,2,3,0,1,0,0,0,1,0,1,0,0,0,1
0.3184,1200,889.907117627289,892.857142857153,0.436911735379789,0.200000000000017,1,2,3,0,1,0,0,0,1,0,1,0,0,0,1
0.3185,1200,889.87227611319,892.857142857153,0.436973163951218,0.25,1,2,3,0,1,0,0,0,1,0,1,0,0,0,1
0.3186,1200,889.837920988589,892.857142857153,0.437034592522646,0.300000000000011,1,2,3,0,1,0,0,0,1,0,1,0,0,0,1
0.3187,1200,889.804051037515,892.857142857153,0.437096021094075,0.349999999999994,1,2,3,0,1,0,0,0,1,0,1,0,0,0,1
0.3188,1200,889.770665047033,892.857142857153,0.437157449665504,0.399999999999977,1,2,3,0,1,0,0,0,1,0,1,0,0,0,1
0.3189,1200,889.737761807241,892.857142857135,0.437218878236937,0.450000000000017,0,3,2,0,1,0,1,0,0,0,0,0,1,0,0
0.319,1200,889.705340111263,892.857142857135,0.437280306808366,0.5,0,3,2,0,1,0,1,0,0,0,0,0,1,0,0
0.3191,1200,889.673398755239,892.857142857135,0.437341735379795,0.550000000000011,0,3,2,0,1,0,1,0,0,0,0,0,1,0,0
0.3192,1200,889.64193653832,892.857142857135,0.437403163951223,0.600000000000023,0,3,2,0,1,0,1,0,0,0,0,0,1,0,0
0.3193,1200,889.610952262657,892.857142857135,0.437464592522652,0.650000000000006,0,3,2,0,1,0,1,0,0,0,0,0,1,0,0
0.3194,1200,889.580444733398,892.857142857135,0.43752602109408,0.700000000000017,0,3,2,0,1,0,1,0,0,0,0,0,1,0,0
0.3195,1200,889.550412758676,892.857142857135,0.437587449665509,0.75,0,3,2,0,1,0,1,0,0,0,0,0,1,0,0
0.3196,1200,889.520855149605,892.857142857135,0.437648878236937,0.800000000000011,0,3,2,0,1,0,1,0,0,0,0,0,1,0,0
0.3197,1200,889.491770720271,892.857142857135,0.437710306808366,0.849999999999994,0,3,2,0,1,0,1,0,0,0,0,0,1,0,0
0.3198,1200,889.463158287724,892.857142857135,0.437771735379795,0.899999999999977,0,3,2,0,1,0,1,0,0,0,0,0,1,0,0
0.3199,1200,889.435016671974,892.857142857135,0.437833163951223,0.950000000000017,0,3,2,0,1,0,1,0,0,0,0,0,1,0,0
0.32,1200,889.407344695977,892.857142857135,0.437894592522652,0,1,3,2,0,1,0,1,0,0,0,1,0,1,0,0
0.3201,1200,889.380141185634,892.857142857135,0.43795602109408,0.0500000000000114,1,3,2,0,1,0,1,0,0,0,1,0,1,0,0
0.3202,1200,889.353404969782,892.857142857135,0.438017449665509,0.100000000000023,1,3,2,0,1,0,1,0,0,0,1,0,1,0,0
0.3203,1200,889.327134880183,892.857142857135,0.438078878236937,0.150000000000006,1,3,2,0,1,0,1,0,0,0,1,0,1,0,0
0.3204,1200,889.301329751523,892.857142857135,0.438140306808366,0.200000000000017,1,3,2,0,1,0,1,0,0,0,1,0,1,0,0
0.3205,1200,889.275988421398,892.857142857135,0.438201735379794,0.25,1,3,2,0,1,0,1,0,0,0,1,0,1,0,0
0.3206,1200,889.251109730313,892.857142857135,0.438263163951223,0.300000000000011,1,3,2,0,1,0,1,0,0,0,1,0,1,0,0
0.3207,1200,889.22669252167,892.857142857135,0.438324592522652,0.349999999999994,1,3,2,0,1,0,1,0,0,0,1,0,1,0,0
0.3208,1200,889.202735641764,892.857142857135,0.43838602109408,0.399999999999977,1,3,2,0,1,0,1,0,0,0,1,0,1,0,0
0.3209,1200,889.179237939771,892.857142857135,0.438447449665509,0.450000000000017,0,3,2,0,1,0,1,0,0,0,0,0,1,0,0
0.321,1200,889.156198267747,892.857142857135,0.438508878236937,0.5,0,3,2,0,1,0,1,0,0,0,0,0,1,0,0
0.3211,1200,889.133615480618,892.857142857135,0.438570306808366,0.550000000000011,0,3,2,0,1,0,1,0,0,0,0,0,1,0,0
0.3212,1200,889.11148843617,892.857142857135,0.438631735379794,0.600000000000023,0,3,2,0,1,0,1,0,0,0,0,0,1,0,0
0.3213,1200,889.089815995049,892.857142857135,0.438693163951223,0.650000000000006,0,3,2,0,1,0,1,0,0,0,0,0,1,0,0
0.3214,1200,889.068597020744,892.857142857135,0.438754592522652,0.700000000000017,0,3,2,0,1,0,1,0,0,0,0,0,1,0,0
0.3215,1200,889.047830379589,892.857142857135,0.43881602109408,0.75,0,3,2,0,1,0,1,0,0,0,0,0,1,0,0
0.3216,1200,889.027514940752,892.857142857135,0.438877449665509,0.800000000000011,0,3,2,0,1,0,1,0,0,0,0,0,1,0,0
0.3217,1200,889.007649576226,892.857142857153,0.438938878236932,0.849999999999994,0,4,6,0,0,1,1,0,0,0,0,0,1,0,0
0.3218,1200,888.988233160825,892.857142857153,0.43900030680836,0.899999999999977,0,4,6,0,0,1,1,0,0,0,0,0,1,0,0
0.3219,1200,888.969264572178,892.857142857153,0.439061735379789,0.949999999999989,0,4,6,0,0,1,1,0,0,0,0,0,1,0,0
0.322,1200,888.950742690716,892.857142857153,0.439123163951218,0,1,4,6,0,0,1,1,0,0,0,0,1,1,0,0
0.3221,1200,888.932666399672,892.857142857153,0.439184592522646,0.0500000000000114,1,4,6,0,0,1,1,0,0,0,0,1,1,0,0
0.3222,1200,888.91503458507,892.857142857153,0.439246021094075,0.100000000000023,1,4,6,0,0,1,1,0,0,0,0,1,1,0,0
0.3223,1200,888.897846135719,892.857142857153,0.439307449665503,0.150000000000006,1,4,6,0,0,1,1,0,0,0,0,1,1,0,0
0.3224,1200,888.881099943205,892.857142857153,0.439368878236932,0.200000000000017,1,4,6,0,0,1,1,0,0,0,0,1,1,0,0
0.3225,1200,888.864794901887,892.857142857153,0.43943030680836,0.25,1,4,6,0,0,1,1,0,0,0,0,1,1,0,0
0.3226,1200,888.848929908887,892.857142857153,0.439491735379789,0.300000000000011,1,4,6,0,0,1,1,0,0,0,0,1,1,0,0
0.3227,1200,888.833503864083,892.857142857153,0.439553163951218,0.349999999999994,1,4,6,0,0,1,1,0,0,0,0,1,1,0,0
0.3228,1200,888.818515670106,892.857142857153,0.439614592522646,0.399999999999977,1,4,6,0,0,1,1,0,0,0,0,1,1,0,0
0.3229,1200,888.803964232328,892.857142857153,0.439676021094075,0.449999999999989,0,4,6,0,0,1,1,0,0,0,0,0,1,0,0
0.323,1200,888.789848458859,892.857142857153,0.439737449665503,0.5,0,4,6,0,0,1,1,0,0,0,0,0,1,0,0
0.3231,1200,888.776167260537,892.857142857153,0.439798878236932,0.550000000000011,0,4,6,0,0,1,1,0,0,0,0,0,1,0,0
0.3232,1200,888.762919550926,892.857142857153,0.43986030680836,0.600000000000023,0,4,6,0,0,1,1,0,0,0,0,0,1,0,0
0.3233,1200,888.750104246303,892.857142857153,0.439921735379789,0.650000000000006,0,4,6,0,0,1,1,0,0,0,0,0,1,0,0
0.3234,1200,888.737720265656,892.857142857153,0.439983163951218,0.700000000000017,0,4,6,0,0,1,1,0,0,0,0,0,1,0,0
0.3235,1200,888.725766530675,892.857142857153,0.440044592522646,0.75,0,4,6,0,0,1,1,0,0,0,0,0,1,0,0
0.3236,1200,888.714241965745,892.857142857153,0.440106021094075,0.800000000000011,0,4,6,0,0,1,1,0,0,0,0,0,1,0,0
0.3237,1200,888.703145497942,892.857142857153,0.440167449665503,0.849999999999994,0,4,6,0,0,1,1,0,0,0,0,0,1,0,0
0.3238,1200,888.692476057023,892.857142857153,0.440228878236932,0.899999999999977,0,4,6,0,0,1,1,0,0,0,0,0,1,0,0
0.3239,1200,888.682232575421,892.857142857153,0.44029030680836,0.949999999999989,0,4,6,0,0,1,1,0,0,0,0,0,1,0,0
0.324,1200,888.672413988237,892.857142857153,0.440351735379789,0,1,4,6,0,0,1,1,0,0,0,0,1,1,0,0
0.3241,1200,888.663019233235,892.857142857153,0.440413163951217,0.0500000000000114,1,4,6,0,0,1,1,0,0,0,0,1,1,0,0
0.3242,1200,888.654047250834,892.857142857153,0.440474592522646,0.100000000000023,1,4,6,0,0,1,1,0,0,0,0,1,1,0,0
0.3243,1200,888.645496984105,892.857142857153,0.440536021094075,0.150000000000006,1,4,6,0,0,1,1,0,0,0,0,1,1,0,0
0.3244,1200,888.637367378756,892.857142857153,0.440597449665503,0.200000000000017,1,4,6,0,0,1,1,0,0,0,0,1,1,0,0
0.3245,1200,888.629657383135,892.857142857135,0.440658878236937,0.25,1,5,4,0,0,1,0,1,0,0,0,1,0,1,0
0.3246,1200,888.622365948217,892.857142857135,0.440720306808366,0.300000000000011,1,5,4,0,0,1,0,1,0,0,0,1,0,1,0
0.3247,1200,888.615492027601,892.857142857135,0.440781735379794,0.349999999999994,1,5,4,0,0,1,0,1,0,0,0,1,0,1,0
0.3248,1200,888.6090345775,892.857142857135,0.440843163951223,0.399999999999977,1,5,4,0,0,1,0,1,0,0,0,1,0,1,0
0.3249,1200,888.60299255674,892.857142857135,0.440904592522651,0.449999999999989,0,5,4,0,0,1,0,1,0,0,0,0,0,1,0
0.325,1200,888.597364926745,892.857142857135,0.44096602109408,0.5,0,5,4,0,0,1,0,1,0,0,0,0,0,1,0
0.3251,1200,888.59215065154,892.857142857135,0.441027449665508,0.550000000000011,0,5,4,0,0,1,0,1,0,0,0,0,0,1,0
0.3252,1200,888.587348697737,892.857142857135,0.441088878236937,0.599999999999994,0,5,4,0,0,1,0,1,0,0,0,0,0,1,0
0.3253,1200,888.582958034532,892.857142857135,0.441150306808366,0.650000000000006,0,5,4,0,0,1,0,1,0,0,0,0,0,1,0
0.3254,1200,888.5789776337,892.857142857135,0.441211735379794,0.700000000000017,0,5,4,0,0,1,0,1,0,0,0,0,0,1,0
0.3255,1200,888.575406469585,892.857142857135,0.441273163951223,0.75,0,5,4,0,0,1,0,1,0,0,0,0,0,1,0
0.3256,1200,888.572243519094,892.857142857135,0.441334592522651,0.800000000000011,0,5,4,0,0,1,0,1,0,0,0,0,0,1,0
0.3257,1200,888.569487761693,892.857142857135,0.44139602109408,0.849999999999994,0,5,4,0,0,1,0,1,0,0,0,0,0,1,0
0.3258,1200,888.5671381794,892.857142857135,0.441457449665508,0.899999999999977,0,5,4,0,0,1,0,1,0,0,0,0,0,1,0
0.3259,1200,888.565193756778,892.857142857135,0.441518878236937,0.950000000000017,0,5,4,0,0,1,0,1,0,0,0,0,0,1,0
0.326,1200,888.563653480926,892.857142857135,0.441580306808366,0,1,5,4,0,0,1,0,1,0,0,0,1,0,1,0
0.3261,1200,888.562516341478,892.857142857135,0.441641735379794,0.0500000000000114,1,5,4,0,0,1,0,1,0,0,0,1,0,1,0
0.3262,1200,888.561781330593,892.857142857135,0.441703163951223,0.0999999999999943,1,5,4,0,0,1,0,1,0,0,0,1,0,1,0
0.3263,1200,888.561447442949,892.857142857135,0.441764592522651,0.150000000000006,1,5,4,0,0,1,0,1,0,0,0,1,0,1,0
0.3264,1200,888.561513675739,892.857142857135,0.44182602109408,0.200000000000017,1,5,4,0,0,1,0,1,0,0,0,1,0,1,0
0.3265,1200,888.561979028662,892.857142857135,0.441887449665508,0.25,1,5,4,0,0,1,0,1,0,0,0,1,0,1,0
0.3266,1200,888.562842503916,892.857142857135,0.441948878236937,0.300000000000011,1,5,4,0,0,1,0,1,0,0,0,1,0,1,0
0.3267,1200,888.564103106196,892.857142857135,0.442010306808366,0.349999999999994,1,5,4,0,0,1,0,1,0,0,0,1,0,1,0
0.3268,1200,888.565759842685,892.857142857135,0.442071735379794,0.399999999999977,1,5,4,0,0,1,0,1,0,0,0,1,0,1,0
0.3269,1200,888.567811723047,892.857142857135,0.442133163951223,0.450000000000017,0,5,4,0,0,1,0,1,0,0,0,0,0,1,0
0.327,1200,888.570257759422,892.857142857135,0.442194592522651,0.5,0,5,4,0,0,1,0,1,0,0,0,0,0,1,0
0.3271,1200,888.573096966421,892.857142857135,0.44225602109408,0.550000000000011,0,5,4,0,0,1,0,1,0,0,0,0,0,1,0
0.3272,1200,888.576328361116,892.857142857135,0.442317449665508,0.599999999999994,0,5,4,0,0,1,0,1,0,0,0,0,0,1,0
0.3273,1200,888.579950963039,892.857142857135,0.442378878236937,0.650000000000006,0,0,5,1,0,0,0,1,0,0,0,0,0,1,0
0.3274,1200,888.583963794172,892.857142857135,0.442440306808365,0.700000000000017,0,0,5,1,0,0,0,1,0,0,0,0,0,1,0
0.3275,1200,888.588365878941,892.857142857135,0.442501735379794,0.75,0,0,5,1,0,0,0,1,0,0,0,0,0,1,0
0.3276,1200,888.593156244212,892.857142857135,0.442563163951223,0.800000000000011,0,0,5,1,0,0,0,1,0,0,0,0,0,1,0
0.3277,1200,888.598333919285,892.857142857135,0.442624592522651,0.849999999999994,0,0,5,1,0,0,0,1,0,0,0,0,0,1,0
0.3278,1200,888.603897935884,892.857142857135,0.44268602109408,0.899999999999977,0,0,5,1,0,0,0,1,0,0,0,0,0,1,0
0.3279,1200,888.609847328155,892.857142857135,0.442747449665508,0.950000000000017,0,0,5,1,0,0,0,1,0,0,0,0,0,1,0
0.328,1200,888.616181132661,892.857142857135,0.442808878236937,0,1,0,5,1,0,0,0,1,0,1,0,0,0,1,0
0.3281,1200,888.622898388369,892.857142857135,0.442870306808365,0.0500000000000114,1,0,5,1,0,0,0,1,0,1,0,0,0,1,0
0.3282,1200,888.629998136653,892.857142857135,0.442931735379794,0.0999999999999943,1,0,5,1,0,0,0,1,0,1,0,0,0,1,0
0.3283,1200,888.63747942128,892.857142857135,0.442993163951222,0.150000000000006,1,0,5,1,0,0,0,1,0,1,0,0,0,1,0
0.3284,1200,888.645341288409,892.857142857135,0.443054592522651,0.200000000000017,1,0,5,1,0,0,0,1,0,1,0,0,0,1,0
0.3285,1200,888.653582786586,892.857142857135,0.44311602109408,0.25,1,0,5,1,0,0,0,1,0,1,0,0,0,1,0
0.3286,1200,888.662202966731,892.857142857135,0.443177449665508,0.300000000000011,1,0,5,1,0,0,0,1,0,1,0,0,0,1,0
0.3287,1200,888.67120088214,892.857142857135,0.443238878236937,0.349999999999994,1,0,5,1,0,0,0,1,0,1,0,0,0,1,0
0.3288,1200,888.680575588474,892.857142857135,0.443300306808365,0.399999999999977,1,0,5,1,0,0,0,1,0,1,0,0,0,1,0
0.3289,1200,888.690326143757,892.857142857135,0.443361735379794,0.450000000000017,0,0,5,1,0,0,0,1,0,0,0,0,0,1,0
0.329,1200,888.700451608367,892.857142857135,0.443423163951222,0.5,0,0,5,1,0,0,0,1,0,0,0,0,0,1,0
0.3291,1200,888.710951045029,892.857142857135,0.443484592522651,0.550000000000011,0,0,5,1,0,0,0,1,0,0,0,0,0,1,0
0.3292,1200,888.721823518813,892.857142857135,0.44354602109408,0.599999999999994,0,0,5,1,0,0,0,1,0,0,0,0,0,1,0
0.3293,1200,888.733068097128,892.857142857135,0.443607449665508,0.650000000000006,0,0,5,1,0,0,0,1,0,0,0,0,0,1,0
0.3294,1200,888.744683849711,892.857142857135,0.443668878236937,0.700000000000017,0,0,5,1,0,0,0,1,0,0,0,0,0,1,0
0.3295,1200,888.756669848627,892.857142857135,0.443730306808365,0.75,0,0,5,1,0,0,0,1,0,0,0,0,0,1,0
0.3296,1200,888.76902516826,892.857142857135,0.443791735379794,0.800000000000011,0,0,5,1,0,0,0,1,0,0,0,0,0,1,0
0.3297,1200,888.781748885308,892.857142857135,0.443853163951222,0.849999999999994,0,0,5,1,0,0,0,1,0,0,0,0,0,1,0
0.3298,1200,888.794840078777,892.857142857135,0.443914592522651,0.899999999999977,0,0,5,1,0,0,0,1,0,0,0,0,0,1,0
0.3299,1200,888.808297829978,892.857142857135,0.44397602109408,0.949999999999989,0,0,5,1,0,0,0,1,0,0,0,0,0,1,0
0.33,1200,888.822121222514,892.857142857135,0.444037449665508,0,1,0,5,1,0,0,0,1,0,1,0,0,0,1,0
0.3301,1200,888.836309342284,892.857142857135,0.444098878236937,0.0500000000000114,1,0,5,1,0,0,0,1,0,1,0,0,0,1,0
0.3302,1200,888.850861277468,862.068965517254,0.453402917645798,0.0999999999999943,1,1,1,1,0,0,0,0,1,1,0,0,0,0,1
0.3303,1200,888.925853088972,862.068965517254,0.453470503852694,0.150000000000006,1,1,1,1,0,0,0,0,1,1,0,0,0,0,1
0.3304,1200,889.001096731292,862.068965517254,0.453538090059591,0.200000000000017,1,1,1,1,0,0,0,0,1,1,0,0,0,0,1
0.3305,1200,889.076591574851,862.068965517254,0.453605676266487,0.25,1,1,1,1,0,0,0,0,1,1,0,0,0,0,1
0.3306,1200,889.152336991646,862.068965517254,0.453673262473384,0.300000000000011,1,1,1,1,0,0,0,0,1,1,0,0,0,0,1
0.3307,1200,889.228332355244,862.068965517254,0.45374084868028,0.349999999999994,1,1,1,1,0,0,0,0,1,1,0,0,0,0,1
0.3308,1200,889.304577040778,862.068965517254,0.453808434887177,0.399999999999977,1,1,1,1,0,0,0,0,1,1,0,0,0,0,1
0.3309,1200,889.381070424942,862.068965517254,0.453876021094073,0.449999999999989,1,1,1,1,0,0,0,0,1,1,0,0,0,0,1
0.331,1200,889.457811885992,862.068965517254,0.45394360730097,0.5,0,1,1,1,0,0,0,0,1,0,0,0,0,0,1
0.3311,1200,889.534800803733,862.068965517254,0.454011193507866,0.550000000000011,0,1,1,1,0,0,0,0,1,0,0,0,0,0,1
0.3312,1200,889.612036559525,862.068965517254,0.454078779714763,0.599999999999994,0,1,1,1,0,0,0,0,1,0,0,0,0,0,1
0.3313,1200,889.689518536272,862.068965517254,0.45414636592166,0.650000000000006,0,1,1,1,0,0,0,0,1,0,0,0,0,0,1
0.3314,1200,889.767246118422,862.068965517254,0.454213952128556,0.700000000000017,0,1,1,1,0,0,0,0,1,0,0,0,0,0,1
0.3315,1200,889.845218691961,862.068965517254,0.454281538335453,0.75,0,1,1,1,0,0,0,0,1,0,0,0,0,0,1
0.3316,1200,889.923435644412,862.068965517254,0.454349124542349,0.800000000000011,0,1,1,1,0,0,0,0,1,0,0,0,0,0,1
0.3317,1200,890.001896364826,862.068965517254,0.454416710749246,0.849999999999994,0,1,1,1,0,0,0,0,1,0,0,0,0,0,1
0.3318,1200,890.080600243784,862.068965517254,0.454484296956142,0.900000000000006,0,1,1,1,0,0,0,0,1,0,0,0,0,0,1
0.3319,1200,890.15954667339,862.068965517254,0.454551883163039,0.949999999999989,0,1,1,1,0,0,0,0,1,0,0,0,0,0,1
0.332,1200,890.238735047266,862.068965517254,0.454619469369935,0,1,1,1,1,0,0,0,0,1,1,0,0,0,0,1
0.3321,1200,890.318164760552,862.068965517254,0.454687055576832,0.0500000000000114,1,1,1,1,0,0,0,0,1,1,0,0,0,0,1
0.3322,1200,890.3978352099,862.068965517254,0.454754641783728,0.0999999999999943,1,1,1,1,0,0,0,0,1,1,0,0,0,0,1
0.3323,1200,890.47774579347,862.068965517254,0.454822227990625,0.150000000000034,1,1,1,1,0,0,0,0,1,1,0,0,0,0,1
0.3324,1200,890.557895910925,862.068965517254,0.454889814197522,0.200000000000017,1,1,1,1,0,0,0,0,1,1,0,0,0,0,1
0.3325,1200,890.638284963432,862.068965517254,0.454957400404418,0.25,1,1,1,1,0,0,0,0,1,1,0,0,0,0,1
0.3326,1200,890.718912353652,862.068965517254,0.455024986611315,0.300000000000011,1,1,1,1,0,0,0,0,1,1,0,0,0,0,1
0.3327,1200,890.799777485741,862.068965517254,0.455092572818211,0.349999999999994,1,1,1,1,0,0,0,0,1,1,0,0,0,0,1
0.3328,1200,890.880879765345,862.068965517254,0.455160159025108,0.400000000000006,1,1,1,1,0,0,0,0,1,1,0,0,0,0,1
0.3329,1200,890.962218599595,862.068965517254,0.455227745232004,0.449999999999989,1,1,1,1,0,0,0,0,1,1,0,0,0,0,1
0.333,1200,891.043793397104,892.857142857135,0.446052720601469,0.5,0,2,3,0,1,0,0,0,1,0,0,0,0,0,1
0.3331,1200,891.065526597521,892.857142857135,0.446114149172897,0.550000000000011,0,2,3,0,1,0,0,0,1,0,0,0,0,0,1
0.3332,1200,891.087604750651,892.857142857135,0.446175577744326,0.599999999999994,0,2,3,0,1,0,0,0,1,0,0,0,0,0,1
0.3333,1200,891.110026994113,892.857142857135,0.446237006315754,0.650000000000006,0,2,3,0,1,0,0,0,1,0,0,0,0,0,1
0.3334,1200,891.13279246768,892.857142857135,0.446298434887183,0.700000000000017,0,2,3,0,1,0,0,0,1,0,0,0,0,0,1
0.3335,1200,891.155900313277,892.857142857135,0.446359863458611,0.75,0,2,3,0,1,0,0,0,1,0,0,0,0,0,1
0.3336,1200,891.179349674975,892.857142857135,0.44642129203004,0.800000000000011,0,2,3,0,1,0,0,0,1,0,0,0,0,0,1
0.3337,1200,891.203139698983,892.857142857135,0.446482720601469,0.849999999999994,0,2,3,0,1,0,0,0,1,0,0,0,0,0,1
0.3338,1200,891.227269533645,892.857142857135,0.446544149172897,0.900000000000006,0,2,3,0,1,0,0,0,1,0,0,0,0,0,1
0.3339,1200,891.251738329434,892.857142857135,0.446605577744326,0.949999999999989,0,2,3,0,1,0,0,0,1,0,0,0,0,0,1
0.334,1200,891.276545238949,892.857142857135,0.446667006315754,0,1,2,3,0,1,0,0,0,1,0,1,0,0,0,1
0.3341,1200,891.301689416904,892.857142857135,0.446728434887183,0.0500000000000114,1,2,3,0,1,0,0,0,1,0,1,0,0,0,1
0.3342,1200,891.327170020128,892.857142857135,0.446789863458611,0.0999999999999943,1,2,3,0,1,0,0,0,1,0,1,0,0,0,1
0.3343,1200,891.352986207559,892.857142857135,0.44685129203004,0.150000000000006,1,2,3,0,1,0,0,0,1,0,1,0,0,0,1
0.3344,1200,891.379137140235,892.857142857135,0.446912720601469,0.200000000000017,1,2,3,0,1,0,0,0,1,0,1,0,0,0,1
0.3345,1200,891.405621981294,892.857142857135,0.446974149172897,0.25,1,2,3,0,1,0,0,0,1,0,1,0,0,0,1
0.3346,1200,891.432439895965,892.857142857135,0.447035577744326,0.300000000000011,1,2,3,0,1,0,0,0,1,0,1,0,0,0,1
0.3347,1200,891.459590051563,892.857142857135,0.447097006315754,0.349999999999994,1,2,3,0,1,0,0,0,1,0,1,0,0,0,1
0.3348,1200,891.487071617487,892.857142857135,0.447158434887183,0.400000000000006,1,2,3,0,1,0,0,0,1,0,1,0,0,0,1
0.3349,1200,891.51488376521,892.857142857135,0.447219863458611,0.449999999999989,0,2,3,0,1,0,0,0,1,0,0,0,0,0,1
0.335,1200,891.543025668278,892.857142857135,0.44728129203004,0.5,0,2,3,0,1,0,0,0,1,0,0,0,0,0,1
0.3351,1200,891.571496502302,892.857142857135,0.447342720601468,0.550000000000011,0,2,3,0,1,0,0,0,1,0,0,0,0,0,1
0.3352,1200,891.600295444956,892.857142857135,0.447404149172897,0.599999999999994,0,2,3,0,1,0,0,0,1,0,0,0,0,0,1
0.3353,1200,891.629421675967,892.857142857135,0.447465577744326,0.650000000000006,0,2,3,0,1,0,0,0,1,0,0,0,0,0,1
0.3354,1200,891.658874377116,892.857142857135,0.447527006315754,0.700000000000017,0,2,3,0,1,0,0,0,1,0,0,0,0,0,1
0.3355,1200,891.688652732225,892.857142857135,0.447588434887183,0.75,0,2,3,0,1,0,0,0,1,0,0,0,0,0,1
0.3356,1200,891.718755927161,892.857142857135,0.447649863458611,0.800000000000011,0,2,3,0,1,0,0,0,1,0,0,0,0,0,1
0.3357,1200,891.749183149824,892.857142857135,0.44771129203004,0.849999999999994,0,2,3,0,1,0,0,0,1,0,0,0,0,0,1
0.3358,1200,891.779933590145,892.857142857153,0.447772720601463,0.900000000000006,0,3,2,0,1,0,1,0,0,0,0,0,1,0,0
0.3359,1200,891.811006440079,892.857142857153,0.447834149172892,0.949999999999989,0,3,2,0,1,0,1,0,0,0,0,0,1,0,0
0.336,1200,891.842400893603,892.857142857153,0.44789557774432,0,1,3,2,0,1,0,1,0,0,0,1,0,1,0,0
0.3361,1200,891.874116146707,892.857142857153,0.447957006315749,0.0500000000000114,1,3,2,0,1,0,1,0,0,0,1,0,1,0,0
0.3362,1200,891.906151397393,892.857142857153,0.448018434887177,0.0999999999999943,1,3,2,0,1,0,1,0,0,0,1,0,1,0,0
0.3363,1200,891.938505845666,892.857142857153,0.448079863458606,0.150000000000006,1,3,2,0,1,0,1,0,0,0,1,0,1,0,0
0.3364,1200,891.971178693533,892.857142857153,0.448141292030034,0.200000000000017,1,3,2,0,1,0,1,0,0,0,1,0,1,0,0
0.3365,1200,892.004169144994,892.857142857153,0.448202720601463,0.25,1,3,2,0,1,0,1,0,0,0,1,0,1,0,0
0.3366,1200,892.037476406041,892.857142857153,0.448264149172892,0.300000000000011,1,3,2,0,1,0,1,0,0,0,1,0,1,0,0
0.3367,1200,892.07109968465,892.857142857153,0.44832557774432,0.349999999999994,1,3,2,0,1,0,1,0,0,0,1,0,1,0,0
0.3368,1200,892.105038190776,892.857142857153,0.448387006315749,0.400000000000006,1,3,2,0,1,0,1,0,0,0,1,0,1,0,0
0.3369,1200,892.139291136352,892.857142857153,0.448448434887177,0.449999999999989,0,3,2,0,1,0,1,0,0,0,0,0,1,0,0
0.337,1200,892.173857735277,892.857142857153,0.448509863458606,0.5,0,3,2,0,1,0,1,0,0,0,0,0,1,0,0
0.3371,1200,892.20873720342,892.857142857153,0.448571292030034,0.550000000000011,0,3,2,0,1,0,1,0,0,0,0,0,1,0,0
0.3372,1200,892.243928758607,892.857142857153,0.448632720601463,0.599999999999994,0,3,2,0,1,0,1,0,0,0,0,0,1,0,0
0.3373,1200,892.27943162062,892.857142857153,0.448694149172892,0.650000000000006,0,3,2,0,1,0,1,0,0,0,0,0,1,0,0
0.3374,1200,892.315245011192,892.857142857153,0.44875557774432,0.700000000000017,0,3,2,0,1,0,1,0,0,0,0,0,1,0,0
0.3375,1200,892.351368154002,892.857142857153,0.448817006315749,0.75,0,3,2,0,1,0,1,0,0,0,0,0,1,0,0
0.3376,1200,892.387800274669,892.857142857153,0.448878434887177,0.800000000000011,0,3,2,0,1,0,1,0,0,0,0,0,1,0,0
0.3377,1200,892.424540600749,892.857142857153,0.448939863458606,0.849999999999994,0,3,2,0,1,0,1,0,0,0,0,0,1,0,0
0.3378,1200,892.461588361728,892.857142857153,0.449001292030034,0.900000000000006,0,3,2,0,1,0,1,0,0,0,0,0,1,0,0
0.3379,1200,892.498942789019,892.857142857153,0.449062720601463,0.949999999999989,0,3,2,0,1,0,1,0,0,0,0,0,1,0,0
0.338,1200,892.536603115956,892.857142857153,0.449124149172892,0,1,3,2,0,1,0,1,0,0,0,1,0,1,0,0
0.3381,1200,892.57456857779,892.857142857153,0.44918557774432,0.0500000000000114,1,3,2,0,1,0,1,0,0,0,1,0,1,0,0
0.3382,1200,892.612838411684,892.857142857153,0.449247006315749,0.0999999999999943,1,3,2,0,1,0,1,0,0,0,1,0,1,0,0
0.3383,1200,892.651411856707,892.857142857153,0.449308434887177,0.150000000000006,1,3,2,0,1,0,1,0,0,0,1,0,1,0,0
0.3384,1200,892.690288153832,892.857142857153,0.449369863458606,0.200000000000017,1,3,2,0,1,0,1,0,0,0,1,0,1,0,0
0.3385,1200,892.729466545928,892.857142857153,0.449431292030034,0.25,1,3,2,0,1,0,1,0,0,0,1,0,1,0,0
0.3386,1200,892.768946277759,892.857142857135,0.449492720601468,0.300000000000011,1,4,6,0,0,1,1,0,0,0,0,1,1,0,0
0.3387,1200,892.808726595974,892.857142857135,0.449554149172897,0.349999999999994,1,4,6,0,0,1,1,0,0,0,0,1,1,0,0
0.3388,1200,892.848806749108,892.857142857135,0.449615577744325,0.400000000000006,1,4,6,0,0,1,1,0,0,0,0,1,1,0,0
0.3389,1200,892.889185987573,892.857142857135,0.449677006315754,0.449999999999989,0,4,6,0,0,1,1,0,0,0,0,0,1,0,0
0.339,1200,892.929863563656,892.857142857135,0.449738434887182,0.5,0,4,6,0,0,1,1,0,0,0,0,0,1,0,0
0.3391,1200,892.970838731514,892.857142857135,0.449799863458611,0.550000000000011,0,4,6,0,0,1,1,0,0,0,0,0,1,0,0
0.3392,1200,893.012110747166,892.857142857135,0.44986129203004,0.599999999999994,0,4,6,0,0,1,1,0,0,0,0,0,1,0,0
0.3393,1200,893.053678868494,892.857142857135,0.449922720601468,0.650000000000006,0,4,6,0,0,1,1,0,0,0,0,0,1,0,0
0.3394,1200,893.095542355232,892.857142857135,0.449984149172897,0.700000000000017,0,4,6,0,0,1,1,0,0,0,0,0,1,0,0
0.3395,1200,893.137700468968,892.857142857135,0.450045577744325,0.75,0,4,6,0,0,1,1,0,0,0,0,0,1,0,0
0.3396,1200,893.180152473133,892.857142857135,0.450107006315754,0.800000000000011,0,4,6,0,0,1,1,0,0,0,0,0,1,0,0
0.3397,1200,893.222897633003,892.857142857135,0.450168434887182,0.849999999999994,0,4,6,0,0,1,1,0,0,0,0,0,1,0,0
0.3398,1200,893.265935215687,892.857142857135,0.450229863458611,0.900000000000006,0,4,6,0,0,1,1,0,0,0,0,0,1,0,0
0.3399,1200,893.309264490129,892.857142857135,0.45029129203004,0.949999999999989,0,4,6,0,0,1,1,0,0,0,0,0,1,0,0
0.34,1200,893.352884727099,892.857142857135,0.450352720601468,0,1,4,6,0,0,1,1,0,0,0,0,1,1,0,0
0.3401,1200,893.39679519919,892.857142857135,0.450414149172897,0.0500000000000114,1,4,6,0,0,1,1,0,0,0,0,1,1,0,0
0.3402,1200,893.440995180816,892.857142857135,0.450475577744325,0.0999999999999943,1,4,6,0,0,1,1,0,0,0,0,1,1,0,0
0.3403,1200,893.485483948202,892.857142857135,0.450537006315754,0.150000000000006,1,4,6,0,0,1,1,0,0,0,0,1,1,0,0
0.3404,1200,893.530260779384,892.857142857135,0.450598434887182,0.200000000000017,1,4,6,0,0,1,1,0,0,0,0,1,1,0,0
0.3405,1200,893.575324954203,892.857142857135,0.450659863458611,0.25,1,4,6,0,0,1,1,0,0,0,0,1,1,0,0
0.3406,1200,893.620675754298,892.857142857135,0.45072129203004,0.300000000000011,1,4,6,0,0,1,1,0,0,0,0,1,1,0,0
0.3407,1200,893.666312463107,892.857142857135,0.450782720601468,0.349999999999994,1,4,6,0,0,1,1,0,0,0,0,1,1,0,0
0.3408,1200,893.712234365859,892.857142857135,0.450844149172897,0.400000000000006,1,4,6,0,0,1,1,0,0,0,0,1,1,0,0
0.3409,1200,893.758440749568,892.857142857135,0.450905577744325,0.449999999999989,1,4,6,0,0,1,1,0,0,0,0,1,1,0,0
0.341,1200,893.804930903033,892.857142857135,0.450967006315754,0.5,0,4,6,0,0,1,1,0,0,0,0,0,1,0,0
0.3411,1200,893.851704116827,892.857142857135,0.451028434887182,0.550000000000011,0,4,6,0,0,1,1,0,0,0,0,0,1,0,0
0.3412,1200,893.898759683302,892.857142857135,0.451089863458611,0.599999999999994,0,4,6,0,0,1,1,0,0,0,0,0,1,0,0
0.3413,1200,893.946096896575,892.857142857135,0.451151292030039,0.650000000000006,0,4,6,0,0,1,1,0,0,0,0,0,1,0,0
0.3414,1200,893.993715052529,892.857142857135,0.451212720601468,0.700000000000017,0,5,4,0,0,1,0,1,0,0,0,0,0,1,0
0.3415,1200,894.041613448807,892.857142857135,0.451274149172897,0.75,0,5,4,0,0,1,0,1,0,0,0,0,0,1,0
0.3416,1200,894.089791384809,892.857142857135,0.451335577744325,0.800000000000011,0,5,4,0,0,1,0,1,0,0,0,0,0,1,0
0.3417,1200,894.138248161685,892.857142857135,0.451397006315754,0.849999999999994,0,5,4,0,0,1,0,1,0,0,0,0,0,1,0
0.3418,1200,894.186983082333,892.857142857135,0.451458434887182,0.900000000000006,0,5,4,0,0,1,0,1,0,0,0,0,0,1,0
0.3419,1200,894.235995451394,892.857142857135,0.451519863458611,0.949999999999989,0,5,4,0,0,1,0,1,0,0,0,0,0,1,0
0.342,1200,894.285284575246,892.857142857135,0.451581292030039,0,1,5,4,0,0,1,0,1,0,0,0,1,0,1,0
0.3421,1200,894.334849762003,892.857142857135,0.451642720601468,0.0500000000000114,1,5,4,0,0,1,0,1,0,0,0,1,0,1,0
0.3422,1200,894.384690321508,892.857142857135,0.451704149172897,0.0999999999999943,1,5,4,0,0,1,0,1,0,0,0,1,0,1,0
0.3423,1200,894.434805565328,892.857142857135,0.451765577744325,0.150000000000006,1,5,4,0,0,1,0,1,0,0,0,1,0,1,0
0.3424,1200,894.485194806753,892.857142857135,0.451827006315754,0.200000000000017,1,5,4,0,0,1,0,1,0,0,0,1,0,1,0
0.3425,1200,894.535857360788,892.857142857135,0.451888434887182,0.25,1,5,4,0,0,1,0,1,0,0,0,1,0,1,0
0.3426,1200,894.586792544153,892.857142857135,0.451949863458611,0.300000000000011,1,5,4,0,0,1,0,1,0,0,0,1,0,1,0
0.3427,1200,894.637999675274,892.857142857135,0.452011292030039,0.349999999999994,1,5,4,0,0,1,0,1,0,0,0,1,0,1,0
0.3428,1200,894.689478074281,892.857142857135,0.452072720601468,0.400000000000006,1,5,4,0,0,1,0,1,0,0,0,1,0,1,0
0.3429,1200,894.741227063005,892.857142857135,0.452134149172897,0.449999999999989,1,5,4,0,0,1,0,1,0,0,0,1,0,1,0
0.343,1200,894.793245964971,892.857142857135,0.452195577744325,0.5,0,5,4,0,0,1,0,1,0,0,0,0,0,1,0
0.3431,1200,894.845534105397,892.857142857135,0.452257006315754,0.550000000000011,0,5,4,0,0,1,0,1,0,0,0,0,0,1,0
0.3432,1200,894.898090811186,892.857142857135,0.452318434887182,0.599999999999994,0,5,4,0,0,1,0,1,0,0,0,0,0,1,0
0.3433,1200,894.950915410924,892.857142857135,0.452379863458611,0.650000000000006,0,5,4,0,0,1,0,1,0,0,0,0,0,1,0
0.3434,1200,895.004007234878,892.857142857135,0.452441292030039,0.700000000000017,0,5,4,0,0,1,0,1,0,0,0,0,0,1,0
0.3435,1200,895.057365614986,892.857142857135,0.452502720601468,0.75,0,5,4,0,0,1,0,1,0,0,0,0,0,1,0
0.3436,1200,895.110989884858,892.857142857135,0.452564149172896,0.800000000000011,0,5,4,0,0,1,0,1,0,0,0,0,0,1,0
0.3437,1200,895.16487937977,892.857142857135,0.452625577744325,0.849999999999994,0,5,4,0,0,1,0,1,0,0,0,0,0,1,0
0.3438,1200,895.219033436658,892.857142857135,0.452687006315754,0.900000000000006,0,5,4,0,0,1,0,1,0,0,0,0,0,1,0
0.3439,1200,895.273451394119,892.857142857135,0.452748434887182,0.949999999999989,0,5,4,0,0,1,0,1,0,0,0,0,0,1,0
0.344,1200,895.328132592401,892.857142857135,0.452809863458611,0,1,5,4,0,0,1,0,1,0,0,0,1,0,1,0
0.3441,1200,895.383076373401,892.857142857135,0.452871292030039,0.0500000000000114,1,5,4,0,0,1,0,1,0,0,0,1,0,1,0
0.3442,1200,895.438282080662,892.857142857153,0.452932720601463,0.0999999999999943,1,0,5,1,0,0,0,1,0,1,0,0,0,1,0
0.3443,1200,895.49374905937,892.857142857153,0.452994149172891,0.150000000000006,1,0,5,1,0,0,0,1,0,1,0,0,0,1,0
0.3444,1200,895.549476656346,892.857142857153,0.45305557774432,0.200000000000017,1,0,5,1,0,0,0,1,0,1,0,0,0,1,0
0.3445,1200,895.605464220043,892.857142857153,0.453117006315748,0.25,1,0,5,1,0,0,0,1,0,1,0,0,0,1,0
0.3446,1200,895.661711100545,892.857142857153,0.453178434887177,0.300000000000011,1,0,5,1,0,0,0,1,0,1,0,0,0,1,0
0.3447,1200,895.71821664956,892.857142857153,0.453239863458605,0.349999999999994,1,0,5,1,0,0,0,1,0,1,0,0,0,1,0
0.3448,1200,895.774980220417,892.857142857153,0.453301292030034,0.400000000000006,1,0,5,1,0,0,0,1,0,1,0,0,0,1,0
0.3449,1200,895.832001168061,892.857142857153,0.453362720601462,0.449999999999989,1,0,5,1,0,0,0,1,0,1,0,0,0,1,0
0.345,1200,895.889278849051,892.857142857153,0.453424149172891,0.5,0,0,5,1,0,0,0,1,0,0,0,0,0,1,0
0.3451,1200,895.946812621552,892.857142857153,0.45348557774432,0.550000000000011,0,0,5,1,0,0,0,1,0,0,0,0,0,1,0
0.3452,1200,896.004601845336,892.857142857153,0.453547006315748,0.599999999999994,0,0,5,1,0,0,0,1,0,0,0,0,0,1,0
0.3453,1200,896.062645881775,892.857142857153,0.453608434887177,0.650000000000006,0,0,5,1,0,0,0,1,0,0,0,0,0,1,0
0.3454,1200,896.120944093837,892.857142857153,0.453669863458605,0.700000000000017,0,0,5,1,0,0,0,1,0,0,0,0,0,1,0
0.3455,1200,896.179495846084,892.857142857153,0.453731292030034,0.750000000000028,0,0,5,1,0,0,0,1,0,0,0,0,0,1,0
0.3456,1200,896.238300504664,892.857142857153,0.453792720601462,0.800000000000011,0,0,5,1,0,0,0,1,0,0,0,0,0,1,0
0.3457,1200,896.297357437312,892.857142857153,0.453854149172891,0.849999999999994,0,0,5,1,0,0,0,1,0,0,0,0,0,1,0
0.3458,1200,896.356666013342,892.857142857153,0.45391557774432,0.900000000000006,0,0,5,1,0,0,0,1,0,0,0,0,0,1,0
0.3459,1200,896.416225603647,892.857142857153,0.453977006315748,0.949999999999989,0,0,5,1,0,0,0,1,0,0,0,0,0,1,0
0.346,1200,896.47603558069,892.857142857153,0.454038434887177,0,1,0,5,1,0,0,0,1,0,1,0,0,0,1,0
0.3461,1200,896.536095318505,892.857142857153,0.454099863458605,0.0500000000000114,1,0,5,1,0,0,0,1,0,1,0,0,0,1,0
0.3462,1200,896.59640419269,892.857142857153,0.454161292030034,0.0999999999999943,1,0,5,1,0,0,0,1,0,1,0,0,0,1,0
0.3463,1200,896.656961580403,892.857142857153,0.454222720601462,0.150000000000006,1,0,5,1,0,0,0,1,0,1,0,0,0,1,0
0.3464,1200,896.717766860362,892.857142857153,0.454284149172891,0.199999999999989,1,0,5,1,0,0,0,1,0,1,0,0,0,1,0
0.3465,1200,896.778819412835,892.857142857153,0.454345577744319,0.250000000000028,1,0,5,1,0,0,0,1,0,1,0,0,0,1,0
0.3466,1200,896.840118619641,892.857142857153,0.454407006315748,0.300000000000011,1,0,5,1,0,0,0,1,0,1,0,0,0,1,0
0.3467,1200,896.901663864144,892.857142857153,0.454468434887177,0.349999999999994,1,0,5,1,0,0,0,1,0,1,0,0,0,1,0
0.3468,1200,896.96345453125,892.857142857153,0.454529863458605,0.400000000000006,1,0,5,1,0,0,0,1,0,1,0,0,0,1,0
0.3469,1200,897.025490007403,925.925925925933,0.444664043352786,0.449999999999989,0,1,1,1,0,0,0,0,1,0,0,0,0,0,1
0.347,1200,897.023242564178,925.925925925933,0.444718858167601,0.5,0,1,1,1,0,0,0,0,1,0,0,0,0,0,1
0.3471,1200,897.021357035856,925.925925925933,0.444773672982416,0.550000000000011,0,1,1,1,0,0,0,0,1,0,0,0,0,0,1
0.3472,1200,897.019832517653,925.925925925933,0.44482848779723,0.599999999999994,0,1,1,1,0,0,0,0,1,0,0,0,0,0,1
0.3473,1200,897.01866810704,925.925925925933,0.444883302612045,0.650000000000006,0,1,1,1,0,0,0,0,1,0,0,0,0,0,1
0.3474,1200,897.017862903751,925.925925925933,0.44493811742686,0.699999999999989,0,1,1,1,0,0,0,0,1,0,0,0,0,0,1
0.3475,1200,897.017416009766,925.925925925933,0.444992932241675,0.750000000000028,0,1,1,1,0,0,0,0,1,0,0,0,0,0,1
0.3476,1200,897.017326529313,925.925925925933,0.44504774705649,0.800000000000011,0,1,1,1,0,0,0,0,1,0,0,0,0,0,1
0.3477,1200,897.017593568857,925.925925925933,0.445102561871305,0.849999999999994,0,1,1,1,0,0,0,0,1,0,0,0,0,0,1
0.3478,1200,897.018216237098,925.925925925933,0.445157376686119,0.900000000000006,0,1,1,1,0,0,0,0,1,0,0,0,0,0,1
0.3479,1200,897.019193644965,925.925925925933,0.445212191500934,0.949999999999989,0,1,1,1,0,0,0,0,1,0,0,0,0,0,1
0.348,1200,897.020524905609,925.925925925933,0.445267006315749,0,1,1,1,1,0,0,0,0,1,1,0,0,0,0,1
0.3481,1200,897.022209134397,925.925925925933,0.445321821130564,0.0500000000000114,1,1,1,1,0,0,0,0,1,1,0,0,0,0,1
0.3482,1200,897.02424544891,925.925925925933,0.445376635945379,0.0999999999999943,1,1,1,1,0,0,0,0,1,1,0,0,0,0,1
0.3483,1200,897.026632968932,925.925925925933,0.445431450760193,0.150000000000006,1,1,1,1,0,0,0,0,1,1,0,0,0,0,1
0.3484,1200,897.029370816451,925.925925925933,0.445486265575008,0.199999999999989,1,1,1,1,0,0,0,0,1,1,0,0,0,0,1
0.3485,1200,897.032458115648,925.925925925933,0.445541080389823,0.250000000000028,1,1,1,1,0,0,0,0,1,1,0,0,0,0,1
0.3486,1200,897.035893992893,925.925925925933,0.445595895204638,0.300000000000011,1,1,1,1,0,0,0,0,1,1,0,0,0,0,1
0.3487,1200,897.03967757674,925.925925925933,0.445650710019453,0.349999999999994,1,1,1,1,0,0,0,0,1,1,0,0,0,0,1
0.3488,1200,897.043807997925,925.925925925933,0.445705524834268,0.400000000000006,1,1,1,1,0,0,0,0,1,1,0,0,0,0,1
0.3489,1200,897.048284389353,925.925925925933,0.445760339649082,0.449999999999989,0,1,1,1,0,0,0,0,1,0,0,0,0,0,1
0.349,1200,897.053105886099,925.925925925933,0.445815154463897,0.5,0,1,1,1,0,0,0,0,1,0,0,0,0,0,1
0.3491,1200,897.058271625399,925.925925925933,0.445869969278712,0.550000000000011,0,1,1,1,0,0,0,0,1,0,0,0,0,0,1
0.3492,1200,897.063780746647,925.925925925933,0.445924784093527,0.599999999999994,0,1,1,1,0,0,0,0,1,0,0,0,0,0,1
0.3493,1200,897.069632391388,925.925925925933,0.445979598908342,0.650000000000006,0,1,1,1,0,0,0,0,1,0,0,0,0,0,1
0.3494,1200,897.075825703314,925.925925925933,0.446034413723156,0.699999999999989,0,1,1,1,0,0,0,0,1,0,0,0,0,0,1
0.3495,1200,897.082359828256,925.925925925933,0.446089228537971,0.750000000000028,0,1,1,1,0,0,0,0,1,0,0,0,0,0,1
0.3496,1200,897.089233914182,925.925925925933,0.446144043352786,0.800000000000011,0,1,1,1,0,0,0,0,1,0,0,0,0,0,1
0.3497,1200,897.09644711119,892.857142857135,0.456126106844854,0.849999999999994,0,2,3,0,1,0,0,0,1,0,0,0,0,0,1
0.3498,1200,897.168525687904,892.857142857135,0.456187535416283,0.900000000000006,0,2,3,0,1,0,0,0,1,0,0,0,0,0,1
0.3499,1200,897.24082335389,892.857142857135,0.456248963987711,0.949999999999989,0,2,3,0,1,0,0,0,1,0,0,0,0,0,1
0.35,1200,897.313339561425,892.857142857135,0.45631039255914,0,1,2,3,0,1,0,0,0,1,0,1,0,0,0,1
0.3501,1200,897.386073764156,892.857142857135,0.456371821130568,0.0500000000000114,1,2,3,0,1,0,0,0,1,0,1,0,0,0,1
0.3502,1200,897.459025417094,892.857142857135,0.456433249701997,0.0999999999999943,1,2,3,0,1,0,0,0,1,0,1,0,0,0,1
0.3503,1200,897.532193976614,892.857142857135,0.456494678273425,0.150000000000006,1,2,3,0,1,0,0,0,1,0,1,0,0,0,1
0.3504,1200,897.60557890045,892.857142857135,0.456556106844854,0.199999999999989,1,2,3,0,1,0,0,0,1,0,1,0,0,0,1
0.3505,1200,897.679179647691,892.857142857135,0.456617535416282,0.250000000000028,1,2,3,0,1,0,0,0,1,0,1,0,0,0,1
0.3506,1200,897.752995678777,892.857142857135,0.456678963987711,0.300000000000011,1,2,3,0,1,0,0,0,1,0,1,0,0,0,1
0.3507,1200,897.8270264555,892.857142857135,0.45674039255914,0.349999999999994,1,2,3,0,1,0,0,0,1,0,1,0,0,0,1
0.3508,1200,897.901271440996,892.857142857135,0.456801821130568,0.400000000000006,1,2,3,0,1,0,0,0,1,0,1,0,0,0,1
0.3509,1200,897.975730099742,892.857142857135,0.456863249701997,0.449999999999989,1,2,3,0,1,0,0,0,1,0,1,0,0,0,1
0.351,1200,898.050401897556,892.857142857135,0.456924678273425,0.5,0,2,3,0,1,0,0,0,1,0,0,0,0,0,1
0.3511,1200,898.125286301589,892.857142857135,0.456986106844854,0.550000000000011,0,2,3,0,1,0,0,0,1,0,0,0,0,0,1
0.3512,1200,898.200382780327,892.857142857135,0.457047535416282,0.599999999999994,0,2,3,0,1,0,0,0,1,0,0,0,0,0,1
0.3513,1200,898.275690803582,892.857142857135,0.457108963987711,0.650000000000006,0,2,3,0,1,0,0,0,1,0,0,0,0,0,1
0.3514,1200,898.351209842493,892.857142857135,0.45717039255914,0.699999999999989,0,2,3,0,1,0,0,0,1,0,0,0,0,0,1
0.3515,1200,898.426939369521,892.857142857135,0.457231821130568,0.750000000000028,0,2,3,0,1,0,0,0,1,0,0,0,0,0,1
0.3516,1200,898.502878858446,892.857142857135,0.457293249701997,0.800000000000011,0,2,3,0,1,0,0,0,1,0,0,0,0,0,1
0.3517,1200,898.579027784363,892.857142857135,0.457354678273425,0.849999999999994,0,2,3,0,1,0,0,0,1,0,0,0,0,0,1
0.3518,1200,898.655385623679,892.857142857135,0.457416106844854,0.900000000000006,0,2,3,0,1,0,0,0,1,0,0,0,0,0,1
0.3519,1200,898.731951854111,892.857142857135,0.457477535416282,0.949999999999989,0,2,3,0,1,0,0,0,1,0,0,0,0,0,1
0.352,1200,898.808725954682,892.857142857135,0.457538963987711,0,1,2,3,0,1,0,0,0,1,0,1,0,0,0,1
0.3521,1200,898.885707405715,892.857142857135,0.45760039255914,0.0500000000000114,1,2,3,0,1,0,0,0,1,0,1,0,0,0,1
0.3522,1200,898.962895688835,892.857142857135,0.457661821130568,0.0999999999999943,1,2,3,0,1,0,0,0,1,0,1,0,0,0,1
0.3523,1200,899.040290286962,892.857142857135,0.457723249701997,0.150000000000006,1,2,3,0,1,0,0,0,1,0,1,0,0,0,1
0.3524,1200,899.117890684308,892.857142857135,0.457784678273425,0.199999999999989,1,2,3,0,1,0,0,0,1,0,1,0,0,0,1
0.3525,1200,899.195696366374,892.857142857135,0.457846106844854,0.250000000000028,1,3,2,0,1,0,1,0,0,0,1,0,1,0,0
0.3526,1200,899.27370681995,892.857142857135,0.457907535416282,0.300000000000011,1,3,2,0,1,0,1,0,0,0,1,0,1,0,0
0.3527,1200,899.351921533106,892.857142857135,0.457968963987711,0.349999999999994,1,3,2,0,1,0,1,0,0,0,1,0,1,0,0
0.3528,1200,899.430339995193,892.857142857135,0.458030392559139,0.400000000000006,1,3,2,0,1,0,1,0,0,0,1,0,1,0,0
0.3529,1200,899.508961696839,892.857142857135,0.458091821130568,0.449999999999989,1,3,2,0,1,0,1,0,0,0,1,0,1,0,0
0.353,1200,899.587786129946,892.857142857135,0.458153249701997,0.5,0,3,2,0,1,0,1,0,0,0,0,0,1,0,0
0.3531,1200,899.666812787684,892.857142857135,0.458214678273425,0.550000000000011,0,3,2,0,1,0,1,0,0,0,0,0,1,0,0
0.3532,1200,899.746041164492,892.857142857135,0.458276106844854,0.599999999999994,0,3,2,0,1,0,1,0,0,0,0,0,1,0,0
0.3533,1200,899.825470756072,892.857142857135,0.458337535416282,0.650000000000006,0,3,2,0,1,0,1,0,0,0,0,0,1,0,0
0.3534,1200,899.905101059388,892.857142857135,0.458398963987711,0.699999999999989,0,3,2,0,1,0,1,0,0,0,0,0,1,0,0
0.3535,1200,899.98493157266,892.857142857135,0.458460392559139,0.750000000000028,0,3,2,0,1,0,1,0,0,0,0,0,1,0,0
0.3536,1200,900.064961795362,892.857142857135,0.458521821130568,0.800000000000011,0,3,2,0,1,0,1,0,0,0,0,0,1,0,0
0.3537,1200,900.145191228223,892.857142857135,0.458583249701997,0.849999999999994,0,3,2,0,1,0,1,0,0,0,0,0,1,0,0
0.3538,1200,900.225619373215,892.857142857135,0.458644678273425,0.900000000000006,0,3,2,0,1,0,1,0,0,0,0,0,1,0,0
0.3539,1200,900.306245733559,892.857142857135,0.458706106844854,0.949999999999989,0,3,2,0,1,0,1,0,0,0,0,0,1,0,0
0.354,1200,900.387069813717,892.857142857135,0.458767535416282,0,1,3,2,0,1,0,1,0,0,0,1,0,1,0,0
0.3541,1200,900.468091119389,892.857142857135,0.458828963987711,0.0500000000000114,1,3,2,0,1,0,1,0,0,0,1,0,1,0,0
0.3542,1200,900.54930915751,892.857142857135,0.458890392559139,0.0999999999999943,1,3,2,0,1,0,1,0,0,0,1,0,1,0,0
0.3543,1200,900.630723436251,892.857142857135,0.458951821130568,0.150000000000006,1,3,2,0,1,0,1,0,0,0,1,0,1,0,0
0.3544,1200,900.712333465009,892.857142857135,0.459013249701997,0.199999999999989,1,3,2,0,1,0,1,0,0,0,1,0,1,0,0
0.3545,1200,900.794138754409,892.857142857135,0.459074678273425,0.250000000000028,1,3,2,0,1,0,1,0,0,0,1,0,1,0,0
0.3546,1200,900.876138816301,892.857142857135,0.459136106844854,0.300000000000011,1,3,2,0,1,0,1,0,0,0,1,0,1,0,0
0.3547,1200,900.958333163751,892.857142857135,0.459197535416282,0.349999999999994,1,3,2,0,1,0,1,0,0,0,1,0,1,0,0
0.3548,1200,901.040721311048,892.857142857135,0.459258963987711,0.400000000000006,1,3,2,0,1,0,1,0,0,0,1,0,1,0,0
0.3549,1200,901.12330277369,892.857142857135,0.459320392559139,0.449999999999989,1,3,2,0,1,0,1,0,0,0,1,0,1,0,0
0.355,1200,901.206077068391,892.857142857135,0.459381821130568,0.5,0,3,2,0,1,0,1,0,0,0,0,0,1,0,0
0.3551,1200,901.289043713068,892.857142857135,0.459443249701996,0.550000000000011,0,3,2,0,1,0,1,0,0,0,0,0,1,0,0
0.3552,1200,901.372202226849,892.857142857135,0.459504678273425,0.599999999999994,0,3,2,0,1,0,1,0,0,0,0,0,1,0,0
0.3553,1200,901.455552130059,892.857142857153,0.459566106844848,0.650000000000006,0,4,6,0,0,1,1,0,0,0,0,0,1,0,0
0.3554,1200,901.539092944225,892.857142857153,0.459627535416277,0.699999999999989,0,4,6,0,0,1,1,0,0,0,0,0,1,0,0
0.3555,1200,901.62282419207,892.857142857153,0.459688963987705,0.750000000000028,0,4,6,0,0,1,1,0,0,0,0,0,1,0,0
0.3556,1200,901.70674539751,892.857142857153,0.459750392559134,0.800000000000011,0,4,6,0,0,1,1,0,0,0,0,0,1,0,0
0.3557,1200,901.790856085651,892.857142857153,0.459811821130563,0.849999999999994,0,4,6,0,0,1,1,0,0,0,0,0,1,0,0
0.3558,1200,901.875155782785,892.857142857153,0.459873249701991,0.900000000000006,0,4,6,0,0,1,1,0,0,0,0,0,1,0,0
0.3559,1200,901.959644016391,892.857142857153,0.45993467827342,0.949999999999989,0,4,6,0,0,1,1,0,0,0,0,0,1,0,0
0.356,1200,902.044320315127,892.857142857153,0.459996106844848,0,1,4,6,0,0,1,1,0,0,0,0,1,1,0,0
0.3561,1200,902.129184208831,892.857142857153,0.460057535416277,0.0499999999999829,1,4,6,0,0,1,1,0,0,0,0,1,1,0,0
0.3562,1200,902.214235228515,892.857142857153,0.460118963987705,0.0999999999999943,1,4,6,0,0,1,1,0,0,0,0,1,1,0,0
0.3563,1200,902.299472906364,892.857142857153,0.460180392559134,0.150000000000006,1,4,6,0,0,1,1,0,0,0,0,1,1,0,0
0.3564,1200,902.384896775732,892.857142857153,0.460241821130562,0.199999999999989,1,4,6,0,0,1,1,0,0,0,0,1,1,0,0
0.3565,1200,902.470506371141,892.857142857153,0.460303249701991,0.250000000000028,1,4,6,0,0,1,1,0,0,0,0,1,1,0,0
0.3566,1200,902.556301228276,892.857142857153,0.46036467827342,0.300000000000011,1,4,6,0,0,1,1,0,0,0,0,1,1,0,0
0.3567,1200,902.642280883983,892.857142857153,0.460426106844848,0.350000000000023,1,4,6,0,0,1,1,0,0,0,0,1,1,0,0
0.3568,1200,902.728444876264,892.857142857153,0.460487535416277,0.400000000000006,1,4,6,0,0,1,1,0,0,0,0,1,1,0,0
0.3569,1200,902.81479274428,892.857142857153,0.460548963987705,0.449999999999989,1,4,6,0,0,1,1,0,0,0,0,1,1,0,0
0.357,1200,902.901324028339,892.857142857153,0.460610392559134,0.5,0,4,6,0,0,1,1,0,0,0,0,0,1,0,0
0.3571,1200,902.988038269902,892.857142857153,0.460671821130562,0.549999999999983,0,4,6,0,0,1,1,0,0,0,0,0,1,0,0
0.3572,1200,903.074935011576,892.857142857153,0.460733249701991,0.600000000000023,0,4,6,0,0,1,1,0,0,0,0,0,1,0,0
0.3573,1200,903.16201379711,892.857142857153,0.46079467827342,0.650000000000006,0,4,6,0,0,1,1,0,0,0,0,0,1,0,0
0.3574,1200,903.249274171395,892.857142857153,0.460856106844848,0.699999999999989,0,4,6,0,0,1,1,0,0,0,0,0,1,0,0
0.3575,1200,903.336715680458,892.857142857153,0.460917535416277,0.750000000000028,0,4,6,0,0,1,1,0,0,0,0,0,1,0,0
0.3576,1200,903.424337871463,892.857142857153,0.460978963987705,0.800000000000011,0,4,6,0,0,1,1,0,0,0,0,0,1,0,0
0.3577,1200,903.512140292704,892.857142857153,0.461040392559134,0.850000000000023,0,4,6,0,0,1,1,0,0,0,0,0,1,0,0
0.3578,1200,903.600122493607,892.857142857153,0.461101821130562,0.900000000000006,0,4,6,0,0,1,1,0,0,0,0,0,1,0,0
0.3579,1200,903.688284024721,892.857142857153,0.461163249701991,0.949999999999989,0,4,6,0,0,1,1,0,0,0,0,0,1,0,0
0.358,1200,903.776624437722,892.857142857153,0.46122467827342,0,1,4,6,0,0,1,1,0,0,0,0,1,1,0,0
0.3581,1200,903.865143285405,892.857142857153,0.461286106844848,0.0499999999999829,1,5,4,0,0,1,0,1,0,0,0,1,0,1,0
0.3582,1200,903.953840121683,892.857142857153,0.461347535416277,0.100000000000023,1,5,4,0,0,1,0,1,0,0,0,1,0,1,0
0.3583,1200,904.042714501585,892.857142857153,0.461408963987705,0.150000000000006,1,5,4,0,0,1,0,1,0,0,0,1,0,1,0
0.3584,1200,904.131765981251,892.857142857153,0.461470392559134,0.199999999999989,1,5,4,0,0,1,0,1,0,0,0,1,0,1,0
0.3585,1200,904.220994117932,892.857142857153,0.461531821130562,0.250000000000028,1,5,4,0,0,1,0,1,0,0,0,1,0,1,0
0.3586,1200,904.310398469986,892.857142857153,0.461593249701991,0.300000000000011,1,5,4,0,0,1,0,1,0,0,0,1,0,1,0
0.3587,1200,904.399978596874,892.857142857153,0.461654678273419,0.350000000000023,1,5,4,0,0,1,0,1,0,0,0,1,0,1,0
0.3588,1200,904.489734059159,892.857142857153,0.461716106844848,0.400000000000006,1,5,4,0,0,1,0,1,0,0,0,1,0,1,0
0.3589,1200,904.579664418503,892.857142857153,0.461777535416277,0.449999999999989,1,5,4,0,0,1,0,1,0,0,0,1,0,1,0
0.359,1200,904.669769237662,892.857142857153,0.461838963987705,0.5,0,5,4,0,0,1,0,1,0,0,0,0,0,1,0
0.3591,1200,904.760048080488,892.857142857153,0.461900392559134,0.549999999999983,0,5,4,0,0,1,0,1,0,0,0,0,0,1,0
0.3592,1200,904.850500511921,892.857142857153,0.461961821130562,0.600000000000023,0,5,4,0,0,1,0,1,0,0,0,0,0,1,0
0.3593,1200,904.94112609799,892.857142857153,0.462023249701991,0.650000000000006,0,5,4,0,0,1,0,1,0,0,0,0,0,1,0
0.3594,1200,905.031924405808,892.857142857153,0.462084678273419,0.699999999999989,0,5,4,0,0,1,0,1,0,0,0,0,0,1,0
0.3595,1200,905.122895003571,892.857142857153,0.462146106844848,0.75,0,5,4,0,0,1,0,1,0,0,0,0,0,1,0
0.3596,1200,905.214037460554,892.857142857153,0.462207535416277,0.800000000000011,0,5,4,0,0,1,0,1,0,0,0,0,0,1,0
0.3597,1200,905.305351347108,892.857142857153,0.462268963987705,0.850000000000023,0,5,4,0,0,1,0,1,0,0,0,0,0,1,0
0.3598,1200,905.39683623466,892.857142857153,0.462330392559134,0.900000000000006,0,5,4,0,0,1,0,1,0,0,0,0,0,1,0
0.3599,1200,905.488491695708,892.857142857153,0.462391821130562,0.949999999999989,0,5,4,0,0,1,0,1,0,0,0,0,0,1,0
0.36,1200,905.580317303817,892.857142857153,0.462453249701991,0,1,5,4,0,0,1,0,1,0,0,0,1,0,1,0
0.3601,1200,905.672312633621,892.857142857153,0.462514678273419,0.0499999999999829,1,5,4,0,0,1,0,1,0,0,0,1,0,1,0
0.3602,1200,905.764477260814,892.857142857153,0.462576106844848,0.100000000000023,1,5,4,0,0,1,0,1,0,0,0,1,0,1,0
0.3603,1200,905.856810762153,892.857142857153,0.462637535416276,0.150000000000006,1,5,4,0,0,1,0,1,0,0,0,1,0,1,0
0.3604,1200,905.949312715454,892.857142857153,0.462698963987705,0.199999999999989,1,5,4,0,0,1,0,1,0,0,0,1,0,1,0
0.3605,1200,906.041982699585,892.857142857153,0.462760392559134,0.25,1,5,4,0,0,1,0,1,0,0,0,1,0,1,0
0.3606,1200,906.134820294471,892.857142857153,0.462821821130562,0.300000000000011,1,5,4,0,0,1,0,1,0,0,0,1,0,1,0
0.3607,1200,906.227825081083,892.857142857153,0.462883249701991,0.350000000000023,1,5,4,0,0,1,0,1,0,0,0,1,0,1,0
0.3608,1200,906.320996641443,925.925925925914,0.453017429596177,0.400000000000006,1,0,5,1,0,0,0,1,0,1,0,0,0,1,0
0.3609,1200,906.349807442215,925.925925925914,0.453072244410992,0.449999999999989,1,0,5,1,0,0,0,1,0,1,0,0,0,1,0
0.361,1200,906.378902512281,925.925925925914,0.453127059225807,0.5,0,0,5,1,0,0,0,1,0,0,0,0,0,1,0
0.3611,1200,906.408281140968,925.925925925914,0.453181874040622,0.549999999999983,0,0,5,1,0,0,0,1,0,0,0,0,0,1,0
0.3612,1200,906.437942619379,925.925925925914,0.453236688855437,0.600000000000023,0,0,5,1,0,0,0,1,0,0,0,0,0,1,0
0.3613,1200,906.467886240391,925.925925925914,0.453291503670251,0.650000000000006,0,0,5,1,0,0,0,1,0,0,0,0,0,1,0
0.3614,1200,906.498111298647,925.925925925914,0.453346318485066,0.699999999999989,0,0,5,1,0,0,0,1,0,0,0,0,0,1,0
0.3615,1200,906.528617090553,925.925925925914,0.453401133299881,0.75,0,0,5,1,0,0,0,1,0,0,0,0,0,1,0
0.3616,1200,906.559402914276,925.925925925914,0.453455948114696,0.800000000000011,0,0,5,1,0,0,0,1,0,0,0,0,0,1,0
0.3617,1200,906.590468069736,925.925925925914,0.453510762929511,0.850000000000023,0,0,5,1,0,0,0,1,0,0,0,0,0,1,0
0.3618,1200,906.621811858603,925.925925925914,0.453565577744325,0.900000000000006,0,0,5,1,0,0,0,1,0,0,0,0,0,1,0
0.3619,1200,906.653433584295,925.925925925914,0.45362039255914,0.949999999999989,0,0,5,1,0,0,0,1,0,0,0,0,0,1,0
0.362,1200,906.685332551968,925.925925925914,0.453675207373955,0,1,0,5,1,0,0,0,1,0,1,0,0,0,1,0
0.3621,1200,906.717508068519,925.925925925914,0.45373002218877,0.0499999999999829,1,0,5,1,0,0,0,1,0,1,0,0,0,1,0
0.3622,1200,906.749959442575,925.925925925914,0.453784837003585,0.100000000000023,1,0,5,1,0,0,0,1,0,1,0,0,0,1,0
0.3623,1200,906.782685984492,925.925925925914,0.453839651818399,0.150000000000006,1,0,5,1,0,0,0,1,0,1,0,0,0,1,0
0.3624,1200,906.81568700635,925.925925925914,0.453894466633214,0.199999999999989,1,0,5,1,0,0,0,1,0,1,0,0,0,1,0
0.3625,1200,906.84896182195,925.925925925914,0.453949281448029,0.25,1,0,5,1,0,0,0,1,0,1,0,0,0,1,0
0.3626,1200,906.882509746808,925.925925925914,0.454004096262844,0.300000000000011,1,0,5,1,0,0,0,1,0,1,0,0,0,1,0
0.3627,1200,906.916330098149,925.925925925914,0.454058911077659,0.350000000000023,1,0,5,1,0,0,0,1,0,1,0,0,0,1,0
0.3628,1200,906.950422194908,925.925925925914,0.454113725892474,0.400000000000006,1,0,5,1,0,0,0,1,0,1,0,0,0,1,0
0.3629,1200,906.984785357722,925.925925925914,0.454168540707288,0.449999999999989,1,0,5,1,0,0,0,1,0,1,0,0,0,1,0
0.363,1200,907.019418908925,925.925925925914,0.454223355522103,0.5,0,0,5,1,0,0,0,1,0,0,0,0,0,1,0
0.3631,1200,907.054322172547,925.925925925914,0.454278170336918,0.549999999999983,0,0,5,1,0,0,0,1,0,0,0,0,0,1,0
0.3632,1200,907.089494474305,925.925925925914,0.454332985151733,0.600000000000023,0,0,5,1,0,0,0,1,0,0,0,0,0,1,0
0.3633,1200,907.124935141606,925.925925925914,0.454387799966548,0.650000000000006,0,0,5,1,0,0,0,1,0,0,0,0,0,1,0
0.3634,1200,907.160643503534,925.925925925914,0.454442614781362,0.699999999999989,0,0,5,1,0,0,0,1,0,0,0,0,0,1,0
0.3635,1200,907.196618890854,925.925925925914,0.454497429596177,0.75,0,0,5,1,0,0,0,1,0,0,0,0,0,1,0
0.3636,1200,907.232860636002,892.857142857135,0.46447949308824,0.800000000000011,0,1,1,1,0,0,0,0,1,0,0,0,0,0,1
0.3637,1200,907.333895189486,892.857142857135,0.464540921659668,0.850000000000023,0,1,1,1,0,0,0,0,1,0,0,0,0,0,1
0.3638,1200,907.4350764423,892.857142857135,0.464602350231097,0.900000000000006,0,1,1,1,0,0,0,0,1,0,0,0,0,0,1
0.3639,1200,907.536404027696,892.857142857135,0.464663778802525,0.949999999999989,0,1,1,1,0,0,0,0,1,0,0,0,0,0,1
0.364,1200,907.637877579844,892.857142857135,0.464725207373954,0,1,1,1,1,0,0,0,0,1,1,0,0,0,0,1
0.3641,1200,907.739496733825,892.857142857135,0.464786635945382,0.0499999999999829,1,1,1,1,0,0,0,0,1,1,0,0,0,0,1
0.3642,1200,907.841261125635,892.857142857135,0.464848064516811,0.100000000000023,1,1,1,1,0,0,0,0,1,1,0,0,0,0,1
0.3643,1200,907.94317039218,892.857142857135,0.464909493088239,0.150000000000006,1,1,1,1,0,0,0,0,1,1,0,0,0,0,1
0.3644,1200,908.045224171273,892.857142857135,0.464970921659668,0.199999999999989,1,1,1,1,0,0,0,0,1,1,0,0,0,0,1
0.3645,1200,908.147422101633,892.857142857135,0.465032350231097,0.25,1,1,1,1,0,0,0,0,1,1,0,0,0,0,1
0.3646,1200,908.249763822881,892.857142857135,0.465093778802525,0.300000000000011,1,1,1,1,0,0,0,0,1,1,0,0,0,0,1
0.3647,1200,908.35224897554,892.857142857135,0.465155207373954,0.350000000000023,1,1,1,1,0,0,0,0,1,1,0,0,0,0,1
0.3648,1200,908.454877201032,892.857142857135,0.465216635945382,0.400000000000006,1,1,1,1,0,0,0,0,1,1,0,0,0,0,1
0.3649,1200,908.557648141675,892.857142857135,0.465278064516811,0.449999999999989,1,1,1,1,0,0,0,0,1,1,0,0,0,0,1
0.365,1200,908.66056144068,892.857142857135,0.465339493088239,0.5,0,1,1,1,0,0,0,0,1,0,0,0,0,0,1
0.3651,1200,908.763616742151,892.857142857135,0.465400921659668,0.549999999999983,0,1,1,1,0,0,0,0,1,0,0,0,0,0,1
0.3652,1200,908.866813691084,892.857142857135,0.465462350231097,0.600000000000023,0,1,1,1,0,0,0,0,1,0,0,0,0,0,1
0.3653,1200,908.970151933358,892.857142857135,0.465523778802525,0.650000000000006,0,1,1,1,0,0,0,0,1,0,0,0,0,0,1
0.3654,1200,909.073631115741,892.857142857135,0.465585207373954,0.699999999999989,0,1,1,1,0,0,0,0,1,0,0,0,0,0,1
0.3655,1200,909.177250885883,892.857142857135,0.465646635945382,0.75,0,1,1,1,0,0,0,0,1,0,0,0,0,0,1
0.3656,1200,909.281010892313,892.857142857135,0.465708064516811,0.800000000000011,0,1,1,1,0,0,0,0,1,0,0,0,0,0,1
0.3657,1200,909.384910784442,892.857142857135,0.465769493088239,0.850000000000023,0,1,1,1,0,0,0,0,1,0,0,0,0,0,1
0.3658,1200,909.488950212554,892.857142857135,0.465830921659668,0.900000000000006,0,1,1,1,0,0,0,0,1,0,0,0,0,0,1
0.3659,1200,909.59312882781,892.857142857135,0.465892350231097,0.949999999999989,0,1,1,1,0,0,0,0,1,0,0,0,0,0,1
0.366,1200,909.697446282243,892.857142857135,0.465953778802525,0,1,1,1,1,0,0,0,0,1,1,0,0,0,0,1
0.3661,1200,909.801902228754,892.857142857135,0.466015207373954,0.0499999999999829,1,1,1,1,0,0,0,0,1,1,0,0,0,0,1
0.3662,1200,909.906496321113,892.857142857135,0.466076635945382,0.100000000000023,1,1,1,1,0,0,0,0,1,1,0,0,0,0,1
0.3663,1200,910.011228213955,925.925925925933,0.456210815839558,0.150000000000006,1,2,3,0,1,0,0,0,1,0,1,0,0,0,1
0.3664,1200,910.051570446377,925.925925925933,0.456265630654373,0.199999999999989,1,2,3,0,1,0,0,0,1,0,1,0,0,0,1
0.3665,1200,910.092168119515,925.925925925933,0.456320445469187,0.25,1,2,3,0,1,0,0,0,1,0,1,0,0,0,1
0.3666,1200,910.133020594766,925.925925925933,0.456375260284002,0.300000000000011,1,2,3,0,1,0,0,0,1,0,1,0,0,0,1
0.3667,1200,910.174127235125,925.925925925933,0.456430075098817,0.350000000000023,1,2,3,0,1,0,0,0,1,0,1,0,0,0,1
0.3668,1200,910.215487405179,925.925925925933,0.456484889913632,0.400000000000006,1,2,3,0,1,0,0,0,1,0,1,0,0,0,1
0.3669,1200,910.257100471105,925.925925925933,0.456539704728447,0.449999999999989,1,2,3,0,1,0,0,0,1,0,1,0,0,0,1
0.367,1200,910.298965800662,925.925925925933,0.456594519543261,0.5,0,2,3,0,1,0,0,0,1,0,0,0,0,0,1
0.3671,1200,910.341082763192,925.925925925933,0.456649334358076,0.549999999999983,0,2,3,0,1,0,0,0,1,0,0,0,0,0,1
0.3672,1200,910.383450729611,925.925925925933,0.456704149172891,0.600000000000023,0,2,3,0,1,0,0,0,1,0,0,0,0,0,1
0.3673,1200,910.426069072411,925.925925925933,0.456758963987706,0.650000000000006,0,2,3,0,1,0,0,0,1,0,0,0,0,0,1
0.3674,1200,910.46893716565,925.925925925933,0.456813778802521,0.699999999999989,0,2,3,0,1,0,0,0,1,0,0,0,0,0,1
0.3675,1200,910.512054384952,925.925925925933,0.456868593617336,0.75,0,2,3,0,1,0,0,0,1,0,0,0,0,0,1
0.3676,1200,910.555420107503,925.925925925933,0.45692340843215,0.800000000000011,0,2,3,0,1,0,0,0,1,0,0,0,0,0,1
0.3677,1200,910.599033712043,925.925925925933,0.456978223246965,0.850000000000023,0,2,3,0,1,0,0,0,1,0,0,0,0,0,1
0.3678,1200,910.642894578868,925.925925925933,0.45703303806178,0.900000000000006,0,2,3,0,1,0,0,0,1,0,0,0,0,0,1
0.3679,1200,910.687002089822,925.925925925933,0.457087852876595,0.949999999999989,0,2,3,0,1,0,0,0,1,0,0,0,0,0,1
0.368,1200,910.731355628296,925.925925925933,0.45714266769141,0,1,2,3,0,1,0,0,0,1,0,1,0,0,0,1
0.3681,1200,910.775954579219,925.925925925933,0.457197482506224,0.0499999999999829,1,2,3,0,1,0,0,0,1,0,1,0,0,0,1
0.3682,1200,910.820798329061,925.925925925933,0.457252297321039,0.100000000000023,1,2,3,0,1,0,0,0,1,0,1,0,0,0,1
0.3683,1200,910.865886265825,925.925925925933,0.457307112135854,0.150000000000006,1,2,3,0,1,0,0,0,1,0,1,0,0,0,1
0.3684,1200,910.911217779044,925.925925925933,0.457361926950669,0.199999999999989,1,2,3,0,1,0,0,0,1,0,1,0,0,0,1
0.3685,1200,910.956792259776,925.925925925933,0.457416741765484,0.25,1,2,3,0,1,0,0,0,1,0,1,0,0,0,1
0.3686,1200,911.002609100602,925.925925925933,0.457471556580299,0.300000000000011,1,2,3,0,1,0,0,0,1,0,1,0,0,0,1
0.3687,1200,911.048667695622,925.925925925933,0.457526371395113,0.350000000000023,1,2,3,0,1,0,0,0,1,0,1,0,0,0,1
0.3688,1200,911.094967440451,925.925925925933,0.457581186209928,0.400000000000006,1,2,3,0,1,0,0,0,1,0,1,0,0,0,1
0.3689,1200,911.141507732215,925.925925925933,0.457636001024743,0.449999999999989,1,2,3,0,1,0,0,0,1,0,1,0,0,0,1
0.369,1200,911.188287969545,925.925925925933,0.457690815839558,0.5,0,2,3,0,1,0,0,0,1,0,0,0,0,0,1
0.3691,1200,911.235307552578,892.857142857153,0.46767287933162,0.549999999999983,0,3,2,0,1,0,1,0,0,0,0,0,1,0,0
0.3692,1200,911.347092999353,892.857142857153,0.467734307903049,0.599999999999994,0,3,2,0,1,0,1,0,0,0,0,0,1,0,0
0.3693,1200,911.458998268224,892.857142857153,0.467795736474477,0.650000000000006,0,3,2,0,1,0,1,0,0,0,0,0,1,0,0
0.3694,1200,911.571023059637,892.857142857153,0.467857165045906,0.700000000000017,0,3,2,0,1,0,1,0,0,0,0,0,1,0,0
0.3695,1200,911.683167074787,892.857142857153,0.467918593617335,0.75,0,3,2,0,1,0,1,0,0,0,0,0,1,0,0
0.3696,1200,911.795430015613,892.857142857153,0.467980022188763,0.800000000000011,0,3,2,0,1,0,1,0,0,0,0,0,1,0,0
0.3697,1200,911.9078115848,892.857142857153,0.468041450760192,0.850000000000023,0,3,2,0,1,0,1,0,0,0,0,0,1,0,0
0.3698,1200,912.02031148578,892.857142857153,0.46810287933162,0.900000000000006,0,3,2,0,1,0,1,0,0,0,0,0,1,0,0
0.3699,1200,912.132929422721,892.857142857153,0.468164307903049,0.950000000000017,0,3,2,0,1,0,1,0,0,0,0,0,1,0,0
0.37,1200,912.245665100534,892.857142857153,0.468225736474477,0,1,3,2,0,1,0,1,0,0,0,1,0,1,0,0
0.3701,1200,912.358518224867,892.857142857153,0.468287165045906,0.0499999999999829,1,3,2,0,1,0,1,0,0,0,1,0,1,0,0
0.3702,1200,912.471488502103,892.857142857153,0.468348593617335,0.0999999999999943,1,3,2,0,1,0,1,0,0,0,1,0,1,0,0
0.3703,1200,912.58457563936,892.857142857153,0.468410022188763,0.150000000000006,1,3,2,0,1,0,1,0,0,0,1,0,1,0,0
0.3704,1200,912.697779344489,892.857142857153,0.468471450760192,0.200000000000017,1,3,2,0,1,0,1,0,0,0,1,0,1,0,0
0.3705,1200,912.811099326069,892.857142857153,0.46853287933162,0.25,1,3,2,0,1,0,1,0,0,0,1,0,1,0,0
0.3706,1200,912.924535293409,892.857142857153,0.468594307903049,0.300000000000011,1,3,2,0,1,0,1,0,0,0,1,0,1,0,0
0.3707,1200,913.038086956545,892.857142857153,0.468655736474477,0.350000000000023,1,3,2,0,1,0,1,0,0,0,1,0,1,0,0
0.3708,1200,913.151754026238,892.857142857153,0.468717165045906,0.400000000000006,1,3,2,0,1,0,1,0,0,0,1,0,1,0,0
0.3709,1200,913.265536213971,892.857142857153,0.468778593617335,0.450000000000017,1,3,2,0,1,0,1,0,0,0,1,0,1,0,0
0.371,1200,913.379433231949,892.857142857153,0.468840022188763,0.5,0,3,2,0,1,0,1,0,0,0,0,0,1,0,0
0.3711,1200,913.493444793096,892.857142857153,0.468901450760192,0.549999999999983,0,3,2,0,1,0,1,0,0,0,0,0,1,0,0
0.3712,1200,913.607570611054,892.857142857153,0.46896287933162,0.599999999999994,0,3,2,0,1,0,1,0,0,0,0,0,1,0,0
0.3713,1200,913.721810400182,892.857142857153,0.469024307903049,0.650000000000006,0,3,2,0,1,0,1,0,0,0,0,0,1,0,0
0.3714,1200,913.836163875552,892.857142857153,0.469085736474477,0.700000000000017,0,3,2,0,1,0,1,0,0,0,0,0,1,0,0
0.3715,1200,913.950630752947,892.857142857153,0.469147165045906,0.75,0,3,2,0,1,0,1,0,0,0,0,0,1,0,0
0.3716,1200,914.065210748863,892.857142857153,0.469208593617334,0.800000000000011,0,3,2,0,1,0,1,0,0,0,0,0,1,0,0
0.3717,1200,914.179903580503,892.857142857153,0.469270022188763,0.850000000000023,0,3,2,0,1,0,1,0,0,0,0,0,1,0,0
0.3718,1200,914.294708965779,925.925925925914,0.45940420208295,0.900000000000006,0,4,6,0,0,1,1,0,0,0,0,0,1,0,0
0.3719,1200,914.345099506904,925.925925925914,0.459459016897764,0.950000000000017,0,4,6,0,0,1,1,0,0,0,0,0,1,0,0
0.372,1200,914.395720367972,925.925925925914,0.459513831712579,0,1,4,6,0,0,1,1,0,0,0,0,1,1,0,0
0.3721,1200,914.446570973184,925.925925925914,0.459568646527394,0.0499999999999829,1,4,6,0,0,1,1,0,0,0,0,1,1,0,0
0.3722,1200,914.497650748179,925.925925925914,0.459623461342209,0.0999999999999943,1,4,6,0,0,1,1,0,0,0,0,1,1,0,0
0.3723,1200,914.548959120033,925.925925925914,0.459678276157024,0.150000000000006,1,4,6,0,0,1,1,0,0,0,0,1,1,0,0
0.3724,1200,914.600495517253,925.925925925914,0.459733090971838,0.200000000000017,1,4,6,0,0,1,1,0,0,0,0,1,1,0,0
0.3725,1200,914.652259369777,925.925925925914,0.459787905786653,0.25,1,4,6,0,0,1,1,0,0,0,0,1,1,0,0
0.3726,1200,914.704250108966,925.925925925914,0.459842720601468,0.299999999999983,1,4,6,0,0,1,1,0,0,0,0,1,1,0,0
0.3727,1200,914.756467167603,925.925925925914,0.459897535416283,0.350000000000023,1,4,6,0,0,1,1,0,0,0,0,1,1,0,0
0.3728,1200,914.80890997989,925.925925925914,0.459952350231097,0.400000000000006,1,4,6,0,0,1,1,0,0,0,0,1,1,0,0
0.3729,1200,914.861577981442,925.925925925914,0.460007165045912,0.450000000000017,1,4,6,0,0,1,1,0,0,0,0,1,1,0,0
0.373,1200,914.914470609287,925.925925925914,0.460061979860727,0.5,0,4,6,0,0,1,1,0,0,0,0,0,1,0,0
0.3731,1200,914.967587301858,925.925925925914,0.460116794675542,0.549999999999983,0,4,6,0,0,1,1,0,0,0,0,0,1,0,0
0.3732,1200,915.020927498995,925.925925925914,0.460171609490357,0.599999999999994,0,4,6,0,0,1,1,0,0,0,0,0,1,0,0
0.3733,1200,915.074490641935,925.925925925914,0.460226424305171,0.650000000000006,0,4,6,0,0,1,1,0,0,0,0,0,1,0,0
0.3734,1200,915.128276173313,925.925925925914,0.460281239119986,0.700000000000017,0,4,6,0,0,1,1,0,0,0,0,0,1,0,0
0.3735,1200,915.18228353716,925.925925925914,0.460336053934801,0.75,0,4,6,0,0,1,1,0,0,0,0,0,1,0,0
0.3736,1200,915.236512178893,925.925925925914,0.460390868749616,0.799999999999983,0,4,6,0,0,1,1,0,0,0,0,0,1,0,0
0.3737,1200,915.290961545319,925.925925925914,0.46044568356443,0.850000000000023,0,4,6,0,0,1,1,0,0,0,0,0,1,0,0
0.3738,1200,915.345631084624,925.925925925914,0.460500498379245,0.900000000000006,0,4,6,0,0,1,1,0,0,0,0,0,1,0,0
0.3739,1200,915.400520246378,925.925925925914,0.46055531319406,0.950000000000017,0,4,6,0,0,1,1,0,0,0,0,0,1,0,0
0.374,1200,915.455628481523,925.925925925914,0.460610128008875,0,1,4,6,0,0,1,1,0,0,0,0,1,1,0,0
0.3741,1200,915.510955242377,925.925925925914,0.46066494282369,0.0499999999999829,1,4,6,0,0,1,1,0,0,0,0,1,1,0,0
0.3742,1200,915.566499982625,925.925925925914,0.460719757638504,0.0999999999999943,1,4,6,0,0,1,1,0,0,0,0,1,1,0,0
0.3743,1200,915.622262157319,925.925925925914,0.460774572453319,0.150000000000006,1,4,6,0,0,1,1,0,0,0,0,1,1,0,0
0.3744,1200,915.678241222872,925.925925925914,0.460829387268134,0.200000000000017,1,4,6,0,0,1,1,0,0,0,0,1,1,0,0
0.3745,1200,915.734436637058,925.925925925914,0.460884202082949,0.25,1,4,6,0,0,1,1,0,0,0,0,1,1,0,0
0.3746,1200,915.790847859004,892.857142857153,0.470866265575006,0.299999999999983,1,5,4,0,0,1,0,1,0,0,0,1,0,1,0
0.3747,1200,915.912001465594,892.857142857153,0.470927694146434,0.350000000000023,1,5,4,0,0,1,0,1,0,0,0,1,0,1,0
0.3748,1200,916.033251473882,892.857142857153,0.470989122717863,0.400000000000006,1,5,4,0,0,1,0,1,0,0,0,1,0,1,0
0.3749,1200,916.154597642863,892.857142857153,0.471050551289291,0.450000000000017,1,5,4,0,0,1,0,1,0,0,0,1,0,1,0
0.375,1200,916.276039732137,892.857142857153,0.47111197986072,0.5,0,5,4,0,0,1,0,1,0,0,0,0,0,1,0
0.3751,1200,916.397577501901,892.857142857153,0.471173408432149,0.549999999999983,0,5,4,0,0,1,0,1,0,0,0,0,0,1,0
0.3752,1200,916.519210712955,892.857142857153,0.471234837003577,0.599999999999994,0,5,4,0,0,1,0,1,0,0,0,0,0,1,0
0.3753,1200,916.640939126696,892.857142857153,0.471296265575006,0.650000000000006,0,5,4,0,0,1,0,1,0,0,0,0,0,1,0
0.3754,1200,916.762762505117,892.857142857153,0.471357694146434,0.700000000000017,0,5,4,0,0,1,0,1,0,0,0,0,0,1,0
0.3755,1200,916.884680610806,892.857142857153,0.471419122717863,0.75,0,5,4,0,0,1,0,1,0,0,0,0,0,1,0
0.3756,1200,917.006693206945,892.857142857153,0.471480551289291,0.799999999999983,0,5,4,0,0,1,0,1,0,0,0,0,0,1,0
0.3757,1200,917.128800057308,892.857142857153,0.47154197986072,0.850000000000023,0,5,4,0,0,1,0,1,0,0,0,0,0,1,0
0.3758,1200,917.25100092626,892.857142857153,0.471603408432148,0.900000000000006,0,5,4,0,0,1,0,1,0,0,0,0,0,1,0
0.3759,1200,917.373295578753,892.857142857153,0.471664837003577,0.950000000000017,0,5,4,0,0,1,0,1,0,0,0,0,0,1,0
0.376,1200,917.495683780329,892.857142857153,0.471726265575006,0,1,5,4,0,0,1,0,1,0,0,0,1,0,1,0
0.3761,1200,917.618165297116,892.857142857153,0.471787694146434,0.0499999999999829,1,5,4,0,0,1,0,1,0,0,0,1,0,1,0
0.3762,1200,917.740739895825,892.857142857153,0.471849122717863,0.0999999999999943,1,5,4,0,0,1,0,1,0,0,0,1,0,1,0
0.3763,1200,917.863407343751,892.857142857153,0.471910551289291,0.150000000000006,1,5,4,0,0,1,0,1,0,0,0,1,0,1,0
0.3764,1200,917.986167408772,892.857142857153,0.47197197986072,0.200000000000017,1,5,4,0,0,1,0,1,0,0,0,1,0,1,0
0.3765,1200,918.109019859345,892.857142857153,0.472033408432148,0.25,1,5,4,0,0,1,0,1,0,0,0,1,0,1,0
0.3766,1200,918.231964464506,892.857142857153,0.472094837003577,0.299999999999983,1,5,4,0,0,1,0,1,0,0,0,1,0,1,0
0.3767,1200,918.355000993868,892.857142857153,0.472156265575006,0.350000000000023,1,5,4,0,0,1,0,1,0,0,0,1,0,1,0
0.3768,1200,918.478129217621,892.857142857153,0.472217694146434,0.400000000000006,1,5,4,0,0,1,0,1,0,0,0,1,0,1,0
0.3769,1200,918.601348906528,892.857142857153,0.472279122717863,0.450000000000017,1,5,4,0,0,1,0,1,0,0,0,1,0,1,0
0.377,1200,918.724659831928,892.857142857153,0.472340551289291,0.5,0,5,4,0,0,1,0,1,0,0,0,0,0,1,0
0.3771,1200,918.848061765729,892.857142857153,0.47240197986072,0.549999999999983,0,5,4,0,0,1,0,1,0,0,0,0,0,1,0
0.3772,1200,918.971554480409,892.857142857153,0.472463408432148,0.599999999999994,0,5,4,0,0,1,0,1,0,0,0,0,0,1,0
0.3773,1200,919.095137749017,925.925925925914,0.462597588326335,0.650000000000006,0,0,5,1,0,0,0,1,0,0,0,0,0,1,0
0.3774,1200,919.154284228766,925.925925925914,0.46265240314115,0.700000000000017,0,0,5,1,0,0,0,1,0,0,0,0,0,1,0
0.3775,1200,919.213639138611,925.925925925914,0.462707217955964,0.75,0,0,5,1,0,0,0,1,0,0,0,0,0,1,0
0.3776,1200,919.273201957478,925.925925925914,0.462762032770779,0.799999999999983,0,0,5,1,0,0,0,1,0,0,0,0,0,1,0
0.3777,1200,919.332972165595,925.925925925914,0.462816847585594,0.850000000000023,0,0,5,1,0,0,0,1,0,0,0,0,0,1,0
0.3778,1200,919.392949244487,925.925925925914,0.462871662400409,0.900000000000006,0,0,5,1,0,0,0,1,0,0,0,0,0,1,0
0.3779,1200,919.453132676978,925.925925925914,0.462926477215224,0.950000000000017,0,0,5,1,0,0,0,1,0,0,0,0,0,1,0
0.378,1200,919.513521947185,925.925925925914,0.462981292030038,0,1,0,5,1,0,0,0,1,0,1,0,0,0,1,0
0.3781,1200,919.574116540512,925.925925925914,0.463036106844853,0.0499999999999829,1,0,5,1,0,0,0,1,0,1,0,0,0,1,0
0.3782,1200,919.634915943652,925.925925925914,0.463090921659668,0.0999999999999943,1,0,5,1,0,0,0,1,0,1,0,0,0,1,0
0.3783,1200,919.695919644581,925.925925925914,0.463145736474483,0.150000000000006,1,0,5,1,0,0,0,1,0,1,0,0,0,1,0
0.3784,1200,919.757127132554,925.925925925914,0.463200551289298,0.200000000000017,1,0,5,1,0,0,0,1,0,1,0,0,0,1,0
0.3785,1200,919.818537898103,925.925925925914,0.463255366104112,0.25,1,0,5,1,0,0,0,1,0,1,0,0,0,1,0
0.3786,1200,919.880151433034,925.925925925914,0.463310180918927,0.299999999999983,1,0,5,1,0,0,0,1,0,1,0,0,0,1,0
0.3787,1200,919.941967230425,925.925925925914,0.463364995733742,0.350000000000023,1,0,5,1,0,0,0,1,0,1,0,0,0,1,0
0.3788,1200,920.003984784618,925.925925925914,0.463419810548557,0.400000000000006,1,0,5,1,0,0,0,1,0,1,0,0,0,1,0
0.3789,1200,920.066203591222,925.925925925914,0.463474625363371,0.450000000000017,1,0,5,1,0,0,0,1,0,1,0,0,0,1,0
0.379,1200,920.128623147106,925.925925925914,0.463529440178186,0.5,0,0,5,1,0,0,0,1,0,0,0,0,0,1,0
0.3791,1200,920.191242950396,925.925925925914,0.463584254993001,0.549999999999983,0,0,5,1,0,0,0,1,0,0,0,0,0,1,0
0.3792,1200,920.254062500475,925.925925925914,0.463639069807816,0.599999999999994,0,0,5,1,0,0,0,1,0,0,0,0,0,1,0
0.3793,1200,920.317081297974,925.925925925914,0.463693884622631,0.650000000000006,0,0,5,1,0,0,0,1,0,0,0,0,0,1,0
0.3794,1200,920.380298844777,925.925925925914,0.463748699437445,0.700000000000017,0,0,5,1,0,0,0,1,0,0,0,0,0,1,0
0.3795,1200,920.443714644008,925.925925925914,0.46380351425226,0.75,0,0,5,1,0,0,0,1,0,0,0,0,0,1,0
0.3796,1200,920.507328200038,925.925925925914,0.463858329067075,0.799999999999983,0,0,5,1,0,0,0,1,0,0,0,0,0,1,0
0.3797,1200,920.571139018474,925.925925925914,0.46391314388189,0.850000000000023,0,0,5,1,0,0,0,1,0,0,0,0,0,1,0
0.3798,1200,920.63514660616,925.925925925914,0.463967958696705,0.900000000000006,0,0,5,1,0,0,0,1,0,0,0,0,0,1,0
0.3799,1200,920.699350471173,925.925925925914,0.464022773511519,0.950000000000017,0,0,5,1,0,0,0,1,0,0,0,0,0,1,0
0.38,1200,920.76375012282,925.925925925933,0.464077588326329,0,1,1,1,1,0,0,0,0,1,1,0,0,0,0,1
0.3801,1200,920.828345071634,925.925925925933,0.464132403141143,0.0499999999999829,1,1,1,1,0,0,0,0,1,1,0,0,0,0,1
0.3802,1200,920.893134829372,925.925925925933,0.464187217955958,0.0999999999999943,1,1,1,1,0,0,0,0,1,1,0,0,0,0,1
0.3803,1200,920.958118909012,925.925925925933,0.464242032770773,0.150000000000006,1,1,1,1,0,0,0,0,1,1,0,0,0,0,1
0.3804,1200,921.02329682475,925.925925925933,0.464296847585588,0.200000000000017,1,1,1,1,0,0,0,0,1,1,0,0,0,0,1
0.3805,1200,921.088668091994,925.925925925933,0.464351662400402,0.25,1,1,1,1,0,0,0,0,1,1,0,0,0,0,1
0.3806,1200,921.154232227367,925.925925925933,0.464406477215217,0.299999999999983,1,1,1,1,0,0,0,0,1,1,0,0,0,0,1
0.3807,1200,921.219988748698,925.925925925933,0.464461292030032,0.350000000000023,1,1,1,1,0,0,0,0,1,1,0,0,0,0,1
0.3808,1200,921.285937175021,925.925925925933,0.464516106844847,0.400000000000006,1,1,1,1,0,0,0,0,1,1,0,0,0,0,1
0.3809,1200,921.352077026575,925.925925925933,0.464570921659662,0.450000000000017,1,1,1,1,0,0,0,0,1,1,0,0,0,0,1
0.381,1200,921.418407824796,925.925925925933,0.464625736474476,0.5,0,1,1,1,0,0,0,0,1,0,0,0,0,0,1
0.3811,1200,921.484929092318,925.925925925933,0.464680551289291,0.550000000000011,0,1,1,1,0,0,0,0,1,0,0,0,0,0,1
0.3812,1200,921.551640352968,925.925925925933,0.464735366104106,0.599999999999994,0,1,1,1,0,0,0,0,1,0,0,0,0,0,1
0.3813,1200,921.618541131762,925.925925925933,0.464790180918921,0.650000000000006,0,1,1,1,0,0,0,0,1,0,0,0,0,0,1
0.3814,1200,921.685630954906,925.925925925933,0.464844995733736,0.700000000000017,0,1,1,1,0,0,0,0,1,0,0,0,0,0,1
0.3815,1200,921.752909349788,925.925925925933,0.46489981054855,0.75,0,1,1,1,0,0,0,0,1,0,0,0,0,0,1
0.3816,1200,921.820375844979,925.925925925933,0.464954625363365,0.800000000000011,0,1,1,1,0,0,0,0,1,0,0,0,0,0,1
0.3817,1200,921.888029970228,925.925925925933,0.46500944017818,0.850000000000023,0,1,1,1,0,0,0,0,1,0,0,0,0,0,1
0.3818,1200,921.955871256461,925.925925925933,0.465064254992995,0.900000000000006,0,1,1,1,0,0,0,0,1,0,0,0,0,0,1
0.3819,1200,922.023899235774,925.925925925933,0.46511906980781,0.950000000000017,0,1,1,1,0,0,0,0,1,0,0,0,0,0,1
0.382,1200,922.092113441436,925.925925925933,0.465173884622624,0,1,1,1,1,0,0,0,0,1,1,0,0,0,0,1
0.3821,1200,922.160513407879,925.925925925933,0.465228699437439,0.0500000000000114,1,1,1,1,0,0,0,0,1,1,0,0,0,0,1
0.3822,1200,922.229098670703,925.925925925933,0.465283514252254,0.0999999999999943,1,1,1,1,0,0,0,0,1,1,0,0,0,0,1
0.3823,1200,922.297868766666,925.925925925933,0.465338329067069,0.149999999999977,1,1,1,1,0,0,0,0,1,1,0,0,0,0,1
0.3824,1200,922.366823233685,925.925925925933,0.465393143881883,0.200000000000017,1,1,1,1,0,0,0,0,1,1,0,0,0,0,1
0.3825,1200,922.435961610833,925.925925925933,0.465447958696698,0.25,1,1,1,1,0,0,0,0,1,1,0,0,0,0,1
0.3826,1200,922.505283438334,925.925925925933,0.465502773511513,0.300000000000011,1,1,1,1,0,0,0,0,1,1,0,0,0,0,1
0.3827,1200,922.574788257563,925.925925925914,0.465557588326334,0.350000000000023,1,2,3,0,1,0,0,0,1,0,1,0,0,0,1
0.3828,1200,922.644475611041,925.925925925914,0.465612403141148,0.400000000000006,1,2,3,0,1,0,0,0,1,0,1,0,0,0,1
0.3829,1200,922.714345042431,925.925925925914,0.465667217955963,0.450000000000017,1,2,3,0,1,0,0,0,1,0,1,0,0,0,1
0.383,1200,922.784396096538,925.925925925914,0.465722032770778,0.5,0,2,3,0,1,0,0,0,1,0,0,0,0,0,1
0.3831,1200,922.854628319307,925.925925925914,0.465776847585593,0.550000000000011,0,2,3,0,1,0,0,0,1,0,0,0,0,0,1
0.3832,1200,922.925041257815,925.925925925914,0.465831662400408,0.599999999999994,0,2,3,0,1,0,0,0,1,0,0,0,0,0,1
0.3833,1200,922.995634460273,925.925925925914,0.465886477215222,0.649999999999977,0,2,3,0,1,0,0,0,1,0,0,0,0,0,1
0.3834,1200,923.066407476021,925.925925925914,0.465941292030037,0.700000000000017,0,2,3,0,1,0,0,0,1,0,0,0,0,0,1
0.3835,1200,923.137359855527,925.925925925914,0.465996106844852,0.75,0,2,3,0,1,0,0,0,1,0,0,0,0,0,1
0.3836,1200,923.208491150379,925.925925925914,0.466050921659667,0.800000000000011,0,2,3,0,1,0,0,0,1,0,0,0,0,0,1
0.3837,1200,923.279800913291,925.925925925914,0.466105736474482,0.850000000000023,0,2,3,0,1,0,0,0,1,0,0,0,0,0,1
0.3838,1200,923.351288698092,925.925925925914,0.466160551289296,0.900000000000006,0,2,3,0,1,0,0,0,1,0,0,0,0,0,1
0.3839,1200,923.422954059727,925.925925925914,0.466215366104111,0.950000000000017,0,2,3,0,1,0,0,0,1,0,0,0,0,0,1
0.384,1200,923.494796554255,925.925925925914,0.466270180918926,0,1,2,3,0,1,0,0,0,1,0,1,0,0,0,1
0.3841,1200,923.566815738842,925.925925925914,0.466324995733741,0.0500000000000114,1,2,3,0,1,0,0,0,1,0,1,0,0,0,1
0.3842,1200,923.639011171764,925.925925925914,0.466379810548555,0.0999999999999943,1,2,3,0,1,0,0,0,1,0,1,0,0,0,1
0.3843,1200,923.711382412401,925.925925925914,0.46643462536337,0.149999999999977,1,2,3,0,1,0,0,0,1,0,1,0,0,0,1
0.3844,1200,923.783929021231,925.925925925914,0.466489440178185,0.200000000000017,1,2,3,0,1,0,0,0,1,0,1,0,0,0,1
0.3845,1200,923.856650559837,925.925925925914,0.466544254993,0.25,1,2,3,0,1,0,0,0,1,0,1,0,0,0,1
0.3846,1200,923.929546590892,925.925925925914,0.466599069807815,0.300000000000011,1,2,3,0,1,0,0,0,1,0,1,0,0,0,1
0.3847,1200,924.002616678165,925.925925925914,0.466653884622629,0.350000000000023,1,2,3,0,1,0,0,0,1,0,1,0,0,0,1
0.3848,1200,924.075860386517,925.925925925914,0.466708699437444,0.400000000000006,1,2,3,0,1,0,0,0,1,0,1,0,0,0,1
0.3849,1200,924.149277281894,925.925925925914,0.466763514252259,0.450000000000017,1,2,3,0,1,0,0,0,1,0,1,0,0,0,1
0.385,1200,924.222866931329,925.925925925914,0.466818329067074,0.5,0,2,3,0,1,0,0,0,1,0,0,0,0,0,1
0.3851,1200,924.296628902936,925.925925925914,0.466873143881888,0.550000000000011,0,2,3,0,1,0,0,0,1,0,0,0,0,0,1
0.3852,1200,924.370562765911,925.925925925914,0.466927958696703,0.599999999999994,0,2,3,0,1,0,0,0,1,0,0,0,0,0,1
0.3853,1200,924.444668090525,925.925925925914,0.466982773511518,0.649999999999977,0,2,3,0,1,0,0,0,1,0,0,0,0,0,1
0.3854,1200,924.518944448124,925.925925925933,0.467037588326327,0.700000000000017,0,3,2,0,1,0,1,0,0,0,0,0,1,0,0
0.3855,1200,924.593391411125,925.925925925933,0.467092403141142,0.75,0,3,2,0,1,0,1,0,0,0,0,0,1,0,0
0.3856,1200,924.668008553014,925.925925925933,0.467147217955957,0.800000000000011,0,3,2,0,1,0,1,0,0,0,0,0,1,0,0
0.3857,1200,924.742795448345,925.925925925933,0.467202032770772,0.849999999999994,0,3,2,0,1,0,1,0,0,0,0,0,1,0,0
0.3858,1200,924.817751672734,925.925925925933,0.467256847585586,0.900000000000006,0,3,2,0,1,0,1,0,0,0,0,0,1,0,0
0.3859,1200,924.892876802859,925.925925925933,0.467311662400401,0.950000000000017,0,3,2,0,1,0,1,0,0,0,0,0,1,0,0
0.386,1200,924.968170416454,925.925925925933,0.467366477215216,0,1,3,2,0,1,0,1,0,0,0,1,0,1,0,0
0.3861,1200,925.043632092312,925.925925925933,0.467421292030031,0.0500000000000114,1,3,2,0,1,0,1,0,0,0,1,0,1,0,0
0.3862,1200,925.119261410277,925.925925925933,0.467476106844846,0.0999999999999943,1,3,2,0,1,0,1,0,0,0,1,0,1,0,0
0.3863,1200,925.195057951242,925.925925925933,0.46753092165966,0.149999999999977,1,3,2,0,1,0,1,0,0,0,1,0,1,0,0
0.3864,1200,925.271021297152,925.925925925933,0.467585736474475,0.200000000000017,1,3,2,0,1,0,1,0,0,0,1,0,1,0,0
0.3865,1200,925.347151030993,925.925925925933,0.46764055128929,0.25,1,3,2,0,1,0,1,0,0,0,1,0,1,0,0
0.3866,1200,925.423446736796,925.925925925933,0.467695366104105,0.300000000000011,1,3,2,0,1,0,1,0,0,0,1,0,1,0,0
0.3867,1200,925.499907999631,925.925925925933,0.467750180918919,0.349999999999994,1,3,2,0,1,0,1,0,0,0,1,0,1,0,0
0.3868,1200,925.576534405605,925.925925925933,0.467804995733734,0.400000000000006,1,3,2,0,1,0,1,0,0,0,1,0,1,0,0
0.3869,1200,925.65332554186,925.925925925933,0.467859810548549,0.450000000000017,1,3,2,0,1,0,1,0,0,0,1,0,1,0,0
0.387,1200,925.730280996571,925.925925925933,0.467914625363364,0.5,0,3,2,0,1,0,1,0,0,0,0,0,1,0,0
0.3871,1200,925.807400358941,925.925925925933,0.467969440178179,0.550000000000011,0,3,2,0,1,0,1,0,0,0,0,0,1,0,0
0.3872,1200,925.884683219202,925.925925925933,0.468024254992993,0.599999999999994,0,3,2,0,1,0,1,0,0,0,0,0,1,0,0
0.3873,1200,925.962129168608,925.925925925933,0.468079069807808,0.649999999999977,0,3,2,0,1,0,1,0,0,0,0,0,1,0,0
0.3874,1200,926.039737799438,925.925925925933,0.468133884622623,0.700000000000017,0,3,2,0,1,0,1,0,0,0,0,0,1,0,0
0.3875,1200,926.117508704986,925.925925925933,0.468188699437438,0.75,0,3,2,0,1,0,1,0,0,0,0,0,1,0,0
0.3876,1200,926.195441479567,925.925925925933,0.468243514252253,0.800000000000011,0,3,2,0,1,0,1,0,0,0,0,0,1,0,0
0.3877,1200,926.273535718508,925.925925925933,0.468298329067067,0.849999999999994,0,3,2,0,1,0,1,0,0,0,0,0,1,0,0
0.3878,1200,926.351791018147,925.925925925933,0.468353143881882,0.900000000000006,0,3,2,0,1,0,1,0,0,0,0,0,1,0,0
0.3879,1200,926.430206975834,925.925925925933,0.468407958696697,0.950000000000017,0,3,2,0,1,0,1,0,0,0,0,0,1,0,0
0.388,1200,926.508783189923,925.925925925933,0.468462773511512,0,1,3,2,0,1,0,1,0,0,0,1,0,1,0,0
0.3881,1200,926.587519259773,925.925925925933,0.468517588326327,0.0500000000000114,1,4,6,0,0,1,1,0,0,0,0,1,1,0,0
0.3882,1200,926.666414785745,925.925925925933,0.468572403141141,0.0999999999999943,1,4,6,0,0,1,1,0,0,0,0,1,1,0,0
0.3883,1200,926.745469369198,925.925925925933,0.468627217955956,0.149999999999977,1,4,6,0,0,1,1,0,0,0,0,1,1,0,0
0.3884,1200,926.824682612489,925.925925925933,0.468682032770771,0.200000000000017,1,4,6,0,0,1,1,0,0,0,0,1,1,0,0
0.3885,1200,926.904054118967,925.925925925933,0.468736847585586,0.25,1,4,6,0,0,1,1,0,0,0,0,1,1,0,0
0.3886,1200,926.983583492976,925.925925925933,0.4687916624004,0.300000000000011,1,4,6,0,0,1,1,0,0,0,0,1,1,0,0
0.3887,1200,927.063270339846,925.925925925933,0.468846477215215,0.349999999999994,1,4,6,0,0,1,1,0,0,0,0,1,1,0,0
0.3888,1200,927.143114265896,925.925925925933,0.46890129203003,0.400000000000006,1,4,6,0,0,1,1,0,0,0,0,1,1,0,0
0.3889,1200,927.223114878426,925.925925925933,0.468956106844845,0.450000000000017,1,4,6,0,0,1,1,0,0,0,0,1,1,0,0
0.389,1200,927.303271785722,925.925925925933,0.46901092165966,0.5,0,4,6,0,0,1,1,0,0,0,0,0,1,0,0
0.3891,1200,927.383584597045,925.925925925933,0.469065736474474,0.550000000000011,0,4,6,0,0,1,1,0,0,0,0,0,1,0,0
0.3892,1200,927.464052922637,925.925925925933,0.469120551289289,0.599999999999994,0,4,6,0,0,1,1,0,0,0,0,0,1,0,0
0.3893,1200,927.54467637371,925.925925925933,0.469175366104104,0.649999999999977,0,4,6,0,0,1,1,0,0,0,0,0,1,0,0
0.3894,1200,927.625454562453,925.925925925933,0.469230180918919,0.700000000000017,0,4,6,0,0,1,1,0,0,0,0,0,1,0,0
0.3895,1200,927.70638710202,925.925925925933,0.469284995733734,0.75,0,4,6,0,0,1,1,0,0,0,0,0,1,0,0
0.3896,1200,927.787473606534,925.925925925933,0.469339810548548,0.800000000000011,0,4,6,0,0,1,1,0,0,0,0,0,1,0,0
0.3897,1200,927.868713691083,925.925925925933,0.469394625363363,0.849999999999994,0,4,6,0,0,1,1,0,0,0,0,0,1,0,0
0.3898,1200,927.950106971717,925.925925925933,0.469449440178178,0.900000000000006,0,4,6,0,0,1,1,0,0,0,0,0,1,0,0
0.3899,1200,928.031653065446,925.925925925933,0.469504254992993,0.950000000000017,0,4,6,0,0,1,1,0,0,0,0,0,1,0,0
0.39,1200,928.113351590237,925.925925925933,0.469559069807808,0,1,4,6,0,0,1,1,0,0,0,0,1,1,0,0
0.3901,1200,928.195202165012,925.925925925933,0.469613884622622,0.0500000000000114,1,4,6,0,0,1,1,0,0,0,0,1,1,0,0
0.3902,1200,928.277204409647,925.925925925933,0.469668699437437,0.0999999999999943,1,4,6,0,0,1,1,0,0,0,0,1,1,0,0
0.3903,1200,928.359357944966,925.925925925933,0.469723514252252,0.149999999999977,1,4,6,0,0,1,1,0,0,0,0,1,1,0,0
0.3904,1200,928.441662392743,925.925925925933,0.469778329067067,0.200000000000017,1,4,6,0,0,1,1,0,0,0,0,1,1,0,0
0.3905,1200,928.524117375697,925.925925925933,0.469833143881882,0.25,1,4,6,0,0,1,1,0,0,0,0,1,1,0,0
0.3906,1200,928.60672251749,925.925925925933,0.469887958696696,0.300000000000011,1,4,6,0,0,1,1,0,0,0,0,1,1,0,0
0.3907,1200,928.689477442725,925.925925925933,0.469942773511511,0.349999999999994,1,4,6,0,0,1,1,0,0,0,0,1,1,0,0
0.3908,1200,928.772381776943,925.925925925914,0.469997588326332,0.400000000000006,1,5,4,0,0,1,0,1,0,0,0,1,0,1,0
0.3909,1200,928.855435146622,925.925925925914,0.470052403141146,0.450000000000017,1,5,4,0,0,1,0,1,0,0,0,1,0,1,0
0.391,1200,928.938637179173,925.925925925914,0.470107217955961,0.5,0,5,4,0,0,1,0,1,0,0,0,0,0,1,0
0.3911,1200,929.021987502938,925.925925925914,0.470162032770776,0.550000000000011,0,5,4,0,0,1,0,1,0,0,0,0,0,1,0
0.3912,1200,929.105485747191,925.925925925914,0.470216847585591,0.599999999999994,0,5,4,0,0,1,0,1,0,0,0,0,0,1,0
0.3913,1200,929.189131542129,925.925925925914,0.470271662400406,0.649999999999977,0,5,4,0,0,1,0,1,0,0,0,0,0,1,0
0.3914,1200,929.272924518877,925.925925925914,0.47032647721522,0.700000000000017,0,5,4,0,0,1,0,1,0,0,0,0,0,1,0
0.3915,1200,929.356864309479,925.925925925914,0.470381292030035,0.75,0,5,4,0,0,1,0,1,0,0,0,0,0,1,0
0.3916,1200,929.4409505469,925.925925925914,0.47043610684485,0.800000000000011,0,5,4,0,0,1,0,1,0,0,0,0,0,1,0
0.3917,1200,929.525182865024,925.925925925914,0.470490921659665,0.849999999999994,0,5,4,0,0,1,0,1,0,0,0,0,0,1,0
0.3918,1200,929.60956089865,925.925925925914,0.47054573647448,0.900000000000006,0,5,4,0,0,1,0,1,0,0,0,0,0,1,0
0.3919,1200,929.694084283487,925.925925925914,0.470600551289294,0.950000000000017,0,5,4,0,0,1,0,1,0,0,0,0,0,1,0
0.392,1200,929.778752656159,925.925925925914,0.470655366104109,0,1,5,4,0,0,1,0,1,0,0,0,1,0,1,0
0.3921,1200,929.863565654195,925.925925925914,0.470710180918924,0.0500000000000114,1,5,4,0,0,1,0,1,0,0,0,1,0,1,0
0.3922,1200,929.948522916033,925.925925925914,0.470764995733739,0.0999999999999943,1,5,4,0,0,1,0,1,0,0,0,1,0,1,0
0.3923,1200,930.033624081012,925.925925925914,0.470819810548553,0.149999999999977,1,5,4,0,0,1,0,1,0,0,0,1,0,1,0
0.3924,1200,930.118868789375,925.925925925914,0.470874625363368,0.200000000000017,1,5,4,0,0,1,0,1,0,0,0,1,0,1,0
0.3925,1200,930.204256682263,925.925925925914,0.470929440178183,0.25,1,5,4,0,0,1,0,1,0,0,0,1,0,1,0
0.3926,1200,930.289787401716,925.925925925914,0.470984254992998,0.300000000000011,1,5,4,0,0,1,0,1,0,0,0,1,0,1,0
0.3927,1200,930.375460590666,925.925925925914,0.471039069807813,0.349999999999994,1,5,4,0,0,1,0,1,0,0,0,1,0,1,0
0.3928,1200,930.46127589294,925.925925925914,0.471093884622627,0.400000000000006,1,5,4,0,0,1,0,1,0,0,0,1,0,1,0
0.3929,1200,930.547232953255,925.925925925914,0.471148699437442,0.450000000000017,1,5,4,0,0,1,0,1,0,0,0,1,0,1,0
0.393,1200,930.633331417215,925.925925925914,0.471203514252257,0.5,0,5,4,0,0,1,0,1,0,0,0,0,0,1,0
0.3931,1200,930.719570931312,925.925925925914,0.471258329067072,0.550000000000011,0,5,4,0,0,1,0,1,0,0,0,0,0,1,0
0.3932,1200,930.805951142919,925.925925925914,0.471313143881886,0.599999999999994,0,5,4,0,0,1,0,1,0,0,0,0,0,1,0
0.3933,1200,930.892471700294,925.925925925914,0.471367958696701,0.649999999999977,0,5,4,0,0,1,0,1,0,0,0,0,0,1,0
0.3934,1200,930.979132252572,925.925925925914,0.471422773511516,0.700000000000017,0,5,4,0,0,1,0,1,0,0,0,0,0,1,0
0.3935,1200,931.065932449765,925.925925925933,0.471477588326325,0.75,0,0,5,1,0,0,0,1,0,0,0,0,0,1,0
0.3936,1200,931.152871942762,925.925925925933,0.47153240314114,0.800000000000011,0,0,5,1,0,0,0,1,0,0,0,0,0,1,0
0.3937,1200,931.239950383323,925.925925925933,0.471587217955955,0.849999999999994,0,0,5,1,0,0,0,1,0,0,0,0,0,1,0
0.3938,1200,931.327167424078,925.925925925933,0.47164203277077,0.900000000000006,0,0,5,1,0,0,0,1,0,0,0,0,0,1,0
0.3939,1200,931.414522718528,925.925925925933,0.471696847585584,0.950000000000017,0,0,5,1,0,0,0,1,0,0,0,0,0,1,0
0.394,1200,931.502015921038,925.925925925933,0.471751662400399,0,1,0,5,1,0,0,0,1,0,1,0,0,0,1,0
0.3941,1200,931.589646686838,925.925925925933,0.471806477215214,0.0500000000000114,1,0,5,1,0,0,0,1,0,1,0,0,0,1,0
0.3942,1200,931.67741467202,925.925925925933,0.471861292030029,0.0999999999999943,1,0,5,1,0,0,0,1,0,1,0,0,0,1,0
0.3943,1200,931.765319533535,925.925925925933,0.471916106844844,0.150000000000006,1,0,5,1,0,0,0,1,0,1,0,0,0,1,0
0.3944,1200,931.853360929192,925.925925925933,0.471970921659658,0.200000000000017,1,0,5,1,0,0,0,1,0,1,0,0,0,1,0
0.3945,1200,931.941538517657,925.925925925933,0.472025736474473,0.25,1,0,5,1,0,0,0,1,0,1,0,0,0,1,0
0.3946,1200,932.029851958447,925.925925925933,0.472080551289288,0.300000000000011,1,0,5,1,0,0,0,1,0,1,0,0,0,1,0
0.3947,1200,932.118300911931,925.925925925933,0.472135366104103,0.349999999999994,1,0,5,1,0,0,0,1,0,1,0,0,0,1,0
0.3948,1200,932.206885039328,925.925925925933,0.472190180918917,0.400000000000006,1,0,5,1,0,0,0,1,0,1,0,0,0,1,0
0.3949,1200,932.295604002703,925.925925925933,0.472244995733732,0.450000000000017,1,0,5,1,0,0,0,1,0,1,0,0,0,1,0
0.395,1200,932.384457464965,925.925925925933,0.472299810548547,0.5,0,0,5,1,0,0,0,1,0,0,0,0,0,1,0
0.3951,1200,932.473445089869,925.925925925933,0.472354625363362,0.550000000000011,0,0,5,1,0,0,0,1,0,0,0,0,0,1,0
0.3952,1200,932.562566542006,925.925925925933,0.472409440178177,0.599999999999994,0,0,5,1,0,0,0,1,0,0,0,0,0,1,0
0.3953,1200,932.651821486809,925.925925925933,0.472464254992991,0.650000000000006,0,0,5,1,0,0,0,1,0,0,0,0,0,1,0
0.3954,1200,932.741209590546,925.925925925933,0.472519069807806,0.700000000000017,0,0,5,1,0,0,0,1,0,0,0,0,0,1,0
0.3955,1200,932.830730520321,925.925925925933,0.472573884622621,0.75,0,0,5,1,0,0,0,1,0,0,0,0,0,1,0
0.3956,1200,932.920383944067,925.925925925933,0.472628699437436,0.800000000000011,0,0,5,1,0,0,0,1,0,0,0,0,0,1,0
0.3957,1200,933.01016953055,925.925925925933,0.472683514252251,0.849999999999994,0,0,5,1,0,0,0,1,0,0,0,0,0,1,0
0.3958,1200,933.100086949363,925.925925925933,0.472738329067065,0.900000000000006,0,0,5,1,0,0,0,1,0,0,0,0,0,1,0
0.3959,1200,933.190135870926,925.925925925933,0.47279314388188,0.950000000000017,0,0,5,1,0,0,0,1,0,0,0,0,0,1,0
0.396,1200,933.280315966481,925.925925925933,0.472847958696695,0,1,0,5,1,0,0,0,1,0,1,0,0,0,1,0
0.3961,1200,933.370626908093,925.925925925933,0.47290277351151,0.0500000000000114,1,0,5,1,0,0,0,1,0,1,0,0,0,1,0
0.3962,1200,933.461068368647,925.925925925933,0.472957588326325,0.0999999999999943,1,1,1,1,0,0,0,0,1,1,0,0,0,0,1
0.3963,1200,933.551640021847,925.925925925933,0.473012403141139,0.150000000000006,1,1,1,1,0,0,0,0,1,1,0,0,0,0,1
0.3964,1200,933.64234154221,925.925925925933,0.473067217955954,0.200000000000017,1,1,1,1,0,0,0,0,1,1,0,0,0,0,1
0.3965,1200,933.733172605068,925.925925925933,0.473122032770769,0.25,1,1,1,1,0,0,0,0,1,1,0,0,0,0,1
0.3966,1200,933.824132886565,925.925925925933,0.473176847585584,0.300000000000011,1,1,1,1,0,0,0,0,1,1,0,0,0,0,1
0.3967,1200,933.915222063655,925.925925925933,0.473231662400398,0.349999999999994,1,1,1,1,0,0,0,0,1,1,0,0,0,0,1
0.3968,1200,934.006439814099,925.925925925933,0.473286477215213,0.400000000000006,1,1,1,1,0,0,0,0,1,1,0,0,0,0,1
0.3969,1200,934.097785816462,925.925925925933,0.473341292030028,0.450000000000017,1,1,1,1,0,0,0,0,1,1,0,0,0,0,1
0.397,1200,934.189259750116,925.925925925933,0.473396106844843,0.5,0,1,1,1,0,0,0,0,1,0,0,0,0,0,1
0.3971,1200,934.280861295232,925.925925925933,0.473450921659658,0.550000000000011,0,1,1,1,0,0,0,0,1,0,0,0,0,0,1
0.3972,1200,934.372590132782,925.925925925933,0.473505736474472,0.599999999999994,0,1,1,1,0,0,0,0,1,0,0,0,0,0,1
0.3973,1200,934.464445944534,925.925925925933,0.473560551289287,0.650000000000006,0,1,1,1,0,0,0,0,1,0,0,0,0,0,1
0.3974,1200,934.556428413053,925.925925925933,0.473615366104102,0.700000000000017,0,1,1,1,0,0,0,0,1,0,0,0,0,0,1
0.3975,1200,934.648537221697,925.925925925933,0.473670180918917,0.75,0,1,1,1,0,0,0,0,1,0,0,0,0,0,1
0.3976,1200,934.740772054616,925.925925925933,0.473724995733732,0.800000000000011,0,1,1,1,0,0,0,0,1,0,0,0,0,0,1
0.3977,1200,934.833132596749,925.925925925933,0.473779810548546,0.849999999999994,0,1,1,1,0,0,0,0,1,0,0,0,0,0,1
0.3978,1200,934.925618533822,925.925925925933,0.473834625363361,0.900000000000006,0,1,1,1,0,0,0,0,1,0,0,0,0,0,1
0.3979,1200,935.01822955235,925.925925925933,0.473889440178176,0.950000000000017,0,1,1,1,0,0,0,0,1,0,0,0,0,0,1
0.398,1200,935.110965339627,925.925925925933,0.473944254992991,0,1,1,1,1,0,0,0,0,1,1,0,0,0,0,1
0.3981,1200,935.203825583732,925.925925925933,0.473999069807806,0.0500000000000114,1,1,1,1,0,0,0,0,1,1,0,0,0,0,1
0.3982,1200,935.296809973524,925.925925925933,0.47405388462262,0.0999999999999943,1,1,1,1,0,0,0,0,1,1,0,0,0,0,1
0.3983,1200,935.389918198637,925.925925925933,0.474108699437435,0.150000000000006,1,1,1,1,0,0,0,0,1,1,0,0,0,0,1
0.3984,1200,935.483149949484,925.925925925933,0.47416351425225,0.200000000000017,1,1,1,1,0,0,0,0,1,1,0,0,0,0,1
0.3985,1200,935.57650491725,925.925925925933,0.474218329067065,0.25,1,1,1,1,0,0,0,0,1,1,0,0,0,0,1
0.3986,1200,935.669982793892,925.925925925933,0.47427314388188,0.300000000000011,1,1,1,1,0,0,0,0,1,1,0,0,0,0,1
0.3987,1200,935.76358327214,925.925925925933,0.474327958696694,0.349999999999994,1,1,1,1,0,0,0,0,1,1,0,0,0,0,1
0.3988,1200,935.857306045488,925.925925925933,0.474382773511509,0.400000000000006,1,1,1,1,0,0,0,0,1,1,0,0,0,0,1
0.3989,1200,935.951150808199,925.925925925914,0.47443758832633,0.450000000000017,1,2,3,0,1,0,0,0,1,0,1,0,0,0,1
0.399,1200,936.0451172553,925.925925925914,0.474492403141144,0.5,0,2,3,0,1,0,0,0,1,0,0,0,0,0,1
0.3991,1200,936.139205082579,925.925925925914,0.474547217955959,0.550000000000011,0,2,3,0,1,0,0,0,1,0,0,0,0,0,1
0.3992,1200,936.233413986586,925.925925925914,0.474602032770774,0.599999999999994,0,2,3,0,1,0,0,0,1,0,0,0,0,0,1
0.3993,1200,936.32774366463,925.925925925914,0.474656847585589,0.650000000000006,0,2,3,0,1,0,0,0,1,0,0,0,0,0,1
0.3994,1200,936.422193814775,925.925925925914,0.474711662400404,0.700000000000017,0,2,3,0,1,0,0,0,1,0,0,0,0,0,1
0.3995,1200,936.51676413584,925.925925925914,0.474766477215218,0.75,0,2,3,0,1,0,0,0,1,0,0,0,0,0,1
0.3996,1200,936.6114543274,925.925925925914,0.474821292030033,0.800000000000011,0,2,3,0,1,0,0,0,1,0,0,0,0,0,1
0.3997,1200,936.706264089776,925.925925925914,0.474876106844848,0.849999999999994,0,2,3,0,1,0,0,0,1,0,0,0,0,0,1
0.3998,1200,936.801193124043,925.925925925914,0.474930921659663,0.900000000000006,0,2,3,0,1,0,0,0,1,0,0,0,0,0,1
0.3999,1200,936.896241132021,925.925925925914,0.474985736474478,0.950000000000017,0,2,3,0,1,0,0,0,1,0,0,0,0,0,1
0.4,1200,936.991407816275,925.925925925914,0.475040551289292,0,1,2,3,0,1,0,0,0,1,0,1,0,0,0,1
0.4001,1200,937.086692880115,925.925925925914,0.475095366104107,0.0500000000000114,1,2,3,0,1,0,0,0,1,0,1,0,0,0,1
0.4002,1200,937.182096027591,925.925925925914,0.475150180918922,0.0999999999999943,1,2,3,0,1,0,0,0,1,0,1,0,0,0,1
0.4003,1200,937.277616963495,925.925925925914,0.475204995733737,0.150000000000006,1,2,3,0,1,0,0,0,1,0,1,0,0,0,1
0.4004,1200,937.373255393356,925.925925925914,0.475259810548551,0.199999999999989,1,2,3,0,1,0,0,0,1,0,1,0,0,0,1
0.4005,1200,937.469011023438,925.925925925914,0.475314625363366,0.25,1,2,3,0,1,0,0,0,1,0,1,0,0,0,1
0.4006,1200,937.564883560741,925.925925925914,0.475369440178181,0.300000000000011,1,2,3,0,1,0,0,0,1,0,1,0,0,0,1
0.4007,1200,937.660872712998,925.925925925914,0.475424254992996,0.349999999999994,1,2,3,0,1,0,0,0,1,0,1,0,0,0,1
0.4008,1200,937.75697818867,925.925925925914,0.475479069807811,0.400000000000006,1,2,3,0,1,0,0,0,1,0,1,0,0,0,1
0.4009,1200,937.853199696949,925.925925925914,0.475533884622625,0.450000000000017,1,2,3,0,1,0,0,0,1,0,1,0,0,0,1
0.401,1200,937.949536947753,925.925925925914,0.47558869943744,0.5,0,2,3,0,1,0,0,0,1,0,0,0,0,0,1
0.4011,1200,938.045989651727,925.925925925914,0.475643514252255,0.550000000000011,0,2,3,0,1,0,0,0,1,0,0,0,0,0,1
0.4012,1200,938.142557520238,925.925925925914,0.47569832906707,0.599999999999994,0,2,3,0,1,0,0,0,1,0,0,0,0,0,1
0.4013,1200,938.239240265373,925.925925925914,0.475753143881884,0.650000000000006,0,2,3,0,1,0,0,0,1,0,0,0,0,0,1
0.4014,1200,938.336037599942,925.925925925914,0.475807958696699,0.699999999999989,0,2,3,0,1,0,0,0,1,0,0,0,0,0,1
0.4015,1200,938.432949237471,961.538461538465,0.465171890320626,0.75,0,3,2,0,1,0,1,0,0,0,0,0,1,0,0
0.4016,1200,938.460484151461,961.538461538465,0.465219582628319,0.800000000000011,0,3,2,0,1,0,1,0,0,0,0,0,1,0,0
0.4017,1200,938.488260228166,961.538461538465,0.465267274936011,0.849999999999994,0,3,2,0,1,0,1,0,0,0,0,0,1,0,0
0.4018,1200,938.51627686468,961.538461538465,0.465314967243703,0.900000000000006,0,3,2,0,1,0,1,0,0,0,0,0,1,0,0
0.4019,1200,938.544533459603,961.538461538465,0.465362659551396,0.950000000000017,0,3,2,0,1,0,1,0,0,0,0,0,1,0,0
0.402,1200,938.573029413038,961.538461538465,0.465410351859088,0,1,3,2,0,1,0,1,0,0,0,1,0,1,0,0
0.4021,1200,938.601764126589,961.538461538465,0.46545804416678,0.0500000000000114,1,3,2,0,1,0,1,0,0,0,1,0,1,0,0
0.4022,1200,938.630737003357,961.538461538465,0.465505736474473,0.0999999999999943,1,3,2,0,1,0,1,0,0,0,1,0,1,0,0
0.4023,1200,938.659947447932,961.538461538465,0.465553428782165,0.150000000000006,1,3,2,0,1,0,1,0,0,0,1,0,1,0,0
0.4024,1200,938.689394866397,961.538461538465,0.465601121089857,0.199999999999989,1,3,2,0,1,0,1,0,0,0,1,0,1,0,0
0.4025,1200,938.719078666315,961.538461538465,0.46564881339755,0.25,1,3,2,0,1,0,1,0,0,0,1,0,1,0,0
0.4026,1200,938.748998256733,961.538461538465,0.465696505705242,0.300000000000011,1,3,2,0,1,0,1,0,0,0,1,0,1,0,0
0.4027,1200,938.779153048175,961.538461538465,0.465744198012934,0.349999999999994,1,3,2,0,1,0,1,0,0,0,1,0,1,0,0
0.4028,1200,938.809542452639,961.538461538465,0.465791890320627,0.400000000000006,1,3,2,0,1,0,1,0,0,0,1,0,1,0,0
0.4029,1200,938.840165883591,961.538461538465,0.465839582628319,0.450000000000017,1,3,2,0,1,0,1,0,0,0,1,0,1,0,0
0.403,1200,938.871022755966,961.538461538465,0.465887274936011,0.5,0,3,2,0,1,0,1,0,0,0,0,0,1,0,0
0.4031,1200,938.902112486161,961.538461538465,0.465934967243704,0.550000000000011,0,3,2,0,1,0,1,0,0,0,0,0,1,0,0
0.4032,1200,938.933434492029,961.538461538465,0.465982659551396,0.599999999999994,0,3,2,0,1,0,1,0,0,0,0,0,1,0,0
0.4033,1200,938.964988192883,961.538461538465,0.466030351859088,0.650000000000006,0,3,2,0,1,0,1,0,0,0,0,0,1,0,0
0.4034,1200,938.996773009485,961.538461538465,0.466078044166781,0.699999999999989,0,3,2,0,1,0,1,0,0,0,0,0,1,0,0
0.4035,1200,939.028788364046,961.538461538465,0.466125736474473,0.75,0,3,2,0,1,0,1,0,0,0,0,0,1,0,0
0.4036,1200,939.06103368022,961.538461538465,0.466173428782165,0.800000000000011,0,3,2,0,1,0,1,0,0,0,0,0,1,0,0
0.4037,1200,939.093508383103,961.538461538465,0.466221121089858,0.849999999999994,0,3,2,0,1,0,1,0,0,0,0,0,1,0,0
0.4038,1200,939.126211899229,961.538461538465,0.46626881339755,0.900000000000006,0,3,2,0,1,0,1,0,0,0,0,0,1,0,0
0.4039,1200,939.159143656565,961.538461538465,0.466316505705242,0.950000000000017,0,3,2,0,1,0,1,0,0,0,0,0,1,0,0
0.404,1200,939.192303084508,961.538461538465,0.466364198012935,0,1,3,2,0,1,0,1,0,0,0,1,0,1,0,0
0.4041,1200,939.225689613881,961.538461538465,0.466411890320627,0.0500000000000114,1,3,2,0,1,0,1,0,0,0,1,0,1,0,0
0.4042,1200,939.25930267693,925.925925925933,0.477150465819201,0.0999999999999943,1,4,6,0,0,1,1,0,0,0,0,1,1,0,0
0.4043,1200,939.362632448063,925.925925925933,0.477205280634016,0.150000000000006,1,4,6,0,0,1,1,0,0,0,0,1,1,0,0
0.4044,1200,939.466060191064,925.925925925933,0.477260095448831,0.199999999999989,1,4,6,0,0,1,1,0,0,0,0,1,1,0,0
0.4045,1200,939.569585661003,925.925925925933,0.477314910263646,0.25,1,4,6,0,0,1,1,0,0,0,0,1,1,0,0
0.4046,1200,939.673208613565,925.925925925933,0.47736972507846,0.300000000000011,1,4,6,0,0,1,1,0,0,0,0,1,1,0,0
0.4047,1200,939.776928805041,925.925925925933,0.477424539893275,0.349999999999994,1,4,6,0,0,1,1,0,0,0,0,1,1,0,0
0.4048,1200,939.880745992334,925.925925925933,0.47747935470809,0.400000000000006,1,4,6,0,0,1,1,0,0,0,0,1,1,0,0
0.4049,1200,939.984659932956,925.925925925933,0.477534169522905,0.450000000000017,1,4,6,0,0,1,1,0,0,0,0,1,1,0,0
0.405,1200,940.088670385023,925.925925925933,0.47758898433772,0.5,0,4,6,0,0,1,1,0,0,0,0,0,1,0,0
0.4051,1200,940.192777107255,925.925925925933,0.477643799152534,0.550000000000011,0,4,6,0,0,1,1,0,0,0,0,0,1,0,0
0.4052,1200,940.296979858979,925.925925925933,0.477698613967349,0.599999999999994,0,4,6,0,0,1,1,0,0,0,0,0,1,0,0
0.4053,1200,940.401278400119,925.925925925933,0.477753428782164,0.650000000000006,0,4,6,0,0,1,1,0,0,0,0,0,1,0,0
0.4054,1200,940.505672491203,925.925925925933,0.477808243596979,0.699999999999989,0,4,6,0,0,1,1,0,0,0,0,0,1,0,0
0.4055,1200,940.610161893355,925.925925925933,0.477863058411794,0.75,0,4,6,0,0,1,1,0,0,0,0,0,1,0,0
0.4056,1200,940.714746368298,925.925925925933,0.477917873226608,0.800000000000011,0,4,6,0,0,1,1,0,0,0,0,0,1,0,0
0.4057,1200,940.819425678351,925.925925925933,0.477972688041423,0.849999999999994,0,4,6,0,0,1,1,0,0,0,0,0,1,0,0
0.4058,1200,940.924199586424,925.925925925933,0.478027502856238,0.900000000000006,0,4,6,0,0,1,1,0,0,0,0,0,1,0,0
0.4059,1200,941.029067856024,925.925925925933,0.478082317671053,0.950000000000017,0,4,6,0,0,1,1,0,0,0,0,0,1,0,0
0.406,1200,941.134030251245,925.925925925933,0.478137132485868,0,1,4,6,0,0,1,1,0,0,0,0,1,1,0,0
0.4061,1200,941.239086536775,925.925925925933,0.478191947300682,0.0500000000000114,1,4,6,0,0,1,1,0,0,0,0,1,1,0,0
0.4062,1200,941.344236477888,925.925925925933,0.478246762115497,0.0999999999999943,1,4,6,0,0,1,1,0,0,0,0,1,1,0,0
0.4063,1200,941.449479840444,925.925925925933,0.478301576930312,0.150000000000006,1,4,6,0,0,1,1,0,0,0,0,1,1,0,0
0.4064,1200,941.55481639089,925.925925925933,0.478356391745127,0.199999999999989,1,4,6,0,0,1,1,0,0,0,0,1,1,0,0
0.4065,1200,941.660245896256,925.925925925933,0.478411206559942,0.25,1,4,6,0,0,1,1,0,0,0,0,1,1,0,0
0.4066,1200,941.765768124155,925.925925925933,0.478466021374756,0.300000000000011,1,4,6,0,0,1,1,0,0,0,0,1,1,0,0
0.4067,1200,941.87138284278,925.925925925933,0.478520836189571,0.349999999999994,1,4,6,0,0,1,1,0,0,0,0,1,1,0,0
0.4068,1200,941.977089820906,961.538461538465,0.467884767813504,0.400000000000006,1,5,4,0,0,1,0,1,0,0,0,1,0,1,0
0.4069,1200,942.013398087141,961.538461538465,0.467932460121196,0.450000000000017,1,5,4,0,0,1,0,1,0,0,0,1,0,1,0
0.407,1200,942.049925582711,961.538461538465,0.467980152428888,0.5,0,5,4,0,0,1,0,1,0,0,0,0,0,1,0
0.4071,1200,942.086671759542,961.538461538465,0.468027844736581,0.550000000000011,0,5,4,0,0,1,0,1,0,0,0,0,0,1,0
0.4072,1200,942.123636070931,961.538461538465,0.468075537044273,0.599999999999994,0,5,4,0,0,1,0,1,0,0,0,0,0,1,0
0.4073,1200,942.160817971542,961.538461538465,0.468123229351965,0.650000000000006,0,5,4,0,0,1,0,1,0,0,0,0,0,1,0
0.4074,1200,942.1982169174,961.538461538465,0.468170921659658,0.699999999999989,0,5,4,0,0,1,0,1,0,0,0,0,0,1,0
0.4075,1200,942.235832365895,961.538461538465,0.46821861396735,0.750000000000028,0,5,4,0,0,1,0,1,0,0,0,0,0,1,0
0.4076,1200,942.273663775768,961.538461538465,0.468266306275042,0.800000000000011,0,5,4,0,0,1,0,1,0,0,0,0,0,1,0
0.4077,1200,942.311710607116,961.538461538465,0.468313998582735,0.849999999999994,0,5,4,0,0,1,0,1,0,0,0,0,0,1,0
0.4078,1200,942.349972321386,961.538461538465,0.468361690890427,0.900000000000006,0,5,4,0,0,1,0,1,0,0,0,0,0,1,0
0.4079,1200,942.38844838137,961.538461538465,0.468409383198119,0.949999999999989,0,5,4,0,0,1,0,1,0,0,0,0,0,1,0
0.408,1200,942.427138251205,961.538461538465,0.468457075505812,2.8421709430404e-14,1,5,4,0,0,1,0,1,0,0,0,1,0,1,0
0.4081,1200,942.466041396365,961.538461538465,0.468504767813504,0.0500000000000114,1,5,4,0,0,1,0,1,0,0,0,1,0,1,0
0.4082,1200,942.505157283661,961.538461538465,0.468552460121196,0.0999999999999943,1,5,4,0,0,1,0,1,0,0,0,1,0,1,0
0.4083,1200,942.54448538124,961.538461538465,0.468600152428889,0.150000000000006,1,5,4,0,0,1,0,1,0,0,0,1,0,1,0
0.4084,1200,942.584025158575,961.538461538465,0.468647844736581,0.199999999999989,1,5,4,0,0,1,0,1,0,0,0,1,0,1,0
0.4085,1200,942.623776086466,961.538461538465,0.468695537044273,0.250000000000028,1,5,4,0,0,1,0,1,0,0,0,1,0,1,0
0.4086,1200,942.663737637038,961.538461538465,0.468743229351966,0.300000000000011,1,5,4,0,0,1,0,1,0,0,0,1,0,1,0
0.4087,1200,942.703909283733,961.538461538465,0.468790921659658,0.349999999999994,1,5,4,0,0,1,0,1,0,0,0,1,0,1,0
0.4088,1200,942.744290501311,961.538461538465,0.46883861396735,0.400000000000006,1,5,4,0,0,1,0,1,0,0,0,1,0,1,0
0.4089,1200,942.784880765846,961.538461538465,0.468886306275043,0.449999999999989,1,5,4,0,0,1,0,1,0,0,0,1,0,1,0
0.409,1200,942.825679554719,961.538461538465,0.468933998582735,0.500000000000028,0,5,4,0,0,1,0,1,0,0,0,0,0,1,0
0.4091,1200,942.86668634662,961.538461538465,0.468981690890427,0.550000000000011,0,5,4,0,0,1,0,1,0,0,0,0,0,1,0
0.4092,1200,942.907900621541,961.538461538465,0.46902938319812,0.599999999999994,0,5,4,0,0,1,0,1,0,0,0,0,0,1,0
0.4093,1200,942.949321860775,961.538461538465,0.469077075505812,0.650000000000006,0,5,4,0,0,1,0,1,0,0,0,0,0,1,0
0.4094,1200,942.990949546911,961.538461538465,0.469124767813504,0.699999999999989,0,5,4,0,0,1,0,1,0,0,0,0,0,1,0
0.4095,1200,943.032783163831,925.925925925914,0.479863343312084,0.750000000000028,0,0,5,1,0,0,0,1,0,0,0,0,0,1,0
0.4096,1200,943.14431293745,925.925925925914,0.479918158126899,0.800000000000011,0,0,5,1,0,0,0,1,0,0,0,0,0,1,0
0.4097,1200,943.255920182932,925.925925925914,0.479972972941714,0.849999999999994,0,0,5,1,0,0,0,1,0,0,0,0,0,1,0
0.4098,1200,943.367604706595,925.925925925914,0.480027787756529,0.900000000000006,0,0,5,1,0,0,0,1,0,0,0,0,0,1,0
0.4099,1200,943.479366315246,925.925925925914,0.480082602571344,0.949999999999989,0,0,5,1,0,0,0,1,0,0,0,0,0,1,0
0.41,1200,943.591204816172,925.925925925914,0.480137417386158,2.8421709430404e-14,1,0,5,1,0,0,0,1,0,1,0,0,0,1,0
0.4101,1200,943.703120017141,925.925925925914,0.480192232200973,0.0500000000000114,1,0,5,1,0,0,0,1,0,1,0,0,0,1,0
0.4102,1200,943.815111726405,925.925925925914,0.480247047015788,0.0999999999999943,1,0,5,1,0,0,0,1,0,1,0,0,0,1,0
0.4103,1200,943.927179752692,925.925925925914,0.480301861830603,0.150000000000006,1,0,5,1,0,0,0,1,0,1,0,0,0,1,0
0.4104,1200,944.039323905209,925.925925925914,0.480356676645418,0.199999999999989,1,0,5,1,0,0,0,1,0,1,0,0,0,1,0
0.4105,1200,944.151543993641,925.925925925914,0.480411491460232,0.250000000000028,1,0,5,1,0,0,0,1,0,1,0,0,0,1,0
0.4106,1200,944.263839828148,925.925925925914,0.480466306275047,0.300000000000011,1,0,5,1,0,0,0,1,0,1,0,0,0,1,0
0.4107,1200,944.376211219366,925.925925925914,0.480521121089862,0.349999999999994,1,0,5,1,0,0,0,1,0,1,0,0,0,1,0
0.4108,1200,944.488657978402,925.925925925914,0.480575935904677,0.400000000000006,1,0,5,1,0,0,0,1,0,1,0,0,0,1,0
0.4109,1200,944.601179916836,925.925925925914,0.480630750719492,0.449999999999989,1,0,5,1,0,0,0,1,0,1,0,0,0,1,0
0.411,1200,944.713776846721,925.925925925914,0.480685565534306,0.500000000000028,0,0,5,1,0,0,0,1,0,0,0,0,0,1,0
0.4111,1200,944.826448580577,925.925925925914,0.480740380349121,0.550000000000011,0,0,5,1,0,0,0,1,0,0,0,0,0,1,0
0.4112,1200,944.939194931395,925.925925925914,0.480795195163936,0.599999999999994,0,0,5,1,0,0,0,1,0,0,0,0,0,1,0
0.4113,1200,945.052015712632,925.925925925914,0.480850009978751,0.650000000000006,0,0,5,1,0,0,0,1,0,0,0,0,0,1,0
0.4114,1200,945.164910738212,925.925925925914,0.480904824793565,0.699999999999989,0,0,5,1,0,0,0,1,0,0,0,0,0,1,0
0.4115,1200,945.277879822525,925.925925925914,0.48095963960838,0.750000000000028,0,0,5,1,0,0,0,1,0,0,0,0,0,1,0
0.4116,1200,945.390922780423,925.925925925914,0.481014454423195,0.800000000000011,0,0,5,1,0,0,0,1,0,0,0,0,0,1,0
0.4117,1200,945.504039427223,925.925925925914,0.48106926923801,0.849999999999994,0,0,5,1,0,0,0,1,0,0,0,0,0,1,0
0.4118,1200,945.617229578702,925.925925925914,0.481124084052825,0.900000000000006,0,0,5,1,0,0,0,1,0,0,0,0,0,1,0
0.4119,1200,945.730493051098,925.925925925914,0.481178898867639,0.949999999999989,0,0,5,1,0,0,0,1,0,0,0,0,0,1,0
0.412,1200,945.84382966111,925.925925925914,0.481233713682454,2.8421709430404e-14,1,0,5,1,0,0,0,1,0,1,0,0,0,1,0
0.4121,1200,945.957239225893,961.538461538465,0.470597645306381,0.0500000000000114,1,1,1,1,0,0,0,0,1,1,0,0,0,0,1
0.4122,1200,946.00123082232,961.538461538465,0.470645337614074,0.0999999999999943,1,1,1,1,0,0,0,0,1,1,0,0,0,0,1
0.4123,1200,946.045422439756,961.538461538465,0.470693029921766,0.150000000000006,1,1,1,1,0,0,0,0,1,1,0,0,0,0,1
0.4124,1200,946.089813578148,961.538461538465,0.470740722229458,0.199999999999989,1,1,1,1,0,0,0,0,1,1,0,0,0,0,1
0.4125,1200,946.134403738694,961.538461538465,0.470788414537151,0.250000000000028,1,1,1,1,0,0,0,0,1,1,0,0,0,0,1
0.4126,1200,946.179192423839,961.538461538465,0.470836106844843,0.300000000000011,1,1,1,1,0,0,0,0,1,1,0,0,0,0,1
0.4127,1200,946.224179137271,961.538461538465,0.470883799152535,0.349999999999994,1,1,1,1,0,0,0,0,1,1,0,0,0,0,1
0.4128,1200,946.269363383919,961.538461538465,0.470931491460228,0.400000000000006,1,1,1,1,0,0,0,0,1,1,0,0,0,0,1
0.4129,1200,946.314744669951,961.538461538465,0.47097918376792,0.449999999999989,1,1,1,1,0,0,0,0,1,1,0,0,0,0,1
0.413,1200,946.360322502767,961.538461538465,0.471026876075612,0.500000000000028,0,1,1,1,0,0,0,0,1,0,0,0,0,0,1
0.4131,1200,946.406096391002,961.538461538465,0.471074568383305,0.550000000000011,0,1,1,1,0,0,0,0,1,0,0,0,0,0,1
0.4132,1200,946.452065844516,961.538461538465,0.471122260690997,0.599999999999994,0,1,1,1,0,0,0,0,1,0,0,0,0,0,1
0.4133,1200,946.498230374396,961.538461538465,0.471169952998689,0.650000000000006,0,1,1,1,0,0,0,0,1,0,0,0,0,0,1
0.4134,1200,946.544589492951,961.538461538465,0.471217645306381,0.699999999999989,0,1,1,1,0,0,0,0,1,0,0,0,0,0,1
0.4135,1200,946.59114271371,961.538461538465,0.471265337614074,0.75,0,1,1,1,0,0,0,0,1,0,0,0,0,0,1
0.4136,1200,946.637889551418,961.538461538465,0.471313029921766,0.800000000000011,0,1,1,1,0,0,0,0,1,0,0,0,0,0,1
0.4137,1200,946.684829522031,961.538461538465,0.471360722229459,0.849999999999994,0,1,1,1,0,0,0,0,1,0,0,0,0,0,1
0.4138,1200,946.731962142717,961.538461538465,0.471408414537151,0.900000000000006,0,1,1,1,0,0,0,0,1,0,0,0,0,0,1
0.4139,1200,946.779286931852,961.538461538465,0.471456106844843,0.949999999999989,0,1,1,1,0,0,0,0,1,0,0,0,0,0,1
0.414,1200,946.826803409014,961.538461538465,0.471503799152535,2.8421709430404e-14,1,1,1,1,0,0,0,0,1,1,0,0,0,0,1
0.4141,1200,946.874511094982,961.538461538465,0.471551491460228,0.0500000000000114,1,1,1,1,0,0,0,0,1,1,0,0,0,0,1
0.4142,1200,946.922409511737,961.538461538465,0.47159918376792,0.0999999999999943,1,1,1,1,0,0,0,0,1,1,0,0,0,0,1
0.4143,1200,946.970498182449,961.538461538465,0.471646876075613,0.150000000000006,1,1,1,1,0,0,0,0,1,1,0,0,0,0,1
0.4144,1200,947.018776631484,961.538461538465,0.471694568383305,0.199999999999989,1,1,1,1,0,0,0,0,1,1,0,0,0,0,1
0.4145,1200,947.067244384397,961.538461538465,0.471742260690997,0.25,1,1,1,1,0,0,0,0,1,1,0,0,0,0,1
0.4146,1200,947.115900967927,961.538461538465,0.471789952998689,0.300000000000011,1,1,1,1,0,0,0,0,1,1,0,0,0,0,1
0.4147,1200,947.164745909999,961.538461538465,0.471837645306382,0.349999999999994,1,1,1,1,0,0,0,0,1,1,0,0,0,0,1
0.4148,1200,947.213778739715,925.925925925933,0.482576220804956,0.400000000000006,1,2,3,0,1,0,0,0,1,0,1,0,0,0,1
0.4149,1200,947.332489728098,925.925925925933,0.482631035619771,0.449999999999989,1,2,3,0,1,0,0,0,1,0,1,0,0,0,1
0.415,1200,947.451260235307,925.925925925933,0.482685850434586,0.500000000000028,0,2,3,0,1,0,0,0,1,0,0,0,0,0,1
0.4151,1200,947.570090112543,925.925925925933,0.482740665249401,0.550000000000011,0,2,3,0,1,0,0,0,1,0,0,0,0,0,1
0.4152,1200,947.688979211383,925.925925925933,0.482795480064215,0.599999999999994,0,2,3,0,1,0,0,0,1,0,0,0,0,0,1
0.4153,1200,947.807927383772,925.925925925933,0.48285029487903,0.650000000000006,0,2,3,0,1,0,0,0,1,0,0,0,0,0,1
0.4154,1200,947.926934482026,925.925925925933,0.482905109693845,0.699999999999989,0,2,3,0,1,0,0,0,1,0,0,0,0,0,1
0.4155,1200,948.046000358831,925.925925925933,0.48295992450866,0.75,0,2,3,0,1,0,0,0,1,0,0,0,0,0,1
0.4156,1200,948.16512486724,925.925925925933,0.483014739323475,0.800000000000011,0,2,3,0,1,0,0,0,1,0,0,0,0,0,1
0.4157,1200,948.284307860675,925.925925925933,0.483069554138289,0.849999999999994,0,2,3,0,1,0,0,0,1,0,0,0,0,0,1
0.4158,1200,948.403549192922,925.925925925933,0.483124368953104,0.900000000000006,0,2,3,0,1,0,0,0,1,0,0,0,0,0,1
0.4159,1200,948.522848718135,925.925925925933,0.483179183767919,0.949999999999989,0,2,3,0,1,0,0,0,1,0,0,0,0,0,1
0.416,1200,948.642206290831,925.925925925933,0.483233998582734,2.8421709430404e-14,1,2,3,0,1,0,0,0,1,0,1,0,0,0,1
0.4161,1200,948.761621765892,925.925925925933,0.483288813397549,0.0500000000000114,1,2,3,0,1,0,0,0,1,0,1,0,0,0,1
0.4162,1200,948.881094998561,925.925925925933,0.483343628212363,0.0999999999999943,1,2,3,0,1,0,0,0,1,0,1,0,0,0,1
0.4163,1200,949.000625844445,925.925925925933,0.483398443027178,0.150000000000006,1,2,3,0,1,0,0,0,1,0,1,0,0,0,1
0.4164,1200,949.120214159511,925.925925925933,0.483453257841993,0.199999999999989,1,2,3,0,1,0,0,0,1,0,1,0,0,0,1
0.4165,1200,949.239859800085,925.925925925933,0.483508072656808,0.25,1,2,3,0,1,0,0,0,1,0,1,0,0,0,1
0.4166,1200,949.359562622854,925.925925925933,0.483562887471622,0.300000000000011,1,2,3,0,1,0,0,0,1,0,1,0,0,0,1
0.4167,1200,949.479322484862,925.925925925933,0.483617702286437,0.349999999999994,1,2,3,0,1,0,0,0,1,0,1,0,0,0,1
0.4168,1200,949.599139243512,925.925925925933,0.483672517101252,0.400000000000006,1,2,3,0,1,0,0,0,1,0,1,0,0,0,1
0.4169,1200,949.719012756561,925.925925925933,0.483727331916067,0.449999999999989,1,2,3,0,1,0,0,0,1,0,1,0,0,0,1
0.417,1200,949.838942882124,925.925925925933,0.483782146730882,0.500000000000028,0,2,3,0,1,0,0,0,1,0,0,0,0,0,1
0.4171,1200,949.95892947867,925.925925925933,0.483836961545696,0.550000000000011,0,2,3,0,1,0,0,0,1,0,0,0,0,0,1
0.4172,1200,950.07897240502,925.925925925933,0.483891776360511,0.599999999999994,0,2,3,0,1,0,0,0,1,0,0,0,0,0,1
0.4173,1200,950.199071520351,925.925925925933,0.483946591175326,0.650000000000006,0,2,3,0,1,0,0,0,1,0,0,0,0,0,1
0.4174,1200,950.31922668419,961.538461538465,0.473310522799259,0.699999999999989,0,3,2,0,1,0,1,0,0,0,0,0,1,0,0
0.4175,1200,950.369947015674,961.538461538465,0.473358215106951,0.75,0,3,2,0,1,0,1,0,0,0,0,0,1,0,0
0.4176,1200,950.42085054633,961.538461538465,0.473405907414643,0.800000000000011,0,3,2,0,1,0,1,0,0,0,0,0,1,0,0
0.4177,1200,950.47193681816,961.538461538465,0.473453599722336,0.849999999999994,0,3,2,0,1,0,1,0,0,0,0,0,1,0,0
0.4178,1200,950.523205374309,961.538461538465,0.473501292030028,0.900000000000006,0,3,2,0,1,0,1,0,0,0,0,0,1,0,0
0.4179,1200,950.574655759069,961.538461538465,0.47354898433772,0.949999999999989,0,3,2,0,1,0,1,0,0,0,0,0,1,0,0
0.418,1200,950.626287517866,961.538461538465,0.473596676645413,2.8421709430404e-14,1,3,2,0,1,0,1,0,0,0,1,0,1,0,0
0.4181,1200,950.678100197267,961.538461538465,0.473644368953105,0.0500000000000114,1,3,2,0,1,0,1,0,0,0,1,0,1,0,0
0.4182,1200,950.730093344969,961.538461538465,0.473692061260797,0.0999999999999943,1,3,2,0,1,0,1,0,0,0,1,0,1,0,0
0.4183,1200,950.782266509802,961.538461538465,0.47373975356849,0.150000000000006,1,3,2,0,1,0,1,0,0,0,1,0,1,0,0
0.4184,1200,950.834619241722,961.538461538465,0.473787445876182,0.199999999999989,1,3,2,0,1,0,1,0,0,0,1,0,1,0,0
0.4185,1200,950.887151091813,961.538461538465,0.473835138183874,0.25,1,3,2,0,1,0,1,0,0,0,1,0,1,0,0
0.4186,1200,950.939861612279,961.538461538465,0.473882830491567,0.300000000000011,1,3,2,0,1,0,1,0,0,0,1,0,1,0,0
0.4187,1200,950.992750356443,961.538461538465,0.473930522799259,0.349999999999994,1,3,2,0,1,0,1,0,0,0,1,0,1,0,0
0.4188,1200,951.045816878747,961.538461538465,0.473978215106951,0.400000000000006,1,3,2,0,1,0,1,0,0,0,1,0,1,0,0
0.4189,1200,951.099060734746,961.538461538465,0.474025907414644,0.449999999999989,1,3,2,0,1,0,1,0,0,0,1,0,1,0,0
0.419,1200,951.152481481104,961.538461538465,0.474073599722336,0.500000000000028,0,3,2,0,1,0,1,0,0,0,0,0,1,0,0
0.4191,1200,951.206078675597,961.538461538465,0.474121292030028,0.550000000000011,0,3,2,0,1,0,1,0,0,0,0,0,1,0,0
0.4192,1200,951.259851877103,961.538461538465,0.474168984337721,0.600000000000023,0,3,2,0,1,0,1,0,0,0,0,0,1,0,0
0.4193,1200,951.313800645605,961.538461538465,0.474216676645413,0.650000000000006,0,3,2,0,1,0,1,0,0,0,0,0,1,0,0
0.4194,1200,951.367924542186,961.538461538465,0.474264368953105,0.699999999999989,0,3,2,0,1,0,1,0,0,0,0,0,1,0,0
0.4195,1200,951.422223129026,961.538461538465,0.474312061260798,0.75,0,3,2,0,1,0,1,0,0,0,0,0,1,0,0
0.4196,1200,951.476695969399,961.538461538465,0.47435975356849,0.800000000000011,0,3,2,0,1,0,1,0,0,0,0,0,1,0,0
0.4197,1200,951.53134262767,961.538461538465,0.474407445876182,0.850000000000023,0,3,2,0,1,0,1,0,0,0,0,0,1,0,0
0.4198,1200,951.586162669296,961.538461538465,0.474455138183875,0.900000000000006,0,3,2,0,1,0,1,0,0,0,0,0,1,0,0
0.4199,1200,951.641155660818,961.538461538465,0.474502830491567,0.949999999999989,0,3,2,0,1,0,1,0,0,0,0,0,1,0,0
0.42,1200,951.696321169862,961.538461538465,0.474550522799259,0,1,4,6,0,0,1,1,0,0,0,0,1,1,0,0
0.4201,1200,951.751658765132,961.538461538465,0.474598215106952,0.0500000000000114,1,4,6,0,0,1,1,0,0,0,0,1,1,0,0
0.4202,1200,951.807168016414,961.538461538465,0.474645907414644,0.100000000000023,1,4,6,0,0,1,1,0,0,0,0,1,1,0,0
0.4203,1200,951.862848494569,961.538461538465,0.474693599722336,0.150000000000006,1,4,6,0,0,1,1,0,0,0,0,1,1,0,0
0.4204,1200,951.918699771527,961.538461538465,0.474741292030029,0.199999999999989,1,4,6,0,0,1,1,0,0,0,0,1,1,0,0
0.4205,1200,951.974721420294,961.538461538465,0.474788984337721,0.25,1,4,6,0,0,1,1,0,0,0,0,1,1,0,0
0.4206,1200,952.030913014938,961.538461538465,0.474836676645413,0.300000000000011,1,4,6,0,0,1,1,0,0,0,0,1,1,0,0
0.4207,1200,952.087274130596,961.538461538465,0.474884368953106,0.350000000000023,1,4,6,0,0,1,1,0,0,0,0,1,1,0,0
0.4208,1200,952.143804343465,961.538461538465,0.474932061260798,0.400000000000006,1,4,6,0,0,1,1,0,0,0,0,1,1,0,0
0.4209,1200,952.200503230801,961.538461538465,0.47497975356849,0.449999999999989,1,4,6,0,0,1,1,0,0,0,0,1,1,0,0
0.421,1200,952.257370370919,961.538461538465,0.475027445876183,0.5,0,4,6,0,0,1,1,0,0,0,0,0,1,0,0
0.4211,1200,952.314405343187,961.538461538465,0.475075138183875,0.550000000000011,0,4,6,0,0,1,1,0,0,0,0,0,1,0,0
0.4212,1200,952.371607728024,961.538461538465,0.475122830491567,0.600000000000023,0,4,6,0,0,1,1,0,0,0,0,0,1,0,0
0.4213,1200,952.4289771069,961.538461538465,0.47517052279926,0.650000000000006,0,4,6,0,0,1,1,0,0,0,0,0,1,0,0
0.4214,1200,952.486513062328,961.538461538465,0.475218215106952,0.699999999999989,0,4,6,0,0,1,1,0,0,0,0,0,1,0,0
0.4215,1200,952.544215177867,961.538461538465,0.475265907414644,0.75,0,4,6,0,0,1,1,0,0,0,0,0,1,0,0
0.4216,1200,952.602083038117,961.538461538465,0.475313599722337,0.800000000000011,0,4,6,0,0,1,1,0,0,0,0,0,1,0,0
0.4217,1200,952.660116228717,961.538461538465,0.475361292030029,0.850000000000023,0,4,6,0,0,1,1,0,0,0,0,0,1,0,0
0.4218,1200,952.718314336341,961.538461538465,0.475408984337721,0.900000000000006,0,4,6,0,0,1,1,0,0,0,0,0,1,0,0
0.4219,1200,952.776676948695,961.538461538465,0.475456676645414,0.949999999999989,0,4,6,0,0,1,1,0,0,0,0,0,1,0,0
0.422,1200,952.835203654518,961.538461538465,0.475504368953106,0,1,4,6,0,0,1,1,0,0,0,0,1,1,0,0
0.4221,1200,952.893894043577,961.538461538465,0.475552061260798,0.0500000000000114,1,4,6,0,0,1,1,0,0,0,0,1,1,0,0
0.4222,1200,952.952747706664,961.538461538465,0.47559975356849,0.100000000000023,1,4,6,0,0,1,1,0,0,0,0,1,1,0,0
0.4223,1200,953.011764235592,961.538461538465,0.475647445876183,0.150000000000006,1,4,6,0,0,1,1,0,0,0,0,1,1,0,0
0.4224,1200,953.070943223198,961.538461538465,0.475695138183875,0.199999999999989,1,4,6,0,0,1,1,0,0,0,0,1,1,0,0
0.4225,1200,953.130284263335,961.538461538465,0.475742830491568,0.25,1,4,6,0,0,1,1,0,0,0,0,1,1,0,0
0.4226,1200,953.189786950872,961.538461538465,0.47579052279926,0.300000000000011,1,4,6,0,0,1,1,0,0,0,0,1,1,0,0
0.4227,1200,953.24945088169,925.925925925914,0.48652909829784,0.350000000000023,1,5,4,0,0,1,0,1,0,0,0,1,0,1,0
0.4228,1200,953.378766393422,925.925925925914,0.486583913112655,0.400000000000006,1,5,4,0,0,1,0,1,0,0,0,1,0,1,0
0.4229,1200,953.508114912671,925.925925925914,0.48663872792747,0.449999999999989,1,5,4,0,0,1,0,1,0,0,0,1,0,1,0
0.423,1200,953.637496356918,925.925925925914,0.486693542742284,0.5,0,5,4,0,0,1,0,1,0,0,0,0,0,1,0
0.4231,1200,953.76691064385,925.925925925914,0.486748357557099,0.550000000000011,0,5,4,0,0,1,0,1,0,0,0,0,0,1,0
0.4232,1200,953.896357691362,925.925925925914,0.486803172371914,0.600000000000023,0,5,4,0,0,1,0,1,0,0,0,0,0,1,0
0.4233,1200,954.025837417551,925.925925925914,0.486857987186729,0.650000000000006,0,5,4,0,0,1,0,1,0,0,0,0,0,1,0
0.4234,1200,954.15534974072,925.925925925914,0.486912802001544,0.699999999999989,0,5,4,0,0,1,0,1,0,0,0,0,0,1,0
0.4235,1200,954.284894579379,925.925925925914,0.486967616816358,0.75,0,5,4,0,0,1,0,1,0,0,0,0,0,1,0
0.4236,1200,954.414471852237,925.925925925914,0.487022431631173,0.800000000000011,0,5,4,0,0,1,0,1,0,0,0,0,0,1,0
0.4237,1200,954.544081478209,925.925925925914,0.487077246445988,0.850000000000023,0,5,4,0,0,1,0,1,0,0,0,0,0,1,0
0.4238,1200,954.673723376412,925.925925925914,0.487132061260803,0.900000000000006,0,5,4,0,0,1,0,1,0,0,0,0,0,1,0
0.4239,1200,954.803397466166,925.925925925914,0.487186876075617,0.949999999999989,0,5,4,0,0,1,0,1,0,0,0,0,0,1,0
0.424,1200,954.933103666992,925.925925925914,0.487241690890432,0,1,5,4,0,0,1,0,1,0,0,0,1,0,1,0
0.4241,1200,955.062841898613,925.925925925914,0.487296505705247,0.0500000000000114,1,5,4,0,0,1,0,1,0,0,0,1,0,1,0
0.4242,1200,955.19261208095,925.925925925914,0.487351320520062,0.100000000000023,1,5,4,0,0,1,0,1,0,0,0,1,0,1,0
0.4243,1200,955.322414134128,925.925925925914,0.487406135334877,0.150000000000006,1,5,4,0,0,1,0,1,0,0,0,1,0,1,0
0.4244,1200,955.45224797847,925.925925925914,0.487460950149691,0.199999999999989,1,5,4,0,0,1,0,1,0,0,0,1,0,1,0
0.4245,1200,955.582113534497,925.925925925914,0.487515764964506,0.25,1,5,4,0,0,1,0,1,0,0,0,1,0,1,0
0.4246,1200,955.71201072293,925.925925925914,0.487570579779321,0.300000000000011,1,5,4,0,0,1,0,1,0,0,0,1,0,1,0
0.4247,1200,955.841939464688,925.925925925914,0.487625394594136,0.350000000000023,1,5,4,0,0,1,0,1,0,0,0,1,0,1,0
0.4248,1200,955.971899680888,925.925925925914,0.487680209408951,0.400000000000006,1,5,4,0,0,1,0,1,0,0,0,1,0,1,0
0.4249,1200,956.101891292844,925.925925925914,0.487735024223765,0.449999999999989,1,5,4,0,0,1,0,1,0,0,0,1,0,1,0
0.425,1200,956.231914222066,925.925925925914,0.48778983903858,0.5,0,5,4,0,0,1,0,1,0,0,0,0,0,1,0
0.4251,1200,956.361968390262,925.925925925914,0.487844653853395,0.550000000000011,0,5,4,0,0,1,0,1,0,0,0,0,0,1,0
0.4252,1200,956.492053719333,925.925925925914,0.48789946866821,0.600000000000023,0,5,4,0,0,1,0,1,0,0,0,0,0,1,0
0.4253,1200,956.622170131378,961.538461538465,0.477263400292137,0.650000000000006,0,0,5,1,0,0,0,1,0,0,0,0,0,1,0
0.4254,1200,956.682826807949,961.538461538465,0.477311092599829,0.699999999999989,0,0,5,1,0,0,0,1,0,0,0,0,0,1,0
0.4255,1200,956.743641842828,961.538461538465,0.477358784907521,0.75,0,0,5,1,0,0,0,1,0,0,0,0,0,1,0
0.4256,1200,956.80461484012,961.538461538465,0.477406477215214,0.800000000000011,0,0,5,1,0,0,0,1,0,0,0,0,0,1,0
0.4257,1200,956.865745404918,961.538461538465,0.477454169522906,0.850000000000023,0,0,5,1,0,0,0,1,0,0,0,0,0,1,0
0.4258,1200,956.927033143305,961.538461538465,0.477501861830598,0.900000000000006,0,0,5,1,0,0,0,1,0,0,0,0,0,1,0
0.4259,1200,956.988477662346,961.538461538465,0.477549554138291,0.949999999999989,0,0,5,1,0,0,0,1,0,0,0,0,0,1,0
0.426,1200,957.050078570089,961.538461538465,0.477597246445983,0,1,0,5,1,0,0,0,1,0,1,0,0,0,1,0
0.4261,1200,957.111835475562,961.538461538465,0.477644938753675,0.0500000000000114,1,0,5,1,0,0,0,1,0,1,0,0,0,1,0
0.4262,1200,957.173747988772,961.538461538465,0.477692631061368,0.100000000000023,1,0,5,1,0,0,0,1,0,1,0,0,0,1,0
0.4263,1200,957.235815720699,961.538461538465,0.47774032336906,0.150000000000006,1,0,5,1,0,0,0,1,0,1,0,0,0,1,0
0.4264,1200,957.298038283296,961.538461538465,0.477788015676752,0.199999999999989,1,0,5,1,0,0,0,1,0,1,0,0,0,1,0
0.4265,1200,957.360415289487,961.538461538465,0.477835707984445,0.25,1,0,5,1,0,0,0,1,0,1,0,0,0,1,0
0.4266,1200,957.422946353162,961.538461538465,0.477883400292137,0.300000000000011,1,0,5,1,0,0,0,1,0,1,0,0,0,1,0
0.4267,1200,957.485631089178,961.538461538465,0.477931092599829,0.350000000000023,1,0,5,1,0,0,0,1,0,1,0,0,0,1,0
0.4268,1200,957.548469113354,961.538461538465,0.477978784907522,0.400000000000006,1,0,5,1,0,0,0,1,0,1,0,0,0,1,0
0.4269,1200,957.61146004247,961.538461538465,0.478026477215214,0.449999999999989,1,0,5,1,0,0,0,1,0,1,0,0,0,1,0
0.427,1200,957.674603494262,961.538461538465,0.478074169522906,0.5,0,0,5,1,0,0,0,1,0,0,0,0,0,1,0
0.4271,1200,957.737899087426,961.538461538465,0.478121861830599,0.550000000000011,0,0,5,1,0,0,0,1,0,0,0,0,0,1,0
0.4272,1200,957.801346441606,961.538461538465,0.478169554138291,0.600000000000023,0,0,5,1,0,0,0,1,0,0,0,0,0,1,0
0.4273,1200,957.864945177401,961.538461538465,0.478217246445983,0.650000000000006,0,0,5,1,0,0,0,1,0,0,0,0,0,1,0
0.4274,1200,957.928694916356,961.538461538465,0.478264938753676,0.699999999999989,0,0,5,1,0,0,0,1,0,0,0,0,0,1,0
0.4275,1200,957.992595280964,961.538461538465,0.478312631061368,0.75,0,0,5,1,0,0,0,1,0,0,0,0,0,1,0
0.4276,1200,958.056645894661,961.538461538465,0.47836032336906,0.800000000000011,0,0,5,1,0,0,0,1,0,0,0,0,0,1,0
0.4277,1200,958.120846381823,961.538461538465,0.478408015676753,0.850000000000023,0,0,5,1,0,0,0,1,0,0,0,0,0,1,0
0.4278,1200,958.185196367767,961.538461538465,0.478455707984445,0.900000000000006,0,0,5,1,0,0,0,1,0,0,0,0,0,1,0
0.4279,1200,958.249695478747,961.538461538465,0.478503400292137,0.949999999999989,0,1,1,1,0,0,0,0,1,0,0,0,0,0,1
0.428,1200,958.314343341949,961.538461538465,0.47855109259983,0,1,1,1,1,0,0,0,0,1,1,0,0,0,0,1
0.4281,1200,958.379139585493,961.538461538465,0.478598784907522,0.0500000000000114,1,1,1,1,0,0,0,0,1,1,0,0,0,0,1
0.4282,1200,958.444083838428,961.538461538465,0.478646477215214,0.100000000000023,1,1,1,1,0,0,0,0,1,1,0,0,0,0,1
0.4283,1200,958.509175730731,961.538461538465,0.478694169522907,0.150000000000006,1,1,1,1,0,0,0,0,1,1,0,0,0,0,1
0.4284,1200,958.574414893303,961.538461538465,0.478741861830599,0.199999999999989,1,1,1,1,0,0,0,0,1,1,0,0,0,0,1
0.4285,1200,958.639800957968,961.538461538465,0.478789554138291,0.25,1,1,1,1,0,0,0,0,1,1,0,0,0,0,1
0.4286,1200,958.705333557472,961.538461538465,0.478837246445984,0.299999999999983,1,1,1,1,0,0,0,0,1,1,0,0,0,0,1
0.4287,1200,958.771012325478,961.538461538465,0.478884938753676,0.350000000000023,1,1,1,1,0,0,0,0,1,1,0,0,0,0,1
0.4288,1200,958.836836896563,961.538461538465,0.478932631061368,0.400000000000006,1,1,1,1,0,0,0,0,1,1,0,0,0,0,1
0.4289,1200,958.90280690622,961.538461538465,0.478980323369061,0.449999999999989,1,1,1,1,0,0,0,0,1,1,0,0,0,0,1
0.429,1200,958.968921990854,961.538461538465,0.479028015676753,0.5,0,1,1,1,0,0,0,0,1,0,0,0,0,0,1
0.4291,1200,959.035181787775,961.538461538465,0.479075707984445,0.550000000000011,0,1,1,1,0,0,0,0,1,0,0,0,0,0,1
0.4292,1200,959.101585935205,961.538461538465,0.479123400292138,0.600000000000023,0,1,1,1,0,0,0,0,1,0,0,0,0,0,1
0.4293,1200,959.168134072266,961.538461538465,0.47917109259983,0.650000000000006,0,1,1,1,0,0,0,0,1,0,0,0,0,0,1
0.4294,1200,959.234825838984,961.538461538465,0.479218784907522,0.699999999999989,0,1,1,1,0,0,0,0,1,0,0,0,0,0,1
0.4295,1200,959.301660876285,961.538461538465,0.479266477215215,0.75,0,1,1,1,0,0,0,0,1,0,0,0,0,0,1
0.4296,1200,959.368638825993,961.538461538465,0.479314169522907,0.799999999999983,0,1,1,1,0,0,0,0,1,0,0,0,0,0,1
0.4297,1200,959.435759330827,961.538461538465,0.479361861830599,0.850000000000023,0,1,1,1,0,0,0,0,1,0,0,0,0,0,1
0.4298,1200,959.503022034399,961.538461538465,0.479409554138292,0.900000000000006,0,1,1,1,0,0,0,0,1,0,0,0,0,0,1
0.4299,1200,959.570426581212,961.538461538465,0.479457246445984,0.949999999999989,0,1,1,1,0,0,0,0,1,0,0,0,0,0,1
0.43,1200,959.637972616658,961.538461538465,0.479504938753676,0,1,1,1,1,0,0,0,0,1,1,0,0,0,0,1
0.4301,1200,959.705659787015,961.538461538465,0.479552631061369,0.0500000000000114,1,1,1,1,0,0,0,0,1,1,0,0,0,0,1
0.4302,1200,959.773487739447,961.538461538465,0.479600323369061,0.100000000000023,1,1,1,1,0,0,0,0,1,1,0,0,0,0,1
0.4303,1200,959.841456121997,961.538461538465,0.479648015676753,0.150000000000006,1,1,1,1,0,0,0,0,1,1,0,0,0,0,1
0.4304,1200,959.909564583591,961.538461538465,0.479695707984446,0.199999999999989,1,1,1,1,0,0,0,0,1,1,0,0,0,0,1
0.4305,1200,959.977812774031,961.538461538465,0.479743400292138,0.25,1,2,3,0,1,0,0,0,1,0,1,0,0,0,1
0.4306,1200,960.046200343994,961.538461538465,0.47979109259983,0.299999999999983,1,2,3,0,1,0,0,0,1,0,1,0,0,0,1
0.4307,1200,960.114726945033,961.538461538465,0.479838784907523,0.350000000000023,1,2,3,0,1,0,0,0,1,0,1,0,0,0,1
0.4308,1200,960.18339222957,961.538461538465,0.479886477215215,0.400000000000006,1,2,3,0,1,0,0,0,1,0,1,0,0,0,1
0.4309,1200,960.252195850895,961.538461538465,0.479934169522907,0.449999999999989,1,2,3,0,1,0,0,0,1,0,1,0,0,0,1
0.431,1200,960.321137463166,961.538461538465,0.479981861830599,0.5,0,2,3,0,1,0,0,0,1,0,0,0,0,0,1
0.4311,1200,960.390216721407,961.538461538465,0.480029554138292,0.550000000000011,0,2,3,0,1,0,0,0,1,0,0,0,0,0,1
0.4312,1200,960.459433281503,961.538461538465,0.480077246445984,0.600000000000023,0,2,3,0,1,0,0,0,1,0,0,0,0,0,1
0.4313,1200,960.528786800198,961.538461538465,0.480124938753677,0.650000000000006,0,2,3,0,1,0,0,0,1,0,0,0,0,0,1
0.4314,1200,960.598276935096,961.538461538465,0.480172631061369,0.699999999999989,0,2,3,0,1,0,0,0,1,0,0,0,0,0,1
0.4315,1200,960.667903344657,961.538461538465,0.480220323369061,0.75,0,2,3,0,1,0,0,0,1,0,0,0,0,0,1
0.4316,1200,960.737665688195,961.538461538465,0.480268015676753,0.799999999999983,0,2,3,0,1,0,0,0,1,0,0,0,0,0,1
0.4317,1200,960.807563625873,961.538461538465,0.480315707984446,0.850000000000023,0,2,3,0,1,0,0,0,1,0,0,0,0,0,1
0.4318,1200,960.877596818707,961.538461538465,0.480363400292138,0.900000000000006,0,2,3,0,1,0,0,0,1,0,0,0,0,0,1
0.4319,1200,960.947764928559,961.538461538465,0.480411092599831,0.950000000000017,0,2,3,0,1,0,0,0,1,0,0,0,0,0,1
0.432,1200,961.018067618137,961.538461538465,0.480458784907523,0,1,2,3,0,1,0,0,0,1,0,1,0,0,0,1
0.4321,1200,961.08850455099,961.538461538465,0.480506477215215,0.0500000000000114,1,2,3,0,1,0,0,0,1,0,1,0,0,0,1
0.4322,1200,961.159075391512,961.538461538465,0.480554169522907,0.100000000000023,1,2,3,0,1,0,0,0,1,0,1,0,0,0,1
0.4323,1200,961.229779804932,961.538461538465,0.4806018618306,0.150000000000006,1,2,3,0,1,0,0,0,1,0,1,0,0,0,1
0.4324,1200,961.300617457319,961.538461538465,0.480649554138292,0.200000000000017,1,2,3,0,1,0,0,0,1,0,1,0,0,0,1
0.4325,1200,961.371588015574,961.538461538465,0.480697246445984,0.25,1,2,3,0,1,0,0,0,1,0,1,0,0,0,1
0.4326,1200,961.442691147434,961.538461538465,0.480744938753677,0.299999999999983,1,2,3,0,1,0,0,0,1,0,1,0,0,0,1
0.4327,1200,961.513926521464,961.538461538465,0.480792631061369,0.350000000000023,1,2,3,0,1,0,0,0,1,0,1,0,0,0,1
0.4328,1200,961.58529380706,961.538461538465,0.480840323369061,0.400000000000006,1,2,3,0,1,0,0,0,1,0,1,0,0,0,1
0.4329,1200,961.656792674441,961.538461538465,0.480888015676754,0.450000000000017,1,2,3,0,1,0,0,0,1,0,1,0,0,0,1
0.433,1200,961.728422794654,961.538461538465,0.480935707984446,0.5,0,2,3,0,1,0,0,0,1,0,0,0,0,0,1
0.4331,1200,961.800183839566,961.538461538465,0.480983400292138,0.549999999999983,0,3,2,0,1,0,1,0,0,0,0,0,1,0,0
0.4332,1200,961.872075481866,961.538461538465,0.481031092599831,0.600000000000023,0,3,2,0,1,0,1,0,0,0,0,0,1,0,0
0.4333,1200,961.94409739506,961.538461538465,0.481078784907523,0.650000000000006,0,3,2,0,1,0,1,0,0,0,0,0,1,0,0
0.4334,1200,962.016249253472,961.538461538465,0.481126477215215,0.700000000000017,0,3,2,0,1,0,1,0,0,0,0,0,1,0,0
0.4335,1200,962.088530732237,961.538461538465,0.481174169522908,0.75,0,3,2,0,1,0,1,0,0,0,0,0,1,0,0
0.4336,1200,962.160941507305,961.538461538465,0.4812218618306,0.799999999999983,0,3,2,0,1,0,1,0,0,0,0,0,1,0,0
0.4337,1200,962.233481255436,961.538461538465,0.481269554138292,0.850000000000023,0,3,2,0,1,0,1,0,0,0,0,0,1,0,0
0.4338,1200,962.306149654196,961.538461538465,0.481317246445985,0.900000000000006,0,3,2,0,1,0,1,0,0,0,0,0,1,0,0
0.4339,1200,962.37894638196,961.538461538465,0.481364938753677,0.950000000000017,0,3,2,0,1,0,1,0,0,0,0,0,1,0,0
0.434,1200,962.451871117903,961.538461538465,0.481412631061369,0,1,3,2,0,1,0,1,0,0,0,1,0,1,0,0
0.4341,1200,962.524923542008,961.538461538465,0.481460323369062,0.0499999999999829,1,3,2,0,1,0,1,0,0,0,1,0,1,0,0
0.4342,1200,962.598103335052,961.538461538465,0.481508015676754,0.100000000000023,1,3,2,0,1,0,1,0,0,0,1,0,1,0,0
0.4343,1200,962.671410178613,961.538461538465,0.481555707984446,0.150000000000006,1,3,2,0,1,0,1,0,0,0,1,0,1,0,0
0.4344,1200,962.744843755065,961.538461538465,0.481603400292139,0.200000000000017,1,3,2,0,1,0,1,0,0,0,1,0,1,0,0
0.4345,1200,962.818403747576,961.538461538465,0.481651092599831,0.25,1,3,2,0,1,0,1,0,0,0,1,0,1,0,0
0.4346,1200,962.892089840106,961.538461538465,0.481698784907523,0.299999999999983,1,3,2,0,1,0,1,0,0,0,1,0,1,0,0
0.4347,1200,962.965901717405,961.538461538465,0.481746477215216,0.350000000000023,1,3,2,0,1,0,1,0,0,0,1,0,1,0,0
0.4348,1200,963.03983906501,961.538461538465,0.481794169522908,0.400000000000006,1,3,2,0,1,0,1,0,0,0,1,0,1,0,0
0.4349,1200,963.113901569247,961.538461538465,0.4818418618306,0.450000000000017,1,3,2,0,1,0,1,0,0,0,1,0,1,0,0
0.435,1200,963.188088917223,961.538461538465,0.481889554138293,0.5,0,3,2,0,1,0,1,0,0,0,0,0,1,0,0
0.4351,1200,963.262400796828,961.538461538465,0.481937246445985,0.549999999999983,0,3,2,0,1,0,1,0,0,0,0,0,1,0,0
0.4352,1200,963.336836896735,961.538461538465,0.481984938753677,0.600000000000023,0,3,2,0,1,0,1,0,0,0,0,0,1,0,0
0.4353,1200,963.411396906392,961.538461538465,0.48203263106137,0.650000000000006,0,3,2,0,1,0,1,0,0,0,0,0,1,0,0
0.4354,1200,963.486080516025,961.538461538465,0.482080323369062,0.700000000000017,0,3,2,0,1,0,1,0,0,0,0,0,1,0,0
0.4355,1200,963.560887416634,961.538461538465,0.482128015676754,0.75,0,3,2,0,1,0,1,0,0,0,0,0,1,0,0
0.4356,1200,963.635817299991,961.538461538465,0.482175707984447,0.799999999999983,0,3,2,0,1,0,1,0,0,0,0,0,1,0,0
0.4357,1200,963.71086985864,961.538461538444,0.482223400292145,0.850000000000023,0,4,6,0,0,1,1,0,0,0,0,0,1,0,0
0.4358,1200,963.786044785892,961.538461538444,0.482271092599838,0.900000000000006,0,4,6,0,0,1,1,0,0,0,0,0,1,0,0
0.4359,1200,963.861341775827,961.538461538444,0.48231878490753,0.950000000000017,0,4,6,0,0,1,1,0,0,0,0,0,1,0,0
0.436,1200,963.936760523286,961.538461538444,0.482366477215222,0,1,4,6,0,0,1,1,0,0,0,0,1,1,0,0
0.4361,1200,964.012300723877,961.538461538444,0.482414169522914,0.0499999999999829,1,4,6,0,0,1,1,0,0,0,0,1,1,0,0
0.4362,1200,964.087962073966,961.538461538444,0.482461861830607,0.100000000000023,1,4,6,0,0,1,1,0,0,0,0,1,1,0,0
0.4363,1200,964.16374427068,961.538461538444,0.482509554138299,0.150000000000006,1,4,6,0,0,1,1,0,0,0,0,1,1,0,0
0.4364,1200,964.239647011902,961.538461538444,0.482557246445992,0.200000000000017,1,4,6,0,0,1,1,0,0,0,0,1,1,0,0
0.4365,1200,964.315669996271,961.538461538444,0.482604938753684,0.25,1,4,6,0,0,1,1,0,0,0,0,1,1,0,0
0.4366,1200,964.39181292318,961.538461538444,0.482652631061376,0.299999999999983,1,4,6,0,0,1,1,0,0,0,0,1,1,0,0
0.4367,1200,964.468075492771,961.538461538444,0.482700323369068,0.350000000000023,1,4,6,0,0,1,1,0,0,0,0,1,1,0,0
0.4368,1200,964.544457405938,961.538461538444,0.482748015676761,0.400000000000006,1,4,6,0,0,1,1,0,0,0,0,1,1,0,0
0.4369,1200,964.620958364322,961.538461538444,0.482795707984453,0.450000000000017,1,4,6,0,0,1,1,0,0,0,0,1,1,0,0
0.437,1200,964.69757807031,961.538461538444,0.482843400292145,0.5,0,4,6,0,0,1,1,0,0,0,0,0,1,0,0
0.4371,1200,964.774316227033,961.538461538444,0.482891092599838,0.549999999999983,0,4,6,0,0,1,1,0,0,0,0,0,1,0,0
0.4372,1200,964.851172538364,961.538461538444,0.48293878490753,0.600000000000023,0,4,6,0,0,1,1,0,0,0,0,0,1,0,0
0.4373,1200,964.928146708918,961.538461538444,0.482986477215222,0.650000000000006,0,4,6,0,0,1,1,0,0,0,0,0,1,0,0
0.4374,1200,965.005238444044,961.538461538444,0.483034169522915,0.700000000000017,0,4,6,0,0,1,1,0,0,0,0,0,1,0,0
0.4375,1200,965.082447449833,961.538461538444,0.483081861830607,0.75,0,4,6,0,0,1,1,0,0,0,0,0,1,0,0
0.4376,1200,965.159773433107,961.538461538444,0.483129554138299,0.799999999999983,0,4,6,0,0,1,1,0,0,0,0,0,1,0,0
0.4377,1200,965.237216101424,961.538461538444,0.483177246445992,0.850000000000023,0,4,6,0,0,1,1,0,0,0,0,0,1,0,0
0.4378,1200,965.314775163069,961.538461538444,0.483224938753684,0.900000000000006,0,4,6,0,0,1,1,0,0,0,0,0,1,0,0
0.4379,1200,965.39245032706,961.538461538444,0.483272631061376,0.950000000000017,0,4,6,0,0,1,1,0,0,0,0,0,1,0,0
0.438,1200,965.470241303142,961.538461538444,0.483320323369069,0,1,4,6,0,0,1,1,0,0,0,0,1,1,0,0
0.4381,1200,965.548147801783,961.538461538444,0.483368015676761,0.0499999999999829,1,4,6,0,0,1,1,0,0,0,0,1,1,0,0
0.4382,1200,965.626169534177,961.538461538444,0.483415707984453,0.100000000000023,1,4,6,0,0,1,1,0,0,0,0,1,1,0,0
0.4383,1200,965.704306212241,961.538461538465,0.48346340029214,0.150000000000006,1,5,4,0,0,1,0,1,0,0,0,1,0,1,0
0.4384,1200,965.782557548609,961.538461538465,0.483511092599832,0.200000000000017,1,5,4,0,0,1,0,1,0,0,0,1,0,1,0
0.4385,1200,965.860923256636,961.538461538465,0.483558784907524,0.25,1,5,4,0,0,1,0,1,0,0,0,1,0,1,0
0.4386,1200,965.939403050394,961.538461538465,0.483606477215217,0.299999999999983,1,5,4,0,0,1,0,1,0,0,0,1,0,1,0
0.4387,1200,966.017996644667,961.538461538465,0.483654169522909,0.350000000000023,1,5,4,0,0,1,0,1,0,0,0,1,0,1,0
0.4388,1200,966.096703754954,961.538461538465,0.483701861830601,0.400000000000006,1,5,4,0,0,1,0,1,0,0,0,1,0,1,0
0.4389,1200,966.175524097465,961.538461538465,0.483749554138294,0.450000000000017,1,5,4,0,0,1,0,1,0,0,0,1,0,1,0
0.439,1200,966.254457389121,961.538461538465,0.483797246445986,0.5,0,5,4,0,0,1,0,1,0,0,0,0,0,1,0
0.4391,1200,966.333503347547,961.538461538465,0.483844938753678,0.549999999999983,0,5,4,0,0,1,0,1,0,0,0,0,0,1,0
0.4392,1200,966.412661691077,961.538461538465,0.483892631061371,0.600000000000023,0,5,4,0,0,1,0,1,0,0,0,0,0,1,0
0.4393,1200,966.491932138748,961.538461538465,0.483940323369063,0.650000000000006,0,5,4,0,0,1,0,1,0,0,0,0,0,1,0
0.4394,1200,966.5713144103,961.538461538465,0.483988015676755,0.700000000000017,0,5,4,0,0,1,0,1,0,0,0,0,0,1,0
0.4395,1200,966.650808226173,961.538461538465,0.484035707984448,0.75,0,5,4,0,0,1,0,1,0,0,0,0,0,1,0
0.4396,1200,966.730413307507,961.538461538465,0.48408340029214,0.799999999999983,0,5,4,0,0,1,0,1,0,0,0,0,0,1,0
0.4397,1200,966.810129376137,961.538461538465,0.484131092599832,0.850000000000023,0,5,4,0,0,1,0,1,0,0,0,0,0,1,0
0.4398,1200,966.889956154596,961.538461538465,0.484178784907525,0.900000000000006,0,5,4,0,0,1,0,1,0,0,0,0,0,1,0
0.4399,1200,966.969893366108,961.538461538465,0.484226477215217,0.950000000000017,0,5,4,0,0,1,0,1,0,0,0,0,0,1,0
0.44,1200,967.049940734592,961.538461538465,0.484274169522909,0,1,5,4,0,0,1,0,1,0,0,0,1,0,1,0
0.4401,1200,967.130097984654,961.538461538465,0.484321861830602,0.0499999999999829,1,5,4,0,0,1,0,1,0,0,0,1,0,1,0
0.4402,1200,967.210364841591,961.538461538465,0.484369554138294,0.100000000000023,1,5,4,0,0,1,0,1,0,0,0,1,0,1,0
0.4403,1200,967.290741031386,961.538461538465,0.484417246445986,0.150000000000006,1,5,4,0,0,1,0,1,0,0,0,1,0,1,0
0.4404,1200,967.371226280707,961.538461538465,0.484464938753679,0.200000000000017,1,5,4,0,0,1,0,1,0,0,0,1,0,1,0
0.4405,1200,967.451820316904,961.538461538465,0.484512631061371,0.25,1,5,4,0,0,1,0,1,0,0,0,1,0,1,0
0.4406,1200,967.532522868011,961.538461538465,0.484560323369063,0.299999999999983,1,5,4,0,0,1,0,1,0,0,0,1,0,1,0
0.4407,1200,967.613333662739,961.538461538465,0.484608015676755,0.350000000000023,1,5,4,0,0,1,0,1,0,0,0,1,0,1,0
0.4408,1200,967.694252430482,961.538461538465,0.484655707984448,0.400000000000006,1,5,4,0,0,1,0,1,0,0,0,1,0,1,0
0.4409,1200,967.775278901304,961.538461538465,0.48470340029214,0.450000000000017,1,0,5,1,0,0,0,1,0,1,0,0,0,1,0
0.441,1200,967.85641280595,961.538461538465,0.484751092599833,0.5,0,0,5,1,0,0,0,1,0,0,0,0,0,1,0
0.4411,1200,967.937653875834,961.538461538465,0.484798784907525,0.549999999999983,0,0,5,1,0,0,0,1,0,0,0,0,0,1,0
0.4412,1200,968.019001843043,961.538461538465,0.484846477215217,0.600000000000023,0,0,5,1,0,0,0,1,0,0,0,0,0,1,0
0.4413,1200,968.100456440335,961.538461538465,0.484894169522909,0.650000000000006,0,0,5,1,0,0,0,1,0,0,0,0,0,1,0
0.4414,1200,968.182017401133,961.538461538465,0.484941861830602,0.700000000000017,0,0,5,1,0,0,0,1,0,0,0,0,0,1,0
0.4415,1200,968.263684459529,961.538461538465,0.484989554138294,0.75,0,0,5,1,0,0,0,1,0,0,0,0,0,1,0
0.4416,1200,968.345457350279,961.538461538465,0.485037246445987,0.799999999999983,0,0,5,1,0,0,0,1,0,0,0,0,0,1,0
0.4417,1200,968.427335808802,961.538461538465,0.485084938753679,0.850000000000023,0,0,5,1,0,0,0,1,0,0,0,0,0,1,0
0.4418,1200,968.509319571179,961.538461538465,0.485132631061371,0.900000000000006,0,0,5,1,0,0,0,1,0,0,0,0,0,1,0
0.4419,1200,968.59140837415,961.538461538465,0.485180323369063,0.950000000000017,0,0,5,1,0,0,0,1,0,0,0,0,0,1,0
0.442,1200,968.673601955114,961.538461538465,0.485228015676756,0,1,0,5,1,0,0,0,1,0,1,0,0,0,1,0
0.4421,1200,968.755900052125,961.538461538465,0.485275707984448,0.0499999999999829,1,0,5,1,0,0,0,1,0,1,0,0,0,1,0
0.4422,1200,968.838302403893,961.538461538465,0.48532340029214,0.100000000000023,1,0,5,1,0,0,0,1,0,1,0,0,0,1,0
0.4423,1200,968.920808749783,961.538461538465,0.485371092599833,0.150000000000006,1,0,5,1,0,0,0,1,0,1,0,0,0,1,0
0.4424,1200,969.003418829807,961.538461538465,0.485418784907525,0.200000000000017,1,0,5,1,0,0,0,1,0,1,0,0,0,1,0
0.4425,1200,969.086132384631,961.538461538465,0.485466477215217,0.25,1,0,5,1,0,0,0,1,0,1,0,0,0,1,0
0.4426,1200,969.168949155569,961.538461538465,0.48551416952291,0.299999999999983,1,0,5,1,0,0,0,1,0,1,0,0,0,1,0
0.4427,1200,969.251868884579,961.538461538465,0.485561861830602,0.350000000000023,1,0,5,1,0,0,0,1,0,1,0,0,0,1,0
0.4428,1200,969.334891314266,961.538461538465,0.485609554138294,0.400000000000006,1,0,5,1,0,0,0,1,0,1,0,0,0,1,0
0.4429,1200,969.41801618788,961.538461538465,0.485657246445987,0.450000000000017,1,0,5,1,0,0,0,1,0,1,0,0,0,1,0
0.443,1200,969.501243249309,961.538461538465,0.485704938753679,0.5,0,0,5,1,0,0,0,1,0,0,0,0,0,1,0
0.4431,1200,969.584572243084,961.538461538465,0.485752631061371,0.549999999999983,0,0,5,1,0,0,0,1,0,0,0,0,0,1,0
0.4432,1200,969.668002914376,961.538461538465,0.485800323369064,0.600000000000023,0,0,5,1,0,0,0,1,0,0,0,0,0,1,0
0.4433,1200,969.751535008989,961.538461538465,0.485848015676756,0.650000000000006,0,0,5,1,0,0,0,1,0,0,0,0,0,1,0
0.4434,1200,969.835168273365,961.538461538465,0.485895707984448,0.700000000000017,0,0,5,1,0,0,0,1,0,0,0,0,0,1,0
0.4435,1200,969.918902454581,961.538461538465,0.485943400292141,0.75,0,1,1,1,0,0,0,0,1,0,0,0,0,0,1
0.4436,1200,970.002737300343,961.538461538465,0.485991092599833,0.800000000000011,0,1,1,1,0,0,0,0,1,0,0,0,0,0,1
0.4437,1200,970.086672558991,961.538461538465,0.486038784907525,0.849999999999994,0,1,1,1,0,0,0,0,1,0,0,0,0,0,1
0.4438,1200,970.170707979492,961.538461538465,0.486086477215218,0.900000000000006,0,1,1,1,0,0,0,0,1,0,0,0,0,0,1
0.4439,1200,970.254843311443,961.538461538465,0.48613416952291,0.950000000000017,0,1,1,1,0,0,0,0,1,0,0,0,0,0,1
0.444,1200,970.339078305063,961.538461538465,0.486181861830602,0,1,1,1,1,0,0,0,0,1,1,0,0,0,0,1
0.4441,1200,970.423412711199,961.538461538465,0.486229554138295,0.0500000000000114,1,1,1,1,0,0,0,0,1,1,0,0,0,0,1
0.4442,1200,970.50784628132,961.538461538465,0.486277246445987,0.0999999999999943,1,1,1,1,0,0,0,0,1,1,0,0,0,0,1
0.4443,1200,970.592378767516,961.538461538465,0.486324938753679,0.150000000000006,1,1,1,1,0,0,0,0,1,1,0,0,0,0,1
0.4444,1200,970.677009922496,961.538461538465,0.486372631061372,0.200000000000017,1,1,1,1,0,0,0,0,1,1,0,0,0,0,1
0.4445,1200,970.761739499589,961.538461538465,0.486420323369064,0.25,1,1,1,1,0,0,0,0,1,1,0,0,0,0,1
0.4446,1200,970.846567252739,961.538461538465,0.486468015676756,0.300000000000011,1,1,1,1,0,0,0,0,1,1,0,0,0,0,1
0.4447,1200,970.931492936506,961.538461538465,0.486515707984449,0.349999999999994,1,1,1,1,0,0,0,0,1,1,0,0,0,0,1
0.4448,1200,971.016516306063,961.538461538465,0.486563400292141,0.400000000000006,1,1,1,1,0,0,0,0,1,1,0,0,0,0,1
0.4449,1200,971.101637117197,961.538461538465,0.486611092599833,0.450000000000017,1,1,1,1,0,0,0,0,1,1,0,0,0,0,1
0.445,1200,971.186855126303,961.538461538465,0.486658784907526,0.5,0,1,1,1,0,0,0,0,1,0,0,0,0,0,1
0.4451,1200,971.272170090386,961.538461538465,0.486706477215218,0.550000000000011,0,1,1,1,0,0,0,0,1,0,0,0,0,0,1
0.4452,1200,971.357581767059,961.538461538465,0.48675416952291,0.599999999999994,0,1,1,1,0,0,0,0,1,0,0,0,0,0,1
0.4453,1200,971.44308991454,961.538461538465,0.486801861830603,0.650000000000006,0,1,1,1,0,0,0,0,1,0,0,0,0,0,1
0.4454,1200,971.528694291653,961.538461538465,0.486849554138295,0.700000000000017,0,1,1,1,0,0,0,0,1,0,0,0,0,0,1
0.4455,1200,971.614394657823,961.538461538465,0.486897246445987,0.75,0,1,1,1,0,0,0,0,1,0,0,0,0,0,1
0.4456,1200,971.700190773077,961.538461538465,0.48694493875368,0.800000000000011,0,1,1,1,0,0,0,0,1,0,0,0,0,0,1
0.4457,1200,971.786082398043,961.538461538465,0.486992631061372,0.849999999999994,0,1,1,1,0,0,0,0,1,0,0,0,0,0,1
0.4458,1200,971.872069293947,961.538461538465,0.487040323369064,0.900000000000006,0,1,1,1,0,0,0,0,1,0,0,0,0,0,1
0.4459,1200,971.958151222611,961.538461538465,0.487088015676757,0.950000000000017,0,1,1,1,0,0,0,0,1,0,0,0,0,0,1
0.446,1200,972.044327946454,999.999999999999,0.475589554138296,0,1,2,3,0,1,0,0,0,1,0,1,0,0,0,1
0.4461,1200,972.055549228486,999.999999999999,0.475629554138296,0.0500000000000114,1,2,3,0,1,0,0,0,1,0,1,0,0,0,1
0.4462,1200,972.067002457314,999.999999999999,0.475669554138296,0.0999999999999943,1,2,3,0,1,0,0,0,1,0,1,0,0,0,1
0.4463,1200,972.07868705307,999.999999999999,0.475709554138296,0.150000000000006,1,2,3,0,1,0,0,0,1,0,1,0,0,0,1
0.4464,1200,972.090602437336,999.999999999999,0.475749554138297,0.200000000000017,1,2,3,0,1,0,0,0,1,0,1,0,0,0,1
0.4465,1200,972.102748033142,999.999999999999,0.475789554138296,0.25,1,2,3,0,1,0,0,0,1,0,1,0,0,0,1
0.4466,1200,972.115123264958,999.999999999999,0.475829554138297,0.300000000000011,1,2,3,0,1,0,0,0,1,0,1,0,0,0,1
0.4467,1200,972.127727558694,999.999999999999,0.475869554138297,0.349999999999994,1,2,3,0,1,0,0,0,1,0,1,0,0,0,1
0.4468,1200,972.140560341696,999.999999999999,0.475909554138297,0.400000000000006,1,2,3,0,1,0,0,0,1,0,1,0,0,0,1
0.4469,1200,972.153621042741,999.999999999999,0.475949554138297,0.450000000000017,1,2,3,0,1,0,0,0,1,0,1,0,0,0,1
0.447,1200,972.166909092033,999.999999999999,0.475989554138297,0.5,0,2,3,0,1,0,0,0,1,0,0,0,0,0,1
0.4471,1200,972.180423921202,999.999999999999,0.476029554138297,0.550000000000011,0,2,3,0,1,0,0,0,1,0,0,0,0,0,1
0.4472,1200,972.194164963298,999.999999999999,0.476069554138297,0.599999999999994,0,2,3,0,1,0,0,0,1,0,0,0,0,0,1
0.4473,1200,972.208131652789,999.999999999999,0.476109554138297,0.650000000000006,0,2,3,0,1,0,0,0,1,0,0,0,0,0,1
0.4474,1200,972.222323425555,999.999999999999,0.476149554138297,0.700000000000017,0,2,3,0,1,0,0,0,1,0,0,0,0,0,1
0.4475,1200,972.23673971889,999.999999999999,0.476189554138297,0.75,0,2,3,0,1,0,0,0,1,0,0,0,0,0,1
0.4476,1200,972.251379971492,999.999999999999,0.476229554138297,0.800000000000011,0,2,3,0,1,0,0,0,1,0,0,0,0,0,1
0.4477,1200,972.266243623462,999.999999999999,0.476269554138297,0.849999999999994,0,2,3,0,1,0,0,0,1,0,0,0,0,0,1
0.4478,1200,972.281330116303,999.999999999999,0.476309554138297,0.900000000000006,0,2,3,0,1,0,0,0,1,0,0,0,0,0,1
0.4479,1200,972.296638892911,999.999999999999,0.476349554138297,0.950000000000017,0,2,3,0,1,0,0,0,1,0,0,0,0,0,1
0.448,1200,972.312169397578,999.999999999999,0.476389554138297,0,1,2,3,0,1,0,0,0,1,0,1,0,0,0,1
0.4481,1200,972.327921075983,999.999999999999,0.476429554138297,0.0500000000000114,1,2,3,0,1,0,0,0,1,0,1,0,0,0,1
0.4482,1200,972.343893375192,999.999999999999,0.476469554138297,0.0999999999999943,1,2,3,0,1,0,0,0,1,0,1,0,0,0,1
0.4483,1200,972.360085743652,999.999999999999,0.476509554138297,0.150000000000006,1,2,3,0,1,0,0,0,1,0,1,0,0,0,1
0.4484,1200,972.376497631192,999.999999999999,0.476549554138297,0.200000000000017,1,2,3,0,1,0,0,0,1,0,1,0,0,0,1
0.4485,1200,972.393128489013,999.999999999999,0.476589554138297,0.25,1,2,3,0,1,0,0,0,1,0,1,0,0,0,1
0.4486,1200,972.40997776969,961.538461538465,0.48817570798445,0.300000000000011,1,3,2,0,1,0,1,0,0,0,1,0,1,0,0
0.4487,1200,972.502094927164,961.538461538465,0.488223400292142,0.349999999999994,1,3,2,0,1,0,1,0,0,0,1,0,1,0,0
0.4488,1200,972.594291791745,961.538461538465,0.488271092599834,0.400000000000006,1,3,2,0,1,0,1,0,0,0,1,0,1,0,0
0.4489,1200,972.686568164165,961.538461538465,0.488318784907527,0.450000000000017,1,3,2,0,1,0,1,0,0,0,1,0,1,0,0
0.449,1200,972.778923845653,961.538461538465,0.488366477215219,0.5,0,3,2,0,1,0,1,0,0,0,0,0,1,0,0
0.4491,1200,972.871358637938,961.538461538465,0.488414169522911,0.550000000000011,0,3,2,0,1,0,1,0,0,0,0,0,1,0,0
0.4492,1200,972.963872343242,961.538461538465,0.488461861830604,0.599999999999994,0,3,2,0,1,0,1,0,0,0,0,0,1,0,0
0.4493,1200,973.056464764283,961.538461538465,0.488509554138296,0.650000000000006,0,3,2,0,1,0,1,0,0,0,0,0,1,0,0
0.4494,1200,973.149135704271,961.538461538465,0.488557246445988,0.700000000000017,0,3,2,0,1,0,1,0,0,0,0,0,1,0,0
0.4495,1200,973.241884966909,961.538461538465,0.48860493875368,0.75,0,3,2,0,1,0,1,0,0,0,0,0,1,0,0
0.4496,1200,973.334712356391,961.538461538465,0.488652631061373,0.800000000000011,0,3,2,0,1,0,1,0,0,0,0,0,1,0,0
0.4497,1200,973.427617677399,961.538461538465,0.488700323369065,0.849999999999994,0,3,2,0,1,0,1,0,0,0,0,0,1,0,0
0.4498,1200,973.520600735104,961.538461538465,0.488748015676757,0.900000000000006,0,3,2,0,1,0,1,0,0,0,0,0,1,0,0
0.4499,1200,973.613661335165,961.538461538465,0.48879570798445,0.950000000000017,0,3,2,0,1,0,1,0,0,0,0,0,1,0,0
0.45,1200,973.706799283726,961.538461538465,0.488843400292142,0,1,3,2,0,1,0,1,0,0,0,1,0,1,0,0
