time_s,ia_A,ib_A,ic_A,ea_V,eb_V,ec_V,speed_rad_s,speed_rpm,electromagnetic_torque_Nm,phase_cmd_a,phase_cmd_b,phase_cmd_c
0.0,0.0,0.0,0.0,0.0,-119.76664369760206,119.76664369760206,300.0,2864.7889756541163,0.0,0.0,-1.0,1.0
0.0005,0.0,-5.180633005975232,5.180633005975232,32.41030166482633,-119.89113751148693,119.07127325172681,299.02221616314876,2855.4518277995016,4.140082192795558,0.0,-1.0,1.0
0.001,0.0,-5.749016197461416,5.749016197461416,69.84500922805694,-119.46188373078716,120.60068580563204,298.535297283576,2850.802095005376,4.622982988032113,0.0,-1.0,1.0
0.0015,0.0,-4.081736598079754,4.081736598079754,102.70057070262291,-119.11890647434828,118.9558568596988,298.04643463814807,2846.1338006146057,3.2604264357651096,0.0,-1.0,1.0
0.002,4.973759535476417,-4.973759535476417,0.0,118.62048029983885,-118.86973211880463,102.79939738030326,297.4236523619373,2840.1866679508676,3.9715039446900224,1.0,-1.0,0.0
0.0025,5.589571494854613,-5.589571494854613,0.0,119.98392699094495,-118.81717028314233,70.07155003642998,296.93580351731555,2835.5280546446743,4.495233617677918,1.0,-1.0,0.0
0.003,4.074757596582749,-4.074757596582749,0.0,118.06347528201293,-118.85965574304284,32.934676753283,296.44828712208056,2830.872615996275,3.256569087724067,1.0,-1.0,0.0
0.0035,4.883229893718973,-4.883229893718973,0.0,118.11425142430018,-118.17037514840493,1.0243777005762247,295.931261353164,2825.9353835865377,3.8989870371588626,1.0,-1.0,0.0
0.004,5.71665497451928,-5.71665497451928,0.0,118.45218913148071,-117.61452718605344,-30.417731800851396,295.43964293322097,2821.2407734875997,4.567809366260631,1.0,-1.0,0.0
0.0045000000000000005,4.305188692011712,-4.305188692011712,0.0,118.04109051857219,-119.03722046692256,-66.81434858502968,294.941307719968,2816.482022737242,3.460576178583504,1.0,-1.0,0.0
0.005,5.077075206595295,-5.077075206595295,0.0,117.67875394201556,-117.96527240416701,-99.6239553288359,294.4382218190698,2811.6779062615747,4.063271528924192,1.0,-1.0,0.0
0.0055,4.289841915536279,0.0,-4.289841915536279,117.43186129109465,-103.56549897521772,-116.54993752692401,293.8293506644778,2805.8636150240113,3.4160812246026593,1.0,0.0,-1.0
0.006,5.157811890644303,0.0,-5.157811890644303,117.34639103042956,-72.70702401988238,-118.68199810513428,293.3250901983965,2801.0482822770514,4.150309921287759,1.0,0.0,-1.0
0.006500000000000001,5.3357076677934,0.0,-5.3357076677934,117.41266092317237,-36.26237996983557,-116.72682133309064,292.8483222573015,2796.495483805071,4.266030350381394,-1.0,0.0,1.0
0.007,4.882116387700424,0.0,-4.882116387700424,116.82712665308645,-4.568994550245286,-116.58032111370868,292.32761630578125,2791.5231082401615,3.8981001526781354,1.0,0.0,-1.0
0.0075,5.944373972191902,0.0,-5.944373972191902,116.12841329299484,25.654524282453085,-116.99160777849397,291.8422946582295,2786.88862788832,4.74829252311428,1.0,0.0,-1.0
0.008,4.769622678299278,0.0,-4.769622678299278,117.2882880028298,60.66705776519899,-116.63932408814341,291.3284049724172,2781.9813428662624,3.829858073108732,1.0,0.0,-1.0
0.0085,5.760478091419968,0.0,-5.760478091419968,117.25944985960825,94.12569281524449,-116.24945386364612,290.84421720749964,2777.3576902959876,4.624891417695398,1.0,0.0,-1.0
0.009000000000000001,0.0,4.321854071724444,-4.321854071724444,105.95636729843834,113.53972952653945,-116.0237123801106,290.30877679427005,2772.244610986188,3.4175325564697694,0.0,1.0,-1.0
0.0095,0.0,5.4594601436027785,-5.4594601436027785,78.1970930271525,117.4561477921873,-115.89719796153418,289.80658541104236,2767.449036525057,4.395977712900719,0.0,1.0,-1.0
0.01,0.0,4.3462589978951565,-4.3462589978951565,42.57953739068754,115.5628394366797,-115.96871443918499,289.31499763220575,2762.7547190271325,3.4782023315946,0.0,1.0,-1.0
0.0105,0.0,5.594818131920522,-5.594818131920522,10.570219924719089,115.03543292133648,-115.569436333841,288.813055337134,2757.9615231826792,4.467222931844184,0.0,1.0,-1.0
0.011,0.0,4.642707929865612,-4.642707929865612,-18.475070435093038,115.50783875367114,-114.72164477341205,288.30801553745823,2753.1387483480867,3.707452416359124,0.0,1.0,-1.0
0.0115,0.0,5.935291942774845,-5.935291942774845,-51.594508825714776,115.30492686057164,-115.41339990125127,287.82116783742305,2748.4896952684758,4.75774813982216,0.0,1.0,-1.0
0.012,0.0,4.925338646333698,-4.925338646333698,-85.77640214715142,114.85910271071839,-116.39774670829026,287.3117077958244,2743.624710232782,3.9643991761110176,0.0,1.0,-1.0
0.0125,0.0,4.091926951044371,-4.091926951044371,-108.8860923530813,114.62978908292247,-109.07130651207169,286.82137132418814,2738.9423418384326,3.191423769495503,0.0,1.0,-1.0
0.013000000000000001,-5.811011053965832,5.811011053965832,0.0,-115.9383718425247,114.4210976829586,-85.89581545907839,286.22033109003183,2733.2028303826473,4.676891465747134,-1.0,1.0,0.0
0.0135,-4.896527680421761,4.896527680421761,0.0,-114.60694086604533,114.45547007481537,-51.92472290237458,285.7150760676444,2728.37800032255,3.9256256657962356,-1.0,1.0,0.0
0.014,-4.09642979738313,4.09642979738313,0.0,-113.49097544123421,114.28555272485886,-19.152466296126192,285.2288884171846,2723.7352502520944,3.271304538267258,-1.0,1.0,0.0
0.0145,-5.61949347244043,5.61949347244043,0.0,-113.90508295859541,113.43058258707465,9.227559704658391,284.7203976892165,2718.879521479744,4.486897668572547,-1.0,1.0,0.0
0.015,-4.904814251821918,4.904814251821918,0.0,-113.93404251891671,113.44609998216951,39.87514568150135,284.21353973375733,2714.0393845363374,3.924012081075961,-1.0,1.0,0.0
0.0155,-4.136058156343146,4.136058156343146,0.0,-113.4827466665146,114.93074720884428,73.99831561182242,283.729751239421,2709.41954471926,3.329687811148208,-1.0,1.0,0.0
0.016,-5.66575595779075,5.66575595779075,0.0,-113.19432876018287,111.73439536569406,101.3904956068048,283.22814700874824,2704.6295771520176,4.499521930477822,-1.0,1.0,0.0
0.0165,-4.679233974101583,0.0,4.679233974101583,-112.98885932056284,94.79685713909657,113.44159804541198,282.70106810569206,2699.5963443827673,3.747849613649537,-1.0,0.0,1.0
0.017,-4.277115847967411,0.0,4.277115847967411,-112.94862915118962,64.21831518860544,113.91897603164068,282.222851779678,2695.029714853624,3.4382014900600906,1.0,0.0,-1.0
0.0175,-5.616309384008428,0.0,5.616309384008428,-112.95158517369643,30.730348977533062,112.1830686893801,281.7137521845916,2690.168171828579,4.48833562206852,-1.0,0.0,1.0
0.018000000000000002,-5.088965832881113,0.0,5.088965832881113,-112.31600659662409,1.9031588245614026,112.21195088289402,281.20678605058924,2685.327001856179,4.063255799005839,-1.0,0.0,1.0
0.0185,-4.589927371080115,0.0,4.589927371080115,-111.7125806516638,-26.24981286321349,112.53675912560819,280.7081590438947,2680.565464683706,3.666755487607307,-1.0,0.0,1.0
0.019,-4.076190226067776,0.0,4.076190226067776,-112.84003803440588,-58.779627423530556,112.18841049543045,280.2203976501406,2675.907686471785,3.273347587029427,-1.0,0.0,1.0
0.0195,-5.782551321843212,0.0,5.782551321843212,-112.86318225652107,-89.81401443467664,111.80581191636082,279.7227325356513,2671.1553346932624,4.6444562351256256,-1.0,0.0,1.0
0.02,0.0,-3.441932245595046,3.441932245595046,-103.06735017659197,-108.47601904798307,111.56685862495674,279.1573290224583,2665.756128855291,2.713067497558292,0.0,-1.0,1.0
0.0205,0.0,-5.332117567350096,5.332117567350096,-78.49572295690145,-112.95703642415076,111.40678284937685,278.6234687124163,2660.658138419466,4.293731133829741,0.0,-1.0,1.0
0.021,0.0,-4.8853141181462645,4.8853141181462645,-45.737112196523405,-111.31407092556736,111.45300421025372,278.12715228530817,2655.9186656567476,3.9129122355619224,0.0,-1.0,1.0
0.021500000000000002,0.0,-4.553451658356696,4.553451658356696,-15.315651295522551,-110.49640528850406,111.19295622201687,277.6298826049048,2651.1700899955927,3.6359623155071885,0.0,-1.0,1.0
0.022,0.0,-4.269290008404499,4.269290008404499,11.44976296627663,-110.92351811868663,110.3579770769661,277.13362319964244,2646.4311617513913,3.408878596456163,0.0,-1.0,1.0
0.0225,0.0,-4.003380644844195,4.003380644844195,40.854376789371685,-110.88726773084169,110.5058902501834,276.6399494321726,2641.7169245293344,3.2038795748098545,0.0,-1.0,1.0
0.023,0.0,-5.973101282900401,5.973101282900401,73.17036831133422,-110.44126531652736,111.88923271564698,276.1435746725992,2636.9768947326047,4.809101876074319,0.0,-1.0,1.0
0.0235,0.0,-5.709703130550413,5.709703130550413,98.85519097454059,-110.16158159560257,108.66219327924262,275.6399272338636,2632.167415965584,4.532793216788608,0.0,-1.0,1.0
0.024,5.092439090480811,-5.092439090480811,0.0,110.31761414546945,-109.96244137001784,92.68090161793683,275.13031964093045,2627.3010219184353,4.077205184162731,1.0,-1.0,0.0
0.0245,4.840591485108762,-4.840591485108762,0.0,110.93164093503401,-109.90079440453755,63.96149255770724,274.6364226405058,2622.5846529786854,3.8922718110838868,1.0,-1.0,0.0
0.025,4.673667518104317,-4.673667518104317,0.0,109.2184708157776,-109.91486442071964,32.096741937173,274.1402436281514,2617.846492430205,3.735884733574049,1.0,-1.0,0.0
0.025500000000000002,4.595173936492118,-4.595173936492118,0.0,109.12298963333366,-109.36347559269106,4.457735026695243,273.64003054809734,2613.069809372816,3.668992831465319,1.0,-1.0,0.0
0.026000000000000002,4.550686121265738,-4.550686121265738,0.0,109.47849356279025,-108.67552071737332,-21.881564442537158,273.1392722387858,2608.28791975954,3.634594311341865,1.0,-1.0,0.0
0.0265,4.505440513237184,-4.505440513237184,0.0,109.1962296626111,-109.50591411681688,-52.162595469245474,272.64045823340496,2603.52459688115,3.614098601874084,1.0,-1.0,0.0
0.027,4.402480399170051,-4.402480399170051,0.0,108.79227995664512,-110.1983311635513,-82.54997697781667,272.1480637933399,2598.8225763359105,3.5425637780434203,1.0,-1.0,0.0
0.0275,4.488938580009569,-4.488938580009569,0.0,108.5635140315603,-103.40662309150767,-103.01376634388247,271.642617674011,2593.995921434442,3.5028411023617294,1.0,-1.0,0.0
0.028,4.6868242425415385,0.0,-4.6868242425415385,108.36022156107339,-83.07460157143166,-109.71694750433107,271.0745446179931,2588.5712233402883,3.770510300629401,1.0,0.0,-1.0
0.0285,4.675887055199373,0.0,-4.675887055199373,108.36131127657933,-52.95432254840563,-108.74483782580643,270.58077222414283,2583.8560443056726,3.7517959012663784,1.0,0.0,-1.0
0.029,4.779781889887179,0.0,-4.779781889887179,108.26268597113607,-22.934590829885476,-107.46392256391509,270.08082540504313,2579.081903853106,3.8178428072271604,1.0,0.0,-1.0
0.029500000000000002,4.947940629043748,0.0,-4.947940629043748,107.54348074825947,2.8793324061771015,-107.7002550070874,269.57886923642013,2574.2885755259963,3.950655436413389,1.0,0.0,-1.0
0.03,5.143570006091934,0.0,-5.143570006091934,107.1496348945477,29.273465407548173,-107.88525254205871,269.0779197800557,2569.504860592821,4.110508205899491,1.0,0.0,-1.0
0.0305,5.318654437573716,0.0,-5.318654437573716,108.32802092933954,59.52043498512989,-107.50190998383162,268.5808779992681,2564.7584612126884,4.274037780961065,1.0,0.0,-1.0
0.031,5.455521301376891,0.0,-5.455521301376891,107.98410636812261,87.50254484691484,-107.15259486467214,268.0885905268748,2560.0574621334713,4.377966454957399,1.0,0.0,-1.0
0.0315,0.0,3.799166327124263,-3.799166327124263,98.51741695960627,104.11737379753468,-106.91817338239966,267.5255671363538,2554.680984792805,2.996944005219529,0.0,1.0,-1.0
0.032,0.0,4.099631779375995,-4.099631779375995,75.98725552922267,108.25045535223632,-106.76269322140895,267.018265917374,2549.836614994574,3.301177669803952,0.0,1.0,-1.0
0.0325,0.0,4.34617078812176,-4.34617078812176,45.970648413405016,106.77602917723898,-106.78489431262045,266.51810090137224,2545.060390915075,3.4825861508724048,0.0,1.0,-1.0
0.033,0.0,4.706445853527206,-4.706445853527206,17.625040294042154,105.8465751943891,-106.58330498835225,266.01342195345416,2540.2410619609404,3.758418358778464,0.0,1.0,-1.0
0.0335,0.0,5.117864687043736,-5.117864687043736,-7.053819823931894,106.18359720842003,-105.81315248857949,265.51103774657673,2535.44364616959,4.08634868158626,0.0,1.0,-1.0
0.034,0.0,5.551688793523618,-5.551688793523618,-33.27782588403369,106.2518244153043,-105.64626936118054,265.01390027032335,2530.696332965072,4.438983281208898,0.0,1.0,-1.0
0.0345,0.0,5.9530608188201946,-5.9530608188201946,-62.89277098651022,105.84453191972484,-106.91007898520631,264.5249144768558,2526.0268625971485,4.7879843027500355,0.0,1.0,-1.0
0.035,0.0,4.013441529474617,-4.013441529474617,-89.00982179851077,105.52642771327685,-105.85315021172012,264.0314602592475,2521.314721921834,3.213100346807197,0.0,1.0,-1.0
0.035500000000000004,-4.863594307998657,4.863594307998657,0.0,-103.53116106990365,105.28882792690358,-95.18843733513022,263.4480625096101,2515.743683783225,3.8550889317858084,-1.0,1.0,0.0
0.036000000000000004,-5.365577104543679,5.365577104543679,0.0,-106.59114558432599,105.15071256671546,-72.16663721718389,262.95185375275497,2511.005239195686,4.3206284723020705,-1.0,1.0,0.0
0.0365,-5.861681395587596,5.861681395587596,0.0,-105.03079497324195,105.17881867515106,-42.86032963978374,262.46473626601374,2506.353609842804,4.694656505198468,-1.0,1.0,0.0
0.037,-4.130101803212054,4.130101803212054,0.0,-104.24843170683789,104.93794830797887,-15.679074427204787,261.9645729053975,2501.5774015710726,3.2980071912952766,-1.0,1.0,0.0
0.0375,-4.7852714301748165,4.7852714301748165,0.0,-104.5902184248343,104.16798074873918,8.174737843213396,261.45389862064684,2496.7008213673935,3.820806083176752,-1.0,1.0,0.0
0.038,-5.459895074984801,5.459895074984801,0.0,-104.62165243838638,104.06016296950838,33.76947925620184,260.9550078699042,2491.9367656247823,4.366196400999807,-1.0,1.0,0.0
0.0385,-5.4056253298765595,5.4056253298765595,0.0,-104.21758053432848,105.29914034468852,62.52219968524836,260.4701223783257,2487.3064502556863,4.348172001744086,1.0,-1.0,0.0
0.039,-4.393489671959329,4.393489671959329,0.0,-103.90133183159045,104.20074975746597,87.74473598377998,259.96574134447286,2482.4899661713175,3.516980127636329,-1.0,1.0,0.0
0.0395,-5.201170724949285,0.0,5.201170724949285,-103.67800689127847,93.90415011913528,101.86336470425144,259.4176433022765,2477.256015408445,4.120983257345054,-1.0,0.0,1.0
0.04,-5.94145755961299,0.0,5.94145755961299,-103.53889311890889,71.75968303366497,104.96823827799898,258.9306908767457,2472.6059622740163,4.78443195697137,-1.0,0.0,1.0
0.0405,-4.333617739633139,0.0,4.333617739633139,-103.55324394900497,43.38411637544591,103.47476258580441,258.42981777326725,2467.822976457194,3.4716591508309396,-1.0,0.0,1.0
0.041,-5.177106434719777,0.0,5.177106434719777,-103.33894128384368,16.830151932979536,102.62954943664356,257.9244007271186,2462.9965991841464,4.1342377675492274,-1.0,0.0,1.0
0.0415,-5.635703278119088,0.0,5.635703278119088,-102.60666738057137,-6.361519282787004,102.94270242703993,257.436442387241,2458.33694027528,4.499810696954693,1.0,0.0,-1.0
0.042,-4.628661547040172,0.0,4.628661547040172,-102.38020651300609,-30.86864689300026,103.01083693259893,256.9231954240313,2453.4357928019763,3.7002716836605525,-1.0,0.0,1.0
0.0425,-5.521506203536673,0.0,5.521506203536673,-103.52061621265327,-58.62014220965377,102.62271718391865,256.4271047519529,2448.698475840993,4.4387729419942765,-1.0,0.0,1.0
0.043000000000000003,-4.028441529104454,0.0,4.028441529104454,-103.03983075900501,-83.88845770387073,102.29693700560362,255.9417318445168,2444.0635059933124,3.2319354751320426,-1.0,0.0,1.0
0.043500000000000004,-0.12105516297766172,-4.561254851528403,4.682310014506065,-94.51237412781882,-99.12749735213754,102.08762109206545,255.43885460062185,2439.2613820452543,3.6861771915608235,0.0,-1.0,1.0
0.044,0.0,-5.644285578771533,5.644285578771533,-74.5164197477785,-103.32947427305712,101.92501404892076,254.94163578785503,2434.5132921342465,4.5442359575111,0.0,-1.0,1.0
0.0445,0.0,-4.245178307796272,4.245178307796272,-47.38500559435285,-102.1277140761246,101.92119665090027,254.44920013358868,2429.8108780223756,3.4043102084543664,0.0,-1.0,1.0
0.045,0.0,-5.31538939714314,5.31538939714314,-20.997005603679767,-101.04031843742193,101.78994220151687,253.9438346924027,2424.984993540422,4.245512863605857,0.0,-1.0,1.0
0.0455,0.0,-4.0686691410194396,4.0686691410194396,1.8164473830223482,-101.2331861433137,101.13390506078613,253.45172898202696,2420.285730160619,3.248605730357337,0.0,-1.0,1.0
0.046,0.0,-5.226429489016768,5.226429489016768,24.907855387143844,-101.40963101256058,100.67785297168486,252.94051117293603,2415.403959681813,4.175669530984464,0.0,-1.0,1.0
0.0465,0.0,-4.0007670261572805,4.0007670261572805,51.33300683951441,-101.08529735831094,101.5676516648234,252.45313835727708,2410.7498921173687,3.2115553860054336,0.0,1.0,-1.0
0.047,0.0,-5.107098805979238,5.107098805979238,77.12953385537374,-100.71445277265887,101.98010570275405,251.94715326564025,2405.9180904094806,4.10872329435224,0.0,-1.0,1.0
0.0475,0.0,-4.02215907971494,4.02215907971494,94.771107898773,-100.49538273538859,96.26164885730235,251.4549107156576,2401.2175203076868,3.147236531853593,0.0,1.0,-1.0
0.048,5.502364274487929,-5.502364274487929,0.0,101.31665987304862,-100.28471503037319,79.77949434303893,250.89385411653134,2395.85982444137,4.421328720316171,1.0,-1.0,0.0
0.0485,4.319411309017296,-4.319411309017296,0.0,100.953212975867,-100.23245583319785,54.70008629331322,250.40268412159742,2391.169496485841,3.4704246726208745,1.0,-1.0,0.0
0.049,5.606755962760828,-5.606755962760828,0.0,99.53890193661438,-100.19771865220311,28.306989574892405,249.90333438300138,2386.4010577320887,4.481230677585646,1.0,-1.0,0.0
0.0495,4.585102492915385,-4.585102492915385,0.0,99.42409519116664,-99.7081730886585,5.327474564753587,249.3998427592743,2381.593066888797,3.660956035930655,1.0,-1.0,0.0
0.05,5.977114572684769,-5.977114572684769,0.0,99.72761467992271,-99.04100267484121,-16.346335969378195,248.90747004504922,2376.891253810047,4.773110261289215,1.0,-1.0,0.0
0.0505,5.0004535416211375,-5.0004535416211375,0.0,99.53917389625774,-99.41329631493943,-40.81607150703635,248.39602284288642,2372.0072927887636,4.005106735992755,1.0,-1.0,0.0
0.051000000000000004,4.116361515907527,-4.116361515907527,0.0,99.14375758608021,-100.4757626173832,-66.82933835231393,247.9128550334353,2367.393380075742,3.3144957758589833,-1.0,1.0,0.0
0.051500000000000004,5.388119987881685,-5.388119987881685,0.0,98.87811851339444,-97.97205148533799,-87.64951270869683,247.40608884608187,2362.554119453194,4.287090671595955,1.0,-1.0,0.0
0.052000000000000005,4.735961721373951,0.0,-4.735961721373951,98.65881837436643,-86.40355716695464,-98.12390492076706,246.85595288265594,2357.3007079760823,3.7753006726010914,1.0,0.0,-1.0
0.0525,5.014855685125042,0.0,-5.014855685125042,98.5370517591199,-64.94088193550971,-99.81801059848549,246.3733779371066,2352.6924566962934,4.03745737654861,-1.0,0.0,1.0
0.053,5.2950005317226445,0.0,-5.2950005317226445,98.534076296312,-39.081144696890085,-98.33670615958361,245.86475083115795,2347.8354256101584,4.23985501891032,1.0,0.0,-1.0
0.0535,4.4826090682549395,0.0,-4.4826090682549395,98.29717755990531,-15.248565874241173,-97.63824791538151,245.36643785322812,2343.0768871914956,3.579551966081393,1.0,0.0,-1.0
0.054,5.441257904818398,0.0,-5.441257904818398,97.60843674339294,5.70706597426876,-97.9111460428853,244.87499951053906,2338.3839967036647,4.344553251696257,-1.0,0.0,1.0
0.0545,5.370764493004728,0.0,-5.370764493004728,97.33313987415215,27.735859220148797,-97.9760067064409,244.362178899862,2333.486920597145,4.2926423161579415,1.0,0.0,-1.0
0.055,4.612714638612107,0.0,-4.612714638612107,98.28577718339578,52.700499780705584,-97.61988164200203,243.86403953249228,2328.7300400372114,3.7055766893029705,1.0,0.0,-1.0
0.0555,4.907663683894414,0.0,-4.907663683894414,98.38226831653391,76.33704704972408,-97.28503676784322,243.38219967635217,2324.128808344208,3.945519962285843,-1.0,0.0,1.0
0.056,5.627886403383896,0.0,-5.627886403383896,92.4513407507537,92.10284638091969,-97.0633098380112,242.86733715018548,2319.2122333810757,4.391561820563014,1.0,0.0,-1.0
0.0565,0.0,4.616830253011287,-4.616830253011287,76.73721091641126,97.90940269696235,-96.88004643606608,242.373870018219,2314.4999693827253,3.7104239894224924,0.0,1.0,-1.0
0.057,0.0,4.472338935166653,-4.472338935166653,53.31080144218694,97.54729483921942,-96.82161689119313,241.89136168703158,2309.892354223235,3.593694481916255,0.0,-1.0,1.0
0.0575,0.0,5.692264725954656,-5.692264725954656,28.599727238551157,96.17785603529965,-96.78181792991232,241.38580912231768,2305.064682843215,4.550298750525576,0.0,1.0,-1.0
0.058,0.0,5.1392714195078675,-5.1392714195078675,6.94751288857676,95.98404476189644,-96.34610623135337,240.87957992157908,2300.2305500651146,4.103448073228281,0.0,1.0,-1.0
0.0585,0.0,4.615118943629466,-4.615118943629466,-13.160785683350333,96.27224235357345,-95.67199215759258,240.37947740261504,2295.4549227883645,3.6851959342985996,0.0,1.0,-1.0
0.059000000000000004,0.0,4.105743029853287,-4.105743029853287,-35.52194242871543,96.15435613374423,-95.82824216151297,239.88585475128542,2290.74117368949,3.285859500224042,0.0,1.0,-1.0
0.059500000000000004,0.0,5.987602907336524,-5.987602907336524,-59.89534467687017,95.76596027564109,-96.88237453915613,239.39141513032334,2286.019623105294,4.818475754457026,0.0,1.0,-1.0
0.06,0.0,5.457551422154298,-5.457551422154298,-80.85690083656498,95.47705197881442,-95.70330268598019,238.88852168660551,2281.2173444603222,4.367629759363675,0.0,1.0,-1.0
0.0605,-5.19198814084817,5.19198814084817,0.0,-93.05354239985688,95.25832601014149,-87.28704376225707,238.35074442409066,2276.081949883622,4.101992590491163,-1.0,1.0,0.0
0.061,-4.7809965034037765,4.7809965034037765,0.0,-96.40240051774329,95.09221688667719,-69.52852508092104,237.85106920573136,2271.3104030270783,3.849194789363247,-1.0,1.0,0.0
0.0615,-4.325706748899369,4.325706748899369,0.0,-95.36623469593845,95.0618656720973,-45.95479099983466,237.36124322278332,2266.6329094406165,3.4703901435541162,-1.0,1.0,0.0
0.062,-4.181064455613548,4.181064455613548,0.0,-94.27211882125503,94.96362225579583,-22.682179380955223,236.8685103570185,2261.927657167998,3.3402786615933233,1.0,-1.0,0.0
0.0625,-5.586498993042122,5.586498993042122,0.0,-94.29598375722387,94.4305679010497,-2.4710649250848884,236.36781217826015,2257.146341759208,4.460508734599305,1.0,-1.0,0.0
0.063,-5.815069920177929,5.815069920177929,0.0,-94.51965885904556,93.84311311066058,17.106444771091788,235.86121118559808,2252.3086586297622,4.644013671669194,-1.0,1.0,0.0
0.0635,-5.549660689470569,5.549660689470569,0.0,-94.31008872765076,94.22238637904891,39.228866683873214,235.3571690634247,2247.495410913537,4.445546613055506,-1.0,1.0,0.0
0.064,-5.25022197389356,5.25022197389356,0.0,-93.92763704049734,95.17020558523816,62.59880720863856,234.8590953464023,2242.739157268241,4.227239516124242,-1.0,1.0,0.0
0.0645,-4.979441223209234,4.979441223209234,0.0,-93.66605986416108,93.2568123099751,81.72186704179579,234.3629754069729,2238.001560824642,3.971495299751477,-1.0,1.0,0.0
0.065,-4.56456421706551,0.0,4.56456421706551,-93.46761195569054,83.9259863899584,92.17281686860788,233.8692816389147,2233.287132611035,3.6232533521028762,-1.0,0.0,1.0
0.0655,-4.374141125228236,0.0,4.374141125228236,-93.31323570363301,65.86468839347002,94.612302625078,233.37378097091064,2228.555449773944,3.522301529608124,-1.0,0.0,1.0
0.066,-4.169603223163659,0.0,4.169603223163659,-93.28609285782451,42.92153283803259,93.44694877720349,232.8822046109345,2223.8612413181045,3.343332710085521,-1.0,0.0,1.0
0.0665,-4.054782995147245,0.0,4.054782995147245,-93.15842828638188,20.72192356027872,92.47164606653811,232.38464437990302,2219.109891102828,3.238981951163863,-1.0,0.0,1.0
0.067,-4.034301030997866,0.0,4.034301030997866,-92.61206569571249,1.41435341885404,92.5346949875376,231.88437848438545,2214.3327036949136,3.221164670049768,1.0,0.0,-1.0
0.0675,-4.18364569909615,0.0,4.18364569909615,-92.06068376346079,-17.486605967232833,92.73249683365121,231.3834454580062,2209.549145656539,3.3412467935944767,1.0,0.0,-1.0
0.068,-4.285207258506314,0.0,4.285207258506314,-92.4497770698572,-38.847751077834644,92.51480227544099,230.8836735117417,2204.77667511654,3.4329476221571387,1.0,0.0,-1.0
0.0685,-4.525186661618219,0.0,4.525186661618219,-93.35712191859689,-61.3355942434887,92.14030791980132,230.38891910556237,2200.0521185549437,3.643449947714585,1.0,0.0,-1.0
0.069,-4.658383370731995,0.0,4.658383370731995,-91.58171896386028,-79.82456262206362,91.88004469154787,229.89355268252473,2195.321717662852,3.717525867973076,1.0,0.0,-1.0
0.0695,0.0,-4.014388881277786,4.014388881277786,-82.86374196356392,-90.1422758798032,91.66764447464665,229.3658616427535,2190.2826394185586,3.182059080412249,0.0,-1.0,1.0
0.07,0.0,-4.082124158759869,4.082124158759869,-65.860912398271,-92.77766327966013,91.50486613359111,228.86645884340072,2185.5136939719027,3.2869131158704965,0.0,-1.0,1.0
0.07050000000000001,0.0,-4.121674223680545,4.121674223680545,-43.931297123440935,-91.73849888139631,91.46382383647553,228.37129853019664,2180.7852612837414,3.3064588068837955,0.0,-1.0,1.0
0.07100000000000001,0.0,-4.249019952907168,4.249019952907168,-22.35940961669319,-90.69788786269851,91.35799005464187,227.86992502219994,2175.9974969557616,3.394739598652379,0.0,-1.0,1.0
0.07150000000000001,0.0,-4.431512903768792,4.431512903768792,-3.558776711292216,-90.67351886401741,90.86574674234095,227.36609785613047,2171.186301919125,3.538318182266308,0.0,-1.0,1.0
0.07200000000000001,0.0,-4.6429539282339585,4.6429539282339585,14.442726221570895,-90.88903790114331,90.27236832492997,226.8625923142519,2166.378178167277,3.7076366539821732,0.0,-1.0,1.0
0.0725,0.0,-4.869495838024765,4.869495838024765,34.56759540314825,-90.72681815917039,90.47103508459806,226.36088554551603,2161.5872314336584,3.8979446033848175,0.0,-1.0,1.0
0.073,0.0,-5.071213335895517,5.071213335895517,56.28034790664727,-90.35622394586112,91.39875531993047,225.86432993632334,2156.845474650277,4.080849220317127,0.0,-1.0,1.0
0.0735,0.0,-5.273397600015445,5.273397600015445,75.17188959101672,-90.07593053191994,90.51321945459438,225.3708719516969,2152.133298002589,4.225561102376272,0.0,-1.0,1.0
0.074,3.750886739131102,-3.750886739131102,0.0,86.83434618688248,-89.85408273438118,83.78054227859558,224.82871831956854,2146.956112174482,2.947747467281599,1.0,-1.0,0.0
0.0745,4.124005073818116,-4.124005073818116,0.0,90.76772924650295,-89.66862233675388,69.14238387602661,224.31876335737127,2142.0864009952056,3.3172455941418173,1.0,-1.0,0.0
0.075,4.405390391062687,-4.405390391062687,0.0,90.23024120348596,-89.59312520267102,48.78000146783601,223.82095213147372,2137.332653955512,3.5394011280449313,1.0,-1.0,0.0
0.0755,4.764854583666899,-4.764854583666899,0.0,89.01096124613518,-89.53662926378856,27.569442544548735,223.3200279822963,2132.5491806881705,3.8095701166190707,1.0,-1.0,0.0
0.076,5.188976376969037,-5.188976376969037,0.0,88.73680476896078,-89.17536104838325,8.798766544785655,222.8186700350457,2127.7615649543704,4.143198707076005,1.0,-1.0,0.0
0.0765,5.644317596054071,-5.644317596054071,0.0,88.96675517060572,-88.547102080674,-8.34159999586211,222.32069621529425,2123.006265257742,4.5067535550381255,1.0,-1.0,0.0
0.077,5.508326172689576,-5.508326172689576,0.0,88.93906705136797,-88.39879787243389,-26.7951627025639,221.82682866616184,2118.2901775571163,4.403591795646835,-1.0,1.0,0.0
0.0775,4.09890068192502,-4.09890068192502,0.0,88.60086569462739,-89.17909527413626,-47.418440527297584,221.32507157775768,2113.498750306061,3.2924530332364776,1.0,-1.0,0.0
0.078,4.544943319406122,-4.544943319406122,0.0,88.27530145539784,-89.4087386433602,-67.13887281689313,220.82543023232785,2108.7275269121665,3.6570239675852156,1.0,-1.0,0.0
0.0785,5.105153469020137,-5.105153469020137,0.0,88.05312032564733,-85.59749029165961,-81.37012785754467,220.32236618776633,2103.9236191491404,4.023708679830047,1.0,-1.0,0.0
0.079,5.748170465679871,0.0,-5.748170465679871,87.85224543708219,-74.70987402681229,-87.99064375743271,219.8117719665294,2099.0478034956996,4.598365652689606,1.0,0.0,-1.0
0.0795,4.865863660057077,0.0,-4.865863660057077,87.72315341458547,-57.078194762259905,-88.838002500739,219.32359592929663,2094.3860657302234,3.9171458442757077,-1.0,0.0,1.0
0.08,4.358559916317355,0.0,-4.358559916317355,87.68300655069523,-36.53275186932295,-87.60492527567344,218.8199516568311,2089.576617198855,3.491468431867415,1.0,0.0,-1.0
0.0805,5.013222275144787,0.0,-5.013222275144787,87.50257987286665,-17.27341120290783,-86.8621526177079,218.31593500421755,2084.76361269901,4.003964075753441,1.0,0.0,-1.0
0.081,5.708998037678903,0.0,-5.708998037678903,86.96898004180368,-0.3938646362672218,-86.94738947609103,217.8190405911056,2080.018620576519,4.5583168927907005,1.0,0.0,-1.0
0.0815,4.315713249639856,0.0,-4.315713249639856,86.46662932434394,16.298236148730595,-87.09631486660335,217.32332444031368,2075.284880030378,3.4466981389155715,-1.0,0.0,1.0
0.082,4.658101710599402,0.0,-4.658101710599402,86.74502699241252,35.04481272692289,-86.88734364447926,216.81355181431923,2070.4169100335807,3.730381407947207,1.0,0.0,-1.0
0.0825,5.37118963598207,0.0,-5.37118963598207,87.5756973360636,54.951069754479015,-86.52981215161124,216.317672679268,2065.6816131024084,4.323057365331957,1.0,0.0,-1.0
0.083,5.650904047245455,0.0,-5.650904047245455,86.65585792383938,72.13220458412941,-86.2635453929572,215.83277182855207,2061.051151064354,4.527352115119756,-1.0,0.0,1.0
0.0835,1.5694894526836491,3.546215771450681,-5.11570522413433,80.56533118011399,82.9137035957063,-86.05405240814996,215.32047169301788,2056.1590451293396,3.99731376953809,0.0,1.0,-1.0
0.084,0.0,5.2194026933725794,-5.2194026933725794,67.50292870027081,86.8245841194393,-85.86661045415173,214.81710168497324,2051.352215630269,4.195871180689053,0.0,1.0,-1.0
0.0845,0.0,5.959449181381907,-5.959449181381907,49.13771348961599,86.53406474828905,-85.77520194544562,214.33241192477868,2046.7237693582094,4.791008084688935,0.0,-1.0,1.0
0.085,0.0,4.351793180727053,-4.351793180727053,29.534070849657233,85.33393320916643,-85.72101407824373,213.82949639986109,2041.921279853312,3.4812585058094943,0.0,1.0,-1.0
0.0855,0.0,5.28190191349749,-5.28190191349749,11.875010382627051,84.90205318792655,-85.4402655850254,213.32548035244193,2037.108281132648,4.217646283931853,0.0,1.0,-1.0
0.08600000000000001,0.0,5.08404473325902,-5.08404473325902,-3.919032841864466,85.07358183594881,-84.86310598430208,212.83451604328744,2032.41991733163,4.059330877160502,0.0,-1.0,1.0
0.08650000000000001,0.0,4.702549134214404,-4.702549134214404,-20.25625158035992,85.12249016805345,-84.50201946028905,212.32246786540287,2027.5302174149383,3.7568684977793714,0.0,1.0,-1.0
0.08700000000000001,0.0,5.695650009057316,-5.695650009057316,-38.64883523506832,84.85493785728656,-84.9767238620256,211.82639723101374,2022.7930917997926,4.566483300732812,0.0,1.0,-1.0
0.08750000000000001,0.0,4.13190775177548,-4.13190775177548,-57.47500478570665,84.51236734675219,-85.65966324816601,211.33384015264755,2018.0895181731796,3.3271298711206803,0.0,1.0,-1.0
0.088,0.0,5.13501858363993,-5.13501858363993,-72.91467469281783,84.26195698670242,-84.07277492375682,210.83171871965646,2013.2946116876049,4.099961722465733,0.0,1.0,-1.0
0.0885,-5.135047525615283,5.135047525615283,0.0,-82.0323237903903,84.06268080626539,-77.17374247544892,210.3375825389503,2008.5759587444086,4.054937458517071,1.0,-1.0,0.0
0.089,-4.807247269718162,4.807247269718162,0.0,-84.95667892228084,83.87836684328792,-63.76722287274904,209.82602123607964,2003.6909081416247,3.86811801514402,-1.0,1.0,0.0
0.0895,-5.867912201012296,5.867912201012296,0.0,-84.40433132565103,83.79413461035622,-45.851406968869945,209.3386651227452,1999.037000072631,4.714723053568429,-1.0,1.0,0.0
0.09,-4.458940105579881,4.458940105579881,0.0,-83.28374952650675,83.72581827605391,-27.224487188836683,208.8366961793859,1994.2435497557763,3.5658755071030823,-1.0,1.0,0.0
0.0905,-5.654774546569348,5.654774546569348,0.0,-82.93014936506057,83.42461690101116,-10.55606635213965,208.33679710856407,1989.4698652656757,4.515278678742856,-1.0,1.0,0.0
0.091,-4.330753341654679,4.330753341654679,0.0,-83.09171654690401,82.85354817649235,4.468109783192059,207.83533084457545,1984.681215183219,3.457872185697134,-1.0,1.0,0.0
0.0915,-5.584938878353817,5.584938878353817,0.0,-83.12336091340502,82.5202535609049,20.095599024119466,207.33290406092826,1979.883392813666,4.461951983061819,-1.0,1.0,0.0
0.092,-4.288707983366214,4.288707983366214,0.0,-82.8561059825589,82.96919733748511,37.64459173313147,206.8347385661201,1975.1262627550739,3.4383793898598456,-1.0,1.0,0.0
0.0925,-5.526260478483028,5.526260478483028,0.0,-82.51729872216012,83.62571621220451,55.61366258458961,206.33761983885105,1970.3791285901686,4.449743958105488,-1.0,1.0,0.0
0.093,-4.232015464263074,4.232015464263074,0.0,-82.26961767591197,82.26157567695813,70.53144606968054,205.84519899583023,1965.676855915274,3.3826319876282804,-1.0,1.0,0.0
0.0935,-5.561001625372878,0.0,5.561001625372878,-82.06712185936088,76.06872695701078,79.62652826822179,205.34451115113941,1960.8956391895597,4.3788784327920975,-1.0,0.0,1.0
0.094,-4.389435213643294,0.0,4.389435213643294,-81.88117960249652,63.80082584022602,82.83972257264111,204.842465063405,1956.101452198187,3.5296964826450457,-1.0,0.0,1.0
0.0945,-5.71659195224659,0.0,5.71659195224659,-81.7788229443528,47.03194733512384,82.51315662674538,204.35001863086381,1951.398935161373,4.59598787671924,-1.0,0.0,1.0
0.095,-4.543476144803886,0.0,4.543476144803886,-81.71554684453386,29.17370833429805,81.39105731009776,203.85017086034418,1946.625740553073,3.6353708309827217,-1.0,0.0,1.0
0.0955,-5.998234149473026,0.0,5.998234149473026,-81.47150823584329,12.946687841421907,80.91872580829555,203.35605460866358,1941.9072779180528,4.789897449864141,-1.0,0.0,1.0
0.096,-4.918853688908336,0.0,4.918853688908336,-80.93966075649985,-1.499318560914878,81.02159228027782,202.8460222014471,1937.0368271933191,3.9274307591252673,-1.0,0.0,1.0
0.0965,-4.495785225701696,0.0,4.495785225701696,-80.51168834863222,-16.071160147927657,81.10569863395074,202.354616920756,1932.3442524243121,3.590711552172553,1.0,0.0,-1.0
0.097,-5.389929295006872,0.0,5.389929295006872,-80.7435876187523,-32.358669397912585,80.89071950181105,201.8452931355033,1927.4805685408778,4.316164491596084,-1.0,0.0,1.0
0.0975,-4.326904454642264,0.0,4.326904454642264,-81.45695818779589,-49.628459800671884,80.55386146136522,201.35153383505522,1922.7655145390431,3.481499861900505,-1.0,0.0,1.0
0.098,-5.841136544850516,0.0,5.841136544850516,-80.98324430396524,-64.98297011423439,80.2830505158185,200.85984992550755,1918.0702790604475,4.6897299210062435,-1.0,0.0,1.0
0.0985,-4.927040089178057,0.0,4.927040089178057,-76.73473795930872,-75.46593714370846,80.07020205495746,200.34796562486167,1913.1821440561116,3.856211982097501,-1.0,0.0,1.0
0.099,0.0,-4.854446440673692,4.854446440673692,-66.94834824793553,-80.18812834181874,79.8579864036568,199.80657928626252,1908.012285341483,3.8884369816306856,0.0,-1.0,1.0
0.0995,0.0,-4.443283074395335,4.443283074395335,-52.21885175295628,-80.74640439329646,79.72087773821612,199.32202219244988,1903.3851059400517,3.5771338803734984,0.0,1.0,-1.0
0.1,0.0,-5.5106199242271,5.5106199242271,-35.24694916409122,-79.70336187014641,79.65251836910689,198.81869456332154,1898.5786811298217,4.416836608941197,0.0,-1.0,1.0
0.1005,0.0,-4.627956795035059,4.627956795035059,-19.02913564458881,-78.9297409824473,79.50837271219406,198.31797338467783,1893.797146088305,3.697318666338811,0.0,-1.0,1.0
0.101,0.0,-4.726814792180749,4.726814792180749,-4.732356860962234,-78.85139860520577,79.1019628673352,197.82579940309117,1889.0972307664608,3.774109786164792,0.0,1.0,-1.0
0.1015,0.0,-5.566602872296102,5.566602872296102,8.766830349881069,-78.9887140767272,78.56274714796511,197.31627699813484,1884.2316502045685,4.444774804848514,0.0,-1.0,1.0
0.10200000000000001,0.0,-4.770743791544769,4.770743791544769,23.344902481791852,-78.91058260134153,78.41887761710987,196.81281934824614,1879.4239837875355,3.8136669554851097,0.0,-1.0,1.0
0.10250000000000001,0.0,-4.094699680416751,4.094699680416751,39.490578618002765,-78.61347462353746,78.96082401822612,196.32232080527388,1874.7400677259309,3.2865311883221695,0.0,1.0,-1.0
0.10300000000000001,0.0,-5.758702495118651,5.758702495118651,55.42878019518435,-78.29836675358918,79.38901585732263,195.82404011270333,1869.9818376097398,4.637197369472919,0.0,-1.0,1.0
0.10350000000000001,0.0,-4.989891098811909,4.989891098811909,68.23694893826885,-78.06318118256189,77.68164608074225,195.32304102242796,1865.1976487076279,3.9787918679697576,0.0,-1.0,1.0
0.10400000000000001,4.2000289844177505,-4.2000289844177505,0.0,75.90865986532486,-77.86926988703611,71.62156864677857,194.84075797189726,1860.5921848199437,3.314869890912813,1.0,-1.0,0.0
0.1045,5.5481776120111705,-5.5481776120111705,0.0,78.60692510205132,-77.68511522620129,60.359822490617056,194.3438730889271,1855.8472837036034,4.461864350557517,-1.0,1.0,0.0
0.105,5.414333888405484,-5.414333888405484,0.0,78.30340559792495,-77.56829711466993,45.27551444703642,193.84173423118327,1851.0522108238965,4.353765434402015,1.0,-1.0,0.0
0.1055,4.743727834605459,-4.743727834605459,0.0,77.25893370921142,-77.49565733349138,29.16280462677293,193.343960095174,1846.298817966546,3.796930924042752,1.0,-1.0,0.0
0.106,4.127028147441847,-4.127028147441847,0.0,76.72908055652596,-77.28651670779723,14.340547666839413,192.8489344806866,1841.5716715563797,3.2959824578060397,1.0,-1.0,0.0
0.1065,5.460475722572922,-5.460475722572922,0.0,76.7583462710402,-76.82332155065916,1.18782977249034,192.35113503604714,1836.8180370194134,4.3598857288546125,-1.0,1.0,0.0
0.107,5.61390245804942,-5.61390245804942,0.0,76.85148622564344,-76.34154328379923,-11.692006614357224,191.84254501530881,1831.9613600709506,4.482898852548425,1.0,-1.0,0.0
0.1075,5.075996670304456,-5.075996670304456,0.0,76.70724774402453,-76.33692309360003,-25.84516758434527,191.33862135944736,1827.1492436246733,4.0600883191371,1.0,-1.0,0.0
0.108,4.532227808359542,-4.532227808359542,0.0,76.39485714736949,-76.91767895045245,-41.269162362979735,190.84240772858428,1822.410752493787,3.640948297303424,1.0,-1.0,0.0
0.1085,4.083461118662393,-4.083461118662393,0.0,76.10176017731649,-77.14248921193443,-56.04826725930382,190.35514978563106,1817.7577818828795,3.2873654048462484,-1.0,1.0,0.0
0.109,5.659202477171722,-5.659202477171722,0.0,75.878442195457,-75.06787834288434,-67.5590747693201,189.85818158424715,1813.0120851342951,4.499336209703882,-1.0,1.0,0.0
0.1095,5.647102299353243,0.0,-5.647102299353243,75.67984595756779,-68.78993983919082,-74.23179404101204,189.36223460796978,1808.276140367134,4.470618804686232,1.0,0.0,-1.0
0.11,5.216536761386671,0.0,-5.216536761386671,75.49554976579317,-57.76267814385116,-76.44722183278434,188.85912780955155,1803.47182433485,4.196858594360572,1.0,0.0,-1.0
0.1105,4.752648502745951,0.0,-4.752648502745951,75.38182793564009,-43.37815739459007,-76.0601999384447,188.36561934671056,1798.7591656557204,3.821030236434963,1.0,0.0,-1.0
0.111,4.340998241883619,0.0,-4.340998241883619,75.30323779321782,-28.161760686306348,-75.06451526520081,187.87147006699968,1794.040387626243,3.474429360827377,1.0,0.0,-1.0
0.1115,4.051614440598,0.0,-4.051614440598,75.09523016601241,-14.159572242232048,-74.5512043831756,187.375476229741,1789.3039953696732,3.23580047615248,-1.0,0.0,1.0
0.112,5.047777090407501,0.0,-5.047777090407501,74.65180042987042,-1.7133697079800025,-74.55833974123756,186.87606860854086,1784.5350038777672,4.030369071975372,-1.0,0.0,1.0
0.1125,5.965356915501044,0.0,-5.965356915501044,74.17446372964727,10.401227410505804,-74.64541321497236,186.37204767123265,1779.721958462102,4.763395011153442,-1.0,0.0,1.0
0.113,5.733288299946917,0.0,-5.733288299946917,74.1034366381374,23.613250376650864,-74.51886371512222,185.8671727368844,1774.900757975419,4.5844270571262955,1.0,0.0,-1.0
0.1135,5.4540378430957315,0.0,-5.4540378430957315,74.59885851696261,38.07995341782252,-74.21958101465493,185.3661921438898,1770.1167457093272,4.378691667388014,1.0,0.0,-1.0
0.114,5.161935144083417,0.0,-5.161935144083417,74.9484709794958,52.255156428484504,-73.91907036570038,184.8705160034306,1765.3833872337195,4.156663864500706,1.0,0.0,-1.0
0.1145,4.907453675691307,0.0,-4.907453675691307,73.51494849923236,63.79117153717139,-73.68792331917922,184.3744991079942,1760.6467747877716,3.9180650137221624,1.0,0.0,-1.0
0.115,0.0,5.167186181000029,-5.167186181000029,68.49262237300634,71.02167746979738,-73.47758660371265,183.85220826907945,1755.659264663078,4.0611674317914,0.0,1.0,-1.0
0.1155,0.0,5.0339605839157935,-5.0339605839157935,59.09269389899168,73.95069831589845,-73.2838382004335,183.34732448923995,1750.8379797081752,4.042452517259518,0.0,1.0,-1.0
0.116,0.0,4.832621016269881,-4.832621016269881,46.16477177694282,74.01737052317975,-73.14576381692328,182.8537092692378,1746.1243015732512,3.889358650006751,0.0,1.0,-1.0
0.1165,0.0,4.67058492064243,-4.67058492064243,31.816553437963297,73.07776903588737,-73.06216799226412,182.3585798770303,1741.3961641588564,3.742949668985073,0.0,1.0,-1.0
0.117,0.0,4.565726457320441,-4.565726457320441,18.14648860322436,72.38895775321006,-72.91235805004094,181.85942899699478,1736.6296243644772,3.6479057781344872,0.0,1.0,-1.0
0.11750000000000001,0.0,4.49909851743634,-4.49909851743634,6.00090390393796,72.24920980207855,-72.55694949827429,181.3583980752406,1731.845131494133,3.5923187651535153,0.0,1.0,-1.0
0.11800000000000001,0.0,4.457672572180222,-4.457672572180222,-5.316954705875953,72.34088835164043,-72.06434988987793,180.85700890532098,1727.0572176058063,3.559227666566968,0.0,1.0,-1.0
0.11850000000000001,0.0,4.438232127101614,-4.438232127101614,-17.187607134313225,72.30654129821596,-71.7793344819523,180.35562570493275,1722.269360722305,3.5456978979703937,0.0,1.0,-1.0
0.11900000000000001,0.0,4.429424300911277,-4.429424300911277,-30.3387066301772,72.0673840815168,-72.0211842853393,179.85570793264574,1717.495497646367,3.548563532088063,0.0,1.0,-1.0
0.11950000000000001,0.0,4.411985887366108,-4.411985887366108,-44.038840584605616,71.75690908726713,-72.55295454614777,179.35970272396108,1712.7589968006773,3.549811201116006,0.0,1.0,-1.0
0.12,0.0,4.395798845946682,-4.395798845946682,-56.39067939404757,71.49582737054939,-72.2774357922945,178.86620682187487,1708.0464580679204,3.533358008305043,0.0,1.0,-1.0
0.1205,0.0,4.4692791587176695,-4.4692791587176695,-65.45840798211877,71.2841004327051,-69.55290862321968,178.36363922259056,1703.247291008085,3.52896987353045,0.0,1.0,-1.0
0.121,-5.411549345879388,5.411549345879388,0.0,-70.39032075894049,71.0676767267093,-63.06603594614154,177.8207736357902,1698.0633065136594,4.304935346478561,-1.0,1.0,0.0
0.1215,-5.5015865780039315,5.5015865780039315,0.0,-71.84532699922856,70.88966210264512,-52.74612865233259,177.3234464897033,1693.3141820956487,4.428454983250081,-1.0,1.0,0.0
0.122,-5.582415672447475,5.582415672447475,0.0,-71.35831740624639,70.77236457893744,-39.87217327051653,176.83037652780084,1688.605710792034,4.486969729010314,-1.0,1.0,0.0
0.1225,-5.715591051189675,5.715591051189675,0.0,-70.45576333096848,70.6787872950917,-26.45342920447278,176.33439897889363,1683.869474077763,4.574645555508088,-1.0,1.0,0.0
0.123,-5.898375294098675,5.898375294098675,0.0,-69.96083407283636,70.47762882178273,-14.065241775987044,175.83597287812736,1679.1098554155847,4.710974360479431,-1.0,1.0,0.0
0.1235,-5.678562902242831,5.678562902242831,0.0,-69.91727787569664,70.07974287498799,-3.0171604096690112,175.3370983802258,1674.3459548761737,4.534019872596535,1.0,-1.0,0.0
0.124,-5.002668954588214,5.002668954588214,0.0,-69.98598873687831,69.61560174053916,7.578410484105205,174.83653738277368,1669.5659494523627,3.994477087838529,1.0,-1.0,0.0
0.1245,-4.27294098696756,4.27294098696756,0.0,-69.89807146385077,69.42029910059486,18.906802630849896,174.33376239248685,1664.7648019543349,3.414709621663106,1.0,-1.0,0.0
0.125,-4.169947508556737,4.169947508556737,0.0,-69.63715663844084,69.71601469102228,31.376959818768363,173.8308209365355,1659.9620648263056,3.3428790502400547,-1.0,1.0,0.0
0.1255,-4.428550111714245,4.428550111714245,0.0,-69.33459845691975,70.17669890892866,44.126247316723486,173.33261306466883,1655.204530096613,3.564434647416406,-1.0,1.0,0.0
0.126,-4.694625030314277,4.694625030314277,0.0,-69.0835787571897,69.74574426642236,55.417131528644084,172.83714233669667,1650.4731331657665,3.770900201176583,-1.0,1.0,0.0
0.1265,-5.0581971321539845,5.0581971321539845,0.0,-68.87403295257769,66.97411695068904,63.61427702221535,172.3333533742998,1645.6623029473305,3.9873112708291503,-1.0,1.0,0.0
0.127,-5.265924557748566,0.0,5.265924557748566,-68.66305516328798,60.76957260947184,68.06976915163654,171.80390517366104,1640.6064450527645,4.190968399015571,1.0,0.0,-1.0
0.1275,-4.240359551493419,0.0,4.240359551493419,-68.48296325103,51.112577900385844,69.40133460191569,171.30486781063152,1635.8409892659429,3.4130903976881353,1.0,0.0,-1.0
0.128,-4.272877019956667,0.0,4.272877019956667,-68.35655506036876,39.13228901783129,68.95972287906487,170.8067047298929,1631.0838822600167,3.435085112151946,-1.0,0.0,1.0
0.1285,-4.68050696272018,0.0,4.68050696272018,-68.25626067429262,26.58494634745053,68.09366404177825,170.3066743824775,1626.3089441707893,3.747279866241131,-1.0,0.0,1.0
0.129,-5.137318064936543,0.0,5.137318064936543,-68.07031492412611,14.900679523036688,67.56804122484348,169.80572158943664,1621.5251973747006,4.103615418962102,-1.0,0.0,1.0
0.1295,-5.625948667087882,0.0,5.625948667087882,-67.70870872749691,4.468534942635731,67.47390311981766,169.3067456783819,1616.760328411012,4.492026775947694,-1.0,0.0,1.0
0.13,-5.623724527714861,0.0,5.623724527714861,-67.25495081796727,-5.38464525963019,67.53239857560432,168.81086825167847,1612.0250477933596,4.49027323098769,1.0,0.0,-1.0
0.1305,-4.17317114873604,0.0,4.17317114873604,-66.9810559952279,-15.722802733092932,67.47532477959534,168.3085201688066,1607.227976960852,3.3338151179167257,1.0,0.0,-1.0
0.131,-4.48421822436334,0.0,4.48421822436334,-67.1350248029238,-27.100079012932632,67.2464266912767,167.80236770161957,1602.3945769341938,3.5911039996658873,-1.0,0.0,1.0
0.1315,-5.0278237842118365,0.0,5.0278237842118365,-67.580811017979,-39.02801854939759,66.94916087292131,167.30375187899597,1597.6331465617309,4.042903908405032,-1.0,0.0,1.0
0.132,-5.569233492052889,0.0,5.569233492052889,-67.56725067207141,-50.1317670298537,66.68562953819112,166.81240931409747,1592.9411706844282,4.4821943400128745,-1.0,0.0,1.0
0.1325,-5.549444295884426,0.0,5.549444295884426,-65.88386596724443,-58.866477117847296,66.47171263661778,166.32092359059118,1588.2478277431208,4.416160605984254,1.0,0.0,-1.0
0.133,0.0,-4.261657048741702,4.261657048741702,-61.396909099984406,-64.32066667260983,66.27111371048441,165.8204756249893,1583.4689016939717,3.356264534157874,0.0,-1.0,1.0
0.1335,0.0,-4.954118087106715,4.954118087106715,-53.68006843266686,-66.62517861366987,66.07448468584768,165.31253126061046,1578.6183903095778,3.9767693174374266,0.0,-1.0,1.0
0.134,0.0,-5.589064688198285,5.589064688198285,-43.33262969856065,-66.7740735771683,65.92084938227597,164.82093320301072,1573.9239746566955,4.499674245275264,0.0,-1.0,1.0
0.1345,0.0,-5.32308484100318,5.32308484100318,-31.72509054626248,-66.02002717251443,65.81514065333897,164.3327937684546,1569.262586421034,4.270418382551849,0.0,1.0,-1.0
0.135,0.0,-4.216050598159723,4.216050598159723,-20.33493474802912,-65.30224893312284,65.68436947723366,163.82891682865196,1564.4509160802575,3.3708714040848786,0.0,-1.0,1.0
0.1355,0.0,-4.9730682948875184,4.9730682948875184,-10.021617012699483,-64.99213914850921,65.42784191768307,163.3235414257915,1559.6249364713194,3.971181785540738,0.0,-1.0,1.0
0.136,0.0,-5.754776726430304,5.754776726430304,-0.6793058646322347,-64.98502496432229,65.0222305501533,162.82570562956477,1554.870954802265,4.594868638271915,0.0,-1.0,1.0
0.1365,0.0,-4.541063779433345,4.541063779433345,8.505498041793068,-65.00651458099584,64.61247017719398,162.32895713044908,1550.1273560558006,3.6260201951481004,0.0,1.0,-1.0
0.137,0.0,-4.618287908484742,4.618287908484742,18.376669091653024,-64.88095342536475,64.45546862577413,161.8197362910115,1545.264655232487,3.691223628070098,0.0,-1.0,1.0
0.1375,0.0,-5.451379403081287,5.451379403081287,29.146045209388358,-64.62534830042945,64.70021459136035,161.32071117429402,1540.499316389331,4.370193416011524,0.0,-1.0,1.0
0.138,0.0,-5.275627736090631,5.275627736090631,40.13296500655099,-64.34021820632277,65.0852670037695,160.83287698662622,1535.840843046738,4.2454048719661195,0.0,1.0,-1.0
0.1385,0.0,-4.345124856316799,4.345124856316799,50.04282024380706,-64.08918424737818,64.83153747369165,160.3329339208089,1531.0667384353774,3.49383385400533,0.0,-1.0,1.0
0.139,0.0,-5.250682922934176,5.250682922934176,57.61587327313172,-63.87732493722768,62.87444583665633,159.83034156554675,1526.267334973367,4.163998848623891,0.0,-1.0,1.0
0.1395,5.857787700977447,-5.857787700977447,0.0,62.226227212663424,-63.68168382507039,58.32049429430536,159.3411993459808,1521.5963708462357,4.628695000162262,1.0,-1.0,0.0
0.14,4.036916618319079,-4.036916618319079,0.0,64.10001643123336,-63.48897608379328,50.906938177151055,158.84012370274263,1516.8114509171771,3.242670127620948,1.0,-1.0,0.0
0.1405,4.966270456144205,-4.966270456144205,0.0,64.1370260663332,-63.331329807344076,41.23024086557872,158.3400364379459,1512.035969306995,3.997992826765648,1.0,-1.0,0.0
0.14100000000000001,5.923391893793677,-5.923391893793677,0.0,63.41716359245936,-63.21887359441736,30.49682667820882,157.8507013308127,1507.363163239276,4.752052856343417,1.0,-1.0,0.0
0.14150000000000001,4.140113469058963,-4.140113469058963,0.0,62.73358012002322,-63.08612455713108,19.96564738194756,157.3511233436265,1502.592544872041,3.310480681280797,1.0,-1.0,0.0
0.14200000000000002,5.186049771144411,-5.186049771144411,0.0,62.408695938315965,-62.84296669019493,10.385764773838499,156.8453305808587,1497.7625797695646,4.141413416035211,1.0,-1.0,0.0
0.14250000000000002,5.358965554570011,-5.358965554570011,0.0,62.37266548348071,-62.46596234508801,1.7141387849091485,156.352311732583,1493.0545965651315,4.278836040219978,-1.0,1.0,0.0
0.14300000000000002,4.551357558608528,-4.551357558608528,0.0,62.382048348040705,-62.053659866114224,-6.708390369975083,155.84296860004017,1488.1907279286856,3.6341158425620064,1.0,-1.0,0.0
0.14350000000000002,5.665023235715864,-5.665023235715864,0.0,62.28162618758355,-61.836273314140655,-15.639628940498916,155.34304398510818,1483.4167995103012,4.526310072261228,1.0,-1.0,0.0
0.14400000000000002,4.035274846786452,-4.035274846786452,0.0,62.05183589746473,-61.97021645494683,-25.388257718663105,154.8468656827237,1478.678645741535,3.2319870737968426,-1.0,1.0,0.0
0.1445,5.11394116729823,-5.11394116729823,0.0,61.76657689064106,-62.32190150937395,-35.53443421266432,154.34338230980785,1473.8707336876869,4.111489385424134,1.0,-1.0,0.0
0.145,5.4054982563928,-5.4054982563928,0.0,61.511759511399184,-62.35746664507826,-45.07852385761857,153.8584683312286,1469.2401462877722,4.351888415840032,-1.0,1.0,0.0
0.1455,4.599564197559647,-4.599564197559647,0.0,61.29044212488803,-61.19860269600805,-52.871914754642546,153.3543748099561,1464.4264077463054,3.6738190602626064,1.0,-1.0,0.0
0.146,5.649405316309845,-5.085775278232628,-0.5636300380772165,61.085742870394306,-57.990158796663785,-58.1577619399443,152.84592843227446,1459.5711024879931,4.401834612077429,1.0,0.0,-1.0
0.1465,5.413901794262115,0.0,-5.413901794262115,60.887531386641854,-52.27576582839165,-60.86223832511752,152.34568376395598,1454.794117784898,4.326616156154218,1.0,0.0,-1.0
0.147,4.423840312688288,0.0,-4.423840312688288,60.71254113682762,-44.254843585099444,-61.55117638801999,151.85682338644483,1450.1258450511377,3.561744216057626,-1.0,0.0,1.0
0.1475,5.06619029717717,0.0,-5.06619029717717,60.571396982085055,-34.74249377974566,-61.10983097241095,151.35478245719415,1445.331707319656,4.0729486469052745,1.0,0.0,-1.0
0.148,5.163045887511257,0.0,-5.163045887511257,60.456161577094804,-24.855648162129274,-60.38339870413121,150.86711098183628,1440.6747877651687,4.13542879358091,-1.0,0.0,1.0
0.1485,4.843359813049743,0.0,-4.843359813049743,60.28398373559568,-15.510739919574375,-59.85812407329589,150.35820853867523,1435.8151274023314,3.870034516053712,1.0,0.0,-1.0
0.149,5.5281166632497145,0.0,-5.5281166632497145,60.00130591527475,-7.0807355918222905,-59.66269560387516,149.86493532264268,1431.1047151647463,4.414084985023211,-1.0,0.0,1.0
0.1495,4.742559532842028,0.0,-4.742559532842028,59.606829679766655,0.6973622625171941,-59.645013981155934,149.3552454672354,1426.2375355688346,3.7866696023553077,1.0,0.0,-1.0
0.15,5.66328669513318,0.0,-5.66328669513318,59.24365984131241,8.458797522249323,-59.62394507606113,148.86097255799785,1421.5175769643406,4.522215016085765,-1.0,0.0,1.0
0.1505,4.722933267895566,0.0,-4.722933267895566,59.08951642545479,16.778574463523274,-59.48121739798705,148.3522189154341,1416.6593375425387,3.7748115091742833,1.0,0.0,-1.0
0.151,5.641357363581299,0.0,-5.641357363581299,59.2525194128766,25.788826979679783,-59.240392631677814,147.86012718293566,1411.960207641632,4.5209000873352725,-1.0,0.0,1.0
0.1515,4.741572067685545,0.0,-4.741572067685545,59.55498872617047,35.027555138605685,-58.9618289039773,147.35629041816966,1407.1489209441959,3.8135869899504393,1.0,0.0,-1.0
0.152,5.585431590357017,0.0,-5.585431590357017,59.50912581402349,43.61863145211494,-58.71557198582986,146.87048287236118,1402.50980060579,4.496042696513651,-1.0,0.0,1.0
0.1525,4.806899425974125,0.0,-4.806899425974125,58.36731733634704,50.614692112325336,-58.49725874256161,146.36589494333737,1397.6913408180715,3.8380270478166256,1.0,0.0,-1.0
0.153,5.073853089606761,0.0,-5.073853089606761,55.42929298782265,55.41286865717344,-58.29476482786997,145.86247189955412,1392.8840048650031,3.955912405681188,-1.0,0.0,1.0
0.1535,0.0,5.694134915387669,-5.694134915387669,50.30557140189766,57.941652537452164,-58.0843588436996,145.33287718833986,1387.8267478974988,4.545893367557916,0.0,-1.0,1.0
0.154,0.0,4.820124629868864,-4.820124629868864,43.15828604877864,58.67684483492642,-57.89868485385004,144.8285763025403,1383.0110291706617,3.8798184463201437,0.0,1.0,-1.0
0.1545,0.0,5.151166971678577,-5.151166971678577,34.63053563504781,58.352463702376255,-57.75402433791915,144.34382347257227,1378.3819806266297,4.143467257567895,0.0,-1.0,1.0
0.155,0.0,5.08890174439042,-5.08890174439042,25.624820199912616,57.669400674327115,-57.62498855074683,143.83880552362982,1373.5594144511704,4.079023155886263,0.0,1.0,-1.0
0.1555,0.0,4.358209642885129,-4.358209642885129,16.97091247071503,57.114977576564186,-57.47400459433867,143.347228597478,1368.8652005887513,3.4838678916350343,0.0,-1.0,1.0
0.156,0.0,5.502318003891391,-5.502318003891391,9.089879933840136,56.83830592295876,-57.22650255311095,142.83971361687512,1364.0187895173833,4.393882019196057,0.0,1.0,-1.0
0.1565,0.0,4.310435274426897,-4.310435274426897,1.9010693437598138,56.773488811466635,-56.87659340544006,142.33935825411191,1359.240747760205,3.4416434733020855,0.0,1.0,-1.0
0.157,0.0,5.971509005514516,-5.971509005514516,-5.058466704412507,56.75519823097992,-56.49858517371387,141.84098619605223,1354.4816451678603,4.767987065282703,0.0,-1.0,1.0
0.1575,0.0,4.860473342304505,-4.860473342304505,-12.326957085359538,56.65597631488989,-56.23785434595531,141.33311399999556,1349.631822940179,3.882440844243298,0.0,1.0,-1.0
0.158,0.0,4.64170181868327,-4.64170181868327,-20.197536194457285,56.457385667968545,-56.23506963767155,140.84090026659976,1344.9315280165195,3.7140118655441574,0.0,-1.0,1.0
0.1585,0.0,5.463949503750374,-5.463949503750374,-28.516018771571616,56.192205153199566,-56.45908776591461,140.33551361638953,1340.1054410033028,4.386067077252969,0.0,1.0,-1.0
0.159,0.0,4.328851935866535,-4.328851935866535,-36.71279841234817,55.93082231614842,-56.65295500591982,139.8421821160639,1335.3944721917169,3.4850607665955344,0.0,1.0,-1.0
0.1595,0.0,5.7975813032748045,-5.7975813032748045,-44.003047545291025,55.701501406137666,-56.30418145761608,139.35288279214063,1330.7220078284824,4.659839393491537,0.0,-1.0,1.0
0.16,0.0,5.022985576580432,-5.022985576580432,-49.684007710430286,55.490784816560165,-54.78373969648406,138.8457397073001,1325.8791481000476,3.9893722865460277,0.0,1.0,-1.0
0.1605,-5.417054247421353,5.417054247421353,0.0,-53.40522809779616,55.28844075042791,-51.585359274307976,138.34017384373,1321.0513497253055,4.256171465905443,-1.0,1.0,0.0
0.161,-4.419959267163401,4.419959267163401,0.0,-55.24986730516213,55.088529169888695,-46.51009342630085,137.8339049977698,1316.2168383632256,3.5382529286371263,-1.0,1.0,0.0
0.1615,-5.3817704945645986,5.3817704945645986,0.0,-55.673259005966855,54.91171507638716,-39.786098099259455,137.3448795814996,1311.5469896254074,4.333200862471538,1.0,-1.0,0.0
0.162,-5.250654068974593,5.250654068974593,0.0,-55.279928684907134,54.759314862798,-31.991349697579718,136.8430766637245,1306.7551247360968,4.222193887824259,-1.0,1.0,0.0
0.1625,-4.252275228970672,4.252275228970672,0.0,-54.64529313044418,54.627941591580736,-23.88366752049953,136.34975872389836,1302.0442854177422,3.4078525224153724,-1.0,1.0,0.0
0.163,-5.569118082380188,5.569118082380188,0.0,-54.130457886732565,54.46994431366641,-16.111696450604608,135.85481585086598,1297.3179291302697,4.451873567087448,1.0,-1.0,0.0
0.1635,-5.262556504272855,5.262556504272855,0.0,-53.85388262662243,54.22950060147747,-9.009432083156456,135.34608765039692,1292.4599326625762,4.202522003296226,-1.0,1.0,0.0
0.164,-4.346459028214165,4.346459028214165,0.0,-53.76611568802534,53.90142750037656,-2.521100701632205,134.84650194827188,1287.6892406231018,3.4704093793725974,-1.0,1.0,0.0
0.1645,-5.201958091123489,5.201958091123489,0.0,-53.73325947111333,53.5389410767982,3.713268798553554,134.3507916238494,1282.9555557146905,4.153496118989533,1.0,-1.0,0.0
0.165,-5.48971597590088,5.48971597590088,0.0,-53.640578098194254,53.25174728167935,10.137528437265514,133.84186764394622,1278.095689691115,4.384341885456565,-1.0,1.0,0.0
0.1655,-4.625986804640781,4.625986804640781,0.0,-53.45919336188747,53.16469206133898,17.041588509648715,133.340231665996,1273.305418959704,3.699113769825261,-1.0,1.0,0.0
0.166,-4.500108307027087,4.500108307027087,0.0,-53.216075075932935,53.30231042597918,24.3966030668674,132.84840165997082,1268.6087883625146,3.6082050326443773,1.0,-1.0,0.0
0.1665,-5.840970861238913,5.840970861238913,0.0,-52.954021049385446,53.50671047105251,31.826805770590024,132.3486378239379,1263.8363952695222,4.698454331689283,-1.0,1.0,0.0
0.167,-4.996928316313626,4.996928316313626,0.0,-52.71276452591587,53.4354227249109,38.73774607708918,131.8508095449209,1259.0824853845331,4.0228413039686926,-1.0,1.0,0.0
0.1675,-4.177031699020409,4.177031699020409,0.0,-52.50048240371284,52.61234560105159,44.51795789567347,131.35909246724032,1254.3869331735991,3.3424379409371943,-1.0,1.0,0.0
0.168,-5.210274021993958,5.210274021993958,0.0,-52.2974404715864,50.559017066788975,48.73630898670439,130.856228523218,1249.5849362299687,4.095413223768974,1.0,-1.0,0.0
0.1685,-4.141960560444042,0.0,4.141960560444042,-52.09120248745905,46.97205180725985,51.279443006194164,130.33974394899928,1244.6528718489114,3.2849315471257037,-1.0,0.0,1.0
0.169,-5.2601803833626235,0.0,5.2601803833626235,-51.89804587727514,41.849420123863936,52.37015304167607,129.84265827873918,1239.9060533551888,4.224108947188946,1.0,0.0,-1.0
0.1695,-5.596411223525698,0.0,5.596411223525698,-51.72216833743244,35.482961463944534,52.43043157150312,129.34214257943205,1235.1264804967993,4.506503197376585,-1.0,0.0,1.0
0.17,-4.863082147344843,0.0,4.863082147344843,-51.572984904149145,28.40669513820639,51.960156324038635,128.84601732017074,1230.3888332525482,3.9076890480378967,-1.0,0.0,1.0
0.1705,-4.157633058378584,0.0,4.157633058378584,-51.43370967573801,21.21701144888005,51.37580490544786,128.3530480942095,1225.681323906313,3.330222716836883,-1.0,0.0,1.0
0.171,-5.082461629534304,0.0,5.082461629534304,-51.26401945627219,14.389233883320173,50.92476926248725,127.85768492958006,1220.950954129728,4.0620991840868665,1.0,0.0,-1.0
0.1715,-5.791785835414047,0.0,5.791785835414047,-51.02187137255651,8.142920033622122,50.67496260204378,127.351391065716,1216.1162038642644,4.625047889870354,-1.0,0.0,1.0
0.17200000000000001,-5.165059550000706,0.0,5.165059550000706,-50.70441700356699,2.407721734918774,50.575275185156926,126.8461305452425,1211.2913213013119,4.1240173359006755,-1.0,0.0,1.0
0.17250000000000001,-4.554007860897722,0.0,4.554007860897722,-50.357984777927285,-3.104943925458106,50.522064620508004,126.34533002565453,1206.509028609587,3.6361339028117743,-1.0,0.0,1.0
0.17300000000000001,-4.08553483265914,0.0,4.08553483265914,-50.07310758673676,-8.747258152605053,50.428659118558734,125.8486789473824,1201.7663601636511,3.2626760332537263,1.0,0.0,-1.0
0.17350000000000002,-5.278321294698811,0.0,5.278321294698811,-49.94203981936106,-14.764821915003067,50.25806565495453,125.34958135916285,1197.000329268628,4.2193068753913785,1.0,0.0,-1.0
0.17400000000000002,-5.783484454890595,0.0,5.783484454890595,-49.99871490017969,-21.175597231577687,50.02400706070528,124.84511537581675,1192.1830339763533,4.633580223425204,-1.0,0.0,1.0
0.17450000000000002,-5.222790611786309,0.0,5.222790611786309,-50.16261058419118,-27.741849499146614,49.76867338691552,124.34497470427321,1187.407042369306,4.1973563707686505,-1.0,0.0,1.0
0.17500000000000002,-4.666021276310279,0.0,4.666021276310279,-50.205323388451646,-34.033520988515704,49.526122171140514,123.8512586042387,1182.6924009010334,3.75732190486041,-1.0,0.0,1.0
0.17550000000000002,-4.124218423125897,0.0,4.124218423125897,-49.77975663699493,-39.559396306689436,49.30780429674885,123.36104343847235,1178.0111908924139,3.3127049910969584,-1.0,0.0,1.0
0.176,-4.757290707009943,0.0,4.757290707009943,-48.500104099230526,-43.91344180907947,49.10378214994343,122.86451848176019,1173.26972681866,3.7792038479374566,1.0,0.0,-1.0
0.1765,-0.79041391375578,-3.938067471682191,4.728481385437971,-46.046653007492225,-46.880482220219264,48.88970922127022,122.3295747312073,1168.1613902880633,3.696477309702617,0.0,-1.0,1.0
0.177,0.0,-4.1599687729325385,4.1599687729325385,-42.31355418701987,-48.52656487047185,48.68861097892391,121.82405984627007,1163.334078723406,3.3196406054679177,0.0,1.0,-1.0
0.1775,0.0,-5.073264814798884,5.073264814798884,-37.38685921120504,-49.09471006360343,48.499572785190146,121.32846865884086,1158.6015314894776,4.080836482775773,0.0,1.0,-1.0
0.178,0.0,-5.987957761152918,5.987957761152918,-31.570198080273418,-48.94728737340261,48.32860549498516,120.83216611197528,1153.8621912733122,4.8206032914659,0.0,1.0,-1.0
0.1785,0.0,-5.577620543468879,5.577620543468879,-25.30335787849299,-48.45977571851344,48.17597044646841,120.33360523621796,1149.1012856047723,4.4791936715033245,0.0,-1.0,1.0
0.179,0.0,-5.177109552478539,5.177109552478539,-19.03778589652726,-47.92877149866598,48.02552740409103,119.83435059447373,1144.3337549590622,4.145438390465589,0.0,-1.0,1.0
0.1795,0.0,-4.802766633844597,4.802766633844597,-13.113359415635223,-47.52295063789452,47.84653052708634,119.33437338704894,1139.5593243193657,3.8382684638619846,0.0,-1.0,1.0
0.18,0.0,-4.450094295158004,4.450094295158004,-7.677362875330903,-47.28541561025513,47.61073478616989,118.83450049905919,1134.7858898568943,3.5536550053907137,0.0,-1.0,1.0
0.1805,0.0,-4.115485099963084,4.115485099963084,-2.668914131441869,-47.17130532158981,47.313166044844024,118.33542345229307,1130.0200551183025,3.285993515231825,0.0,-1.0,1.0
0.181,0.0,-4.396588830306917,4.396588830306917,2.127696921766083,-47.10022229554532,46.98586119682297,117.83663623371531,1125.25698803504,3.5104347594361744,0.0,1.0,-1.0
0.1815,0.0,-4.984390118583199,4.984390118583199,6.981584790682492,-47.00187796772129,46.694044447868436,117.33588565058747,1120.4751722013832,3.980172197536613,0.0,1.0,-1.0
0.182,0.0,-5.539347099150202,5.539347099150202,12.10199541332173,-46.84287393948356,46.51272120564595,116.8335983698208,1115.6786819862114,4.426201472625301,0.0,1.0,-1.0
0.1825,0.0,-5.965019927893061,5.965019927893061,17.55074696840218,-46.6274361634467,46.48520978191786,116.33087932420187,1110.8780687204096,4.774474256788321,0.0,-1.0,1.0
0.183,0.0,-5.703622451203507,5.703622451203507,23.207331995272405,-46.38281287349065,46.58178718297794,115.83037304151954,1106.0985857841629,4.577685162588276,0.0,-1.0,1.0
0.1835,0.0,-5.447602238530793,5.447602238530793,28.79407244683085,-46.13836118805621,46.67332479486901,115.33349200016127,1101.3537213525142,4.383818954529648,0.0,-1.0,1.0
0.184,0.0,-5.2014121499706825,5.2014121499706825,33.94961685891795,-45.91077091373508,46.535430659010316,114.8391167020453,1096.632785006253,4.18716905779329,0.0,-1.0,1.0
0.1845,0.0,-4.979632061859498,4.979632061859498,38.32502337471379,-45.70033785348789,45.886833338597555,114.34337499113846,1091.8988003789934,3.9886037486515367,0.0,-1.0,1.0
0.185,0.0,-4.808495050592712,4.808495050592712,41.671761661040534,-45.49647119514722,44.45349109403919,113.83904989887772,1087.082850497479,3.7994339275737223,0.0,-1.0,1.0
0.1855,5.876613425999514,-5.876613425999514,0.0,43.896283867925455,-45.28664174139775,42.04054273139678,113.31412153768858,1082.0701538903363,4.625139134413619,1.0,-1.0,0.0
0.186,5.749745065950551,-5.749745065950551,0.0,45.09129450843658,-45.08472368776169,38.608487014940984,112.80549548957552,1077.2131329057868,4.596310786459622,1.0,-1.0,0.0
0.1865,5.60100229348487,-5.60100229348487,0.0,45.465476619608935,-44.89474233442074,34.25898731052518,112.30760059915534,1072.4585869287528,4.506442937977981,1.0,-1.0,0.0
0.187,5.457276042475087,-5.457276042475087,0.0,45.294440934323525,-44.72123071531842,29.233757178037973,111.81325338025152,1067.7379187192164,4.393400187277422,1.0,-1.0,0.0
0.1875,5.334048351112794,-5.334048351112794,0.0,44.85429341161236,-44.562807765970504,23.860020650707547,111.3181646855329,1063.0101699372135,4.2846119718640825,1.0,-1.0,0.0
0.188,5.236928196842453,-5.236928196842453,0.0,44.36573204276171,-44.406997704579254,18.471891343566554,110.82065892301561,1058.2593398579336,4.195033814475664,1.0,-1.0,0.0
0.1885,5.165046673509017,-5.165046673509017,0.0,43.963434904506826,-44.23194231535478,13.332197992839573,110.32085303866924,1053.4865452331253,4.129167126442064,1.0,-1.0,0.0
0.189,5.114874739917133,-5.114874739917133,0.0,43.694159569424336,-44.01549925431041,8.577351957012695,109.81964602026504,1048.7003707636425,4.0850971080482825,1.0,-1.0,0.0
0.1895,5.083155049066202,-5.083155049066202,0.0,43.53777095929212,-43.74819173302806,4.2002084413202825,109.31790243903811,1043.9090724966286,4.058695529943023,1.0,-1.0,0.0
0.19,5.068208517193688,-5.068208517193688,0.0,43.43975639226869,-43.44381348415723,0.07399859781671268,108.81606997640432,1039.1169254746999,4.046682157767497,1.0,-1.0,0.0
0.1905,5.069631418047786,-5.069631418047786,0.0,43.34287909516385,-43.141453419574965,-3.9916318021186004,108.31424927808689,1034.324890793717,4.047885594073109,1.0,-1.0,0.0
0.191,5.087050971695601,-5.087050971695601,0.0,43.20879078235222,-42.895439967845185,-8.180070151692622,107.81253783149563,1029.5338993898702,4.062761340332114,1.0,-1.0,0.0
0.1915,5.118931672212199,-5.118931672212199,0.0,43.02580371276593,-42.75425395979513,-12.603274434157349,107.31136804051124,1024.7480804160602,4.09185216890065,1.0,-1.0,0.0
0.192,5.162328251207712,-5.162328251207712,0.0,42.804428094833305,-42.7341162222359,-17.260929833557533,106.8115811527874,1019.9754671956345,4.1341775782116645,1.0,-1.0,0.0
0.1925,5.214030291666896,-5.214030291666896,0.0,42.56593900152531,-42.79591266659618,-22.032901081628218,106.31410562728439,1015.2249258585719,4.186455576372143,1.0,-1.0,0.0
0.193,5.272929338122248,-5.272929338122248,0.0,42.330269260120055,-42.83417350644928,-26.70470389686376,105.81928513098502,1010.4997381828181,4.243707451555871,1.0,-1.0,0.0
0.1935,5.342894778134271,-5.342894778134271,0.0,42.10810583317633,-42.68385487039936,-31.01680939569304,105.32605803060022,1005.7897663172306,4.301257756549489,1.0,-1.0,0.0
0.194,5.435154160259597,-5.435154160259597,0.0,41.899206097152145,-42.14563481193925,-34.72320215535474,104.83127379291275,1001.0649248857158,4.35744649652713,1.0,-1.0,0.0
0.1945,5.569221590923886,-5.569221590923886,0.0,41.695981663239735,-41.024906007647076,-37.64375719709424,104.3294209900918,996.2725836293071,4.415733829106981,1.0,-1.0,0.0
0.195,4.653303945549457,-1.4581761731636302,-3.1951277723858262,41.48572029677961,-39.17173554583866,-39.694653238676416,103.80365573100534,991.251895235931,3.6318031739694234,1.0,0.0,-1.0
0.1955,4.127123621479227,0.0,-4.127123621479227,41.28213136707278,-36.54205210379838,-40.92331960922957,103.29327510775376,986.3781192930023,3.2845512758185595,1.0,0.0,-1.0
0.196,4.3015233588728705,0.0,-4.3015233588728705,41.085738424975446,-33.174095087047974,-41.45421675242142,102.79180696548846,981.5894512743245,3.454045178475136,1.0,0.0,-1.0
0.1965,4.472182654504224,0.0,-4.472182654504224,40.900990628814775,-29.204532433302248,-41.470873592391264,102.29633502353447,976.8580427508052,3.601126299436868,1.0,0.0,-1.0
0.197,4.655764592824752,0.0,-4.655764592824752,40.72928866529164,-24.840913451750243,-41.17326822796579,101.80190290160533,972.136563777099,3.745696431765125,1.0,0.0,-1.0
0.1975,4.8609393707925355,0.0,-4.8609393707925355,40.56650751296518,-20.321637896952087,-40.74210725668011,101.30600797626099,967.4011160597347,3.9014097447309135,1.0,0.0,-1.0
0.198,5.090054623831875,0.0,-5.090054623831875,40.401431336974895,-15.868226813570823,-40.31216977296733,100.80807166642917,962.6461745564545,4.075433958257122,1.0,0.0,-1.0
0.1985,5.341627018862635,0.0,-5.341627018862635,40.218236225271,-11.643380215281468,-39.960766159262086,100.30867751899926,957.8773117295765,4.269683701109036,1.0,0.0,-1.0
0.199,5.612810894173988,0.0,-5.612810894173988,40.00253198687705,-7.72472304804137,-39.711057241035725,99.80882388846555,953.1040611622643,4.482742953990915,1.0,0.0,-1.0
0.1995,5.901166408963919,0.0,-5.901166408963919,39.74879866791707,-4.099745053854692,-39.546265623585334,99.30938949795014,948.3348140422273,4.711874397368106,1.0,0.0,-1.0
0.2,5.636030432161145,0.0,-5.636030432161145,39.46589906993744,-0.6819352180627463,-39.42861823296694,98.81029454351436,943.5688082979867,4.500056421287319,-1.0,0.0,1.0
0.2005,5.072119504197418,0.0,-5.072119504197418,39.177916149762616,2.6568258793719357,-39.31723524659613,98.30963180125411,938.787831282827,4.04982483493872,-1.0,0.0,1.0
0.201,4.484476327575753,0.0,-4.484476327575753,38.92046014897825,6.046342343948279,-39.18240341566836,97.80705571323946,933.9885831615879,3.5810345196203013,-1.0,0.0,1.0
0.2015,4.072205657466345,0.0,-4.072205657466345,38.729327730425986,9.580511723476667,-39.01084531368764,97.30263350502943,929.1717058910705,3.253498503370815,1.0,0.0,-1.0
0.202,4.43540970777955,0.0,-4.43540970777955,38.62712341249768,13.290614551398534,-38.80567086742159,96.7991586530458,924.3638752061311,3.54802843566703,1.0,0.0,-1.0
0.2025,4.809051640677525,0.0,-4.809051640677525,38.60795800846303,17.134263635815685,-38.579528345843265,96.29865296101174,919.5843979101601,3.854660438939237,1.0,0.0,-1.0
0.203,5.191050468163959,0.0,-5.191050468163959,38.627841753118844,21.00163618842468,-38.34745230982052,95.80188361871681,914.8406001259953,4.17092672073948,1.0,0.0,-1.0
0.20350000000000001,5.581388523646525,0.0,-5.581388523646525,38.603262779807565,24.73654650227576,-38.12128798032321,95.30895675659247,910.1334953246032,4.493066986224344,1.0,0.0,-1.0
0.20400000000000001,5.9838425478443575,0.0,-5.9838425478443575,38.418568673506975,28.16631965706286,-37.90643651509983,94.8188048900613,905.452889779154,4.816732440801928,1.0,0.0,-1.0
0.20450000000000002,5.295015206764243,0.0,-5.295015206764243,37.94096846969226,31.132756770852584,-37.700809195361536,94.32647267733795,900.7514634612565,4.24615011708549,-1.0,0.0,1.0
0.20500000000000002,4.5126633047567015,0.0,-4.5126633047567015,37.0428664265361,33.51927830839738,-37.49764923883486,93.82434087363217,895.9564579426511,3.5851704006512746,-1.0,0.0,1.0
0.20550000000000002,4.203301551518085,0.0,-4.203301551518085,35.62659770506055,35.26963502038642,-37.290230800140264,93.30589555875198,891.0056698674902,3.284802279130369,1.0,0.0,-1.0
0.20600000000000002,0.0,5.903383791321726,-5.903383791321726,33.65055513204865,36.40043400245548,-37.081718740842696,92.78395303603052,886.0214859174317,4.675305753439499,0.0,-1.0,1.0
0.20650000000000002,0.0,5.037865305855885,-5.037865305855885,31.134347777062782,36.991890486284824,-36.88280690555094,92.2823770461914,881.2317880302853,4.032956095015235,0.0,-1.0,1.0
0.20700000000000002,0.0,4.182730958431828,-4.182730958431828,28.14078337629837,37.14868226840643,-36.690001148505615,91.78401664655848,876.4727967677154,3.364936056863506,0.0,-1.0,1.0
0.20750000000000002,0.0,4.403515485574773,-4.403515485574773,24.786954831490238,37.00024547071146,-36.505535375394025,91.28613094922615,871.7183385782037,3.545816224976451,0.0,1.0,-1.0
0.20800000000000002,0.0,4.930406927383974,-4.930406927383974,21.221127803806343,36.67602563379297,-36.330844755547695,90.79040428044678,866.9844975926807,3.964665455198894,0.0,1.0,-1.0
0.2085,0.0,5.477040750745168,-5.477040750745168,17.596836175421974,36.285143219416604,-36.161961682627314,90.2957058944282,862.2604759842143,4.394403276341066,0.0,1.0,-1.0
0.209,0.0,5.925496821818568,-5.925496821818568,14.050086195806866,35.90696941214486,-35.99102344196022,89.8019783456021,857.5457251880351,4.744119628551568,0.0,-1.0,1.0
0.2095,0.0,4.941173259589278,-4.941173259589278,10.678892714188217,35.585205493389815,-35.80587929136262,89.3046028152596,852.7961387344175,3.9500284194894135,0.0,-1.0,1.0
0.21,0.0,4.039518714286361,-4.039518714286361,7.532856619879484,35.333099082784756,-35.59571334528213,88.80007438354478,847.9782471041485,3.2265543376434023,0.0,1.0,-1.0
0.2105,0.0,4.661526069236144,-4.661526069236144,4.611298116920701,35.144370770120645,-35.35823983851718,88.29435236758542,843.1489575839288,3.722205877145362,0.0,1.0,-1.0
0.211,0.0,5.29800776892344,-5.29800776892344,1.869003913616233,34.99889454666243,-35.09857453583412,87.79239232288825,838.3555922430378,4.230172181833984,0.0,1.0,-1.0
0.2115,0.0,5.948418772515328,-5.948418772515328,-0.7684951277804629,34.870910878091664,-34.828974326340855,87.29460776160371,833.6020998316419,4.749481282102423,0.0,1.0,-1.0
0.212,0.0,4.986551443749677,-4.986551443749677,-3.385012618566371,34.73627750532467,-34.567160744171915,86.79628919634136,828.843508057884,3.981566069928378,0.0,-1.0,1.0
0.2125,0.0,4.0788043964812735,-4.0788043964812735,-6.053588640441818,34.578089380596865,-34.333439544060035,86.29071655060206,824.0156449181965,3.2573219736947,0.0,1.0,-1.0
0.213,0.0,4.773387217468272,-4.773387217468272,-8.82143670427164,34.394337532849136,-34.150949887528505,85.78531163551932,819.1893834882951,3.8140934916723594,0.0,1.0,-1.0
0.2135,0.0,5.479386126435386,-5.479386126435386,-11.699660373982764,34.19005559401711,-34.032324084858324,85.28558497445653,814.417345390118,4.383117743013635,0.0,1.0,-1.0
0.214,0.0,5.680430581907606,-5.680430581907606,-14.659419875512295,33.97301311092855,-33.972217546524874,84.79189079207498,809.7029132200139,4.551828748197203,0.0,-1.0,1.0
0.2145,0.0,4.497058267656091,-4.497058267656091,-17.63444527166959,33.74868478472273,-33.94164897748157,84.29531603098953,804.9609735495281,3.611201540235185,0.0,-1.0,1.0
0.215,0.0,4.430327294005336,-4.430327294005336,-20.53370225700868,33.524192537442914,-33.89404993871691,83.79452382277181,800.1787602255429,3.5644916413360037,0.0,1.0,-1.0
0.2155,0.0,5.177224184373594,-5.177224184373594,-23.25780832589641,33.308114147427396,-33.76996811697166,83.29942331835659,795.4508986692446,4.169035701644756,0.0,1.0,-1.0
0.216,0.0,5.937537245830479,-5.937537245830479,-25.709353782232025,33.10164723439686,-33.495133471001964,82.80989798111585,790.7762760378091,4.775043509664542,0.0,1.0,-1.0
0.2165,0.0,4.839566209703307,-4.839566209703307,-27.805152982831807,32.899790933227294,-32.99006566418339,82.31680332348239,786.0675689073348,3.8737938145863264,0.0,-1.0,1.0
0.217,0.0,4.2866760243851445,-4.2866760243851445,-29.487441083239503,32.69507852311655,-32.183056207872596,81.80783188860408,781.2072497221274,3.399571144201189,0.0,1.0,-1.0
0.2175,0.0,5.140072922972295,-5.140072922972295,-30.738003461079586,32.48804214100874,-31.029135502299653,81.29008060112075,776.2630891204175,4.016270159086169,0.0,1.0,-1.0
0.218,-4.882023880793981,4.882023880793981,0.0,-31.571847792488175,32.27951009830704,-29.50860188765004,80.7681982075636,771.2794793615825,3.8594875329878766,-1.0,1.0,0.0
0.2185,-5.74204877721989,5.74204877721989,0.0,-32.04055320870448,32.07904733232701,-27.63747373888492,80.26467525453558,766.4711893455042,4.587047449141118,-1.0,1.0,0.0
0.219,-5.049578842780504,5.049578842780504,0.0,-32.20491324821346,31.885365133788525,-25.449255970756017,79.77181656000107,761.7647354966451,4.056932983370758,1.0,-1.0,0.0
0.2195,-4.199810930698001,4.199810930698001,0.0,-32.13287867304956,31.69374649274764,-23.000523508778713,79.2726382933058,756.9979341789293,3.3814915689959513,-1.0,1.0,0.0
0.22,-5.074910844644556,5.074910844644556,0.0,-31.904669109531984,31.509006739192845,-20.374235007236045,78.77609252423126,752.2562713617546,4.085233742261053,-1.0,1.0,0.0
0.2205,-5.964281886809463,5.964281886809463,0.0,-31.592082572950453,31.332250854971786,-17.659083089081093,78.28625789988035,747.5786952559739,4.793925168625149,-1.0,1.0,0.0
0.221,-4.629298629060612,4.629298629060612,0.0,-31.24857982396322,31.156739547917805,-14.937966879916008,77.79308914971541,742.8692805939419,3.7136057016369985,1.0,-1.0,0.0
0.2215,-4.523597771321997,4.523597771321997,0.0,-30.912427199312503,30.974578227828584,-12.283324673549528,77.28852727282013,738.0510695857254,3.622166571188603,-1.0,1.0,0.0
0.222,-5.466442767326897,5.466442767326897,0.0,-30.61481480601773,30.786561035105784,-9.75210447750367,76.78873532818052,733.2784080753111,4.371046162384859,-1.0,1.0,0.0
0.2225,-5.339571707983393,5.339571707983393,0.0,-30.36553710056567,30.587665601097623,-7.373788457560095,76.29438850407499,728.5577436358205,4.2658969163819265,1.0,-1.0,0.0
0.223,-4.108387305672955,4.108387305672955,0.0,-30.155748272341906,30.367975336368314,-5.152016167732769,75.78912659256076,723.7328477894076,3.28087825979104,-1.0,1.0,0.0
0.2235,-5.097092376536402,5.097092376536402,0.0,-29.979559663447755,30.13165924172111,-3.071320068198529,75.28356793776545,718.9051182533939,4.06984477514578,-1.0,1.0,0.0
0.224,-5.8496288674558015,5.8496288674558015,0.0,-29.827056186731735,29.886490606161328,-1.098364024829977,74.78733484303817,714.1664412562956,4.670604826752909,1.0,-1.0,0.0
0.2245,-4.290473942451206,4.290473942451206,0.0,-29.678729048956246,29.634621086417088,0.8103340172405866,74.286137206214,709.3803563743031,3.4257048860795623,1.0,-1.0,0.0
0.225,-4.839486310079798,4.839486310079798,0.0,-29.52248982655522,29.386137712610346,2.6987586831333523,73.77806604422342,704.5286341619085,3.864122656054671,-1.0,1.0,0.0
0.2255,-5.880225973556733,5.880225973556733,0.0,-29.357636923125213,29.159704811864913,4.605965011553368,73.27983668496412,699.7708942427311,4.695632637022339,-1.0,1.0,0.0
0.226,-4.575599011236803,4.575599011236803,0.0,-29.177211018972297,28.96231158311929,6.558476537833567,72.78187419686726,695.0157027554337,3.655074083587702,1.0,-1.0,0.0
0.2265,-4.688436945807416,4.688436945807416,0.0,-28.97767948430568,28.796920269994466,8.565787650025888,72.2739201248195,690.1650986696301,3.7478604668114137,-1.0,1.0,0.0
0.227,-5.766018523910934,5.766018523910934,0.0,-28.770313644099527,28.67248504367108,10.62326785693003,71.77609387043516,685.4112081184587,4.614576016032006,-1.0,1.0,0.0
0.2275,-4.707160111852249,4.707160111852249,0.0,-28.557127656405704,28.579661486216015,12.707445539148669,71.28214846306848,680.6943769264619,3.7730626891921837,1.0,-1.0,0.0
0.228,-4.630538273877778,4.630538273877778,0.0,-28.33711820180097,28.49735168031846,14.778888526935782,70.77806400764665,675.8807249574917,3.7183015918078137,-1.0,1.0,0.0
0.2285,-5.738426780599235,5.738426780599235,0.0,-28.122415530353297,28.410191968302282,16.795694469119184,70.28469578364134,671.1694054605967,4.6156311161397365,-1.0,1.0,0.0
0.229,-4.71183818935307,4.71183818935307,0.0,-27.912963456225302,28.2851645425202,18.707388051101816,69.79586728561982,666.5014371535382,3.7938705538400495,1.0,-1.0,0.0
0.2295,-4.6562881978345505,4.6562881978345505,0.0,-27.70322374623642,28.08074774132464,20.461296767770605,69.29533578132961,661.7217133686776,3.748394392452798,-1.0,1.0,0.0
0.23,-5.8014540074655345,5.8014540074655345,0.0,-27.500996887633857,27.768966401681702,22.021169847418996,68.8032931775263,657.0230526122514,4.660331434862302,-1.0,1.0,0.0
0.2305,-4.562354881425757,4.562354881425757,0.0,-27.30117278973426,27.31182696561799,23.352614313461313,68.30959564230028,652.308588424841,3.647567866275611,1.0,-1.0,0.0
0.231,-4.808767436805343,4.808767436805343,0.0,-27.09606122886089,26.674893585129563,24.430932269508272,67.79827378118448,647.4258243223893,3.8138436590580014,-1.0,1.0,0.0
0.2315,-5.961176147380064,5.961176147380064,0.0,-26.89239215230586,25.846673428817564,25.257561723389294,67.28890211473845,642.5616832072388,4.672194818117637,1.0,-1.0,0.0
0.232,-4.148106079693436,0.0,4.148106079693436,-26.68405824967944,24.813357779229825,25.835548048986286,66.76760869830589,637.5836977656486,3.2629129968545465,1.0,0.0,-1.0
0.2325,-5.13923551165618,0.0,5.13923551165618,-26.4778130191278,23.584549128255382,26.191062234742198,66.25109866391281,632.6513902578353,4.085634193582319,-1.0,0.0,1.0
0.233,-5.450259724482453,0.0,5.450259724482453,-26.280824741589527,22.17994682720469,26.359568347900215,65.75574404545016,627.9211020911314,4.363174936295502,1.0,0.0,-1.0
0.2335,-4.249630914376268,0.0,4.249630914376268,-26.083056121098515,20.614199427297372,26.36443979469522,65.25411956999307,623.1309412004389,3.415608110171669,-1.0,0.0,1.0
0.234,-5.498613490232187,0.0,5.498613490232187,-25.89026321701912,18.92399578830982,26.247082633396474,64.75840665225577,618.3972315276951,4.426963664770929,-1.0,0.0,1.0
0.23450000000000001,-4.895473025748733,0.0,4.895473025748733,-25.70419632170965,17.14781045150245,26.044730138281842,64.27169566627825,613.7494839711679,3.9416335755594822,1.0,0.0,-1.0
0.23500000000000001,-4.656890935494528,0.0,4.656890935494528,-25.51533282597068,15.319632659756637,25.78079708361283,63.77049061512311,608.9633282875299,3.7459407964040174,-1.0,0.0,1.0
0.23550000000000001,-5.943107421969522,0.0,5.943107421969522,-25.33242701014458,13.485187954819683,25.49314414083167,63.278922757531014,604.2692010234773,4.773498283000681,-1.0,0.0,1.0
0.23600000000000002,-4.202549178005472,0.0,4.202549178005472,-25.148583333684407,11.676802323317562,25.198582465789105,62.783848558473046,599.5415906648371,3.370077577331436,1.0,0.0,-1.0
0.23650000000000002,-5.176499668154767,0.0,5.176499668154767,-24.959468148929304,9.923262001026172,24.910749431495788,62.279906120535,594.72929486294,4.145047429202176,-1.0,0.0,1.0
0.23700000000000002,-5.2735096201192615,0.0,5.2735096201192615,-24.77094996131928,8.249459839907548,24.647542190858108,61.787731308465155,590.0293716105655,4.21780972140324,1.0,0.0,-1.0
0.23750000000000002,-4.453836491364063,0.0,4.453836491364063,-24.570230940264388,6.664392082772516,24.402649286727193,61.28091697092567,585.1896511876103,3.55930054286983,-1.0,0.0,1.0
0.23800000000000002,-5.81070615192276,0.0,5.81070615192276,-24.364455552972903,5.1750767376507225,24.18467645035527,60.781295768789256,580.4186201479988,4.641308422830759,-1.0,0.0,1.0
0.23850000000000002,-4.321856925285869,0.0,4.321856925285869,-24.15060747727102,3.776826448507047,23.988046237168422,60.282951337000526,575.6597813671088,3.4511975494801677,1.0,0.0,-1.0
0.23900000000000002,-5.155894789252931,0.0,5.155894789252931,-23.92486862707636,2.45886294604256,23.80330684647885,59.77493922974689,570.8086230859121,4.1167996888935505,-1.0,0.0,1.0
0.23950000000000002,-5.2233412256206,0.0,5.2233412256206,-23.69843176974655,1.2073689595662813,23.633887799137252,59.28058328095708,566.0878715121052,4.170553702831378,1.0,0.0,-1.0
0.24,-4.53862035730407,0.0,4.53862035730407,-23.463213531912672,0.0040444595159731,23.462991781741362,58.77204687158681,561.2317065144963,3.6238355147461325,-1.0,0.0,1.0
0.2405,-5.955654047271413,0.0,5.955654047271413,-23.23278603032869,-1.168664950635171,23.29530907353178,58.273351188586325,556.4695135316093,4.75526518151252,-1.0,0.0,1.0
0.241,-4.057904299769793,0.0,4.057904299769793,-23.00671512104519,-2.3273890243024495,23.122267025853546,57.77221805384316,551.6840445991186,3.240086693978893,1.0,0.0,-1.0
0.2415,-5.400791540373006,0.0,5.400791540373006,-22.78848265599844,-3.485316813056872,22.940591258877138,57.266228697108225,546.8522021625434,4.312719750672587,-1.0,0.0,1.0
0.242,-4.810457274417807,0.0,4.810457274417807,-22.58833015822821,-4.652789256310847,22.755755951509702,56.77148136899183,542.1277131914695,3.8421718725408303,1.0,0.0,-1.0
0.2425,-4.881806928840005,0.0,4.881806928840005,-22.398802397885106,-5.832330174444127,22.55772200361053,56.2625332327684,537.2676164920275,3.9008032470170235,-1.0,0.0,1.0
0.243,-5.50639307313765,0.0,5.50639307313765,-22.232545621575078,-7.026051605802702,22.359200251612677,55.7685907203796,532.550812945033,4.4028310097767545,1.0,0.0,-1.0
0.2435,-4.396945612454701,0.0,4.396945612454701,-22.07806695605103,-8.225595994845088,22.15114500340829,55.263278402371206,527.7254357520575,3.5190355167045113,-1.0,0.0,1.0
0.244,-5.891773372973859,0.0,5.891773372973859,-21.940031666440746,-9.423899614436634,21.94319114858831,54.76627886875922,522.9794398027346,4.720970806167989,-1.0,0.0,1.0
0.2445,-4.076580675878957,0.0,4.076580675878957,-21.810020789620832,-10.607135536669741,21.733989181558584,54.26999619212616,518.240289333313,3.2708804505968443,1.0,0.0,-1.0
0.245,-5.4599182798512915,0.0,5.4599182798512915,-21.678684175250506,-11.759161702296016,21.52308112758682,53.76965720434677,513.4624039457118,4.386825588312254,-1.0,0.0,1.0
0.2455,-4.651389812308876,0.0,4.651389812308876,-21.543305407153092,-12.867388751914204,21.317902397139072,53.28111746968946,508.79719312566107,3.7417418175876747,1.0,0.0,-1.0
0.246,-5.058692285184676,0.0,5.058692285184676,-21.383642475553273,-13.91008288832482,21.109292265652023,52.779786564904555,504.00983562838604,4.072746313323025,-1.0,0.0,1.0
0.2465,-5.177656249250893,0.0,5.177656249250893,-21.200265751401744,-14.879635485692338,20.90889574546312,52.2940574830534,499.3714645655801,4.1692454873216125,1.0,0.0,-1.0
0.247,-4.690952897245984,0.0,4.690952897245984,-20.969800161437195,-15.75479139956804,20.70434356383694,51.79310091025117,494.58768167542905,3.774468834895104,-1.0,0.0,1.0
0.2475,-5.648679990328066,0.0,5.648679990328066,-20.693034609509404,-16.533306642885606,20.506201101605857,51.30403114467956,489.9174094329781,4.536121103659521,1.0,0.0,-1.0
0.248,-4.363169740190826,0.0,4.363169740190826,-20.350938561675665,-17.200338071941935,20.30401667883885,50.801716170687854,485.12065476698666,3.491702325532354,-1.0,0.0,1.0
0.2485,-5.9612856420244515,0.0,5.9612856420244515,-19.942878078846523,-17.75725388057945,20.103674149376808,50.30196741107916,480.34840564324065,4.745916493876724,-1.0,0.0,1.0
0.249,-4.085085458487821,0.0,4.085085458487821,-19.459605587099727,-18.199790221044797,19.900239185133685,49.79339942663161,475.49193912585406,3.2291093072346495,-1.0,0.0,1.0
0.2495,-5.721127823683988,0.0,5.721127823683988,-18.899010178902362,-18.530485959888328,19.693346637847426,49.27578319620781,470.5490682240616,4.480736622423475,-1.0,0.0,1.0
0.25,0.0,-5.123599548903018,5.123599548903018,-18.261319438038573,-18.754329825304584,19.482324697492864,48.74777274541292,465.50693982917034,4.018836037652617,0.0,-1.0,1.0
0.2505,0.0,-4.966332656734577,4.966332656734577,-17.561192075874764,-18.89135306806222,19.279549866142023,48.24031708231284,460.66109519822925,3.929688137325475,0.0,1.0,-1.0
0.251,0.0,-4.93083767995995,4.93083767995995,-16.793300954065614,-18.940600872306447,19.073896088685842,47.725259301356424,455.7426556891998,3.927549409766253,0.0,-1.0,1.0
0.2515,0.0,-5.213191889597261,5.213191889597261,-15.974861588392896,-18.924180300104517,18.876935102386224,47.23103277582831,451.0231400165039,4.172351453107492,0.0,1.0,-1.0
0.252,0.0,-4.7533235094229855,4.7533235094229855,-15.103665333658482,-18.84079025363536,18.67623319989245,46.725923387591315,446.1997006601014,3.8165227491809244,0.0,-1.0,1.0
0.2525,0.0,-5.4310530091303155,5.4310530091303155,-14.198853078637502,-18.712816544150694,18.483050790343288,46.23754125244558,441.5359948045284,4.369019669780359,0.0,1.0,-1.0
0.253,0.0,-4.600689190996829,4.600689190996829,-13.262180613875401,-18.539555617341623,18.286097933191197,45.73723403188579,436.7584127715289,3.7042770475192386,0.0,-1.0,1.0
0.2535,0.0,-5.609252522546508,5.609252522546508,-12.312173997496924,-18.341072921305024,18.095292293472863,45.24964706633234,432.1023002262283,4.516737405571649,0.0,1.0,-1.0
0.254,0.0,-4.479082560138106,4.479082560138106,-11.353046951339826,-18.116676596316506,17.90095453037544,44.75071204934017,427.3378217720718,3.604991653745808,0.0,-1.0,1.0
0.2545,0.0,-5.742273496504208,5.742273496504208,-10.400748134144218,-17.88261080228419,17.71118215118527,44.26113508192287,422.6627061087676,4.6178050684525385,0.0,1.0,-1.0
0.255,0.0,-4.3916038764047824,4.3916038764047824,-9.46007906320604,-17.637631420520172,17.51795047247092,43.76161950517917,417.89268371735807,3.527963349259813,0.0,-1.0,1.0
0.2555,0.0,-5.828540177573696,5.828540177573696,-8.543257081625862,-17.39381612263609,17.327631762929347,43.26909723265386,413.18944246204273,4.677133727482137,0.0,1.0,-1.0
0.256,0.0,-4.339090263995693,4.339090263995693,-7.654016906897108,-17.148927617636563,17.133581585771307,42.768149959288756,408.4057483749749,3.4781701348187957,0.0,-1.0,1.0
0.2565,0.0,-5.868964052246662,5.868964052246662,-6.800493930286776,-16.91145234070189,16.940978684544458,42.27295517496532,403.6769865118709,4.6999009164609085,0.0,1.0,-1.0
0.257,0.0,-4.320987022136633,4.320987022136633,-5.984319484137648,-16.67788758530239,16.744087135193062,41.77040833145049,398.878017655034,3.4573738871665123,0.0,-1.0,1.0
0.2575,0.0,-5.865658415523971,5.865658415523971,-5.209843281116711,-16.45426309968392,16.54766175644458,41.27344510368788,394.1323684010346,4.690134728868156,0.0,1.0,-1.0
0.258,0.0,-4.336104637157879,4.336104637157879,-4.476305709668067,-16.235679482885384,16.34630532502189,40.769442643803814,389.31949943177324,3.4653133879632767,0.0,-1.0,1.0
0.2585,0.0,-5.821029516056314,5.821029516056314,-3.7849854642884826,-16.02704777039802,16.145161910304036,40.2717671305645,384.56704835250326,4.6502896567949605,0.0,1.0,-1.0
0.259,0.0,-4.383151794025163,4.383151794025163,-3.1330932528635578,-15.822019067240863,15.938580965857795,39.76650475859366,379.7421481090536,3.500723331343522,0.0,-1.0,1.0
0.2595,0.0,-5.737274987541764,5.737274987541764,-2.5197308948520227,-15.625644967746956,15.732796944830742,39.26901071657368,374.99142995227874,4.5815262760714415,0.0,1.0,-1.0
0.26,0.0,-4.461022184730484,4.461022184730484,-1.9408624356874358,-15.430106373275764,15.521359558598952,38.76261317309079,370.15568961938504,3.562070894329575,0.0,-1.0,1.0
0.2605,0.0,-5.616212666973018,5.616212666973018,-1.3942816355498797,-15.241583635991397,15.312073348147173,38.26587662272163,365.4122049750449,4.48430430768642,0.0,1.0,-1.0
0.261,0.0,-4.568875343131351,4.568875343131351,-0.8756574640877237,-15.050799847776792,15.097260882814592,37.75840069092295,360.56616679228944,3.648002266905829,0.0,-1.0,1.0
0.2615,0.0,-5.459320770336089,5.459320770336089,-0.3821765036530941,-14.865664928368817,14.886485005368879,37.26264579187958,355.8320562276029,4.358963960922075,0.0,1.0,-1.0
0.262,0.0,-4.70608306382785,4.70608306382785,0.08988347725567523,-14.675542345546862,14.670615997115696,36.75417139528969,350.9764834084259,3.7575451580582726,0.0,-1.0,1.0
0.2625,0.0,-5.2678735651242725,5.2678735651242725,0.5434765886809034,-14.490221390649788,14.460828988171992,36.25930688620664,346.2508754415472,4.206105578680894,0.0,1.0,-1.0
0.263,0.0,-4.872116944576698,4.872116944576698,0.9810176202446268,-14.297979611726753,14.246607999612081,35.75006850246243,341.3880070824461,3.8901343354790727,0.0,-1.0,1.0
0.2635,0.0,-5.043084782140502,5.043084782140502,1.4053563639215156,-14.1101523007639,14.040232473465656,35.255746544702994,336.6675800990694,4.026713117145615,0.0,1.0,-1.0
0.264,0.0,-5.066437879394773,5.066437879394773,1.817212747371137,-13.91448555840203,13.830244280586445,34.74626118383776,331.80235328218987,4.045527358068972,0.0,-1.0,1.0
0.2645,0.0,-4.786207676438762,4.786207676438762,2.2192210088018154,-13.723028162378787,13.629133527206825,34.25192221905654,327.0817638937182,3.8220665517292787,0.0,1.0,-1.0
0.265,0.0,-5.288424687603479,5.288424687603479,2.6104056552559625,-13.523931633679805,13.425400355859624,33.74308342863101,322.22271136973075,4.223665952441521,0.0,-1.0,1.0
0.2655,0.0,-4.498574518723606,4.498574518723606,2.9930566572579727,-13.328616911142017,13.230437565976448,33.24796617218772,317.49468984334794,3.5935396797925567,0.0,1.0,-1.0
0.266,0.0,-5.5373548588273875,5.5373548588273875,3.3649575934744504,-13.127046130740338,13.034126658518348,32.741090109895204,312.6543799924193,4.4245227257550255,0.0,-1.0,1.0
0.2665,0.0,-4.181582645030103,4.181582645030103,3.7277105464328097,-12.928152508026548,12.845001341633255,32.24420081582044,307.90943675313287,3.3423862312800816,0.0,1.0,-1.0
0.267,0.0,-5.812431483309632,5.812431483309632,4.078845301129565,-12.725648233219067,12.656324892137278,31.741025448724056,303.1044659382047,4.647958836133656,0.0,-1.0,1.0
0.2675,0.0,-4.1353718844016,4.1353718844016,4.418520068738123,-12.523654280497421,12.471571993503296,31.241241440431644,298.33188021432363,3.3085931036014102,0.0,-1.0,1.0
0.268,0.0,-5.862762880903269,5.862762880903269,4.745534703081433,-12.321903211437174,12.28976029783202,30.743602749952082,293.57978076650767,4.693410477392725,0.0,1.0,-1.0
0.2685,0.0,-4.445534414827192,4.445534414827192,5.0575504141960055,-12.117700565918708,12.107411965939306,30.240851905900612,288.7788638480428,3.561195028451664,0.0,-1.0,1.0
0.269,0.0,-5.470251459437456,5.470251459437456,5.35585098455363,-11.917321891822215,11.929965239768634,29.74817723216113,284.07416726833327,4.385164718400866,0.0,1.0,-1.0
0.2695,0.0,-4.780051175223392,4.780051175223392,5.635437837501298,-11.712258332635958,11.748063101744254,29.243939679000878,279.25905332365227,3.8346932141996195,0.0,-1.0,1.0
0.27,0.0,-5.0529673515228675,5.0529673515228675,5.900147458043505,-11.513230489154646,11.571617059345334,28.75457904180786,274.5860034618202,4.056640189649574,0.0,1.0,-1.0
0.2705,0.0,-5.138300950555391,5.138300950555391,6.1431533876032045,-11.30866022912238,11.388201133698619,28.250931527673078,269.77652397479045,4.12812243734226,0.0,-1.0,1.0
0.271,0.0,-4.611959511278189,4.611959511278189,6.369834166688012,-11.110479124804687,11.209071305339767,27.76261978172619,265.1134902865536,3.7077503385149786,0.0,1.0,-1.0
0.2715,0.0,-5.519809387998746,5.519809387998746,6.5732959613498805,-10.907617499219802,11.02239373046473,27.261870093984527,260.33168300320506,4.440248649385238,0.0,-1.0,1.0
0.272,0.0,-4.148135809293477,4.148135809293477,6.758356416588926,-10.709301831774946,10.836885443593431,26.771676810975627,255.6506819595264,3.3384726560742424,0.0,1.0,-1.0
0.2725,0.0,-5.924252157988005,5.924252157988005,6.920848208839033,-10.50926059873527,10.645704836850655,26.27634842634649,250.92064430747936,4.76958775246981,0.0,-1.0,1.0
0.273,0.0,-4.28793847605614,4.28793847605614,7.06192694983112,-10.309693989597967,10.450672000903076,25.78140391556848,246.19427238068812,3.452844243828057,0.0,-1.0,1.0
0.2735,0.0,-5.584598207632931,5.584598207632931,7.183151533845898,-10.11279438599855,10.253709727716744,25.29237348936435,241.52437580152474,4.496958042195257,0.0,1.0,-1.0
0.274,0.0,-4.7242172554136275,4.7242172554136275,7.279996595115544,-9.911920422629898,10.047889040436269,24.792713106906326,236.75297061740184,3.8033141380528646,0.0,-1.0,1.0
0.2745,0.0,-5.057989179787628,5.057989179787628,7.35967461879536,-9.716551254047952,9.84272679627239,24.30620955650991,232.10720392476105,4.070178713508271,0.0,1.0,-1.0
0.275,0.0,-5.183107912532313,5.183107912532313,7.414091241446255,-9.515223929376422,9.626618164685677,23.804272247961357,227.3140556980964,4.1679170942381685,0.0,-1.0,1.0
0.2755,0.0,-4.510826871594905,4.510826871594905,7.452639402365334,-9.319405096703282,9.411275938378408,23.315669671526162,222.6482447832706,3.6237800812344876,0.0,1.0,-1.0
0.276,0.0,-5.66455363384017,5.66455363384017,7.467788363263637,-9.118628490890746,9.186315534107147,22.814298047443554,217.86049844534506,4.544927789512315,0.0,-1.0,1.0
0.2765,0.0,-4.048866138369014,4.048866138369014,7.466149966474231,-8.920154465681266,8.959343891064085,22.318395642833952,213.12497930625858,3.2435886802147627,0.0,-1.0,1.0
0.277,0.0,-5.804716358804993,5.804716358804993,7.44617736891964,-8.72099625579355,8.72769821408913,21.82055584152631,208.37095939149867,4.641711373656443,0.0,1.0,-1.0
0.2775,0.0,-4.561665674505055,4.561665674505055,7.40660500357302,-8.518648352537912,8.489297084451984,21.314566402710504,203.53911617110887,3.6399783804143215,0.0,-1.0,1.0
0.278,0.0,-5.199415495385445,5.199415495385445,7.354290743086142,-8.319919467402997,8.251400121814966,20.817510813000315,198.79258492547888,4.138879841357282,0.0,1.0,-1.0
0.2785,0.0,-5.096697146490771,5.096697146490771,7.281232381264706,-8.114595995067347,8.004380049554715,20.303871583767254,193.8876915875777,4.046200689954093,0.0,-1.0,1.0
0.279,0.0,-4.576014364387867,4.576014364387867,7.1983743457728595,-7.913865685416778,7.759853762783165,19.80167148884006,189.0920339358448,3.62207631708114,0.0,1.0,-1.0
0.2795,0.0,-5.653681386059284,5.653681386059284,7.09712088508822,-7.707110693365148,7.507951297332205,19.28436492598764,184.1521201415343,4.46066609373387,0.0,-1.0,1.0
0.28,0.0,-4.057266397965066,4.057266397965066,6.985277765126834,-7.501839821833664,7.256622456073187,18.7707551133409,179.24750771134046,3.190016210015373,0.0,-1.0,1.0
0.2805,0.0,-5.736457989586658,5.736457989586658,6.861233079889971,-7.295246020205359,7.003714855047173,18.253827915858075,174.31121658945852,4.493599300581199,0.0,1.0,-1.0
0.281,0.0,-4.6440273845454785,4.6440273845454785,6.723062277589528,-7.084332036020673,6.746965559473099,17.726088879025752,169.27168000699336,3.6236377486109856,0.0,-1.0,1.0
0.28150000000000003,5.293532626428578,-4.856142098591638,-0.4373905278369397,6.595441333804522,-6.893984446738927,6.510469814681284,17.249809889415125,164.72355067775266,3.799678638576994,1.0,1.0,0.0
0.28200000000000003,5.4151436405268605,-5.4151436405268605,0.0,6.424381504879533,-6.666897738050887,6.240671189118593,16.681603283855704,159.29757727941774,4.249660918823297,-1.0,1.0,0.0
0.28250000000000003,4.938166143579501,-4.938166143579501,0.0,6.262653968140384,-6.457370335911524,5.989351490605235,16.157330218595774,154.2911382874543,3.8876220584688057,1.0,-1.0,0.0
0.28300000000000003,4.7211121592177765,-4.7211121592177765,0.0,6.100902990865335,-6.254632378956596,5.746555500577632,15.650040274868958,149.44687615995835,3.7272663356516538,-1.0,1.0,0.0
0.28350000000000003,5.566790944145993,-5.566790944145993,0.0,5.929176497453541,-6.0476947761686635,5.502501279462793,15.13223436635932,144.50219396586843,4.406007528764123,1.0,-1.0,0.0
0.28400000000000003,4.01696581313697,-4.01696581313697,0.0,5.756580512170751,-5.845197907695952,5.265439878004159,14.625529593239783,139.66351980605452,3.1864792988922668,-1.0,1.0,0.0
0.28450000000000003,5.765862896269517,-5.765862896269517,0.0,5.579646678869323,-5.642971764448247,5.031850012803432,14.119490081798292,134.83119842731128,4.582890664354174,-1.0,1.0,0.0
0.28500000000000003,4.63472608424918,-4.63472608424918,0.0,5.396901405107186,-5.438978808801478,4.800197885995317,13.609016508308333,129.95653487498862,3.690298754692658,1.0,-1.0,0.0
0.28550000000000003,5.038490613464175,-5.038490613464175,0.0,5.215992394338028,-5.240423390095196,4.5770597142619325,13.11213473300031,125.21166343463572,4.0179996509454865,-1.0,1.0,0.0
0.28600000000000003,5.299489964869483,-5.299489964869483,0.0,5.026889162392358,-5.036761264986947,4.353365589885431,12.60246229935544,120.3446502043003,4.2318884344195835,1.0,-1.0,0.0
0.28650000000000003,4.302724281914044,-4.302724281914044,0.0,4.840642580888104,-4.838676568651538,4.13854554642112,12.106733299800547,115.61078696151063,3.4400230438549375,-1.0,1.0,0.0
0.28700000000000003,5.978453861473433,-5.978453861473433,0.0,4.649508495859414,-4.638048977318463,3.925693779782574,11.604631870976643,110.81607150166096,4.7847475436119735,1.0,-1.0,0.0
0.28750000000000003,4.406722401929084,-4.406722401929084,0.0,4.456585313933805,-4.437659402118363,3.717283847464663,11.103118639488274,106.02697291261912,3.5300413074099053,1.0,-1.0,0.0
0.28800000000000003,5.267292028640121,-5.267292028640121,0.0,4.2656212673818965,-4.240950008439697,3.5162092065100388,10.610808823495413,101.3257604677436,4.222731350411222,-1.0,1.0,0.0
0.2885,5.104865121579429,-5.104865121579429,0.0,4.068140703251621,-4.039239627248894,3.3152611691885188,10.105985406554364,96.50505193606108,4.095304061067521,1.0,-1.0,0.0
0.289,4.504561664426742,-4.504561664426742,0.0,3.875273001795973,-3.8433643670844035,3.1233489515077775,9.615763352167196,91.82377614595818,3.6158416882871807,-1.0,1.0,0.0
0.2895,5.815854371304745,-5.815854371304745,0.0,3.677224836059545,-3.6434097038052076,2.9323050539141535,9.115340495711232,87.04508987149022,4.670779375650181,1.0,-1.0,0.0
0.29,4.24662541874399,-4.24662541874399,0.0,3.479948590635792,-3.4451111926078455,2.746718604530266,8.619070006252729,82.3060557810129,3.4119846898226793,1.0,-1.0,0.0
0.2905,5.419149306385627,-5.419149306385627,0.0,3.284152129317435,-3.249019109971497,2.566887411336013,8.128331417654904,77.61984745253586,4.355657830707102,-1.0,1.0,0.0
0.291,4.974641022421304,-4.974641022421304,0.0,3.083134585676833,-3.048377801553282,2.3873489051274572,7.626226328710234,72.82509704110748,3.9996286152915546,1.0,-1.0,0.0
0.2915,4.634572945293949,-4.634572945293949,0.0,2.8874126547269974,-2.853479077462229,2.21604231599333,7.138504641740861,68.16769800104984,3.7271925759198474,-1.0,1.0,0.0
0.292,5.713953262026976,-5.713953262026976,0.0,2.6864086578030637,-2.6537734334772076,2.044566407752376,6.638776456423443,63.39564534731326,4.596261235873536,1.0,-1.0,0.0
0.2925,4.145401954473019,-4.145401954473019,0.0,2.4875591674350734,-2.4565312554332985,1.8783843165969027,6.14523144640588,58.682637668355206,3.3351456785304316,1.0,-1.0,0.0
0.293,5.5067265582363705,-5.5067265582363705,0.0,2.289694836703135,-2.260529438737924,1.7163295006280401,5.654810610140593,53.99946365114232,4.431066324055042,-1.0,1.0,0.0
0.2935,4.899385503579753,-4.899385503579753,0.0,2.0874335044872794,-2.0603992013698424,1.5541220395037667,5.154084257066662,49.2178791974567,3.942859762621751,1.0,-1.0,0.0
0.294,4.705520740931765,-4.705520740931765,0.0,1.8906693292523225,-1.865861221733949,1.398885568298122,4.667368758396961,44.57008854789351,3.7872371643677067,-1.0,1.0,0.0
0.2945,5.663015887300882,-5.663015887300882,0.0,1.6886010415795951,-1.6662170477993878,1.2423368178895828,4.167901657624958,39.80052906791499,4.55826209440451,1.0,-1.0,0.0
0.295,4.093183051482024,-4.093183051482024,0.0,1.489319167122409,-1.4694203203151268,1.0901928769174178,3.675577657401402,35.09918117361372,3.294900408196532,1.0,-1.0,0.0
0.2955,5.542908694514218,-5.542908694514218,0.0,1.2907264826590559,-1.273376583047284,0.9406253547278318,3.1851561311909924,30.416000567910235,4.462132652574198,-1.0,1.0,0.0
0.296,4.869012689787976,-4.869012689787976,0.0,1.0881270240887473,-1.0734337335980761,0.7899459271812026,2.684998872278181,25.639850563154226,3.919803046321146,1.0,-1.0,0.0
0.2965,4.73022213166618,-4.73022213166618,0.0,0.8910674851199742,-0.8789946054257293,0.6448173585709299,2.1986233392846097,20.995306346661298,3.8081952126674583,-1.0,1.0,0.0
0.297,5.652785791141519,-5.652785791141519,0.0,0.6887256195437207,-0.6793716683302853,0.49711580336140837,1.6992943484355607,16.227065719298462,4.551042564764168,1.0,-1.0,0.0
0.2975,4.079599867791135,-4.079599867791135,0.0,0.4893357853704974,-0.48267887942557985,0.35251951175464524,1.2073046498032292,11.528910170040813,3.284532117588896,1.0,-1.0,0.0
0.298,5.5404376045611246,-5.5404376045611246,0.0,0.2905977115438794,-0.2866404009552208,0.2090814632772954,0.716958874472866,6.8464529319575,4.46071854208834,-1.0,1.0,0.0
0.2985,4.873020157109416,-4.873020157109416,0.0,0.08791607416829901,-0.08671827844847711,0.06321531020436516,0.2169035404267315,2.0712762379828242,3.9233878744029274,1.0,-1.0,0.0
0.299,4.721287145488459,-4.721287145488459,0.0,-0.10920063982070868,0.10771289564570515,-0.07852252096847784,-0.26941622216359246,-2.5727354103887996,3.801222801120651,-1.0,1.0,0.0
0.2995,5.672645971581706,-5.672645971581706,0.0,-0.3115254098360799,0.3072834535352693,-0.2241620102087268,-0.7685925305630092,-7.339518027756695,4.5671581057536255,1.0,-1.0,0.0
0.3,4.093929111091449,-4.093929111091449,0.0,-0.511010532532262,0.5040597584090261,-0.3681978177141661,-1.2607844380602733,-12.039604529437803,3.29606369529915,1.0,-1.0,0.0
