time_s,ia_A,ib_A,ic_A,ea_V,eb_V,ec_V,speed_rad_s,speed_rpm,electromagnetic_torque_Nm,phase_cmd_a,phase_cmd_b,phase_cmd_c
0.0,0.0,0.0,0.0,0.0,-119.76664369760206,119.76664369760206,300.0,2864.7889756541163,0.0,0.0,-1.0,1.0
0.0005,0.0,-5.154873037872936,5.154873037872936,32.53570507602018,-120.19119570168141,119.37014864397038,299.7704924441345,2862.5973399345403,4.119512580492335,0.0,-1.0,1.0
0.001,0.0,-5.6514509823298855,5.6514509823298855,70.38593180238739,-120.05894895909435,121.21435113827697,300.0310788290667,2865.085756610405,4.5446766187248855,0.0,-1.0,1.0
0.0015,0.0,-5.270683953558789,5.270683953558789,103.76867688743052,-120.01941488450068,119.77475803530967,300.3002184404534,2867.6558505824464,4.20871921415522,0.0,1.0,-1.0
0.002,4.773440183626837,-4.773440183626837,0.0,119.95061496348409,-120.06057815618887,103.30945991245098,300.4021248025153,2868.6289846577256,3.813818142966994,1.0,-1.0,0.0
0.0025,5.17414504514307,-5.17414504514307,0.0,121.42866810214572,-120.3155464127048,69.75589692683161,300.6571351127953,2871.0641537429537,4.160285866007326,1.0,-1.0,0.0
0.003,5.618720293890808,-5.618720293890808,0.0,119.81038550324978,-120.64983937314207,31.835098489714575,300.91693602340365,2873.545069691539,4.489872731129532,1.0,-1.0,0.0
0.0035,4.9318979769498945,-4.9318979769498945,0.0,120.26124454285865,-120.21477160967055,-0.8480205543379636,301.1807068115813,2876.063895178442,3.937845787411585,-1.0,1.0,0.0
0.004,4.387499889393573,-4.387499889393573,0.0,120.85113898482547,-120.05023089158774,-33.871455261268316,301.41505371021276,2878.3017432173697,3.5066421556492773,1.0,-1.0,0.0
0.0045000000000000005,4.782466561491403,-4.782466561491403,0.0,120.69996904664833,-121.9422195027953,-72.2178684096649,301.6608005725847,2880.6484528911187,3.846797962951065,1.0,-1.0,0.0
0.005,5.110840219676653,-5.110840219676653,0.0,120.66419387565732,-120.08816077047354,-105.43243027547308,301.9155940394438,2883.0815512742074,4.075466260767408,1.0,-1.0,0.0
0.0055,5.405860548086444,0.0,-5.405860548086444,120.73638172412518,-102.58376549608826,-120.94742892757618,302.08966259524203,2884.743783539737,4.324904619009643,1.0,0.0,-1.0
0.006,5.688838915220296,0.0,-5.688838915220296,121.0106450334616,-68.04516995146183,-122.00462212885549,302.35208070176554,2887.2496918683382,4.572400181989465,1.0,0.0,-1.0
0.006500000000000001,5.680025433222333,0.0,-5.680025433222333,121.32609280525223,-29.889087848066435,-120.45158533244607,302.61631712637995,2889.7729638556775,4.538100833584743,-1.0,0.0,1.0
0.007,4.223573560441391,0.0,-4.223573560441391,120.82780482453944,2.8985051801296575,-120.98583952255257,302.85597596204184,2892.0615371567515,3.372288466734305,1.0,0.0,-1.0
0.0075,4.595989111250475,0.0,-4.595989111250475,120.78587060868898,36.64855568729555,-121.52298527132493,303.09595907634883,2894.3532070907845,3.6742451683546866,1.0,0.0,-1.0
0.008,4.872009713139644,0.0,-4.872009713139644,122.75155104347026,75.56154518045277,-121.35258912384887,303.34579348104336,2896.738949918478,3.9205348070438957,1.0,0.0,-1.0
0.0085,5.108052068914828,0.0,-5.108052068914828,120.03774738017862,108.03978778122215,-121.33656275531763,303.6005879407221,2899.1720577822957,4.0611006475100915,1.0,0.0,-1.0
0.009000000000000001,0.0,5.511866706041122,-5.511866706041122,100.66470918850247,122.10686422416603,-121.4021708262528,303.7468916536986,2900.5691553290703,4.41877556542976,0.0,1.0,-1.0
0.0095,0.0,5.683940813338539,-5.683940813338539,64.75863524865663,122.47383172401518,-121.70346592569771,304.0075709017438,2903.0584587823423,4.565311658802359,0.0,1.0,-1.0
0.01,0.0,5.932079956440179,-5.932079956440179,26.57849031024767,121.07145989676226,-121.97158077922074,304.2677574269629,2905.5430570792137,4.738427634720235,0.0,1.0,-1.0
0.0105,0.0,4.020854025953472,-4.020854025953472,-6.204508146403776,121.73664338315295,-121.40496693740067,304.51870045147547,2907.93938644635,3.210433123761452,0.0,1.0,-1.0
0.011,0.0,4.284972704786611,-4.284972704786611,-40.93909099547621,122.1779808698883,-121.5791170213879,304.75860161569716,2910.2302738147127,3.4272781983007956,0.0,1.0,-1.0
0.0115,0.0,4.441961786277254,-4.441961786277254,-80.35025877594995,121.98837216850391,-123.57267444137345,305.00827549994483,2912.6144837850516,3.576207181432755,0.0,1.0,-1.0
0.012,0.0,4.603050864594481,-4.603050864594481,-111.36644040066024,121.99833083013908,-119.41171147610905,305.25815535425767,2915.0006606246297,3.640271961513924,0.0,1.0,-1.0
0.0125,-4.317238479428583,4.317238479428583,0.0,-123.33247127336936,122.10347222088822,-97.40590906690554,305.48202472137257,2917.138455607621,3.4686345308033264,-1.0,1.0,0.0
0.013000000000000001,-4.379739014964544,4.379739014964544,0.0,-122.87717946816889,122.43991694081754,-59.89512570552801,305.7366636240676,2919.570078011666,3.514216598835409,-1.0,1.0,0.0
0.0135,-4.531960759521779,4.531960759521779,0.0,-121.74366813962543,122.61835214941472,-21.965643985700137,305.98391987366824,2921.931201271724,3.6192721745790553,-1.0,1.0,0.0
0.014,-4.706652209693343,4.706652209693343,0.0,-122.53082760512667,121.98021134334518,10.841752111499734,306.2299561847646,2924.2806749771885,3.758053053003361,-1.0,1.0,0.0
0.0145,-4.850696203086077,4.850696203086077,0.0,-122.83776675026166,122.49568928481172,46.88556706797155,306.47810421423145,2926.6503141076787,3.8829464399436056,-1.0,1.0,0.0
0.015,-4.874997684464081,4.874997684464081,0.0,-122.64552298388405,124.35281129618937,86.54068147786965,306.7326551159526,2929.0810961643238,3.9256215065417708,-1.0,1.0,0.0
0.0155,-4.994978016790329,4.994978016790329,0.0,-122.68742019937004,117.94169964623357,115.19848323926502,306.98279829976383,2931.469787615382,3.915324150035022,-1.0,1.0,0.0
0.016,-4.733793322507133,0.0,4.733793322507133,-122.79451254857224,92.46813577402267,124.41187407949882,307.16880224151805,2933.2459944212674,3.8097096246804574,-1.0,0.0,1.0
0.0165,-4.695866075115708,0.0,4.695866075115708,-123.17222344000395,53.395448375786025,123.18401208230111,307.42541286723326,2935.696445393217,3.7630457352008664,-1.0,0.0,1.0
0.017,-4.752951642846704,0.0,4.752951642846704,-123.2115615640986,16.09377948244228,122.46553528899727,307.67501785930483,2938.0799974917327,3.7952101838560663,-1.0,0.0,1.0
0.0175,-4.818765444635675,0.0,4.818765444635675,-122.55381110052508,-16.933644508452016,123.32485880520777,307.9233424858125,2940.4513229997415,3.8478136426741276,-1.0,0.0,1.0
0.018000000000000002,-4.842633621770302,0.0,4.842633621770302,-123.53882086678186,-54.57491116948683,123.46358632785024,308.1732603804899,2942.837863098043,3.8813950316847494,-1.0,0.0,1.0
0.0185,-4.738795136796074,0.0,4.738795136796074,-124.87375525677751,-93.86390757482614,123.29509836893648,308.43012575557356,2945.290746747266,3.812926359851664,-1.0,0.0,1.0
0.019,-0.6659008399827222,-2.3879012802839235,3.0538021202666457,-115.17398281125797,-119.09325751679775,123.35518147139382,308.65362130464786,2947.424972030919,2.3903160623886905,0.0,-1.0,1.0
0.0195,0.0,-4.930327555099514,4.930327555099514,-85.62475313269638,-125.18248976528434,123.47727520703025,308.79333903835,2948.7591781082965,3.9702089912480725,0.0,-1.0,1.0
0.02,0.0,-4.809444084724161,4.809444084724161,-45.39104822300384,-123.44150499016995,123.8794885203831,309.0492405550392,2951.2028575878444,3.848825148805359,0.0,-1.0,1.0
0.0205,0.0,-4.77425161130245,4.77425161130245,-9.066868549195364,-123.24411036918819,123.71582738530654,309.2993000496136,2953.590749865559,3.8119998349896758,0.0,-1.0,1.0
0.021,0.0,-4.735178084792261,4.735178084792261,24.615696009824966,-124.0704251709623,123.16154521474142,309.54876536850736,2955.972968183475,3.7819159337842283,0.0,-1.0,1.0
0.021500000000000002,0.0,-4.635344275236549,4.635344275236549,63.96937625915662,-124.03995227017347,124.69493557143797,309.8013476151227,2958.3849509686406,3.721648880109446,0.0,-1.0,1.0
0.022,0.0,-4.417025581706368,4.417025581706368,101.84995388635033,-123.92813959122596,124.79448448671998,310.0629235335994,2960.882816993803,3.5431975573899086,0.0,-1.0,1.0
0.0225,4.171751635952196,-4.171751635952196,0.0,122.57196934696545,-123.98435603843666,110.60885625683524,310.2259289405299,2962.4394039696244,3.3155570112841524,1.0,-1.0,0.0
0.023,4.385124317512476,-4.385124317512476,0.0,125.62009170212448,-124.21461234778336,76.79101937067978,310.49018869121545,2964.9628987045344,3.5284729630452882,-1.0,1.0,0.0
0.0235,5.942501306285903,-5.942501306285903,0.0,123.79299211096291,-124.58909975706801,36.1264744678204,310.73893773242105,2967.338277074369,4.750003060945004,1.0,-1.0,0.0
0.024,5.810862406868104,-5.810862406868104,0.0,124.12661479092456,-124.17573490497865,0.8963460630596907,310.98268499493724,2969.6658919760434,4.639649919443043,1.0,-1.0,0.0
0.0245,5.663442037945787,-5.663442037945787,0.0,124.78480104490514,-123.93956171077191,-34.1355204205584,311.22676543564756,2971.996688495109,4.526076058786283,1.0,-1.0,0.0
0.025,5.425875820364626,-5.425875820364626,0.0,124.6231333036932,-125.92711339456832,-74.96320227185257,311.47328028521065,2974.35073190632,4.364594369384302,1.0,-1.0,0.0
0.025500000000000002,5.131352427933386,-5.131352427933386,0.0,124.58389389806447,-123.62099778515517,-109.94956927387767,311.72473921098333,2976.751987767598,4.085741724533479,1.0,-1.0,0.0
0.026000000000000002,5.020226639248815,0.0,-5.020226639248815,124.63854136413627,-103.72311180023503,-125.29666038942801,311.84574874280224,2977.907543676611,4.023564095350622,1.0,0.0,-1.0
0.0265,4.672336468191476,0.0,-4.672336468191476,124.94990660881227,-65.90372632583986,-125.70367761249365,312.1048039850301,2980.381339016677,3.7523865941399737,1.0,0.0,-1.0
0.027,4.401495734723113,0.0,-4.401495734723113,125.20625025565984,-25.81525552391646,-124.28422096479301,312.3626773524662,2982.8438482838296,3.5155648371260595,1.0,0.0,-1.0
0.0275,4.16407893335094,0.0,-4.16407893335094,124.5805376015498,8.593589820900489,-125.03047401174148,312.6200512417081,2985.3015878855676,3.324802586599576,1.0,0.0,-1.0
0.028,5.198469758195533,0.0,-5.198469758195533,124.96210474706504,45.73299674914645,-125.41596109717285,312.8793091609888,2987.777318648922,4.1600155884294825,-1.0,0.0,1.0
0.0285,5.6857068623152385,0.0,-5.6857068623152385,126.93821191594655,87.1176665016405,-125.20545103758492,313.11910006904714,2990.067153148481,4.578497301595663,1.0,0.0,-1.0
0.029,5.396593719979723,0.0,-5.396593719979723,120.57066312216416,117.37055475753289,-125.236686695395,313.36145093090767,2992.381433406142,4.233202253849598,1.0,0.0,-1.0
0.029500000000000002,0.0,4.498888061519127,-4.498888061519127,94.0665042795285,127.02043266250416,-125.35672686366581,313.5750567349672,2994.4212185814936,3.6208766150429033,0.0,1.0,-1.0
0.03,0.0,4.043438423322641,-4.043438423322641,53.2740515193149,125.69376199465013,-125.7549606241706,313.84793051276984,2997.0269712161407,3.2395224810665697,0.0,1.0,-1.0
0.0305,0.0,5.8570775912233985,-5.8570775912233985,14.674472051128621,125.04628687969877,-125.7501877709219,314.0933424892966,2999.3704829656317,4.676744817295942,0.0,1.0,-1.0
0.031,0.0,5.516516763276842,-5.516516763276842,-19.797374793756696,125.9288753507563,-125.07898447196608,314.33070222948663,3001.6371015221666,4.405198272408521,0.0,1.0,-1.0
0.0315,0.0,5.124010716413044,-5.124010716413044,-59.54706700963997,125.99690902801075,-126.31345173826801,314.5749432044837,3003.9694310307486,4.109802831905991,0.0,1.0,-1.0
0.032,0.0,4.6000218145178025,-4.6000218145178025,-99.71102653431326,125.84371802668363,-127.17777890740139,314.83520390627143,3006.454737661674,3.696868682401993,0.0,1.0,-1.0
0.0325,-3.814399134358651,3.814399134358651,0.0,-123.37174385722712,125.90864669822301,-114.68981907782856,315.04226529541234,3008.432028277989,3.0181820367996886,-1.0,1.0,0.0
0.033,-5.497155121590254,5.497155121590254,0.0,-127.67774971292644,126.10252621452156,-81.32636310094381,315.2671259641334,3010.5792894940228,4.425039684384568,-1.0,1.0,0.0
0.0335,-4.984713804206758,4.984713804206758,0.0,-125.76898744514284,126.49988102561441,-39.31762386468439,315.5148927921163,3012.945288418484,3.9855111114083783,-1.0,1.0,0.0
0.034,-4.5399607244639615,4.5399607244639615,0.0,-125.99023748951655,126.13446848792138,-2.641850831074058,315.76992532662706,3015.380669729482,3.624905891910384,-1.0,1.0,0.0
0.0345,-4.079628835248489,4.079628835248489,0.0,-126.71127474628231,125.82685332830253,33.27134432544342,316.0356271345419,3017.9179350965687,3.259954703949095,-1.0,1.0,0.0
0.035,-5.693562010838007,5.693562010838007,0.0,-126.55242471490206,127.83021189717444,75.26604709697826,316.27904401221724,3020.24239505541,4.579321151531563,-1.0,1.0,0.0
0.035500000000000004,-5.091036792583723,5.091036792583723,0.0,-126.50121309037209,125.57145062873491,111.50659511595389,316.52193866955287,3022.5618681773444,4.05441471385125,-1.0,1.0,0.0
0.036000000000000004,-4.7435492651919535,0.0,4.7435492651919535,-126.54819760611572,104.99012410267001,127.27276469990386,316.62243118060746,3023.521500970028,3.802675112902036,-1.0,0.0,1.0
0.0365,-4.08068268639028,0.0,4.08068268639028,-126.87893027314387,65.82755601174674,127.57424289383147,316.9002497731653,3026.1744731073322,3.2765599237702765,-1.0,0.0,1.0
0.037,-5.665121402526548,0.0,5.665121402526548,-127.108574128844,24.690096474190934,126.18122895126965,317.1405238433311,3028.4689214651544,4.524547878907278,-1.0,0.0,1.0
0.0375,-5.128276656949385,0.0,5.128276656949385,-126.43311669845863,-10.664626018655074,126.97887695975703,317.37850286868667,3030.741453759406,4.094690723921275,-1.0,0.0,1.0
0.038,-4.555130203070619,0.0,4.555130203070619,-126.99052468885833,-49.39345808190086,127.30369550482422,317.6332635942196,3033.1742394858607,3.6467946390851926,-1.0,0.0,1.0
0.0385,-5.994069932328974,0.0,5.994069932328974,-128.87041822726894,-91.81285376458563,127.10494106302026,317.91100025871475,3035.8264292677964,4.82630108203363,-1.0,0.0,1.0
0.039,-5.070714419176342,-0.22127860822502896,5.291993027401372,-120.68119698031217,-121.07071116148812,127.14500153573759,318.13635869891004,3037.9784438512697,4.122699810465617,0.0,-1.0,1.0
0.0395,0.0,-4.385121408958187,4.385121408958187,-91.06716164774326,-129.0415687816707,127.26876765076192,318.31069859322406,3039.6432672087612,3.53099015708378,0.0,-1.0,1.0
0.04,0.0,-5.787558320824031,5.787558320824031,-48.51267562856032,-127.31974141868115,127.68664479878868,318.572510535242,3042.14338709272,4.632742259953773,0.0,-1.0,1.0
0.0405,0.0,-5.147662191074833,5.147662191074833,-9.726771393742123,-127.02355354328071,127.52739421806817,318.8061178412324,3044.374172542165,4.110154153772921,0.0,-1.0,1.0
0.041,0.0,-4.49713063312679,4.49713063312679,26.101364396739395,-127.88940336709021,126.94865660929943,319.0617989338398,3046.8157471267814,3.591906175656163,0.0,-1.0,1.0
0.0415,0.0,-5.9207654636325495,5.9207654636325495,68.0786472009558,-127.83721023154743,128.64998048236322,319.3304499305717,3049.381175172569,4.7555768670768135,0.0,-1.0,1.0
0.042,0.0,-5.101921159083843,5.101921159083843,107.50400621974482,-127.72115712835777,128.16346122182026,319.562842702235,3051.600362673511,4.08527830584271,0.0,-1.0,1.0
0.0425,4.274633277498848,-4.274633277498848,0.0,127.36301475405534,-127.77421769818899,110.996724656752,319.70453204392936,3052.9533962203564,3.41133138525376,1.0,-1.0,0.0
0.043000000000000003,5.57824265519411,-5.57824265519411,0.0,129.1681170974143,-128.04656116662736,73.16312792837122,319.9549908858776,3055.3451019845847,4.4843991520866044,1.0,-1.0,0.0
0.043500000000000004,4.795072477968004,-4.795072477968004,0.0,127.43524122379729,-128.37141152970787,30.49223548434621,320.1995646397104,3057.6806092969664,3.8307717303727067,1.0,-1.0,0.0
0.044,4.048202876136407,-4.048202876136407,0.0,128.10163548913482,-127.77863168300814,-6.019329022271127,320.4731638824465,3060.2932896114253,3.2322682528662083,1.0,-1.0,0.0
0.0445,5.43525682309516,-5.43525682309516,0.0,128.5635281320407,-127.99494656106958,-44.57735249257777,320.70255831589986,3062.483845091537,4.34814492101755,1.0,-1.0,0.0
0.045,4.552926037437735,-4.552926037437735,0.0,128.34632456235286,-130.10463010059559,-88.09298125670125,320.9575387679008,3064.918729051203,3.666242224447357,1.0,-1.0,0.0
0.0455,5.8848073041551245,-5.8848073041551245,0.0,128.37863907742275,-123.67695315760935,-120.21184814806948,321.2230964036183,3067.454617675217,4.6176585894499045,1.0,-1.0,0.0
0.046,5.340139192590459,0.0,-5.340139192590459,128.43631475302575,-95.63931910535658,-130.16552057969045,321.2714201688782,3067.9160756418128,4.2984520546836915,1.0,0.0,-1.0
0.0465,4.394928546645438,0.0,-4.394928546645438,128.8491648610893,-52.686609488170575,-128.67791950271604,321.53527875923174,3070.435739577734,3.5200278456920655,1.0,0.0,-1.0
0.047,5.691470812959497,0.0,-5.691470812959497,128.7818659883089,-12.579663456166044,-128.15366169840462,321.78845111636963,3072.8533575032975,4.544417462988578,1.0,0.0,-1.0
0.0475,4.857187565225593,0.0,-4.857187565225593,128.1246278781879,23.749769593222272,-129.0531905724896,322.0246175752817,3075.108581062999,3.879085118511015,1.0,0.0,-1.0
0.048,4.748631464553285,0.0,-4.748631464553285,129.70540616530417,66.13857492349781,-129.05067345494558,322.3073542073272,3077.808517017991,3.812315311113802,-1.0,0.0,1.0
0.0485,5.071664927724243,0.0,-5.071664927724243,129.65161982489698,106.9293626781125,-128.9100537893747,322.53169157720305,3079.9507810981495,4.065765337076327,1.0,0.0,-1.0
0.049,0.0,4.036075049125203,-4.036075049125203,113.16244175510016,128.19001883682324,-128.96184568153654,322.6780249190512,3081.348161579807,3.2164701159273115,0.0,1.0,-1.0
0.0495,0.0,5.153870260692663,-5.153870260692663,75.16684435886364,130.4271919414345,-129.2172737357916,322.9065932561986,3083.530828421285,4.144151646186941,0.0,1.0,-1.0
0.05,0.0,4.165236566358071,-4.165236566358071,31.612703417391288,128.63233414872045,-129.5695673144256,323.1801164991919,3086.1427829916597,3.327778989398837,0.0,1.0,-1.0
0.0505,0.0,5.37707013376691,-5.37707013376691,-5.657550809170484,129.26587201093878,-128.96141402489008,323.4127432717456,3088.3642050365056,4.293294733597607,0.0,1.0,-1.0
0.051000000000000004,0.0,4.42224163175551,-4.42224163175551,-44.88666241003537,129.75297519574352,-129.1747488233156,323.6684647592464,3090.8061653639393,3.5376970123564484,0.0,1.0,-1.0
0.051500000000000004,0.0,5.478443037910974,-5.478443037910974,-89.18850627551338,129.5292800027804,-131.30865326709244,323.9196822213012,3093.2051154165606,4.411543471968284,0.0,1.0,-1.0
0.052000000000000005,0.0,4.484209645567602,-4.484209645567602,-121.6489010829282,129.5573398865841,-124.54600904973097,324.17239415193063,3095.6183365928396,3.514959042864162,0.0,1.0,-1.0
0.0525,-5.5271066087163225,5.5271066087163225,0.0,-131.40962319710988,129.63818399037987,-95.54190663355077,324.26775572852114,3096.528972570564,4.449529855521103,-1.0,1.0,0.0
0.053,-4.393422029643232,4.393422029643232,0.0,-129.80178135068923,130.05868176730644,-51.651768518830735,324.5268916977975,3099.003538797159,3.517972508605034,-1.0,1.0,0.0
0.0535,-5.493381088000398,5.493381088000398,0.0,-129.37504691831018,129.94122736366785,-11.088459892409698,324.7729056313126,3101.352798812463,4.386212926790401,-1.0,1.0,0.0
0.054,-4.461685145114406,4.461685145114406,0.0,-130.27477644085917,129.31922258025674,26.046716051604495,325.02399881655646,3103.750562108958,3.5635112896603665,-1.0,1.0,0.0
0.0545,-5.490507031668347,5.490507031668347,0.0,-130.2148019896788,131.05630019473878,69.55892321854463,325.2740089219196,3106.137982754446,4.410161231356272,-1.0,1.0,0.0
0.055,-4.27480985283698,4.27480985283698,0.0,-130.10926279295012,130.40151466557464,110.25889024205689,325.54032423453765,3108.6811066599003,3.420878936790634,-1.0,1.0,0.0
0.0555,-3.612602481379231,0.0,3.612602481379231,-130.1410895199225,111.79366188096961,130.07166615187725,325.6240063676671,3109.480212168062,2.886904001067574,-1.0,0.0,1.0
0.056,-4.527962107373797,0.0,4.527962107373797,-130.41813711702954,71.81166886035561,131.39576628157525,325.82626101293715,3111.4116017615434,3.6383913012015805,-1.0,0.0,1.0
0.0565,-5.495734544144623,0.0,5.495734544144623,-130.71124496588808,27.909872138586472,129.74661422579328,326.07899379080834,3113.825022014316,4.389756106067905,-1.0,0.0,1.0
0.057,-4.378730164469754,0.0,4.378730164469754,-130.0297141354366,-9.64413314233113,130.53103313386163,326.333249617451,3116.2529863115215,3.4961966182800035,-1.0,0.0,1.0
0.0575,-5.360929219467454,0.0,5.360929219467454,-130.54876288903301,-50.41867310283823,130.88973236641365,326.57485221494153,3118.560121170789,4.291675426943371,-1.0,0.0,1.0
0.058,-4.075213465233566,0.0,4.075213465233566,-132.48361620434326,-95.18359853713105,130.67752723445253,326.8554886740866,3121.2400019518736,3.281076415814419,-1.0,0.0,1.0
0.0585,-3.042007545296291,-1.1464440689138073,4.1884516142100985,-123.13607333275834,-125.3243644323621,130.71537110977386,327.06997077599056,3123.288155155239,3.2584869930691944,0.0,-1.0,1.0
0.059000000000000004,0.0,-5.786762502618493,5.786762502618493,-90.51000400940475,-132.63972795145963,130.83590036897556,327.192945746269,3124.4624796190224,4.659852561432942,0.0,-1.0,1.0
0.059500000000000004,0.0,-4.489266819051189,4.489266819051189,-45.36921238945204,-130.6768469048376,131.26349986492397,327.43601109895604,3126.7835827614936,3.591297436642888,0.0,-1.0,1.0
0.06,0.0,-5.401033727236596,5.401033727236596,-5.245323145140608,-130.67655020196264,130.95968288916407,327.682311773796,3129.1355809547526,4.312427215075921,0.0,-1.0,1.0
0.0605,0.0,-4.175345849104891,4.175345849104891,33.20510509962291,-131.48509823681266,130.54736245410317,327.949306603292,3131.685193768408,3.336113615876673,0.0,-1.0,1.0
0.061,0.0,-4.992110914719609,4.992110914719609,78.32310499557698,-131.3121889500945,132.65040438511207,328.17890410364606,3133.877688394582,4.015281076233377,0.0,-1.0,1.0
0.0615,0.0,-5.733376286671956,5.733376286671956,116.88674876588959,-131.2686639035325,129.86222686919822,328.4520595127129,3136.486130409698,4.558234949401957,0.0,-1.0,1.0
0.062,4.495647022070406,-4.495647022070406,0.0,132.45924800778243,-131.3050046469997,106.2092593513572,328.5110913230965,3137.0498426750314,3.6095919081461116,1.0,-1.0,0.0
0.0625,5.1873319590221065,-5.1873319590221065,0.0,132.05247295638395,-131.67204387123837,63.00898604753145,328.76022061248153,3139.4288521475078,4.161168318870665,1.0,-1.0,0.0
0.063,5.971169423863767,-5.971169423863767,0.0,130.94250790510432,-131.80760116870673,19.653554087441577,329.0428181290267,3142.127459647327,4.768149708720254,1.0,-1.0,0.0
0.0635,4.677300972190166,-4.677300972190166,0.0,131.87334540105834,-131.04630035960645,-18.197676965670215,329.26392976020577,3144.2389201919627,3.7348588884906073,1.0,-1.0,0.0
0.064,5.439977179972379,-5.439977179972379,0.0,131.98938508771354,-132.2638818776761,-61.476268764265384,329.51760495698005,3146.661339882349,4.362533959945917,1.0,-1.0,0.0
0.0645,5.09123891619369,-5.09123891619369,0.0,131.82530416878728,-133.12440709976562,-105.42346186267379,329.8059735432712,3149.4150570387883,4.090048055687376,-1.0,1.0,0.0
0.065,2.9490456176881406,0.0,-2.9490456176881406,131.8583960967417,-118.21125392744712,-130.11335890391408,329.9283525133089,3150.5836901195075,2.3416194763424913,1.0,0.0,-1.0
0.0655,5.743665571006594,0.0,-5.743665571006594,132.0562586719786,-79.86131726743697,-133.4605761332551,330.0589973184603,3151.831256111255,4.620506985064909,1.0,0.0,-1.0
0.066,4.29546008369348,0.0,-4.29546008369348,132.43350345839855,-34.17861711829168,-131.49954700029278,330.3104663693071,3154.2326086598687,3.4322675132709994,1.0,0.0,-1.0
0.0665,5.02675485224711,0.0,-5.02675485224711,131.82634275285116,4.94016203776513,-132.09353849168997,330.5424809817886,3156.448185006627,4.0135856054265275,1.0,0.0,-1.0
0.067,5.720926880991969,0.0,-5.720926880991969,132.0239072647263,45.84163322389089,-132.61640302320586,330.8108743541773,3159.011152921154,4.576596424999499,1.0,0.0,-1.0
0.0675,4.181921108842506,0.0,-4.181921108842506,134.216219598544,92.06338105829586,-132.3846893875655,331.0725870890391,3161.510325446555,3.3675514446195067,1.0,0.0,-1.0
0.068,4.869965699109472,0.0,-4.869965699109472,126.51159411393007,125.21746417710301,-132.40588207819107,331.29989111794686,3163.6809190336776,3.805975376873035,1.0,0.0,-1.0
0.0685,0.0,5.283992333391634,-5.283992333391634,94.95896238620016,134.33955673982666,-132.49449524124424,331.38252175406467,3164.469983485016,4.254747889214857,0.0,1.0,-1.0
0.069,0.0,5.7994723711161,-5.7994723711161,48.855590485117034,132.47858014025735,-132.94175404776016,331.659407809871,3167.1140505523035,4.641200757791367,0.0,1.0,-1.0
0.0695,0.0,4.316795220537782,-4.316795220537782,7.246643951774883,132.31060447998507,-132.69653760339125,331.9036562498861,3169.4464513465573,3.4467278163775523,0.0,1.0,-1.0
0.07,0.0,4.9414817273448755,-4.9414817273448755,-31.995780931281647,133.15841957234454,-132.1904599255716,332.13620158360163,3171.6670957077836,3.9478281294198063,0.0,1.0,-1.0
0.07050000000000001,0.0,5.466223956893795,-5.466223956893795,-78.1376405083866,133.0089705469069,-134.29802952393857,332.3966711786235,3174.1543971221563,4.395832011348476,0.0,1.0,-1.0
0.07100000000000001,0.0,5.916606344169142,-5.916606344169142,-118.02004678437018,132.95648537458854,-131.67647775819103,332.67483571305314,3176.8106727609966,4.706484832829957,0.0,1.0,-1.0
0.07150000000000001,-4.341298501590639,4.341298501590639,0.0,-134.1549274690595,132.98639810966716,-107.57324515366355,332.71777932639156,3177.2207540612185,3.4856575407416805,-1.0,1.0,0.0
0.07200000000000001,-4.750116653928529,4.750116653928529,0.0,-133.70652038343056,133.35935590985147,-63.217520117319864,332.96064140131176,3179.5399160440047,3.8100421159019833,-1.0,1.0,0.0
0.0725,-5.262229027358164,5.262229027358164,0.0,-132.61217984120927,133.4623336513608,-18.894117954419272,333.2122195121201,3181.942310038537,4.201961831984603,-1.0,1.0,0.0
0.073,-5.786184351634953,5.786184351634953,0.0,-133.5865221195641,132.70911469427676,19.94508097675988,333.48271956882917,3184.52539530645,4.620436251188991,-1.0,1.0,0.0
0.0735,-4.15857746176152,4.15857746176152,0.0,-133.65993485782343,134.09146687570635,64.66976160486719,333.73844931579674,3186.9674345059816,3.3363400198174524,-1.0,1.0,0.0
0.074,-4.5006616873097,4.5006616873097,0.0,-133.48774880841518,134.51118518996154,109.09584241451965,333.97780028289486,3189.2530678788307,3.6115350585118238,-1.0,1.0,0.0
0.0745,-3.17474977819394,0.0,3.17474977819394,-133.52125185562065,117.49753700027762,132.60862356872235,334.08668993028743,3190.292887416875,2.528971636524984,-1.0,0.0,1.0
0.075,-5.65063026018113,0.0,5.65063026018113,-133.75691911559784,76.71208097362575,134.9454385549622,334.2293669484252,3191.655352579009,4.5428015111238675,-1.0,0.0,1.0
0.0755,-5.242714837958486,0.0,5.242714837958486,-134.0998449576016,30.277490146028025,133.1126341667786,334.50709048971436,3194.3074170435584,4.188009369673246,1.0,0.0,-1.0
0.076,-4.390800370711161,0.0,4.390800370711161,-133.38786673612304,-9.36537792446621,133.8773981630935,334.7306215375776,3196.441981315675,3.5058293107670044,-1.0,0.0,1.0
0.0765,-4.808946441915391,0.0,4.808946441915391,-133.9285993941782,-52.26015992552165,134.24989410797048,334.96738794631045,3198.702933974152,3.8500942435987158,-1.0,0.0,1.0
0.077,-5.079719415380292,0.0,5.079719415380292,-135.83693851349756,-99.17858741495104,134.0154968076667,335.2210717162318,3201.1254355320625,4.089166137351138,-1.0,0.0,1.0
0.0775,-1.3715931954563074,-2.2945567983779265,3.666149993834234,-124.9026861813408,-129.63746902471698,134.06786548198536,335.4583890963504,3203.391649579712,2.8626176770617264,0.0,-1.0,1.0
0.078,0.0,-5.468397123239321,5.468397123239321,-88.90103921822055,-135.96706326182843,134.20797629349582,335.5688111880552,3204.4461028829937,4.402746500321943,0.0,-1.0,1.0
0.0785,0.0,-5.729136108130796,5.729136108130796,-41.399376027534224,-133.8561826418311,134.6486193109622,335.83690914997766,3207.006249835363,4.580498790224644,0.0,-1.0,1.0
0.079,0.0,-4.512580152082626,4.512580152082626,-0.08669197646130293,-134.17936225549224,134.18411539695452,336.10795464473125,3209.5945436529328,3.6030438615424902,0.0,1.0,-1.0
0.0795,0.0,-4.315874985863162,4.315874985863162,41.29047312159274,-134.84869000171568,134.0497305230337,336.3350483832849,3211.7631291150947,3.450523436256175,0.0,-1.0,1.0
0.08,0.0,-4.534372335407341,4.534372335407341,89.09992281903205,-134.61233405903016,136.37456563308845,336.57879035712944,3214.0906935136745,3.650721722298564,0.0,-1.0,1.0
0.0805,0.0,-4.792889986897025,4.792889986897025,125.46394002174962,-134.61473602359462,130.12859689252033,336.8267461427257,3216.4584968504273,3.7671761045178997,0.0,-1.0,1.0
0.081,4.8030905608704595,-4.8030905608704595,0.0,136.5203509556539,-134.68292481511315,99.38889363288142,336.88764730930194,3217.0400601524675,3.8666122202330815,1.0,-1.0,0.0
0.0815,4.943276149659613,-4.943276149659613,0.0,134.77182488665582,-135.12584875241572,52.011224343489914,337.1435006958624,3219.483280023141,3.957302247247533,1.0,-1.0,0.0
0.082,5.1928706000030225,-5.1928706000030225,0.0,134.46809406649322,-134.92461326699242,8.668575054523243,337.39563540871626,3221.8909891756866,4.1462346365940475,1.0,-1.0,0.0
0.0825,5.438181653120371,-5.438181653120371,0.0,135.3667376679889,-134.37684183058897,-31.794130822466922,337.6520462366771,3224.3395322196216,4.344456375803951,1.0,-1.0,0.0
0.083,5.5906078550765965,-5.5906078550765965,0.0,135.21617761789418,-136.5256850529198,-79.41759492258753,337.9122799894039,3226.824581505971,4.495847833787623,1.0,-1.0,0.0
0.0835,5.677865603210405,-5.677865603210405,0.0,135.15293183008228,-133.66453218098363,-120.44617464491591,338.17112426169246,3229.296362231516,4.513423302427067,1.0,-1.0,0.0
0.084,3.9383308303084297,0.0,-3.9383308303084297,135.17459955869464,-108.09930936183636,-136.50699459985418,338.18536276160887,3229.4323298901504,3.1638625325608554,1.0,0.0,-1.0
0.0845,4.572143071568433,0.0,-4.572143071568433,135.57259667222544,-61.88437029700864,-135.7755806162311,338.43743879309284,3231.83947867689,3.665796234590402,-1.0,0.0,1.0
0.085,4.1290836250820036,0.0,-4.1290836250820036,135.60556362807978,-16.558601450954637,-134.82140038687714,338.6755639737527,3234.1134066514896,3.297006538627441,1.0,0.0,-1.0
0.0855,4.298264292309598,0.0,-4.298264292309598,134.84793445713342,23.64240247456497,-135.80677896456245,338.91397862239177,3236.390098841676,3.432568626925622,1.0,0.0,-1.0
0.08600000000000001,4.400482526124669,0.0,-4.400482526124669,136.53728056998062,70.4860227194326,-135.7908969229159,339.1600302376305,3238.7397186909357,3.5333626594773975,1.0,0.0,-1.0
0.08650000000000001,4.3697412774499025,0.0,-4.3697412774499025,135.96426214418344,114.94797052852601,-135.65686528025648,339.42068545454856,3241.2287926638473,3.496881902599873,1.0,0.0,-1.0
0.08700000000000001,0.0,4.04394143571582,-4.04394143571582,115.18652198931098,135.97137929972138,-135.70752209052634,339.54801193159426,3242.444670956345,3.235635397456284,0.0,1.0,-1.0
0.08750000000000001,0.0,4.295280368787515,-4.295280368787515,70.84743415121312,136.81230012902944,-136.04991755080266,339.8117462211984,3244.9631479075447,3.4490265272380825,0.0,-1.0,1.0
0.088,0.0,4.026793893405857,-4.026793893405857,23.806609788062083,135.30313543325616,-136.2665114810797,340.0588245840873,3247.322572474634,3.215781849409487,0.0,1.0,-1.0
0.0885,0.0,4.101522161883956,-4.101522161883956,-16.72334877869138,136.25862371094553,-135.4678583373194,340.30271397996614,3249.651544649943,3.2750023502819685,0.0,1.0,-1.0
0.089,0.0,4.128123799653489,-4.128123799653489,-62.64737096345324,136.4169643067587,-136.64475583855852,340.55297659145697,3252.041376551334,3.310006557536229,0.0,1.0,-1.0
0.0895,0.0,4.044125258564848,-4.044125258564848,-109.51527731000064,136.22806417926918,-137.5068912196094,340.8243156685022,3254.6324738732787,3.24806182067553,0.0,-1.0,1.0
0.09,-3.6053066060232126,3.6053066060232126,0.0,-135.02826376982094,136.26319788576205,-120.75272818742253,340.9484449076495,3255.81782079283,2.8687296084588243,-1.0,1.0,0.0
0.0905,-5.5874951031052476,5.5874951031052476,0.0,-137.74795286290853,136.51492228691075,-78.63386147493182,341.12773601996423,3257.5299247994703,4.492283417767871,-1.0,1.0,0.0
0.091,-5.517363661896901,5.517363661896901,0.0,-135.84163756565712,136.85084824683608,-30.30303647348112,341.37785712504166,3259.918405414151,4.407267726046725,-1.0,1.0,0.0
0.0915,-5.49776329424113,5.49776329424113,0.0,-136.66779050846662,136.10509156242304,10.924119587047585,341.62718540474344,3262.299315104179,4.389699657353087,-1.0,1.0,0.0
0.092,-5.4420770924903845,5.4420770924903845,0.0,-137.00041450515226,136.81671325399685,55.99067637967514,341.8757099015915,3264.672549233347,4.358700765662794,-1.0,1.0,0.0
0.0925,-5.238027034663096,5.238027034663096,0.0,-136.76306797927828,138.49876073840298,104.41978999052637,342.1236607640346,3267.0403055574498,4.214350148171885,-1.0,1.0,0.0
0.093,-2.939749598834519,0.0,2.939749598834519,-136.80725716316212,125.02827610116378,133.82765832860238,342.31236083496947,3268.8422585005146,2.3241897613831446,-1.0,0.0,1.0
0.0935,-4.9182753797025525,0.0,4.9182753797025525,-136.9604942188638,85.18104888891565,138.5347036678843,342.35921840274636,3269.289715312492,3.957718022941387,-1.0,0.0,1.0
0.094,-4.738365024712756,0.0,4.738365024712756,-137.36930962831755,35.98549103893652,136.40907975606748,342.61861368949496,3271.766757838539,3.786314849656213,-1.0,0.0,1.0
0.0945,-4.6314698328756965,0.0,4.6314698328756965,-136.7180367238872,-6.11210134289091,137.04672024372863,342.87238329556556,3274.1900790712957,3.6979741588200925,-1.0,0.0,1.0
0.095,-4.497093415781166,0.0,4.497093415781166,-137.05768694573803,-50.492196122384634,137.5394050783455,343.1287562765225,3276.6382607029655,3.5989078500286995,-1.0,0.0,1.0
0.0955,-4.215553792821008,0.0,4.215553792821008,-139.19400778238298,-99.9066242112902,137.29511643282336,343.4065796631358,3279.291278620128,3.394095644301636,-1.0,0.0,1.0
0.096,-2.6351541323284913,-1.9288624413431508,4.564016573671642,-128.30282668404124,-132.553699420445,137.3475565576548,343.6646968256894,3281.756115959164,3.5518111460270863,0.0,-1.0,1.0
0.0965,0.0,-5.161578061176207,5.161578061176207,-90.60374980035148,-139.2810298959888,137.49402422743623,343.7777825265578,3282.8360048563372,4.155579911956541,0.0,-1.0,1.0
0.097,0.0,-4.870373126165076,4.870373126165076,-40.80534658732782,-137.07871321778762,137.93829428683586,344.0352757169806,3285.2948837004346,3.8933084399482887,0.0,-1.0,1.0
0.0975,0.0,-4.6645967537735356,4.6645967537735356,2.2516936664807536,-137.51021650165617,137.38708180296743,344.29113779465183,3287.7381865651023,3.7244207141273136,0.0,-1.0,1.0
0.098,0.0,-4.436843197648499,4.436843197648499,46.22962931099901,-138.13164941909668,137.45240924486217,344.55261183164805,3290.235079693791,3.548727288884943,0.0,-1.0,1.0
0.0985,0.0,-4.06878364932404,4.06878364932404,96.30800228659427,-137.88882505002456,139.8010593116986,344.84301949828046,3293.008268633171,3.2764475346420534,0.0,-1.0,1.0
0.099,0.331729452197302,-5.645694070795805,5.313964618598503,131.47503316508096,-137.9122016430532,130.74364226508203,345.0775501869212,3295.247871737406,4.396088149222339,1.0,-1.0,0.0
0.0995,4.876793312812798,-4.876793312812798,0.0,139.918786906641,-138.02754349872598,94.75519355784434,345.16774510279816,3296.109169739621,3.927037866872694,1.0,-1.0,0.0
0.1,4.471683822060905,-4.471683822060905,0.0,137.74611530351294,-138.49430832630537,44.56610978996686,345.4416075704342,3298.724363666718,3.575886072417738,1.0,-1.0,0.0
0.1005,4.163718013786024,-4.163718013786024,0.0,138.0001754238649,-138.03458752015186,0.6277617160309428,345.71574487684313,3301.342182110771,3.324496879106828,1.0,-1.0,0.0
0.101,5.913994802911824,-5.913994802911824,0.0,138.7119948230892,-137.91279738189732,-43.18237769674374,345.9746458989358,3303.8145047570265,4.72854760558015,1.0,-1.0,0.0
0.1015,5.4793779367060065,-5.4793779367060065,0.0,138.44566631814837,-140.31501091304463,-93.70520901491405,346.1944114177906,3305.91311087584,4.412073257296174,1.0,-1.0,0.0
0.10200000000000001,5.134730549802238,-5.134730549802238,0.0,138.45627017476573,-132.49204256047412,-130.71848687483634,346.4388926676964,3308.2477348407874,4.015849860579852,1.0,-1.0,0.0
0.10250000000000001,4.3838194753410615,0.0,-4.3838194753410615,138.52765316504286,-97.69174889732419,-140.4557577812595,346.4526712995355,3308.3793110827614,3.530100967661723,1.0,0.0,-1.0
0.10300000000000001,5.944585994954661,0.0,-5.944585994954661,139.0049495059641,-47.229659640454976,-138.3498056542729,346.7381166234708,3311.1051131399677,4.755056090213587,1.0,0.0,-1.0
0.10350000000000001,5.570161926126849,0.0,-5.570161926126849,138.58243193605762,-2.5746185068199874,-138.44174345249044,346.95491021630534,3313.175339455784,4.447464119772701,1.0,0.0,-1.0
0.10400000000000001,5.175767132596689,0.0,-5.175767132596689,138.33632226586423,41.22673957630637,-139.20245332751526,347.1883908995916,3315.404915747473,4.137454219063381,1.0,0.0,-1.0
0.1045,4.652314071535669,0.0,-4.652314071535669,140.78129193676656,92.10293848957313,-138.95822760206806,347.44701917903376,3317.8746338932674,3.7457109466365535,1.0,0.0,-1.0
0.105,4.166983999437219,0.0,-4.166983999437219,133.70529559711514,130.35924602802945,-138.9741955422176,347.7348132691687,3320.6228650155235,3.2675792966197847,1.0,0.0,-1.0
0.1055,0.0,3.8309442153427042,-3.8309442153427042,99.55799001186256,140.93089381992937,-138.99508121445785,347.6404555608943,3319.721815274082,3.0847410812758786,0.0,1.0,-1.0
0.106,0.0,5.346204149962436,-5.346204149962436,48.834397469799576,138.8327217787128,-139.4282528920539,347.81041940075585,3321.344850389733,4.277157596717508,0.0,1.0,-1.0
0.1065,0.0,4.883478226342226,-4.883478226342226,3.663925287283007,138.85202259993773,-139.05155621378913,348.0562757889885,3323.69260595841,3.8991857655288733,0.0,1.0,-1.0
0.107,0.0,4.401349721289271,-4.401349721289271,-40.25832240819494,139.66075088225872,-138.7621877033429,348.3288945267036,3326.29592313962,3.5180449925331505,0.0,1.0,-1.0
0.1075,0.0,5.854717769266935,-5.854717769266935,-91.4410736388472,139.4304653391109,-141.22792503000346,348.6126004438459,3329.005115085477,4.713471811104518,0.0,1.0,-1.0
0.108,0.0,5.328728374592238,-5.328728374592238,-130.36704823342518,139.40796646273262,-134.43602533500524,348.82016427958666,3330.987203713392,4.183359790331956,0.0,1.0,-1.0
0.1085,-4.288584438317062,4.288584438317062,0.0,-141.41971591308297,139.48046101474284,-100.51685965386744,348.86157527408886,3331.382649581795,3.4531293007741506,-1.0,1.0,0.0
0.109,-5.685619765937746,5.685619765937746,0.0,-139.3705250288034,139.94757016811457,-49.48743189955692,349.111610568828,3333.770310768105,4.548964958364172,-1.0,1.0,0.0
0.1095,-5.144578401962356,5.144578401962356,0.0,-139.3555473823791,139.56855976135827,-3.9149552745006724,349.33441004028435,3335.897889000137,4.107659870188083,-1.0,1.0,0.0
0.11,-4.579347234085541,4.579347234085541,0.0,-140.16894601426307,139.26464859235935,40.30781025355342,349.596248327192,3338.3982604592607,3.6602894473135175,-1.0,1.0,0.0
0.1105,-5.933477535100774,5.933477535100774,0.0,-139.9470875285878,141.75408745669262,91.86426852647149,349.90562199443593,3341.3525613635215,4.776909796017032,-1.0,1.0,0.0
0.111,-5.328906254605947,5.328906254605947,0.0,-139.9186926404787,134.826310192055,130.97687876649107,350.09808384538536,3343.190436659635,4.181943379794695,-1.0,1.0,0.0
0.1115,-4.20798429842087,0.0,4.20798429842087,-139.98913857635316,100.45792098943778,141.93801423895187,350.1289055229995,3343.4847620004357,3.38830931588816,-1.0,0.0,1.0
0.112,-5.526206317190041,0.0,5.526206317190041,-140.44894055010775,49.02684560999599,139.84189157171292,350.35461555223725,3345.6401340119514,4.4210776692083105,-1.0,0.0,1.0
0.1125,-4.896307448075941,0.0,4.896307448075941,-140.05158880769488,3.247695033921863,139.87445284517852,350.58929612795623,3347.8811684323514,3.9094290036600103,-1.0,0.0,1.0
0.113,-4.236264721066246,0.0,4.236264721066246,-139.80133057815985,-41.424965394601976,140.68335335573727,350.8812379777941,3350.6690077421767,3.386351969676366,-1.0,0.0,1.0
0.1135,-5.524150041437031,0.0,5.524150041437031,-142.2742842336548,-93.35053105172976,140.42358355694475,351.11518078806455,3352.902997021498,4.447729757979996,-1.0,0.0,1.0
0.114,-4.828960030663548,0.0,4.828960030663548,-134.7808431711728,-132.1075100903998,140.42404993620698,351.3625775616787,3355.2654621870383,3.782285063711103,-1.0,0.0,1.0
0.1145,0.0,-3.9052560190457615,3.9052560190457615,-99.34290432827528,-142.42699049250487,140.47064089186316,351.31553164872696,3354.8162068111255,3.144716296922068,0.0,-1.0,1.0
0.115,0.0,-5.169760174512849,5.169760174512849,-47.474697043235984,-140.22514765730938,140.9054434736922,351.47464377861087,3356.3356157297403,4.135085587516151,0.0,-1.0,1.0
0.1155,0.0,-4.45103668959806,4.45103668959806,-1.6953198640657323,-140.37920698612487,140.47202670232372,351.74806220121513,3358.946569339131,3.5539048535001276,0.0,-1.0,1.0
0.116,0.0,-5.7718038448887965,5.7718038448887965,43.551433345830425,-141.13702194923167,140.3113846777439,352.02094344391315,3361.5523932582787,4.614682807263785,0.0,-1.0,1.0
0.1165,0.0,-4.9314806473887085,4.9314806473887085,95.81372450362818,-140.85525880576498,142.7678929916914,352.2266526166048,3363.5167711586714,3.9709717417750263,0.0,-1.0,1.0
0.117,0.0,-4.152523692669738,4.152523692669738,133.63651548369364,-140.89268672690443,134.25197515023444,352.53518251002225,3366.463014616412,3.2409381645871376,0.0,-1.0,1.0
0.11750000000000001,3.530077253014245,-3.530077253014245,0.0,142.85114231309478,-140.91230697058876,97.21934723384001,352.38836586846236,3365.061018962467,2.842621932436624,1.0,-1.0,0.0
0.11800000000000001,4.757272416341709,-4.757272416341709,0.0,140.53090648916702,-141.31284601134823,44.94798084306754,352.4678998919537,3365.8205129414255,3.804055659820241,1.0,-1.0,0.0
0.11850000000000001,5.724228546643367,-5.724228546643367,0.0,140.86096287862284,-140.82509986079785,-0.6542357640296205,352.79363353321315,3368.931040089691,4.570477605777901,-1.0,1.0,0.0
0.11900000000000001,5.2386052855055505,-5.2386052855055505,0.0,141.50891407268165,-140.78382510307503,-46.60412700765763,352.969729251247,3370.612630328635,4.189651726347677,1.0,-1.0,0.0
0.11950000000000001,4.294197118030048,-4.294197118030048,0.0,141.2540146336844,-143.21688049212253,-99.11099571740313,353.26480321980017,3373.430379169014,3.4579558644924187,1.0,-1.0,0.0
0.12,4.75257277814211,-3.8126950166636613,-0.9398777614784485,141.27099495554657,-133.15280650697605,-135.38151554358907,353.48176621505786,3375.502223158811,3.6955620555845554,1.0,0.0,-1.0
0.1205,4.148493715392653,0.0,-4.148493715392653,141.36171902251664,-94.18203699522613,-143.2309307064192,353.4640538955915,3375.3330829670094,3.3401722348722203,1.0,0.0,-1.0
0.121,5.269102792612006,0.0,-5.269102792612006,141.79624502884943,-41.593167423691476,-140.9028858815323,353.6565018132248,3377.170825209754,4.211914025365666,1.0,0.0,-1.0
0.1215,4.405795808394323,0.0,-4.405795808394323,141.19504861584187,3.790091350769338,-141.40140455980537,353.93379478665673,3379.818778054135,3.5177829503929248,1.0,0.0,-1.0
0.122,5.576073729036561,0.0,-5.576073729036561,141.41470402609795,50.69868396711261,-141.978026103481,354.182977746683,3382.198300043482,4.461588661117671,1.0,0.0,-1.0
0.1225,4.554711611742199,0.0,-4.554711611742199,143.6561719853898,103.30557993512082,-141.69911133382337,354.42411487541364,3384.50099000351,3.6671066325802264,1.0,0.0,-1.0
0.123,1.1255611973221993,2.4659563878231405,-3.59151758514534,131.48316873292595,137.45824496226652,-141.74208852592815,354.6604298762424,3386.75763203403,2.808397863539688,0.0,1.0,-1.0
0.1235,0.0,4.189421298275528,-4.189421298275528,90.04907855386924,143.57565755352067,-141.8627405527239,354.6449050747108,3386.609381099773,3.3718846295565252,0.0,1.0,-1.0
0.124,0.0,5.241979097920082,-5.241979097920082,37.274093039575824,141.27421497909936,-142.26860520512875,354.8381319973722,3388.4545622925734,4.18874242293115,0.0,1.0,-1.0
0.1245,0.0,4.295370270558544,-4.295370270558544,-7.828796606507105,141.98498166506593,-141.56828075619063,355.13139772289634,3391.255043683969,3.42962143402063,0.0,1.0,-1.0
0.125,0.0,5.386764450136972,-5.386764450136972,-55.928046920012086,142.41613980553,-142.10107224185907,355.35105242405496,3393.3525915717355,4.312994693146459,0.0,1.0,-1.0
0.1255,0.0,4.2520425514217095,-4.2520425514217095,-108.342657664485,142.17286733090995,-143.98787697575287,355.65492841515936,3396.2543935360077,3.4212028686358975,0.0,1.0,-1.0
0.126,-2.9488312557243312,2.9488312557243312,0.0,-139.61961975810192,142.1894941905736,-128.948323611328,355.7791367848814,3397.4404960968873,2.335739894333082,-1.0,1.0,0.0
0.1265,-3.994029126765533,3.994029126765533,0.0,-143.77911527198364,142.33839829802167,-84.71920721369611,355.7324777938466,3396.994935553115,3.2124187534504083,-1.0,1.0,0.0
0.127,-5.0050249717162325,5.0050249717162325,0.0,-141.61705641828746,142.6678805572601,-32.06010398588236,355.88183342335014,3398.42117675596,3.9981057615626936,-1.0,1.0,0.0
0.1275,-5.433355135527664,5.433355135527664,0.0,-142.54155780135278,141.89418758617725,12.771849355140692,356.2321105792918,3401.7660772051777,4.338296217642581,1.0,-1.0,0.0
0.128,-5.000765135065107,5.000765135065107,0.0,-142.7856214318321,142.820355888549,62.24998361149666,356.3853183929288,3403.2291040568152,4.007596104661241,-1.0,1.0,0.0
0.1285,-5.805227003450113,5.805227003450113,0.0,-142.5849693240399,144.00157025868498,113.92102131214581,356.7243027316418,3406.4661660450297,4.663825552873909,-1.0,1.0,0.0
0.129,-2.7607008712674874,0.0,2.7607008712674874,-142.60104589366387,125.40053104531823,141.6563323395492,356.8053353878744,3407.239970912507,2.199377402525556,-1.0,0.0,1.0
0.1295,-3.716240178893422,0.0,3.716240178893422,-142.7826296155181,78.281447099174,143.8318775072908,356.7097769930823,3406.3274554594013,2.9859802447864316,-1.0,0.0,1.0
0.13,-4.70041753459617,0.0,4.70041753459617,-142.98780510384177,26.124090456541133,141.9612565330553,356.80044992789954,3407.1933182062503,3.7538617623813284,-1.0,0.0,1.0
0.1305,-5.666656890843606,0.0,5.666656890843606,-142.13438232501557,-18.581920333994933,142.99725188106953,357.0865626500601,3409.9254934470505,4.5247940101146185,-1.0,0.0,1.0
0.131,-4.555365946633485,0.0,4.555365946633485,-143.5814675665297,-69.55758465910888,143.09889412216418,357.3135241529295,3412.092816151444,3.65486853681561,-1.0,0.0,1.0
0.1315,-5.327813372231803,0.0,5.327813372231803,-143.51362769523567,-119.72707904965431,142.90761965467576,357.55798179957486,3414.427214721857,4.2678363493436215,-1.0,0.0,1.0
0.132,0.0,-3.5531748987061658,3.5531748987061658,-120.73162160851626,-143.393736090167,142.97873539557295,357.73909414344405,3416.1567102087615,2.844339615159798,0.0,-1.0,1.0
0.1325,0.0,-4.370619319310391,4.370619319310391,-70.91802006052195,-143.84274886032097,143.27772129360395,357.78682455964673,3416.612502109231,3.507379779478221,0.0,-1.0,1.0
0.133,0.0,-5.25262510231533,5.25262510231533,-19.605072376990915,-142.48460643164321,143.37869480470877,357.99807391778944,3418.6297848836357,4.1942481295293295,0.0,-1.0,1.0
0.1335,0.0,-4.078017493008615,4.078017493008615,25.395222403422306,-143.59600999727212,142.57626587242285,358.3410850455244,3421.9052998745074,3.2567171215169015,0.0,-1.0,1.0
0.134,0.0,-4.925358554462939,4.925358554462939,77.9536701733797,-143.503456829409,144.5127390411176,358.4957014477407,3423.3817777562567,3.9570433576358064,0.0,-1.0,1.0
0.1345,0.0,-5.608434472773701,5.608434472773701,125.83000464143153,-143.39919066856888,142.54130147219064,358.80199431157337,3426.306659155021,4.469536230870347,0.0,-1.0,1.0
0.135,3.6910559626685444,-3.6910559626685444,0.0,144.8884470651799,-143.47197946218787,114.71346188995388,358.943961003881,3427.662341205131,2.96523855354674,1.0,-1.0,0.0
0.1355,4.417819346827802,-4.417819346827802,0.0,143.85749257987646,-143.8385201931823,62.44150576197993,359.00809084424094,3428.27473607071,3.5402795748841993,1.0,-1.0,0.0
0.136,5.2299664057008455,-5.2299664057008455,0.0,143.09701760411355,-143.72509199420026,12.306664601447387,359.2217060250686,3430.314610787601,4.175889074773069,1.0,-1.0,0.0
0.1365,5.9923361293157935,-5.9923361293157935,0.0,144.16137930935247,-143.10469604075146,-33.48363011201448,359.59329487828944,3433.863022954878,4.787060566938036,1.0,-1.0,0.0
0.137,4.701556175107924,-4.701556175107924,0.0,143.92333007129417,-145.47569222311438,-87.45774904465503,359.727092413654,3435.1406953024853,3.7823833373491764,1.0,-1.0,0.0
0.1375,5.371980371716007,-5.371980371716007,0.0,143.86842362891514,-140.5475251035385,-131.81377819027878,359.98055928425117,3437.561125624419,4.244331685665477,1.0,-1.0,0.0
0.138,3.5645477776806014,0.0,-3.5645477776806014,143.91963164109254,-106.98503171464733,-145.86273285400313,359.99967195394225,3437.7436381758403,2.869288957308206,1.0,0.0,-1.0
0.1385,4.247760143850284,0.0,-4.247760143850284,144.31505355150745,-52.947369235969795,-143.80807054829347,360.03196848611367,3438.052047340229,3.3993590297522935,1.0,0.0,-1.0
0.139,5.015377136793154,0.0,-5.015377136793154,143.91886719404664,-4.273415179806438,-143.68656581336685,360.20719565019107,3439.725343499842,4.004499994840987,1.0,0.0,-1.0
0.1395,5.722798508900704,0.0,-5.722798508900704,143.6538810994688,42.86041793354008,-144.55190964712688,360.5307608172602,3442.8151632449267,4.574765453584022,1.0,0.0,-1.0
0.14,4.2926570587013995,0.0,-4.2926570587013995,146.22657196751686,97.63934117225017,-144.27879431165408,360.78041039516114,3445.199141106751,3.45650671493788,1.0,0.0,-1.0
0.1405,5.0215660237653,0.008025338516916142,-5.029591362282216,137.134041578596,137.15410890220957,-144.25523507462805,360.9487959093179,3446.807104322138,3.9209806276692065,0.0,1.0,-1.0
0.14100000000000001,0.0,3.368408350988255,-3.368408350988255,97.60369410254205,146.24804822819942,-144.30116934709696,360.8356246231897,3445.726398145936,2.7122832227991567,0.0,1.0,-1.0
0.14150000000000001,0.0,4.040681456191685,-4.040681456191685,42.82714779370565,143.76966214317986,-144.6703471093292,360.8259458005741,3445.6339721981813,3.2300731423968374,0.0,1.0,-1.0
0.14200000000000002,0.0,4.777376432036392,-4.777376432036392,-4.4057585470879905,144.2216759882729,-143.9823006628806,360.95682470976135,3446.8837737187987,3.814469741026489,0.0,1.0,-1.0
0.14250000000000002,0.0,5.442858303201624,-5.442858303201624,-53.42006960468369,144.79335645136518,-144.2988957137721,361.2294131784669,3449.4868018522593,4.35592481587563,0.0,1.0,-1.0
0.14300000000000002,0.0,5.902424961378407,-5.902424961378407,-107.9242741449041,144.56670161273027,-146.50452769135745,361.6227449707294,3453.2428437930853,4.7508795098676835,0.0,1.0,-1.0
0.14350000000000002,-2.479112058720598,2.479112058720598,0.0,-141.4786230695711,144.57652873790713,-132.03644549703776,361.7522188499425,3454.479228265768,1.9603550147103217,-1.0,1.0,0.0
0.14400000000000002,-3.162194299140784,3.162194299140784,0.0,-146.17526454117456,144.67050813751425,-86.85378089708597,361.5749664483749,3452.7865925127044,2.5436242263333266,-1.0,1.0,0.0
0.1445,-3.8352836470157965,3.8352836470157965,0.0,-143.86087640089417,144.92874360754575,-32.44562395276084,361.5232289623936,3452.29253591448,3.063676185414601,-1.0,1.0,0.0
0.145,-4.5434697921021145,4.5434697921021145,0.0,-144.7112114972885,144.01994280738336,13.777623918301325,361.6103094068582,3453.124092905471,3.6277762096269788,-1.0,1.0,0.0
0.1455,-5.165499999986856,5.165499999986856,0.0,-144.95372679057323,145.10048401207098,65.03045589462448,361.8331247118392,3455.2518223365264,4.140790114477383,-1.0,1.0,0.0
0.146,-5.585224319485755,5.585224319485755,0.0,-144.75525936645292,145.94081834629264,117.75823001589231,362.16568712520535,3458.427559454954,4.483038732101219,-1.0,1.0,0.0
0.1465,-2.397539130090823,0.0,2.397539130090823,-144.80291536158896,125.02713465262627,144.5547949840698,362.3105808671873,3459.8111927705245,1.914783806442326,-1.0,0.0,1.0
0.147,-2.9939420386478144,0.0,2.9939420386478144,-144.97872154682258,75.07322010231277,145.76391054675972,362.1043018273142,3457.8413730394013,2.403911205305737,-1.0,0.0,1.0
0.1475,-3.6759908945676445,0.0,3.6759908945676445,-145.0236561469794,22.0493489190547,144.06169236665943,362.0196321359249,3457.0328370445204,2.935407404894703,-1.0,0.0,1.0
0.148,-4.36305967907212,0.0,4.36305967907212,-144.06902943669428,-23.91038457555557,145.0703164526979,362.0728477546774,3457.54100877097,3.4841944915406797,-1.0,0.0,1.0
0.1485,-4.940475725193039,0.0,4.940475725193039,-145.9485071739343,-77.31223254896295,145.02124401023002,362.2569563764164,3459.299116603906,3.9682577992984216,-1.0,0.0,1.0
0.149,-5.36291683763597,0.0,5.36291683763597,-144.20965741784872,-126.57882512391353,144.89360153671365,362.54029843390117,3462.004833945977,4.276591435380892,-1.0,0.0,1.0
0.1495,0.0,-3.364725391691213,3.364725391691213,-116.12684590358812,-146.35037803077572,144.9450112648191,362.63065098931287,3462.867637294863,2.7028299736150827,0.0,-1.0,1.0
0.15,0.0,-3.864143973787994,3.864143973787994,-62.7983724147306,-145.28519274601706,145.28212128252426,362.60596357093397,3462.631889814832,3.0964574449518327,0.0,-1.0,1.0
0.1505,0.0,-4.473123160098606,4.473123160098606,-11.756620730807507,-144.49237355261735,145.09690906821413,362.6882518041929,3463.4176845597194,3.5715756453752516,0.0,-1.0,1.0
0.151,0.0,-5.055238750442729,5.055238750442729,35.001714876212944,-145.4884082769883,144.4312110709709,362.8903950348455,3465.348010221975,4.038720545636591,0.0,-1.0,1.0
0.1515,0.0,-5.490002920088109,5.490002920088109,90.13903750382069,-145.29986202560843,146.95902231673142,363.20102516151474,3468.3143094299357,4.417669602522791,0.0,-1.0,1.0
0.152,0.0,-5.886803662765357,5.886803662765357,134.3988353050788,-145.3079822137327,141.17809664369102,363.582798223262,3471.9599736249197,4.638523347613274,0.0,-1.0,1.0
0.1525,2.6194736924271753,-2.6194736924271753,0.0,147.3181523964164,-145.3040316976299,105.37361305043821,363.4347007637215,3470.5457470602064,2.1090889544784237,1.0,-1.0,0.0
0.153,3.146321688829473,-3.146321688829473,0.0,144.9631750572253,-145.62626558112925,50.04245098010174,363.2605898871727,3468.883110661279,2.516892514845207,1.0,-1.0,0.0
0.1535,3.778322189810454,-3.778322189810454,0.0,144.9675626838521,-145.02896241595616,1.1205077426104586,363.20195159922037,3468.3231562583546,3.0167797858134686,1.0,-1.0,0.0
0.154,4.369995010772224,-4.369995010772224,0.0,145.6391747365854,-144.8705072840185,-47.36457066217373,363.2667961080508,3468.9423757051186,3.4947478674419066,1.0,-1.0,0.0
0.1545,4.786742211257242,-4.786742211257242,0.0,145.3180597445311,-147.3421666993837,-102.84511463700238,363.43979388073217,3470.594382745086,3.854528543825092,1.0,-1.0,0.0
0.155,3.795819181032827,-2.086063943117516,-1.7097552379153107,145.34363533718277,-135.81096605182785,-140.24146593102634,363.6721164546782,3472.812899907207,2.9553739495918454,1.0,0.0,-1.0
0.1555,3.3376008562310555,0.0,-3.3376008562310555,145.41992777000985,-92.9135926120423,-147.2014062825087,363.54782079083196,3471.6259637488456,2.6864504728996277,1.0,0.0,-1.0
0.156,3.8463159633147583,0.0,-3.8463159633147583,145.74611460596248,-37.503109268787014,-144.71658283687276,363.51485439985385,3471.3111579040415,3.073358066113436,1.0,0.0,-1.0
0.1565,4.417363357774248,0.0,-4.417363357774248,144.89944755038286,9.695234308191573,-145.4084483662247,363.5902229961593,3472.030874983396,3.5270350542624707,1.0,0.0,-1.0
0.157,4.922008113549209,0.0,-4.922008113549209,145.63162724648024,60.60532617875004,-145.7687885654327,363.77529921948604,3473.79822273087,3.942750412123144,1.0,0.0,-1.0
0.1575,5.231763082020419,0.0,-5.231763082020419,147.10377819124298,114.80827244545709,-145.51614425216994,364.0483496298112,3476.405662081861,4.20526039703206,1.0,0.0,-1.0
0.158,0.0,3.1099574112592383,-3.1099574112592383,128.43256836024082,144.46626579201504,-145.57597750177,364.2495448895469,3478.326935288677,2.476376530225413,0.0,1.0,-1.0
0.1585,0.0,3.534779633159643,-3.534779633159643,79.41232953007928,146.81251777782745,-145.77310341289308,364.170319717295,3477.5703906218055,2.8399505361754622,0.0,1.0,-1.0
0.159,0.0,4.027733118532549,-4.027733118532549,25.22750987903071,144.89947393078106,-145.92701275612302,364.1748125084834,3477.61329361736,3.216508753328518,0.0,1.0,-1.0
0.1595,0.0,4.543103400468431,-4.543103400468431,-21.3125597990041,145.91655061281642,-144.969915456894,364.2809400861605,3478.626737332501,3.6277695254628908,0.0,1.0,-1.0
0.16,0.0,4.964842350060716,-4.964842350060716,-74.89296693853122,145.93754307012668,-146.68438125595955,364.4848459465556,3480.5738948689377,3.985959193111261,0.0,1.0,-1.0
0.1605,0.0,5.22656417577743,-5.22656417577743,-125.67447931464471,145.7812204281424,-145.58533113831203,364.75796078470887,3483.181949460368,4.174949265427732,0.0,1.0,-1.0
0.161,-3.1688440334418138,3.1688440334418138,0.0,-147.02753018998476,145.8225082399245,-118.54645213584953,364.83544852174447,3483.921902843061,2.5436017819318746,-1.0,1.0,0.0
0.1615,-3.530534028939016,3.530534028939016,0.0,-146.24443887153032,146.12971187183234,-65.01577194990398,364.7577771868965,3483.180196230405,2.8299242756178016,-1.0,1.0,0.0
0.162,-4.014968600341351,4.014968600341351,0.0,-145.29154432130727,145.95387471008416,-13.065012574868655,364.7606808236356,3483.2079239188033,3.2057764827171185,-1.0,1.0,0.0
0.1625,-4.490228246571768,4.490228246571768,0.0,-146.27360965026932,145.2022863821054,34.10852951749092,364.86042283329317,3484.1603899510587,3.5871067938694465,-1.0,1.0,0.0
0.163,-4.835321373766967,4.835321373766967,0.0,-146.04532329876426,147.66949619423897,89.71149513067836,365.0484700923191,3485.9561089995905,3.8904574620665073,-1.0,1.0,0.0
0.1635,-5.147906233038653,5.147906233038653,0.0,-145.99070613197594,142.0478352315585,134.70925416896614,365.29103173421385,3488.2724020583123,4.059216552350468,-1.0,1.0,0.0
0.164,-3.132341043605869,0.0,3.132341043605869,-146.02157646941313,106.21218345257198,148.04175479919016,365.23296661892374,3487.7179210511354,2.5219701564157493,-1.0,0.0,1.0
0.1645,-3.498748584973928,0.0,3.498748584973928,-146.38168001029896,50.365966586062704,145.71782683721577,365.1456575928966,3486.8841812670094,2.79883579334179,-1.0,0.0,1.0
0.165,-3.9772955459497625,0.0,3.9772955459497625,-145.7985095091706,0.9397156461107322,145.74700743677244,365.1419641853228,3486.8489118226767,3.1756489248718616,-1.0,0.0,1.0
0.1655,-4.422617150122496,0.0,4.422617150122496,-145.67158960633427,-48.13479738761327,146.42521881497862,365.2318231665425,3487.7070018852155,3.537020249823848,-1.0,0.0,1.0
0.166,-4.6995991238783255,0.0,4.6995991238783255,-148.13437283916366,-104.17122527810594,146.0985444446059,365.40125073732025,3489.3249160083355,3.7842693682431263,-1.0,0.0,1.0
0.1665,-1.2053015259248365,-2.053500879212432,3.2588024051372684,-135.9727185767736,-141.39374997272284,146.1130318939079,365.5972357256999,3491.1964347886806,2.544860091679368,0.0,-1.0,1.0
0.167,0.0,-3.105096462967902,3.105096462967902,-91.98933685897492,-147.91435264505034,146.18459173269187,365.4353875078048,3489.6508981541638,2.4989522721863304,0.0,-1.0,1.0
0.1675,0.0,-3.5073032869710796,3.5073032869710796,-36.10810023040851,-145.4200161061137,146.47553637135502,365.3448591514221,3488.786416029666,2.802191422740539,0.0,-1.0,1.0
0.168,0.0,-3.9794736769904313,3.9794736769904313,11.38495476608678,-146.14821719706237,145.559933226902,365.3424974790974,3488.7638637201994,3.1774154772184624,0.0,-1.0,1.0
0.1685,0.0,-4.393745459120118,4.393745459120118,63.15573630704329,-146.41507197774902,146.41029795815655,365.4311120202805,3489.610070255747,3.52077340201852,0.0,-1.0,1.0
0.169,0.0,-4.6262743046973,4.6262743046973,117.32823603092599,-146.12715866597276,147.5155210404697,365.5896882234802,3491.124361451505,3.7158367088788293,0.0,-1.0,1.0
0.1695,2.7817664186550743,-2.7817664186550743,0.0,145.61015627523213,-146.1394378263368,127.1477786931354,365.65661265982953,3491.763442743023,2.219511955833287,1.0,-1.0,0.0
0.17,3.1256721783351424,-3.1256721783351424,0.0,147.18374867322558,-146.33136472701105,76.70650563375975,365.5023076775584,3490.2899387026937,2.510058088840717,1.0,-1.0,0.0
0.1705,3.565597425886992,-3.565597425886992,0.0,145.41174891863974,-146.3903773812537,22.58880731591273,365.4194755102603,3489.4989497703436,2.8472727375857585,1.0,-1.0,0.0
0.171,4.0302251055591976,-4.0302251055591976,0.0,146.41617859330185,-145.40341139707178,-24.249929479605868,365.428148035122,3489.581766282393,3.218412823962751,1.0,-1.0,0.0
0.1715,4.402695354490418,-4.402695354490418,0.0,146.32398400647673,-147.30158273603323,-78.66887770267893,365.5249259820455,3490.505927600502,3.536677875479179,1.0,-1.0,0.0
0.17200000000000001,4.6454767836068,-4.6454767836068,0.0,146.14847265715647,-145.21417747348366,-128.4205853740597,365.68129042141635,3491.999098007482,3.701360890605657,1.0,-1.0,0.0
0.17250000000000001,2.862349691832348,0.0,-2.862349691832348,146.15093868170814,-115.77954860995081,-147.7023277588279,365.63956924508545,3491.6006901208025,2.3003823365632696,1.0,0.0,-1.0
0.17300000000000001,3.1958438991266336,0.0,-3.1958438991266336,146.4561360667362,-61.21010857520804,-146.33660256467178,365.4964965844092,3490.2344468507263,2.5601336707961178,1.0,0.0,-1.0
0.17350000000000002,3.6606081433971114,0.0,-3.6606081433971114,146.14525959398264,-9.778158934218737,-145.63206042480368,365.43054980921914,3489.604701535578,2.9228055352158417,1.0,0.0,-1.0
0.17400000000000002,4.115060842619236,0.0,-4.115060842619236,145.49400426409073,37.936120737322284,-146.5254737294808,365.45748688419326,3489.8619316536515,3.288146945404475,1.0,0.0,-1.0
0.17450000000000002,4.43346089557857,0.0,-4.43346089557857,148.03807381878667,93.97597412055659,-146.22442652837498,365.56819860205275,3490.919150682984,3.5686946876483336,1.0,0.0,-1.0
0.17500000000000002,4.783591250659,0.0,-4.783591250659,140.7104614589853,136.99765033088065,-146.16603930646934,365.7299102847585,3492.463383502484,3.752222283413521,1.0,0.0,-1.0
0.17550000000000002,0.0,2.932859922627277,-2.932859922627277,102.33748734986668,148.2131182439683,-146.18365272391696,365.59043206182537,3491.1314645844745,2.361726170056271,0.0,1.0,-1.0
0.176,0.0,3.3025656674955206,-3.3025656674955206,46.171313017051105,145.69835354411353,-146.52401854896073,365.46283445708184,3489.9129972131777,2.640716051968406,0.0,1.0,-1.0
0.1765,0.0,3.777009466688341,-3.777009466688341,-2.6523770002847944,145.95608129691604,-145.8111227099991,365.4196034507472,3489.500171511998,3.0157317264776684,0.0,1.0,-1.0
0.177,0.0,4.214304627784707,-4.214304627784707,-52.51977439383097,146.50106146176486,-145.92914290253879,365.4689462941737,3489.9713609582504,3.3720784653603255,0.0,1.0,-1.0
0.1775,0.0,4.477611437236451,-4.477611437236451,-108.29827759765719,146.1580348856253,-148.1410479673083,365.5952895614449,3491.1778502890056,3.604414435785614,0.0,1.0,-1.0
0.178,-2.6072896438854563,2.6072896438854563,0.0,-142.934080553079,146.1600327417489,-133.65237181754168,365.71443749248,3492.31562922001,2.061040009440023,-1.0,1.0,0.0
0.1785,-3.012770366810528,3.012770366810528,0.0,-147.76201789170372,146.2571792218215,-87.50111018356823,365.5347990845799,3490.6002087848224,2.4233324065326185,-1.0,1.0,0.0
0.179,-3.429160650870532,3.429160650870532,0.0,-145.4077775526102,146.4887821894249,-31.97351426824185,365.42702482436425,3489.571040409739,2.7391520845316775,-1.0,1.0,0.0
0.1795,-3.9024410449905025,3.9024410449905025,0.0,-146.25774610091636,145.50887190003132,15.17877931365634,365.4092068513718,3489.400891301081,3.1159642513005514,-1.0,1.0,0.0
0.18,-4.309761939608498,4.309761939608498,0.0,-146.3983639567873,146.67842970197287,67.79962297469505,365.4823076416455,3490.098952428041,3.4559571948732346,-1.0,1.0,0.0
0.1805,-4.542904686256876,4.542904686256876,0.0,-146.1334152164776,147.02607046652017,120.9076510339865,365.6231020144582,3491.443439651601,3.6425367926485173,-1.0,1.0,0.0
0.181,-2.7727437592067656,0.0,2.7727437592067656,-146.13700346670183,123.97663151038519,146.43513465123644,365.64299011990806,3491.633357069065,2.2186329069737156,-1.0,0.0,1.0
0.1815,-3.1094955766971215,0.0,3.1094955766971215,-146.3638963722399,72.03368680531447,146.91458771757527,365.4848151679042,3490.1228975399804,2.495173838067027,-1.0,0.0,1.0
0.182,-3.5623212258943795,0.0,3.5623212258943795,-146.32059535963273,18.67755841175486,145.4481608111653,365.4001159076588,3489.314079183324,2.8444819470793448,-1.0,0.0,1.0
0.1825,-4.0282319075039865,0.0,4.0282319075039865,-145.38542935839385,-28.257325153583466,146.4523436016977,365.4083196544225,3489.392419194283,3.2171961217646485,-1.0,0.0,1.0
0.183,-4.389550847633628,0.0,4.389550847633628,-147.54240334269795,-83.30231576573287,146.27769597389937,365.5043158836066,3490.3091156578525,3.5286539993078456,-1.0,0.0,1.0
0.1835,-4.656218213624265,0.0,4.656218213624265,-144.1012534275647,-131.2468951753049,146.1378534317762,365.6577499046588,3491.7743026311878,3.695851150473002,-1.0,0.0,1.0
0.184,0.0,-2.8780369969493145,2.8780369969493145,-111.94031577623485,-147.9753546769386,146.14010770255794,365.58410601534496,3491.0710552904193,2.3154047678087943,0.0,-1.0,1.0
0.1845,0.0,-3.2226725486778043,3.2226725486778043,-56.64593709664243,-146.09721981224172,146.46703791641787,365.4444453901544,3489.7373945591567,2.5799784727877295,0.0,-1.0,1.0
0.185,0.0,-3.694866499023627,3.694866499023627,-6.055353466771426,-145.70654045337412,146.0330301098659,365.3847444306919,3489.1672923908095,2.9501471589712853,0.0,-1.0,1.0
0.1855,0.0,-4.148067498549352,4.148067498549352,42.17836099392349,-146.51281044053675,145.5687584904514,365.41858511409896,3489.49044711332,3.3155786606464748,0.0,-1.0,1.0
0.186,0.0,-4.451936981295941,4.451936981295941,98.35607751422835,-146.1835434797666,148.14293458554693,365.53502277981374,3490.6023449169556,3.584671373782023,0.0,-1.0,1.0
0.1865,0.053030024301607526,-4.812346473263478,4.7593164489618704,139.0185886575861,-146.15464086433312,138.88082075229605,365.7014014725012,3492.191144398938,3.750865320116425,1.0,-1.0,0.0
0.187,2.9619930774901455,-2.9619930774901455,0.0,148.13650706929232,-146.18532554014112,98.04423778398184,365.5348444369876,3490.600641868415,2.3849415288605575,1.0,-1.0,0.0
0.1875,3.347806915204753,-3.347806915204753,0.0,145.5595185730855,-146.51124948289424,41.871046938461745,365.4143193805342,3489.4497123583556,2.6758571987123396,1.0,-1.0,0.0
0.188,3.824655534624815,-3.824655534624815,0.0,146.03821917741163,-145.69797027501585,-6.319997767384264,365.3804616682163,3489.126395021725,3.0537769494986673,1.0,-1.0,0.0
0.1885,4.256269633918669,-4.256269633918669,0.0,146.46283321092318,-146.1098474722325,-56.967304920583736,365.4391704339697,3489.6870224380737,3.4075937043834306,1.0,-1.0,0.0
0.189,4.507881572322501,-4.507881572322501,0.0,146.13462349568258,-147.95410779448707,-112.21281693383636,365.57267123720356,3490.961861202558,3.6264121383145227,1.0,-1.0,0.0
0.1895,2.6728992449431157,0.0,-2.6728992449431157,146.14053142093994,-131.05784714000586,-144.18796663620148,365.66430760486526,3491.836924055379,2.1222164895594995,1.0,0.0,-1.0
0.19,3.048577300606148,0.0,-3.048577300606148,146.27588467727577,-82.9764262429004,-147.52113107694387,365.49329846990906,3490.20390710685,2.4505590580284755,1.0,0.0,-1.0
0.1905,3.4783774013711857,0.0,-3.4783774013711857,146.44395259083274,-27.9752612058057,-145.37956286412924,365.3939892279471,3489.2555737016723,2.7780213995638356,1.0,0.0,-1.0
0.191,3.9508796664471206,0.0,-3.9508796664471206,145.4388182879229,18.944309607545442,-146.3195930092694,365.3859694575312,3489.178990535423,3.154752702793564,1.0,0.0,-1.0
0.1915,4.347011305195105,0.0,-4.347011305195105,146.92586019413756,72.3497273454815,-146.35457245777937,365.4682808182107,3489.965006130909,3.4883830505787317,1.0,0.0,-1.0
0.192,4.5818679176062815,0.0,-4.5818679176062815,146.37367258765812,124.18849813332656,-146.12570909954547,365.6153750822199,3491.369652883961,3.6655830805006184,1.0,0.0,-1.0
0.1925,0.0,2.8144622502954495,-2.8144622502954495,120.6701264500529,147.0593038427206,-146.12837052094437,365.60949136198207,3491.3134674943835,2.2569590266229476,0.0,1.0,-1.0
0.193,0.0,3.1482656517032948,-3.1482656517032948,67.48616489051682,146.6518701453321,-146.3912695644235,365.4582356651106,3489.869081984709,2.52444071902356,0.0,1.0,-1.0
0.1935,0.0,3.608960127295144,-3.608960127295144,14.926946758614854,145.50277674737166,-146.2417884867545,365.38219148085267,3489.1429135156272,2.8816251252360057,0.0,1.0,-1.0
0.194,0.0,4.07206486534647,-4.07206486534647,-32.23780492767163,146.47940821693243,-145.39881944425397,365.39951101853916,3489.308302917719,3.252733077024869,0.0,1.0,-1.0
0.1945,0.0,4.417420649289692,-4.417420649289692,-87.78522194779232,146.24241224159942,-147.76286183466323,365.5033962245056,3490.30033356034,3.5533047903796255,0.0,1.0,-1.0
0.195,0.0,4.712548180878827,-4.712548180878827,-133.78928713696152,146.13907402432415,-142.82563870883942,365.6620412425854,3491.815281889798,3.724094868314296,0.0,1.0,-1.0
0.1955,-2.9076750548790167,2.9076750548790167,0.0,-148.1351728186764,146.1459206970883,-108.03820877534757,365.5624376328914,3490.864137479842,2.3407049156335944,-1.0,1.0,0.0
0.196,-3.262670403293514,3.262670403293514,0.0,-145.9023273319786,146.4864761598493,-52.243535812323216,365.4290709199334,3489.5905791831715,2.610542978985401,-1.0,1.0,0.0
0.1965,-3.7375623640994426,3.7375623640994426,0.0,-145.80036580574279,145.9334271822137,-2.4334521517281127,365.3777611083967,3489.1006065750607,2.984235388875468,-1.0,1.0,0.0
0.197,-4.185596975035471,4.185596975035471,0.0,-146.5061042004919,145.68915097782613,46.418111719071284,365.41985274364623,3489.502552083827,3.3468668081700192,-1.0,1.0,0.0
0.1975,-4.47249153143171,4.47249153143171,0.0,-146.16326789933493,148.19440503381645,102.56245483556721,365.5425346521588,3490.6740780138907,3.6015294380398846,-1.0,1.0,0.0
0.198,-3.545275340013712,2.0533027974349385,1.4919725425787735,-146.15537611225412,136.87013680169161,140.79291666314361,365.7032264188616,3492.208571352986,2.759767971574991,-1.0,0.0,1.0
0.1985,-2.988433266740052,0.0,2.988433266740052,-146.20688632377988,93.7277561519367,148.01077440282722,365.52041134770514,3490.4628160182115,2.4054739972959682,-1.0,0.0,1.0
0.199,-3.387745670220944,0.0,3.387745670220944,-146.50448616921645,37.714717305468554,145.46984580433931,365.406269002455,3489.372836910452,2.7069452904006432,-1.0,0.0,1.0
0.1995,-3.863937317873281,0.0,3.863937317873281,-145.6076984266797,-9.962215535019382,146.12968263935878,365.380395919169,3489.125767164572,3.085154448103067,-1.0,0.0,1.0
0.2,-4.286705698991044,0.0,4.286705698991044,-146.32762637675347,-61.42083761154212,146.43448921328627,365.4465500806759,3489.7574928731674,3.434113768679573,-1.0,0.0,1.0
0.2005,-4.527957192726626,0.0,4.527957192726626,-147.66332328185499,-115.93365616949342,146.12857237424197,365.584722688001,3491.0769440805084,3.6387656391104333,-1.0,0.0,1.0
0.201,0.0,-2.7228353834597625,2.7228353834597625,-128.27810654635618,-145.24491720960467,146.1350450122271,365.6475012043872,3491.6764347526787,2.1697937728426986,0.0,-1.0,1.0
0.2015,0.0,-3.0768976119020524,3.0768976119020524,-78.46073592522275,-147.27365823322538,146.3088264720852,365.4829050577078,3490.104657331204,2.471588229122265,0.0,-1.0,1.0
0.202,0.0,-3.517352092975537,3.517352092975537,-24.083015598255667,-145.3893431864467,146.39892838662846,365.39034483183536,3489.2207722823264,2.8088374590073455,0.0,-1.0,1.0
0.2025,0.0,-3.9874723972281974,3.9874723972281974,22.7457702025448,-146.38077318972492,145.39867226727853,365.38991330293067,3489.21665148483,3.1841669473611596,0.0,-1.0,1.0
0.203,0.0,-4.370129818896428,4.370129818896428,76.88516021684859,-146.32043762135766,147.18456401904135,365.4788796681529,3490.066217692472,3.5095186918285846,0.0,-1.0,1.0
0.20350000000000001,0.0,-4.6125009520316125,4.6125009520316125,127.25593908155136,-146.12852874300162,145.56359869297953,365.62953057210655,3491.5048278552013,3.6797635393218178,0.0,-1.0,1.0
0.20400000000000001,2.8449073738185304,-2.8449073738185304,0.0,147.53433433599196,-146.13004815053768,117.1894702031077,365.59609871151537,3491.185577103011,2.285166526962939,1.0,-1.0,0.0
0.20450000000000002,3.1803119358153533,-3.1803119358153533,0.0,146.40862430290977,-146.42406097726501,62.97985224637182,365.45008794011187,3489.791276942199,2.5483624574910966,1.0,-1.0,0.0
0.20500000000000002,3.6467354517996844,-3.6467354517996844,0.0,145.57869705463415,-146.16018985549076,11.236029171977293,365.3811527314892,3489.1329941898766,2.9117389706895054,1.0,-1.0,0.0
0.20550000000000002,4.106107792413172,-4.106107792413172,0.0,146.50050825521816,-145.44680323917225,-36.28836071266559,365.40575734548435,3489.3679509462886,3.2806465322542255,1.0,-1.0,0.0
0.20600000000000002,4.4344631719069225,-4.4344631719069225,0.0,146.21523834643816,-147.95424525059212,-92.20715448589439,365.51542785830407,3490.4152271998896,3.5688883201275035,1.0,-1.0,0.0
0.20650000000000002,4.768404305769528,-4.768404305769528,0.0,146.14510197891374,-141.34884183196047,-136.10836382491948,365.67748682854966,3491.9627763711082,3.7488973451438783,1.0,-1.0,0.0
0.20700000000000002,2.9312546817864567,0.0,-2.9312546817864567,146.15929338781694,-103.99826385808639,-148.19605262589226,365.5505693934068,3490.7508041410565,2.360358752944456,1.0,0.0,-1.0
0.20750000000000002,3.2982172513025163,0.0,-3.2982172513025163,146.5025702900093,-47.90837505435269,-145.73908873996362,365.42257207045003,3489.52851974199,2.6377037299603323,1.0,0.0,-1.0
0.20800000000000002,3.774517417174376,0.0,-3.774517417174376,145.83495623005078,1.178261165521063,-145.8995171697625,365.3786197383271,3489.1088058869227,3.0137418873233592,1.0,0.0,-1.0
0.2085,4.2164300780714346,0.0,-4.2164300780714346,145.84270388771327,50.73008052594997,-146.49331138909253,365.42778574445646,3489.578306661377,3.373072371072082,1.0,0.0,-1.0
0.209,4.487349071264093,0.0,-4.487349071264093,148.16595146497818,106.64930858365557,-146.14893213532957,365.55529112728993,3490.795893378304,3.612842302214584,1.0,0.0,-1.0
0.2095,0.0,2.589863609538397,-2.589863609538397,134.6293872962104,142.34506674369956,-146.1502999256386,365.69032104570283,3492.085334117146,2.04315949495414,0.0,1.0,-1.0
0.21,0.0,3.012786231227858,-3.012786231227858,89.32902045382984,147.8346471581737,-146.23342526971422,365.5095940508197,3490.3595184419987,2.42391514224186,0.0,1.0,-1.0
0.2105,0.0,3.4252199778119756,-3.4252199778119756,33.63576491651804,145.41206231793066,-146.48798179699895,365.40147505580154,3489.3270580920425,2.736228315646422,0.0,1.0,-1.0
0.211,0.0,3.9001722618901606,-3.9001722618901606,-13.640098039672319,146.2149493477045,-145.52813952577196,365.38301978895436,3489.150823275354,3.114124743617564,0.0,1.0,-1.0
0.2115,0.0,4.312850555913418,-4.312850555913418,-65.91805694653605,146.40315735918338,-146.5659896042567,365.45595819812814,3489.8473337770297,3.4574129111933694,0.0,1.0,-1.0
0.212,0.0,4.547763511005435,-4.547763511005435,-119.4803038476309,146.1259303154622,-147.23829992258982,365.59798900053937,3491.2036280335333,3.6492299789669844,0.0,1.0,-1.0
0.2125,-2.764562823756565,2.764562823756565,0.0,-146.11683447816577,146.13121371615878,-125.28168745209715,365.63204853023046,3491.528872584117,2.209702602934289,-1.0,1.0,0.0
0.213,-3.105333583338686,3.105333583338686,0.0,-147.01629531178372,146.34318497851737,-73.92486504984242,365.47316062466444,3490.011604850016,2.492601767471011,-1.0,1.0,0.0
0.2135,-3.5551497779779804,3.5551497779779804,0.0,-145.42256791463936,146.34211687593196,-20.257061775263576,365.38729119393696,3489.1916121883696,2.8388156330387084,-1.0,1.0,0.0
0.214,-4.022603742748566,4.022603742748566,0.0,-146.43028852527644,145.3807239856395,26.615990409199625,365.3941924929311,3489.25751473929,3.2125307276862864,-1.0,1.0,0.0
0.2145,-4.390588024801433,4.390588024801433,0.0,-146.28702480776917,147.43691102010501,81.4119675562895,365.4894314202672,3490.1669795029084,3.5284762961052794,-1.0,1.0,0.0
0.215,-4.64829363300303,4.64829363300303,0.0,-146.132482936077,144.5708573702718,130.11186835564726,365.6433472675535,3491.6367675778565,3.695608017858838,-1.0,1.0,0.0
0.2155,-2.87204958655288,0.0,2.87204958655288,-146.13440258610487,113.52531341445226,147.86971914216295,365.582454037416,3491.0552800632236,2.309723584732252,-1.0,0.0,1.0
0.216,-3.213353078070711,0.0,3.213353078070711,-146.45346178715175,58.50756212970724,146.18282964697468,365.4415923057681,3489.7101496101686,2.5731710556040213,-1.0,0.0,1.0
0.2165,-3.684170097830802,0.0,3.684170097830802,-146.0704168355752,7.581066026239929,145.6655331531369,365.3798357908993,3489.1204183335985,2.9416096843006088,-1.0,0.0,1.0
0.217,-4.139329569908084,0.0,4.139329569908084,-145.52492741127344,-40.41960528682917,146.51014835005444,365.411654338672,3489.424263083201,3.3081304610740214,-1.0,0.0,1.0
0.2175,-4.450387732623931,0.0,4.450387732623931,-148.09839523115872,-96.5555630034833,146.19119486311155,365.52684421996304,3490.5242454232985,3.583054985713514,-1.0,0.0,1.0
0.218,-4.834934225515056,0.0,4.834934225515056,-139.6564860233524,-138.20381136212018,146.15110782302676,365.69256098114596,3492.106723925025,3.778750417269794,-1.0,0.0,1.0
0.2185,0.0,-2.9545579158058346,2.9545579158058346,-99.82933970667332,-148.1693789744734,146.17627954671568,365.53816152357615,3490.6323177120485,2.379125866755145,0.0,-1.0,1.0
0.219,0.0,-3.334645171240915,3.334645171240915,-43.64185658059993,-145.60573196443804,146.51022917827856,365.41571920936093,3489.463079738991,2.665739397786708,0.0,-1.0,1.0
0.2195,0.0,-3.811449542787707,3.811449542787707,4.795288505204331,-145.99759113074458,145.73742105873228,365.37919240447656,3489.114274445829,3.0432309828793755,0.0,-1.0,1.0
0.22,0.0,-4.246273062326206,4.246273062326206,55.10892397229045,-146.47299943961104,146.0250210235358,365.43540380405113,3489.651053771853,3.398757898515992,0.0,-1.0,1.0
0.2205,0.0,-4.503001152264558,4.503001152264558,110.5982676842749,-146.13809809507904,148.03988178196235,365.5674871498935,3490.912356815309,3.623636753598981,0.0,-1.0,1.0
0.221,2.650911684523838,-2.650911684523838,0.0,143.68530916677022,-146.1433325458679,132.1617488778339,365.6720352448165,3491.910717581179,2.101090755576438,1.0,-1.0,0.0
0.2215,3.03833229682327,-3.03833229682327,0.0,147.61995933130234,-146.26290225660514,84.86649050161238,365.49842664005075,3490.2528775244737,2.4430031014189266,1.0,-1.0,0.0
0.222,3.4631434092068996,-3.4631434092068996,0.0,145.3835138677947,-146.4596765316519,29.634362228838043,365.39657961319415,3489.280310058667,2.7660215714763154,1.0,-1.0,0.0
0.2225,3.936389183656345,-3.936389183656345,0.0,146.29100294742437,-145.4619830164288,-17.363530303260852,365.3855739947804,3489.175214144327,3.143127096375072,1.0,-1.0,0.0
0.223,4.3376347487609666,-4.3376347487609666,0.0,146.36943857598837,-146.81796169276925,-70.44340029689182,365.46522446231825,3489.935820082021,3.4797834928772486,1.0,-1.0,0.0
0.2235,4.5712033552914235,-4.5712033552914235,0.0,146.125621411761,-146.66362118464357,-122.83744906439888,365.61093186545236,3491.3272232892537,3.6607197747644493,1.0,-1.0,0.0
0.224,2.800783520918921,0.0,-2.800783520918921,146.12905789331015,-122.07692687027973,-146.81500049356612,365.61682407754125,3491.3834897700353,2.2440786015554486,1.0,0.0,-1.0
0.2245,3.1353156745388273,0.0,-3.1353156745388273,146.37754061652012,-69.38845285137076,-146.75858209370583,365.4633673257207,3489.9180857338515,2.514819165138868,1.0,0.0,-1.0
0.225,3.5930473817715054,0.0,-3.5930473817715054,146.27396842971672,-16.49234030277632,-145.47574737137015,365.38438729985353,3489.163882042514,2.868952776658764,1.0,0.0,-1.0
0.2255,4.057472098367703,0.0,-4.057472098367703,145.38800282165732,30.55889286598354,-146.46770277914567,365.3986235631585,3489.299828343083,3.240834272108282,1.0,0.0,-1.0
0.226,4.409669137829685,0.0,-4.409669137829685,147.67225992490046,85.90956143845685,-146.25537832584547,365.4999769659042,3490.2676820458523,3.546166119923974,1.0,0.0,-1.0
0.2265,4.691615279859333,0.0,-4.691615279859333,143.3844849557224,132.74859106003652,-146.13728013878992,365.6571815486903,3491.768875231479,3.714749239208874,1.0,0.0,-1.0
0.227,0.0,2.897299205239525,-2.897299205239525,109.69377009601959,148.08049167127038,-146.1420341313647,365.5689918783512,3490.9267259136323,2.3318462700884837,0.0,1.0,-1.0
0.2275,0.0,3.2476975257643654,-3.2476975257643654,54.08408664135593,145.98002550719565,-146.47820195691335,365.4333572349875,3489.631510476882,2.5991493193486743,0.0,1.0,-1.0
0.228,0.0,3.721602682928879,-3.721602682928879,3.9523001429957794,145.75979067930476,-145.9749476228159,365.3789044755115,3489.111524926746,2.971492802320486,0.0,1.0,-1.0
0.2285,0.0,4.171878991240059,-4.171878991240059,-44.62857333564966,146.50950219578652,-145.634265123326,365.41792446317817,3489.484138361738,3.3353274804206894,0.0,1.0,-1.0
0.229,0.0,4.465769188554686,-4.465769188554686,-100.80943935851207,146.17092132909679,-148.18151600757588,365.538399540006,3490.6345906015295,3.5960929053917945,0.0,1.0,-1.0
0.2295,-0.8917323019605465,4.078224080428283,-3.1864917784677367,-140.07515441573454,146.15578557290422,-137.74246729866945,365.70426386019756,3492.218478187993,3.1716360412697466,-1.0,1.0,0.0
0.23,-2.9781158617824737,2.9781158617824737,0.0,-148.07051855332244,146.1972088483703,-95.55158170355888,365.5260376212607,3490.516542973064,2.397540247170312,-1.0,1.0,0.0
0.2305,-3.371740055408459,3.371740055408459,0.0,-145.50361448888614,146.5085031211041,-39.45080831634858,365.4093580882035,3489.402335506442,2.694482042719298,-1.0,1.0,0.0
0.231,-3.8482441259584657,3.8482441259584657,0.0,-146.09198124587428,145.64459616145885,8.429025623522767,365.3802908561629,3489.1247638867667,3.0726166638718704,-1.0,1.0,0.0
0.2315,-4.274828687360702,4.274828687360702,0.0,-146.44695208409993,146.23347776110566,59.54465775861322,365.44347995948175,3489.728175375331,3.42367224028752,-1.0,1.0,0.0
0.232,-4.519951692378185,4.519951692378185,0.0,-146.13081344767582,147.80103561528108,114.39168252769349,365.57986434487844,3491.0305503211166,3.634110869308258,-1.0,1.0,0.0
0.2325,-2.703083529236945,0.0,2.703083529236945,-146.13733378224214,129.4722136823844,144.8244351196318,365.65479649717304,3491.746099667169,2.1509193170460223,-1.0,0.0,1.0
0.233,-3.065098149721994,0.0,3.065098149721994,-146.29493806290972,80.36044723997088,147.37955272674964,365.4876265148918,3490.1497439261707,2.462849828661046,-1.0,0.0,1.0
0.2335,-3.501191048909098,0.0,3.501191048909098,-146.41946842418557,25.708908084301367,145.38238533639077,365.39225536725445,3489.2390165516804,2.796047325674023,-1.0,0.0,1.0
0.234,-3.9723114436670834,0.0,3.9723114436670834,-145.41320143435834,-21.141739066101408,146.3566561758304,365.388677900027,3489.2048542561006,3.1719667696413385,-1.0,0.0,1.0
0.23450000000000001,-4.360744881624991,0.0,4.360744881624991,-147.07634478371511,-74.98109917298952,146.33493051870423,365.47489770050316,3490.028192702391,3.5009017720133415,-1.0,0.0,1.0
0.23500000000000001,-4.599045898169581,0.0,4.599045898169581,-145.92539845235834,-125.99359676574781,146.12736450188666,365.62409090535584,3491.4528828640728,3.673620242549882,-1.0,0.0,1.0
0.23550000000000001,0.0,-2.8325438610604756,2.8325438610604756,-118.67394282059168,-147.35294040445382,146.12922468036547,365.60220124903356,3491.243852043696,2.27378583116214,0.0,-1.0,1.0
0.23600000000000002,0.0,-3.1666629418825614,3.1666629418825614,-64.86832378266148,-146.50913748407012,146.41080096112972,365.45399446951893,3489.828581550127,2.5381545366862888,0.0,-1.0,1.0
0.23650000000000002,0.0,-3.6308236738161273,3.6308236738161273,-12.780428529826327,-145.54545132532502,146.19571882359853,365.38204878702555,3489.141550889951,2.8990497774042367,0.0,-1.0,1.0
0.23700000000000002,0.0,-4.09179319761864,4.09179319761864,34.578280246369744,-146.49324974146498,145.42323027208886,365.4035825439324,3489.3471831212546,3.2688838431096316,0.0,-1.0,1.0
0.23750000000000002,0.0,-4.427326433148558,4.427326433148558,90.35893966789116,-146.2264406594618,147.87903303954462,365.5108303441316,3490.3713241735004,3.5624141058018717,0.0,-1.0,1.0
0.23800000000000002,0.0,-4.743589576631668,4.743589576631668,135.16230949131995,-146.14270646663653,141.99470485451886,365.6714048743679,3491.9046979868067,3.7377973851968314,0.0,-1.0,1.0
0.23850000000000002,2.9213291155663126,-2.9213291155663126,0.0,148.18216948552865,-146.15337741601923,105.71078967619847,365.5559432782626,3490.80212096136,2.35217350099299,1.0,-1.0,0.0
0.23900000000000002,3.28306930320141,-3.28306930320141,0.0,145.80418343212438,-146.4968862469812,49.720004842527366,365.4256507981813,3489.5579194262023,2.626101005937331,1.0,-1.0,0.0
0.23950000000000002,3.758884743100467,-3.758884743100467,0.0,145.85796686543534,-145.87647241588343,0.3375367035671309,365.37857738072745,3489.1084014016415,3.0012600648692564,1.0,-1.0,0.0
0.24,4.203466162543493,-4.203466162543493,0.0,146.49978074804832,-145.77473432845258,-48.911794168876575,365.424751136321,3489.549328288271,3.362021949738061,1.0,-1.0,0.0
0.2405,4.480910175007143,-4.480910175007143,0.0,146.15460380274055,-148.18898113035175,-104.94992296943202,365.55023392484645,3490.747600652278,3.6080599662423714,1.0,-1.0,0.0
0.241,2.81049740631071,-0.498558370428455,-2.311939035882255,146.1533117162028,-135.5980605977652,-141.720497622949,365.69798860176445,3492.158553884065,2.2040487708120104,1.0,0.0,-1.0
0.2415,3.0023551624668157,0.0,-3.0023551624668157,146.22197519349368,-91.18400997014835,-147.9140918101082,365.5143672690634,3490.405099318675,2.4160498692131536,1.0,0.0,-1.0
0.242,3.4093439992664436,0.0,-3.4093439992664436,146.4963809517288,-35.33810454491482,-145.43272634085844,365.4036732895988,3489.3480496785373,2.7238006153550147,1.0,0.0,-1.0
0.2425,3.884873507939684,0.0,-3.884873507939684,145.5601748867444,12.091676729468992,-146.18025142019602,365.3820825747495,3489.1418735389475,3.101888974325931,1.0,0.0,-1.0
0.243,4.301943221065084,0.0,-4.301943221065084,146.4639761917649,64.02651809594929,-146.416733713129,365.45216263004335,3489.811088771678,3.4476637803661707,1.0,0.0,-1.0
0.2435,4.538967402354315,0.0,-4.538967402354315,147.4340903920789,118.01431898359422,-146.12677408380523,365.5925788513743,3491.1519649145844,3.644666964108924,1.0,0.0,-1.0
0.244,0.0,2.747743658098428,-2.747743658098428,126.56503126334991,145.77286191077266,-146.13268271347914,365.6385983718425,3491.5914189642576,2.1936458912616352,0.0,1.0,-1.0
0.2445,0.0,3.0931591654000257,-3.0931591654000257,75.82941903108653,147.12490726762962,-146.32873439070988,365.47734615950264,3490.051573763555,2.483598041995651,0.0,1.0,-1.0
0.245,0.0,3.539217034006747,-3.539217034006747,21.85471687270408,145.4060276895057,-146.3674148136836,365.38863274453695,3489.2044230529336,2.8261676615978835,0.0,1.0,-1.0
0.2455,0.0,4.007831367620778,-4.007831367620778,-24.983323858436872,146.41100087704152,-145.3853779134136,365.39244515267654,3489.2408288689635,3.200588012666451,0.0,1.0,-1.0
0.246,0.0,4.382119545761979,-4.382119545761979,-79.51482520927127,146.30090670519354,-147.3324728220309,365.4850583169631,3490.1252194424587,3.52062701999294,0.0,1.0,-1.0
0.2465,0.0,4.632374337309633,-4.632374337309633,-128.9398088415205,146.1307163013742,-145.01042064602416,365.6375948004571,3491.5818355634547,3.688555965002184,0.0,1.0,-1.0
0.247,-2.860911600776284,2.860911600776284,0.0,-147.7450476707293,146.13221268253744,-115.0841926780446,365.588190948019,3491.110063524056,2.2997374755700353,-1.0,1.0,0.0
0.2475,-3.1992926413961755,3.1992926413961755,0.0,-146.27506286056354,146.44161738358287,-60.379045239468084,365.4451574253869,3489.744193994771,2.5625905887403024,-1.0,1.0,0.0
0.248,-3.6684318372890328,3.6684318372890328,0.0,-145.6279868160842,146.10892800702555,-9.110954650764189,365.38036615003733,3489.1254828903047,2.9290489736115375,-1.0,1.0,0.0
0.2485,-4.12543385815107,4.12543385815107,0.0,-146.507420792368,145.48837576330897,38.676395853821056,365.4091529402682,3489.400376487964,3.2966041924666665,-1.0,1.0,0.0
0.249,-4.443766241387806,4.443766241387806,0.0,-146.20084423524185,148.0445161796796,94.74121750421611,365.5220486042654,3490.478450666692,3.5772331772862502,-1.0,1.0,0.0
0.2495,-4.8055807162317485,4.8055807162317485,0.0,-146.14856066247324,140.39320616226905,137.35174268494077,365.6861825310035,3492.045814212859,3.7655226115392297,-1.0,1.0,0.0
0.25,-2.94476648109125,0.0,2.94476648109125,-146.1686703156591,101.59310626568451,148.1902241107387,365.5433399256887,3490.6817678096604,2.3713144545162543,-1.0,0.0,1.0
0.2505,-3.3192592973833652,0.0,3.3192592973833652,-146.50809025938634,45.423302051310884,145.65792189180524,365.4185406349599,3489.4900223688296,2.6538739674433605,-1.0,0.0,1.0
0.251,-3.7959590610229674,0.0,3.7959590610229674,-145.7779807035423,-3.276134289629898,145.95672682491679,365.37889092793205,3489.1113955568917,3.0308620283046612,-1.0,0.0,1.0
0.2515,-4.233890371659362,0.0,4.233890371659362,-145.94513625556002,-53.26391646080316,146.48230781252644,365.43215160124896,3489.619997522739,3.3880591360768384,-1.0,0.0,1.0
0.252,-4.496309657770097,0.0,4.496309657770097,-148.10562626575276,-108.95914361292567,146.14219436711247,365.56234640355854,3490.863266303885,3.6191619041333416,-1.0,0.0,1.0
0.2525,0.0,-2.6264528917535124,2.6264528917535124,-133.22444786073578,-143.14792290455193,146.14615281579736,365.6795696349918,3491.982665707554,2.0778225660823577,0.0,-1.0,1.0
0.253,0.0,-3.027468603143196,3.027468603143196,-86.74552606586118,-147.71387903230254,146.2501774454742,365.50306589308735,3490.2971791276555,2.434909675147308,0.0,-1.0,1.0
0.2535,0.0,-3.447203935264084,3.447203935264084,-31.304058923221298,-145.39201730026463,146.4729890815344,365.3985606866029,3489.299227916205,2.753481559080764,0.0,-1.0,1.0
0.254,0.0,-3.921221152448991,3.921221152448991,15.794907140648169,-146.26028135876862,145.48783837869527,365.3844303540624,3489.1642931799233,3.1309733071910166,0.0,-1.0,1.0
0.2545,0.0,-4.327433429381382,4.327433429381382,68.54198268690678,-146.38375821628432,146.71098546971328,365.4612797302004,3489.898150665077,3.470540005603614,0.0,-1.0,1.0
0.255,0.0,-4.5608914607056725,4.5608914607056725,121.45254014569163,-146.12547047173803,146.92389423586474,365.60546996237537,3491.27506595685,3.655761346233891,0.0,-1.0,1.0
0.2555,2.7861935864390652,-2.7861935864390652,0.0,146.54233030930547,-146.12970425335433,123.44650272924733,365.6231284449196,3491.4436920439152,2.2302772505033137,1.0,-1.0,0.0
0.256,3.1225663422800802,-3.1225663422800802,0.0,146.86617392536587,-146.36317868864398,71.29102662755677,365.4674216106613,3489.9568013031912,2.505361772072037,1.0,-1.0,0.0
0.2565,3.577158068905018,-3.577158068905018,0.0,145.45120530227922,-146.30386599050652,18.065189826534564,365.38553190998,3489.174812264086,2.856309066107391,1.0,-1.0,0.0
0.257,4.042902525735664,-4.042902525735664,0.0,146.45345936611452,-145.38167808315686,-28.895173727224208,365.3966948508983,3489.281410497682,3.2289865532952375,1.0,-1.0,0.0
0.2575,4.401847887180777,-4.401847887180777,0.0,146.2683685722272,-147.57627675995863,-84.02697251728817,365.49550825284865,3490.2250089795293,3.5389201837196196,1.0,-1.0,0.0
0.258,4.672462616005442,-4.672462616005442,0.0,146.13517172367418,-143.9065644213559,-131.66911038035272,365.6513293134375,3491.7129905013617,3.7062880962680103,1.0,-1.0,0.0
0.2585,2.8868953570910674,0.0,-2.8868953570910674,146.1383947224402,-111.32101191137937,-148.00621848990104,365.57458498323797,3490.9801361310297,2.322822080848402,1.0,0.0,-1.0
0.259,3.233151879989734,0.0,-3.233151879989734,146.4684704047075,-55.93366857562441,-146.0620387654392,365.436746121689,3489.663871961089,2.5881238701782543,1.0,0.0,-1.0
0.2595,3.7059130669325873,0.0,-3.7059130669325873,146.0155339262055,-5.472647204480701,-145.71955545340865,365.37921806188433,3489.1145194560254,2.9589665376960346,1.0,0.0,-1.0
0.26,4.158329418054434,0.0,-4.158329418054434,145.58455829322114,42.85303420497235,-146.51094722597588,365.41522155655986,3489.4583275047967,3.323970272250837,1.0,0.0,-1.0
0.2605,4.459372915141373,0.0,-4.459372915141373,148.1549870729239,99.03707834929641,-146.17894863621842,365.53351203558543,3490.587918372254,3.590764561090454,1.0,0.0,-1.0
0.261,4.326932409475635,0.2858618564245093,-4.612794265900145,138.57344078411867,139.31748354185197,-146.15453426965263,365.7011347370675,3492.1885972631717,3.5920158275085425,0.0,1.0,-1.0
0.2615,0.0,2.9681720654341386,-2.9681720654341386,97.35873782180163,148.11983897112444,-146.18794511390846,365.5310715899973,3490.564613833532,2.3898273259266243,0.0,1.0,-1.0
0.262,0.0,3.356105824564038,-3.356105824564038,41.200111018222266,145.54263810502985,-146.51043711527964,365.41194783997935,3489.4270658142327,2.6823453163549824,0.0,1.0,-1.0
0.2625,0.0,3.832825445538934,-3.832825445538934,-6.901333353464364,146.05298288086166,-145.6827395323939,365.37974794287925,3489.1195794468003,3.060301252419211,0.0,1.0,-1.0
0.263,0.0,4.2630163593300665,-4.2630163593300665,-57.67696235983983,146.45847815885855,-146.143048621365,365.4400190423504,3489.695126051186,3.41332374789662,0.0,1.0,-1.0
0.2635,0.0,4.512637529025352,-4.512637529025352,-112.81976255338012,146.1334533075181,-147.91598320523747,365.57463277820335,3490.9805925393293,3.62973358548453,0.0,1.0,-1.0
0.264,-2.682184093550614,2.682184093550614,0.0,-144.37026678098655,146.13970886258093,-130.62764941426303,365.66189898215964,3491.8139234028,2.1309336243614747,-1.0,1.0,0.0
0.2645,-3.0537137402189747,3.0537137402189747,0.0,-147.48280447837575,146.28122794371114,-82.25546081546057,365.49209981310696,3490.192460777542,2.4544203900663604,-1.0,1.0,0.0
0.265,-3.4852221705523063,3.4852221705523063,0.0,-145.3796762515888,146.4377946755441,-27.347195908249926,365.39398813347356,3489.25556325022,2.783430358624927,-1.0,1.0,0.0
0.2655,-3.957282236486197,3.957282236486197,0.0,-146.33043920214794,145.43131988214677,19.548990695976276,365.38729780779727,3489.1916753460837,3.1598898851639454,-1.0,1.0,0.0
0.266,-4.351258776054448,4.351258776054448,0.0,-146.34942145009808,146.96766087057094,73.07640797724416,365.4707808964162,3489.9888801191805,3.4922040155550267,-1.0,1.0,0.0
0.2665,-4.586761316943026,4.586761316943026,0.0,-146.12641131162775,146.2559723416549,124.69424296061284,365.6185323757437,3491.3998028162273,3.667998441934132,-1.0,1.0,0.0
0.267,-2.819689369769237,0.0,2.819689369769237,-146.1288389264548,120.12542081022173,147.14580215119196,365.60826245399784,3491.3017322875658,2.2618290470762483,-1.0,0.0,1.0
0.2675,-3.153347833612525,0.0,3.153347833612525,-146.3970606059801,66.76220310489342,146.61232122089444,365.4578677772115,3489.8655689140505,2.528227138826246,-1.0,0.0,1.0
0.268,-3.6149906152050564,0.0,3.6149906152050564,-146.2296956562549,14.332306871394774,145.51442327000754,365.3829543870424,3489.1501987330994,2.886429810960847,-1.0,0.0,1.0
0.2685,-4.077466747826506,0.0,4.077466747826506,-145.40490140408534,-32.882072882058004,146.48395024272503,365.40143107768967,3489.326638132009,3.2571494948471793,-1.0,0.0,1.0
0.269,-4.420079984527305,0.0,4.420079984527305,-147.79653475219558,-88.49887325035452,146.23820879970887,365.5062341356227,3490.327433615281,3.555772688263228,-1.0,0.0,1.0
0.2695,-4.720640267274818,0.0,4.720640267274818,-142.60325633259203,-134.1767018256707,146.14036805457883,365.6653782517449,3491.847147979971,3.7276014117545166,-1.0,0.0,1.0
0.27,0.0,-2.9113507954720688,2.9113507954720688,-107.39960585349279,-148.15179030080571,146.14814690192517,365.5613663273622,3490.85390726561,2.343820860750564,0.0,-1.0,1.0
0.2705,0.0,-3.2681139412839264,3.2681139412839264,-51.54356079130319,-145.87449502129527,146.48987584828728,365.4288153785503,3489.5881389427145,2.6146818098725966,0.0,-1.0,1.0
0.271,0.0,-3.743261691111714,3.743261691111714,-1.8535601229104066,-145.8165108285606,145.91797878704074,365.37863812148834,3489.1089814331817,2.988785947007132,0.0,-1.0,1.0
0.2715,0.0,-4.190340955033566,4.190340955033566,47.105627647069724,-146.50488354773654,145.71204806245598,365.4218168483034,3489.5213079017244,3.350890723606552,0.0,-1.0,1.0
0.272,0.0,-4.474556076690032,4.474556076690032,103.2273764365851,-146.16096873158523,148.1960247934914,365.54523332160124,3490.6998484087826,3.6031570214323114,0.0,-1.0,1.0
0.2725,1.7199506337597539,-3.3413590732853606,1.6214084395256068,141.05728682665216,-146.15526466775802,136.52615575709672,365.7029360852126,3492.205798870863,2.6041175959238365,1.0,-1.0,0.0
0.273,2.9920913605638493,-2.9920913605638493,0.0,147.98584333276207,-146.21113734886933,93.02655204463166,365.5192178891579,3490.451419328582,2.4082570795728047,1.0,-1.0,0.0
0.2735,3.3935232924074916,-3.3935232924074916,0.0,145.45872063206323,-146.50279788229375,37.05435510039916,365.4059870819054,3489.37014476751,2.7114449368423994,1.0,-1.0,0.0
0.274,3.869533915625688,-3.869533915625688,0.0,146.1441029707727,-145.59434543184477,-10.550387712084024,365.3812599443896,3489.134017997661,3.089627039869966,1.0,-1.0,0.0
0.2745,4.290756360371914,-4.290756360371914,0.0,146.4298329510367,-146.36489225317476,-62.140891151209395,365.4484618046884,3489.7757484927524,3.4377236758619723,1.0,-1.0,0.0
0.275,4.530687397588604,-4.530687397588604,0.0,146.12810790200942,-147.60465874174557,-116.51582323665689,365.5872191031002,3491.100783088691,3.640202049066681,1.0,-1.0,0.0
0.2755,2.7298331295760856,0.0,-2.7298331295760856,146.13445374145456,-127.81115461611994,-145.39736450181184,365.64529647366123,3491.6553811250856,2.1765170328762844,1.0,0.0,-1.0
0.276,3.0812221680920406,0.0,-3.0812221680920406,146.3144078984235,-77.73271406212139,-147.23282413654476,365.48161467440747,3490.09233507836,2.4747735656524608,1.0,0.0,-1.0
0.2765,3.5232673516777813,0.0,-3.5232673516777813,146.39069137482505,-23.463795546568406,-145.3932915627117,365.390086330645,3489.2183037777913,2.813521820337657,1.0,0.0,-1.0
0.277,3.9929772091168667,0.0,-3.9929772091168667,145.39429310182643,23.3630423553713,-146.3896227035236,365.39080243463496,3489.2251420671782,3.188603867515414,1.0,0.0,-1.0
0.2775,4.373356282378951,0.0,-4.373356282378951,147.22588616552042,77.61388603384532,-146.3150601544313,365.480755122305,3490.084126960404,3.5125218598561343,1.0,0.0,-1.0
0.278,4.617639413792063,0.0,-4.617639413792063,145.41671511250902,127.72952620018154,-146.1291503769919,365.6319007964347,3491.527461830285,3.681991851586179,1.0,0.0,-1.0
0.2785,0.0,2.8493520090612465,-2.8493520090612465,116.61252160745839,147.5973208187282,-146.13059295809293,365.59401621254375,3491.165690702692,2.28924485665211,0.0,1.0,-1.0
0.279,0.0,3.185444893418142,-3.185444893418142,62.25828778852556,146.3710258388222,-146.4290820514197,365.44881414447104,3489.779113089836,2.5522003968044977,0.0,1.0,-1.0
0.2795,0.0,3.6526661447552056,-3.6526661447552056,10.646341996254307,145.5920362886229,-146.14627732355964,365.38100635180064,3489.131596366817,2.9164697746581276,0.0,1.0,-1.0
0.28,0.0,4.111401410315827,-4.111401410315827,-36.94704470843055,146.50282141222456,-145.45730641917447,365.40675394036833,3489.3774677264114,3.2850112056710747,0.0,1.0,-1.0
0.2805,0.0,4.436990651364936,-4.436990651364936,-92.9116588951099,146.2111530598712,-147.9809643448241,365.51730958237846,3490.4331963411682,3.571178820836939,0.0,1.0,-1.0
0.281,0.0,4.778248850532426,-4.778248850532426,-136.46028987859196,146.14606611723337,-141.091494541231,365.67991750079113,3491.985987581244,3.7532620151148337,0.0,1.0,-1.0
0.28150000000000003,-2.93496403136469,2.93496403136469,0.0,-148.19726521379633,146.1617681006178,-103.3363113084008,365.5485865405809,3490.7318692913364,2.363388088191055,-1.0,1.0,0.0
0.28200000000000003,-3.3039821580625115,3.3039821580625115,0.0,-145.71558299090782,146.50439279545955,-47.217712415503094,365.4214611772101,3489.517911492967,2.6421261168330927,-1.0,1.0,0.0
0.28250000000000003,-3.7804251361058863,3.7804251361058863,0.0,-145.91541992795416,145.81911217090143,1.7590220821593838,365.3786917637868,3489.109493679399,3.018458884103737,-1.0,1.0,0.0
0.28300000000000003,-4.221272097124131,4.221272097124131,0.0,-146.49049811575304,145.8701136251611,51.42967492204015,365.42898690222785,3489.5897768731825,3.377218931376838,-1.0,1.0,0.0
0.28350000000000003,-4.489773651873597,4.489773651873597,0.0,-146.14693961857841,148.15265508415666,107.29384760149387,365.5572400710787,3490.814504420571,3.6145873237157016,-1.0,1.0,0.0
0.28400000000000003,-2.6003180618390695,0.0,2.6003180618390695,-146.14912309278162,134.24783319117105,142.5744294210885,365.6872991184296,3492.0564768373542,2.053046606458749,-1.0,0.0,1.0
0.28450000000000003,-3.016801956480971,0.0,3.016801956480971,-146.23795762170508,88.61547017629489,147.80237686064638,365.5077662970115,3490.3420646787986,2.426929160322824,-1.0,0.0,1.0
0.28500000000000003,-3.4312890033970183,0.0,3.4312890033970183,-146.48421938556154,32.98736138058841,145.40552484878438,365.4006384139497,3489.3190687508636,2.740986096639079,-1.0,0.0,1.0
0.28550000000000003,-3.9059998601306893,0.0,3.9059998601306893,-145.51648084346837,-14.235266192967945,146.22781625860557,365.38337914385556,3489.154254861885,3.1187876863604465,-1.0,0.0,1.0
0.28600000000000003,-4.316935549874164,0.0,4.316935549874164,-146.60572854157442,-66.6439357615608,146.39783955403553,365.4574029903235,3489.861130526208,3.461080577386485,-1.0,0.0,1.0
0.28650000000000003,-4.551270588357614,0.0,4.551270588357614,-147.1563800151435,-120.03301051694064,146.12571473459826,365.60003785011014,3491.2231931057436,3.6510011863665577,-1.0,0.0,1.0
0.28700000000000003,0.0,-2.770731259871545,2.770731259871545,-124.78037430515886,-146.2404181437552,146.13072220382955,365.62953810667705,3491.5048998050497,2.2155810010322305,0.0,-1.0,1.0
0.28750000000000003,0.0,-3.11005851972317,3.11005851972317,-73.19528830328393,-146.97464010577417,146.34871906342494,365.4715401062655,3489.9961300392015,2.4960980872894725,0.0,-1.0,1.0
0.28800000000000003,0.0,-3.5612485226374218,3.5612485226374218,-19.648021185142177,-145.42984212188094,146.33188681535128,365.38676742422746,3489.186610556071,2.843660796652494,0.0,-1.0,1.0
0.2885,0.0,-4.028243135290752,4.028243135290752,27.244706419874284,-146.43710329233645,145.38010094254204,365.39485039441803,3489.2637972357124,3.2170969252850923,0.0,-1.0,1.0
0.289,0.0,-4.39376158882912,4.39376158882912,82.1373148621475,-146.2817793424202,147.4761606584687,365.4910865649905,3490.1827849707634,3.5314195082565067,0.0,-1.0,1.0
0.2895,0.0,-4.6547332986071215,4.6547332986071215,130.550565639099,-146.13319197305458,144.393496952921,365.6455305761547,3491.657616639227,3.698456948036334,0.0,-1.0,1.0
0.29,2.8762240162236368,-2.8762240162236368,0.0,147.91158684996512,-146.1353845976852,112.9203626926135,365.58024446502293,3491.034180201115,2.3134317950172356,1.0,-1.0,0.0
0.2905,3.218801006403792,-3.218801006403792,0.0,146.1485534571541,-146.4577786895964,57.79299628339477,365.4402180670571,3489.697026597138,2.5772794285637657,1.0,-1.0,0.0
0.291,3.690200498213079,-3.690200498213079,0.0,145.68026610631424,-146.05538174575,6.996375504187483,365.3796301993826,3489.11845507923,2.9464232378327644,1.0,-1.0,0.0
0.2915,4.14462477759914,-4.14462477759914,0.0,146.51070039031927,-145.54037669440984,-41.090908617134765,365.41261002081416,3489.4333891754172,3.312535192315714,1.0,-1.0,0.0
0.292,4.452901422912737,-4.452901422912737,0.0,146.18766713294403,-148.11623749533652,-97.24613134539938,365.5286686073259,3490.541667039314,3.5852352721911225,1.0,-1.0,0.0
0.2925,4.846748312127198,-4.846748312127198,0.0,146.15208704284777,-139.36405322544485,-138.5197508299479,365.6950113864158,3492.1301235717015,3.7840955655481587,1.0,-1.0,0.0
0.293,2.9583196278923416,0.0,-2.9583196278923416,146.17937123364428,-99.1486520887018,-148.15796286347947,365.53617264561586,3490.6133253265334,2.3821005357114293,1.0,0.0,-1.0
0.2935,3.3405721393135264,0.0,-3.3405721393135264,146.5106074536216,-42.96306816256193,-145.5871945529755,365.4146430756124,3489.45280341866,2.6703193148613034,1.0,0.0,-1.0
0.294,3.817379563497709,0.0,-3.817379563497709,145.72208428508074,5.377856029457289,-146.0130728521506,365.3793145869399,3489.115441202409,3.047966270527528,1.0,0.0,-1.0
0.2945,4.250960576230329,0.0,-4.250960576230329,146.05684757078043,55.81825782783294,-146.46915390326643,365.43665382304766,3489.6629905739883,3.402823681695066,1.0,0.0,-1.0
0.295,4.5056264990045305,0.0,-4.5056264990045305,148.00949770458513,111.21884994125602,-146.13669002348502,365.5694484841563,3490.9310861778877,3.6253381224940977,1.0,0.0,-1.0
0.2955,0.0,2.659862991920378,-2.659862991920378,131.74436433000236,143.88169683877007,-146.14229015530688,365.6691840925429,3491.8834910825076,2.1096228594956243,0.0,1.0,-1.0
0.296,0.0,3.042553548149857,-3.042553548149857,84.14472115022747,147.5827386763533,-146.26789317166376,365.4966526808569,3490.2359374620014,2.446140822350925,0.0,1.0,-1.0
0.2965,0.0,3.469258966962062,-3.469258966962062,28.99844013430493,145.38154240234968,-146.45401693199003,365.3958341621513,3489.273191525569,2.770839282885069,0.0,1.0,-1.0
0.297,0.0,3.9421901841591103,-3.9421901841591103,-17.966824111783648,146.3022823360049,-145.45287185008036,365.38602530260323,3489.1795238165787,3.1477785830962883,0.0,1.0,-1.0
0.2975,0.0,4.341469380606,-4.341469380606,-71.1722713231979,146.3639081333401,-146.8592641606743,365.46674310220993,3489.9503220247534,3.48327022424198,0.0,1.0,-1.0
0.298,0.0,4.575359391007854,-4.575359391007854,-123.35851400228871,146.12577285421693,-146.55635975732025,365.61302359661715,3491.347197850523,3.66268665938407,0.0,1.0,-1.0
0.2985,-2.8061623399882207,2.8061623399882207,0.0,-146.91189539184265,146.12891312725273,-121.54309506091889,365.6144288137382,3491.3606166855793,2.249145592021793,-1.0,1.0,0.0
0.299,-3.1402661699575094,3.1402661699575094,0.0,-146.7177310583849,146.3829924174498,-68.6604863644429,365.46182565567835,3489.9033638693795,2.5184963837739027,-1.0,1.0,0.0
0.2995,-3.5991311824474286,3.5991311824474286,0.0,-145.48592964315353,146.26203704324612,-15.892461461557918,365.3839676100479,3489.159874300086,2.8737966013804352,-1.0,1.0,0.0
0.3,-4.063031201866816,4.063031201866816,0.0,-146.47259925605863,145.39171877356023,31.19963945909658,365.3993799957985,3489.3070517427086,3.245363555021786,-1.0,1.0,0.0
