time_s,command_frequency_Hz,command_electrical_angle_rad,mechanical_angle_raw_rad,rotor_angle_unwrapped_rad,phase_error_rad,phase_error_unwrapped_rad,load_torque_Nm,ia_A,ib_A,ic_A,ea_V,eb_V,ec_V,speed_rad_s,torque_Nm,cmd_a,cmd_b,cmd_c,vab_V,vbc_V,vca_V
0.0,0.0,0.0,0.0,0.0,0.0,0.0,0.0,0.0,0.0,0.0,0.0,0.0,0.0,0.0,0.0,1.0,-1.0,0.0,48.0,-24.0,-24.0
0.0005,0.0,0.0,3.4545147456032745e-05,3.4545147456032745e-05,-3.4545147456032745e-05,-3.4545147456032745e-05,0.0,4.081879176076604,-4.081879176076604,0.0,4.884223201992174e-06,-0.08227243118617866,0.08227216339326268,0.20608149669147297,1.6296759574482158,1.0,-1.0,0.0,48.0,-24.123405936874754,-23.87659406312525
0.001,0.0,0.0,0.0002716339399758159,0.0002716339399758159,-0.00027163393997581595,-0.0002716339399758159,0.0,7.88039511870828,-7.88039511870828,0.0,0.00015011591788316586,-0.3215832012187242,0.32157497065800056,0.8055141465356032,3.1475371013575133,1.0,-1.0,0.0,48.0,-24.482291513308418,-23.517708486691582
0.0015,0.0,0.0,0.000901054779449661,0.000901054779449661,-0.000901054779449661,-0.000901054779449661,0.0,11.401333353298964,-11.401333353298964,0.0,0.001094796006479623,-0.7070410341242777,0.7069810098823613,1.7709714495818967,4.558906164547117,1.0,-1.0,0.0,48.0,-25.059954128941264,-22.940045871058736
0.002,0.0,0.0,0.0020993005643709112,0.0020993005643709112,-0.0020993005643709112,-0.0020993005643709112,0.0,14.650904100735378,-14.650904100735378,0.0,0.004431280959258309,-1.2283930678029487,1.2281501395855614,3.0766619963364126,5.870645305943345,1.0,-1.0,0.0,48.0,-25.840131033007403,-22.15986896699259
0.0025,0.0,0.0,0.004030420767621724,0.004030420767621724,-0.004030420767621724,-0.004030420767621724,0.0,17.63556039205115,-17.63556039205115,0.0,0.012993090347461888,-1.8761591016802945,1.8754470465724367,4.698644835915118,7.090609896202671,1.0,-1.0,0.0,48.0,-26.80703005223886,-21.192969947761142
0.003,0.0,0.0,0.006846998290176458,0.006846998290176458,-0.006846998290176458,-0.006846998290176458,0.0,20.361796743839964,-20.361796743839964,0.0,0.0310783720044201,-2.641711614725179,2.6400099363698173,6.615015704972669,8.22716209242676,1.0,-1.0,0.0,48.0,-27.945326557730198,-20.054673442269802
0.0035,0.0,0.0,0.010691190302433828,0.010691190302433828,-0.010691190302433828,-0.010691190302433828,0.0,22.83594022277133,-22.83594022277133,0.0,0.06461209240952917,-3.5173075259737434,3.5137765722643466,8.805979303815096,9.288745688141107,1.0,-1.0,0.0,48.0,-29.240124289046456,-18.759875710953548
0.004,0.0,0.0,0.01569577992319813,0.01569577992319813,-0.01569577992319813,-0.01569577992319813,0.0,25.063942478342963,-25.063942478342963,0.0,0.12127051980592483,-4.496076965507651,4.489474834152506,11.253822901552558,10.283521678527144,1.0,-1.0,0.0,48.0,-30.676878057003364,-17.32312194299663
0.0045,0.0,0.0,0.02198519316234939,0.02198519316234939,-0.02198519316234939,-0.02198519316234939,0.0,27.051178313193475,-27.051178313193475,0.0,0.21059253613918413,-5.571973202298444,5.560586309941836,13.942806238089084,11.21906266407947,1.0,-1.0,0.0,48.0,-32.241276643021465,-15.758723356978535
0.005,0.0,0.0,0.02967644289571373,0.02967644289571373,-0.02967644289571373,-0.02967644289571373,0.0,28.80225353368098,-28.80225353368098,0.0,0.34410419727356745,-6.739686557609334,6.721293310798883,16.858982074432603,12.10210298586781,1.0,-1.0,0.0,48.0,-33.91908449096677,-14.080915509033236
0.0055,0.0,0.0,0.038879968586114,0.038879968586114,-0.038879968586114,-0.038879968586114,0.0,30.320822101818187,-30.320822101818187,0.0,0.5354854432119037,-7.994523928799836,7.966422126541503,19.989960735939068,12.938339405070364,1.0,-1.0,0.0,48.0,-35.69594136933547,-12.304058630664532
0.006,0.0,0.0,0.0497003467391703,0.0497003467391703,-0.0497003467391703,-0.0497003467391703,0.0,31.609409958987253,-31.609409958987253,0.0,0.8008095451028746,-9.33225486581285,9.291398001719822,23.324630226026606,13.732272880710209,1.0,-1.0,0.0,48.0,-37.55712066207481,-10.442879337925191
0.0065,0.0,0.0,0.06223685213549989,0.06223685213549989,-0.06223685213549989,-0.06223685213549989,0.0,32.669240430264374,-32.669240430264374,0.0,1.1588836382128507,-10.748925452182878,10.692229267836774,26.85284020548645,14.48707381397753,1.0,-1.0,0.0,48.0,-39.48725017482179,-8.512749825178211
0.007,0.0,0.0,0.07658385266842709,0.07658385266842709,-0.07658385266842709,-0.07658385266842709,0.0,33.50005428700757,-33.50005428700757,0.0,1.631706854919057,-12.240642947740639,12.165537199147526,30.565052106269853,15.204439039124981,1.0,-1.0,0.0,48.0,-41.47000524555831,-6.529994754441683
0.0075,0.0,0.0,0.09283101936031841,0.09283101936031841,-0.09283101936031841,-0.09283101936031841,0.0,34.09991735557698,-34.09991735557698,0.0,2.2450321772625075,-13.803337295031415,13.70864045666107,34.45194718965793,15.884387308629822,1.0,-1.0,0.0,48.0,-43.48779301554553,-4.512206984454474
0.008,0.0,0.0,0.11106332514206325,0.11106332514206325,-0.11106332514206325,-0.11106332514206325,0.0,34.46501189554742,-34.46501189554742,0.0,3.028956858617923,-15.432509367371473,15.319681702981866,38.50396758905577,16.524911403385453,1.0,-1.0,0.0,48.0,-45.52145795735864,-2.478542042641358
0.0085,0.0,0.0,0.13136078773067708,0.13136078773067708,-0.13136078773067708,-0.13136078773067708,0.0,34.58941785965297,-34.58941785965297,0.0,4.018360150424227,-17.122977964610975,16.997739086976825,42.71074100591269,17.121374177795868,1.0,-1.0,0.0,48.0,-47.55004799407019,-0.44995200592980034
0.009,0.0,0.0,0.1537976387627707,0.1537976387627707,-0.1537976387627707,-0.1537976387627707,0.0,34.4997378996851,-34.43012669423584,-0.06961120544926047,5.252561209257258,-18.867644171499933,18.74180090506745,47.05784025332306,17.627726229022205,1.0,-1.0,0.0,48.0,-48.0,0.0
0.0095,0.0,0.0,0.17843607043997825,0.17843607043997825,-0.17843607043997828,-0.17843607043997825,0.0,34.25770550539773,-33.9051458415133,-0.3525596638844265,6.771619833151619,-20.650777054161058,20.543851287617688,51.50956387566347,17.95598259632437,1.0,-1.0,0.0,48.0,-48.0,0.0
0.01,0.0,0.0,0.20531711038602726,0.20531711038602726,-0.20531711038602726,-0.20531711038602726,0.0,33.842990051124595,-33.01238123148088,-0.8306088196437114,8.612822567226255,-22.45307557821924,22.39273065827697,56.020704992127236,18.102477643292985,1.0,-1.0,0.0,48.0,-48.0,0.0
0.0105,0.0,0.0,0.23445899217409596,0.23445899217409596,-0.23445899217409596,-0.23445899217409596,0.0,33.23041287547238,-31.753564559598058,-1.4768483158743235,10.805450151456892,-24.255521788425135,24.275403469804967,60.545046339467625,18.059574222002425,1.0,-1.0,0.0,48.0,-48.0,0.0
0.011,0.0,0.0,0.26585617507058146,0.26585617507058146,-0.26585617507058146,-0.26585617507058146,0.0,32.39418562427735,-30.132150768853418,-2.262034855423931,13.361864621809985,-26.03895553102826,26.172149963382036,65.03331227410617,17.810166833104876,1.0,-1.0,0.0,48.0,-48.0,0.0
0.0115,0.0,0.0,0.299477199687809,0.299477199687809,-0.299477199687809,-0.299477199687809,0.0,31.309964225253697,-28.15512106963514,-3.1548431556185585,16.266050312017292,-27.783210765307018,28.049326813144177,69.43068596158692,17.327178505845126,1.0,-1.0,0.0,48.0,-48.0,0.0
0.012,0.0,0.0,0.3352613328816895,0.3352613328816895,-0.3352613328816895,-0.3352613328816895,0.0,29.957722467081936,-25.835937638026873,-4.121784829055063,19.46150888181267,-29.465897460715805,29.85030863048922,73.67459166942842,16.576474930997808,1.0,-1.0,0.0,48.0,-48.0,0.0
0.0125,0.0,0.0,0.37311438195982666,0.37311438195982666,-0.37311438195982666,-0.37311438195982666,0.0,28.325223268404752,-23.198583655708862,-5.12663961269589,22.842328280395726,-31.061211022719586,31.48671275855397,77.69379373287796,15.524652150672269,1.0,-1.0,0.0,48.0,-48.0,0.0
0.013,0.0,0.0,0.41290465302929796,0.41290465302929796,-0.41290465302929796,-0.41290465302929796,0.0,26.411488014531706,-20.282121213660435,-6.1293668008712725,26.252814069917672,-32.539538939095685,32.83389768457432,81.41008164190356,14.151757761543374,1.0,-1.0,0.0,48.0,-48.0,0.0
0.0135,0.0,0.0,0.45446061654147923,0.45446061654147923,-0.45446061654147923,-0.45446061654147923,0.0,24.229299721371795,-17.144554471439015,-7.08474524993278,29.500831592634356,-33.86882645771304,33.73600147051288,84.74351206763623,12.466316639821487,1.0,-1.0,0.0,48.0,-48.0,0.0
0.014,0.0,0.0,0.49757209798556284,0.49757209798556284,-0.49757209798556284,-0.49757209798556284,0.0,21.805660261238174,-13.864276225513631,-7.9413840357245435,32.386495540710044,-35.01829373949108,34.02482337472347,87.62112707629389,10.51696157930668,1.0,-1.0,0.0,48.0,-48.0,0.0
0.0145,0.0,0.0,0.5419963722935992,0.5419963722935992,-0.5419963722935992,-0.5419963722935992,0.0,19.179499864187072,-10.537436799450171,-8.642063064736899,34.74110291671771,-35.96398464716412,33.55236104688098,89.9874153268664,8.393657836123115,1.0,-1.0,0.0,48.0,-48.0,0.0
0.015,0.0,0.0,0.5874692676851639,0.5874692676851639,-0.5874692676851639,-0.5874692676851639,0.0,16.396846353768552,-7.270539344930541,-9.12630700883801,36.46417427185428,-36.694171786219336,32.22961941204635,91.81327022192714,6.214204980854531,1.0,-1.0,0.0,48.0,-48.0,0.0
0.0155,0.0,0.0,0.633719616471459,0.633719616471459,-0.633719616471459,-0.633719616471459,0.0,13.50475562214831,-4.169291106597523,-9.335464515550786,37.54412811786418,-37.211871289380305,30.058256736508433,93.09990136983255,4.09843194813198,1.0,-1.0,0.0,48.0,-48.0,0.0
0.016,0.0,0.0,0.6804839299704117,0.6804839299704117,-0.6804839299704117,-0.6804839299704117,0.0,10.545957499951436,-1.3264518168181678,-9.219505683133269,38.053635824156196,-37.53258658877277,27.14156532068211,93.87570526830204,2.13969500941162,1.0,-1.0,0.0,48.0,-48.0,0.0
0.0165,0.0,0.0,0.7275178646656522,0.7275178646656522,-0.7275178646656522,-0.7275178646656522,0.0,7.555908108810594,1.1878867890331746,-8.743794897843769,38.121744579621485,-37.67775399495443,23.668692310996374,94.1869539228579,0.38575726466697313,1.0,-1.0,0.0,48.0,-48.0,0.0
0.017,0.0,0.0,0.7746021700448105,0.7746021700448105,-0.7746021700448105,-0.7746021700448105,0.0,4.562849943465791,3.3309698011821536,-7.893819744647945,37.89462561764743,-37.66676722012436,19.876869372640698,94.08574298733963,-1.1634472365438098,1.0,-1.0,0.0,48.0,-48.0,0.0
0.0175,0.0,0.0,0.8215428253572893,0.8215428253572893,-0.8215428253572893,-0.8215428253572893,0.0,1.590182023315907,5.0862602179882535,-6.67644224130416,37.49966916920878,-37.51129280405589,16.004339916929954,93.61945889174659,-2.5423448330566396,1.0,-1.0,0.0,48.0,-48.0,0.0
0.018,0.0,0.0,0.8681669595948835,0.8681669595948835,-0.8681669595948835,-0.8681669595948835,0.0,-1.340378760143694,6.457744783585207,-5.117366023441513,37.02336855952397,-37.21435356488474,12.248170266449707,92.82475547338193,-3.7988196470526807,1.0,-1.0,0.0,48.0,-48.0,0.0
0.0185,0.0,0.0,0.9143170611094673,0.9143170611094673,-0.9143170611094673,-0.9143170611094673,0.0,-4.206388183116156,7.462039164773354,-3.255650981657198,36.50602783031139,-36.77419104551779,8.73736665104096,91.7266288408673,-4.97581563821361,1.0,-1.0,0.0,48.0,-48.0,0.0
0.019,0.0,0.0,0.9598457084800823,0.9598457084800823,-0.9598457084800823,-0.9598457084800823,0.0,-6.983920749501673,8.120776224478798,-1.1368554749771251,35.95001066400096,-36.190612098556834,5.5258450598074145,90.34105090125843,-6.101876936466502,1.0,-1.0,0.0,48.0,-48.0,0.0
0.0195,0.0,0.0,1.0046117611697596,1.0046117611697596,-1.0046117611697596,-1.0046117611697596,0.0,-9.051729600760739,9.051729600760739,0.0,35.33396916534885,-35.46942193471931,2.60401523990226,88.67607630008986,-7.227351251828864,1.0,-1.0,0.0,48.0,-26.67174162458749,-21.32825837541251
0.02,0.0,0.0,1.0484759128770198,1.0484759128770198,-1.0484759128770198,-1.0484759128770198,0.0,-10.329194432817202,10.329194432817202,0.0,34.62982841287105,-34.62565762597985,-0.07607374001794445,86.73803143384814,-8.24728632883629,1.0,-1.0,0.0,48.0,-23.921840866536456,-24.078159133463547
0.0205,5.04,0.015770795121020774,1.091311019833606,1.091311019833606,-1.0755402247125851,-1.0755402247125851,0.0,-11.382397566613081,11.382397566613081,0.0,33.82809656482569,-33.69475707208929,-2.5733853642585047,84.56735587462488,-9.088281843256832,1.0,-1.0,0.0,48.0,-21.359944889373292,-26.640055110626708
0.021,5.08,0.03166725394818514,1.1330119430527734,1.1330119430527734,-1.1013446891045884,-1.1013446891045884,0.0,-12.212115721558241,12.212115721558241,0.0,32.931455825287564,-32.71468154686347,-4.936588308540766,82.20869658446559,-9.751744761435681,1.0,-1.0,0.0,48.0,-18.955024552247185,-29.04497544775281
0.0215,5.12,0.04768937648149299,1.173495692441362,1.173495692441362,-1.125806315959869,-1.125806315959869,0.0,-12.822790760980983,12.822790760980983,0.0,31.95296577813869,-31.717645612138874,-7.189338162789961,79.70583363071975,-10.243101292483015,1.0,-1.0,0.0,48.0,-16.69300175421013,-31.306998245789867
0.022,5.16,0.06383716272094454,1.2127007619160504,1.2127007619160504,-1.1488635991951057,-1.1488635991951057,0.0,-13.222325852764556,13.222325852764556,0.0,30.912711425448894,-30.72534097712849,-9.32709952510285,77.10080675164826,-10.57055623843044,1.0,-1.0,0.0,48.0,-14.579215250736947,-33.42078474926305
0.0225,5.2,0.08011061266653968,1.2505861240335923,1.2505861240335923,-1.1704755113670526,-1.1704755113670526,0.0,-13.421286346884665,13.421286346884665,0.0,29.833650003580196,-29.747339124874596,-11.323255474205611,74.43345407521247,-10.7432004312952,1.0,-1.0,0.0,48.0,-12.633589086441589,-35.36641091355841
0.023,5.24,0.09650972631827841,1.287130110749697,1.287130110749697,-1.1906203844314187,-1.1906203844314187,0.0,-13.431832491720995,13.431832491720995,0.0,28.73827393310498,-28.78267566437985,-13.140127669771738,71.74140598712312,-10.769398078103162,1.0,-1.0,0.0,48.0,-10.882073195865694,-37.11792680413431
0.0235,5.28,0.11303450367616075,1.3223293756943981,1.3223293756943981,-1.2092948720182375,-1.2092948720182375,0.0,-13.266737517568602,13.266737517568602,0.0,27.646720137619045,-27.823611478404544,-14.7406018677134,69.06038080337659,-10.656042161966923,1.0,-1.0,0.0,48.0,-9.34784380267935,-38.65215619732064
0.024,5.32,0.1296849447401867,1.3561980300299867,1.3561980300299867,-1.2265130852898,-1.2265130852898,0.0,-12.938731812834247,12.938731812834247,0.0,26.576202476902818,-26.860143033202952,-16.097311164294624,66.42454268110731,-10.408781388717907,1.0,-1.0,0.0,48.0,-8.044659113855444,-39.95534088614456
0.0245,5.36,0.14646104951035618,1.3887669264478342,1.3887669264478342,-1.242305876937478,-1.242305876937478,0.0,-12.460250049764971,12.460250049764971,0.0,25.541282624664166,-25.883963922463263,-17.197941410789156,63.866706897750355,-10.0329492778434,1.0,-1.0,0.0,48.0,-6.973399238110393,-41.026600761889604
0.025,5.4,0.16336281798666927,1.42008297975665,1.42008297975665,-1.2567201617699808,-1.2567201617699808,0.0,-11.843516816678273,11.843516816678273,0.0,24.554462161468535,-24.891048813712906,-18.04660461503491,61.41826965797633,-9.534764557922694,1.0,-1.0,0.0,48.0,-6.121688711087278,-41.87831128891273
0.0255,5.4399999999999995,0.18039025016912585,1.4502083782838777,1.4502083782838777,-1.2698181281147518,-1.2698181281147518,0.0,-11.100825932823387,11.100825932823387,0.0,23.626726644149354,-23.882592019200306,-18.662110896584363,59.10884719288423,-8.922398282407574,1.0,-1.0,0.0,48.0,-5.465821790941114,-42.53417820905889
0.026,5.4799999999999995,0.1975433460577261,1.479219555516711,1.479219555516711,-1.2816762094589849,-1.2816762094589849,0.0,-10.244853470163115,10.244853470163115,0.0,22.7678654573141,-22.864497375073128,-19.07433811440174,56.96569450034848,-8.206638658855724,1.0,-1.0,0.0,48.0,-4.973977844477774,-43.02602215552223
0.0265,5.52,0.21482210565247,1.5072058399424586,1.5072058399424586,-1.2923837342899887,-1.2923837342899887,0.0,-9.288877181895526,9.288877181895526,0.0,21.986546975397943,-21.845889446806137,-19.31986870411326,55.013020577366056,-7.401050046625013,1.0,-1.0,0.0,48.0,-4.6098025315908355,-43.39019746840917
0.027,5.56,0.23222652895335746,1.5342677628060268,1.5342677628060268,-1.3020412338526695,-1.3020412338526695,0.0,-8.246830511324966,8.246830511324966,0.0,21.290217581447266,-20.83719096961385,-19.437800354027793,53.27132447869867,-6.521662481676481,1.0,-1.0,0.0,48.0,-4.335686340055502,-43.6643136599445
0.0275,5.6,0.24975661596038856,1.5605150612718526,1.5605150612718526,-1.310758445311464,-1.310758445311464,0.0,-7.133175513974465,7.133175513974465,0.0,20.684921181818556,-19.84823803229401,-19.466292462220558,51.756855289036594,-5.586315806775479,1.0,-1.0,0.0,48.0,-4.115365963017169,-43.88463403698283
0.028,5.64,0.2674123666735632,1.586064457318586,1.586064457318586,-1.3186520906450228,-1.3186520906450228,0.0,-5.962621938212956,5.962621938212956,0.0,20.17512415700173,-18.88675462114942,-19.44009131367769,50.481262934123684,-4.6138151427463345,1.0,-1.0,0.0,48.0,-3.9157239183961563,-44.08427608160384
0.0285,5.68,0.2851937810928814,1.6110373163940983,1.6110373163940983,-1.325843535301217,-1.325843535301217,0.0,-4.74974423634491,4.74974423634491,0.0,19.763601361594848,-17.957346229094924,-19.389039669361647,49.451468143150166,-3.6230441710993855,1.0,-1.0,0.0,48.0,-3.7078327643883933,-44.29216723561161
0.029,5.72,0.3031008592183433,1.6355572955060813,1.6355572955060813,-1.332456436287738,-1.332456436287738,0.0,-3.508555830661787,3.508555830661787,0.0,19.45140785216801,-17.061039935956398,-19.33743417381642,48.66974731289327,-2.6321476615684207,1.0,-1.0,0.0,48.0,-3.4673818680777764,-44.53261813192223
0.0295,5.76,0.32113360104994854,1.6597480822192978,1.6597480822192978,-1.3386144811693492,-1.3386144811693492,0.0,-2.2520953259484977,2.2520953259484977,0.0,19.237936845983267,-16.1953122000613,-19.304032761549067,48.13400549548249,-1.6578519435133108,1.0,-1.0,0.0,48.0,-3.174654915489949,-44.825345084510055
0.03,5.8,0.3392920065876976,1.6837313091909785,1.6837313091909785,-1.3444393026032808,-1.3444393026032808,0.0,-0.9920679810990615,0.9920679810990615,0.0,19.12104933587923,-15.354503197512827,-19.30250875045672,47.83819853465029,-0.7149535903678217,1.0,-1.0,0.0,48.0,-2.8142181803600774,-45.18578181963992
0.0305,5.84,0.3575760758315902,1.7076247081426894,1.7076247081426894,-1.3500486323110992,-1.3500486323110992,0.0,0.26142794947637665,-0.26142794947637665,0.0,19.09725369581498,-14.530505638338372,-19.342173163739442,47.77286156634691,0.1840215528224855,1.0,-1.0,0.0,48.0,-2.3744528075222533,-45.62554719247775
0.031,5.88,0.3759858087816264,1.7315405460476698,1.7315405460476698,-1.3555547372660435,-1.3555547372660435,0.0,1.5000736320336723,-1.5000736320336723,0.0,19.161912154004575,-13.71362212215765,-19.428822539656654,47.925702887042995,1.0290036271961065,1.0,-1.0,0.0,48.0,-1.8470324444198836,-46.15296755558012
0.0315,5.92,0.3945212054378062,1.7555843669220073,1.7555843669220073,-1.361063161484201,-1.361063161484201,0.0,2.7173959696807906,-2.7173959696807906,0.0,19.30945296296693,-12.893496376081494,-19.565604143940934,48.28222692353404,1.8124301698915852,1.0,-1.0,0.0,48.0,-1.2264175626163487,-46.773582437383645
0.032,5.96,0.41318226580012957,1.7798540458829095,1.7798540458829095,-1.36667178008278,-1.36667178008278,0.0,3.908732560872585,-3.908732560872585,0.0,19.53357095534239,-12.060032762074872,-19.75381880642502,48.82635569734684,2.5291862520119297,1.0,-1.0,0.0,48.0,-0.5094120969412206,-47.49058790305878
0.0325,6.0,0.4319689898685966,1.8044391439830822,1.8044391439830822,-1.3724701541144857,-1.3724701541144857,0.0,5.067925930692524,-5.074291129533428,0.006365198840904653,19.82736675666368,-11.204201482120563,-19.99356522005265,49.54092990800953,3.1733304883745292,1.0,-1.0,0.0,48.0,0.0,-48.0
0.033,6.04,0.4508813776432071,1.8294197045894833,1.8294197045894833,-1.378538326946276,-1.378538326946276,0.0,6.1572002285433225,-6.24906498544398,0.0918647569006577,20.181618911360555,-10.317778720141659,-20.282378619790343,50.403575470095404,3.7075842492681765,1.0,-1.0,0.0,48.0,0.0,-48.0
0.0335,6.08,0.4699194291239613,1.8548624329630912,1.8548624329630912,-1.38494300383913,-1.38494300383913,0.0,7.165162789881025,-7.445056550033438,0.27989376015241246,20.58381311140596,-9.393937196945217,-20.614514469224453,51.38448298403938,4.119042932390033,1.0,-1.0,0.0,48.0,0.0,-48.0
0.034,6.12,0.48908314431085903,1.8808187485264465,1.8808187485264465,-1.3917356042155875,-1.3917356042155875,0.0,8.092468241073469,-8.665276956436651,0.5728087153631815,21.02061733844661,-8.42919583017175,-20.983491189370955,52.45275413088421,4.406450563088902,1.0,-1.0,0.0,48.0,0.0,-48.0
0.0345,6.16,0.5083725232039004,1.9073245838803088,1.9073245838803088,-1.3989520606764083,-1.3989520606764083,0.0,8.941751392432158,-9.91312755163382,0.9713761592016623,21.478272421429427,-7.423349187940925,-21.382267971586735,53.577418168018966,4.570428414197755,1.0,-1.0,0.0,48.0,0.0,-48.0
0.035,6.2,0.5277875658030854,1.9344004589540247,1.9344004589540247,-1.4066128931509394,-1.4066128931509394,0.0,9.717401502731821,-11.192019790740199,1.4746182880083767,21.942827323333272,-6.378747076457422,-21.80303713695831,54.72785933934395,4.613138033849566,1.0,-1.0,0.0,48.0,0.0,-48.0
0.0355,6.24,0.5473282721084136,1.9620517475545032,1.9620517475545032,-1.4147234754460896,-1.4147234754460896,0.0,10.425390075409736,-12.505099051152465,2.0797089757427294,22.400452401013606,-5.299113866014283,-22.236923149281274,55.87415850618057,4.537930879613175,1.0,-1.0,0.0,48.0,0.0,-48.0
0.036,6.279999999999999,0.5669946421198858,1.9902690924234074,1.9902690924234074,-1.4232744503035217,-1.4232744503035217,0.0,11.073162611382884,-13.855101813233855,2.78193920185097,22.83784655141757,-4.188078544118211,-22.673699086656594,56.987344630674656,4.348975942891867,1.0,-1.0,0.0,48.0,0.0,-48.0
0.0365,6.32,0.5867866758375014,2.0190289221877555,2.0190289221877555,-1.432242246350254,-1.432242246350254,0.0,11.66958441631827,-15.244354296068135,3.5747698797498666,23.242724504662608,-3.047695853036456,-23.10163485354884,58.03954969448244,4.050859523082062,1.0,-1.0,0.0,48.0,0.0,-48.0
0.037,6.359999999999999,0.6067043732612608,2.0482940202728237,2.0482940202728237,-1.441589647011563,-1.441589647011563,0.0,12.224910721827804,-16.67489115652158,4.4499804346937735,23.60432878631684,-1.8773186411168787,-23.507568132409556,59.00406086603225,3.6481671710767465,1.0,-1.0,0.0,48.0,0.0,-48.0
0.0375,6.4,0.6267477343911637,2.0780140939213863,2.0780140939213863,-1.4512663595302224,-1.4512663595302224,0.0,12.75073713685606,-18.148640059533932,5.397902922677872,23.91386607633683,-0.6731971212364257,-23.87723949423101,59.85526960987343,3.145086687995517,1.0,-1.0,0.0,48.0,0.0,-48.0
0.038,6.4399999999999995,0.6469167592272101,2.108126294475255,2.108126294475255,-1.4612095352480448,-1.4612095352480448,0.0,13.259882708602024,-19.667589525617334,6.40770681701531,24.16473492385411,0.5708954620349284,-24.19586698534576,60.5685315970954,2.545106960248987,1.0,-1.0,0.0,48.0,0.0,-48.0
0.0385,6.48,0.6672114477694002,2.1385556523872284,2.1385556523872284,-1.4713442046178282,-1.4713442046178282,0.0,13.76616756690747,-21.23384264035015,7.467675073442681,24.35240915971885,1.8618876506544362,-24.44887073581358,61.11997411352108,1.850918539081821,1.0,-1.0,0.0,48.0,0.0,-48.0
0.039,6.52,0.6876318000177339,2.169215415773827,2.169215415773827,-1.4815836157560929,-1.4815836157560929,0.0,14.284069593933642,-22.849466106170336,8.565396512236694,24.473884309735407,3.2046191276121494,-24.62261554160344,61.48631611536396,1.0646330668041135,1.0,-1.0,0.0,48.0,0.0,-48.0
0.0395,6.5600000000000005,0.7081778159722112,2.2000073209402577,2.2000073209402577,-1.4918295049680466,-1.4918295049680466,0.0,14.828274887612807,-24.516076871774832,9.687801984162025,24.526688331499695,4.598457714155532,-24.70503526326321,61.64479331444926,0.18841565659825843,1.0,-1.0,0.0,48.0,0.0,-48.0
0.04,6.6,0.7288494956328321,2.2308218742449255,2.2308218742449255,-1.5019723786120935,-1.5019723786120935,0.0,15.413166580348738,-26.2341648944866,10.820998314137862,24.507592022572158,6.03399714263044,-24.686041907746826,61.57329692426095,-0.7744411609243191,1.0,-1.0,0.0,48.0,0.0,-48.0
0.0405,6.640000000000001,0.7496468389995965,2.2615387787590113,2.2615387787590113,-1.5118919397594148,-1.5118919397594148,0.0,16.052316236542595,-28.00222073887327,11.949904502330673,24.41129765128366,7.490641864500006,-24.557693867495924,61.25082938166919,-1.818078791112245,1.0,-1.0,0.0,48.0,0.0,-48.0
0.041,6.68,0.7705698460725046,2.292027683410901,2.292027683410901,-1.5214578373383962,-1.5214578373383962,0.0,16.758044012562195,-29.815804585182903,13.057760572620708,24.22948907637849,8.935836913001253,-24.314178208386092,60.658345299760015,-2.932474328888512,1.0,-1.0,0.0,48.0,0.0,-48.0
0.0415,6.720000000000001,0.7916185168515562,2.322149451004449,2.322149451004449,-1.5305309341528928,-1.5305309341528928,0.0,17.54109564911106,-31.66673968788355,14.125644038772489,23.95063979745458,10.326442841042763,-23.95172160121417,59.779979255241834,-4.1020055596218725,1.0,-1.0,0.0,48.0,0.0,-48.0
0.042,6.76,0.8127928513367515,2.351758120419232,2.351758120419232,-1.5389652690824807,-1.5389652690824807,0.0,18.410450867608837,-33.54262150343718,15.132170635828343,23.560858819900623,11.612316219164262,-23.468559141568793,58.60457184730524,-5.304564571044562,1.0,-1.0,0.0,48.0,0.0,-48.0
0.0425,6.800000000000001,0.8340928495280903,2.3807036700823847,2.3807036700823847,-1.5466108205542946,-1.5466108205542946,0.0,19.373240017775263,-35.426795019607475,16.053555001832212,23.04580881477676,12.741629694807493,-22.865051465489735,57.12731117883447,-6.511569886384612,1.0,-1.0,0.0,48.0,0.0,-48.0
0.043,6.84,0.8555185114255723,2.4088355790896983,2.4088355790896983,-1.553317067664126,-1.553317067664126,0.0,20.434717967751766,-37.29887182769952,16.864153859947756,22.393413193055366,13.666999844927785,-22.1439615076996,55.35123614234457,-7.689074285348238,1.0,-1.0,0.0,48.0,0.0,-48.0
0.0435,6.88,0.8770698370291982,2.4360070479927334,2.4360070479927334,-1.5589372109635353,-1.5589372109635353,0.0,21.59823758980318,-39.13575388922267,17.53751629941949,21.596783568285467,14.351242741487859,-21.31081467406914,53.28832798113028,-8.799919583110636,1.0,-1.0,0.0,48.0,0.0,-48.0
0.044,6.92,0.8987468263389679,2.4620796132429468,2.4620796132429468,-1.5633327869039788,-1.5633327869039788,0.0,22.865182881745817,-40.91303094131129,18.047848059565474,20.656663038010883,14.77164708514116,-20.37420727178913,50.95996278846891,-9.806621629759476,1.0,-1.0,0.0,48.0,0.0,-48.0
0.0445,6.96,0.920549479354881,2.486927800085249,2.486927800085249,-1.5663783207303679,-1.5663783207303679,0.0,24.234856402986402,-42.60655107655211,18.371694673565706,19.582765014612196,14.922032994351282,-19.34592279893721,48.39660369197252,-10.674473212330154,1.0,-1.0,0.0,48.0,0.0,-48.0
0.045,7.0,0.9424777960769377,2.5104434319694864,2.5104434319694864,-1.5679656358925487,-1.5679656358925487,0.0,25.704352352552476,-44.19394637568723,18.489594023134757,18.393674612416465,14.812422907837286,-18.240764547637355,45.636749111204914,-11.374304078490248,1.0,-1.0,0.0,48.0,0.0,-48.0
0.0455,7.04,0.9645317765051383,2.532539256183905,2.532539256183905,-1.5680074796787666,-1.5680074796787666,0.0,27.268469792425375,-45.655927514625205,18.38745772219983,17.11536473853118,14.466696629666512,-17.076092296654426,42.72528242328953,-11.884452078647449,1.0,-1.0,0.0,48.0,0.0,-48.0
0.046,7.08,0.9867114206394823,2.553151641608288,2.553151641608288,-1.5664402209688058,-1.5664402209688058,0.0,28.919721507259975,-46.97722717924962,18.05750567198964,15.778719119202838,13.918965046914042,-15.871126573163624,39.711452942321586,-12.19172663511603,1.0,-1.0,0.0,48.0,0.0,-48.0
0.0465,7.12,1.0090167284799698,2.5722422277943853,2.5722422277943853,-1.5632254993144155,-1.5632254993144155,0.0,30.648474261840647,-48.14714839802801,17.49867413618736,14.41663805758908,13.209499090697653,-14.646129154381859,36.64674107389553,-12.29139565381563,1.0,-1.0,0.0,48.0,0.0,-48.0
0.047,7.16,1.031447700026601,2.589798524657229,2.589798524657229,-1.558350824630628,-1.558350824630628,0.0,32.443225386516445,-49.15973934391011,16.716513957393662,13.06129582785634,12.380922849858536,-13.421574330750483,33.58282717111308,-12.186416238809436,1.0,-1.0,0.0,48.0,0.0,-48.0
0.0475,7.2,1.0540043352793758,2.6058347737093963,2.6058347737093963,-1.5518304384300206,-1.5518304384300206,0.0,33.451157296416014,-48.334325911642544,14.883168615226532,11.751266855774336,11.48424034854552,-12.227091960298564,30.594065027205442,-11.242945677297282,1.0,0.0,-1.0,0.0,48.0,-48.0
0.048,7.24,1.076686634238294,2.6204821413497843,2.6204821413497843,-1.5437955071114904,-1.5437955071114904,0.0,32.66195022467285,-43.70632641595812,11.04437619128527,10.652252229228193,10.702435374203139,-11.23124948687941,28.102314461052174,-8.678393610184244,1.0,0.0,-1.0,0.0,48.0,-48.0
0.0485,7.28,1.099494596903356,2.6340451193599215,2.6340451193599215,-1.5345505224565654,-1.5345505224565654,0.0,32.044712695320975,-39.31200493999287,7.26729224467189,9.815743299094944,10.11833908117725,-10.494222109089106,26.25815713944354,-6.074078242943708,1.0,0.0,-1.0,0.0,48.0,-48.0
0.049,7.32,1.1224282232745615,2.646848550687917,2.646848550687917,-1.5244203274133554,-1.5244203274133554,0.0,31.5558828198636,-35.15971160932912,3.6038287894655197,9.23261124019313,9.752279959311169,-10.01657263032031,25.06299206637109,-3.4968755953303567,1.0,0.0,-1.0,0.0,48.0,-48.0
0.0495,7.36,1.1454875133519105,2.659213978695239,2.659213978695239,-1.5137264653433284,-1.5137264653433284,0.0,31.15721720637474,-31.259448303957427,0.10223109758268928,8.886149547697972,9.612884234662404,-9.792617681950505,24.502579810310618,-1.0050727900444578,1.0,0.0,-1.0,0.0,48.0,-48.0
0.05,7.4,1.1686724671354032,2.671452357569754,2.671452357569754,-1.502779890434351,-1.502779890434351,0.0,30.815953814751147,-27.621624206229292,-3.1943296085218558,8.75334124007432,9.6992914007944,-9.811269012568607,24.549146360313134,1.3512813788540365,1.0,0.0,-1.0,0.0,48.0,-48.0
0.0505,7.44,1.1919830846250397,2.683857792679769,2.683857792679769,-1.4918747080547294,-1.4918747080547294,0.0,30.50491308853138,-24.256108088467066,-6.248805000064315,8.805690565695715,10.002936974822022,-10.056843010722078,25.163399569496917,3.5300379653622325,1.0,0.0,-1.0,0.0,48.0,-48.0
0.051,7.4799999999999995,1.2154193658208188,2.6967022689926217,2.6967022689926217,-1.481282903171803,-1.481282903171803,0.0,30.202559714168707,-21.17152884825262,-9.031030865916089,9.00978577013289,10.50894567126678,-10.509841494417362,26.29646726956492,5.496664161791127,1.0,0.0,-1.0,0.0,48.0,-48.0
0.0515,7.52,1.2389813107227425,2.7102313322578895,2.7102313322578895,-1.471250021535147,-1.471250021535147,0.0,29.89302954556312,-18.374777256838282,-11.518252288724838,9.32777417642926,11.197226948303594,-11.147710635208426,27.89177318227826,7.224030548443189,1.0,0.0,-1.0,0.0,48.0,-48.0
0.052,7.5600000000000005,1.2626689193308096,2.7246606963544844,2.7246606963544844,-1.4619917770236748,-1.4619917770236748,0.0,29.566111213354503,-15.87066742217775,-13.695443791176753,9.717926072254327,12.043393394800455,-11.945585731988091,29.886868602630038,8.692268608373492,1.0,0.0,-1.0,0.0,48.0,-48.0
0.0525,7.6,1.2864821916450204,2.7401737588101804,2.7401737588101804,-1.45369156716516,-1.45369156716516,0.0,29.217160196806706,-13.661724608052472,-15.555435588754234,10.135451643798234,13.019637982789847,-12.877027825612526,32.215235612077166,9.888680824141188,1.0,0.0,-1.0,0.0,48.0,-48.0
0.053,7.640000000000001,1.3104211276653746,2.7569200128380404,2.7569200128380404,-1.446498885172666,-1.446498885172666,0.0,28.846914598693136,-11.748075235873248,-17.098839362819888,10.533714507784039,14.095704670340982,-13.914753212427625,34.808070460643705,10.807662959116819,1.0,0.0,-1.0,0.0,48.0,-48.0
0.0535,7.68,1.3344857273918724,2.7750143454620484,2.7750143454620484,-1.440528618070176,-1.440528618070176,0.0,28.461176769476822,-10.127423107016996,-18.333753662459824,10.865945977272228,15.240058365075772,-15.031347871707393,37.59604221964331,11.450570157559573,1.0,0.0,-1.0,0.0,48.0,-48.0
0.054,7.720000000000001,1.3586759908245138,2.794537204005845,2.794537204005845,-1.4358612131813313,-1.4358612131813313,0.0,28.070324416071333,-8.795100819590786,-19.275223596480547,11.08749224265157,16.421296553694166,-16.19994565803863,40.51100132590848,11.825432711210588,1.0,0.0,-1.0,0.0,48.0,-48.0
0.0545,7.76,1.382991917963299,2.8155355943094134,2.8155355943094134,-1.4325436763461143,-1.4325436763461143,0.0,27.6886210667719,-7.744185147450894,-19.944435919321005,11.158512908087884,17.60974717771613,-17.39483400251037,43.48758731219199,11.946416833783221,1.0,0.0,-1.0,0.0,48.0,-48.0
0.055,7.800000000000001,1.4074335088082275,2.8380248423579353,2.8380248423579353,-1.4305913335497078,-1.4305913335497078,0.0,27.333311404063,-6.965659443048573,-20.367651961014428,11.04689834889845,18.77908263328295,-18.591939067820352,46.4646604926129,11.832944795632736,1.0,0.0,-1.0,0.0,48.0,-48.0
0.0555,7.84,1.4320007633592997,2.8619910090173524,2.8619910090173524,-1.4299902456580527,-1.4299902456580527,0.0,27.02351390170847,-6.448597047573092,-20.574916854135378,10.731010811426563,19.9076818710779,-19.76914171625683,49.38646722782279,11.508445132789708,1.0,0.0,-1.0,0.0,48.0,-48.0
0.056,7.880000000000001,1.4566936816165155,2.887393802251831,2.887393802251831,-1.4307001206353156,-1.4307001206353156,0.0,26.77896072543237,-6.180332055813273,-20.598628669619096,10.20172758325963,20.979434068403155,-20.90639427687144,52.20345152015189,10.998790869338876,1.0,0.0,-1.0,0.0,48.0,-48.0
0.0565,7.92,1.4815122635798748,2.914169793198392,2.914169793198392,-1.4326575296185173,-1.4326575296185173,0.0,26.618678040140615,-6.146583886893762,-20.472094153246854,9.463233575086969,21.983733016114094,-21.985649361462322,54.872652128093655,10.330577626321293,1.0,0.0,-1.0,0.0,48.0,-48.0
0.057,7.960000000000001,1.5064565092493778,2.942235723152737,2.942235723152737,-1.4357792139033592,-1.4357792139033592,0.0,26.5597388983862,-6.331515046672527,-20.228223851713672,8.532126961061596,22.914568567080636,-22.990669514452943,57.357671449839884,9.529458297140238,1.0,0.0,-1.0,0.0,48.0,-48.0
0.0575,8.0,1.5315264186250244,2.971491695636644,2.971491695636644,-1.4399652770116198,-1.4399652770116198,0.0,26.616242401121596,-6.717727764317908,-19.89851463680369,7.434684104044637,23.768847736539477,-23.90684150513714,59.62825856027081,8.618754831045074,1.0,0.0,-1.0,0.0,48.0,-48.0
0.058,8.040000000000001,1.5567219917068145,3.0018240816542447,3.0018240816542447,-1.4451020899474303,-1.4451020899474303,0.0,26.79866347944518,-7.2862384581754345,-19.51242502126975,6.20254555702023,24.544304856381153,-24.721143621581543,61.65959699118314,7.618501537531759,1.0,0.0,-1.0,0.0,48.0,-48.0
0.0585,8.08,1.5820432284947485,3.0331080189889623,3.0331080189889623,-1.4510647904942138,-1.4510647904942138,0.0,27.113669278446586,-8.016496363483732,-19.097172914962854,4.86754297924762,25.237505247464128,-25.422381687107087,63.43141293563959,6.544962208367522,1.0,0.0,-1.0,0.0,48.0,-48.0
0.059,8.12,1.6074901289888248,3.065209444462515,3.065209444462515,-1.4577193154736903,-1.4577193154736903,0.0,27.564412868506505,-8.886518883055459,-18.677893985451046,3.4567546225566157,25.842446755387098,-26.00170925096448,64.92701592003823,5.410554980500568,1.0,0.0,-1.0,0.0,48.0,-48.0
0.0595,8.16,1.6330626931890457,3.097986648476773,3.097986648476773,-1.4649239552877271,-1.4649239552877271,0.0,28.151208226804012,-9.873190561429201,-18.27801766537481,1.9890144711759912,26.35010300407901,-26.453298409944352,66.13235926272381,4.224065662110637,1.0,0.0,-1.0,0.0,48.0,-48.0
0.06,8.2,1.6587609210954102,3.1312913775051636,3.1312913775051636,-1.4725304564097534,-1.4725304564097534,0.0,28.872389370075847,-10.952715783179087,-17.91967358689676,0.47390776610800994,26.748976614709452,-26.774881053275266,67.03517951017284,2.991056956429998,1.0,0.0,-1.0,0.0,48.0,-48.0
0.0605,8.239999999999998,1.6845848127079186,-3.1182157715384995,3.1649695356410867,-1.4803847229331681,-1.4803847229331681,0.0,29.725093738432697,-12.10114301920107,-17.623950719231626,-1.08624740832275,27.026433180185336,-26.96780596804931,67.62426115574324,1.7144696615887192,1.0,0.0,-1.0,0.0,48.0,-48.0
0.061,8.28,1.71053436802657,-3.0843237458332626,3.1988615613463236,-1.4883271933197535,-1.4883271933197535,0.0,30.705712580055195,-13.294818301897784,-17.41089427815741,-2.691702613335956,27.170374147484274,-27.03631615960224,67.88888453597257,0.39550816349006723,1.0,0.0,-1.0,0.0,48.0,-48.0
0.0615,8.32,1.7366095870513654,-3.050382715672647,3.2328025915069394,-1.496193004455574,-1.496193004455574,0.0,31.809829568778998,-14.51060759672082,-17.299221972058177,-4.338937594234609,27.170755335705817,-26.985962373639055,67.81854451258825,-0.9650587668062691,1.0,0.0,-1.0,0.0,48.0,-48.0
0.062,8.36,1.7628104697823042,-3.0165627310232614,3.266622576156325,-1.5038121063740206,-1.5038121063740206,0.0,33.03160978319186,-15.725771242509358,-17.305838540682505,-6.014333125886909,27.020580488349086,-26.821389447766986,67.4030546934692,-2.3651144302757485,1.0,0.0,-1.0,0.0,48.0,-48.0
0.0625,8.399999999999999,1.789137016219387,-2.9830387413813786,3.3001465657982076,-1.5110095495788207,-1.5110095495788207,0.0,34.36276833420688,-16.917476526228747,-17.445291807978137,-7.689679364547748,26.716239217041412,-26.54405723742188,66.63314972064391,-3.799027918963433,1.0,0.0,-1.0,0.0,48.0,-48.0
0.063,8.44,1.8155892263626128,-2.9499898684465293,3.333195438733057,-1.5176062123704441,-1.5176062123704441,0.0,35.79139233098718,-18.06206957581066,-17.729322755176522,-9.320987356987684,26.257314294853597,-26.15065231075478,65.5016456198342,-5.255428237572087,1.0,0.0,-1.0,0.0,48.0,-48.0
0.0635,8.48,1.8421671002119826,-2.9175979659866242,3.365587341192962,-1.5234202409809794,-1.5234202409809794,0.0,37.300965235324675,-19.13434944268687,-18.166615792637806,-10.85126315789826,25.646152346698397,-25.632895761750543,64.00511177793207,-6.715433342403334,1.0,0.0,-1.0,0.0,48.0,-48.0
0.064,8.52,1.8688706377674957,-2.8860452516222814,3.397140055557305,-1.528269417789809,-1.528269417789809,0.0,38.86992143797164,-20.107146779165166,-18.762774658806475,-12.216852925235791,24.887515174350426,-24.979118337644767,62.14586828026339,-8.151909040404142,1.0,0.0,-1.0,0.0,48.0,-48.0
0.0645,8.559999999999999,1.8956998390291528,-2.855510922537511,3.427674384642075,-1.5319745456129223,-1.5319745456129223,0.0,40.471943224819924,-20.951474586997982,-19.520468637821946,-13.355984181752715,23.988512850408366,-24.17743328533445,59.9339915714352,-9.530193262874867,1.0,0.0,-1.0,0.0,48.0,-48.0
0.065,8.6,1.922654703996953,-2.8261668467628236,3.4570184604167626,-1.5343637564198096,-1.5343637564198096,0.0,42.07703537800653,-21.637389275885596,-20.439646102120932,-14.21752999104932,22.95883043202137,-23.21977526222872,57.38894090557147,-10.810387246699984,1.0,0.0,-1.0,0.0,48.0,-48.0
0.0655,8.64,1.9497352326708972,-2.798172612976549,3.485012694203037,-1.5352774615321398,-1.5352774615321398,0.0,43.65322864466697,-22.135513810150975,-21.517714834515992,-14.768014405637466,21.81108997162204,-22.105719059547354,54.54044593638213,-11.950885670853111,1.0,0.0,-1.0,0.0,48.0,-48.0
0.066,8.68,1.976941425050985,-2.7716703727813585,3.5115149343982277,-1.5345735093472428,-1.5345735093472428,0.0,45.16862799751647,-22.418993135758424,-22.749634861758047,-14.995456146180565,20.56111204527612,-20.845009171635088,51.42842625997149,-12.91245544681731,1.0,0.0,-1.0,0.0,48.0,-48.0
0.0665,8.719999999999999,2.004273281137216,-2.7467799764456378,3.5364053307339485,-1.5321320495967323,-1.5321320495967323,0.0,46.59347124639659,-22.465537243847866,-24.127934002548727,-14.909586831954767,19.227877625784647,-19.458127057767342,48.10191007994503,-13.662027136080928,1.0,0.0,-1.0,0.0,48.0,-48.0
0.067,8.76,2.0317308009295907,-2.723594868534379,3.5595904386452073,-1.5278596377156166,-1.5278596377156166,0.0,47.901901942445136,-22.259194114988805,-25.64270782745633,-14.538927208349744,17.833106966191036,-17.974832175775468,44.61711776143705,-14.175489523265432,1.0,0.0,-1.0,0.0,48.0,-48.0
0.0675,8.8,2.059313984428109,-2.7021790887819446,3.5810062183976417,-1.5216922339695325,-1.5216922339695325,0.0,49.07326112947166,-21.791577863822997,-27.28168326564866,-13.925843851140872,16.400502663277894,-16.431183580640077,41.03501488650718,-14.439109089150469,1.0,0.0,-1.0,0.0,48.0,-48.0
0.068,8.84,2.0870228316327712,-2.6825655557927592,3.600619751386827,-1.5135969197540557,-1.5135969197540557,0.0,50.092823754741616,-21.062417285258668,-29.030406469482948,-13.120895619522164,14.954792847162192,-14.865873995149157,37.41868499306047,-14.44958406826947,1.0,0.0,-1.0,0.0,48.0,-48.0
0.0685,8.879999999999999,2.114857342543577,-2.6647391487144505,3.6184461584651357,-1.503588815921559,-1.503588815921559,0.0,46.91639757452371,-18.063903939066986,-28.85249363545672,-12.226294964826437,13.574524308191922,-13.369568738455204,33.96541968172721,-12.750533503721462,0.0,1.0,-1.0,-48.0,48.0,0.0
0.069,8.92,2.142817517160526,-2.648503956639583,3.6346813505400033,-1.4918638333794774,-1.4918638333794774,0.0,42.450384908996476,-14.287923824773914,-28.16246108422256,-11.424558012125983,12.419553877725049,-12.105964761315844,31.07561324197304,-10.34550020917236,0.0,1.0,-1.0,-48.0,48.0,0.0
0.0695,8.96,2.1709033554836186,-2.6335609516242275,3.6496243555553587,-1.4787210000717401,-1.4787210000717401,0.0,38.2024402443272,-10.538346723993548,-27.66409352033365,-10.771834575247075,11.510357618006621,-11.093711191643639,28.80068458560081,-7.844016402239069,0.0,1.0,-1.0,-48.0,48.0,0.0
0.07,9.0,2.199114857512855,-2.6195981872549456,3.6635871199246406,-1.4644722624117854,-1.4644722624117854,0.0,34.1769880078781,-6.865547903548016,-27.311440104330085,-10.302195503615724,10.852932713574948,-10.333461062703817,27.155707680224527,-5.317027287107187,0.0,1.0,-1.0,-48.0,48.0,0.0
0.0705,9.04,2.2274520232482344,-2.606300443631301,3.676884863548285,-1.4494328403000507,-1.4494328403000507,0.0,30.381602821031922,-3.3181658754084213,-27.0634369456235,-10.036132996732098,10.446617234438673,-9.816731368620587,26.13904343244397,-2.8273002862843466,0.0,1.0,-1.0,-48.0,48.0,0.0
0.071,9.079999999999998,2.255914852689758,-2.5933570749416925,3.6898282322378937,-1.4339133795481356,-1.4339133795481356,0.0,26.82551285045903,0.058668117448430715,-26.88418096790746,-9.982865832790415,10.284889752653541,-9.527433633501504,25.734369133628903,-0.4295753488958116,0.0,1.0,-1.0,-48.0,48.0,0.0
0.0715,9.12,2.2845033458374253,-2.5804688547722057,3.7027164524073806,-1.4182131065699553,-1.4182131065699553,0.0,23.518417985650178,3.2246952847318155,-26.743113270381993,-10.142352498327813,10.356155430389387,-9.44300211323427,25.91265332499269,1.8291695066137557,0.0,1.0,-1.0,-48.0,48.0,0.0
0.072,9.16,2.313217502691236,-2.567353851341402,3.715831455838184,-1.4026139531469481,-1.4026139531469481,0.0,20.469583498810415,6.145559141807907,-26.615142640618323,-10.506931608242482,10.644508928248342,-9.535179790481207,26.634060502061264,3.9094345190956785,0.0,1.0,-1.0,-48.0,48.0,0.0
0.0725,9.2,2.3420573232511903,-2.5537523675569207,3.7294329396226655,-1.3873756163714752,-1.3873756163714752,0.0,17.687163824373226,8.793561788959718,-26.480725613332943,-11.062610145475077,11.130474198270171,-9.770587864789677,27.849788671533567,5.7789512466815145,0.0,1.0,-1.0,-48.0,48.0,0.0
0.073,9.239999999999998,2.371022807517288,-2.5394309764726173,3.743754330706969,-1.3727315231896808,-1.3727315231896808,0.0,15.177712322351027,11.1481928433431,-26.325905165694127,-11.790081191989774,11.791726584175722,-10.11123217622246,29.503852903760258,7.412500374785244,0.0,1.0,-1.0,-48.0,48.0,0.0
0.0735,9.28,2.40011395548953,-2.524185674841112,3.7589996323384742,-1.3588856768489443,-1.3588856768489443,0.0,12.945838823348153,13.196458568875736,-26.142297392223888,-12.665591762172804,12.603804802178972,-10.515109371989144,31.534832422777463,8.791801742405404,0.0,1.0,-1.0,-48.0,48.0,0.0
0.074,9.32,2.4293307671679147,-2.507844168660343,3.7753411385192432,-1.3460103713513285,-1.3460103713513285,0.0,10.99398553037626,14.933019283918913,-25.927004814295174,-13.661803004344499,13.54081936530999,-10.93707498426094,33.877597947801114,9.905461669446492,0.0,1.0,-1.0,-48.0,48.0,0.0
0.0745,9.36,2.4586732425524436,-2.490267297747409,3.792918009432177,-1.3342447668797335,-1.3342447668797335,0.0,9.322301503986619,16.360125026101585,-25.682426530088204,-14.748784201656004,14.576159013943924,-11.330121975596368,36.465028845983355,10.74893420745928,0.0,1.0,-1.0,-48.0,48.0,0.0
0.075,9.399999999999999,2.4881413816431155,-2.4713496049765764,3.81183570220301,-1.3236943205598943,-1.3236943205598943,0.0,7.928604092931316,17.487325725252337,-25.415929818183653,-15.895248736941527,15.683186790358286,-11.647180393900852,39.22971475923256,11.324420374115757,0.0,1.0,-1.0,-48.0,48.0,0.0
0.0755,9.44,2.517735184439932,-2.4510190638660267,3.8321662433135595,-1.3144310588736277,-1.3144310588736277,0.0,6.808419733017239,18.330926921843385,-25.139346654860624,-17.0700672184392,16.83590271514197,-11.843472592559582,42.10561369045738,11.640601810141959,0.0,1.0,-1.0,-48.0,48.0,0.0
0.076,9.48,2.547454650942891,-2.4292359989887844,3.853949308190802,-1.306494657247911,-1.306494657247911,0.0,5.9550946065500305,18.91316989775098,-24.86826450430101,-18.243983971546935,18.009533239971425,-11.87933578091029,45.02961104619889,11.71209707296444,0.0,1.0,-1.0,-48.0,48.0,0.0
0.0765,9.52,2.577299781151994,-2.405991268089223,3.877194039090363,-1.299894257938369,-1.299894257938369,0.0,5.359957629316018,19.261139084305622,-24.62109671362164,-19.391338980709147,19.180994788897777,-11.72326155124429,47.942898585261766,11.558554570052983,0.0,1.0,-1.0,-48.0,48.0,0.0
0.077,9.559999999999999,2.6072705750672407,-2.381303819511587,3.9018814876679992,-1.2946109126007586,-1.2946109126007586,0.0,5.012506819277682,19.405439113829992,-24.417945933107674,-20.49149625391763,20.329178557574533,-11.354730048301098,50.792078188148935,11.203362349533606,0.0,1.0,-1.0,-48.0,48.0,0.0
0.0775,9.6,2.637367032688631,-2.3552177854178633,3.927967521761723,-1.2906004890730918,-1.2906004890730918,0.0,4.900580905333275,19.378732441974932,-24.279313347308207,-21.529647223049434,21.435024938309667,-10.766286446474593,53.529902096927536,10.672051599742217,0.0,1.0,-1.0,-48.0,48.0,0.0
0.078,9.64,2.6675891540161647,-2.3277993085142104,3.955385998665376,-1.2877968446492112,-1.2877968446492112,0.0,5.010478082525147,19.214273627731696,-24.224751710256843,-22.49672899974365,22.481401751616605,-9.964282116213518,56.11559312656166,9.990568863463793,0.0,1.0,-1.0,-48.0,48.0,0.0
0.0785,9.68,2.697936939049842,-2.2991333157726905,3.9840519914068957,-1.2861150523570535,-1.2861150523570535,0.0,5.326998520945498,18.94460215778885,-24.271600678734348,-23.388375484952142,23.45286329582468,-8.96783423920331,58.51474080066128,9.183651969380344,0.0,1.0,-1.0,-48.0,48.0,0.0
0.079,9.719999999999999,2.7284103877896633,-2.269320439775517,4.013864867404069,-1.285454479614406,-1.285454479614406,0.0,5.833416763956947,18.600547859853524,-24.43396462381047,-24.20306507700089,24.335426149692413,-7.80586156546868,60.69882846771815,8.273534288130048,0.0,1.0,-1.0,-48.0,48.0,0.0
0.0795,9.76,2.7590095002356283,-2.238474248176549,4.044711059003037,-1.2857015587674083,-1.2857015587674083,0.0,6.511427082659676,18.210655074107713,-24.72208215676739,-24.939866425109525,25.116522434037957,-6.512491662749937,62.644493285745675,7.279116408217577,0.0,1.0,-1.0,-48.0,48.0,0.0
0.08,9.8,2.789734276387736,-2.2067188847203005,4.076466422459285,-1.2867321460715493,-1.2867321460715493,0.0,7.341134911065076,17.801049969947336,-25.142184881012412,-25.596326707536132,25.785253836981212,-5.121609614641158,64.33263999907328,6.21561559229649,0.0,1.0,-1.0,-48.0,48.0,0.0
0.0805,9.84,2.820584716245988,-2.1741871667574224,4.108998140422164,-1.2884134241761762,-1.2884134241761762,0.0,8.301174189358921,17.39567891921642,-25.69685310857534,-26.167032205669116,26.332960343149416,-3.661691610160138,65.74751678578899,5.0945890974189485,0.0,1.0,-1.0,-48.0,48.0,0.0
0.081,9.879999999999999,2.8515608198103837,-2.1410191379391086,4.142166169240477,-1.2906053494300935,-1.2906053494300935,0.0,9.369002564357913,17.01676235774896,-26.385764922106873,-26.643188205927515,26.753958048651057,-2.152195920508012,66.87582805319803,3.9241829355018636,0.0,1.0,-1.0,-48.0,48.0,0.0
0.0815,9.92,2.8826625870809224,-2.107361046084149,4.175824261095437,-1.2931616740145149,-1.2931616740145149,0.0,10.521365261612495,16.685265366011215,-27.20663062762371,-27.013267376999263,27.046145988328174,-0.6025693353319151,67.70592605359066,2.709505090423387,0.0,1.0,-1.0,-48.0,48.0,0.0
0.082,9.96,2.913890018057605,-2.073364699439826,4.20982060773976,-1.2959305896821554,-1.2959305896821554,0.0,11.734841231933636,16.421199834363115,-28.15604106629675,-27.26446361978861,27.211106319109085,0.9856366670753671,68.22711130521289,1.453135481729597,0.0,1.0,-1.0,-48.0,48.0,0.0
0.0825,10.0,2.945243112740431,-2.0391871362283034,4.243998170951283,-1.298755058210852,-1.298755058210852,0.0,12.986321372227192,16.24364168958869,-29.22996306181588,-27.384473371962102,27.253387736827083,2.6138456254703732,68.42908999032065,0.1558998128818112,0.0,1.0,-1.0,-48.0,48.0,0.0
0.083,10.04,2.976721871129401,-2.0049905088985747,4.278194798281012,-1.301472927151611,-1.301472927151611,0.0,14.253249629771794,16.17044868396464,-30.423698313736434,-27.363084741291402,27.178885832756464,4.27985807292629,68.30167591950237,-1.181921359349435,0.0,1.0,-1.0,-48.0,48.0,0.0
0.0835,10.08,3.0083262932245143,-1.9709420308573657,4.312243276322221,-1.3039169830977064,-1.3039169830977064,0.0,15.513503309837184,16.217765118194706,-31.73126842803189,-27.193194584761155,26.992567629217532,5.971289941723824,67.83486103984542,-2.558849443925156,0.0,1.0,-1.0,-48.0,48.0,0.0
0.084,10.120000000000001,3.040056379025771,-1.9372137686585515,4.3459715385210345,-1.3059151594952634,-1.3059151594952634,0.0,16.74489589902093,16.39946472361078,-33.14436062263171,-26.87113056862246,26.696121273191384,7.66090989736621,67.019381883939,-3.970017893931089,0.0,1.0,-1.0,-48.0,48.0,0.0
0.0845,10.16,3.0719121285331714,-1.9039820093849364,4.37920329779465,-1.3072911692614784,-1.3072911692614784,0.0,17.924425461436527,16.7266902627321,-34.651115724168626,-26.396421470963215,26.286308112550888,9.30536198946432,65.8478572953063,-5.404867294491892,0.0,1.0,-1.0,-48.0,48.0,0.0
0.085,10.2,3.1038935417467157,-1.8714259208045132,4.411759386375073,-1.3078658446283575,-1.3078658446283575,0.0,19.027517018291615,17.207598803183732,-36.23511582147535,-25.771329932918263,25.754739089950686,10.847930818176614,64.31646196498419,-6.845265076952455,0.0,1.0,-1.0,-48.0,48.0,0.0
0.0855,10.24,3.1360006186664036,-1.8397252757059868,4.4434600314736,-1.3074594128071961,-1.3074594128071961,0.0,20.027568676636044,17.847337673728816,-37.87490635036486,-25.000479741474606,25.089455030837378,12.224941502096657,62.426953082533835,-8.264657139914032,0.0,1.0,-1.0,-48.0,48.0,0.0
0.086,10.28,3.168233359292234,-1.809043428229926,4.47414187894966,-1.305908519657426,-1.305908519657426,0.0,18.63538937005965,16.383680474752865,-35.01906984481251,-24.131087748737478,24.318800267420468,13.397483299610341,60.28943618019285,-8.632161774881382,-1.0,1.0,0.0,-48.0,0.0,48.0
0.0865,10.32,3.200591763624209,-1.779437808001852,4.503747499177734,-1.3031557355535255,-1.3031557355535255,0.0,16.792532725489274,14.75659424911904,-31.549126974608313,-23.25803366192063,23.521268860264353,14.379892144087206,58.13643359354519,-8.551272979929582,-1.0,1.0,0.0,-48.0,0.0,48.0
0.087,10.36,3.2330758316623274,-1.7508987028497922,4.532286604329794,-1.2992107726674669,-1.2992107726674669,0.0,14.978061988897275,13.42759279844075,-28.405654787338026,-22.40793174458441,22.710703731274684,15.175588328991015,56.03294849287711,-8.240684178355366,-1.0,1.0,0.0,-48.0,0.0,48.0
0.0875,10.399999999999999,3.2656855634065893,-1.7233875928822455,4.559797714297341,-1.2941121508907516,-1.2941121508907516,0.0,13.183371012031524,12.365607568652015,-25.54897858068354,-21.602152457175087,21.899708971848696,15.799509026770794,54.03281171517104,-7.7295126413134145,-1.0,1.0,0.0,-48.0,0.0,48.0
0.088,10.44,3.298420958856995,-1.6968409040485732,4.586344403131013,-1.2879234442740186,-1.2879234442740186,0.0,11.40450265071936,11.540189168787178,-22.944691819506538,-20.858649645561545,21.101110896866025,16.275846406437026,52.18233433806524,-7.0486688323725275,-1.0,1.0,0.0,-48.0,0.0,48.0
0.0885,10.48,3.3312820180135443,-1.6711738638196565,4.61201144335993,-1.2807294253463857,-1.2807294253463857,0.0,9.641873282614458,10.922094672433754,-20.563967955048213,-20.19210258322687,20.32712112176151,16.63435330991255,50.51995694105605,-6.230077786731602,-1.0,1.0,0.0,-48.0,0.0,48.0
0.089,10.52,3.3642687408762373,-1.6462844839339081,4.6369008232456785,-1.2726320823694413,-1.2726320823694413,0.0,7.899763725461213,10.483733931233889,-18.383497656695102,-19.6140287083144,19.588218916964802,16.906762928501156,49.07609113615267,-5.305922860560769,-1.0,1.0,0.0,-48.0,0.0,48.0
0.0895,10.559999999999999,3.3973811274450734,-1.6220575758082405,4.661127731371346,-1.2637466039262728,-1.2637466039262728,0.0,6.185603231554026,10.199520884051438,-16.385124115605464,-19.132879111328386,18.892050891983892,17.12378922134534,47.87314587848991,-4.307925438810308,-1.0,1.0,0.0,-48.0,0.0,48.0
0.09,10.6,3.4306191777200534,-1.5983687086905407,4.6848165984890455,-1.254197420768992,-1.254197420768992,0.0,4.509107252667549,10.046161521131024,-14.555268773798574,-18.75414237685023,18.242557974007624,17.31291918551,46.925728232577875,-3.2666716792957216,-1.0,1.0,0.0,-48.0,0.0,48.0
0.0905,10.64,3.4639828917011775,-1.5750880265457234,4.708097280633863,-1.2441143889326858,-1.2441143889326858,0.0,2.881343776020275,10.002894625964153,-12.884238401984428,-18.480480171651937,17.639442374583318,17.497017991404253,46.2410051219102,-2.2110004754925026,-1.0,1.0,0.0,-48.0,0.0,48.0
0.091,10.68,3.497472269388444,-1.5520838473340106,4.731101459845576,-1.2336291904571315,-1.2336291904571315,0.0,1.313801896965888,10.051688847745798,-11.365490744711686,-18.311908692684508,17.078009218273596,17.693655853343547,45.819208811710816,-1.1674681602994466,-1.0,1.0,0.0,-48.0,0.0,48.0
0.0915,10.719999999999999,3.5310873107818557,-1.5292259779165607,4.753959329263026,-1.22287201848117,-1.22287201848117,0.0,-0.1824739335348209,10.177391289009424,-9.994917355474604,-18.24602970973916,16.549368535454885,17.915018026109056,45.65426513111339,-0.15990402184675823,-1.0,1.0,0.0,-48.0,0.0,48.0
0.092,10.76,3.56482801588141,-1.5063886891474152,4.776796618032171,-1.2119686021507614,-1.2119686021507614,0.0,-1.5976345755011572,10.367818155480109,-8.770183579978951,-18.278306255408072,16.040960066492815,18.168253869683518,45.73452024089015,0.7909318630356132,-1.0,1.0,0.0,-48.0,0.0,48.0
0.0925,10.8,3.598694384687108,-1.4834533084781039,4.799731998701482,-1.201037614014374,-1.201037614014374,0.0,-2.9236267643163556,10.61377609095945,-7.690149326643094,-18.402371621515645,15.537356098994112,18.456135831067538,46.0435391608941,1.6675791163178064,-1.0,1.0,0.0,-48.0,0.0,48.0
0.093,10.84,3.6326864171989497,-1.4603104013455321,4.822874905834054,-1.190188488635104,-1.190188488635104,0.0,-4.154621791455627,10.909002779650393,-6.754380988194766,-18.610355826159157,15.021295646022011,18.777918501398997,46.56094712941866,2.455988057479537,-1.0,1.0,0.0,-48.0,0.0,48.0
0.0935,10.879999999999999,3.6668041134169345,-1.4368615275290924,4.846323779650493,-1.179519666233559,-1.179519666233559,0.0,-5.287262485032011,11.250016898211802,-5.962754413179791,-18.89321068140253,14.474898136110879,19.13030254032569,47.26328314705048,3.1455054937336437,-1.0,1.0,0.0,-48.0,0.0,48.0
0.094,10.92,3.7010474733410637,-1.4130205742698425,4.8701647329097435,-1.1691172595686798,-1.1691172595686798,0.0,-6.320730005217995,11.635870665214368,-5.315140659996373,-19.24101305222043,13.880991588640152,19.508415354804324,48.12483410316129,3.7287338863595263,-1.0,1.0,0.0,-48.0,0.0,48.0
0.0945,10.96,3.7354164969713355,-1.3887146836918727,4.894470623487713,-1.1590541265163776,-1.1590541265163776,0.0,-7.256643394668787,12.067803457932023,-4.811160063263236,-19.643226494004146,13.224468336057853,19.906721953147866,49.11841842075152,4.201270225839282,-1.0,1.0,0.0,-48.0,0.0,48.0
0.095,11.0,3.7699111843077517,-1.3638848069858776,4.9193005001937085,-1.1493893158859567,-1.1493893158859567,0.0,-8.098816627582494,12.548802608973675,-4.449985981391181,-20.088905252596557,12.493554176363874,20.31978052916506,50.21609106707907,4.56134202735268,-1.0,1.0,0.0,-48.0,0.0,48.0
0.0955,11.04,3.804531535350311,-1.33848593054344,4.944699376636146,-1.1401678412858351,-1.1401678412858351,0.0,-8.852909582252302,13.083087570112253,-4.2301779878599515,-20.566832635024614,11.680851463145574,20.742764550010214,51.38974769019406,4.809370300476131,-1.0,1.0,0.0,-48.0,0.0,48.0
0.096,11.08,3.8392775500990144,-1.312487028250616,4.97069827892897,-1.1314207288299558,-1.1314207288299558,0.0,-9.526019529654542,13.675545497846523,-4.1495259681919805,-21.065598340762318,10.784002796821515,21.171692183085327,52.61161446609708,4.947499487176009,-1.0,1.0,0.0,-48.0,0.0,48.0
0.0965,11.120000000000001,3.874149228553861,-1.2858707982403792,4.997314508939207,-1.1231652803853458,-1.1231652803853458,0.0,-10.126266274910614,14.331158467800707,-4.204892192890092,-21.573635390888416,9.805830475450966,21.60333777779817,53.85462085567449,4.979137840268791,-1.0,1.0,0.0,-48.0,0.0,48.0
0.097,11.16,3.9091465707148516,-1.2586332411657424,5.024552066013844,-1.1154054952989925,-1.1154054952989925,0.0,-10.662424635511439,15.054472540667897,-4.392047905156459,-22.079253749880344,8.753847224455058,22.03484733381362,55.09266275297039,4.908545225374757,-1.0,1.0,0.0,-48.0,0.0,48.0
0.0975,11.2,3.9442695765819855,-1.2307831313038098,5.052402175875777,-1.1081325992937914,-1.1081325992937914,0.0,-11.143650540444632,15.849163655889658,-4.705513115445026,-22.57071954859886,7.639111082604259,22.463133714067006,56.300770849655635,4.740488602489144,-1.0,1.0,0.0,-48.0,0.0,48.0
0.098,11.24,3.979518246155263,-1.2023414235837941,5.080843883595792,-1.101325637440529,-1.101325637440529,0.0,-11.579330962691387,16.717751548750453,-5.138420586059067,-23.036429743171023,6.474508842237144,22.88417643735223,57.45520130079416,4.479962567208292,-1.0,1.0,0.0,-48.0,0.0,48.0
0.0985,11.280000000000001,4.014892579434684,-1.1733406317221926,5.109844675457394,-1.09495209602271,-1.09495209602271,0.0,-11.979064365132395,17.66149807112438,-5.682433705991986,-23.465216462891362,5.27268420263445,23.29238149710784,58.53346237015525,4.131951480740419,-1.0,1.0,0.0,-48.0,0.0,48.0
0.099,11.32,4.050392576420248,-1.1438242075469311,5.139361099632655,-1.0889685232124071,-1.0889685232124071,0.0,-12.3527508541687,18.680499875642873,-6.3277490214741725,-23.846780832738638,4.043952710578782,23.680156570829055,59.51428340469343,3.701200791423266,-1.0,1.0,0.0,-48.0,0.0,48.0
0.0995,11.36,4.086018237111957,-1.113845950333578,5.169339356846008,-1.0833211197340509,-1.0833211197340509,0.0,-12.710745335612444,19.7739498432922,-7.063204507679756,-24.172206244737723,2.7946302837235164,24.03782009568288,60.377525265014754,3.1919757680877656,-1.0,1.0,0.0,-48.0,0.0,48.0
0.1,11.4,4.121769561509809,-1.0834694762197457,5.199715830959841,-1.077946269450032,-1.077946269450032,0.0,-13.064009166618213,20.940502875080853,-7.876493708462639,-24.43444687038586,1.526209067569938,24.353892905012476,61.10402942369004,2.607817201637874,-1.0,1.0,0.0,-48.0,0.0,48.0
0.1005,11.440000000000001,4.157646549613804,-1.052767777671399,5.230417529508188,-1.0727709798943836,-1.0727709798943836,0.0,-13.424191814236641,22.17864869117797,-8.754456876941328,-24.628646101729732,0.23571789474053706,24.615733628703264,61.6754107530519,1.9513480940949117,-1.0,1.0,0.0,-48.0,0.0,48.0
0.101,11.48,4.193649201423943,-1.0218228914427299,5.261362415736857,-1.0677132143129135,-1.0677132143129135,0.0,-13.425725967551626,22.731256927047212,-9.305530959495586,-24.752217445622872,-1.082601665960533,24.810483614341887,62.07403380344953,1.237761811090793,-1.0,0.0,1.0,0.0,-48.0,48.0
0.1015,11.52,4.229777516940226,-0.9907211054981311,5.292464201681455,-1.0626866847412293,-1.0626866847412293,0.0,-11.138564152413519,18.712762429582913,-7.574198277169395,-24.81507523947409,-2.43571321530044,24.936711529494758,62.30960206552091,0.6732475551401627,-1.0,0.0,1.0,0.0,-48.0,48.0
0.102,11.559999999999999,4.26603149616265,-0.9595336087612414,5.323651698418345,-1.0576202022556949,-1.0576202022556949,0.0,-9.070119876253703,15.118643521571542,-6.0485236453178395,-24.840312407221383,-3.8323721182850004,25.006887477724778,62.42309837906717,0.2580710283889154,-1.0,0.0,1.0,0.0,-48.0,48.0
0.1025,11.6,4.302411139091221,-0.9283124866313196,5.354872820548267,-1.0524616814570456,-1.0524616814570456,0.0,-7.2145752370370335,11.925000605085922,-4.710425368048888,-24.84827478883498,-5.280584872358758,25.032932672786792,62.44957045590645,-0.025892746903066977,-1.0,0.0,1.0,0.0,-48.0,48.0
0.103,11.639999999999999,4.338916445725934,-0.8970934172373356,5.386091889942251,-1.0471754442163173,-1.0471754442163173,0.0,-5.564052282008446,9.109850987777113,-3.545798705768667,-24.856021872846117,-6.784808819602926,25.026785305937015,62.41962231942114,-0.19622571550562085,-1.0,0.0,1.0,0.0,-48.0,48.0
0.1035,11.68,4.375547416066792,-0.8658978786666224,5.417287428512964,-1.041740012446172,-1.041740012446172,0.0,-4.108933268745113,6.652698064932887,-2.543764796187774,-24.876247248544086,-8.344155726848877,25.000077978617085,62.35943533054115,-0.27085920375737105,-1.0,0.0,1.0,0.0,-48.0,48.0
0.104,11.719999999999999,4.412304050113792,-0.8347353965890438,5.448449910590543,-1.0361458604767506,-1.0361458604767506,0.0,-2.8382298030885225,4.534012575544239,-1.6957827724557162,-24.916284106845158,-9.951516968400659,24.96357137404687,62.290598473721744,-0.26865943868461806,-1.0,0.0,1.0,0.0,-48.0,48.0
0.1045,11.76,4.449186347866937,-0.8036059032823234,5.4795794038972625,-1.0303930560303254,-1.0303930560303254,0.0,-1.7400377340576896,2.734709911432604,-0.9946721773749145,-24.97731375290519,-11.593440865547723,24.92651353190931,62.22985409611176,-0.20949653338705343,-1.0,0.0,1.0,0.0,-48.0,48.0
0.105,11.799999999999999,4.4861943093262235,-0.7725022160964509,5.510683091083135,-1.0244887817569115,-1.0244887817569115,0.0,-0.802080035918675,1.2356838862755473,-0.4336038503568722,-25.053877802931343,-13.250573805737096,24.896077462303317,62.1888984151383,-0.1137395990968825,-1.0,0.0,1.0,0.0,-48.0,48.0
0.1055,11.84,4.523327934491656,-0.7414125730305046,5.541772734149082,-1.0184447996574262,-1.0184447996574262,0.0,-0.012312008731542399,0.017436683540083365,-0.005124674808540966,-25.133781752052407,-14.898525810709824,24.87699154486565,62.174373472611535,-0.0012516415835489045,-1.0,0.0,1.0,0.0,-48.0,48.0
0.106,11.879999999999999,4.56058722336323,-0.7103281508349544,5.572857156344632,-1.0122699329814022,-1.0122699329814022,0.0,0.16966729968014535,0.0,-0.16966729968014535,-25.186046077790078,-16.500705687299135,24.85917565723126,62.157508231076555,-0.13660518053762605,-1.0,0.0,1.0,-7.662729522980276,-40.33727047701973,48.0
0.1065,11.92,4.597972175940949,-0.6792607084196776,5.6039245987599084,-1.0059524228189591,-1.0059524228189591,0.0,0.33139100817639255,0.0,-0.33139100817639255,-25.174864645277125,-18.014777986975854,24.830762086423405,62.106831729771784,-0.2668211305515181,-1.0,0.0,1.0,-6.157273292451006,-41.842726707549,48.0
0.107,11.959999999999999,4.635482792224811,-0.6482264623124059,5.63495884486718,-0.9994760526423692,-0.9994760526423692,0.0,0.4750683055887731,0.0,-0.4750683055887731,-25.076370236253073,-19.407860578241177,24.792982153752106,62.02535018911868,-0.3819623535940221,-1.0,0.0,1.0,-4.733833463009306,-43.266166536990696,48.0
0.1075,12.0,4.673119072214817,-0.6172397310415629,5.665945576138023,-0.9928265039232063,-0.9928265039232063,0.0,0.5927075606924719,0.0,-0.5927075606924719,-24.867301199224457,-20.652601916918684,24.74718205322526,61.917695458475976,-0.47493497821310515,-1.0,0.0,1.0,-3.407457656080915,-44.592542343919085,48.0
0.108,12.04,4.7108810159109655,-0.586312052962453,5.696873254217133,-0.9859922383061672,-0.9859922383061672,0.0,0.6750996361535387,0.0,-0.6750996361535387,-24.52709933574968,-21.729477929482133,24.695179963038008,61.79039240541939,-0.5377849460354772,-1.0,0.0,1.0,-2.186481756873702,-45.813518243126296,48.0
0.1085,12.08,4.748768623313259,-0.5554511992947779,5.7277341078848085,-0.9789654845715496,-0.9789654845715496,0.0,0.7122668066426473,0.0,-0.7122668066426473,-24.03980147598327,-22.628274967515544,24.639588800759327,61.65199166828525,-0.5623940593562815,-1.0,0.0,1.0,-1.0718313700964277,-46.92816862990357,48.0
0.109,12.12,4.786781894421695,-0.524660168476656,5.758525138702931,-0.9717432442812353,-0.9717432442812353,0.0,0.6940473328672497,0.0,-0.6940473328672497,-23.395462418831496,-23.3486070773237,24.584021353657757,61.513004374586444,-0.5413494769636268,-1.0,0.0,1.0,-0.057113455263170465,-47.94288654473684,48.0
0.1095,12.16,4.824920829236276,-0.4939364479652522,5.789248859214334,-0.9643280299780583,-0.9643280299780583,0.0,0.5868940505272322,0.047655914730869185,-0.6345499652581014,-22.59037742191793,-23.898867043492164,24.53251674390097,61.38409367298793,-0.4881425518024596,-1.0,0.0,1.0,0.0,-48.0,48.0
0.11,12.2,4.863185427756999,-0.46327361174561194,5.819911695433975,-0.9567262676769754,-0.9567262676769754,0.0,0.3569579440521868,0.19279845668287227,-0.549756400735059,-21.625380593828766,-24.29264807684659,24.48715720998169,61.26999871712384,-0.4221463751857344,-1.0,0.0,1.0,0.0,-48.0,48.0
0.1105,12.24,4.901575689983868,-0.43266337594844106,5.850521931231145,-0.9489462412472776,-0.9489462412472776,0.0,0.0032306102775431778,0.42175707699697573,-0.4249876872745189,-20.507939348851334,-24.54896208051181,24.449936582313917,61.17435916216106,-0.3401894835870475,-1.0,0.0,1.0,0.0,-48.0,48.0
0.111,12.28,4.940091615916877,-0.402095493492312,5.881089813687274,-0.9409981977703971,-0.940998197770397,0.0,-0.4749793269276529,0.7235096837733854,-0.24853035684573252,-19.25228982651883,-24.691199464885127,24.423230313269894,61.101261881231764,-0.24205386178503807,-1.0,0.0,1.0,0.0,-48.0,48.0
0.1115,12.32,4.978733205556033,-0.37155773080986837,5.9116275763697175,-0.9328943708136848,-0.9328943708136848,0.0,-1.0776406815747308,1.0897269020609666,-0.012086220486235685,-17.878208878149717,-24.74503772624249,24.40926131880358,61.0544233635965,-0.13093340950275767,-1.0,0.0,1.0,0.0,-48.0,48.0
0.112,12.36,5.01750045890133,-0.34103626485299354,5.942149042326593,-0.9246485834252622,-0.9246485834252622,0.0,-1.8035989781926687,1.5144365184000657,0.28916245979260297,-16.40948118981728,-24.736352546659663,24.409535347255265,61.03635124843364,-0.013224755774821628,-1.0,0.0,1.0,0.0,-48.0,48.0
0.1125,12.4,5.056393375952773,-0.3105164752703897,5.972668831909196,-0.9162754559564235,-0.9162754559564235,0.0,-2.6503022354897667,1.9935444164446143,0.6567578190451524,-14.872239912793694,-24.689343478792786,24.424340410842486,61.047622672865614,0.10217440281094486,-1.0,0.0,1.0,0.0,-48.0,48.0
0.113,12.44,5.095411956710357,-0.27998404585869974,6.0032012613208865,-0.9077893046105299,-0.9077893046105299,0.0,-3.6136621687961963,2.5242639611198205,1.0893982076763755,-13.293304099294131,-24.625015197183597,24.45238917427963,61.08638222464194,0.20488790138992302,-1.0,0.0,1.0,0.0,-48.0,48.0
0.1135,12.48,5.134556201174086,-0.2494262496099888,6.033759057569598,-0.8992028563955117,-0.8992028563955117,0.0,-4.688050721143876,3.1045127370969,1.5835379840469759,-11.69857677774368,-24.560083576028507,24.49065982262381,61.14811446203548,0.28420040829878535,-1.0,0.0,1.0,0.0,-48.0,48.0
0.114,12.52,5.173826109343958,-0.21883327702796618,6.06435203015162,-0.8905259208076624,-0.8905259208076624,0.0,-5.866426844813375,3.7323361095885184,2.1340907352248575,-10.11153163589583,-24.50632088772199,24.534463802425766,61.22569487870293,0.33011476967471376,-1.0,0.0,1.0,0.0,-48.0,48.0
0.1145,12.56,5.2132216812199745,-0.1881994772540531,6.094985829925533,-0.8817641487055585,-0.8817641487055585,0.0,-7.140584824415413,4.405411992936053,2.73517283147936,-8.551818880963719,-24.470321302637657,24.577739911986182,61.30967745067843,0.33416433592938455,-1.0,0.0,1.0,0.0,-48.0,48.0
0.115,12.6,5.252742916802134,-0.15752548311714737,6.1256598240624385,-0.8729169072603042,-0.8729169072603042,0.0,-6.1494474690806475,3.944499921566596,2.2049475475140516,-7.032400768076873,-24.44770644219354,24.60755922239244,61.37381612834038,0.017430565447967283,0.0,-1.0,1.0,48.0,-48.0,0.0
0.1155,12.64,5.292389816090438,-0.12684965569679116,6.156335651482795,-0.8639458353923573,-0.8639458353923573,0.0,-2.2981013701733852,2.0483341950345673,0.24976717513881777,-5.555720651650252,-24.396633177260327,24.57754244882436,61.30767942372461,-0.5067258405725925,0.0,-1.0,1.0,48.0,-48.0,0.0
0.116,12.68,5.332162379084884,-0.09623466750560129,6.186950639673985,-0.8547882605891015,-0.8547882605891015,0.0,0.0,0.9167187546332302,-0.9167187546332302,-4.136954263919881,-24.328030974220336,24.498910024332375,61.14233827110863,-0.7320716513371227,0.0,-1.0,1.0,19.7776062110241,-48.0,28.222393788975904
0.1165,12.72,5.372060605785475,-0.06570936082997199,6.217475946349614,-0.8454153405641387,-0.8454153405641387,0.0,0.0,0.9199296267972245,-0.9199296267972245,-2.780863546765281,-24.269906600755395,24.404136992422206,60.958786341491404,-0.7345404566709128,0.0,-1.0,1.0,21.152021257401312,-48.0,26.847978742598688
0.117,12.76,5.412084496192208,-0.035275764530220535,6.247909542649365,-0.835825046457157,-0.835825046457157,0.0,0.0,0.9101550530386947,-0.9101550530386947,-1.4760311016076102,-24.22414015105624,24.3022077816086,60.775925754310876,-0.7267104569492462,0.0,-1.0,1.0,22.48493508311621,-48.0,25.51506491688379
0.1175,12.799999999999999,5.452234050305084,-0.004932909632336654,6.2782523975472495,-0.8260183472421652,-0.8260183472421652,0.0,0.0,0.8886358286554226,-0.8886358286554226,-0.20509167645010257,-24.185730710348338,24.19696765786779,60.596210448136105,-0.7095262053362874,0.0,-1.0,1.0,23.789289849790173,-48.0,24.210710150209827
0.118,12.84,5.492509268124106,0.025321342808769833,6.308506649988356,-0.81599738186425,-0.8159973818642499,0.0,0.0,0.8564980649146723,-0.8564980649146723,1.0515649146305905,-24.150069137676233,24.09346895768109,60.42186911249395,-0.6838665805981601,0.0,-1.0,1.0,25.07986500462816,-48.0,22.92013499537184
0.1185,12.879999999999999,5.532910149649271,0.05549019050206598,6.338675497681653,-0.8057653480323816,-0.8057653480323816,0.0,0.0,0.8149094469271381,-0.8149094469271381,2.313570684405033,-24.113521309544257,23.997602774418723,60.254905513379924,-0.6506724918786776,0.0,-1.0,1.0,26.371529951967798,-48.0,21.6284700480322
0.119,12.919999999999998,5.573436694880579,0.08557777118575931,6.368763078365346,-0.7953263834847668,-0.7953263834847668,0.0,0.0,0.7652232054254996,-0.7652232054254996,3.598476113072196,-24.073748071281972,23.915528975612368,60.097068952779026,-0.6110532351707763,0.0,-1.0,1.0,27.677585660907,-48.0,20.322414339093
0.1195,12.959999999999999,5.614088903818031,0.11558902333119275,6.398774330510779,-0.7846854266927483,-0.7846854266927483,0.0,0.0,0.7090733658604078,-0.7090733658604078,4.9199286845874965,-24.02977780578935,23.85295115520402,59.949803496979584,-0.5663466068352301,0.0,-1.0,1.0,29.008342009880163,-48.0,18.991657990119837
0.12,13.0,5.654866776461627,0.145529518929359,6.428714826108945,-0.7738480496473182,-0.7738480496473183,0.0,0.0,0.648394629193617,-0.648394629193617,6.286259917658848,-23.981873511648388,23.814302674515645,59.81418964517072,-0.5181175924800437,0.0,-1.0,1.0,30.370045336225218,-48.0,17.629954663774782
0.1205,13.04,5.695770312811367,0.1754052685771153,6.458590575756702,-0.7628202629453353,-0.7628202629453353,0.0,0.0,0.585352579732749,-0.585352579732749,7.699566787960278,-23.93125306295788,23.80192268381038,59.69089464102391,-0.4680904471316901,0.0,-1.0,1.0,31.764231977534028,-48.0,16.235768022465972
0.121,13.08,5.7367995128672495,0.2052225073165112,6.488407814496098,-0.7516083016288482,-0.7516083016288482,0.0,0.0,0.522183241787507,-0.522183241787507,9.155332340130892,-23.879728716497365,23.815306720062928,59.58014781184249,-0.41801756350263214,0.0,-1.0,1.0,33.18754333834811,-48.0,14.812456661651892
0.1215,13.12,5.777954376629275,0.2349874775149757,6.518172784694562,-0.7402184080652869,-0.7402184080652869,0.0,0.0,0.4609539066012341,-0.4609539066012341,10.642592065119509,-23.829330954446814,23.850515497913587,59.48175561854666,-0.3694950032966011,0.0,-1.0,1.0,34.63199979338612,-48.0,13.368000206613878
0.122,13.16,5.819234904097446,0.2647062316904876,6.547891538870074,-0.7286566347726282,-0.7286566347726282,0.0,0.0,0.40326845744719486,-0.40326845744719486,12.14461857683259,-23.781974104148862,23.899818164162596,59.39516799361915,-0.32373951393529654,0.0,-1.0,1.0,36.085696546825716,-48.0,11.914303453174275
0.1225,13.2,5.860641095271759,0.29438448295084585,6.577569790130432,-0.716928694858673,-0.716928694858673,0.0,0.0,0.34994920676518243,-0.34994920676518243,13.640066866335319,-23.7392086934618,23.95163241614369,59.319603250701135,-0.28134665610855264,0.0,-1.0,1.0,37.53385500499437,-48.0,10.466144995005626
0.123,13.24,5.902172950152216,0.3240275330161171,6.607212840195704,-0.705039890043488,-0.705039890043488,0.0,0.0,0.3007327709456774,-0.3007327709456774,15.10449471243012,-23.702089782099033,23.990802864920653,59.25423323703624,-0.24205554568189275,0.0,-1.0,1.0,38.96013817101931,-48.0,9.039861828980692
0.1235,13.28,5.943830468738816,0.353640306893424,6.63682561407301,-0.6929951453341943,-0.6929951453341943,0.0,0.0,0.25401910882409673,-0.25401910882409673,16.512146808040423,-23.671172867683044,23.999230296008925,59.19842316832253,-0.20455263300672077,0.0,-1.0,1.0,40.34811809387748,-48.0,7.651881906122517
0.124,13.32,5.985613651031561,0.38322751832882573,6.666412825508412,-0.6807991744768511,-0.6807991744768511,0.0,0.0,0.2067100400252384,-0.2067100400252384,17.83786745783141,-23.646630639439948,23.956828533135145,59.15201167486301,-0.16635297215233025,0.0,-1.0,1.0,41.682768510983806,-48.0,6.317231489016187
0.1245,13.36,6.027522497030448,0.41279398045639026,6.695979287635977,-0.6684567906055285,-0.6684567906055285,0.0,0.0,0.15416611431671529,-0.15416611431671529,19.05898819289575,-23.628466336714975,23.842745089397546,59.11560664390724,-0.12379898681502072,0.0,-1.0,1.0,42.95184881655446,-48.0,5.048151183445535
0.125,13.4,6.06955700673548,0.4423450614479637,6.72553036862755,-0.6559733618920696,-0.6559733618920696,0.0,0.0,0.09029890515032943,-0.09029890515032943,20.157028335471136,-23.616784719477476,23.63674218260656,59.09086309253697,-0.0722098395663598,0.0,-1.0,1.0,44.147049603906595,-48.0,3.852950396093407
0.1255,13.44,6.111717180146655,0.4718872663274122,6.7550725735069985,-0.6433553933603431,-0.6433553933603431,0.0,0.0,0.007800677885578568,-0.007800677885578568,21.11905427590214,-23.612071972326753,23.32060397348484,59.08070301983407,-0.006196721918468226,0.0,-1.0,1.0,45.26478827532309,-48.0,2.735211724676903
0.126,13.48,6.154003017263975,0.50142890566489,6.784614212844476,-0.6306111955805012,-0.6306111955805012,0.0,0.0,-0.10150318435000155,0.10150318435000155,21.938571340154326,-23.615433365456433,22.879422729094586,59.08943665489686,0.07986835239358982,0.0,-1.0,1.0,46.30657665833525,-48.0,1.6934233416647508
0.1265,13.52,6.196414518087436,0.530980793022146,6.814166100201732,-0.6177515821142965,-0.6177515821142965,0.0,0.0,-0.2462090633891984,0.2462090633891984,22.61587080187618,-23.62874335076152,22.302627378529348,59.122751672468404,0.19127526117338783,0.0,-1.0,1.0,47.27892878799227,-48.0,0.7210712120077325
0.127,13.56,6.238951682617042,0.5605568992859644,6.843742206465551,-0.604790523848509,-0.604790523848509,0.0,-0.0024328764120227775,-0.4336225716152125,0.4360554480272353,23.15781109306804,-23.654669333388355,21.584646961243365,59.187534140427,0.33136980008916017,0.0,-1.0,1.0,48.0,-48.0,0.0
0.1275,13.6,6.2816145108527905,0.5901744069142408,6.873359714093827,-0.5917452032410369,-0.5917452032410369,0.0,-0.07435317749840742,-0.6382266849224735,0.7125798624208809,23.575863112047585,-23.695333100689105,20.72410941124687,59.288462370857964,0.4745887389589377,0.0,-1.0,1.0,48.0,-48.0,0.0
0.128,13.64,6.324403002794685,0.6198364494972666,6.903021756676853,-0.5786187538821679,-0.5786187538821679,0.0,0.31112283992226875,-0.31112283992226875,0.0,23.855604187798626,-23.723027890884993,19.70053259007587,59.35487425703197,0.24939483601354048,1.0,-1.0,0.0,48.0,-43.63424444161906,-4.365755558380947
0.1285,13.68,6.367317158442721,0.6495296703947857,6.932714977574372,-0.5653978191316514,-0.5653978191316513,0.0,0.3171946127066396,-0.3171946127066396,0.0,24.02673749324553,-23.75101715141331,18.53752076785938,59.41823982925079,0.25505377513799876,1.0,-1.0,0.0,48.0,-42.39966059694327,-5.600339403056729
0.129,13.72,6.410356977796901,0.6792546557611319,6.962439962940718,-0.5520829851438167,-0.5520829851438167,0.0,0.3097210649958956,-0.3097210649958956,0.0,24.110672000489803,-23.781118501379577,17.25353582914592,59.48146081225904,0.24937343764331732,1.0,-1.0,0.0,48.0,-41.08875907959081,-6.911240920409192
0.1295,13.76,6.453522460857225,0.7090107576369871,6.992196064816573,-0.5386736039593485,-0.5386736039593485,0.0,0.2959781880579068,-0.2959781880579068,0.0,24.127957573723293,-23.81293645981179,15.870311259423458,59.54248272271954,0.2383081507702664,1.0,-1.0,0.0,48.0,-39.7128007024677,-8.287199297532293
0.13,13.8,6.496813607623692,0.7387966366469491,7.021981943826535,-0.5251683362028432,-0.5251683362028432,0.0,0.2810204986228616,-0.2810204986228616,0.0,24.09935054560674,-23.846162359558104,14.413443376759817,59.600521486186146,0.22606634316884489,1.0,-1.0,0.0,48.0,-38.2868492837355,-9.7131507162645
0.1305,13.84,6.540230418096303,0.7686107890549985,7.051796096234584,-0.5115656781382816,-0.5115656781382816,0.0,0.2678816564527872,-0.2678816564527872,0.0,24.04432936379989,-23.88026788124101,12.910357908554332,59.655634767814355,0.21520382013872583,1.0,-1.0,0.0,48.0,-36.82832716727489,-11.171672832725108
0.131,13.88,6.583772892275058,0.7984518688499446,7.081637176029531,-0.4978642837544731,-0.4978642837544731,0.0,0.25790039819075433,-0.25790039819075433,0.0,23.979856207698916,-23.914302252665898,11.388174542187526,59.70833718177508,0.20687098520823283,1.0,-1.0,0.0,48.0,-35.355397564671016,-12.644602435328983
0.1315,13.92,6.6274410301599564,0.828318835082643,7.11150414226223,-0.48406311210227315,-0.48406311210227315,0.0,0.2511273299145179,-0.2511273299145179,0.0,23.919488482183368,-23.946826717297363,9.871655674139634,59.75928980409846,0.2011493103130536,1.0,-1.0,0.0,48.0,-33.88532479169663,-14.11467520830337
0.132,13.96,6.671234831750998,0.8582109658817835,7.141396273061369,-0.4701614413103714,-0.4701614413103714,0.0,0.24676255424021712,-0.24676255424021712,0.0,23.872890793147366,-23.97599846441058,8.381406203059896,59.80907857165725,0.19741675365565015,1.0,-1.0,0.0,48.0,-32.43296003869151,-15.567039961308497
0.1325,14.0,6.7151542970481835,0.8881277843195355,7.171313091499122,-0.45615879445093815,-0.4561587944509382,0.0,0.24357521602813006,-0.24357521602813006,0.0,23.845748545197416,-23.999793680384613,6.9324629642834354,59.858082458850625,0.19469364545031465,1.0,-1.0,0.0,48.0,-31.009485531877033,-16.990514468122967
0.133,14.040000000000001,6.759199426051514,0.9180689390037056,7.201254246183292,-0.4420548201317782,-0.4420548201317782,0.0,0.24026281983610026,-0.24026281983610026,0.0,23.84004352802555,-24.016338129388853,5.533379189282518,59.90642194494267,0.19193450102445464,1.0,-1.0,0.0,48.0,-29.621526489964168,-18.378473510035832
0.1335,14.08,6.8033702187609855,0.9480340756482462,7.231219382827833,-0.42784916406684737,-0.42784916406684737,0.0,0.23571919978382366,-0.23571919978382366,0.0,23.854621520085963,-24.024295694895223,4.1858725702776205,59.953971296132224,0.1882440780559167,1.0,-1.0,0.0,48.0,-28.27070965768225,-19.72929034231775
0.134,14.120000000000001,6.847666675176601,0.9780227265183126,7.261208033697899,-0.4135413585212975,-0.4135413585212975,0.0,0.22919377282053752,-0.22919377282053752,0.0,23.885962075808724,-24.023252435562057,2.8850650752244915,60.00041417197841,0.18300696383955395,1.0,-1.0,0.0,48.0,-26.953710255101157,-21.046289744898843
0.1345,14.16,6.89208879529836,1.0080342339387378,7.291219541118324,-0.39913074581996444,-0.39913074581996444,0.0,0.2203396170587575,-0.2203396170587575,0.0,23.92905082922775,-24.01402768483779,1.6202986582902035,60.045320624818956,0.17592977188701614,1.0,-1.0,0.0,48.0,-25.66278708609522,-22.33721291390478
0.135,14.200000000000001,6.936636579126263,1.0380677132301093,7.321253020409696,-0.38461644128343236,-0.3846164412834323,0.0,0.20916242319370654,-0.20916242319370654,0.0,23.978254503837064,-23.998846043355417,0.37646488493952907,60.08822452115548,0.1670045452037915,1.0,-1.0,0.0,48.0,-24.386760654698705,-23.613239345301295
0.1355,14.24,6.98131002666031,1.0681220506848341,7.35130735786442,-0.36999733120411005,-0.36999733120411005,0.0,0.19589493251662926,-0.19589493251662926,0.0,24.028108064374774,-23.981315560471632,-0.8642584088606808,60.12868373674779,0.15641125360946134,1.0,-1.0,0.0,48.0,-23.112345339187748,-24.887654660812252
0.136,14.280000000000001,7.026109137900502,1.0981959246663229,7.381381231845909,-0.3552720939454073,-0.35527209394540726,0.0,0.18083068664887947,-0.18083068664887947,0.0,24.073941336759848,-23.966177574877687,-2.1204090786476817,60.16631099035947,0.14438524726698276,1.0,-1.0,0.0,48.0,-21.825709040411237,-26.174290959588763
0.1365,14.32,7.071033912846835,1.1282878335863287,7.411473140765915,-0.34043922791908,-0.34043922791908,0.0,0.1641556487967304,-0.1641556487967304,0.0,24.11229726512269,-23.958820752317653,-3.4091542607726026,60.20077034572078,0.13108047490455474,1.0,-1.0,0.0,48.0,-20.51410748282488,-27.48589251717512
0.137,14.360000000000001,7.116084351499314,1.1583961139914298,7.441581421171016,-0.32549706967170167,-0.32549706967170167,0.0,0.14581587122111137,-0.14581587122111137,0.0,24.14112294472869,-23.964582725342016,-4.74430030689525,60.23174227745808,0.11645977881023281,1.0,-1.0,0.0,48.0,-19.167429583411412,-28.832570416588588
0.1375,14.4,7.161260453857934,1.1885189353292611,7.471704242508848,-0.31044378865091365,-0.3104437886509137,0.0,0.12545385734216202,-0.12545385734216202,0.0,24.159744002901768,-23.98789360157574,-6.134577938879345,60.25886758453686,0.1002393025544385,1.0,-1.0,0.0,48.0,-17.77949686045764,-30.22050313954236
0.138,14.440000000000001,7.2065622199226995,1.2186542646434226,7.501839571823009,-0.29527735190030935,-0.29527735190030935,0.0,0.10243623203296087,-0.10243623203296087,0.0,24.168658971207904,-24.031342667357723,-7.582358918386445,60.28168624120703,0.08190591305095417,1.0,-1.0,0.0,48.0,-16.348982929688464,-31.651017070311536
0.1385,14.48,7.251989649693607,1.248799803464546,7.531985110644133,-0.2799954609505253,-0.2799954609505253,0.0,0.07598198644650661,-0.07598198644650661,0.0,24.169209785688626,-24.09476965172676,-9.08292425260243,60.2995907380124,0.06081621759924151,1.0,-1.0,0.0,48.0,-14.879855680416638,-33.12014431958336
0.139,14.520000000000001,7.29754274317066,1.2789529092496306,7.562138216429217,-0.2645954732585567,-0.2645954732585567,0.0,0.04538548824072299,-0.04538548824072299,0.0,24.16319541481116,-24.174492488144626,-10.624358124489302,60.31181424190361,0.036374789806589876,1.0,-1.0,0.0,48.0,-13.381290412177432,-34.618709587822565
0.1395,14.56,7.343221500353855,1.3091105722773149,7.592295879456901,-0.24907437910304608,-0.24907437910304608,0.0,0.1872352992335409,0.20705507349756938,-0.3942903727311103,24.1531482862254,-24.26343711225797,-12.188421490116422,60.319098199972395,0.07135768890797375,1.0,0.0,-1.0,48.0,0.0,-48.0
0.14,14.600000000000001,7.389025921243195,1.3392799383393166,7.622465245518903,-0.2334393242757082,-0.23343932427570824,0.0,0.7643358831270878,0.8628109930601952,-1.627146876187283,24.16015379838514,-24.369282770884542,-13.762792834931405,60.36909626424515,0.3285534158804711,1.0,0.0,-1.0,48.0,0.0,-48.0
0.1405,14.64,7.434956005838677,1.3694902688757156,7.652675576055302,-0.21771957021662477,-0.2177195702166248,0.0,1.2054006999119629,1.3999591455192621,-2.605359845431225,24.194014872559272,-24.4849803867111,-15.330497781948702,60.48254064606214,0.5758186279937054,1.0,0.0,-1.0,48.0,0.0,-48.0
0.141,14.679999999999998,7.481011754140301,1.399772292100461,7.682957599280047,-0.201945845139746,-0.201945845139746,0.0,1.517482004345768,1.8288510886764464,-3.3463330930222144,24.25376596902703,-24.5893215948153,-16.867213911620595,60.65473361073036,0.7959438456443739,1.0,0.0,-1.0,48.0,0.0,-48.0
0.1415,14.719999999999999,7.527193166148072,1.4301533822260029,7.713338689405589,-0.1861455232575171,-0.1861455232575171,0.0,1.710219595984778,2.1577951364592267,-3.8680147324440046,24.336301646033494,-24.656045653520195,-18.34589298591134,60.87711062227416,0.9754061635931255,1.0,0.0,-1.0,48.0,0.0,-48.0
0.142,14.759999999999998,7.573500241861985,1.4606558804487144,7.7438411876283,-0.1703409457663154,-0.17034094576631542,0.0,1.7962491101450913,2.392692886294245,-4.188941996439336,24.43687684156162,-24.655167231051006,-19.73832516446464,61.1383029656374,1.105447337915756,1.0,0.0,-1.0,48.0,0.0,-48.0
0.1425,14.799999999999999,7.619932981282042,1.4912960072483918,7.7744813144279785,-0.15454833314593674,-0.15454833314593674,0.0,1.7913226467836783,2.5368148108679964,-4.328137457651675,24.54976971880922,-24.554880836921797,-21.017158120384156,61.425423346364944,1.1827435358318494,1.0,0.0,-1.0,48.0,0.0,-48.0
0.143,14.839999999999998,7.666491384408242,1.5220834476920908,7.805268754871677,-0.1387773704634352,-0.1387773704634352,0.0,1.7140927334515457,2.590752998066254,-4.3048457315177995,24.669035616102384,-24.323966555299656,-22.15822390548747,61.72544723230887,1.209474606630136,1.0,0.0,-1.0,48.0,0.0,-48.0
0.1435,14.879999999999999,7.713175451240587,1.5530216172127502,7.836206924392337,-0.12303147315174989,-0.12303147315174989,0.0,1.5855437680216435,2.552578465355642,-4.138122233377286,24.78925424879395,-23.93449586056487,-23.142889262235673,62.02652365078327,1.1926812776483782,1.0,0.0,-1.0,48.0,0.0,-48.0
0.144,14.919999999999998,7.759985181779074,1.584108527666006,7.867293834845592,-0.10730865306651793,-0.10730865306651793,0.0,1.4281021273214196,2.418211953131381,-3.8463140804528004,24.906157259610147,-23.36452233394557,-23.960055716808213,62.319036395883174,1.1429263475485487,1.0,0.0,-1.0,48.0,0.0,-48.0
0.1445,14.959999999999999,7.806920576023706,1.6153380880655661,7.898523395245152,-0.0916028192214462,-0.0916028192214462,0.0,1.2645084024859283,2.1819919541171147,-3.446500356603043,25.017028824335142,-22.600382415445626,-24.607436019514545,62.59625940830588,1.072427142037311,1.0,0.0,-1.0,48.0,0.0,-48.0
0.145,14.999999999999998,7.85398163397448,1.6467016097222646,7.929886916901851,-0.07590528292737098,-0.07590528292737098,0.0,1.1165799909100114,1.8373962175426202,-2.9539762084526315,25.1208030842772,-21.63825663926398,-25.091837169746263,62.854509466885375,0.9929601826735069,1.0,0.0,-1.0,48.0,0.0,-48.0
0.1455,15.04,7.901168355631401,1.6781892578033735,7.961374564982959,-0.060206209351558286,-0.06020620935155829,0.0,1.0040168661825193,1.3778493467883706,-2.38186621297089,25.217835231634826,-20.484754015648466,-25.42836320868368,63.09278523575002,0.9139109317183037,1.0,0.0,-1.0,48.0,0.0,-48.0
0.146,15.08,7.948480740994463,1.7097912092724834,7.992976516452069,-0.04449577545760608,-0.04449577545760608,0.0,0.9434000281492121,0.7975353594759662,-1.7409353876251783,25.309386309951133,-19.15644931994686,-25.63865841371355,63.311974636075945,0.8408232106523919,1.0,0.0,-1.0,48.0,0.0,-48.0
0.1465,15.120000000000001,7.99591879006367,1.7414983384943583,8.024683645673944,-0.02876485561027398,-0.028764855610273976,0.0,0.9475013024976687,0.09213335928315487,-1.0396346617808236,25.396919167252207,-17.678471636351343,-25.74848111804921,63.51378937548938,0.7746955575141882,1.0,0.0,-1.0,48.0,0.0,-48.0
0.147,15.16,8.04348250283902,1.773299317898142,8.056484625077728,-0.013002122238708225,-0.013002122238708225,0.0,0.6550983347117256,0.0,-0.6550983347117256,25.473128159962904,-16.077340574331128,-25.77668366963348,63.67910064930089,0.5272321066335047,1.0,0.0,-1.0,39.92556281949583,8.07443718050416,-48.0
0.1475,15.2,8.091171879320513,1.805166343711236,8.088351650890822,0.002820228429690985,0.002820228429690985,0.0,0.3341964415212364,0.0,-0.3341964415212364,25.525764657087695,-14.384454493820199,-25.737320219477827,63.77822360779372,0.26861739913771726,1.0,0.0,-1.0,38.278676712625135,9.721323287374867,-48.0
0.148,15.24,8.138986919508149,1.8370671476132125,8.120252454792798,0.018734464715350896,0.018734464715350896,0.0,0.03635087228864309,0.0,-0.03635087228864309,25.555128615188668,-12.642822312195346,-25.655510006175057,63.815013343232444,0.029171056884883702,1.0,0.0,-1.0,36.59263161670215,11.407368383297849,-48.0
0.1485,15.280000000000001,8.186927623401932,1.8689718251207097,8.152157132300296,0.03477049110163577,0.03477049110163577,0.0,-0.23532297559309895,0.0,0.23532297559309895,25.56122271133492,-10.893176586099651,-25.55256111261976,63.79462457433306,-0.18854641411456524,1.0,0.0,-1.0,34.897507385457224,13.102492614542768,-48.0
0.149,15.32,8.234993991001852,1.9008531702301548,8.184038477409741,0.050955513592111146,0.050955513592111146,0.0,-0.4794896138350495,0.0,0.4794896138350495,25.543640407062963,-9.17034795581168,-25.444519590621088,63.72262597126614,-0.38366738304967984,1.0,0.0,-1.0,33.21990836403262,14.780091635967382,-48.0
0.1495,15.36,8.28318602230792,1.9326867909395764,8.215872098119164,0.06731392418875615,0.06731392418875615,0.0,-0.695979148714736,0.0,0.695979148714736,25.501849385503068,-7.500602676079492,-25.341729165218176,63.60466246173042,-0.5563439714601557,1.0,0.0,-1.0,31.58066278622194,16.41933721377806,-48.0
0.15,15.4,8.331503717320132,1.9644510961131285,8.247636403292715,0.0838673140274171,0.0838673140274171,0.0,-0.8852425809741765,0.0,0.8852425809741765,25.435649585457618,-5.90007951259644,-25.249162980569377,63.44627360968562,-0.7071865964606087,1.0,0.0,-1.0,29.993322815040564,18.006677184959436,-48.0
0.1505,15.440000000000001,8.379947076038487,1.9961272226674092,8.279312529846996,0.10063454619149148,0.10063454619149148,0.0,-1.129415457556761,0.1629492190060693,0.9664662385506917,25.34567113931097,-4.374412512678958,-25.167316396257764,63.25276104306451,-0.8483734242812122,0.0,1.0,-1.0,0.0,48.0,-48.0
0.151,15.48,8.428516098462984,2.0276943131746403,8.310879620354227,0.1176364781087571,0.1176364781087571,0.0,-2.8322235109967107,3.2963276370335994,-0.46410412603688883,25.224188963905725,-2.9185948006384055,-25.083871532448217,63.00506444899335,-1.1018107522619185,0.0,1.0,-1.0,0.0,48.0,-48.0
0.1515,15.52,8.477210784593627,2.059125470393312,8.342310777572898,0.1349000070207289,0.1349000070207289,0.0,-4.3215475558111285,6.058385344901805,-1.736837789090677,25.078052971358925,-1.5228869991124312,-24.997506105780598,62.71620670094715,-1.1828780065803528,0.0,1.0,-1.0,0.0,48.0,-48.0
0.152,15.56,8.526031134430411,2.090410259596935,8.37359556677652,0.15243556765389066,0.15243556765389066,0.0,-5.612864137806898,8.478640378547242,-2.865776240740344,24.926344933765893,-0.1706721583848895,-24.916991558005492,62.42556557455091,-1.1205142056377526,0.0,1.0,-1.0,0.0,48.0,-48.0
0.1525,15.600000000000001,8.574977147973343,2.121556221090643,8.404741528270229,0.17023561970311366,0.17023561970311363,0.0,-6.722015923679938,10.582994932000766,-3.860979008320828,24.78685736136418,1.1608400298252877,-24.849164882418215,62.16584691275194,-0.9392678559530951,0.0,1.0,-1.0,0.0,48.0,-48.0
0.153,15.64,8.624048825222413,2.1525857910972643,8.43577109827685,0.1882777269455627,0.18827772694556266,0.0,-7.664718408501049,12.393487234110815,-4.728768825609766,24.6760276220599,2.49705171396858,-24.799995229508088,61.964070417764425,-0.6602887775300237,0.0,1.0,-1.0,0.0,48.0,-48.0
0.1535,15.68,8.673246166177629,2.1835336434924586,8.466718950672044,0.2065272155055844,0.2065272155055844,0.0,-8.456304935156219,13.92836760172408,-5.4720626665678616,24.60862035977899,3.8631109356705085,-24.775136589107042,61.84225119348472,-0.30270677809875535,0.0,1.0,-1.0,0.0,48.0,-48.0
0.154,15.72,8.72256917083899,2.2144442835727314,8.497629590752318,0.22493958008667117,0.22493958008667114,0.0,-9.111600694849596,15.20241358748418,-6.0908128926345855,24.59717495656498,5.281686829400673,-24.780040101877397,61.817724334033564,0.11494015678522063,0.0,1.0,-1.0,0.0,48.0,-48.0
0.1545,15.760000000000002,8.772017839206493,2.245369717925564,8.52855502510515,0.24346281410134196,0.24346281410134196,0.0,-9.644837806411687,16.227413384600894,-6.582575578189207,24.65124131154234,6.771227687110017,-24.819736143249425,61.903133136461115,0.5734778486711534,0.0,1.0,-1.0,0.0,48.0,-48.0
0.155,15.8,8.82159217128014,2.2763670487151932,8.55955235589478,0.2620398153853589,0.2620398153853589,0.0,-10.069548788681242,17.012766611494925,-6.943217822813682,24.776425962767696,8.344509450452257,-24.89840335429657,62.10615423786124,1.0522435410440645,0.0,1.0,-1.0,0.0,48.0,-48.0
0.1555,15.84,8.871292167059929,2.307495887108963,8.59068119428855,0.28061097277137925,0.28061097277137925,0.0,-10.398399284864784,17.56617053603597,-7.167771251171185,24.973274321513813,10.007311561194394,-25.018833150141564,62.42906984682265,1.5287323176722678,0.0,1.0,-1.0,0.0,48.0,-48.0
0.156,15.88,8.921117826545865,2.338815542569037,8.622000849748623,0.2991169767972419,0.2991169767972419,0.0,-10.64294024369805,17.89437215126621,-7.25143190756816,25.236037003482526,11.757143617716157,-25.181885025919854,62.86832347590175,1.9788311061425774,0.0,1.0,-1.0,0.0,48.0,-48.0
0.1565,15.920000000000002,8.971069149737943,2.3703820178725707,8.653567325052157,0.31750182468578636,0.31750182468578636,0.0,-10.813274950217055,18.00396818091279,-7.190693230695734,25.551419582348274,13.582079216546381,-25.386017777067742,63.41421405170456,2.3776982049164967,0.0,1.0,-1.0,0.0,48.0,-48.0
0.157,15.96,9.021146136636164,2.4022449199206206,8.685430227100207,0.33571590953595626,0.3357159095359563,0.0,-10.917649363497528,17.90222410443619,-6.984574740938661,25.897498223990844,15.459911336227416,-25.626977668409666,64.05089231025164,2.701297781236457,0.0,1.0,-1.0,0.0,48.0,-48.0
0.1575,16.0,9.071348787240527,2.4344444773613296,8.717629784540916,0.3537190026996111,0.3537190026996111,0.0,-10.961988281304983,17.597860889855873,-6.63587260855089,26.243086586798583,17.357988483648715,-25.897724241736782,64.75681578795846,2.9285111635773413,0.0,1.0,-1.0,0.0,48.0,-48.0
0.158,16.04,9.121677101551038,2.467008926714385,8.750194233893971,0.3714828676570665,0.3714828676570665,0.0,-10.949417717081229,17.101729931013136,-6.152312213931908,26.547929337441676,19.234165996466988,-26.18866954695896,65.5057830116061,3.043609385841674,0.0,1.0,-1.0,0.0,48.0,-48.0
0.1585,16.080000000000002,9.172131079567691,2.499952572016964,8.78313787919655,0.38899320037114116,0.38899320037114116,0.0,-10.879836123784973,16.42727316157863,-5.547437037793657,26.76412089539527,21.039247218054253,-26.48828444847076,66.26859239380197,3.038698948761514,0.0,1.0,-1.0,0.0,48.0,-48.0
0.159,16.12,9.222710721290486,2.533274817984339,8.816460125163925,0.40625059612656145,0.40625059612656145,0.0,-10.749620129895746,15.59066027222743,-4.841040142331685,26.83904304398155,22.72104770188228,-26.784074208443975,67.01525362258224,2.9155958715766968,0.0,1.0,-1.0,0.0,48.0,-48.0
0.1595,16.16,9.273416026719424,2.56696040455435,8.850145711733937,0.42327031498548706,0.42327031498548706,0.0,-10.551565613850823,14.610521164420994,-4.058955550570172,26.71984338490486,24.229802775806448,-27.06384175085509,67.71753274734198,2.6865242856851137,0.0,1.0,-1.0,0.0,48.0,-48.0
0.16,16.200000000000003,9.324246995854507,2.6009809250174016,8.884166232196987,0.4400807636575194,0.44008076365751947,0.0,-10.275160306148953,13.507254160189103,-3.232093854040149,26.35906349803249,25.52415458388211,-27.317055689110326,68.35147220345716,2.373159242958481,0.0,1.0,-1.0,0.0,48.0,-48.0
0.1605,16.240000000000002,9.375203628695735,2.6352975065276434,8.918482813707229,0.4567208149885058,0.4567208149885058,0.0,-9.90724968701829,12.301979840782588,-2.394730153764298,25.720584670612077,26.57657957585211,-27.536056309388606,68.89944509069497,2.003872686192776,0.0,1.0,-1.0,0.0,48.0,-48.0
0.161,16.28,9.426285925243103,2.669864308970519,8.953049616150105,0.47323630909299824,0.4732363090929983,0.0,-9.682011630472275,11.015302616683746,-1.3332909862114715,24.784520212324143,27.376768763827034,-27.71653269474986,69.35063241129416,1.4210913359173314,-1.0,1.0,0.0,-48.0,0.0,48.0
0.1615,16.32,9.477493885496617,2.7045470217713987,8.987732328950985,0.48976155654563236,0.48976155654563236,0.0,-14.893479208416597,12.013214979122173,2.8802642292944247,23.411864637157716,27.763098321709997,-27.68933561838909,69.28003456147981,-1.369985654509333,-1.0,1.0,0.0,-48.0,48.0,0.0
0.162,16.36,9.528827509456274,2.7390633488201903,9.022248655999777,0.5065788534564977,0.5065788534564977,0.0,-19.180640514497085,13.227050892084739,5.953589622412348,21.67165669556353,27.76556258492854,-27.466048929277818,68.71382889411238,-3.0844057791278496,-1.0,1.0,0.0,-48.0,48.0,0.0
0.1625,16.400000000000002,9.580286797122078,2.773198865996389,9.056384173175974,0.5239026239461033,0.5239026239461033,0.0,-22.963616827128867,14.288928702590278,8.674688124538589,19.68282280657844,27.47234368979216,-27.097117636227495,67.77571750061087,-4.345176947711366,-1.0,1.0,0.0,-48.0,48.0,0.0
0.163,16.44,9.631871748494019,2.8067958327572975,9.089981139936883,0.5418906085571358,0.5418906085571358,0.0,-26.261434179726407,15.233428725394864,11.028005454331545,17.561649493992395,26.974356174689603,-26.627789964229002,66.57798036473577,-5.165875881958126,-1.0,1.0,0.0,-48.0,48.0,0.0
0.1635,16.48,9.683582363572109,2.8397512676178414,9.122936574797428,0.5606457887746803,0.5606457887746803,0.0,-29.101878796306593,16.086557921663562,13.01532087464303,15.412007044253329,26.357214222779596,-26.099811439771837,65.22637817634279,-5.583920778689724,-1.0,1.0,0.0,-48.0,48.0,0.0
0.164,16.520000000000003,9.73541864235634,2.872012355689541,9.155197662869128,0.580220979487212,0.580220979487212,0.0,-31.519223397569256,16.86668203204148,14.652541365527775,13.316210196517197,25.693386869401316,-25.54948215860321,63.815156571625714,-5.6525640759412985,-1.0,1.0,0.0,-48.0,48.0,0.0
0.1645,16.560000000000002,9.787380584846716,2.90356988193319,9.186755189112777,0.6006253957339389,0.6006253957339389,0.0,-33.55161147007941,17.58572758275251,15.965883887326894,11.33136081539836,25.039058407452643,-25.006794868042274,62.42416582720582,-5.432366363044133,-1.0,1.0,0.0,-48.0,48.0,0.0
0.165,16.6,9.839468191043235,2.934450736219594,9.21763604339918,0.6218321476440547,0.6218321476440547,0.0,-35.23852107506886,18.250397753270544,16.988123321798316,9.490195149316865,24.434471349826385,-24.495458087101827,61.11797121527485,-4.984024788473201,-1.0,1.0,0.0,-48.0,48.0,0.0
0.1655,16.64,9.891681460945895,2.9647103778559223,9.247895685035509,0.6437857759103861,0.643785775910386,0.0,-36.61860556495261,18.863259855876656,17.755345709075954,7.8047092558727265,23.906229134640924,-24.033495009059052,59.94648784815885,-4.363411090818488,-1.0,1.0,0.0,-48.0,48.0,0.0
0.166,16.68,9.944020394554702,2.994425879854095,9.277611187033681,0.6664092075210207,0.6664092075210206,0.0,-37.72805313083952,19.423650601303166,18.304402529536354,6.2708847484444625,23.470299418300634,-23.63412963058045,58.946571700572,-3.6188364072233288,-1.0,1.0,0.0,-48.0,48.0,0.0
0.1665,16.720000000000002,9.996484991869654,3.0236898996936517,9.306875206873238,0.6896097849964153,0.6896097849964153,0.0,-38.599476379785656,19.92839709147318,18.671079288312473,4.873304654846169,23.134919035830766,-23.306753548200216,58.144060400945975,-2.7900940702118877,-1.0,1.0,0.0,-48.0,48.0,0.0
0.167,16.76,10.049075252890745,3.052605702394448,9.335791009574034,0.7132842433167106,0.7132842433167106,0.0,-39.26126056800097,20.372373662061523,18.888886905939447,3.5889963544671675,22.903019100745578,-23.05785381036995,57.55589189547056,-1.9086986100032641,-1.0,1.0,0.0,-48.0,48.0,0.0
0.1675,16.8,10.101791177617981,3.0812832113925657,9.364468518572153,0.7373226590458284,0.7373226590458284,0.0,-39.73726329583704,20.74891956996201,18.988343725875026,2.390277668141051,22.774071557050995,-22.89184675797094,57.19206858572894,-0.9988092790533187,-1.0,1.0,0.0,-48.0,48.0,0.0
0.168,16.840000000000003,10.154632766051362,3.1098359755380933,9.39302128271768,0.7616114833336827,0.7616114833336827,0.0,-40.04675643017367,21.05014035397011,18.99661607620356,1.246661464638411,22.745408690734784,-22.811799121926878,57.05734430850842,-0.07847705948932315,-1.0,1.0,0.0,-48.0,48.0,0.0
0.1685,16.880000000000003,10.207600018190886,3.138378898488718,9.421564205668304,0.7860358125225826,0.7860358125225826,0.0,-40.20451833102792,21.267112851389754,18.937405479638166,0.12601748388260062,22.813122880463972,-22.82003013860965,57.1525822215017,0.8389931109745516,-1.0,1.0,0.0,-48.0,48.0,0.0
0.169,16.92,10.260692934036554,-3.1161587460481903,9.450211868310982,0.8104810657255719,0.8104810657255719,0.0,-40.22101011833143,21.39001350267666,18.83099661565477,-1.0047546794508793,22.97265543359326,-22.91858373748507,57.47576801692342,1.7436545644738928,-1.0,1.0,0.0,-48.0,48.0,0.0
0.1695,16.96,10.313911513588364,-3.087293343484504,9.479077270874669,0.8348342427136951,0.8348342427136952,0.0,-40.102597149113926,21.40819302310891,18.694404126005015,-2.1792767951930627,23.21916001751071,-23.109543368358857,58.022675057128424,2.627520634609069,-1.0,1.0,0.0,-48.0,48.0,0.0
0.17,17.0,10.367255756846319,-3.058099794610285,9.508270819748887,0.8589849370974321,0.8589849370974321,0.0,-39.851803042365,21.31022818108414,18.54157486128086,-3.431207435304528,23.547695418406015,-23.395137389397497,58.78717689292612,3.483138414549905,-1.0,1.0,0.0,-48.0,48.0,0.0
0.1705,17.040000000000003,10.420725663810419,-3.0284712337758,9.537899380583372,0.8828262832270467,0.8828262832270468,0.0,-39.467607519642335,21.083993263813728,18.383614255828608,-4.793467707053377,23.953273184540155,-23.777552969178117,59.76119817067503,4.302122426026828,-1.0,1.0,0.0,-48.0,48.0,0.0
0.171,17.080000000000002,10.47432123448066,-2.9983054114459695,9.568065202913203,0.906256031567457,0.906256031567457,0.0,-38.945820997717334,20.34791356931662,18.597907428400717,-6.29676368925971,24.430116490220477,-24.257703600093148,60.93268468032774,4.77891308885779,-1.0,0.0,1.0,0.0,-48.0,48.0
0.1715,17.12,10.528042468857043,-2.9676630941599265,9.598707520199246,0.9293349486577966,0.9293349486577966,0.0,-38.28425941080309,11.706737818324946,26.577521592478142,-7.845695826411881,24.61481536789096,-24.479181523792626,61.395329961455815,-1.0109910854583823,-1.0,0.0,1.0,0.0,-48.0,48.0
0.172,17.16,10.58188936693957,-2.937142924170665,9.629227690188507,0.9526616767510632,0.9526616767510632,0.0,-37.50061331166934,3.566626847629437,33.933986464039904,-9.251479220293518,24.233019100516014,-24.16563956075819,60.46099563071349,-6.3953661429456,-1.0,0.0,1.0,0.0,-48.0,48.0
0.1725,17.2,10.635861928728243,-2.907405379390035,9.658965234969138,0.9768966937591053,0.9768966937591053,0.0,-38.11777456179741,-1.0245259641567561,39.14230052595417,-10.403872782467296,23.384658792750145,-23.402994481911474,58.37098371723844,-9.309981114163527,-1.0,0.0,1.0,-48.0,0.0,48.0
0.173,17.240000000000002,10.68996015422306,-2.878820701486772,9.6875499128724,1.0024102413506597,1.0024102413506597,0.0,-39.81390413554246,-2.7513877798392876,42.56529191538175,-11.343461981470034,22.39638622050773,-22.501332498766697,55.93270769942066,-10.15093753033521,-1.0,0.0,1.0,-48.0,0.0,48.0
0.1735,17.28,10.74418404342402,-2.8515022017987435,9.71486841256043,1.0293156308635911,1.0293156308635911,0.0,-41.30846968769909,-4.2413836583004745,45.54985334599956,-12.064337365728305,21.338596503668473,-21.51783399224502,53.317032914764866,-10.733531322205474,-1.0,0.0,1.0,-48.0,0.0,48.0
0.174,17.32,10.798533596331126,-2.8255229536126434,9.740847660746528,1.0576859355845976,1.0576859355845976,0.0,-42.63914022628644,-5.486889517604329,48.126029743890776,-12.559312662837296,20.236860226874125,-20.468184701716556,50.585467491992205,-11.081672583505647,-1.0,0.0,1.0,-48.0,0.0,48.0
0.1745,17.36,10.85300881294437,-2.800926678476438,9.765443935882734,1.0875648770616362,1.0875648770616362,0.0,-43.84066734709417,-6.48442432927175,50.325091676365915,-12.835011619788865,19.11380158733198,-19.36933752156842,47.7940894269639,-11.214989512898255,-1.0,0.0,1.0,-48.0,0.0,48.0
0.175,17.4,10.907609693263762,-2.77773021064834,9.788640403710833,1.118969289552929,1.118969289552929,0.0,-44.94384980768004,-7.2349152840015485,52.17876509168158,-12.909999565393784,17.989779051808075,-18.24022444780454,44.99450621254617,-11.149846388915744,-1.0,0.0,1.0,-48.0,0.0,48.0
0.1755,17.439999999999998,10.962336237289296,-2.7559255585983893,9.810445055760784,1.1518911815285122,1.1518911815285122,0.0,-45.97482144193502,-7.7438898296866485,53.71871127162167,-12.81190606175822,16.883401815582147,-17.101558154720728,42.23448672497803,-10.900849296364923,-1.0,0.0,1.0,-48.0,0.0,48.0
0.176,17.48,11.017188445020974,-2.735481746231436,9.830888868127737,1.1862995768932372,1.1862995768932372,0.0,-46.954685655791934,-8.021492053706973,54.976177709498906,-12.574167834115798,15.811813921911932,-15.974979917645356,39.55821219194338,-10.482313370011997,-1.0,0.0,1.0,-48.0,0.0,48.0
0.1765,17.52,11.072166316458794,-2.7163466136761363,9.850024000683035,1.2221423157757592,1.2221423157757592,0.0,-47.89947114771196,-8.082275443840905,55.98174659155286,-12.232904087020712,14.790765804562136,-14.881887080404729,37.00620292078611,-9.909350575986362,-1.0,0.0,1.0,-48.0,0.0,48.0
0.177,17.560000000000002,11.12726985160276,-2.698448712250261,9.867921902108911,1.2593479494938489,1.2593479494938489,0.0,-48.82035271597688,-7.944775165665214,56.765127881642094,-11.824262119631577,13.834538807445243,-13.842245650915025,34.61503634592648,-9.198444699596864,-1.0,0.0,1.0,-48.0,0.0,48.0
0.1775,17.6,11.182499050452869,-2.6816993658163466,9.884671248542826,1.2978278019100422,1.2978278019100422,0.0,-49.72406739555858,-7.630900095444774,57.35496749100335,-11.38239669411795,12.95579830034891,-12.87360413351614,32.4169836421442,-8.367542511346207,-1.0,0.0,1.0,-48.0,0.0,48.0
0.178,17.64,11.23785391300912,-2.6659949112150896,9.900375703144082,1.3374782098650382,1.3374782098650382,0.0,-50.61345587323614,-7.165204416507769,57.77866028974391,-10.938105852906622,12.16543897502229,-11.990417147866811,30.43967194883032,-7.435781786647151,-1.0,0.0,1.0,-48.0,0.0,48.0
0.1785,17.68,11.293334439271517,-2.6512190853421784,9.915151529016994,1.378182910254523,1.378182910254523,0.0,-51.48806734185216,-6.574102420839798,58.06216976269196,-10.518052463624905,11.47246493123891,-11.20369413619048,28.705844527053422,-6.423004090898914,-1.0,0.0,1.0,-48.0,0.0,48.0
0.179,17.72,11.348940629240058,-2.637245499350788,9.929125115008384,1.419815514231674,1.419815514231674,0.0,-52.34477828733479,-5.885082905095144,58.22986119242994,-10.144453286037361,10.883926366995079,-10.52092581810231,27.233255545917963,-5.349184222840805,-1.0,0.0,1.0,-48.0,0.0,48.0
0.1795,17.759999999999998,11.404672482914737,-2.623940129656633,9.94243048470254,1.462241998212198,1.462241998212198,0.0,-53.17838888980229,-5.125966461921913,58.304355351724205,-9.835105733595078,10.40491865860254,-9.946211154494428,26.034707548784617,-4.23387187883548,-1.0,0.0,1.0,-48.0,0.0,48.0
0.18,17.8,11.460530000295567,-2.6111637565356127,9.95520685782356,1.5053231424720064,1.5053231424720064,0.0,-53.98217275055693,-4.324234421502821,58.30640717205975,-9.603633860538965,10.038639510842337,-9.480503761373958,25.11822074073861,-3.0957017909285938,-1.0,0.0,1.0,-48.0,0.0,48.0
0.1805,17.84,11.516513181382535,-2.5987742893229466,9.967596325036226,1.5489168563463096,1.5489168563463096,0.0,-54.74836557139284,-3.5064450869155963,58.254810658308436,-9.459857818331114,9.786494888127054,-9.121909088499322,24.487313437875468,-1.951996070998355,-1.0,0.0,1.0,-48.0,0.0,48.0
0.181,17.880000000000003,11.57262202617565,-2.5867468143802874,9.979623799978885,1.5929982261967641,1.5929982261967641,0.0,-47.686274615901084,-10.46992024157192,58.156194857473004,-9.121494471128875,9.352980849387341,-8.595904806783535,23.402579367544643,-6.959061461481934,0.0,-1.0,1.0,48.0,-48.0,0.0
0.1815,17.92,11.628856534674906,-2.5755847509566037,9.990785863402568,1.638070671272338,1.638070671272338,0.0,-40.78023428371102,-17.192593569169716,57.972827852880734,-8.261177520383512,8.409489373777282,-7.618988819111283,21.041782134300057,-11.85177680382322,0.0,-1.0,1.0,48.0,-48.0,0.0
0.182,17.96,11.685216706880308,-2.565899238700338,10.000471375658835,1.6847453312214729,1.6847453312214729,0.0,-34.456403980269826,-23.207501019938075,57.663905000207905,-6.915453165471181,7.00042565971704,-6.2578702554188155,17.516040126468134,-16.272740386290927,0.0,-1.0,1.0,48.0,-48.0,0.0
0.1825,18.0,11.741702542791852,-2.558242598013795,10.008128016345378,1.7335745264464748,1.7335745264464748,0.0,-28.733795675559687,-28.465115114956983,57.19891079051667,-5.1319153140488805,5.174459097443503,-4.573705147179482,12.947163327799618,-20.193081208954524,0.0,-1.0,1.0,48.0,-48.0,0.0
0.183,18.04,11.798314042409542,-2.5531046932334456,10.013265921125727,1.7850481212838147,1.7850481212838147,0.0,-23.62464202512499,-32.930903109551075,56.555545134676066,-2.9652425755162324,2.9825442600875336,-2.6154964969642895,7.46268141965591,-23.595528465749464,0.0,-1.0,1.0,48.0,-48.0,0.0
0.1835,18.08,11.855051205733371,-2.5509107418728365,10.015459872486336,1.8395913332470357,1.8395913332470357,0.0,-19.133300710000086,-36.58405895185914,55.71735966185923,-0.47461679353608394,0.47691404133143694,-0.41677654114744517,1.1932935066987846,-26.47140358571332,0.0,-1.0,1.0,48.0,-48.0,0.0
0.184,18.12,11.911914032763349,-2.552020190353332,10.01435042400584,1.8975636087575083,1.8975636087575083,0.0,-15.255399477691356,-39.4160205660987,54.67142004379006,2.2774284436650545,-2.289588108214552,2.004397666456921,-5.728817166550457,-28.816880209213675,0.0,-1.0,1.0,48.0,-48.0,0.0
0.1845,18.16,11.968902523499466,-2.5567261984620844,10.009644415897089,1.959258107602377,1.959258107602377,0.0,-11.977195830188172,-41.42911429367782,53.40631012386599,5.224392167315024,-5.263819666242296,4.641973362899772,-13.170741331707157,-30.629444261197783,0.0,-1.0,1.0,48.0,-48.0,0.0
0.185,18.200000000000003,12.02601667794173,-2.565255297602256,10.001115316756916,2.0249013611848135,2.0249013611848135,0.0,-9.275104028944256,-42.63565040030722,51.910754429251476,8.293366321654226,-8.392348802443713,7.495208382628814,-20.998819633196646,-31.9052855181681,0.0,-1.0,1.0,48.0,-48.0,0.0
0.1855,18.240000000000002,12.083256496090133,-2.5777669032771056,9.988603711082067,2.0946527850080656,2.0946527850080656,0.0,-7.1153309506221305,-43.057735760079396,50.17306671070153,11.400923993879735,-11.621271497883408,10.55936305202901,-29.078148684076044,-32.638251050155795,0.0,-1.0,1.0,48.0,-48.0,0.0
0.186,18.28,12.140621977944685,-2.5943525576903546,9.972018056668817,2.168603921275867,2.168603921275867,0.0,-5.4535602219689,-42.727971412807605,48.181531634776505,14.44782449352416,-14.896005000208937,13.81490434208433,-37.27208728509222,-32.82100184233393,0.0,-1.0,1.0,48.0,-48.0,0.0
0.1865,18.32,12.198113123505378,-2.615035053382314,9.951335560976858,2.2467775625285196,2.2467775625285196,0.0,-4.2346434777664115,-41.69103590046527,45.925679378231685,17.313702517573137,-18.161309499082247,17.21720823536686,-45.44239099559437,-32.44896234074339,0.0,-1.0,1.0,48.0,-48.0,0.0
0.187,18.36,12.255729932772216,-2.6397679335900746,9.926602680769097,2.3291272520031185,2.3291272520031185,0.0,-3.3923248885945796,-40.00588128932092,43.3982061779155,19.85399902292239,-21.361882751962778,20.689850456524393,-53.450708070995496,-31.52721801425001,0.0,-1.0,1.0,48.0,-48.0,0.0
0.1875,18.4,12.313472405745195,-2.6684362218388373,9.897934392520336,2.415538013224859,2.415538013224859,0.0,-2.8491704729571126,-37.74788057372653,40.597051046683646,21.902590917315315,-24.44389957480302,24.125330253364872,-61.16208428434056,-30.0793943163238,0.0,-1.0,1.0,48.0,-48.0,0.0
0.188,18.44,12.37134054242432,-2.7008594622789754,9.865511152080197,2.5058293903441236,2.5058293903441236,0.0,-2.5171014131204217,-35.00985112808388,37.5269525412043,23.2840089942385,-27.35768179610808,27.39639393004372,-68.45067159387688,-28.155798692470647,0.0,-1.0,1.0,48.0,-48.0,0.0
0.1885,18.48,12.429334342809586,-2.7367980429991596,9.829572571360012,2.5997617714495735,2.5997617714495735,0.0,-2.2991711051129045,-31.90066655380587,34.199837658918774,23.8375040798891,-30.06114238925621,30.378022897482055,-75.20694224293997,-25.8365434430737,0.0,-1.0,1.0,48.0,-48.0,0.0
0.189,18.520000000000003,12.487453806901,-2.7759631482099487,9.790407466149224,2.6970463407517755,2.6970463407517755,0.0,-2.09330395312141,-28.540469968818343,30.633773921939753,23.45068372462356,-32.52282062549859,32.974901731672254,-81.34460773632361,-23.225545168149427,0.0,-1.0,1.0,48.0,-48.0,0.0
0.1895,18.560000000000002,12.545698934698553,-2.818029578406162,9.748341035953011,2.797357898745542,2.797357898745542,0.0,-1.798400544772381,-25.052500509859286,26.850901054631667,22.093953261882277,-34.72270782686873,35.14424297784043,-86.80474989796768,-20.434497776641088,0.0,-1.0,1.0,48.0,-48.0,0.0
0.19,18.6,12.604069726202251,-2.8626342067753727,9.7037364075838,2.9003333186184506,2.9003333186184506,0.0,0.45746841122632276,-19.776444121023513,19.31897570979719,19.812337969983485,-36.59261790817049,36.84586303098931,-91.4131431598207,-15.802538508640152,1.0,-1.0,0.0,48.0,0.0,-48.0
0.1905,18.64,12.662566181412094,-2.9092116487534385,9.657158965605735,3.0054072158063594,3.0054072158063594,0.0,3.8039120694592476,-13.797425740573383,9.993513671114135,16.726264022523193,-37.92533246738303,37.94613947704357,-94.66338255023253,-10.20576735798226,1.0,-1.0,0.0,48.0,0.0,-48.0
0.191,18.68,12.721188300328079,-2.9570654956124782,9.609305118746693,3.111883181581385,3.111883181581385,0.0,7.297042880987564,-8.237686316357209,0.9406434353696449,13.171151215344368,-38.69469761570678,38.51330146946914,-96.52146621452334,-4.673494282338414,1.0,-1.0,0.0,48.0,0.0,-48.0
0.1915,18.72,12.779936082950208,-3.005549341279435,9.560821273079737,-3.064070497309116,3.2191148098704705,0.0,8.520453419900083,-5.615450060266892,-2.9050033596331897,9.507055509144443,-39.0130848387384,38.730768336914004,-97.30885606135482,-1.9275474883476826,1.0,-1.0,0.0,48.0,-48.0,0.0
0.192,18.76,12.838809529278482,-3.054275197955234,9.512095416403938,-2.9564711943050423,3.3267141128745443,0.0,9.791130498993553,-3.622652586314066,-6.168477912679488,5.961135904608925,-39.05741015282509,38.7978059297995,-97.49740170017232,0.4047874177266473,1.0,-1.0,0.0,48.0,-48.0,0.0
0.1925,18.8,12.897808639312899,-3.1029512742489453,9.463419340110228,-2.8487960079769157,3.434389299202671,0.0,11.37491389710187,-1.9687574069972773,-9.406156490104593,2.5853396214664834,-38.837719936590624,38.70197019659568,-97.11301161862434,2.6584153807669164,1.0,-1.0,0.0,48.0,-48.0,0.0
0.193,18.840000000000003,12.956933413053457,3.1318895830375046,9.415074890217092,-2.741326784343221,3.5418585228363657,0.0,13.23676109141318,-0.6609268837590868,-12.575834207654093,-0.6403985728954618,-38.377121809241096,38.41213889679745,-96.17359671293114,4.847245373453938,1.0,-1.0,0.0,48.0,-48.0,0.0
0.1935,18.880000000000003,13.016183850500159,3.0841505150621877,9.367335822241774,-2.6343372789212016,3.648848028258385,0.0,15.344890157096874,0.2935044040798619,-15.638394561176735,-3.7660309954752105,-37.71089106274005,37.89834349446369,-94.69357389971034,6.985974508096285,1.0,-1.0,0.0,48.0,-48.0,0.0
0.194,18.92,13.07555995165301,3.0372843541893606,9.320469661368946,-2.5280950168955223,3.7550902902840644,0.0,17.671210004956304,0.8880087087891376,-18.55921871374544,-6.823972766707091,-36.87613140810056,37.14324834419118,-92.68332750502722,9.092075933274288,1.0,-1.0,0.0,48.0,-48.0,0.0
0.1945,18.96,13.135061716511997,2.9915545391449982,9.274739846324584,-2.422863436992174,3.8603218701874127,0.0,20.18801359531847,1.119147963551787,-21.307161558870256,-9.794188433744825,-35.897941634800134,36.144657834238366,-90.14885944162634,11.181953801076906,1.0,-1.0,0.0,48.0,-48.0,0.0
0.195,19.0,13.194689145077135,2.947222372991897,9.230407680171483,-2.3189038422739348,3.9642814649056515,0.0,22.862917623159852,0.9885112359856816,-23.851428859145532,-12.593544072360208,-34.77883502977314,34.91155160233606,-87.09314319422846,13.261604495558892,1.0,-1.0,0.0,48.0,-48.0,0.0
0.1955,19.04,13.25444223734841,2.904547660089589,9.187732967269175,-2.216476037100352,4.066709270079235,0.0,25.65449688561828,0.503349705197139,-26.157846590815417,-15.090748271677894,-33.497099591091896,33.45827390074965,-83.52007474704334,15.316110641724762,1.0,-1.0,0.0,48.0,-48.0,0.0
0.196,19.080000000000002,13.314320993325833,2.863786776321236,9.146972083500822,-2.1158363973545757,4.1673489098250105,0.0,28.51051472419552,-0.32409070254902567,-28.186424021646495,-17.138816787133873,-32.01576996919099,31.800673259901753,-79.44060149287382,17.303591738081703,1.0,-1.0,0.0,48.0,-48.0,0.0
0.1965,19.12,13.374325413009394,2.8251874565280084,9.108372763707594,-2.0172326578777864,4.2659526493018,0.0,31.369470007358057,-1.47785924759954,-29.891610759758517,-18.61200753480533,-30.29898484793176,29.955559078673335,-74.87937985529521,19.157358034110576,1.0,-1.0,0.0,48.0,-48.0,0.0
0.197,19.160000000000004,13.434455496399107,2.7889805673715053,9.072165874551091,-1.920895685331571,4.362289621848015,0.0,34.164928751766176,-2.9394001805575085,-31.22552857120867,-19.434649673177564,-28.329174946367576,27.9425594159003,-69.8798350205688,20.79618285322779,1.0,-1.0,0.0,48.0,-48.0,0.0
0.1975,19.200000000000003,13.494711243494958,2.755370109919965,9.038555417099552,-1.8270294807841803,4.456155826395406,0.0,36.831271241250974,-4.687988445034873,-32.1432827962161,-19.594216203427706,-26.11839122111982,25.786433161937865,-64.50599715245953,22.138992527396237,1.0,-1.0,0.0,48.0,-48.0,0.0
0.198,19.240000000000002,13.555092654296956,2.724523232414312,9.007708539593898,-1.7358011924765278,4.547384114703059,0.0,39.30929511296475,-6.70053665740962,-32.608758455555126,-19.13779779616298,-23.710054875920175,23.518215184934537,-58.8406584991831,23.11875975736242,1.0,-1.0,0.0,48.0,-48.0,0.0
0.1985,19.28,13.615599728805092,2.6965619514383756,8.979747258617962,-1.6473328369924565,4.63585247018713,0.0,41.55049356077108,-8.66804353514692,-32.88245002562416,-18.15643918598041,-21.171327135286127,21.174240825749507,-52.97966142156076,23.91778101182177,1.0,0.0,-1.0,0.0,48.0,-48.0
0.199,19.32,13.676232467019377,2.671709743408201,8.954895050587787,-1.5618478907479967,4.72133741643159,0.0,43.506899451904594,-2.9926912422653635,-40.51420820963923,-16.45077254052405,-18.23786299158614,18.445889808520935,-46.154151123041,30.51648443352101,1.0,0.0,-1.0,0.0,48.0,-48.0
0.1995,19.36,13.736990868939802,2.650658305946441,8.933843613126028,-1.4800380513658118,4.803147255813775,0.0,46.04543686491888,0.0,-46.04543686491888,-13.878096443041672,-14.766829780111637,15.126843547844846,-37.84965563294379,35.28552930766131,1.0,0.0,-1.0,39.39120333251322,8.608796667486779,-48.0
0.2,19.400000000000002,13.797874934566375,2.634001389006768,8.917186696186354,-1.4024970687995657,4.880688238380021,0.0,49.268652002861295,0.0,-49.268652002861295,-10.714234249053531,-11.04361212644812,11.45427414254053,-28.66035494596281,38.108827592235066,1.0,0.0,-1.0,35.41363207319162,12.586367926808379,-48.0
0.2005,19.44,13.858884663899087,2.6221004664168546,8.905285773596441,-1.3295864168769411,4.953598890302645,0.0,51.66740602768241,0.0,-51.66740602768241,-7.136198893213173,-7.191771300111223,7.53593804521279,-18.856076602225883,40.20302168277807,1.0,0.0,-1.0,31.391640876111033,16.608359123888974,-48.0
0.201,19.480000000000004,13.920020056937945,2.615217295969358,8.898402603148945,-1.2615678533905863,5.021617453789,0.0,53.24919648553921,0.0,-53.24919648553921,-3.2836309804388306,-3.266454690638412,3.4449614295099362,-8.619823601080553,41.56606398111852,1.0,0.0,-1.0,27.347119915173966,20.652880084826034,-48.0
0.2015,19.520000000000003,13.981281113682947,2.6135224315040992,8.896707738683686,-1.1986119321803257,5.084573374999261,0.0,54.03873706240774,0.0,-54.03873706240774,0.7124514010439386,0.7064589609307427,-0.7462989479582711,1.8673548064111996,42.214273516089065,1.0,0.0,-1.0,23.276617265612092,24.723382734387915,-48.0
0.202,19.560000000000002,14.042667834134091,2.61709719192365,8.900282499103236,-1.140799972148731,5.1423853350308555,0.0,54.07604048610082,0.0,-54.07604048610082,4.726836502384092,4.718837624939613,-4.967739637771516,12.430049001105914,42.1755611586084,1.0,0.0,-1.0,19.160710807366677,28.839289192633323,-48.0
0.2025,19.6,14.104180218291381,2.6259371105913996,8.909122417770986,-1.0881275066591913,5.195057800520395,0.0,53.41493210971672,0.0,-53.41493210971672,8.633891028078532,8.764450074697265,-9.15245451575324,22.90084948878089,41.48564183914525,1.0,0.0,-1.0,14.976268181465382,33.02373181853462,-48.0
0.203,19.64,14.165818266154812,2.639956392064134,8.92314169924372,-1.0405087402684947,5.242676566911092,0.0,52.12217998116955,0.0,-52.12217998116955,12.300413122458432,12.822860244933327,-13.237454896184975,33.12214288313136,40.18729578879362,1.0,0.0,-1.0,10.708618868203406,37.2913811317966,-48.0
0.2035,19.68,14.22758197772438,2.658993282454053,8.94217858963364,-0.9977819190888461,5.2854033880907405,0.0,50.27717468774632,0.0,-50.27717468774632,15.580181957571037,16.847146428921224,-17.16448745853868,42.948091915903625,38.33254030353386,1.0,0.0,-1.0,6.360700820594957,41.63929917940505,-48.0
0.204,19.72,14.289471353000101,2.682816620210926,8.966001927390511,-0.959715881569997,5.32346942560959,0.0,47.971821495183626,0.0,-47.971821495183626,18.313432889942668,20.759525448433624,-20.881289352331933,52.24747904029861,35.98723332678817,1.0,0.0,-1.0,1.9565463203717446,46.04345367962826,-48.0
0.2045,19.759999999999998,14.351486391981965,2.711134017257402,8.994319324436988,-0.9260182396346102,5.357167067544976,0.0,45.34980466707396,-0.07957155102173483,-45.270233116052225,20.334364367878965,24.457516981059356,-24.34290956143588,60.906273030264494,33.20220429702582,1.0,0.0,-1.0,0.0,48.0,-48.0
0.205,19.8,14.413627094669971,2.743596312759975,9.02678161993956,-0.8963398324491758,5.386845474730411,0.0,42.7091459820492,-0.6051460227339491,-42.10399995931525,21.482315555087826,27.821585678197827,-27.503522488381044,68.80604948462995,29.919804353061565,1.0,0.0,-1.0,0.0,48.0,-48.0
0.2055,19.84,14.475893461064121,2.779794549245284,9.062979856424871,-0.8702717025403361,5.41291360463925,0.0,40.177749024167845,-1.585709403594753,-38.59203962057309,21.637189472326398,30.74311024072578,-30.320625500366692,75.83392506571401,26.251030895587657,1.0,0.0,-1.0,0.0,48.0,-48.0
0.206,19.88,14.538285491164412,2.819271705629477,9.102457012809063,-0.8473568288242375,5.435828478355349,0.0,37.85723688866326,-2.974371767732325,-34.88286512093094,20.764113044863855,33.160236242411806,-32.766096164109214,81.91189228362053,22.346161684629067,1.0,0.0,-1.0,0.0,48.0,-48.0
0.2065,19.92,14.60080318497085,2.86154123910117,9.144726546280756,-0.8271086684894925,5.456076638690094,0.0,35.839728699851,-4.72146135922063,-31.11826734063037,18.937487746378608,35.07146505714676,-34.82529221927331,86.99982849479751,18.35438801582002,1.0,0.0,-1.0,0.0,48.0,-48.0
0.207,19.96,14.66344654248343,2.9061055047297915,9.189290811909377,-0.809029576605534,5.4741557305740525,0.0,33.958092876544,-6.655448607039531,-27.30264426950447,16.337377979205783,36.527534146407255,-36.49269418894776,91.09228299768615,14.359351608672036,0.0,1.0,-1.0,-48.0,48.0,0.0
0.2075,20.0,14.726215563702155,2.952450409740679,9.235635716920266,-0.7926054603976972,5.490579846781889,0.0,27.31184257947588,-6.246431824061091,-21.06541075541479,13.1984334305794,37.55928432258492,-37.72097534656126,94.09661225260166,9.782178603511422,0.0,1.0,-1.0,-48.0,48.0,0.0
0.208,20.04,14.789110248627022,3.000024741942475,9.283210049122061,-0.7772851076746259,5.505900199504961,0.0,21.469336232457366,-6.20344921716033,-15.265887015297038,9.795354323083146,38.230594069236645,-38.5042202432414,96.0365284194916,5.840895039678822,0.0,1.0,-1.0,-48.0,48.0,0.0
0.2085,20.08,14.852130597258034,3.048335381496825,9.331520688676411,-0.7625753985979639,5.520609908581623,0.0,16.39943452426703,-6.450641003598074,-9.948793520668954,6.355558944789527,38.623195356575394,-38.89058804074187,97.0665884443312,2.493109517046827,0.0,1.0,-1.0,-48.0,48.0,0.0
0.209,20.12,14.91527660959519,3.0969631255474637,9.38014843272705,-0.7480571303114465,5.53512817686814,0.0,12.054045843987337,-6.917053490419701,-5.136992353567636,2.996680175035013,38.77780685818069,-38.9328702210091,97.32681141825381,-0.3299007434222072,0.0,1.0,-1.0,-48.0,48.0,0.0
0.2095,20.16,14.978548285638489,-3.137630939134024,9.428739675225149,-0.7333766967662465,5.54980861041334,0.0,8.379091328841406,-7.538855938457938,-0.8402353903834685,-0.2634953264367479,38.70763284192492,-38.69319238589264,96.93954359657101,-2.6976373088539956,0.0,1.0,-1.0,-48.0,48.0,0.0
0.21,20.2,15.04194562538793,-3.08937277734438,9.476997837014792,-0.7182375188064489,5.5649477883731375,0.0,5.322528387780538,-8.262015713104486,2.939487325323948,-3.4658988728897833,38.41804832537333,-38.24256208432569,96.01099877878337,-4.668958726685212,0.0,1.0,-1.0,-48.0,48.0,0.0
0.2105,20.240000000000002,15.105468628843516,-3.0416946199946877,9.524675994364484,-0.7023926727005548,5.580792634479032,0.0,2.837620462582758,-9.043860161422883,6.2062396988401245,-6.658481492585497,37.921600217941126,-37.65300222945903,94.63399191053549,-6.293039509328956,0.0,1.0,-1.0,-48.0,48.0,0.0
0.211,20.28,15.169117296005247,-2.9947999497596114,9.57157066459956,-0.6856386757739003,5.597546631405686,0.0,0.8817253362930444,-9.852352632815332,8.970627296522288,-9.854515307954616,37.243268364997625,-36.98461651721439,92.88961988837293,-7.615468771271413,0.0,1.0,-1.0,-48.0,48.0,0.0
0.2115,20.32,15.232891626873116,-2.948854882469938,9.617515731889235,-0.6678094121957054,5.615375894983881,0.0,0.0,-10.956716722841675,10.956716722841675,-13.012607195620483,36.41533296138372,-36.27126160094503,90.84298490399318,-8.766845640410837,0.0,1.0,-1.0,-37.08464287583983,48.0,-10.915357124160174
0.212,20.36,15.296791621447133,-2.9040044126280558,9.662366201731118,-0.6487598874635714,5.634425419716015,0.0,0.0,-12.260862331037655,12.260862331037655,-16.034387587508483,35.45876218787235,-35.5024636776676,88.5146193884275,-9.829402500857439,0.0,1.0,-1.0,-40.012536842610864,48.0,-7.987463157389138
0.2125,20.4,15.360817279727293,-2.860380678689788,9.705989935669384,-0.628357963121678,5.654827344057908,0.0,0.0,-13.324225239631913,13.324225239631913,-18.793250989394018,34.40186598137098,-34.65043657732814,85.94380760406263,-10.705465096985371,0.0,1.0,-1.0,-42.66896569141544,48.0,-5.331034308584563
0.213,20.44,15.424968601713598,-2.8180930966889792,9.748277517670193,-0.6064942231361814,5.676691084043405,0.0,0.0,-14.146653410845706,14.146653410845706,-21.166508516061576,33.272061521082755,-33.67579882013338,83.17814397468251,-11.386262443330772,0.0,1.0,-1.0,-44.96463986653627,48.0,-3.0353601334637363
0.2135,20.48,15.489245587406046,-2.7772266206237926,9.78914399373538,-0.58308371350892,5.7001015936706665,0.0,0.0,-14.726712094560927,14.726712094560927,-23.062086409572082,32.092777264964795,-32.53939705473955,80.26809345940138,-11.85800462213767,0.0,1.0,-1.0,-46.8387765146847,48.0,-1.1612234853152965
0.214,20.52,15.553648236804634,-2.737840058495135,9.828530555864038,-0.558067626238991,5.7251176809405955,0.0,0.003416299107515286,-15.063825623997298,15.060409324889783,-24.43507117442238,30.885043366869663,-31.215863653798202,77.26781433497325,-12.106645920909735,0.0,1.0,-1.0,-48.0,48.0,0.0
0.2145,20.560000000000002,15.61817654990937,-2.6999647483244513,9.866405866034722,-0.5314146233049384,5.751770683874648,0.0,0.09525535948923292,-15.19881388780812,15.103558528318887,-25.290129671675786,29.668105409287058,-29.700754409656422,74.23160918659339,-12.150027802945619,0.0,1.0,-1.0,-48.0,48.0,0.0
0.215,20.6,15.68283052672025,-2.6636060684188063,9.902764545940366,-0.503119326399702,5.780065980779884,0.0,0.2725461502323263,-15.130704268338826,14.8581581181065,-25.67281568742517,28.459488653315166,-28.01126145172535,71.209774576013,-11.989995619894135,0.0,1.0,-1.0,-48.0,48.0,0.0
0.2155,20.64,15.74761016723727,-2.6287439590648796,9.937626655294293,-0.47320179523661055,5.809983511942976,0.0,0.4900637020123373,-14.84129254084427,14.351228838831933,-25.658581144180026,27.27810905681234,-26.18524525160917,68.25402563089857,-11.621397788803863,-1.0,1.0,0.0,-48.0,48.0,0.0
0.216,20.68,15.812515471460433,-2.5953324139544267,9.971038200404745,-0.441708036123899,5.8414772710556875,0.0,0.7136996808057656,-14.323156965194647,13.609457284388881,-25.338515801789956,26.143858120762477,-24.273798128175827,65.41594206066674,-11.050821407787103,-1.0,1.0,0.0,-48.0,48.0,0.0
0.2165,20.72,15.877546439389743,-2.5633003081282943,10.003070306230878,-0.4087091740207216,5.874476133158865,0.0,0.9202470890018883,-13.579959331794711,12.659712242792823,-24.80614365168635,25.076136026326115,-22.332085779531837,62.74390783717399,-10.297070917988684,-1.0,1.0,0.0,-48.0,48.0,0.0
0.217,20.76,15.942703071025198,-2.5325537253845685,10.033816888974604,-0.3742991251289925,5.908886182050594,0.0,1.0962937608979804,-12.625397572495274,11.529103811597293,-24.147623494901435,24.092331377404072,-20.411313963713454,60.280283784324965,-9.389012014438027,-1.0,1.0,0.0,-48.0,48.0,0.0
0.2175,20.8,16.007985366366793,-2.5029795289246195,10.063391085434553,-0.3385910262473468,5.94459428093224,0.0,1.2366161868988623,-11.481244821968623,10.24462863506976,-23.435948202898082,23.206650411612834,-18.553237394758106,58.05931986784495,-8.362025872319258,-1.0,1.0,0.0,-48.0,48.0,0.0
0.218,20.84,16.07339332541453,-2.474449744390589,10.091920869968583,-0.30171285173364054,5.981472455445946,0.0,1.3424076206442468,-10.174961008734355,8.832553388090108,-22.728665560429615,22.429450882678807,-16.787537019926653,56.106002107090205,-7.254245958215968,-1.0,1.0,0.0,-48.0,48.0,0.0
0.2185,20.880000000000003,16.138926948168415,-2.4468262930661386,10.119544321293034,-0.26380268030420617,6.01938262687538,0.0,1.4195722236800625,-8.737287155840841,7.317714932160778,-22.068127892195047,21.767051246757806,-15.131621792167183,54.43578114164932,-6.103360077354637,-1.0,1.0,0.0,-48.0,48.0,0.0
0.219,20.92,16.204586234628444,-2.4199656790071193,10.146404935352052,-0.225004007903195,6.0581812992763915,0.0,1.477214530514984,-7.2000993349503295,5.7228848044353455,-21.48321901007533,21.221893745926177,-13.592066075781698,53.054989860130185,-4.944320890982773,-1.0,1.0,0.0,-48.0,48.0,0.0
0.2195,20.96,16.270371184794612,-2.3937233439659926,10.17264727039318,-0.18546139277815346,6.097723914401433,0.0,1.5263742481424316,-5.59466472094777,4.068290472805338,-20.99170740024664,20.792922417345846,-12.166884996465884,51.961716091008554,-3.8079776476644467,-1.0,1.0,0.0,-48.0,48.0,0.0
0.22,21.0,16.336281798666924,-2.3679575172822163,10.198413097076957,-0.14531660558961892,6.137868701589968,0.0,1.579006066144927,-3.950337055383981,2.371330989239054,-20.602655818549707,20.476060916286723,-10.848021557507556,51.1469185432723,-2.7204632137442153,-1.0,1.0,0.0,-48.0,48.0,0.0
0.2205,21.04,16.40231807624538,-2.3425324817839726,10.2238381325752,-0.10470536350940687,6.17847994367018,0.0,1.6471783894780079,-2.2936614252433816,0.6464830357653736,-20.31857102391557,20.26471256850666,-9.623638470239309,50.59562454853276,-1.7031160379962904,-1.0,1.0,0.0,-48.0,48.0,0.0
0.221,21.080000000000002,16.468480017529988,-2.3173228181348917,10.24904779622428,-0.0637530858738791,6.219432221305707,0.0,1.1949202556831378,-1.1949202556831378,0.0,-20.13121489520725,20.144286206362306,-8.477559560172377,50.27324413106239,-0.9572887707144866,-1.0,1.0,0.0,-48.0,32.4840952157499,15.515904784250095
0.2215,21.12,16.53476762252073,-2.292233437473928,10.274137176885244,-0.0225548615441016,6.260630445635485,0.0,0.4503671734708961,-0.4503671734708961,0.0,-20.01606154365183,20.08561079201826,-7.3903875116615705,50.10915254441197,-0.3604227152966653,-1.0,1.0,0.0,-48.0,31.425162135844786,16.574837864155214
0.222,21.16,16.601180891217616,-2.26718945412302,10.299181160236152,0.018814423801877676,6.301999730981464,0.0,-0.25439966117005014,0.25439966117005014,0.0,-19.97022840728719,20.082487298693152,-6.354823748038469,50.090278299927164,0.20342065666975065,-1.0,1.0,0.0,-48.0,30.410953193741452,17.589046806258548
0.2225,21.200000000000003,16.66771982362065,-2.2421204471719345,10.324250167187238,0.06028434925382673,6.343469656433413,0.0,-0.9116702526855903,0.9116702526855903,0.0,-19.991211296884224,20.13035576629042,-5.36327497089255,50.20763228689429,0.7285274671710452,-1.0,1.0,0.0,-48.0,29.432847205595646,18.56715279440435
0.223,21.240000000000002,16.734384419729825,-2.216960828254726,10.349409786104447,0.10178932644579118,6.384974633625378,0.0,-1.5149333092585373,1.5149333092585373,0.0,-20.07496769957599,20.22421759628325,-4.406951809531413,50.45091155063605,1.2100986139646737,-1.0,1.0,0.0,-48.0,28.48157675788504,19.518423242114956
0.2235,21.28,16.801174679545145,-2.1916701625062016,10.37470045185297,0.14328892051258868,6.426474227692175,0.0,-2.4744896351517855,-0.412797239709682,2.8872868748614677,-20.160724127098668,20.302992587415154,-3.467119232808548,50.669337248044485,0.621597152200303,-1.0,0.0,1.0,-48.0,0.0,48.0
0.224,21.32,16.868090603066605,-2.1662895981317565,10.400081016227416,0.18482427965960266,6.468009586839189,0.0,-4.481557897279377,-1.2856380465778008,5.767195943857177,-20.248850961486205,20.36852675515472,-2.5446659301657975,50.86789747959774,0.9806628626080098,-1.0,0.0,1.0,-48.0,0.0,48.0
0.2245,21.36,16.935132190294212,-2.140785706791258,10.425584907567915,0.22636197554671056,6.509547282726297,0.0,-6.286937495427505,-2.064734366213868,8.351671861641373,-20.384460620727925,20.468833543104484,-1.638269008806391,51.16562578590658,1.4113154966044341,-1.0,0.0,1.0,-48.0,0.0,48.0
0.225,21.400000000000002,17.00229944122796,-2.1151048675610076,10.451265746798164,0.2678483872502111,6.5510336944297975,0.0,-7.896672319334115,-2.7639612297235217,10.660633549057637,-20.57115100885941,20.61088651963458,-0.7337263518115728,51.577827090989864,1.8933321786467823,-1.0,0.0,1.0,-48.0,0.0,48.0
0.2255,21.44,17.069592355867858,-2.0891870074315886,10.477183606927584,0.3092234417606876,6.592408748940274,0.0,-9.314857758510453,-3.3962438942488418,12.711101652759295,-20.810615653492047,20.80041304780775,0.18622825401031845,52.115130747648465,2.409507821120558,-1.0,0.0,1.0,-48.0,0.0,48.0
0.226,21.48,17.137010934213894,-2.062967754790981,10.503402859568192,0.35042276746611534,6.633608074645702,0.0,-10.543865243605396,-3.9732509662243007,14.517116209829696,-21.10307847382815,21.042263852674477,1.1412702146875167,52.78421641274643,2.9453837409809704,-1.0,0.0,1.0,-48.0,0.0,48.0
0.2265,21.520000000000003,17.204555176266073,-2.0363802520998195,10.529990362259353,0.3913795068271335,6.67456481400672,0.0,-11.584522101717202,-4.505204354947612,16.089726456664813,-21.447663492634653,21.340716831053033,2.152883337533925,53.5884414159068,3.488736384376225,-1.0,0.0,1.0,-48.0,0.0,48.0
0.227,21.560000000000002,17.2722250820244,-2.009356691376124,10.55701392298305,0.4320258518617625,6.715211159041349,0.0,-12.43626291956868,-5.000783969338204,17.437046888906885,-21.842693244767734,21.69965620277895,3.243695869501818,54.52831335234204,4.028854858112569,-1.0,0.0,1.0,-48.0,0.0,48.0
0.2275,21.6,17.340020651488864,-1.9818296624888816,10.584540951870292,0.47229439243898574,6.755479699618572,0.0,-13.097279497516332,-5.46710571984591,18.564385217362243,-22.28590395022319,22.122553581353376,4.436618890637309,55.601758715324046,4.555637837176332,-1.0,0.0,1.0,-48.0,0.0,48.0
0.228,21.64,17.40794188465948,-1.9537334266369324,10.61263718772224,0.5121193897576519,6.795304696937238,0.0,-13.564708862844935,-5.909750610827544,19.47445947367248,-22.77455914596017,22.61216303085054,5.753646856404208,56.80414805224704,5.058559848084741,-1.0,0.0,1.0,-48.0,0.0,48.0
0.2285,21.68,17.47598878153623,-1.9250052433045182,10.641365371054654,0.55143810330199,6.834623410481576,0.0,-13.834911572728792,-6.332820157027292,20.167731729756085,-23.30543981022338,23.169832834892883,7.2141909421395365,58.12805515273325,5.525596568655109,-1.0,0.0,1.0,-48.0,0.0,48.0
0.229,21.720000000000002,17.544161342119132,-1.8955868834887015,10.670783730870472,0.5901923040690737,6.87337761124866,0.0,-13.903903377557043,-6.7389892241868985,20.64289260174394,-23.874691608823465,23.794341486883745,8.832854640874302,59.562757212361795,5.942257892424216,-1.0,0.0,1.0,-48.0,0.0,48.0
0.2295,21.76,17.61245956640817,-1.86542644776975,10.700944166589423,0.6283300926391601,6.911515399818747,0.0,-13.768008197806873,-7.129522543679995,20.897530741486868,-24.477522502183465,24.480198414865548,10.616645190752594,61.09352891486563,6.290948977269066,-1.0,0.0,1.0,-48.0,0.0,48.0
0.23,21.8,17.680883454403357,-1.834480566093931,10.731890048265242,0.6658080989585284,6.948993406138115,0.0,-13.424793067595587,-7.504217427253448,20.929010494849035,-25.10777014686137,25.21543031892982,12.561763411559179,62.70084706517418,6.5509453934926904,-1.0,0.0,1.0,-48.0,0.0,48.0
0.2305,21.840000000000003,17.74943300610469,-1.80271697906741,10.763653635291762,0.7025940636333432,6.98577937081293,0.0,-12.874317990643725,-7.861235853022695,20.73555384366642,-25.75740030187689,25.979021643888313,14.650339309397191,64.3596985881738,6.699295595869893,-1.0,0.0,1.0,-48.0,0.0,48.0
0.231,21.880000000000003,17.818108221512162,-1.770119084016255,10.796251530342918,0.7386713839896576,7.021856691169244,0.0,-10.199344222546388,-10.118232197083616,20.317576419630004,-26.39828553474707,26.720413840139344,16.836339073798676,65.99484004684152,5.166395659629773,0.0,-1.0,1.0,48.0,-48.0,0.0
0.2315,21.92,17.886909100625775,-1.7369378185148734,10.8294327958443,0.7742909976018895,7.057476304781476,0.0,-1.254466915062448,-18.440532089076363,19.69499900413881,-26.572033809654705,26.941863616100257,18.736130518514425,66.45566350107104,-1.4217071411378495,0.0,-1.0,1.0,48.0,-48.0,0.0
0.232,21.96,17.955835643445536,-1.7038759171949225,10.86249469716425,0.8101556391016993,7.093340946281286,0.0,2.4952883089007614,-23.76212418613776,21.266835877237,-26.26154914138571,26.58879818806288,20.16080736154031,65.69626541812619,-4.08820620215125,0.0,-1.0,1.0,0.0,-48.0,48.0
0.2325,22.0,18.02488784997144,-1.671321949535564,10.895048664823609,0.8466538779682435,7.12983918514783,0.0,5.2263307222861,-28.198007519336706,22.971676797050606,-25.75783511390173,25.93103963587571,21.213265629858466,64.44520402775406,-5.873491122937583,0.0,-1.0,1.0,0.0,-48.0,48.0
0.233,22.040000000000003,18.09406572020349,-1.6394991306477973,10.926871483711375,0.8840089293125267,7.167194236492113,0.0,7.713206909294865,-32.16806260099453,24.454855691699667,-25.092345854959675,24.98923518316086,21.871559704224506,62.78382385802954,-7.367055276347701,0.0,-1.0,1.0,0.0,-48.0,48.0
0.2335,22.080000000000002,18.163369254141678,-1.6085939227584203,10.957776691600753,0.9224072553613387,7.205592562540925,0.0,9.917836418158696,-35.68649052032586,25.768654102167165,-24.29424392149705,23.796871230563614,22.144314086574227,60.787837300374655,-8.546841107461088,0.0,-1.0,1.0,0.0,-48.0,48.0
0.234,22.12,18.232798451786014,-1.5787536126593862,10.987617001699785,0.9619961429066418,7.245181450086228,0.0,11.811832221721733,-38.77167662910107,26.95984440737934,-23.39506316368925,22.403541110746474,22.06922181381927,58.53804783817702,-9.395233462970427,0.0,-1.0,1.0,0.0,-48.0,48.0
0.2345,22.16,18.30235331313649,-1.550084167563692,11.01628644679548,1.002881559161423,7.2860668663410095,0.0,13.378312710229299,-41.44618637244017,28.067873662210868,-22.428086607387915,20.87005228873445,21.70476571816548,56.11851554204654,-9.904528041647776,0.0,-1.0,1.0,0.0,-48.0,48.0
0.235,22.2,18.37203383819311,-1.5226493033869881,11.043721310972185,1.0451272200413404,7.328312527220927,0.0,14.6126176929431,-43.73653359393236,29.123915900989257,-21.427089374925245,19.261459489074777,21.120580539125758,53.61364595844777,-10.07992115174682,0.0,-1.0,1.0,0.0,-48.0,48.0
0.2355,22.24,18.441840026955873,-1.49647113548735,11.069899478871822,1.088755240904465,7.371940548084051,0.0,15.521876080283043,-45.67260235822545,30.150726277942404,-20.424840193334695,17.639979321413026,20.388581419753564,51.104890511161905,-9.939656595121061,0.0,-1.0,1.0,0.0,-48.0,48.0
0.236,22.28,18.511771879424785,-1.471532436393362,11.09483817796581,1.1337483942793882,7.416933701458975,0.0,16.123623736568383,-47.28673841673178,31.163114680163396,-19.45172656034498,16.059354693776815,19.576217766671977,48.66771330982329,-9.512896207343585,0.0,-1.0,1.0,0.0,-48.0,48.0
0.2365,22.32,18.581829395599836,-1.4477802452579622,11.11859036910121,1.1800537193190406,7.463239026498627,0.0,16.443809337506515,-48.612626591391646,32.16881725388513,-18.534732866843452,14.561457845587121,18.742305721421058,46.36926961325681,-8.836337557316726,0.0,-1.0,1.0,0.0,-48.0,48.0
0.237,22.36,18.652012575481034,-1.4251304168997858,11.141240197459387,1.2275870708420606,7.510772378021647,0.0,16.514546601083282,-49.68411059456452,33.16956399348124,-17.696846663997356,13.175147806132367,17.935190117705503,44.266978989542395,-7.950586900522021,0.0,-1.0,1.0,0.0,-48.0,48.0
0.2375,22.4,18.72232141906837,-1.403472664472463,11.162897949886709,1.276238162002073,7.5594234691816595,0.0,16.371907654676725,-50.53409783013047,34.162190175453745,-16.95685431469953,11.916888610276866,17.19262455789104,42.40795801059379,-6.896996973578652,0.0,-1.0,1.0,0.0,-48.0,48.0
0.238,22.44,18.792755926361856,-1.3826757040149906,11.183694910344181,1.3258757088380884,7.609061016017675,0.0,16.053952227688825,-51.19364625031525,35.13969402262642,-16.329430467291655,10.792446728476001,16.542695597303403,40.82914616552644,-5.715312636603098,0.0,-1.0,1.0,0.0,-48.0,48.0
0.2385,22.48,18.863316097361484,-1.3625932519913917,11.20377736236778,1.3763534278141163,7.659538734993703,0.0,17.23481871137357,-51.69121755991143,34.45639884853786,-15.812558466357105,9.791114488513577,15.992232046785373,39.52577532671705,-5.758431806754771,1.0,-1.0,0.0,48.0,0.0,-48.0
0.239,22.52,18.934001932067254,-1.3432999466776767,11.223070667681496,1.4277459572061717,7.710931264385758,0.0,24.702161252268873,-52.04003495155826,27.33787369928939,-14.980234712074287,8.662397198400674,15.117504872692141,37.4337388120481,-10.887375947452094,1.0,-1.0,0.0,48.0,0.0,-48.0
0.2395,22.56,19.004813430479164,-1.3253619207860536,11.241008693573118,1.4806194297264594,7.763804736906046,0.0,31.420534613668263,-52.23005685812308,20.809522244454815,-13.661292338960598,7.373246075961058,13.754362889686142,34.12720970172139,-15.475289503151643,1.0,-1.0,0.0,48.0,0.0,-48.0
0.24,22.6,19.075750592597227,-1.3093527798721416,11.25701783448703,1.535547450930611,7.8187327581101975,0.0,37.354957795793865,-52.258988659008395,14.904030863214533,-11.908642337193362,6.0156980900233235,11.963421661016485,29.740294362233097,-19.533025377377307,1.0,-1.0,0.0,48.0,0.0,-48.0
0.2405,22.64,19.146813418421427,-1.2957799293467374,11.270590685012435,1.593037426229406,7.8762227334089925,0.0,42.48636123279711,-52.13305072698668,9.646689494189571,-9.77404379205285,4.651033775951502,9.800617337690891,24.40339600730499,-23.078452792073726,1.0,-1.0,0.0,48.0,0.0,-48.0
0.241,22.68,19.21800190795177,-1.2850867624551727,11.281283851904,1.6535327488681835,7.93671805604777,0.0,46.808322597663306,-51.86306002524774,5.054737427584436,-7.307687577355613,3.309245768949946,7.3169861415710935,18.242051557865157,-26.132080829729773,1.0,-1.0,0.0,48.0,0.0,-48.0
0.2415,22.72,19.289316061188256,-1.2776551997864642,11.288715414572708,1.7174153394359608,8.000600646615547,0.0,50.324065436177186,-51.46086045151246,1.1367950153352706,-4.557997458911265,1.9914551976232555,4.559365305470788,11.376603538027007,-28.714712221114414,1.0,-1.0,0.0,48.0,0.0,-48.0
0.242,22.76,19.36075587813089,-1.27379769783897,11.292572916520202,1.7849976544311035,8.06818296161069,0.0,51.99113975530312,-51.99113975530312,0.0,-1.6089494447975992,0.6897103923054795,1.6086420311230791,4.015625372764191,-29.761228637337435,1.0,-1.0,0.0,48.0,-26.068261557369144,-21.931738442630863
0.2425,22.8,19.432321358779667,-1.2736581379489391,11.292712476410234,1.856423575189847,8.139608882369433,0.0,52.65400281798709,-52.65400281798709,0.0,1.3915062040415347,-0.5960842355199175,-1.3912158764503364,-3.472921342052786,-30.134455203011687,1.0,-1.0,0.0,48.0,-22.211073139288853,-25.788926860711147
0.243,22.84,19.504012503134586,-1.2772846930826098,11.289085921276563,1.9317412746784368,8.214926581858023,0.0,52.905310430109296,-52.905310430109296,0.0,4.425590492583279,-1.930097124617681,-4.4267079167287235,-11.04605181768747,-30.440706954352624,1.0,-1.0,0.0,48.0,-18.325545399288476,-29.67445460071152
0.2435,22.88,19.575829311195648,-1.2847157626424457,11.281654851716727,2.010989152299334,8.29417445947892,0.0,52.76249293991963,-52.76249293991963,0.0,7.486648389121916,-3.384323038692814,-7.495805791995728,-18.688667789154486,-30.691302327231995,1.0,-1.0,0.0,48.0,-14.45303153278972,-33.54696846721028
0.244,22.92,19.647771782962856,-1.2959826720497833,11.27038794230939,2.09419853347388,8.377383840653467,0.0,52.23610679674762,-52.23610679674762,0.0,10.56851904074623,-5.033708585151954,-10.597546720644544,-26.387102558018977,-30.88628722087212,1.0,-1.0,0.0,48.0,-10.635048051558318,-37.364951948441686
0.2445,22.96,19.719839918436204,-1.3111096680612115,11.25526094629796,2.1813936649586565,8.464578972138243,0.0,51.33010425899812,-51.33010425899812,0.0,13.664412810987907,-6.9544939951925615,-13.730611857989732,-34.126197473755255,-31.013435847394042,1.0,-1.0,0.0,48.0,-6.914428734112596,-41.08557126588741
0.245,23.0,19.792033717615695,-1.3301123708509563,11.236258243508216,2.272590166927893,8.55577547410748,0.0,50.04240637722958,-50.04240637722958,0.0,16.765764497113448,-9.220376684414658,-16.89074041672702,-41.88601585553213,-31.046376949941823,1.0,-1.0,0.0,48.0,-3.336565676923584,-44.663434323076416
0.2455,23.04,19.864353180501332,-1.3529944523944997,11.213376161964673,2.367791711357073,8.65097701853666,0.0,48.36599139222167,-48.36603445624325,4.306402157825175e-05,19.860983347321028,-11.895002566065886,-20.066023415322537,-49.638013064728696,-30.942201241184204,1.0,-1.0,0.0,48.0,0.0,-48.0
0.246,23.080000000000002,19.936798307093117,-1.37973630536668,11.186634308992492,2.4669786909210383,8.750163998100625,0.0,44.670441098491054,-43.33055321712964,-1.3398878813614121,22.90926058416363,-15.002917165052605,-23.203856002990893,-57.27879975849832,-29.758689930888917,1.0,0.0,-1.0,0.0,48.0,-48.0
0.2465,23.12,20.009369097391037,-1.4101894568679743,11.156181157491199,2.5700026327202514,8.853187939899838,0.0,39.328900521926165,-35.868494361655316,-3.4604061602708476,25.76284961990894,-18.444604534767564,-26.121683689522598,-64.43533563227764,-27.394850379155066,1.0,0.0,-1.0,0.0,48.0,-48.0
0.247,23.16,20.082065551395107,-1.4440606634498077,11.122309950909365,2.6765702933061557,8.959755600485742,0.0,33.67324831907261,-28.497032250734403,-5.1762160683382135,28.351032883858895,-22.087352117381478,-28.683177648768723,-70.92586370698116,-24.427840430919453,1.0,0.0,-1.0,0.0,48.0,-48.0
0.2475,23.2,20.154887669105317,-1.4809790841041464,11.085391530255027,2.7863108316707037,9.06949613885029,0.0,27.7763346796229,-21.190254613096137,-6.586080066526762,30.61480673452987,-25.731938621248382,-30.728278212354983,-76.59920311349813,-20.861997054047308,1.0,0.0,-1.0,0.0,48.0,-48.0
0.248,23.240000000000002,20.227835450521674,-1.5204995797231797,11.045871034635994,2.8987791087060937,9.18196441588568,0.0,21.735806735180034,-13.943411197280492,-7.792395537899543,32.49678916219603,-29.124267476724555,-32.07068017809965,-81.31155454590116,-16.75460515687362,1.0,0.0,-1.0,0.0,48.0,-48.0
0.2485,23.28,20.300908895644174,-1.5621099736099604,11.004260640749212,3.0134629477153747,9.296648254894961,0.0,15.674597189216733,-6.774469047495923,-8.900128141720812,33.94721865555864,-31.999635536318806,-32.52920408219813,-84.94116442499336,-12.224974902348944,1.0,0.0,-1.0,0.0,48.0,-48.0
0.249,23.32,20.374108004472816,-1.605245876508652,10.96112473785052,3.1297979594427097,9.412983266622296,0.0,9.84751372691049,0.05407665154899626,-9.901590378459487,34.93138696880826,-34.14115714160986,-31.97630914788468,-87.40360658871785,-7.5369588730393335,1.0,0.0,-1.0,48.0,0.0,-48.0
0.2495,23.36,20.4474327770076,-1.6493660038105336,10.91700461054864,-3.0359424479002137,9.53042816645896,0.0,6.886134897484102,1.5136845361596378,-8.39981943364374,35.55928493698047,-35.55441309068858,-30.491209797150542,-88.9722038912194,-5.025935120171381,1.0,0.0,-1.0,48.0,0.0,-48.0
0.25,23.400000000000002,20.520883213248535,-1.6941157704493142,10.872254843909857,-2.9177422450204955,9.648628369338677,0.0,4.108060918362499,3.1371336444527644,-7.245194562815263,35.94597599205826,-36.35013401987269,-28.221130556420455,-89.92771534906393,-2.6476888851331988,1.0,0.0,-1.0,48.0,0.0,-48.0
0.2505,23.44,20.5944593131956,-1.7391986937427453,10.827171920616427,-2.7990832217800006,9.767287392579172,0.0,1.6012932690499335,4.875797885154945,-6.477091154204879,36.11233916741113,-36.61386672028193,-25.301965892229155,-90.31355650006503,-0.478198100645588,1.0,0.0,-1.0,48.0,0.0,-48.0
0.251,23.48,20.66816107684882,-1.7843439763706777,10.782026637988494,-2.6802361754988486,9.886134438860324,0.0,-0.570603331323996,6.688241933321004,-6.117638601997008,36.083052598952975,-36.47272578966522,-21.935854227233207,-90.18743671478173,1.4451225162339754,1.0,0.0,-1.0,48.0,0.0,-48.0
0.2515,23.52,20.74198850420818,-1.829311195011607,10.737059419347565,-2.5614415294985577,10.004929084860615,0.0,-2.3709782898821024,8.539775622707559,-6.168797332825457,35.880449844930716,-36.06013012259212,-18.352159215953893,-89.61156913164075,3.122436529954126,1.0,0.0,-1.0,48.0,0.0,-48.0
0.252,23.560000000000002,20.815941595273685,-1.8738904048099554,10.692480209549217,-2.4429092286347047,10.123461385724468,0.0,-3.7876201519929804,10.400402206558613,-6.612782054565633,35.52088040018412,-35.487301505647075,-14.765559211480854,-88.64457021379151,4.579867501709003,1.0,0.0,-1.0,48.0,0.0,-48.0
0.2525,23.6,20.890020350045333,-1.9178990379980927,10.64847157636108,-2.3248218406749204,10.241548773684253,0.0,-4.826841783496263,12.242481399224038,-7.415639615727775,35.01483177215843,-34.828409436235084,-11.34328017319672,-87.3368938580129,5.8541070940096,1.0,0.0,-1.0,48.0,0.0,-48.0
0.253,23.64,20.964224768523124,-1.9611761442511328,10.605194470108039,-2.2073403159440876,10.359030298415085,0.0,-6.268134932342175,15.563068630391925,-9.29493369804975,34.35862487961417,-34.108258805497826,-8.185802725080382,-85.7012003687693,7.819110736021173,0.0,1.0,-1.0,0.0,48.0,-48.0
0.2535,23.68,21.038554850707055,-2.003452922172012,10.56291769218716,-2.090733455839278,10.475637158519895,0.0,-9.264073157714726,22.616281798131702,-13.352208640416976,33.34798770738343,-33.12151836982753,-5.309143492157259,-83.23754265900824,11.859252059524367,0.0,1.0,-1.0,0.0,48.0,-48.0
0.254,23.720000000000002,21.11301059659714,-2.0442494496407226,10.522121164718449,-1.975481182480483,10.59088943187869,0.0,-11.703630285550155,29.15632234808423,-17.452692062534076,31.924305425930793,-31.78345866495081,-2.7642870005651043,-79.78882426583966,15.692357867505525,0.0,1.0,-1.0,0.0,48.0,-48.0
0.2545,23.76,21.187592006193356,-2.083087038717825,10.483283575641348,-1.8620621838071654,10.704308430552008,0.0,-13.57845432079479,35.134512151221074,-21.556057830426283,30.12221097117876,-30.0902392858681,-0.5852705572197797,-75.41220951359456,19.27543068866137,0.0,1.0,-1.0,0.0,48.0,-48.0
0.255,23.8,21.262299079495723,-2.119518223072406,10.446852391286766,-1.7509239261502167,10.815446688208956,0.0,-14.886454133698713,40.506348077296366,-25.619893943597653,27.982936746142865,-28.048175877984164,1.2117160234552133,-70.1752976055571,22.568339137756187,0.0,1.0,-1.0,0.0,48.0,-48.0
0.2555,23.84,21.337131816504225,-2.1531317784478072,10.413238835911365,-1.6424776337663123,10.92389298059286,0.0,-15.632066428595692,45.23327601873686,-29.601209590141167,25.54819641469639,-25.6775266130404,2.6100629399704105,-64.15534884475595,25.53350269117717,0.0,1.0,-1.0,0.0,48.0,-48.0
0.256,23.880000000000003,21.412090217218886,-2.183557460272269,10.382813154086904,-1.537093551227191,11.029277063131982,0.0,-15.826599012469465,49.283542815511446,-33.45694380304198,22.85647241887283,-23.011154561316495,3.589053441360704,-57.43906738727053,28.132250011459785,0.0,1.0,-1.0,0.0,48.0,-48.0
0.2565,23.92,21.48717428163968,-2.2104708741433474,10.355899740215825,-1.4350960729353202,11.131274541423853,0.0,-15.488050844923286,52.63275252182811,-37.14470167690482,19.943248362831696,-20.091163332492908,4.131892906590371,-50.12333727278661,30.321468686654377,0.0,1.0,-1.0,0.0,48.0,-48.0
0.257,23.96,21.562384009766618,-2.233598865973227,10.332771748385944,-1.3367583529784999,11.229612261380673,0.0,-14.640352394576936,55.26473507368151,-40.62438267910457,16.844248250019472,-16.965845228494217,4.238147419026119,-42.31642683346907,32.05352852675198,0.0,1.0,-1.0,0.0,48.0,-48.0
0.2575,24.0,21.6377194015997,-2.2527254351254964,10.313645179233676,-1.2422963919931491,11.324074222366024,0.0,-13.312287116177579,57.1729494400546,-43.86066232387702,13.599385468435253,-13.687755051574023,3.933627105621707,-34.13871244215628,33.28009934714571,0.0,1.0,-1.0,0.0,48.0,-48.0
0.258,24.040000000000003,21.713180457138932,-2.2676977094788513,10.298672904880322,-1.151863062100562,11.41450755225861,0.0,-11.536398803947783,58.36220906128041,-46.82581025733263,10.255344941263662,-10.312625806744705,3.2739147439713747,-25.72210118065953,33.95838764817218,0.0,1.0,-1.0,0.0,48.0,-48.0
0.2585,24.080000000000002,21.7887671763843,-2.2784312266889635,10.287939387670209,-1.0655428256450805,11.500827788714092,0.0,-9.348080387220868,58.850274304218374,-49.502193916997506,6.86588773637655,-6.898511305990727,2.3411996356633122,-17.20782526992012,34.05756754893628,0.0,1.0,-1.0,0.0,48.0,-48.0
0.259,24.12,21.864479559335813,-2.2849137361548983,10.281456878204274,-0.9833479332276345,11.583022681131538,0.0,-6.78491180725657,58.66885902881259,-51.88394722155602,3.490133236176185,-3.5047195017187067,1.23626163879891,-8.742795585337676,33.5636663742309,0.0,1.0,-1.0,0.0,48.0,-48.0
0.2595,24.16,21.940317605993467,-2.2872069187258997,10.279163695633272,-0.905216703998978,11.661153910360195,0.0,-3.8862345957203246,57.863760543364954,-53.97752594764463,0.18966260909908747,-0.19041462905809237,0.0680717539308411,-0.47501548274127314,32.48215125079246,0.0,1.0,-1.0,0.0,48.0,-48.0
0.26,24.200000000000003,22.016281316357276,-2.2854440737454325,10.28092654061374,-0.8310158386156369,11.735354775743536,0.0,-3.455780880933162,56.49376807502335,-53.037987194090185,-2.986485110352316,2.9988201195265183,-1.0611010618100725,7.4808308069567,31.549163066919263,-1.0,1.0,0.0,-48.0,0.0,48.0
0.2605,24.240000000000002,22.09237069042722,-2.2797303875366457,10.286640226822527,-0.7606401507544801,11.805730463604693,0.0,-7.983675399504612,54.61412656500459,-46.63045116549998,-6.133492808556441,6.161957656120871,-2.1076863488163915,15.370721677889646,31.47413156435411,-1.0,1.0,0.0,-48.0,0.0,48.0
0.261,24.28,22.168585728203304,-2.270087922672818,10.296282691686354,-0.694067577842223,11.87230303651695,0.0,-11.733836883555952,52.26834726262562,-40.534510379069665,-9.240879365982266,9.290894712364334,-2.9946570865049638,23.17399863982578,30.872429580304562,-1.0,1.0,0.0,-48.0,0.0,48.0
0.2615,24.32,22.24492642968554,-2.2565908717500673,10.309779742609106,-0.6312239272827402,11.935146687076433,0.0,-14.756894787314657,49.50909303515088,-34.752198247836226,-12.26035040788387,12.337483248144494,-3.6407244856390717,30.77119234599143,29.84172585002404,-1.0,1.0,0.0,-48.0,0.0,48.0
0.262,24.360000000000003,22.321392794873915,-2.2393670750975136,10.327003539261659,-0.5719813587469162,11.994389255612257,0.0,-17.10332182107939,46.39696192553035,-29.293640104450958,-15.15565147963177,15.262572576117968,-3.984069396708555,38.06709131689992,28.477533767890442,-1.0,1.0,0.0,-48.0,0.0,48.0
0.2625,24.400000000000002,22.397984823768436,-2.2185861352228007,10.347784479136372,-0.5161702697271093,12.050200344632064,0.0,-18.822806531522918,42.99708777309431,-24.17428124157139,-17.902253800696872,18.035271821869642,-3.9855941458986868,44.989554850253725,26.86809645319662,-1.0,1.0,0.0,-48.0,0.0,48.0
0.263,24.44,22.474702516369096,-2.1944484318018804,10.371922182557292,-0.4635902805473689,12.102780333811804,0.0,-19.963914076341165,39.3760402292041,-19.412126152862935,-20.485695794239184,20.63191843995059,-3.628558778087712,51.48713122268291,25.09007457210216,-1.0,1.0,0.0,-48.0,0.0,48.0
0.2635,24.48,22.551545872675902,-2.1671755673012942,10.399195047057878,-0.41401978874114903,12.152350825618024,0.0,-20.57395743039857,35.59931533973261,-15.025357909334044,-22.898612860025796,23.03512677205537,-2.9141674638894446,57.52578546197511,23.205875877723393,-1.0,1.0,0.0,-48.0,0.0,48.0
0.264,24.520000000000003,22.62851489268885,-2.137002569681604,10.429368044677569,-0.3672237663478897,12.199146848011283,0.0,-20.69894600551524,31.729626735042554,-11.030680729527313,-25.13699410847471,25.233401172494492,-1.853480577033838,63.08524046686282,21.263307024078863,-1.0,1.0,0.0,-48.0,0.0,48.0
0.2645,24.560000000000002,22.705609576407948,-2.1041718950931543,10.462198719266018,-0.3229597572172432,12.24341085714193,0.0,-20.38342614628805,27.82604027989255,-7.4426141336045015,-27.19669784628388,27.221701090458893,-0.4572825326344786,68.1555350576334,19.297587632922152,-1.0,1.0,0.0,-48.0,0.0,48.0
0.265,24.6,22.78282992383318,-2.068928988589663,10.49744162576951,-0.2809823162955021,12.28538829806367,0.0,-19.670030039209507,23.943772019606392,-4.273741980396886,-29.071421661963562,29.002911431311045,1.2731104070970016,72.73429399725107,17.334792460412945,-1.0,1.0,0.0,-48.0,0.0,48.0
0.2655,24.64,22.860175934964563,-2.031518991560315,10.534851622798858,-0.24104630219346793,12.325324312165705,0.0,-18.598664013273375,20.13427139246387,-1.5356073791904958,-30.752919057686263,30.589408009502264,3.3502886270420635,76.82485640854817,15.394938291218498,-1.0,1.0,0.0,-48.0,0.0,48.0
0.266,24.680000000000003,22.93764760980209,-1.9921843679750273,10.574186246384144,-0.20290925094122564,12.363461363417947,0.0,-16.825349627165824,16.825349627165824,0.0,-32.23235777888045,32.00212634988193,5.7968478257991745,80.43254798730084,13.436944130598711,-1.0,1.0,0.0,-48.0,18.088036459701563,29.911963540298437
0.2665,24.720000000000002,23.015244948345757,-1.9511713023016777,10.615199312057495,-0.16632497807091132,12.400045636288262,0.0,-14.222226342285758,14.222226342285758,0.0,-33.49152281612261,33.25509706660849,8.628161022375087,83.53332824867398,11.36415315248476,-1.0,1.0,0.0,-48.0,15.253626102867852,32.74637389713215
0.267,24.76,23.09296795059557,-1.9087580139062286,10.657612600452945,-0.13101526421654922,12.435355350142624,0.0,-10.196341051440784,7.198768016688488,2.997573034752296,-34.45352676080081,34.295257981611286,11.806160447941032,85.94297985543608,7.372019737139741,-1.0,0.0,1.0,0.0,-48.0,48.0
0.2675,24.8,23.17081661655152,-1.865420102133536,10.700950512225637,-0.09650451003329023,12.469866104325883,0.0,-5.968798086104437,-0.34505444183229844,6.313852527936735,-34.9495403090818,34.95338934208703,15.15915152904997,87.23068179584317,3.3504102942193414,-1.0,0.0,1.0,-48.0,0.0,48.0
0.268,24.840000000000003,23.248790946213624,-1.821623605484666,10.744747008874507,-0.062326677020055274,12.504043937339118,0.0,-4.085995443137465,-2.6240227451476135,6.710018188285079,-35.18980593234071,35.403535073738816,18.583147575725313,87.89895778080928,1.997509049639155,-1.0,0.0,1.0,-48.0,0.0,48.0
0.2685,24.880000000000003,23.326890939581865,-1.7775774770905561,10.788793137268616,-0.028272812045923735,12.53809780231325,0.0,-2.092796434235483,-4.611598670050904,6.704395104286387,-35.295870035107995,35.70197210082586,21.960629076644615,88.22900182769801,0.6398875289681885,-1.0,0.0,1.0,-48.0,0.0,48.0
0.269,24.92,23.40511659665625,-1.7334516164556621,10.83291899790351,0.005826984393566058,12.572197598752739,0.0,-0.030080090792182546,-6.30543217033681,6.335512261128993,-35.27198928744508,35.76351207520417,25.111702052727868,88.2169088356323,-0.7407640953721959,-1.0,0.0,1.0,-48.0,0.0,48.0
0.2695,24.96,23.483467917436776,-1.689418531487407,10.876952082871766,0.040145220205837835,12.60651583456501,0.0,2.0484612387911243,-7.702947691592925,5.654486452801801,-35.11758661708666,35.486707085660456,27.858147470227923,87.85722148010967,-2.137169179481335,-1.0,0.0,1.0,-48.0,0.0,48.0
0.27,25.0,23.561944901923447,-1.6456523863771544,10.920718227982018,0.07485605958225555,12.641226673941429,0.0,4.077509024201792,-8.79955812820304,4.722049104001249,-34.83083837449223,34.77634339603525,30.05509191997472,87.1500088461437,-3.512540012030324,-1.0,0.0,1.0,-48.0,0.0,48.0
0.2705,25.0,23.640484718263195,-1.602324466803682,10.964046147555491,0.11006795634853134,12.676438570707704,0.0,5.984774223590154,-9.588325834511393,3.603551610921238,-34.413458450975284,33.56824844125201,31.616939523012437,86.10770012996174,-4.806617861762813,-1.0,0.0,1.0,-48.0,0.0,48.0
0.271,25.0,23.719024534602937,-1.5595958027207975,11.006774811638374,0.14587910860538983,12.712249722964563,0.0,7.698249110860965,-10.061350344732167,2.363101233871202,-33.874520081017096,31.848427672958348,32.52986500580673,84.75926071584495,-5.95027982132767,-1.0,0.0,1.0,-48.0,0.0,48.0
0.2715,25.0,23.797564350942682,-1.5176087173837989,11.048761896975373,0.18243183960813653,12.74880245396731,0.0,9.154261618793532,-10.212493615226709,1.0582319964331768,-33.23165004743166,29.659972061227784,32.84761827432967,83.15017601756934,-6.88336598440896,-1.0,0.0,1.0,-48.0,0.0,48.0
0.272,25.0,23.876104167282428,-1.4764794600655289,11.089891154293644,0.21984239862961047,12.786213012988783,0.0,10.304273623231035,-10.04053134955153,-0.2637422736795039,-32.509226320308265,27.09577361513787,32.673349773157746,81.33827649574557,-7.569096590056762,-1.0,0.0,1.0,-48.0,0.0,48.0
0.2725,25.0,23.954643983622173,-1.436293675620459,11.130076938738714,0.2581964305242858,12.824567044883459,0.0,11.118879577501685,-9.551697094604659,-1.5671824828970267,-31.734541677188187,24.280458843143556,32.134580850247026,79.38690207349394,-8.000474526129576,-1.0,0.0,1.0,-48.0,0.0,48.0
0.273,25.0,24.03318379996192,-1.3971055038582534,11.16926511050092,0.2975480751018255,12.863918689460998,0.0,11.588467223923473,-8.760889655638179,-2.8275775682852946,-30.93355182696721,21.348213851389524,31.35926918502107,77.35758558996332,-8.197936357918126,-1.0,0.0,1.0,-48.0,0.0,48.0
0.2735,25.0,24.11172361630166,-1.3589411138763539,11.207429500482819,0.33792350145966793,12.904294115818841,0.0,12.649176456366948,-9.54799563817892,-3.101180818188029,-30.11998381725992,18.418452320226397,30.45076266338642,75.28507370718458,-8.650926160834757,0.0,-1.0,1.0,0.0,-48.0,48.0
0.274,25.0,24.19026343264141,-1.3218612619495962,11.244509352409576,0.37938346587265975,12.945754080231833,0.0,15.117636780454792,-13.549761570144568,-1.5678752103102243,-29.22253319626833,15.551272544534338,29.407629257963208,72.99608202581923,-9.570365302855535,0.0,-1.0,1.0,0.0,-48.0,48.0
0.2745,25.0,24.268803248981154,-1.2859724894627238,11.280398124896449,0.4220345097255324,12.988405124084705,0.0,17.09715859061514,-16.9790425933829,-0.11811599723223991,-28.258231270848093,12.850342527005775,28.29752006214035,70.5416126728955,-9.989342995353093,0.0,-1.0,1.0,0.0,-48.0,48.0
0.275,25.0,24.347343065320896,-1.2513280941770395,11.315042520182132,0.4659299307795907,13.032300545138764,0.0,18.625195230964575,-19.89641847257446,1.2712232416098834,-27.269123323192854,10.392319652893688,27.192375152497267,68.0357435251391,-9.99614425977024,0.0,-1.0,1.0,0.0,-48.0,48.0
0.2755,25.0,24.42588288166064,-1.2179297993454785,11.348440815013694,0.5110714522877742,13.077442066646947,0.0,19.747373848986133,-22.36334171237255,2.6159678633864165,-26.28935152581449,8.20915235275109,26.138706284491374,65.57089706226726,-9.674287600916228,0.0,-1.0,1.0,0.0,-48.0,48.0
0.276,25.0,24.50442269800039,-1.1857381304426433,11.380632483916528,0.5574195997246884,13.123790214083861,0.0,20.512657410531084,-24.438455969352002,3.925798558820918,-25.346537229932252,6.299099771223227,25.164477221510513,63.219898084064326,-9.09641515037076,0.0,-1.0,1.0,0.0,-48.0,48.0
0.2765,25.0,24.58296251434013,-1.1546814767756763,11.411689137583496,0.604902762397463,13.171273376756636,0.0,20.970030107219976,-26.1751644487069,5.205134341486927,-24.463099757217616,4.638370579134275,24.285623573468424,61.03899956122325,-8.322418805889047,0.0,-1.0,1.0,0.0,-48.0,48.0
0.277,25.0,24.661502330679877,-1.124663587062371,11.441707027296802,0.6534246890239017,13.219795303383075,0.0,21.16647957030608,-27.620328279264296,6.453848708958215,-23.65728982524184,3.1909384588553404,23.511033585829942,59.071009643473424,-7.400240124749958,0.0,-1.0,1.0,0.0,-48.0,48.0
0.2775,25.0,24.740042147019622,-1.0955695839990396,11.470801030360132,0.7028705023003172,13.26924111665949,0.0,21.145924509848697,-28.813828343090172,7.667903833241477,-22.943921974764578,1.9156372443350858,22.84580973170968,57.34803688069737,-6.367921774001777,0.0,-1.0,1.0,0.0,-48.0,48.0
0.278,25.0,24.818581963359367,-1.0672707441482496,11.499099870210923,0.7531114787892713,13.319482093148444,0.0,20.948750068687573,-29.788698427356163,8.839948358668588,-22.33488195123958,0.7706252510024172,22.293116891057505,55.89367234369997,-5.2559398698228055,0.0,-1.0,1.0,0.0,-48.0,48.0
0.2785,25.0,24.897121779699113,-1.0396283293965973,11.526742284962575,0.8040088803773648,13.370379494736538,0.0,20.61168811144887,-30.571580134565068,9.959892023116199,-21.839497686954285,-0.28423260114584153,21.855056027524913,54.72461120598952,-4.089302271253575,0.0,-1.0,1.0,0.0,-48.0,48.0
0.279,25.0,24.975661596038854,-1.012496730437387,11.553873883921785,0.8554170977578965,13.42178771211707,0.0,20.167865334410706,-31.183317655377206,11.015452320966498,-21.46483738720584,-1.2864082975746067,21.532955633801315,53.85180057315939,-2.8892297658164647,0.0,-1.0,1.0,0.0,-48.0,48.0
0.2795,25.0,25.054201412378603,-0.9857261325858764,11.580644481773296,0.9071863162461339,13.473556930605307,0.0,19.64691397937755,-31.639577348260563,11.992663368883012,-21.215963107909037,-2.270593286545802,21.327365350650897,53.281219345111545,-1.6744300929231457,0.0,-1.0,1.0,0.0,-48.0,48.0
0.28,25.0,25.132741228718345,-0.9591648642157594,11.607205750143413,0.9591648642157593,13.525535478574932,0.0,19.075090842135204,-31.95143168034198,12.876340838206778,-21.096136251527554,-3.2689624882605925,21.23792878166748,53.01438083936299,-0.4620609300446734,1.0,-1.0,0.0,48.0,0.0,-48.0
0.2805,25.0,25.21128104505809,-0.9327997042728903,11.633570910086283,1.0113395206126348,13.577710134971808,0.0,26.626135047179844,-32.12852587334602,5.5023908261661765,-20.77908241028971,-4.239086379680029,20.932911634624848,52.22463857432065,-5.7806048118653655,1.0,-1.0,0.0,48.0,0.0,-48.0
0.281,25.0,25.289820861397835,-0.9071516906136919,11.659218923745481,1.0642313232931815,13.630601937652354,0.0,32.96427700611931,-32.757919122137196,-0.20635788398211627,-19.975336130018547,-5.058724077392144,20.11911527607766,50.181120234261776,-9.90234923070821,1.0,-1.0,0.0,48.0,-48.0,0.0
0.2815,25.0,25.36836067773757,-0.8826991547656942,11.683671459593478,1.1183186037849189,13.684689218144092,0.0,36.52490710383774,-35.420024391407175,-1.1048827124305687,-18.96558093831854,-5.719118971146277,19.082379126937163,47.59408121379847,-10.741430998529776,1.0,-1.0,0.0,48.0,-48.0,0.0
0.282,25.0,25.44690049407732,-0.8595861649041655,11.706784449455007,1.1737454302631387,13.740116044622312,0.0,39.63780240713792,-37.84167797565794,-1.7961244314799836,-17.894193649397387,-6.232131326673262,17.973681694270873,44.83546656055478,-11.279801749705781,1.0,-1.0,0.0,48.0,-48.0,0.0
0.2825,25.0,25.525440310417064,-0.837880323256468,11.728490291102705,1.230579404955186,13.796950019314359,0.0,42.33224320031551,-40.05612935172812,-2.276113848587396,-16.785522666022608,-6.594861006862865,16.823367201218584,41.976796858965756,-11.546762914997164,1.0,-1.0,0.0,48.0,-48.0,0.0
0.283,25.0,25.60398012675681,-0.8176153026592897,11.748755311699883,1.2888542006977537,13.855224815056927,0.0,44.639752925948315,-42.09399825995904,-2.54575466598928,-15.661352056369678,-6.812069742098556,15.658412012444517,39.08228118675579,-11.57133350772613,1.0,-1.0,0.0,48.0,-48.0,0.0
0.2835,25.0,25.68251994309655,-0.7987944657123015,11.76757614864687,1.3485731800905074,13.91494379444968,0.0,46.59308907966385,-43.98267688738712,-2.610412192276725,-14.541539865910652,-6.895475548799475,14.50246751946689,36.20899645532818,-11.38145896474862,1.0,-1.0,0.0,48.0,-48.0,0.0
0.284,25.0,25.761059759436296,-0.7813943543057328,11.78497626005344,1.409712885023683,13.976083499382856,0.0,48.22542591146429,-45.74591339519455,-2.4795125162697444,-13.444385215512876,-6.8623826480878245,13.376062572633291,33.407208429184635,-11.003653782634066,1.0,-1.0,0.0,48.0,-48.0,0.0
0.2845,25.0,25.83959957577604,-0.7653680035036837,11.80100261085549,1.4722263505613795,14.038596964920552,0.0,49.56972026734829,-47.403601338941854,-2.166118928406436,-12.386735975516928,-6.7339578644548,12.296862852838636,30.720740417649107,-10.462952595143701,1.0,-1.0,0.0,48.0,-48.0,0.0
0.285,25.0,25.918139392115787,-0.7506480720898644,11.815722542269308,1.5360462354873063,14.10241684984648,0.0,50.65823532261902,-48.97176977604458,-1.6864655465744374,-11.383911948810386,-6.533454778978601,11.279922412975884,28.187331308343825,-9.78302076977261,1.0,-1.0,0.0,48.0,-48.0,0.0
0.2855,25.0,25.996679208455532,-0.737149802324702,11.829220812034471,1.6010877820618883,14.167458396421061,0.0,51.52219085251365,-50.46274654417157,-1.0594443083420821,-10.449537227999262,-6.284611617989901,10.337898544340842,25.838959139740233,-8.986302996630622,1.0,-1.0,0.0,48.0,-48.0,0.0
0.286,25.0,26.075219024795274,-0.7247738267163741,11.841596787642798,1.667251622793303,14.233622237152476,0.0,52.191509895504396,-51.88545468648131,-0.30605520902308814,-9.595362919180694,-6.010354843743591,9.48122605691233,23.70213101447246,-8.094135643674615,1.0,-1.0,0.0,48.0,-48.0,0.0
0.2865,25.0,26.15375884113502,-0.7134121243215769,11.852958490037595,1.7344297367382508,14.300800351097424,0.0,52.970135992221216,-52.970135992221216,0.0,-8.818370796844526,-5.723515438308807,8.70566159507608,21.766652283510794,-7.531470943838231,1.0,-1.0,0.0,48.0,-39.976604712652744,-8.023395287347252
0.287,25.0,26.232298657474765,-0.7030225375423831,11.86334807681679,1.802579966298802,14.368950580657975,0.0,53.45874471255299,-48.635233654287724,-4.82351105826527,-7.9672721959913435,-5.334450042991973,7.860811806601243,19.656787098062033,-10.398182458776162,1.0,0.0,-1.0,0.0,48.0,-48.0
0.2875,25.0,26.310838473814513,-0.6939330741017874,11.872437540257385,1.8720303191979553,14.438400933557128,0.0,53.615582199268815,-42.13997571120592,-11.475606488062892,-6.69993450970395,-4.6048508732085525,6.608402043653737,16.526660932667887,-14.582982481083146,1.0,0.0,-1.0,0.0,48.0,-48.0
0.288,25.0,26.38937829015426,-0.686662452825679,11.879708161533493,1.9432995142615925,14.509670128620765,0.0,53.563420206963315,-36.17556126521944,-17.387858941743872,-5.026033077086999,-3.5251218967358415,4.956957555426278,12.39753653983747,-18.38100146437035,1.0,0.0,-1.0,0.0,48.0,-48.0
0.2885,25.0,26.467918106493997,-0.6816848758410485,11.884685738518124,2.0168617536166997,14.583232367975873,0.0,53.27000088457429,-30.744796772504937,-22.52520411206935,-2.9887405514060683,-2.1248261090354004,2.9477604118735576,7.372797335419429,-21.73961423012176,1.0,0.0,-1.0,0.0,48.0,-48.0
0.289,25.0,26.546457922833746,-0.679419693345616,11.886950921013556,2.093136387461017,14.65950700182019,0.0,52.71055841690366,-25.845825426749325,-26.864732990154334,-0.6356588839442168,-0.4546752431929231,0.6269682303081104,1.5681740635692967,-24.61321913883809,1.0,0.0,-1.0,0.0,48.0,-48.0
0.2895,25.0,26.62499773917349,-0.6802257311754422,11.88614488318373,2.1724822416305876,14.73885285598976,0.0,51.866845355765,-21.47006904027361,-30.39677631549139,1.9823564951908346,1.4148858918798979,-1.9552223538748374,-4.890371490320582,-26.96591389674284,1.0,0.0,-1.0,0.0,48.0,-48.0
0.29,25.0,26.703537555513236,-0.6843968192928098,11.881973795066363,2.2551931460877,14.821563760446873,0.0,50.72617157242236,-17.600517088888328,-33.125654483534035,4.811749639771656,3.3958228115388214,-4.74564500562041,-11.869288285519186,-28.773081326166874,1.0,0.0,-1.0,0.0,48.0,-48.0
0.2905,25.0,26.78207737185298,-0.6921587240696052,11.874211890289567,2.3414948672042413,14.907865481563414,0.0,49.280554563342555,-14.210453451752322,-35.07010111159023,7.7961490671523235,5.385135995099215,-7.689379344960936,-19.230382030853225,-30.022317564201643,1.0,0.0,-1.0,0.0,48.0,-48.0
0.291,25.0,26.860617188192723,-0.7036676049323026,11.86270300942687,2.4315435644066805,14.997914178765853,0.0,47.52605229312525,-11.262690785883539,-36.26336150724171,10.87607867800106,7.268254132255006,-10.731065514575295,-26.833957002638194,-30.714124390298583,1.0,0.0,-1.0,0.0,48.0,-48.0
0.2915,25.0,26.93915700453247,-0.7190100834534021,11.847360530905771,2.5254258592675245,15.091796473626697,0.0,45.46229605527455,-8.709396715314671,-36.752899339959875,13.989398603650644,8.923965852579244,-13.816285549087752,-34.54212032657121,-30.862505371104458,1.0,0.0,-1.0,0.0,48.0,-48.0
0.292,25.0,27.017696820872214,-0.7382049962571117,11.82816561810206,2.6231605884109803,15.189531202770153,0.0,43.09218426823735,-6.492635029527531,-36.59954923870981,17.073409259232932,10.231837134926058,-16.892939617264457,-42.22219673119576,-30.495165781948906,1.0,0.0,-1.0,0.0,48.0,-48.0
0.2925,25.0,27.09623663721196,-0.7612068494402293,11.805163764918943,2.7247022579338434,15.291072872293016,0.0,40.42167203578623,-4.545781134873619,-35.87589090091261,20.069023446462364,11.082670886297052,-19.912443369594747,-49.75007494493608,-29.65263339047098,1.0,0.0,-1.0,0.0,48.0,-48.0
0.293,25.0,27.174776453551704,-0.7879108566585982,11.778459757700574,2.8299460814919573,15.39631669585113,0.0,37.459622522260354,-2.7959577318152267,-34.663664790445125,22.926352120966865,11.39142943853406,-22.83045231978445,-57.01312006813663,-28.38556608271739,1.0,0.0,-1.0,0.0,48.0,-48.0
0.2935,25.0,27.253316269891453,-0.8181570083078384,11.748213606051333,2.938732049480947,15.50510266384012,0.0,32.36132104188129,-0.23907065622249132,-32.1222503856588,25.5938729013364,11.103457427198492,-25.590840431215224,-63.872339096357884,-25.795711164376023,0.0,1.0,-1.0,-48.0,48.0,0.0
0.294,25.0,27.3318560862312,-0.8516072922168239,11.714763322142348,3.0507221497296775,15.61709276408885,0.0,23.54815824459411,4.00828113694213,-27.55643938153624,27.84827117261105,10.15365320021824,-27.95123888215519,-69.73034253946813,-21.0340399815084,0.0,1.0,-1.0,-48.0,48.0,0.0
0.2945,25.0,27.410395902570936,-0.887685063905394,11.678685550453778,-3.1178455694216014,15.731710352117158,0.0,14.897680567639211,8.11108616996515,-23.00876673760436,29.629620600912858,8.640064180703346,-29.820345419631398,-74.37521360134802,-16.10243845954934,0.0,1.0,-1.0,-48.0,48.0,0.0
0.295,25.0,27.488935718910685,-0.9257745823189069,11.640596032040266,-3.00121623466834,15.84833968687042,0.0,6.453467858285924,12.135571885328007,-18.58903974361393,30.946297301765192,6.726005930891798,-31.176400894459583,-77.77309124560175,-11.06904978248523,0.0,1.0,-1.0,-48.0,48.0,0.0
0.2955,25.0,27.56747553525043,-0.9652479968360035,11.601122617523169,-2.8832030038114977,15.966352917727262,0.0,-0.5329788542437406,15.525548402479922,-14.992569548236181,31.808146640576034,4.575734095264677,-32.013236431279026,-79.92496693926961,-6.681871832198192,0.0,1.0,-1.0,0.0,48.0,-48.0
0.296,25.0,27.646015351590176,-1.005588484689098,11.560782129670075,-2.7643226996186607,16.0852332219201,0.0,-3.056799604742535,16.822748323722188,-13.765948718979653,32.419010281225944,2.3337722852577993,-32.54069916685207,-81.35734079358154,-4.770505503385665,0.0,1.0,-1.0,0.0,48.0,-48.0
0.2965,25.0,27.72455516792992,-1.0465248930126043,11.519845721346568,-2.6448464749554086,16.20470944658335,0.0,-5.626256491301408,18.2976619652949,-12.671405473993492,32.85776494701493,0.037984078500989366,-32.85984751675205,-82.30707286454715,-2.8212552107907682,0.0,1.0,-1.0,0.0,48.0,-48.0
0.297,25.0,27.803094984269663,-1.0878135786306493,11.478557035728523,-2.5250179729976177,16.324537948541142,0.0,-8.209137182413677,19.946001718539453,-11.736864536125776,33.102329803677655,-2.3169653032200914,-32.98122775106422,-82.76492654539832,-0.8353833549977594,0.0,1.0,-1.0,0.0,48.0,-48.0
0.2975,25.0,27.881634800609408,-1.1292062845606843,11.437164329798488,-2.4050854507278396,16.44447047081092,0.0,-10.774229889962847,21.76274790865344,-10.988518018690595,33.133434591954135,-4.739376651073588,-32.92107498466739,-82.72154100718662,1.1892340710505556,0.0,1.0,-1.0,0.0,48.0,-48.0
0.298,25.0,27.960174616949153,-1.1704498927795162,11.395920721579657,-2.285302026169263,16.564253895369497,0.0,-13.29156844326377,23.741487193701218,-10.449918750437448,32.93839670527091,-7.2203195091779895,-32.69536522543173,-82.16676510113655,3.256306451033959,0.0,1.0,-1.0,0.0,48.0,-48.0
0.2985,25.0,28.0387144332889,-1.2112860043630564,11.355084609996116,-2.1659260982459765,16.683629823292783,0.0,-15.731478035143228,25.872190693132406,-10.140712657989178,32.51217130390614,-9.717389963601656,-32.31239678240812,-81.08973325244247,5.366942600536954,0.0,1.0,-1.0,0.0,48.0,-48.0
0.299,25.0,28.117254249628648,-1.2514508659323114,11.314919748426862,-2.0472214203369754,16.802334501201784,0.0,-18.062614691633016,28.13821519406163,-10.075600502428616,31.856100396765797,-12.148629487845932,-31.76685836023731,-79.48025762915485,7.513501612161974,0.0,1.0,-1.0,0.0,48.0,-48.0
0.2995,25.0,28.195794065968386,-1.2906763916806125,11.27569422267856,-1.9294560782489334,16.920099843289826,0.0,-20.24973071659363,30.51366715161475,-10.263936435021122,30.97575367141161,-14.39945047981384,-31.038408851998742,-77.33182458558049,9.673306665199163,0.0,1.0,-1.0,0.0,48.0,-48.0
0.3,25.0,28.27433388230813,-1.3286930390932843,11.237677575265888,-1.8128996144965164,17.036656307042243,0.0,-22.252194335047456,32.962209951154406,-10.710015616106949,29.879356690405114,-16.340914501575703,-30.09639081226373,-74.64591039283965,11.80481403536638,0.0,1.0,-1.0,0.0,48.0,-48.0
0.3005,25.0,28.35287369864788,-1.3650959384984,11.201274675860773,-1.697956898751653,17.151599022787106,0.0,-32.16936262510103,35.42999325737738,-3.2606306322763543,28.245929969242383,-17.638315592292223,-28.573928320845287,-70.60741266504952,20.40026515680211,-1.0,1.0,0.0,-48.0,0.0,48.0
0.301,25.0,28.431413514987625,-1.3989639567250476,11.167406657634125,-1.585549064185259,17.2640068573535,0.0,-39.69107484409747,39.26175464333401,0.42932020076346544,25.829043464169004,-17.921192867965516,-26.18587480234195,-64.59369419972387,26.93826574205218,-1.0,1.0,0.0,-48.0,48.0,0.0
0.3015,25.0,28.50995333132737,-1.4294768315332316,11.136893782825942,-1.4764963730373288,17.37305954850143,0.0,-44.962693732945326,44.09846563144422,0.8642281015011064,22.89194279148245,-17.228382605888036,-23.193851080746537,-57.263791113413596,31.59192560652708,-1.0,1.0,0.0,-48.0,48.0,0.0
0.302,25.0,28.588493147667112,-1.4560483089802565,11.110322305378915,-1.3713850792505624,17.478170842288197,0.0,-49.27793786746757,48.488832129492835,0.7891057379747353,19.528973641388827,-15.621884929458684,-19.720978317060386,-48.85841514826938,35.5188852828863,-1.0,1.0,0.0,-48.0,48.0,0.0
0.3025,25.0,28.667032964006857,-1.4781887190213439,11.08818189533783,-1.2707048528697313,17.578851068669028,0.0,-52.58349183245843,52.36702850298438,0.21646332947404304,15.817095047483264,-13.225694175856002,-15.8890869499454,-39.57462394338206,38.60422777410444,-1.0,1.0,0.0,-48.0,48.0,0.0
0.303,25.0,28.745572780346603,-1.495509198430551,11.070861415928622,-1.1748445571207788,17.67471136441798,0.0,-55.26991678203048,55.26991678203048,0.0,11.830225745473493,-10.200779045846774,-11.813725922264405,-29.600312890248606,41.13645034616927,-1.0,1.0,0.0,-48.0,36.62844927207776,11.371550727922234
0.3035,25.0,28.824112596686348,-1.5076954332106483,11.058675181148525,-1.0841185060009344,17.765437415537825,0.0,-57.25169964765078,57.25169964765078,0.0,7.620274748587912,-6.701121241934205,-7.569790455266756,-19.06686357692664,43.00257661551931,-1.0,1.0,0.0,-48.0,32.02936720859361,15.970632791406388
0.304,25.0,28.902652413026093,-1.5145143986324945,11.051856215726678,-0.9987597242393427,17.850796197299417,0.0,-58.42548586689288,58.42548586689288,0.0,3.2625797377013237,-2.898789506896569,-3.230116574609518,-8.163411993249504,44.09687910136576,-1.0,1.0,0.0,-48.0,27.412011690011894,20.587988309988106
0.3045,25.0,28.981192229365835,-1.5158291642861532,11.05054145007302,-0.9189051422459442,17.930650779292815,0.0,-58.816872055775825,58.816872055775825,0.0,-1.1663309399945734,1.0382854359919085,1.1539385905433517,2.9183184624237737,44.432655650189176,-1.0,1.0,0.0,-48.0,22.782038657455313,25.217961342544683
0.305,25.0,29.05973204570558,-1.5115974364511409,11.054773177908032,-0.8445970537412116,18.004958867797548,0.0,-58.47025365659455,58.47025365659455,0.0,-5.59212644220356,4.947006059765199,5.544638279238723,13.992225860858774,44.04058059371209,-1.0,1.0,0.0,-48.0,18.132801529542096,29.8671984704579
0.3055,25.0,29.138271862045325,-1.501867766266275,11.064502848092898,-0.7757869075863304,18.07376901395243,0.0,-57.44709088990049,57.44709088990049,0.0,-9.94424079679639,8.66467730794142,9.904345743669033,24.881584472307374,42.96463558883845,-1.0,1.0,0.0,-48.0,13.455872511903479,34.54412748809652
0.306,25.0,29.216811678385074,-1.486774054555017,11.079596559804155,-0.7123408029578407,18.13721511858092,0.0,-55.82457484088598,55.82457484088598,0.0,-14.15724444434788,12.024548096578847,14.182939775288082,35.42226199031293,41.26183239142719,-1.0,1.0,0.0,-48.0,8.750712050827396,39.249287949172604
0.3065,25.0,29.29535149472482,-1.4665283951561392,11.099842219203033,-0.6540466460169732,18.195509275521786,0.0,-53.69449122984946,53.69449122984946,0.0,-18.17243173456182,14.855418564971073,18.311244234858897,45.46627793718802,39.00503183258223,-1.0,1.0,0.0,-48.0,4.030249180345731,43.96975081965427
0.307,25.0,29.373891311064558,-1.4414221659377977,11.124948448421375,-0.6006130588955763,18.248942862643183,0.0,-49.36120832034072,47.457325699748566,1.90388262059216,-21.90314256316182,16.96099288187774,22.166985354402506,54.794377507445425,35.19142605866622,-1.0,0.0,1.0,0.0,-48.0,48.0
0.3075,25.0,29.452431127404306,-1.4119206397073885,11.154449974651785,-0.5515747687862393,18.29798115275252,0.0,-43.78957460692073,39.618374142938904,4.171200463981826,-25.196554494000893,18.123852171228652,25.547101106411866,63.01997143286566,30.59262000976499,-1.0,0.0,1.0,0.0,-48.0,48.0
0.308,25.0,29.53097094374405,-1.3785952962901469,11.187775318069026,-0.5063602958637333,18.343195625675026,0.0,-38.024428471648505,32.224883956821486,5.799544514827018,-28.03308987103326,18.292555199437004,28.391252667965723,70.08858757031375,25.968193767204323,-1.0,0.0,1.0,0.0,-48.0,48.0
0.3085,25.0,29.609510760083797,-1.3420222494676812,11.22434836489149,-0.46439352634645276,18.385162395192307,0.0,-32.216456063545095,25.353708259257488,6.862747804287605,-30.421321393378403,17.508136164354536,30.695223142609972,76.01745203171471,21.503179494641014,-1.0,0.0,1.0,0.0,-48.0,48.0
0.309,25.0,29.688050576423542,-1.3027580563159664,11.263612558043206,-0.4251179031584236,18.424438018380336,0.0,-26.498494785503283,19.06719747483435,7.431297310668932,-32.384383162669,15.897852537478542,32.50363884996579,80.86609192354632,17.347309270548095,-1.0,0.0,1.0,0.0,-48.0,48.0
0.3095,25.0,29.766590392763288,-1.2613211932650812,11.305049421094091,-0.3880149498695652,18.461540971669194,0.0,-20.978578684441064,13.407131030047989,7.571447654393075,-33.953584173596724,13.654574542700807,33.895766098653475,84.72507195137639,13.596997906838961,-1.0,0.0,1.0,0.0,-48.0,48.0
0.31,25.0,29.845130209103033,-1.2181800625585844,11.348190551800588,-0.3526162642363147,18.496939657302445,0.0,-15.737063770120571,8.391765453397237,7.345298316723334,-35.162200156167984,10.997596030251723,34.96129974633946,87.70166409934296,10.289886948410276,-1.0,0.0,1.0,0.0,-48.0,48.0
0.3105,25.0,29.923670025442775,-1.173748182815159,11.392622431544014,-0.3185083276399972,18.531047593898762,0.0,-10.828392129249519,4.0169198219774325,6.811472307272087,-36.0421994950972,8.126746505274864,35.77682512301866,89.90608038483879,7.414586523769175,-1.0,0.0,1.0,0.0,-48.0,48.0
0.311,25.0,30.00220984178252,-1.1283853985047774,11.437985215854395,-0.2853312956106329,18.564224625928126,0.0,-6.286384257363818,0.2608330266956672,6.025551230668151,-36.62533069267428,5.184755290692007,36.39203449840291,91.44159802510578,4.930746352845871,-1.0,0.0,1.0,0.0,-48.0,48.0
0.3115,25.0,30.080749658122265,-1.082400531748355,11.483970082610817,-0.25277634602731147,18.596779575511448,0.0,-3.5848911295188595,0.0,3.5848911295188595,-36.952340226707015,2.2397001798425165,36.83386424800677,92.41216771181907,2.862345040180634,-1.0,0.0,1.0,-26.29893816919264,-21.70106183080736,48.0
0.312,25.0,30.159289474462014,-1.0360568561252665,11.530313758233905,-0.22058020531065098,18.62897571622811,0.0,-1.1352057935493671,0.0,1.1352057935493671,-37.060763237459554,-0.7101685356732077,37.099561937366644,92.88102322627428,0.9063986147619518,-1.0,0.0,1.0,-23.27043211437325,-24.729567885626754,48.0
0.3125,25.0,30.23782929080176,-0.9895986619092924,11.57677195244988,-0.18849858318687823,18.66105733835188,0.0,1.1681395801704477,0.0,-1.1681395801704477,-36.98650803192735,-3.703969164858055,37.170771809964705,92.87511243831999,-0.9327154656057088,-1.0,0.0,1.0,-20.20389894612326,-27.796101053876733,48.0
0.313,25.0,30.316369107141497,-0.9432556681869358,11.623114946172237,-0.1563017605694988,18.69325416096926,0.0,3.3041611370066866,0.0,-3.3041611370066866,-36.77369459772723,-6.779861727315665,37.03976689601707,92.42576886824163,-2.638783251056869,-1.0,0.0,1.0,-17.087102123539417,-30.912897876460583,48.0
0.3135,25.0,30.394908923481246,-0.8972408839915829,11.66912973036759,-0.12377672842510352,18.725779193113656,0.0,5.536551931851097,-0.5592166640492542,-4.977335267801843,-36.463818684206736,-9.942725840278282,36.7145410324906,91.57022571848337,-4.139601761934019,0.0,-1.0,1.0,0.0,-48.0,48.0
0.314,25.0,30.47344873982099,-0.8517403740656964,11.714630240293475,-0.0907374220112452,18.758818499527514,0.0,7.977767715268793,-1.921829574665573,-6.05593814060322,-36.09556069262386,-13.150809063176457,36.22949211972636,90.38207958960875,-5.333932902421381,0.0,-1.0,1.0,0.0,-48.0,48.0
0.3145,25.0,30.551988556160737,-0.806904846948329,11.759465767410843,-0.057033132788867416,18.792522788749892,0.0,10.00066165279547,-2.8409896448998477,-7.159672007895622,-35.67515750982854,-16.313534693534926,35.61840693649087,88.91733526110418,-6.359217873303828,0.0,-1.0,1.0,0.0,-48.0,48.0
0.315,25.0,30.630528372500482,-0.7628628566001192,11.803507757759053,-0.02253530679733091,18.82702061474143,0.0,11.625354057705573,-3.36088438983275,-8.264469667872824,-35.17497108812747,-19.30449480131976,34.90814047922624,87.21341248438569,-7.252767295435568,0.0,-1.0,1.0,0.0,-48.0,48.0
0.3155,25.0,30.709068188840224,-0.719726356499367,11.846644257859806,0.012868009441660153,18.86242393098042,0.0,12.875013519791022,-3.534362818879694,-9.340650700911327,-34.54439890928201,-21.98681897634285,34.118872852904744,85.29982391324657,-8.03920394747653,0.0,-1.0,1.0,0.0,-48.0,48.0
0.316,25.0,30.78760800517997,-0.6775937137560826,11.88877690060309,0.04927518303811877,18.898831104576878,0.0,13.773246609719134,-3.4214689947316628,-10.351777614987471,-33.723960830843964,-24.239803546071318,33.26436560789961,83.20218324958553,-8.724506735689333,0.0,-1.0,1.0,0.0,-48.0,48.0
0.3165,25.0,30.866147821519714,-0.6365504518699441,11.929820162489229,0.08677173749172622,18.936327659030486,0.0,14.34214846080149,-3.0860871719069265,-11.256061288894562,-32.66189505002964,-25.980452286609978,32.35474333392132,80.9470498759285,-9.295592395312548,0.0,-1.0,1.0,0.0,-48.0,48.0
0.317,25.0,30.94468763785946,-0.5966676748475327,11.96970293951164,0.12542877680905845,18.974984698347818,0.0,14.601505922598491,-2.5915937862071217,-12.00991213639137,-31.328476792379963,-27.175442478316835,31.40008160502735,78.56610606671971,-9.725917332197644,0.0,-1.0,1.0,0.0,-48.0,48.0
0.3175,25.0,31.02322745419921,-0.5579988504842222,12.008371763874951,0.1652997687854977,19.014855690324257,0.0,14.569177214149121,-1.9965358559407869,-12.572641358208335,-29.72418210020841,-27.84206335233629,30.413182999056072,76.09837827118908,-9.985012275532679,0.0,-1.0,1.0,0.0,-48.0,48.0
0.318,25.0,31.101767270538947,-0.520576107795268,12.045794506563904,0.2064168424362826,19.055972763975042,0.0,14.262269669490257,-1.3511896187065875,-12.911080050783669,-27.880021407242037,-28.039657212684126,29.41063695005692,73.5899393033356,-10.048500990359972,0.0,-1.0,1.0,0.0,-48.0,48.0
0.3185,25.0,31.180307086878692,-0.48440726736573825,12.081963346993435,0.24878781834649924,19.09834373988526,0.0,13.698542913157356,-0.695494900348854,-13.003048012808502,-25.850973627391944,-27.85524196309086,28.412129974140672,71.09138703895196,-9.905444419905393,0.0,-1.0,1.0,0.0,-48.0,48.0
0.319,25.0,31.25884690321844,-0.449474505270577,12.116896109088595,0.29239487259108826,19.141950794129848,0.0,12.897511284941618,-0.05845084221288058,-12.839060442728737,-23.705378816932534,-27.387695450890828,27.438604916067348,68.65401310784247,-9.561356054892975,0.0,-1.0,1.0,0.0,-48.0,48.0
0.3195,25.0,31.337386719558186,-0.41573502914843125,12.150635585210741,0.33719521280868675,19.186751134347446,0.0,11.880934493840744,0.5412687793354899,-12.422203273176233,-21.51371952527123,-26.734121018476745,26.51008073797964,66.32576147147188,-9.037017229303794,0.0,-1.0,1.0,0.0,-48.0,48.0
0.32,25.0,31.41592653589793,-0.3831236330482198,12.183246981310953,0.3831236330482205,19.23267955458698,0.0,10.672646048641806,1.0938924823708973,-11.766538531012703,-19.33950594139632,-25.98039484045065,25.643796125354296,64.14787310757198,-8.364457767192983,1.0,-1.0,0.0,48.0,-48.0,0.0
0.3205,25.0,31.494466352237673,-0.3515897126271341,12.214780901732038,0.4301295289668758,19.279685450505635,0.0,14.74146317817193,-1.129658620057399,-13.611804558114532,-17.18133662560762,-25.117445594626442,24.775286584008896,61.95832516501645,-9.07287696437906,1.0,-1.0,0.0,48.0,-48.0,0.0
0.321,25.0,31.573006168577418,-0.3211852368470611,12.245185377512112,0.4782648695265472,19.327820791065307,0.0,18.299986315480595,-3.2404787105456867,-15.05950760493491,-15.06421770707948,-24.145398189833497,23.860858098761618,59.64873765348497,-9.334063468939405,1.0,-1.0,0.0,48.0,-48.0,0.0
0.3215,25.0,31.651545984917163,-0.2919434863883519,12.27442712797082,0.5275629354075831,19.377118856946343,0.0,21.393593485130594,-5.259877852602593,-16.133715632528002,-13.061676922022501,-23.139529220054815,22.94135777632543,57.32354834859181,-9.208335262447704,1.0,-1.0,0.0,48.0,-48.0,0.0
0.322,25.0,31.73008580125691,-0.26384942408119383,12.302521190277979,0.5780086894401705,19.42756461097893,0.0,24.069784315853006,-7.201469866259119,-16.86831444959389,-11.219892206205063,-22.157708766905365,22.051071931850544,55.07140229499852,-8.760567348057997,1.0,-1.0,0.0,48.0,-48.0,0.0
0.3225,25.0,31.808625617596654,-0.23684774303620695,12.329522871322965,0.6295468247349298,19.47910274627369,0.0,26.375678272525988,-9.072486887909559,-17.30319138461643,-9.560943468414257,-21.241918208978976,21.21785074461889,52.9647892437893,-8.054329730653729,1.0,-1.0,0.0,48.0,-48.0,0.0
0.323,25.0,31.887165433936396,-0.21085077439706532,12.355519839962108,0.6820896724355301,19.53164559397429,0.0,28.35606631282557,-10.874974964833543,-17.481091347992027,-8.088031620518217,-20.42111084033705,20.463622920616697,51.0608776519919,-7.1481762593795475,1.0,-1.0,0.0,48.0,-48.0,0.0
0.3235,25.0,31.965705250276148,-0.1857457879284059,12.380624826430767,0.7355245023066238,19.585080423845383,0.0,30.052076777208896,-12.606843108219037,-17.445233668989857,-6.791017723507037,-19.714278582529705,19.805072638850756,49.40303028672029,-6.093826374807182,1.0,-1.0,0.0,48.0,-48.0,0.0
0.324,25.0,32.044245066615886,-0.16140145242538628,12.404969161933787,0.7897199831433418,19.6392759046821,0.0,31.50040016859834,-14.262772668279931,-17.237627500318407,-5.651277950317779,-19.13312288158423,19.254338821458685,48.0225928319933,-4.935702993029572,1.0,-1.0,0.0,48.0,-48.0,0.0
0.3245,25.0,32.122784882955635,-0.1376733924090891,12.428697221950083,0.8445317394667946,19.694087661005554,0.0,32.73295801114362,-15.835003488122178,-16.897954523021443,-4.645446123871544,-18.684122368329216,18.81966956202592,46.940686548969154,-3.7112787060834544,1.0,-1.0,0.0,48.0,-48.0,0.0
0.325,25.0,32.20132469929538,-0.11440887990539067,12.451961734453782,0.8998070433028352,19.749362964841595,0.0,33.77688629707443,-17.31401146296517,-16.462874834109254,-3.7480019110380085,-18.37001476035717,18.506011341089426,46.16985957045771,-2.45180162328409,1.0,-1.0,0.0,48.0,-48.0,0.0
0.3255,25.0,32.27986451563512,-0.09145074913600958,12.474919865223162,0.9553887288731949,19.804944650411954,0.0,34.65471623213091,-18.689087227090113,-15.9656290050408,-2.9328618014761902,-18.19080557319172,18.315537392115207,45.71553988830479,-1.183121025200827,1.0,-1.0,0.0,48.0,-48.0,0.0
0.326,25.0,32.358404331974874,-0.06864063576209618,12.497729978597077,1.0111184318390365,19.860674353377796,0.0,35.38465875110454,-19.948821415972958,-15.435837335131579,-2.1741960929526747,-18.144434537993874,18.24813012110044,45.57728640558987,0.07353946515569731,1.0,-1.0,0.0,48.0,-48.0,0.0
0.3265,25.0,32.43694414831461,-0.045821636708300306,12.520548977650872,1.0668392491249776,19.916395170663737,0.0,35.980924706192475,-21.08149924519625,-14.899425460996225,-1.4466874206804388,-18.227213653586027,18.301835217732297,45.74986033223787,1.3009222250068602,1.0,-1.0,0.0,48.0,-48.0,0.0
0.327,25.0,32.51548396465436,-0.02288164406343606,12.543488970295737,1.1224390728198614,19.97199499435862,0.0,36.45388096560795,-16.573604181617995,-19.880276783989956,-0.7209184967365657,-18.286899403540534,18.325834750229948,45.85506273142464,-1.9086902636564416,1.0,0.0,-1.0,0.0,48.0,-48.0
0.3275,25.0,32.59402378099411,-0.00018097351039931352,12.566189640848773,1.1782782186065746,20.027834140145334,0.0,36.81112748899026,-9.693053090172898,-27.11807439881736,-0.005554592264633283,-17.859882834620638,17.860187382355495,44.73708511089959,-6.961150189899588,1.0,0.0,-1.0,0.0,48.0,-48.0
0.328,25.0,32.67256359733385,0.021654281186000462,12.588024895545173,1.2349827802499143,20.084538701788674,0.0,37.06543401444002,-3.345199261744454,-33.72023475269557,0.6309289392491946,-16.949002119288732,16.914873107644077,42.412300950377976,-11.560090744266835,1.0,0.0,-1.0,0.0,48.0,-48.0
0.3285,25.0,32.7511034136736,0.04205518354645318,12.608425797905626,1.2931216942292132,20.142677615767973,0.0,38.43743135077553,0.01939738587635371,-38.456828736651886,1.133049383865003,-15.629638400661289,15.570622950120882,39.076061641818065,-14.217104359848388,1.0,0.0,-1.0,48.0,0.0,-48.0
0.329,25.0,32.82964323001334,0.06069495291967242,12.627065567278844,1.3530217411957353,20.202577662734495,0.0,41.142770647945824,0.0,-41.142770647945824,1.4918791844725923,-14.19549449098396,14.122088857937484,35.46496189855179,-14.652259357201011,1.0,0.0,-1.0,46.00247851218899,1.997521487811003,-48.0
0.3295,25.0,32.90818304635308,0.07750451500727759,12.64387512936645,1.4147519954478718,20.26430791698663,0.0,43.51098519394828,0.0,-43.51098519394828,1.71652430530669,-12.71963489675645,12.640972834809897,31.760223500182576,-14.966315278497069,1.0,0.0,-1.0,43.89838346681475,4.101616533185258,-48.0
0.33,25.0,32.98672286269283,0.09244433062909668,12.658814944988269,1.4783519961658016,20.32790791770456,0.0,45.58211849489912,0.0,-45.58211849489912,1.81603337044091,-11.214284349829658,11.137504982605343,27.99015282734306,-15.180068011541833,1.0,0.0,-1.0,41.69105352635278,6.308946473647211,-48.0
0.3305,25.0,33.06526267903257,0.10548737764661181,12.671857992005783,1.5438487654880284,20.393404687026788,0.0,47.38441457379164,0.0,-47.38441457379164,1.8011971274100482,-9.688901588309472,9.618981546890168,24.17611371705164,-15.32260901469451,1.0,0.0,-1.0,39.398990925459586,8.601009074540421,-48.0
0.331,25.0,33.14380249537232,0.11661557315657053,12.682986187515743,1.6112603863178159,20.460816307856575,0.0,48.943767993502526,0.0,-48.943767993502526,1.6843941735132795,-8.150091797968606,8.090060182881759,20.332650233703905,-15.419408065491716,1.0,0.0,-1.0,37.03731897616612,10.962681023833873,-48.0
0.3315,25.0,33.22234231171206,0.12581658911249846,12.69218720347167,1.6805991867016339,20.530155108240393,0.0,50.28355160118849,0.0,-50.28355160118849,1.4793593883756913,-6.601914117882721,6.553273951708352,16.468386055989534,-15.492376963835357,1.0,0.0,-1.0,34.618230787924745,13.381769212075255,-48.0
0.332,25.0,33.3008821280518,0.13308111171058226,12.699451726069755,1.7518744804432906,20.60143040198205,0.0,51.42451729786447,0.0,-51.42451729786447,1.20090599483955,-5.046230059951323,5.009447940830787,12.586896264525071,-15.560025844755675,1.0,0.0,-1.0,32.15140702778649,15.84859297221351,-48.0
0.3325,25.0,33.37942194439155,0.1384005252036245,12.704771139562798,1.8250948832899951,20.674650804828755,0.0,52.38475841159138,0.0,-52.38475841159138,0.8646617312308781,-3.483058821173614,3.458029322299478,8.687530168400993,-15.637693578862594,1.0,0.0,-1.0,29.644404347938796,18.355595652061208,-48.0
0.333,25.0,33.4579617607313,0.14176499171568557,12.708135606074858,1.9002702331176835,20.749826154656443,0.0,53.179719661696545,0.0,-53.179719661696545,0.48686425832400754,-1.9109173079751196,1.8973479168558531,4.7661708547062185,-15.737817177506773,1.0,0.0,-1.0,27.10302339556505,20.896976604434954,-48.0
0.3335,25.0,33.53650157707104,0.14315996461500669,12.70953057897418,1.977415076558102,20.82697099809686,0.0,51.482818329962264,1.8935716196869736,-53.37638994964924,0.0806657693967742,-0.31326784545445413,0.3110558118042082,0.7813413836991714,-16.69351007036931,0.0,1.0,-1.0,-48.0,48.0,0.0
0.334,25.0,33.615041393410785,0.14245569796050594,12.708826312319678,2.0566591595523454,20.906215081091105,0.0,45.37759887480006,7.108239098704805,-52.485837973504864,-0.3797509905275238,1.4826770610146252,-1.4721773393197413,-3.698051056802704,-19.084511044098775,0.0,1.0,-1.0,-48.0,48.0,0.0
0.3345,25.0,33.69358120975053,0.1393695678071203,12.705740182166293,2.138285106045479,20.98784102758424,0.0,39.73090944810038,11.62680250510182,-51.3577119532022,-0.875600341684095,3.500633497644884,-3.4755579324942736,-8.731316410611411,-21.12046694141954,0.0,1.0,-1.0,-48.0,48.0,0.0
0.335,25.0,33.772121026090275,0.13364730914514142,12.700017923504314,2.2225471810472035,21.072103102585963,0.0,34.51419925613429,15.459881328170805,-49.9740805843051,-1.3635918190801524,5.7037328129284735,-5.66221018425744,-14.22685306086046,-22.7794227799141,0.0,1.0,-1.0,-48.0,48.0,0.0
0.3355,25.0,33.850660842430024,0.1250817268565497,12.691452341215722,2.309652579675542,21.1592085012143,0.0,29.695438267688484,18.62652234776849,-48.32196061545697,-1.7932524694013423,8.052976457276364,-7.993613353290895,-20.088202817689652,-24.044689411020663,0.0,1.0,-1.0,-48.0,48.0,0.0
0.336,25.0,33.929200658769766,0.11351477158271694,12.679885385941889,2.399759351289119,21.24931527282788,0.0,25.238687820863582,21.15423604927893,-46.39292387014251,-2.1105050326346833,10.50767015720691,-10.430542785061647,-26.21550159945536,-24.905826502884246,0.0,1.0,-1.0,-48.0,48.0,0.0
0.3365,25.0,34.00774047510951,0.09883884042299879,12.665209454782172,2.492975098788576,21.342531020327336,0.0,21.104113903327278,23.078701890866096,-44.182815794193374,-2.261799474408168,13.025907345652643,-12.93403044865919,-32.50710580597458,-25.359059907205022,0.0,1.0,-1.0,-48.0,48.0,0.0
0.337,25.0,34.086280291449256,0.08099725020042259,12.647367864559595,2.589356505350902,21.43891242688966,0.0,17.248446887654424,24.44315187556019,-41.691598763214614,-2.198092966061985,15.565109528568994,-15.466106863381025,-38.86125242440331,-25.407142244966792,0.0,1.0,-1.0,-48.0,48.0,0.0
0.3375,25.0,34.164820107789,0.05998389984900575,12.626354514208177,2.688909672042061,21.53846559358082,0.0,13.625814568963005,25.297497630178267,-38.92331219914127,-1.8777581732489586,18.08270149045668,-17.990070406587435,-45.177622624875376,-25.058738697879015,0.0,1.0,-1.0,-48.0,48.0,0.0
0.338,25.0,34.24335992412875,0.03584219741864201,12.602212811777814,2.7915911908121727,21.641147112350932,0.0,10.1887915267836,25.697314508633607,-35.88610603541721,-1.2674908941054222,20.53708263215242,-20.47012342672844,-51.358704897768675,-24.327457114480666,0.0,1.0,-1.0,-48.0,48.0,0.0
0.3385,25.0,34.321899740468496,0.008663372014219088,12.575033986373391,2.8973098325563447,21.746865754095104,0.0,6.889445532165038,25.70281349758798,-32.592259029753016,-0.34071077704444447,22.889093298322194,-22.87045296189181,-57.31088093966761,-23.230606353762298,0.0,1.0,-1.0,-48.0,48.0,0.0
0.339,25.0,34.40043955680823,-0.021415673833239703,12.544954940525933,3.0059286947435373,21.855484616282297,0.0,3.6801665640558845,25.377893538099258,-29.058060102155142,0.9260328629996158,25.104061683890134,-25.154168691559025,-62.94516561571091,-21.78765425766131,0.0,1.0,-1.0,-48.0,48.0,0.0
0.3395,25.0,34.478979373147986,-0.05421477705682641,12.512155837302346,3.117267614306882,21.96682353584564,0.0,0.5141834860706282,24.78926716466428,-25.30345065073491,2.5566327171166368,27.154139839457315,-27.28277248686676,-68.17750965223009,-20.018245014058966,0.0,1.0,-1.0,-48.0,48.0,0.0
0.34,25.0,34.55751918948772,-0.08951499730045526,12.476855617058717,-3.0520776562893426,22.080663572429003,0.0,0.0,22.678201081614507,-22.678201081614507,4.576639434330902,29.026240179608116,-29.22308730239776,-72.94427103803422,-18.10957793816268,-1.0,1.0,0.0,-48.0,0.0,48.0
0.3405,25.0,34.63605900582747,-0.12699866218722827,12.439371952171944,-2.9360541750628224,22.196687053655523,0.0,-6.111204807430919,19.140309760946842,-13.029104953515922,6.96365196708948,30.54087633463895,-30.767313041585783,-76.74769193467954,-12.285399821485129,-1.0,1.0,0.0,-48.0,0.0,48.0
0.341,25.0,34.71459882216722,-0.1660161467357145,12.400354467623458,-2.8184968741745857,22.31424435454376,0.0,-12.105074964506192,15.768249195323786,-3.6631742308175936,9.59823294678652,31.511854924846407,-31.703037056439555,-79.07213329335622,-6.283290704384911,-1.0,1.0,0.0,-48.0,0.0,48.0
0.3415,25.0,34.79313863850695,-0.20583433486482752,12.360536279494346,-2.7001388697057402,22.432602359012606,0.0,-16.352801119422473,14.308035933408423,2.044765186014049,12.341232641568714,31.997517488219536,-32.08195243211247,-80.04542400174067,-2.3787474423088635,-1.0,1.0,0.0,-48.0,48.0,0.0
0.342,25.0,34.87167845484671,-0.24595304363919546,12.320417570719977,-2.581480344591612,22.551260884126734,0.0,-19.556394085603788,14.118652773364365,5.437741312239423,15.127016885060268,32.248065189811115,-32.17217001378185,-80.32225046567918,0.19265653557607632,-1.0,1.0,0.0,-48.0,48.0,0.0
0.3425,25.0,34.95021827118645,-0.28604606078337724,12.280324553575795,-2.4628475111076904,22.669893717610655,0.0,-22.850508922290246,14.085738128315873,8.764770793974373,17.810943731866537,32.246235647933254,-31.994415838267095,-79.93625383879412,2.9173348513239055,-1.0,1.0,0.0,-48.0,48.0,0.0
0.343,25.0,35.02875808752619,-0.32577334317525203,12.24059727118392,-2.344580412376076,22.78816081634227,0.0,-26.208125027814813,14.235609214139634,11.972515813675178,20.214976923142103,31.930735908384943,-31.541790618705985,-78.85507790625182,5.743165352482887,-1.0,1.0,0.0,-48.0,48.0,0.0
0.3435,25.0,35.10729790386594,-0.36478248184366413,12.201588132515509,-2.2270314573679153,22.90570977135043,0.0,-29.587057993032815,14.590169603090768,14.996888389942045,22.165925122025943,31.23972513331856,-30.811088313156656,-77.06271678050116,8.591730272065053,-1.0,1.0,0.0,-48.0,48.0,0.0
0.344,25.0,35.185837720205676,-0.402718444921698,12.163652169437475,-2.1105556779501464,23.0221855507682,0.0,-32.933135309669936,15.167155560784302,17.765979748885634,23.527032035754765,30.129193246996703,-29.805051893522975,-74.56554996832614,11.363970590776514,-1.0,1.0,0.0,-48.0,48.0,0.0
0.3445,25.0,35.26437753654542,-0.4392358256583927,12.12713478870078,-1.9954984808737075,23.13724274784464,0.0,-36.18548584234862,15.979753744287109,20.20573209806151,24.221660043036465,28.59003878594221,-28.53492762477142,-71.3960320469978,13.952874294112803,-1.0,1.0,0.0,-48.0,48.0,0.0
0.345,25.0,35.342917352885166,-0.474012051777565,12.092358562581607,-1.8821824384147883,23.250558790303558,0.0,-39.28269863817023,17.035527595233713,22.24717104293652,24.24188742511324,26.657063850508436,-27.021936644279535,-67.61271932884806,16.25923744314721,-1.0,1.0,0.0,-48.0,48.0,0.0
0.3455,25.0,35.421457169224915,-0.5067596430127495,12.059610971346423,-1.7708950308398537,23.361846197878492,0.0,-42.16845441403481,18.33503905425203,23.83341535978278,23.641007960057728,24.40626470123756,-25.296819371469095,-63.29653058126242,18.205177168156958,-1.0,1.0,0.0,-48.0,48.0,0.0
0.346,25.0,35.49999698556465,-0.5372358702005297,12.029134744158643,-1.6618789873123392,23.470862241406007,0.0,-44.79561594813832,19.870800197843643,24.924815750294677,22.5148724576069,21.941748807014115,-23.397584315156802,-58.54435469755711,19.741407300921505,-1.0,1.0,0.0,-48.0,48.0,0.0
0.3465,25.0,35.5785368019044,-0.5652489162981893,12.001121698060983,-1.5553261248749317,23.577415103843414,0.0,-47.12842010441232,21.62709862681824,25.501321477594082,20.979756545676963,19.377477033119195,-21.366344221783397,-53.461752596770296,20.847318539024997,-1.0,1.0,0.0,-48.0,48.0,0.0
0.347,25.0,35.65707661824415,-0.5906216695591271,11.975748944800046,-1.451413555274244,23.681327673444102,0.0,-49.13918830699668,18.07660593999134,31.06258236700534,19.01485608141483,16.699613697959833,-19.107403351081665,-47.80891237283994,25.644330460779365,-1.0,0.0,1.0,0.0,-48.0,48.0
0.3475,25.0,35.73561643458389,-0.6127955151675835,11.953575099191589,-1.3506998933260457,23.7820413353923,0.0,-50.768481078990135,12.436425255765009,38.332055823225126,16.300835384100452,13.668564374973174,-16.24377503644447,-40.64248520539138,31.499989692400558,-1.0,0.0,1.0,0.0,-48.0,48.0
0.348,25.0,35.81415625092364,-0.6310434766564289,11.935327137702744,-1.2539121154974504,23.878829113220895,0.0,-51.945014946273986,7.530905800364831,44.41410914590916,12.958316155848989,10.437826361186513,-12.850886235154293,-32.151770934199426,36.242927506608225,-1.0,0.0,1.0,0.0,-48.0,48.0
0.3485,25.0,35.89269606726338,-0.6447722106060644,11.921598403753109,-1.1616435652080748,23.97109766351027,0.0,-52.61668321008874,3.3220985340608378,49.2945846760279,9.136331617424506,7.129364162846845,-9.037631569091076,-22.610094687576375,39.917803233764886,-1.0,0.0,1.0,0.0,-48.0,48.0
0.349,25.0,35.97123588360312,-0.6535216307068906,11.912848983652282,-1.0743543287675061,24.05838689995084,0.0,-52.86854800979587,0.0,52.86854800979587,4.966868058389553,3.795313829196132,-4.907434395830984,-12.276731130281725,42.52272268768209,-1.0,0.0,1.0,-27.765596997916845,-20.234403002083152,48.0
0.3495,25.0,36.04977569994287,-0.6569807525013831,11.90938986185779,-0.9923553906332653,24.14038583808508,0.0,-53.931288842044694,0.0,53.931288842044694,0.6167319653588452,0.46728546010683525,-0.6091224633071676,-1.5237866883444982,43.38659064052659,-1.0,0.0,1.0,-24.463480709080997,-23.536519290919003,48.0
0.35,25.0,36.12831551628261,-0.6550234987659403,11.911347115593232,-0.9157728280289642,24.21696840068938,0.0,-54.182344419088544,0.0,54.182344419088544,-3.78790066659149,-2.8838431771816713,3.7419397459439483,9.360980312368794,43.58351294828506,-1.0,0.0,1.0,-21.1391372831421,-26.860862716857902,48.0
