time_s,command_frequency_Hz,command_electrical_angle_rad,mechanical_angle_raw_rad,rotor_angle_unwrapped_rad,phase_error_rad,phase_error_unwrapped_rad,load_torque_Nm,ia_A,ib_A,ic_A,ea_V,eb_V,ec_V,speed_rad_s,torque_Nm,cmd_a,cmd_b,cmd_c,vab_V,vbc_V,vca_V
0.0,0.0,0.0,0.0,0.0,0.0,0.0,0.0,0.0,0.0,0.0,0.0,0.0,0.0,0.0,0.0,1.0,-1.0,0.0,48.0,-24.0,-24.0
0.0005,0.0,0.0,3.4545147456032745e-05,3.4545147456032745e-05,-3.4545147456032745e-05,-3.4545147456032745e-05,0.0,4.081879176076604,-4.081879176076604,0.0,4.884223201992174e-06,-0.08227243118617866,0.08227216339326268,0.20608149669147297,1.6296759574482158,1.0,-1.0,0.0,48.0,-24.123405936874754,-23.87659406312525
0.001,0.0,0.0,0.0002716339399758159,0.0002716339399758159,-0.00027163393997581595,-0.0002716339399758159,0.0,7.88039511870828,-7.88039511870828,0.0,0.00015011591788316586,-0.3215832012187242,0.32157497065800056,0.8055141465356032,3.1475371013575133,1.0,-1.0,0.0,48.0,-24.482291513308418,-23.517708486691582
0.0015,0.0,0.0,0.000901054779449661,0.000901054779449661,-0.000901054779449661,-0.000901054779449661,0.0,11.401333353298964,-11.401333353298964,0.0,0.001094796006479623,-0.7070410341242777,0.7069810098823613,1.7709714495818967,4.558906164547117,1.0,-1.0,0.0,48.0,-25.059954128941264,-22.940045871058736
0.002,0.0,0.0,0.0020993005643709112,0.0020993005643709112,-0.0020993005643709112,-0.0020993005643709112,0.0,14.650904100735378,-14.650904100735378,0.0,0.004431280959258309,-1.2283930678029487,1.2281501395855614,3.0766619963364126,5.870645305943345,1.0,-1.0,0.0,48.0,-25.840131033007403,-22.15986896699259
0.0025,0.0,0.0,0.004030420767621724,0.004030420767621724,-0.004030420767621724,-0.004030420767621724,0.0,17.63556039205115,-17.63556039205115,0.0,0.012993090347461888,-1.8761591016802945,1.8754470465724367,4.698644835915118,7.090609896202671,1.0,-1.0,0.0,48.0,-26.80703005223886,-21.192969947761142
0.003,0.0,0.0,0.006846998290176458,0.006846998290176458,-0.006846998290176458,-0.006846998290176458,0.0,20.361796743839964,-20.361796743839964,0.0,0.0310783720044201,-2.641711614725179,2.6400099363698173,6.615015704972669,8.22716209242676,1.0,-1.0,0.0,48.0,-27.945326557730198,-20.054673442269802
0.0035,0.0,0.0,0.010691190302433828,0.010691190302433828,-0.010691190302433828,-0.010691190302433828,0.0,22.83594022277133,-22.83594022277133,0.0,0.06461209240952917,-3.5173075259737434,3.5137765722643466,8.805979303815096,9.288745688141107,1.0,-1.0,0.0,48.0,-29.240124289046456,-18.759875710953548
0.004,0.0,0.0,0.01569577992319813,0.01569577992319813,-0.01569577992319813,-0.01569577992319813,0.0,25.063942478342963,-25.063942478342963,0.0,0.12127051980592483,-4.496076965507651,4.489474834152506,11.253822901552558,10.283521678527144,1.0,-1.0,0.0,48.0,-30.676878057003364,-17.32312194299663
0.0045,0.0,0.0,0.02198519316234939,0.02198519316234939,-0.02198519316234939,-0.02198519316234939,0.0,27.051178313193475,-27.051178313193475,0.0,0.21059253613918413,-5.571973202298444,5.560586309941836,13.942806238089084,11.21906266407947,1.0,-1.0,0.0,48.0,-32.241276643021465,-15.758723356978535
0.005,0.0,0.0,0.02967644289571373,0.02967644289571373,-0.02967644289571373,-0.02967644289571373,0.0,28.80225353368098,-28.80225353368098,0.0,0.34410419727356745,-6.739686557609334,6.721293310798883,16.858982074432603,12.10210298586781,1.0,-1.0,0.0,48.0,-33.91908449096677,-14.080915509033236
0.0055,0.0,0.0,0.038879968586114,0.038879968586114,-0.038879968586114,-0.038879968586114,0.0,30.320822101818187,-30.320822101818187,0.0,0.5354854432119037,-7.994523928799836,7.966422126541503,19.989960735939068,12.938339405070364,1.0,-1.0,0.0,48.0,-35.69594136933547,-12.304058630664532
0.006,0.0,0.0,0.0497003467391703,0.0497003467391703,-0.0497003467391703,-0.0497003467391703,0.0,31.609409958987253,-31.609409958987253,0.0,0.8008095451028746,-9.33225486581285,9.291398001719822,23.324630226026606,13.732272880710209,1.0,-1.0,0.0,48.0,-37.55712066207481,-10.442879337925191
0.0065,0.0,0.0,0.06223685213549989,0.06223685213549989,-0.06223685213549989,-0.06223685213549989,0.0,32.669240430264374,-32.669240430264374,0.0,1.1588836382128507,-10.748925452182878,10.692229267836774,26.85284020548645,14.48707381397753,1.0,-1.0,0.0,48.0,-39.48725017482179,-8.512749825178211
0.007,0.0,0.0,0.07658385266842709,0.07658385266842709,-0.07658385266842709,-0.07658385266842709,0.0,33.50005428700757,-33.50005428700757,0.0,1.631706854919057,-12.240642947740639,12.165537199147526,30.565052106269853,15.204439039124981,1.0,-1.0,0.0,48.0,-41.47000524555831,-6.529994754441683
0.0075,0.0,0.0,0.09283101936031841,0.09283101936031841,-0.09283101936031841,-0.09283101936031841,0.0,34.09991735557698,-34.09991735557698,0.0,2.2450321772625075,-13.803337295031415,13.70864045666107,34.45194718965793,15.884387308629822,1.0,-1.0,0.0,48.0,-43.48779301554553,-4.512206984454474
0.008,0.0,0.0,0.11106332514206325,0.11106332514206325,-0.11106332514206325,-0.11106332514206325,0.0,34.46501189554742,-34.46501189554742,0.0,3.028956858617923,-15.432509367371473,15.319681702981866,38.50396758905577,16.524911403385453,1.0,-1.0,0.0,48.0,-45.52145795735864,-2.478542042641358
0.0085,0.0,0.0,0.13136078773067708,0.13136078773067708,-0.13136078773067708,-0.13136078773067708,0.0,34.58941785965297,-34.58941785965297,0.0,4.018360150424227,-17.122977964610975,16.997739086976825,42.71074100591269,17.121374177795868,1.0,-1.0,0.0,48.0,-47.55004799407019,-0.44995200592980034
0.009,0.0,0.0,0.1537976387627707,0.1537976387627707,-0.1537976387627707,-0.1537976387627707,0.0,34.4997378996851,-34.43012669423584,-0.06961120544926047,5.252561209257258,-18.867644171499933,18.74180090506745,47.05784025332306,17.627726229022205,1.0,-1.0,0.0,48.0,-48.0,0.0
0.0095,0.0,0.0,0.17843607043997825,0.17843607043997825,-0.17843607043997828,-0.17843607043997825,0.0,34.25770550539773,-33.9051458415133,-0.3525596638844265,6.771619833151619,-20.650777054161058,20.543851287617688,51.50956387566347,17.95598259632437,1.0,-1.0,0.0,48.0,-48.0,0.0
0.01,0.0,0.0,0.20531711038602726,0.20531711038602726,-0.20531711038602726,-0.20531711038602726,0.0,33.842990051124595,-33.01238123148088,-0.8306088196437114,8.612822567226255,-22.45307557821924,22.39273065827697,56.020704992127236,18.102477643292985,1.0,-1.0,0.0,48.0,-48.0,0.0
0.0105,0.0,0.0,0.23445899217409596,0.23445899217409596,-0.23445899217409596,-0.23445899217409596,0.0,33.23041287547238,-31.753564559598058,-1.4768483158743235,10.805450151456892,-24.255521788425135,24.275403469804967,60.545046339467625,18.059574222002425,1.0,-1.0,0.0,48.0,-48.0,0.0
0.011,0.0,0.0,0.26585617507058146,0.26585617507058146,-0.26585617507058146,-0.26585617507058146,0.0,32.39418562427735,-30.132150768853418,-2.262034855423931,13.361864621809985,-26.03895553102826,26.172149963382036,65.03331227410617,17.810166833104876,1.0,-1.0,0.0,48.0,-48.0,0.0
0.0115,0.0,0.0,0.299477199687809,0.299477199687809,-0.299477199687809,-0.299477199687809,0.0,31.309964225253697,-28.15512106963514,-3.1548431556185585,16.266050312017292,-27.783210765307018,28.049326813144177,69.43068596158692,17.327178505845126,1.0,-1.0,0.0,48.0,-48.0,0.0
0.012,0.0,0.0,0.3352613328816895,0.3352613328816895,-0.3352613328816895,-0.3352613328816895,0.0,29.957722467081936,-25.835937638026873,-4.121784829055063,19.46150888181267,-29.465897460715805,29.85030863048922,73.67459166942842,16.576474930997808,1.0,-1.0,0.0,48.0,-48.0,0.0
0.0125,0.0,0.0,0.37311438195982666,0.37311438195982666,-0.37311438195982666,-0.37311438195982666,0.0,28.325223268404752,-23.198583655708862,-5.12663961269589,22.842328280395726,-31.061211022719586,31.48671275855397,77.69379373287796,15.524652150672269,1.0,-1.0,0.0,48.0,-48.0,0.0
0.013,0.0,0.0,0.41290465302929796,0.41290465302929796,-0.41290465302929796,-0.41290465302929796,0.0,26.411488014531706,-20.282121213660435,-6.1293668008712725,26.252814069917672,-32.539538939095685,32.83389768457432,81.41008164190356,14.151757761543374,1.0,-1.0,0.0,48.0,-48.0,0.0
0.0135,0.0,0.0,0.45446061654147923,0.45446061654147923,-0.45446061654147923,-0.45446061654147923,0.0,24.229299721371795,-17.144554471439015,-7.08474524993278,29.500831592634356,-33.86882645771304,33.73600147051288,84.74351206763623,12.466316639821487,1.0,-1.0,0.0,48.0,-48.0,0.0
0.014,0.0,0.0,0.49757209798556284,0.49757209798556284,-0.49757209798556284,-0.49757209798556284,0.0,21.805660261238174,-13.864276225513631,-7.9413840357245435,32.386495540710044,-35.01829373949108,34.02482337472347,87.62112707629389,10.51696157930668,1.0,-1.0,0.0,48.0,-48.0,0.0
0.0145,0.0,0.0,0.5419963722935992,0.5419963722935992,-0.5419963722935992,-0.5419963722935992,0.0,19.179499864187072,-10.537436799450171,-8.642063064736899,34.74110291671771,-35.96398464716412,33.55236104688098,89.9874153268664,8.393657836123115,1.0,-1.0,0.0,48.0,-48.0,0.0
0.015,0.0,0.0,0.5874692676851639,0.5874692676851639,-0.5874692676851639,-0.5874692676851639,0.0,16.396846353768552,-7.270539344930541,-9.12630700883801,36.46417427185428,-36.694171786219336,32.22961941204635,91.81327022192714,6.214204980854531,1.0,-1.0,0.0,48.0,-48.0,0.0
0.0155,0.0,0.0,0.633719616471459,0.633719616471459,-0.633719616471459,-0.633719616471459,0.0,13.50475562214831,-4.169291106597523,-9.335464515550786,37.54412811786418,-37.211871289380305,30.058256736508433,93.09990136983255,4.09843194813198,1.0,-1.0,0.0,48.0,-48.0,0.0
0.016,0.0,0.0,0.6804839299704117,0.6804839299704117,-0.6804839299704117,-0.6804839299704117,0.0,10.545957499951436,-1.3264518168181678,-9.219505683133269,38.053635824156196,-37.53258658877277,27.14156532068211,93.87570526830204,2.13969500941162,1.0,-1.0,0.0,48.0,-48.0,0.0
0.0165,0.0,0.0,0.7275178646656522,0.7275178646656522,-0.7275178646656522,-0.7275178646656522,0.0,7.555908108810594,1.1878867890331746,-8.743794897843769,38.121744579621485,-37.67775399495443,23.668692310996374,94.1869539228579,0.38575726466697313,1.0,-1.0,0.0,48.0,-48.0,0.0
0.017,0.0,0.0,0.7746021700448105,0.7746021700448105,-0.7746021700448105,-0.7746021700448105,0.0,4.562849943465791,3.3309698011821536,-7.893819744647945,37.89462561764743,-37.66676722012436,19.876869372640698,94.08574298733963,-1.1634472365438098,1.0,-1.0,0.0,48.0,-48.0,0.0
0.0175,0.0,0.0,0.8215428253572893,0.8215428253572893,-0.8215428253572893,-0.8215428253572893,0.0,1.590182023315907,5.0862602179882535,-6.67644224130416,37.49966916920878,-37.51129280405589,16.004339916929954,93.61945889174659,-2.5423448330566396,1.0,-1.0,0.0,48.0,-48.0,0.0
0.018,0.0,0.0,0.8681669595948835,0.8681669595948835,-0.8681669595948835,-0.8681669595948835,0.0,-1.340378760143694,6.457744783585207,-5.117366023441513,37.02336855952397,-37.21435356488474,12.248170266449707,92.82475547338193,-3.7988196470526807,1.0,-1.0,0.0,48.0,-48.0,0.0
0.0185,0.0,0.0,0.9143170611094673,0.9143170611094673,-0.9143170611094673,-0.9143170611094673,0.0,-4.206388183116156,7.462039164773354,-3.255650981657198,36.50602783031139,-36.77419104551779,8.73736665104096,91.7266288408673,-4.97581563821361,1.0,-1.0,0.0,48.0,-48.0,0.0
0.019,0.0,0.0,0.9598457084800823,0.9598457084800823,-0.9598457084800823,-0.9598457084800823,0.0,-6.983920749501673,8.120776224478798,-1.1368554749771251,35.95001066400096,-36.190612098556834,5.5258450598074145,90.34105090125843,-6.101876936466502,1.0,-1.0,0.0,48.0,-48.0,0.0
0.0195,0.0,0.0,1.0046117611697596,1.0046117611697596,-1.0046117611697596,-1.0046117611697596,0.0,-9.051729600760739,9.051729600760739,0.0,35.33396916534885,-35.46942193471931,2.60401523990226,88.67607630008986,-7.227351251828864,1.0,-1.0,0.0,48.0,-26.67174162458749,-21.32825837541251
0.02,0.0,0.0,1.0484759128770198,1.0484759128770198,-1.0484759128770198,-1.0484759128770198,0.0,-10.329194432817202,10.329194432817202,0.0,34.62982841287105,-34.62565762597985,-0.07607374001794445,86.73803143384814,-8.24728632883629,1.0,-1.0,0.0,48.0,-23.921840866536456,-24.078159133463547
0.0205,1.045,0.003212278488295566,1.091311019833606,1.091311019833606,-1.0880987413453105,-1.0880987413453105,0.0,-11.382397566613081,11.382397566613081,0.0,33.82809656482569,-33.69475707208929,-2.5733853642585047,84.56735587462488,-9.088281843256832,1.0,-1.0,0.0,48.0,-21.359944889373292,-26.640055110626708
0.021,1.09,0.006565928646002674,1.1330119430527734,1.1330119430527734,-1.1264460144067707,-1.1264460144067707,0.0,-12.212115721558241,12.212115721558241,0.0,32.931455825287564,-32.71468154686347,-4.936588308540766,82.20869658446559,-9.751744761435681,1.0,-1.0,0.0,48.0,-18.955024552247185,-29.04497544775281
0.0215,1.1349999999999998,0.010060950473121298,1.173495692441362,1.173495692441362,-1.1634347419682407,-1.1634347419682407,0.0,-12.822790760980983,12.822790760980983,0.0,31.95296577813869,-31.717645612138874,-7.189338162789961,79.70583363071975,-10.243101292483015,1.0,-1.0,0.0,48.0,-16.69300175421013,-31.306998245789867
0.022,1.18,0.013697343969651485,1.2127007619160504,1.2127007619160504,-1.1990034179463989,-1.1990034179463989,0.0,-13.222325852764556,13.222325852764556,0.0,30.912711425448894,-30.72534097712849,-9.32709952510285,77.10080675164826,-10.57055623843044,1.0,-1.0,0.0,48.0,-14.579215250736947,-33.42078474926305
0.0225,1.2249999999999999,0.017475109135593216,1.2505861240335923,1.2505861240335923,-1.2331110148979991,-1.2331110148979991,0.0,-13.421286346884665,13.421286346884665,0.0,29.833650003580196,-29.747339124874596,-11.323255474205611,74.43345407521247,-10.7432004312952,1.0,-1.0,0.0,48.0,-12.633589086441589,-35.36641091355841
0.023,1.27,0.021394245970946486,1.287130110749697,1.287130110749697,-1.2657358647787507,-1.2657358647787507,0.0,-13.431832491720995,13.431832491720995,0.0,28.73827393310498,-28.78267566437985,-13.140127669771738,71.74140598712312,-10.769398078103162,1.0,-1.0,0.0,48.0,-10.882073195865694,-37.11792680413431
0.0235,1.315,0.025454754475711293,1.3223293756943981,1.3223293756943981,-1.2968746212186868,-1.2968746212186868,0.0,-13.266737517568602,13.266737517568602,0.0,27.646720137619045,-27.823611478404544,-14.7406018677134,69.06038080337659,-10.656042161966923,1.0,-1.0,0.0,48.0,-9.34784380267935,-38.65215619732064
0.024,1.3599999999999999,0.02965663464988765,1.3561980300299867,1.3561980300299867,-1.326541395380099,-1.326541395380099,0.0,-12.938731812834247,12.938731812834247,0.0,26.576202476902818,-26.860143033202952,-16.097311164294624,66.42454268110731,-10.408781388717907,1.0,-1.0,0.0,48.0,-8.044659113855444,-39.95534088614456
0.0245,1.405,0.033999886493475545,1.3887669264478342,1.3887669264478342,-1.3547670399543585,-1.3547670399543585,0.0,-12.460250049764971,12.460250049764971,0.0,25.541282624664166,-25.883963922463263,-17.197941410789156,63.866706897750355,-10.0329492778434,1.0,-1.0,0.0,48.0,-6.973399238110393,-41.026600761889604
0.025,1.4500000000000002,0.03848451000647497,1.42008297975665,1.42008297975665,-1.381598469750175,-1.381598469750175,0.0,-11.843516816678273,11.843516816678273,0.0,24.554462161468535,-24.891048813712906,-18.04660461503491,61.41826965797633,-9.534764557922694,1.0,-1.0,0.0,48.0,-6.121688711087278,-41.87831128891273
0.0255,1.4949999999999999,0.043110505188885914,1.4502083782838777,1.4502083782838777,-1.407097873094992,-1.407097873094992,0.0,-11.100825932823387,11.100825932823387,0.0,23.626726644149354,-23.882592019200306,-18.662110896584363,59.10884719288423,-8.922398282407574,1.0,-1.0,0.0,48.0,-5.465821790941114,-42.53417820905889
0.026,1.5399999999999998,0.04787787204070843,1.479219555516711,1.479219555516711,-1.4313416834760024,-1.4313416834760024,0.0,-10.244853470163115,10.244853470163115,0.0,22.7678654573141,-22.864497375073128,-19.07433811440174,56.96569450034848,-8.206638658855724,1.0,-1.0,0.0,48.0,-4.973977844477774,-43.02602215552223
0.0265,1.585,0.05278661056194248,1.5072058399424586,1.5072058399424586,-1.454419229380516,-1.454419229380516,0.0,-9.288877181895526,9.288877181895526,0.0,21.986546975397943,-21.845889446806137,-19.31986870411326,55.013020577366056,-7.401050046625013,1.0,-1.0,0.0,48.0,-4.6098025315908355,-43.39019746840917
0.027,1.63,0.057836720752588076,1.5342677628060268,1.5342677628060268,-1.4764310420534388,-1.4764310420534388,0.0,-8.246830511324966,8.246830511324966,0.0,21.290217581447266,-20.83719096961385,-19.437800354027793,53.27132447869867,-6.521662481676481,1.0,-1.0,0.0,48.0,-4.335686340055502,-43.6643136599445
0.0275,1.6749999999999998,0.06302820261264522,1.5605150612718526,1.5605150612718526,-1.4974868586592074,-1.4974868586592074,0.0,-7.133175513974465,7.133175513974465,0.0,20.684921181818556,-19.84823803229401,-19.466292462220558,51.756855289036594,-5.586315806775479,1.0,-1.0,0.0,48.0,-4.115365963017169,-43.88463403698283
0.028,1.72,0.06836105614211391,1.586064457318586,1.586064457318586,-1.517703401176472,-1.517703401176472,0.0,-5.962621938212956,5.962621938212956,0.0,20.17512415700173,-18.88675462114942,-19.44009131367769,50.481262934123684,-4.6138151427463345,1.0,-1.0,0.0,48.0,-3.9157239183961563,-44.08427608160384
0.0285,1.7650000000000001,0.07383528134099412,1.6110373163940983,1.6110373163940983,-1.5372020350531042,-1.5372020350531042,0.0,-4.74974423634491,4.74974423634491,0.0,19.763601361594848,-17.957346229094924,-19.389039669361647,49.451468143150166,-3.6230441710993855,1.0,-1.0,0.0,48.0,-3.7078327643883933,-44.29216723561161
0.029,1.81,0.07945087820928588,1.6355572955060813,1.6355572955060813,-1.5561064172967953,-1.5561064172967953,0.0,-3.508555830661787,3.508555830661787,0.0,19.45140785216801,-17.061039935956398,-19.33743417381642,48.66974731289327,-2.6321476615684207,1.0,-1.0,0.0,48.0,-3.4673818680777764,-44.53261813192223
0.0295,1.855,0.08520784674698914,1.6597480822192978,1.6597480822192978,-1.5745402354723086,-1.5745402354723086,0.0,-2.2520953259484977,2.2520953259484977,0.0,19.237936845983267,-16.1953122000613,-19.304032761549067,48.13400549548249,-1.6578519435133108,1.0,-1.0,0.0,48.0,-3.174654915489949,-44.825345084510055
0.03,1.9,0.09110618695410398,1.6837313091909785,1.6837313091909785,-1.5926251222368746,-1.5926251222368746,0.0,-0.9920679810990615,0.9920679810990615,0.0,19.12104933587923,-15.354503197512827,-19.30250875045672,47.83819853465029,-0.7149535903678217,1.0,-1.0,0.0,48.0,-2.8142181803600774,-45.18578181963992
0.0305,1.9449999999999998,0.09714589883063038,1.7076247081426894,1.7076247081426894,-1.610478809312059,-1.610478809312059,0.0,0.26142794947637665,-0.26142794947637665,0.0,19.09725369581498,-14.530505638338372,-19.342173163739442,47.77286156634691,0.1840215528224855,1.0,-1.0,0.0,48.0,-2.3744528075222533,-45.62554719247775
0.031,1.99,0.10332698237656829,1.7315405460476698,1.7315405460476698,-1.6282135636711015,-1.6282135636711015,0.0,1.5000736320336723,-1.5000736320336723,0.0,19.161912154004575,-13.71362212215765,-19.428822539656654,47.925702887042995,1.0290036271961065,1.0,-1.0,0.0,48.0,-1.8470324444198836,-46.15296755558012
0.0315,2.035,0.10964943759191774,1.7555843669220073,1.7555843669220073,-1.6459349293300896,-1.6459349293300896,0.0,2.7173959696807906,-2.7173959696807906,0.0,19.30945296296693,-12.893496376081494,-19.565604143940934,48.28222692353404,1.8124301698915852,1.0,-1.0,0.0,48.0,-1.2264175626163487,-46.773582437383645
0.032,2.08,0.11611326447667876,1.7798540458829095,1.7798540458829095,-1.6637407814062308,-1.6637407814062308,0.0,3.908732560872585,-3.908732560872585,0.0,19.53357095534239,-12.060032762074872,-19.75381880642502,48.82635569734684,2.5291862520119297,1.0,-1.0,0.0,48.0,-0.5094120969412206,-47.49058790305878
0.0325,2.125,0.1227184630308513,1.8044391439830822,1.8044391439830822,-1.681720680952231,-1.681720680952231,0.0,5.067925930692524,-5.074291129533428,0.006365198840904653,19.82736675666368,-11.204201482120563,-19.99356522005265,49.54092990800953,3.1733304883745292,1.0,-1.0,0.0,48.0,0.0,-48.0
0.033,2.17,0.1294650332544354,1.8294197045894833,1.8294197045894833,-1.699954671335048,-1.699954671335048,0.0,6.1572002285433225,-6.24906498544398,0.0918647569006577,20.181618911360555,-10.317778720141659,-20.282378619790343,50.403575470095404,3.7075842492681765,1.0,-1.0,0.0,48.0,0.0,-48.0
0.0335,2.215,0.13635297514743103,1.8548624329630912,1.8548624329630912,-1.7185094578156601,-1.7185094578156601,0.0,7.165162789881025,-7.445056550033438,0.27989376015241246,20.58381311140596,-9.393937196945217,-20.614514469224453,51.38448298403938,4.119042932390033,1.0,-1.0,0.0,48.0,0.0,-48.0
0.034,2.2600000000000002,0.1433822887098382,1.8808187485264465,1.8808187485264465,-1.7374364598166083,-1.7374364598166083,0.0,8.092468241073469,-8.665276956436651,0.5728087153631815,21.02061733844661,-8.42919583017175,-20.983491189370955,52.45275413088421,4.406450563088902,1.0,-1.0,0.0,48.0,0.0,-48.0
0.0345,2.305,0.15055297394165687,1.9073245838803088,1.9073245838803088,-1.756771609938652,-1.756771609938652,0.0,8.941751392432158,-9.91312755163382,0.9713761592016623,21.478272421429427,-7.423349187940925,-21.382267971586735,53.577418168018966,4.570428414197755,1.0,-1.0,0.0,48.0,0.0,-48.0
0.035,2.3500000000000005,0.15786503084288717,1.9344004589540247,1.9344004589540247,-1.7765354281111376,-1.7765354281111376,0.0,9.717401502731821,-11.192019790740199,1.4746182880083767,21.942827323333272,-6.378747076457422,-21.80303713695831,54.72785933934395,4.613138033849566,1.0,-1.0,0.0,48.0,0.0,-48.0
0.0355,2.3949999999999996,0.16531845941352882,1.9620517475545032,1.9620517475545032,-1.7967332881409743,-1.7967332881409743,0.0,10.425390075409736,-12.505099051152465,2.0797089757427294,22.400452401013606,-5.299113866014283,-22.236923149281274,55.87415850618057,4.537930879613175,1.0,-1.0,0.0,48.0,0.0,-48.0
0.036,2.4399999999999995,0.17291325965358217,1.9902690924234074,1.9902690924234074,-1.8173558327698252,-1.8173558327698252,0.0,11.073162611382884,-13.855101813233855,2.78193920185097,22.83784655141757,-4.188078544118211,-22.673699086656594,56.987344630674656,4.348975942891867,1.0,-1.0,0.0,48.0,0.0,-48.0
0.0365,2.4849999999999994,0.18064943156304702,2.0190289221877555,2.0190289221877555,-1.8383794906247086,-1.8383794906247086,0.0,11.66958441631827,-15.244354296068135,3.5747698797498666,23.242724504662608,-3.047695853036456,-23.10163485354884,58.03954969448244,4.050859523082062,1.0,-1.0,0.0,48.0,0.0,-48.0
0.037,2.53,0.18852697514192346,2.0482940202728237,2.0482940202728237,-1.8597670451309003,-1.8597670451309003,0.0,12.224910721827804,-16.67489115652158,4.4499804346937735,23.60432878631684,-1.8773186411168787,-23.507568132409556,59.00406086603225,3.6481671710767465,1.0,-1.0,0.0,48.0,0.0,-48.0
0.0375,2.5749999999999997,0.19654589039021142,2.0780140939213863,2.0780140939213863,-1.881468203531175,-1.881468203531175,0.0,12.75073713685606,-18.148640059533932,5.397902922677872,23.91386607633683,-0.6731971212364257,-23.87723949423101,59.85526960987343,3.145086687995517,1.0,-1.0,0.0,48.0,0.0,-48.0
0.038,2.62,0.2047061773079109,2.108126294475255,2.108126294475255,-1.903420117167344,-1.903420117167344,0.0,13.259882708602024,-19.667589525617334,6.40770681701531,24.16473492385411,0.5708954620349284,-24.19586698534576,60.5685315970954,2.545106960248987,1.0,-1.0,0.0,48.0,0.0,-48.0
0.0385,2.665,0.2130078358950219,2.1385556523872284,2.1385556523872284,-1.9255478164922066,-1.9255478164922066,0.0,13.76616756690747,-21.23384264035015,7.467675073442681,24.35240915971885,1.8618876506544362,-24.44887073581358,61.11997411352108,1.850918539081821,1.0,-1.0,0.0,48.0,0.0,-48.0
0.039,2.71,0.2214508661515445,2.169215415773827,2.169215415773827,-1.9477645496222824,-1.9477645496222824,0.0,14.284069593933642,-22.849466106170336,8.565396512236694,24.473884309735407,3.2046191276121494,-24.62261554160344,61.48631611536396,1.0646330668041135,1.0,-1.0,0.0,48.0,0.0,-48.0
0.0395,2.755,0.23003526807747862,2.2000073209402577,2.2000073209402577,-1.969972052862779,-1.969972052862779,0.0,14.828274887612807,-24.516076871774832,9.687801984162025,24.526688331499695,4.598457714155532,-24.70503526326321,61.64479331444926,0.18841565659825843,1.0,-1.0,0.0,48.0,0.0,-48.0
0.04,2.8,0.2387610416728243,2.2308218742449255,2.2308218742449255,-1.9920608325721012,-1.9920608325721012,0.0,15.413166580348738,-26.2341648944866,10.820998314137862,24.507592022572158,6.03399714263044,-24.686041907746826,61.57329692426095,-0.7744411609243191,1.0,-1.0,0.0,48.0,0.0,-48.0
0.0405,2.8449999999999998,0.24762818693758148,2.2615387787590113,2.2615387787590113,-2.0139105918214297,-2.0139105918214297,0.0,16.052316236542595,-28.00222073887327,11.949904502330673,24.41129765128366,7.490641864500006,-24.557693867495924,61.25082938166919,-1.818078791112245,1.0,-1.0,0.0,48.0,0.0,-48.0
0.041,2.89,0.25663670387175025,2.292027683410901,2.292027683410901,-2.0353909795391507,-2.0353909795391507,0.0,16.758044012562195,-29.815804585182903,13.057760572620708,24.22948907637849,8.935836913001253,-24.314178208386092,60.658345299760015,-2.932474328888512,1.0,-1.0,0.0,48.0,0.0,-48.0
0.0415,2.935,0.2657865924753305,2.322149451004449,2.322149451004449,-2.0563628585291185,-2.0563628585291185,0.0,17.54109564911106,-31.66673968788355,14.125644038772489,23.95063979745458,10.326442841042763,-23.95172160121417,59.779979255241834,-4.1020055596218725,1.0,-1.0,0.0,48.0,0.0,-48.0
0.042,2.9800000000000004,0.2750778527483223,2.351758120419232,2.351758120419232,-2.07668026767091,-2.07668026767091,0.0,18.410450867608837,-33.54262150343718,15.132170635828343,23.560858819900623,11.612316219164262,-23.468559141568793,58.60457184730524,-5.304564571044562,1.0,-1.0,0.0,48.0,0.0,-48.0
0.0425,3.0250000000000004,0.2845104846907257,2.3807036700823847,2.3807036700823847,-2.096193185391659,-2.096193185391659,0.0,19.373240017775263,-35.426795019607475,16.053555001832212,23.04580881477676,12.741629694807493,-22.865051465489735,57.12731117883447,-6.511569886384612,1.0,-1.0,0.0,48.0,0.0,-48.0
0.043,3.07,0.29408448830254047,2.4088355790896983,2.4088355790896983,-2.114751090787158,-2.114751090787158,0.0,20.434717967751766,-37.29887182769952,16.864153859947756,22.393413193055366,13.666999844927785,-22.1439615076996,55.35123614234457,-7.689074285348238,1.0,-1.0,0.0,48.0,0.0,-48.0
0.0435,3.1149999999999998,0.3037998635837669,2.4360070479927334,2.4360070479927334,-2.1322071844089665,-2.1322071844089665,0.0,21.59823758980318,-39.13575388922267,17.53751629941949,21.596783568285467,14.351242741487859,-21.31081467406914,53.28832798113028,-8.799919583110636,1.0,-1.0,0.0,48.0,0.0,-48.0
0.044,3.1599999999999997,0.3136566105344049,2.4620796132429468,2.4620796132429468,-2.148423002708542,-2.148423002708542,0.0,22.865182881745817,-40.91303094131129,18.047848059565474,20.656663038010883,14.77164708514116,-20.37420727178913,50.95996278846891,-9.806621629759476,1.0,-1.0,0.0,48.0,0.0,-48.0
0.0445,3.2049999999999996,0.3236547291544544,2.486927800085249,2.486927800085249,-2.1632730709307944,-2.1632730709307944,0.0,24.234856402986402,-42.60655107655211,18.371694673565706,19.582765014612196,14.922032994351282,-19.34592279893721,48.39660369197252,-10.674473212330154,1.0,-1.0,0.0,48.0,0.0,-48.0
0.045,3.25,0.33379421944391546,2.5104434319694864,2.5104434319694864,-2.1766492125255708,-2.1766492125255708,0.0,25.704352352552476,-44.19394637568723,18.489594023134757,18.393674612416465,14.812422907837286,-18.240764547637355,45.636749111204914,-11.374304078490248,1.0,-1.0,0.0,48.0,0.0,-48.0
0.0455,3.295,0.3440750814027881,2.532539256183905,2.532539256183905,-2.188464174781117,-2.188464174781117,0.0,27.268469792425375,-45.655927514625205,18.38745772219983,17.11536473853118,14.466696629666512,-17.076092296654426,42.72528242328953,-11.884452078647449,1.0,-1.0,0.0,48.0,0.0,-48.0
0.046,3.34,0.35449731503107224,2.553151641608288,2.553151641608288,-2.198654326577216,-2.198654326577216,0.0,28.919721507259975,-46.97722717924962,18.05750567198964,15.778719119202838,13.918965046914042,-15.871126573163624,39.711452942321586,-12.19172663511603,1.0,-1.0,0.0,48.0,0.0,-48.0
0.0465,3.385,0.3650609203287679,2.5722422277943853,2.5722422277943853,-2.2071813074656172,-2.2071813074656172,0.0,30.648474261840647,-48.14714839802801,17.49867413618736,14.41663805758908,13.209499090697653,-14.646129154381859,36.64674107389553,-12.29139565381563,1.0,-1.0,0.0,48.0,0.0,-48.0
0.047,3.43,0.3757658972958751,2.589798524657229,2.589798524657229,-2.2140326273613535,-2.2140326273613535,0.0,32.443225386516445,-49.15973934391011,16.716513957393662,13.06129582785634,12.380922849858536,-13.421574330750483,33.58282717111308,-12.186416238809436,1.0,-1.0,0.0,48.0,0.0,-48.0
0.0475,3.475,0.3866122459323939,2.605833555694697,2.605833555694697,-2.219221309762303,-2.219221309762303,0.0,34.29099085637872,-50.01365861745383,15.722667761075108,11.741964605357001,11.475123008939068,-12.217400510672364,30.56981552914938,-11.886215428122679,1.0,-1.0,0.0,48.0,0.0,-48.0
0.048,3.52,0.3975999662383242,2.620384694053313,2.620384694053313,-2.222784727814989,-2.222784727814989,0.0,36.17776052849258,-50.71181267628644,14.534052147793863,10.483602509415126,10.53105244428164,-11.05239309257277,27.654788240517192,-11.40531442870688,1.0,-1.0,0.0,48.0,0.0,-48.0
0.0485,3.565,0.40872905821366606,2.6335118611311845,2.6335118611311845,-2.2247828029175185,-2.2247828029175185,0.0,38.08897043615538,-51.26084536755968,13.171874931404306,9.306202453269975,9.583391748285974,-9.943712992129523,24.880698860196354,-10.762014273828763,1.0,-1.0,0.0,48.0,0.0,-48.0
0.049,3.6100000000000003,0.41999952185841943,2.645295250744756,2.645295250744756,-2.2252957288863366,-2.2252957288863366,0.0,40.009948212518964,-51.670546651937904,11.660598439418937,8.224761878785296,8.661908608888378,-8.906559845362676,22.28557328328355,-9.977265159254458,1.0,-1.0,0.0,48.0,0.0,-48.0
0.0495,3.6550000000000002,0.4314113571725844,2.65583271980634,2.65583271980634,-2.2244213626337555,-2.2244213626337555,0.0,41.926301097756635,-51.953230956761985,10.026929859005348,7.249672425825146,7.791313381363267,-7.953946579348089,19.901965613396946,-9.073757966151106,1.0,-1.0,0.0,48.0,0.0,-48.0
0.05,3.7,0.44296456415616087,2.665236959275264,2.665236959275264,-2.222272395119103,-2.222272395119103,0.0,43.824231435013075,-52.123120015818195,8.298888580805121,6.387329116022013,6.99142336021706,-7.096560017665543,17.75661486341241,-8.075219936368512,1.0,-1.0,0.0,48.0,0.0,-48.0
0.0505,3.745,0.4546591428091488,2.6736325339147813,2.6736325339147813,-2.2189733911056324,-2.2189733911056324,0.0,45.690778180423145,-52.19575277850591,6.504974598082768,5.640796574778381,6.27748977085879,-6.342686177912896,15.870256887894302,-7.005868420819356,1.0,-1.0,0.0,48.0,0.0,-48.0
0.051,3.7899999999999996,0.4664950931315483,2.681152859685917,2.681152859685917,-2.2146577665543687,-2.2146577665543687,0.0,47.51399264014903,-52.187436355126515,4.673443714977491,5.010422401002574,5.660588964523813,-5.698185133112756,14.257558589065994,-5.88997058689058,1.0,-1.0,0.0,48.0,0.0,-48.0
0.0515,3.835,0.4784724151233595,2.687937174284307,2.687937174284307,-2.209464759160947,-2.209464759160947,0.0,49.283061889146424,-52.114746370818445,2.8316844816720224,4.494339035865775,5.1480204981582345,-5.166506270938786,12.927153744114495,-4.751464287160233,1.0,-1.0,0.0,48.0,0.0,-48.0
0.052,3.88,0.49059110878458206,2.6941275485411325,2.6941275485411325,-2.2035364397565504,-2.2035364397565504,0.0,50.988394656347076,-51.99408158863475,1.005686932287677,4.088836845121246,4.743684987946369,-4.748739301808216,11.881769412931622,-3.613608471777768,1.0,-1.0,0.0,48.0,0.0,-48.0
0.0525,3.9250000000000003,0.5028511741152163,2.6998635436403133,2.6998635436403133,-2.197012369525097,-2.197012369525097,0.0,52.2314538573384,-52.2314538573384,0.0,3.777331083151233,4.4351562862170955,-4.430439607834303,11.08526180015087,-3.0995358846338874,1.0,-1.0,0.0,48.0,-15.463316707481535,-32.53668329251846
0.053,3.97,0.515252611115262,2.705207175922727,2.705207175922727,-2.189954564807465,-2.189954564807465,0.0,52.92268786936806,-52.92268786936806,0.0,3.469400495735661,4.120005713838691,-4.108176161791724,10.27883913420852,-3.349772910567115,1.0,-1.0,0.0,48.0,-16.097120733421097,-31.9028792665789
0.0535,4.015000000000001,0.5277954197847192,2.71013222840778,2.71013222840778,-2.182336808623061,-2.182336808623061,0.0,53.56709502106585,-53.56709502106585,0.0,3.1480488327063547,3.7781639813075,-3.761566653627028,9.411509754728849,-3.586399942089102,1.0,-1.0,0.0,48.0,-16.775326939366046,-31.224673060633958
0.054,4.0600000000000005,0.5404796001235881,2.7146091465745044,2.7146091465745044,-2.1741295464509163,-2.1741295464509163,0.0,54.166642678683665,-54.166642678683665,0.0,2.8148821670668682,3.4113924585932414,-3.392083461051449,8.48696439823347,-3.807128002326941,1.0,-1.0,0.0,48.0,-17.494779226118496,-30.5052207738815
0.0545,4.105,0.5533051521318684,2.7186103620702498,2.7186103620702498,-2.1653052099383814,-2.1653052099383814,0.0,54.723194432534896,-54.723194432534896,0.0,2.471427103773696,3.021674191706144,-3.0014224414256914,7.509452188850465,-4.009783619578897,1.0,-1.0,0.0,48.0,-18.252026910834388,-29.747973089165612
0.055,4.15,0.5662720758095603,2.722110564104474,2.722110564104474,-2.155838488294914,-2.155838488294914,0.0,55.238542715891,-55.238542715891,0.0,2.1191085491258077,2.6111934971393937,-2.5914902688931196,6.483748279078959,-4.192336631636909,1.0,-1.0,0.0,48.0,-19.04335870797428,-28.956641292025722
0.0555,4.195,0.5793803711566637,2.725086952937872,2.725086952937872,-2.145706581781208,-2.145706581781208,0.0,55.71443902985026,-55.71443902985026,0.0,1.7592364132058809,2.1823152374462835,-2.1643889791383586,5.415114626227643,-4.352927128041873,1.0,-1.0,0.0,48.0,-19.86483519553556,-28.135164804464438
0.056,4.24,0.5926300381731787,2.7275194721092326,2.7275194721092326,-2.134889433936054,-2.134889433936054,0.0,56.15262113500108,-56.15262113500108,0.0,1.3930015470392052,1.7375639115577404,-1.7223978309573889,4.309254243768411,-4.489890551287061,1.0,-1.0,0.0,48.0,-20.712319439744135,-27.28768056025586
0.0565,4.285,0.6060210768591052,2.7293910162717294,2.7293910162717294,-2.1233699394126244,-2.1233699394126244,0.0,56.554836615710194,-56.554836615710194,0.0,1.0214807773403176,1.2796026535470617,-1.2679526962095433,3.1722595015992288,-4.601780065109331,1.0,-1.0,0.0,48.0,-21.581505588346772,-26.41849441165323
0.057,4.33,0.6195534872144433,2.730687611850588,2.730687611850588,-2.111134124636145,-2.111134124636145,0.0,56.92286229886315,-56.92286229886315,0.0,0.6456504878695857,0.8112122151540468,-0.8036232831702284,2.010555257264803,-4.687385422570401,1.0,-1.0,0.0,48.0,-22.46794536531796,-25.53205463468204
0.0575,4.375,0.6332272692391928,2.731398568170055,2.731398568170055,-2.098171298930862,-2.098171298930862,0.0,57.25851911254099,-57.25851911254099,0.0,0.26640782439784816,0.33527000470698987,-0.3320885784160992,0.8308377736360862,-4.745747716917453,1.0,-1.0,0.0,48.0,-23.367072507031484,-24.63292749296852
0.058,4.42,0.647042422933354,2.7315165972105433,2.7315165972105433,-2.0844741742771893,-2.0844741742771893,0.0,57.56368209653126,-57.56368209653126,0.0,-0.11540171890203046,-0.14527073997615308,0.14388904396226637,-0.35998948759752974,-4.776169562950276,1.0,-1.0,0.0,48.0,-24.27422527340136,-23.72577472659864
0.0585,4.465000000000001,0.6609989482969267,2.7310379007262298,2.7310379007262298,-2.070038952429303,-2.070038952429303,0.0,57.84028541971879,-57.84028541971879,0.0,-0.4989518341638683,-0.6274015634861959,0.6214905516531003,-1.554882015376397,-4.778220426127021,1.0,-1.0,0.0,48.0,-25.184667250478135,-22.81533274952187
0.059,4.51,0.6750968453299104,2.7299622240580983,2.7299622240580983,-2.054865378728188,-2.054865378728188,0.0,58.090322412578,-58.090322412578,0.0,-0.8833997572357838,-1.1080791141944422,1.097867301423022,-2.7467211106972202,-4.751736983543317,1.0,-1.0,0.0,48.0,-26.093606737138135,-21.90639326286187
0.0595,4.555,0.6893361140323062,2.728292876596981,2.728292876596981,-2.0389567625646747,-2.0389567625646747,0.0,58.31584077917627,-58.31584077917627,0.0,-1.2678492865211135,-1.58424512141071,1.5701678765711466,-3.9283802202139007,-4.696818560401876,1.0,-1.0,0.0,48.0,-26.99621508053706,-21.00378491946294
0.06,4.6,0.7037167544041135,2.726036719464867,2.726036719464867,-2.0223199650607535,-2.0223199650607535,0.0,58.518933305321674,-58.518933305321674,0.0,-1.6513143766512877,-2.0528460151545085,2.0355641977300305,-5.092789532026636,-4.613817835153299,1.0,-1.0,0.0,48.0,-27.88764439363293,-20.11235560636707
0.0605,4.645,0.7182387664453324,2.7232041215730107,2.7232041215730107,-2.0049653551276783,-2.0049653551276783,0.0,58.70172452101854,-58.70172452101854,0.0,-2.0326852309674406,-2.5108522341090884,2.4912764187950436,-6.232997689566974,-4.50332714553149,1.0,-1.0,0.0,48.0,-28.76304515133331,-19.23695484866669
0.061,4.6899999999999995,0.7329021501559626,2.7198088857636713,2.7198088857636713,-1.9869067356077088,-1.9869067356077088,0.0,58.86635389998811,-58.86635389998811,0.0,-2.4106987600865573,-2.955277339587191,2.934596164895812,-7.342229578855738,-4.366160856581818,1.0,-1.0,0.0,48.0,-29.61758421473269,-18.382415785267316
0.0615,4.734999999999999,0.7477069055360046,2.7158681472334774,2.7158681472334774,-1.9681612416974728,-1.9681612416974728,0.0,59.01495628106488,-59.01495628106488,0.0,-2.783915145408348,-3.383197130492676,3.3629077298433936,-8.413939274794107,-4.203334371063288,1.0,-1.0,0.0,48.0,-30.446463867793906,-17.553536132206098
0.062,4.779999999999999,0.7626530325854581,2.711402246854943,2.711402246854943,-1.9487492142694847,-1.9487492142694847,0.0,59.14964027106237,-59.14964027106237,0.0,-3.15070204176024,-3.791769024421461,3.773706924957895,-9.441857391139004,-4.016040472042366,1.0,-1.0,0.0,48.0,-31.244942458048744,-16.755057541951253
0.0625,4.824999999999999,0.7777405313043231,2.706434582345037,2.706434582345037,-1.9286940510407138,-1.9286940510407138,0.0,59.272465432568275,-59.272465432568275,0.0,-3.5092276697116054,-4.178252019169806,4.164617357680525,-10.420032263769981,-3.805623785320268,1.0,-1.0,0.0,48.0,-32.00835720212123,-15.991642797878772
0.063,4.869999999999999,0.7929694016925996,2.7009914404639948,2.7009914404639948,-1.9080220387713953,-1.9080220387713953,0.0,59.385419070842225,-59.385419070842225,0.0,-3.8574636866046097,-4.540027562408312,4.533404014280577,-11.342864604441482,-3.5735542317369564,1.0,-1.0,0.0,48.0,-32.73214963878704,-15.267850361212963
0.0635,4.914999999999999,0.8083396437502877,2.6951018135530727,2.6951018135530727,-1.886762169802785,-1.886762169802785,0.0,59.490393410992255,-59.490393410992255,0.0,-4.193198293361228,-4.874621621927093,4.877984122813928,-12.20513548786442,-3.3214004003575575,1.0,-1.0,0.0,48.0,-33.41189408045808,-14.588105919541913
0.064,4.96,0.8238512574773873,2.6887972037295844,2.6887972037295844,-1.8649459462521971,-1.8649459462521971,0.0,59.58916390132467,-59.58916390132467,0.0,-4.5140595467028755,-5.17972815500284,5.196435375954829,-13.002027772384743,-3.050803805249668,1.0,-1.0,0.0,48.0,-34.043329226807685,-13.956670773192311
0.0645,5.005,0.8395042428738984,2.6821114179470986,2.6821114179470986,-1.8426071750732003,-1.8426071750732003,0.0,59.6833692947573,-59.6833692947573,0.0,-4.817548327005488,-5.45323401903748,5.487001693356095,-13.729141295275873,-2.7634549821403347,1.0,-1.0,0.0,48.0,-34.622392866377574,-13.377607133622423
0.065,5.05,0.8552985999398212,2.6750803568993113,2.6750803568993113,-1.81978175695949,-1.81978175695949,0.0,59.77449405315633,-59.77449405315633,0.0,-5.101079891761464,-5.693245150016222,5.74809679438276,-14.382502417157784,-2.461072328123393,1.0,-1.0,0.0,48.0,-35.1452593152716,-12.854740684728396
0.0655,5.095,0.8712343286751553,2.6677418004043045,2.6677418004043045,-1.7965074717291492,-1.7965074717291492,0.0,59.86385349700399,-59.86385349700399,0.0,-5.362032460159035,-5.898113572222399,5.978305929016251,-14.95856870368603,-2.1453844810141653,1.0,-1.0,0.0,48.0,-35.60837894520697,-12.391621054793031
0.066,5.14,0.887311429079901,2.6601351914651024,2.6601351914651024,-1.7728237623852015,-1.7728237623852015,0.0,59.95258199387443,-59.95258199387443,0.0,-5.597800864244215,-6.066464512162753,6.176386172614715,-15.454229712580577,-1.8181168716879803,1.0,-1.0,0.0,48.0,-36.0085188608182,-11.9914811391818
0.0665,5.185,0.9035299011540584,2.652301420683188,2.652301420683188,-1.7487715195291296,-1.7487715195291296,0.0,60.041624353346776,-60.041624353346776,0.0,-5.805853002663812,-6.197222599225565,6.341265725217878,-15.86680498621473,-1.4809828645715015,1.0,-1.0,0.0,48.0,-36.34280352616257,-11.65719647383743
0.067,5.23,0.9198897448976273,2.644282612130801,2.644282612130801,-1.7243928672331739,-1.7243928672331739,0.0,60.13173048235075,-60.13173048235075,0.0,-5.9837866731287574,-6.2896358776408094,6.4720426657518235,-16.1940404214732,-1.1356796361687067,1.0,-1.0,0.0,48.0,-36.608753941136605,-11.391246058863391
0.0675,5.275,0.9363909603106078,2.636121911198761,2.636121911198761,-1.6997309508881533,-1.6997309508881533,0.0,60.22345326122658,-60.22345326122658,0.0,-6.12938435719089,-6.343296162948745,6.567983594941855,-16.434104189278102,-0.7838886432573275,1.0,-1.0,0.0,48.0,-36.804323855011674,-11.195676144988326
0.068,5.32,0.9530335473929997,2.6278632743660775,2.6278632743660775,-1.6748297269730776,-1.6748297269730776,0.0,60.317149532238496,-60.317149532238496,0.0,-6.24066368914483,-6.358154183211317,6.628522558700732,-16.585583300208675,-0.4272802210782487,1.0,-1.0,0.0,48.0,-36.927931494878806,-11.072068505121194
0.0685,5.365,0.9698175061448031,2.619551260324492,2.619551260324492,-1.649733754179689,-1.649733754179689,0.0,60.412984051009104,-60.412984051009104,0.0,-6.315921647880674,-6.334527975919473,6.653260578433924,-16.647481759693694,-0.06752155162454443,1.0,-1.0,0.0,48.0,-36.978485390333994,-11.021514609666003
0.069,5.41,0.986742836566018,2.6112308214726423,2.6112308214726423,-1.6244879849066243,-1.6244879849066243,0.0,60.51093623589195,-60.51093623589195,0.0,-6.353770939797026,-6.273103180912659,6.641966029579529,-16.619221032358716,0.29371302088347306,1.0,-1.0,0.0,48.0,-36.955403089934364,-11.044596910065628
0.0695,5.455,1.0038095386566448,2.602947094503179,2.602947094503179,-1.5991375558465342,-1.5991375558465342,0.0,60.610809555830826,-60.610809555830826,0.0,-6.353167554148316,-6.1749241793004295,6.594576009301404,-16.500643252755964,0.6547305509249988,1.0,-1.0,0.0,48.0,-36.85862187602578,-11.14137812397422
0.07,5.5,1.0210176124166828,2.594745188666957,2.594745188666957,-1.573727576250274,-1.573727576250274,0.0,60.712243416107555,-60.712243416107555,0.0,-6.313429023710911,-6.041375465195251,6.511198723909272,-16.29201729724472,1.0138082697478055,1.0,-1.0,0.0,48.0,-36.68860096836235,-11.311399031637645
0.0705,5.544999999999999,1.0383670578461321,2.586669970325802,2.586669970325802,-1.54830291247967,-1.54830291247967,0.0,60.81472742414751,-60.81472742414751,0.0,-6.234243465444167,-5.874153173200883,6.392116812215644,-15.994047492063714,1.36918394057059,1.0,-1.0,0.0,48.0,-36.44631513153817,-11.553684868461833
0.071,5.589999999999999,1.0558578749449932,2.578779263130191,2.578779263130191,-1.5229213881851977,-1.5229213881851977,0.0,60.58032569241439,-57.14875780037148,-3.4315678920429153,-6.051999578529403,-5.616288463721092,6.172902091035873,-15.445521689703984,4.328175529890649,1.0,0.0,-1.0,0.0,48.0,-48.0
0.0715,5.634999999999999,1.073490063713266,2.5714389776564954,2.5714389776564954,-1.4979489139432294,-1.4979489139432294,0.0,59.988247413499835,-50.04443783915292,-9.943809574346918,-5.390995826642563,-4.931833873866101,5.4742445687966725,-13.697351105285218,9.565381092189433,1.0,0.0,-1.0,0.0,48.0,-48.0
0.072,5.679999999999999,1.0912636241509501,2.5652882723525687,2.5652882723525687,-1.4740246482016186,-1.4740246482016186,0.0,59.328307390389796,-43.51382818984121,-15.814479200548584,-4.2303854790429885,-3.8235004069444143,4.280951707189595,-10.71153454539277,14.219017020894515,1.0,0.0,-1.0,0.0,48.0,-48.0
0.0725,5.725,1.109178556258046,2.5609083389130234,2.5609083389130234,-1.4517297826549773,-1.4517297826549773,0.0,58.54741607578518,-37.563030258104156,-20.98438581768102,-2.6286694315203336,-2.35526093746044,2.6539966506445403,-6.640652485363512,18.239706868607392,1.0,0.0,-1.0,0.0,48.0,-48.0
0.073,5.77,1.1272348600345534,2.558801491200022,2.558801491200022,-1.4315666311654685,-1.4315666311654685,0.0,57.60330627386138,-32.19094269678927,-25.412363577072107,-0.6525190119535303,-0.5821944324325706,0.6581097596985825,-1.6466760064381083,21.601085599267734,1.0,0.0,-1.0,0.0,48.0,-48.0
0.0735,5.8149999999999995,1.1454325354804724,2.559387824892701,2.559387824892701,-1.4139552894122285,-1.4139552894122285,0.0,56.465337454477904,-27.391172684722232,-29.07416476975567,1.625903655160805,1.4523764373476131,-1.6403121087145143,4.104275242354892,24.29554632498077,1.0,0.0,-1.0,0.0,48.0,-48.0
0.074,5.859999999999999,1.1637715825958028,2.5630042157251958,2.5630042157251958,-1.399232633129393,-1.399232633129393,0.0,55.1149612034238,-23.153936712235858,-31.961024491187942,4.130532188941304,3.7163847128235967,-4.17484157154061,10.446020658759474,26.329394475030274,1.0,0.0,-1.0,0.0,48.0,-48.0
0.0745,5.904999999999999,1.1822520013805446,2.5699050589656123,2.5699050589656123,-1.3876530575850676,-1.3876530575850676,0.0,53.54585557017228,-19.467620551555807,-34.07823501861647,6.781539280940915,6.18530696257892,-6.880183495241799,17.215204692854975,27.71820797799942,1.0,0.0,-1.0,0.0,48.0,-48.0
0.075,5.949999999999999,1.2008737918346981,2.5802641775195077,2.5802641775195077,-1.3793903856848095,-1.3793903856848095,0.0,51.76377658321731,-16.319747783517943,-35.44402879969937,9.494057296864131,8.835909790278603,-9.692914168976975,24.253123424207008,28.48310951308722,1.0,0.0,-1.0,0.0,48.0,-48.0
0.0755,5.994999999999999,1.2196369539582632,2.59417743883025,2.59417743883025,-1.3745404848719869,-1.3745404848719869,0.0,49.78619595434536,-13.6972182170974,-36.08897773724796,12.175853964839524,11.638575365219644,-12.551907477251685,31.406795819091883,28.64854025799803,1.0,0.0,-1.0,0.0,48.0,-48.0
0.076,6.039999999999999,1.2385414877512397,2.611665807104599,2.611665807104599,-1.3731243193533593,-1.3731243193533593,0.0,47.64179130203001,-11.585814622253734,-36.05597667977627,14.724777908978277,14.549789379825208,-15.39861952416047,38.52971551297974,28.241991552159202,1.0,0.0,-1.0,0.0,48.0,-48.0
0.0765,6.084999999999999,1.257587393213628,2.6326787996460737,2.6326787996460737,-1.3750914064324458,-1.3750914064324458,0.0,45.36981925054492,-9.969132874837559,-35.40068637570736,17.027347677007864,17.506838663021714,-18.17746231963565,45.48280612846633,27.295904407240855,1.0,0.0,-1.0,0.0,48.0,-48.0
0.077,6.13,1.2767746703454277,2.65709858188193,2.65709858188193,-1.3803239115365025,-1.3803239115365025,0.0,43.019321664052015,-8.827249891600584,-34.19207177245143,18.96040539113155,20.426999473306523,-20.836527084149502,52.13609952325557,25.851446337371705,1.0,0.0,-1.0,0.0,48.0,-48.0
0.0775,6.175,1.296103319146639,2.6847451619107847,2.6847451619107847,-1.3886418427641458,-1.3886418427641458,0.0,40.64799321025263,-8.135562472400872,-32.51243073785176,20.397904847110592,23.21305642933382,-23.328857641809172,58.37148914292971,23.963077108072525,1.0,0.0,-1.0,0.0,48.0,-48.0
0.078,6.22,1.3155733396172617,2.7153832346712514,2.7153832346712514,-1.3998098950539897,-1.3998098950539897,0.0,38.32040980064504,-7.8642395140641845,-30.456170286580857,21.22409475636127,25.7654567115229,-25.614256694426427,64.08652685054354,21.701947631457045,1.0,0.0,-1.0,0.0,48.0,-48.0
0.0785,6.265,1.3351847317572958,2.7487310756577124,2.7487310756577124,-1.4135463439004166,-1.4135463439004166,0.0,36.10526289747408,-7.978567795647863,-28.12669510182621,21.352217707586874,27.998844658847872,-27.661233837925128,69.19867788750861,19.155797252667092,1.0,0.0,-1.0,0.0,48.0,-48.0
0.079,6.31,1.3549374955667417,2.784471454007901,2.784471454007901,-1.4295339584411593,-1.4295339584411593,0.0,34.07136879668697,-8.440143063251377,-25.631225733435596,20.744738291710622,29.858089054102056,-29.4483311159073,73.64892958470845,16.42375408361163,1.0,0.0,-1.0,0.0,48.0,-48.0
0.0795,6.3549999999999995,1.3748316310455992,2.8222639187751786,2.8222639187751786,-1.4474322877295793,-1.4474322877295793,0.0,32.28258417025377,-9.208484164000206,-23.074100006253566,19.428440829655933,31.327833503899704,-30.96399194810182,77.40347737218364,13.60642570883876,1.0,0.0,-1.0,0.0,48.0,-48.0
0.08,6.3999999999999995,1.394867138193868,2.8617572492224195,2.8617572492224195,-1.4668901110285515,-1.4668901110285515,0.0,30.792287652637427,-10.242435061318181,-20.549852591319244,17.49741449377278,32.43132786498503,-32.20462150610614,80.45261322055198,10.794054296152087,1.0,0.0,-1.0,0.0,48.0,-48.0
0.0805,6.445,1.4150440170115486,2.90260063205637,2.90260063205637,-1.4875566150448214,-1.4875566150448214,0.0,29.638555088706283,-11.50083397936181,-18.137721109344472,15.100072463521613,33.218505254226095,-33.17142480732202,82.8068341541431,8.056797175641657,1.0,0.0,-1.0,0.0,48.0,-48.0
0.081,6.49,1.4353622674986406,2.944452384999871,2.944452384999871,-1.5090901175012306,-1.5090901175012306,0.0,28.841278773669146,-12.942353030485712,-15.898925743183431,12.412075149157838,33.74785011181208,-33.86746741242582,84.49114289862997,5.440332123580492,1.0,0.0,-1.0,0.0,48.0,-48.0
0.0815,6.535,1.455821889655144,2.9869856836517883,2.9869856836517883,-1.5311637939966443,-1.5311637939966443,0.0,28.40209566403341,-14.524914074549562,-13.877181589483847,9.602738742223297,34.06900453333854,-34.29651683813594,85.53900929847383,2.9673892072455383,1.0,0.0,-1.0,0.0,48.0,-48.0
0.082,6.58,1.476422883481059,3.029891460911323,3.029891460911323,-1.553468577430264,-1.553468577430264,0.0,28.307184274384596,-16.20535815382244,-12.101826120562155,6.805398701837921,34.21206746232884,-34.4643236296539,85.9872617405827,0.6431664355065898,1.0,0.0,-1.0,0.0,48.0,-48.0
0.0825,6.625,1.4971652489763858,3.072879122563461,3.072879122563461,-1.5757138735870753,-1.5757138735870753,0.0,28.532081737336785,-17.93990761850397,-10.592174118832816,4.100877172599958,34.185989398705324,-34.38151583203985,85.87249251333675,-1.5384661950232505,1.0,0.0,-1.0,0.0,48.0,-48.0
0.083,6.67,1.518048986141124,3.115675831140179,3.115675831140179,-1.597626844999055,-1.597626844999055,0.0,29.04704824712313,-19.685485197870637,-9.361563049252494,1.5183114298387939,33.98445749830594,-34.0661080727525,85.2288655335696,-3.590169236708155,1.0,0.0,-1.0,0.0,48.0,-48.0
0.0835,6.715,1.5390740949752737,-3.1251603526355956,3.1580249545439907,-1.618950859568717,-1.618950859568717,0.0,29.82142977759659,-21.401420831302218,-8.420008946294374,-0.9486979887288997,33.595162065286395,-33.54354883043281,84.08689412574209,-5.52807610860501,1.0,0.0,-1.0,0.0,48.0,-48.0
0.084,6.76,1.5602405754788347,-3.0835012334491596,3.1996840737304266,-1.639443498251592,-1.639443498251592,0.0,30.82595887840568,-23.0507931543209,-7.775165724084778,-3.3177504045772936,33.00815121884722,-32.84338252446324,82.47287238419364,-7.369382732227689,1.0,0.0,-1.0,0.0,48.0,-48.0
0.0845,6.805,1.5815484276518077,-3.042762442372472,3.240422864807114,-1.6588744371553064,-1.6588744371553064,0.0,32.032760312268124,-24.600774244986596,-7.431986067281529,-5.594233120978698,32.22063482993032,-31.993377841963625,80.40896902961491,-9.129291951740106,1.0,0.0,-1.0,0.0,48.0,-48.0
0.085,6.8500000000000005,1.6029976514941922,-3.0031640651342486,3.2800212420453376,-1.6770235905511455,-1.6770235905511455,0.0,33.41364289233077,-26.02180049515845,-7.391842397172325,-7.756429019419963,31.23786163532349,-31.013404393552076,77.9142224974824,-10.816892324051437,1.0,0.0,-1.0,0.0,48.0,-48.0
0.0855,6.8950000000000005,1.624588247005988,-2.9649170385885366,3.3182682685910496,-1.6936800215850616,-1.6936800215850616,0.0,34.937757924524284,-27.285938779483402,-7.651819145040882,-9.752813827935388,30.07138527002102,-29.911683427847812,75.00662917184627,-12.43074971474356,1.0,0.0,-1.0,0.0,48.0,-48.0
0.086,6.939999999999999,1.6463202141871947,-2.92822293774358,3.3549623694360062,-1.7086421552488116,-1.7086421552488116,0.0,36.56975596847783,-28.365191378510012,-8.204564589967818,-11.510719727097685,28.73659208975372,-28.685153141695935,71.70621201090063,-13.95574979971412,1.0,0.0,-1.0,0.0,48.0,-48.0
0.0865,6.984999999999999,1.6681935530378138,-2.89327208148557,3.3899132256940163,-1.7217196726562025,-1.7217196726562025,0.0,38.26923754429786,-29.230528805424598,-9.03870873887326,-12.952124715587967,27.250921529821422,-27.32403214171315,68.03856352082153,-15.362652619430852,1.0,0.0,-1.0,0.0,48.0,-48.0
0.087,7.029999999999999,1.6902082635578441,-2.8602399079602323,3.422945399219354,-1.7327371356615098,-1.7327371356615098,0.0,39.991757408757564,-29.85216282685315,-10.139594581904413,-14.010884644931204,25.633308022073674,-25.81900753434475,64.03808443858655,-16.61097962389468,1.0,0.0,-1.0,0.0,48.0,-48.0
0.0875,7.074999999999999,1.7123643457472864,-2.8292819746256157,3.4539033325539705,-1.7415389868066842,-1.7415389868066842,0.0,41.691123313310314,-30.201114209264322,-11.490009104045996,-14.6463214930682,23.904569357946528,-24.168532909853617,59.750129775257925,-17.654682350626075,1.0,0.0,-1.0,0.0,48.0,-48.0
0.088,7.119999999999999,1.7346617996061398,-2.8005282756398655,3.4826570315397207,-1.747995231933581,-1.747995231933581,0.0,43.32239322060598,-30.251689405376503,-13.070703815229479,-14.85012687706669,22.088079241358127,-22.38384746276413,55.23153957630238,-18.449098397416698,1.0,0.0,-1.0,0.0,48.0,-48.0
0.0885,7.164999999999999,1.757100625134405,-2.7740777269110435,3.5091075802685427,-1.7520069551341377,-1.7520069551341377,0.0,44.8448863384709,-29.984221766188497,-14.860664572282403,-14.646080618154668,20.21011425666907,-20.4903672937749,50.54945929905095,-18.95739156045805,1.0,0.0,-1.0,0.0,48.0,-48.0
0.089,7.209999999999999,1.7796808223320815,-2.7499936088616117,3.5331916983179745,-1.753510875985893,-1.753510875985893,0.0,46.22464957956886,-29.3874217731017,-16.837227806467165,-14.084171309710106,18.29957565162065,-18.525500975673673,45.77876960663575,-19.15506158709582,1.0,0.0,-1.0,0.0,48.0,-48.0
0.0895,7.254999999999999,1.8024023911991698,-2.7283005243492497,3.5548847828303365,-1.7524823916311667,-1.7524823916311667,0.0,47.436064212428846,-28.45987333623246,-18.976190876196387,-13.231751375580448,16.38712222655716,-16.53406570458344,40.99870209790489,-19.031920624585585,1.0,0.0,-1.0,0.0,48.0,-48.0
0.09,7.299999999999999,1.8252653317356693,-2.708983121246394,3.574202185933192,-1.7489368541975228,-1.7489368541975228,0.0,48.46252862803171,-27.21049707586432,-21.25203155216739,-12.164309042338962,14.503956642927283,-14.562937167685883,36.28926177458061,-18.591754470963426,1.0,0.0,-1.0,0.0,48.0,-48.0
0.0905,7.345,1.8482696439415809,-2.691986545213238,3.591198761966348,-1.7429291180247672,-1.7429291180247672,0.0,49.29633682872972,-25.65806027557488,-23.638276553154846,-10.957666756655025,12.68054840907878,-12.656353496671638,31.727949700770353,-17.850404073792557,1.0,0.0,-1.0,0.0,48.0,-48.0
0.091,7.39,1.8714153278169037,-2.677218391967289,3.605966915212297,-1.7345515873953934,-1.7345515873953934,0.0,49.937963030932856,-23.829975286539042,-26.107987744393814,-9.682432460554686,10.945504649611266,-10.852693362258293,27.387072213516454,-16.833127348333022,1.0,0.0,-1.0,0.0,48.0,-48.0
0.0915,7.435,1.8947023833616379,-2.664551836547877,3.618633470631709,-1.7239310872700713,-1.7239310872700713,0.0,50.39497501081483,-21.760679885609395,-28.634295125205437,-8.400726855178997,9.32469104149733,-9.182903535849317,23.33172466344959,-15.571933580333148,1.0,0.0,-1.0,0.0,48.0,-48.0
0.092,7.4799999999999995,1.9181308105757837,-2.6538296105674575,3.6293556966121288,-1.711224886036345,-1.711224886036345,0.0,50.68076434932154,-19.48986182662921,-31.190902522692333,-7.164747914577527,7.840615223877132,-7.670292355071657,19.618399849511494,-14.10329430457727,1.0,0.0,-1.0,0.0,48.0,-48.0
0.0925,7.5249999999999995,1.9417006094593414,-2.644868542674426,3.63831676450516,-1.6966161550458188,-1.6966161550458188,0.0,50.813230796527684,-17.060717163733877,-33.75251363279381,-6.0165875928949575,6.512034394200455,-6.331200818822496,16.294105265028442,-12.466366558461122,1.0,0.0,-1.0,0.0,48.0,-48.0
0.093,7.569999999999999,1.96541178001231,-2.637464439637049,3.645720867542537,-1.6803090875302271,-1.6803090875302271,0.0,50.81351012056378,-14.518353273167277,-36.2951568473965,-4.988772044076248,5.353733603293078,-5.176064960358608,13.39586374246522,-10.701685811487582,1.0,0.0,-1.0,0.0,48.0,-48.0
0.0935,7.614999999999999,1.9892643222346906,-2.6313971433279715,3.6517881638516148,-1.6625238416169241,-1.6625238416169241,0.0,50.704798381289166,-11.90838372086448,-38.79641466042469,-4.1051396011369,4.376427529050566,-4.210500999990591,10.950494828743011,-8.85020384348586,1.0,0.0,-1.0,0.0,48.0,-48.0
0.094,7.659999999999999,2.013258236126483,-2.626435641914555,3.656749665265031,-1.6434914291385483,-1.6434914291385483,0.0,50.51130135056945,-9.275720411472284,-41.23558093909716,-3.381820434903184,3.586752992445098,-3.436197069915398,8.974607873655494,-6.95253625819319,1.0,0.0,-1.0,0.0,48.0,-48.0
0.0945,7.705,2.0373935216876866,-2.622343140077805,3.6608421671017815,-1.6234486454140948,-1.6234486454140948,0.0,50.257323035869064,-6.663547163046731,-43.593775872822334,-2.828199107678799,2.9873336848938723,-2.851530540918899,7.474768563310769,-5.048313061532223,1.0,0.0,-1.0,0.0,48.0,-48.0
0.095,7.75,2.061670178918302,-2.6188820064138323,3.664303300765754,-1.602633121847452,-1.602633121847452,0.0,49.966498454120064,-4.112452384911411,-45.85404606920865,-2.447816036709864,2.576908689273195,-2.451925684309974,6.447822070926997,-3.17556796500822,1.0,0.0,-1.0,0.0,48.0,-48.0
0.0955,7.795,2.0860882078183285,-2.615818521428849,3.6673667857507373,-1.5812785779324088,-1.5812785779324088,0.0,49.66117007633504,-1.6597006906601264,-48.001469385674916,-2.2392014671940785,2.3505216929734685,-2.23001968089955,5.881366970031815,-1.3701416649653275,1.0,0.0,-1.0,0.0,48.0,-48.0
0.096,7.84,2.1106476083877665,-2.6129142115785258,3.6702710956010605,-1.559623487213294,-1.559623487213294,0.0,45.72134129587648,2.4798727856125606,-48.20121408148904,-2.242031152452964,2.3472561404598262,-2.220619880931867,5.873196052080211,1.7620388096939656,0.0,1.0,-1.0,-48.0,48.0,0.0
0.0965,7.885,2.1353483806266165,-2.6097908553202482,3.673394451859338,-1.5380460712327215,-1.5380460712327215,0.0,40.25856470819551,7.208901117385484,-47.46746582558099,-2.591644949719951,2.705761720515512,-2.551784846510301,6.77023215793193,5.361178454548719,0.0,1.0,-1.0,-48.0,48.0,0.0
0.097,7.93,2.1601905245348774,-2.6060009432768774,3.677184363902709,-1.5169938393678315,-1.5169938393678315,0.0,35.21776800610797,11.507416724095185,-46.72518473020315,-3.2740450297920263,3.4070930331050775,-3.2006551199633293,8.525070903678875,8.616172653202732,0.0,1.0,-1.0,-48.0,48.0,0.0
0.0975,7.975,2.1851740401125506,-2.6011380537165,3.6820472534630864,-1.4968732133505358,-1.4968732133505358,0.0,30.608708666802606,15.332123726596713,-45.94083239339932,-4.259234876461829,4.414589845401457,-4.125556161121916,11.045982381336053,11.48352749292388,0.0,1.0,-1.0,-48.0,48.0,0.0
0.098,8.02,2.2102989273596347,-2.594844096837554,3.688341210342032,-1.4780422829823974,-1.4780422829823974,0.0,26.437308232573944,18.651307562457017,-45.08861579503096,-5.514672376733741,5.6878451702795125,-5.278033251827245,14.231860552282711,13.931549492759938,0.0,1.0,-1.0,-48.0,48.0,0.0
0.0985,8.065000000000001,2.2355651862761308,-2.586813288056062,3.6963720191235243,-1.4608068328473935,-1.4608068328473935,0.0,22.705854645566976,21.44494164976393,-44.150796295330906,-7.0057081899599645,7.183830705953471,-6.602875041145652,17.9750362001793,15.939240743379086,0.0,1.0,-1.0,-48.0,48.0,0.0
0.099,8.11,2.260972816862038,-2.576794783823879,3.706390523355707,-1.4454177064936689,-1.4454177064936689,0.0,19.413251326801895,23.70466158100903,-43.117912907810926,-8.695224234574848,8.857915249985746,-8.038192894451733,22.163815991438554,17.495245909567647,0.0,1.0,-1.0,-48.0,48.0,0.0
0.0995,8.155000000000001,2.2865218191173575,-2.5645941094391436,3.7185911977404427,-1.4320693786230851,-1.4320693786230851,0.0,16.55522231210886,25.433660418260402,-41.98888273036926,-10.542745514930566,10.66479478366189,-9.515641848969784,26.684786139859803,18.597055276292387,0.0,1.0,-1.0,-48.0,48.0,0.0
0.1,8.2,2.3122121930420882,-2.5500734766899757,3.7331118304896105,-1.4208996374475222,-1.4208996374475222,0.0,14.124423683573333,26.646521169370466,-40.7709448529438,-12.503496398367314,12.559374316179026,-10.961028300835752,31.424967105665548,19.250630598413714,0.0,1.0,-1.0,-48.0,48.0,0.0
0.1005,8.245000000000001,2.33804393863623,-2.5331510375182718,3.7500342696613145,-1.4119903310250845,-1.4119903310250845,0.0,12.110461382869303,27.368946179288436,-39.47940756215774,-14.528014719399227,14.497654228188015,-12.295708979909195,36.2739347392519,19.47050597704896,0.0,1.0,-1.0,-48.0,48.0,0.0
0.101,8.29,2.364017055899784,-2.5137990624459285,3.7693862447336577,-1.4053691888338737,-1.4053691888338737,0.0,10.499864142978883,27.63727818915572,-38.1371423321346,-16.562945386801193,16.43766662870649,-13.439271664056722,41.126014549978414,19.280232086625624,0.0,1.0,-1.0,-48.0,48.0,0.0
0.1015,8.335,2.390131544832749,-2.492040991881533,3.791144315298053,-1.4010127704653041,-1.4010127704653041,0.0,9.276093454200605,27.49765425086457,-36.773747705065176,-18.553434613994014,18.340469996967965,-14.313908251750517,45.88259584766549,18.712815704087518,0.0,1.0,-1.0,-48.0,48.0,0.0
0.102,8.379999999999999,2.416387405435125,-2.4679473108620944,3.815237996317492,-1.398850590882367,-1.398850590882367,0.0,8.419675237814076,27.004619397155103,-35.42429463496918,-20.447106790699568,20.171141270568487,-14.850562526930196,50.45450202107417,17.810634542800955,0.0,1.0,-1.0,-48.0,48.0,0.0
0.1025,8.424999999999999,2.4427846377069127,-2.441630263648925,3.8415550435306614,-1.3987704058237487,-1.3987704058237487,0.0,7.908501631546017,26.21907935811891,-34.12758098966493,-22.198999081218112,21.89962006514523,-14.996343069664176,54.764216254861,16.62428554386822,0.0,1.0,-1.0,-48.0,48.0,0.0
0.103,8.469999999999999,2.469323241648113,-2.4132375556841876,3.8699477514953986,-1.4006245098472858,-1.4006245098472858,0.0,7.718282344035579,25.205602582167167,-32.923884926202746,-23.77625452274939,23.501200229408326,-14.721954675027078,58.74764795607864,15.2100388763407,0.0,1.0,-1.0,-48.0,48.0,0.0
0.1035,8.514999999999999,2.4960032172587243,-2.382945360015164,3.900239947164422,-1.4042367299056977,-1.4042367299056977,0.0,7.823049257642161,24.029271485560233,-31.852320743202394,-25.16111542900847,24.95648343168126,-14.02729185213597,62.35509474440483,13.626012004983536,0.0,1.0,-1.0,-48.0,48.0,0.0
0.104,8.559999999999999,2.5228245645387473,-2.3509510997246488,3.9322342074549375,-1.4094096429161902,-1.4094096429161902,0.0,8.195574421834092,22.752473661582542,-30.948048083416634,-26.35104166541456,26.25074420967095,-12.943204016882747,65.55114929184035,11.927698474861176,0.0,1.0,-1.0,-48.0,48.0,0.0
0.1045,8.605,2.5497872834881816,-2.317466554826433,3.9657187523531534,-1.4159314688649718,-1.4159314688649718,0.0,8.80758375464935,21.432135738913406,-30.239719493562756,-27.35560819271309,27.372884727604138,-11.528034959338997,68.31350867264999,10.163833298923006,0.0,1.0,-1.0,-48.0,48.0,0.0
0.105,8.649999999999999,2.5768913741070274,-2.282711800403265,4.000473506776322,-1.4235821326692943,-1.4235821326692943,0.0,9.629741420848887,20.117868828287666,-29.747610249136553,-28.1909288407044,28.314384374044813,-9.858833522146185,70.63089367799677,8.373537725084578,0.0,1.0,-1.0,-48.0,48.0,0.0
0.1055,8.695,2.6041368363952846,-2.246910327600362,4.036274979579224,-1.432138143183939,-1.432138143183939,0.0,10.631507243243476,18.851299965371854,-29.48280720861533,-28.8732434868294,29.068735869779545,-8.01876611751498,72.5004725940789,6.585241180371041,0.0,1.0,-1.0,-48.0,48.0,0.0
0.106,8.739999999999998,2.631523670352954,-2.2102854837077905,4.072899823471795,-1.4413761531188412,-1.4413761531188412,0.0,11.781066885217161,17.666562769578658,-29.44762965479582,-29.413587386710713,29.631702708858665,-6.083653682841285,73.92522990544697,4.817246785628626,0.0,1.0,-1.0,-48.0,48.0,0.0
0.1065,8.785,2.6590518759800346,-2.173058167279627,4.110127139899959,-1.451075263919924,-1.451075263919924,0.0,13.045540647269632,16.591618404227304,-29.637159051496937,-29.8150056254344,30.002344906697207,-4.11114247094028,74.91162031973745,3.079324308415722,0.0,1.0,-1.0,-48.0,48.0,0.0
0.107,8.829999999999998,2.6867214532765265,-2.1354455867950026,4.147739720384584,-1.4610182671080572,-1.4610182671080572,0.0,14.391570034047678,15.649886912151572,-30.04145694619925,-30.07279423338278,30.184295038129097,-2.1354903003580055,75.46767353069247,1.3746192853758163,0.0,1.0,-1.0,-48.0,48.0,0.0
0.1075,8.875,2.7145324022424306,-2.097660848720046,4.18552445845954,-1.470992056217109,-1.470992056217109,0.0,15.78619845384251,14.861657856195992,-30.647856310038502,-30.17717747958175,30.186462150424674,-0.16939314341107575,75.60156703722774,-0.29854544378161035,0.0,1.0,-1.0,-48.0,48.0,0.0
0.108,8.92,2.742484722877746,-2.0599131495003093,4.223272157679277,-1.4807874348015315,-1.4807874348015315,0.0,17.197786219526904,14.244913548675646,-31.44269976820255,-30.11710956582989,30.022398103287095,1.787830593644036,75.32063369015823,-1.9449566443233648,0.0,1.0,-1.0,-48.0,48.0,0.0
0.1085,8.965,2.770578415182473,-2.0224083537775552,4.260776953402031,-1.4901985382195582,-1.4901985382195582,0.0,18.596620493374342,13.81546410221588,-32.41208459559022,-29.883765302899963,29.708023326354912,3.7383264360246815,74.63081913152266,-3.5705606374064303,0.0,1.0,-1.0,-48.0,48.0,0.0
0.109,9.01,2.798813479156611,-1.9853497116506145,4.297835595528972,-1.4990221163723612,-1.4990221163723612,0.0,19.954949789655448,13.586552108373706,-33.54150189802915,-29.4727196042482,29.258118228753258,5.673798670980028,73.53669129843898,-5.1799640985377025,0.0,1.0,-1.0,-48.0,48.0,0.0
0.1095,9.055,2.8271899148001607,-1.9489384026112138,4.3342469045683725,-1.5070569897682118,-1.5070569897682118,0.0,21.246375588591217,13.568240373814685,-34.8146159624059,-28.884537996426435,28.682641516812613,7.567258919481179,72.04214701372024,-6.773395876108957,0.0,1.0,-1.0,-48.0,48.0,0.0
0.11,9.1,2.855707722113122,-1.9133735313136337,4.369811775865952,-1.5141040537528303,-1.5141040537528303,0.0,22.44479374480107,13.766905663393057,-36.21169940819413,-28.12416152133101,27.98423046946661,9.370852682445083,70.15190128244981,-8.343597728513046,0.0,1.0,-1.0,-48.0,48.0,0.0
0.1105,9.145,2.8843669010954947,-1.8788511952356985,4.4043341119438875,-1.5199672108483928,-1.5199672108483928,0.0,23.52328997143378,14.185046176646555,-37.708336148080335,-27.19981316369758,27.157999380933408,11.020288804850177,67.87367923757809,-9.873464635548913,0.0,1.0,-1.0,-48.0,48.0,0.0
0.111,9.19,2.913167451747279,-1.8455623385339008,4.437622968645686,-1.5244555168984064,-1.5244555168984064,0.0,24.453467508319278,14.821438989483964,-39.274906497803244,-26.12211015459306,26.19402848302252,12.444453768181983,65.22081172477931,-11.335304107306236,0.0,1.0,-1.0,-48.0,48.0,0.0
0.1115,9.235,2.942109374068475,-1.8136893053090155,4.469496001870571,-1.5273866278020956,-1.5273866278020956,0.0,25.205585819043925,15.671536270551329,-40.877122089595254,-24.903746484258686,25.08198830215801,13.577408002453565,62.21475158752145,-12.692256647132629,0.0,1.0,-1.0,-48.0,48.0,0.0
0.112,9.28,2.9711926680590826,-1.7834012691962071,4.499784037983379,-1.5285913699242966,-1.5285913699242966,0.0,25.749650307898037,16.7279224404761,-42.477572748374136,-23.55971557161139,23.81655372928873,14.369526520595866,58.88696423500128,-13.901813287757854,0.0,1.0,-1.0,-48.0,48.0,0.0
0.1125,9.325,3.0004173337191014,-1.7548489714418591,4.528336335737727,-1.5279190020186255,-1.5279190020186255,0.0,26.057303391822092,17.9806808249776,-44.03798421679969,-22.107763175594194,22.401964207487545,14.79512452476073,55.27974505110624,-14.920719761968178,0.0,1.0,-1.0,-48.0,48.0,0.0
0.113,9.37,3.0297833710485325,-1.7281593685721264,4.55502593860746,-1.5252425675589274,-1.5252425675589274,0.0,26.104133282265696,19.41760684906391,-45.52174013132961,-20.56868986253332,20.854407709918696,14.855211811876194,51.445752608683016,-15.710144809729991,0.0,1.0,-1.0,-48.0,48.0,0.0
0.1135,9.415,3.059290780047374,-1.703430823694843,4.579754483484743,-1.5204637034373691,-1.5204637034373691,0.0,25.871916862185515,21.02430241730582,-46.89621927949133,-18.96623854605365,19.201689823884113,14.575520362323342,47.446337342515235,-16.239980897429458,0.0,1.0,-1.0,-48.0,48.0,0.0
0.114,9.46,3.0889395607156285,-1.6807293709652875,4.602455936214299,-1.5135163754986705,-1.5135163754986705,0.0,25.350365814201623,22.78424654727499,-48.13461236147661,-17.326504726438085,17.480537074304713,14.001110918105667,43.3489886161543,-16.491513092040275,0.0,1.0,-1.0,-48.0,48.0,0.0
0.1145,9.505,3.118729713053294,-1.6600863846351936,4.623098922544393,-1.5043692094910988,-1.5043692094910988,0.0,24.538109027716313,24.67894177051902,-49.217050798235334,-15.676983854667371,15.732511931751034,13.189372436881502,39.22434657243003,-16.45824246465566,0.0,1.0,-1.0,-48.0,48.0,0.0
0.115,9.55,3.1486612370603706,-1.6414972280288764,4.641688079150709,-1.4930268420903388,-1.4930268420903388,0.0,22.78422220344979,26.02942412429447,-48.81364632774426,-14.050854066597823,14.005074781828473,12.207787518626784,35.156718336008915,-15.6869127237785,-1.0,1.0,0.0,-48.0,0.0,48.0
0.1155,9.595,3.178734132736859,-1.624848284524602,4.658337022654984,-1.4796028899181253,-1.4796028899181253,0.0,18.75628602253515,25.445166343270884,-44.201452365806034,-12.606541108641851,12.466590788860744,11.237524852417643,31.543293065434295,-13.186712403277628,-1.0,1.0,0.0,-48.0,0.0,48.0
0.116,9.64,3.208948400082759,-1.609846025592456,4.67333928158713,-1.4643908815043711,-1.4643908815043711,0.0,14.71378004478468,25.08169531298172,-39.7954753577664,-11.42082544028271,11.195966225657525,10.393239126137313,28.57660950876996,-10.527266759587848,-1.0,1.0,0.0,-48.0,0.0,48.0
0.1165,9.685,3.23930403909807,-1.596158869431795,4.687026437747791,-1.4477223986497214,-1.4477223986497214,0.0,10.711887390217658,24.886985518281936,-35.598872908499594,-10.505399139484394,10.202379695453905,9.723452501212602,26.286116427916692,-7.7900486830264075,-1.0,1.0,0.0,-48.0,0.0,48.0
0.117,9.73,3.2698010497827927,-1.5834454219243104,4.699739885255276,-1.4299388354724836,-1.4299388354724836,0.0,6.805497826888708,24.813865561493873,-31.61936338838258,-9.86429230100006,9.484322562266058,9.260211524719994,24.68197672593125,-5.047841566872998,-1.0,1.0,0.0,-48.0,0.0,48.0
0.1175,9.774999999999999,3.3004394321369266,-1.5713635747566657,4.711821732422921,-1.4113823002859944,-1.4113823002859944,0.0,3.0470001277266867,24.820352192800506,-27.867352320527193,-9.494718299270414,9.031494409754009,9.021823117774723,23.757246216032147,-2.3647462622076034,-1.0,1.0,0.0,-48.0,0.0,48.0
0.118,9.819999999999999,3.3312191861604723,-1.5595785207359079,4.723606786443678,-1.392387600283206,-1.392387600283206,0.0,-0.5154373401959127,24.86987498985813,-24.354437649662216,-9.3879183106469,8.826252000017305,9.015395717305285,23.49001590887021,0.2035662575895909,-1.0,1.0,0.0,-48.0,0.0,48.0
0.1185,9.864999999999998,3.36214031185343,-1.5477697163151622,4.735415590864424,-1.3732752790109939,-1.3732752790109939,0.0,-3.839176205917493,24.931434525525315,-21.092258319607822,-9.529982402124501,8.844596317010991,9.238972043131314,23.84547701540577,2.609508322343423,-1.0,1.0,0.0,-48.0,0.0,48.0
0.119,9.909999999999998,3.393202809215799,-1.5356368337517632,4.747548473427823,-1.3543456642120244,-1.3543456642120244,0.0,-6.888087379992417,24.979722357168257,-18.09163497717584,-9.90263939087029,9.056791132265284,9.683195128944874,24.77789718435368,4.81322288064829,-1.0,1.0,0.0,-48.0,0.0,48.0
0.1195,9.955,3.4244066782475797,-1.522904746458351,4.7602805607212355,-1.3358738824736558,-1.3358738824736558,0.0,-9.633268294496288,24.99521524775292,-15.361946953256632,-10.484016687675869,9.427753109255192,10.332539096697403,26.23251338798845,6.782276013643941,-1.0,1.0,0.0,-48.0,0.0,48.0
0.12,10.0,3.455751918948772,-1.5093275856448725,4.773857721534714,-1.3181058025859422,-1.3181058025859422,0.0,-12.053549309495185,24.96424153043645,-12.910692220941264,-11.249376893320775,9.917370206513814,11.166194959048445,28.14735712666052,8.491427340622923,-1.0,1.0,0.0,-48.0,0.0,48.0
0.1205,10.0,3.48716784548467,-1.494691896745427,4.788493410434159,-1.3013255649494893,-1.3013255649494893,0.0,-14.135820482391994,24.879005351920608,-10.743184869528614,-12.171841330992589,10.48091426132177,12.158748204401784,30.455034150838,9.92249769797954,-1.0,1.0,0.0,-48.0,0.0,48.0
0.121,10.0,3.518583772020568,-1.4788189121626982,4.8043663950168884,-1.2857826229963205,-1.2857826229963205,0.0,-15.875188031127985,24.737544355210897,-8.862356324082912,-13.223111727967854,11.06972326929961,13.280821865003134,33.084483544896884,11.064334109106749,-1.0,1.0,0.0,-48.0,0.0,48.0
0.1215,10.0,3.5499996985564657,-1.4615659450376126,4.821619362141973,-1.2716196635855077,-1.2716196635855077,0.0,-17.27494743375244,24.543587605215674,-7.268640171463233,-14.374198317807197,11.63233324182448,14.499876150672955,35.96273728440506,11.912839800211497,-1.0,1.0,0.0,-48.0,0.0,48.0
0.122,10.0,3.581415625092364,-1.4428269010902621,4.840358406089324,-1.2589427809969602,-1.2589427809969602,0.0,-18.34634014125459,24.30627331281048,-5.95993317155589,-15.59615355797002,12.116221566660908,15.781336134613369,39.01668793897491,12.470992489892335,-1.0,1.0,0.0,-48.0,0.0,48.0
0.1225,10.0,3.6128315516282616,-1.4225319075389478,4.860653399640638,-1.2478218480123764,-1.2478218480123764,0.0,-19.10804847369024,24.03968169352075,-4.931633219830511,-16.86079411987042,12.470260788500774,17.090146034910894,42.17484705337768,12.748727665571097,-1.0,1.0,0.0,-48.0,0.0,48.0
0.123,10.0,3.64424747816416,-1.400646075295749,4.882539231883837,-1.2382917537196771,-1.2382917537196771,0.0,-19.585385096151423,23.762140357209802,-4.176755261058379,-18.1413712703918,12.647854876817657,18.392718132168124,45.36904168314461,12.76253457420643,-1.0,1.0,0.0,-48.0,0.0,48.0
0.1235,10.0,3.6756634047000576,-1.3771674464318802,4.906017860747706,-1.2303544560476487,-1.2303544560476487,0.0,-19.809155611071315,23.495272457102722,-3.686116846031408,-19.41312732753169,12.610537601716924,19.659075093136387,48.53595891786459,12.53462469058918,-1.0,1.0,0.0,-48.0,0.0,48.0
0.124,10.0,3.707079331235956,-1.3521242316206161,4.93106107555897,-1.2239817443230145,-1.2239817443230145,0.0,-19.814217385455002,23.262785587331262,-3.4485682018762605,-20.653664664005156,12.331582437472072,20.8648226988956,51.61842060026348,12.09160195718809,-1.0,1.0,0.0,-48.0,0.0,48.0
0.1245,10.0,3.7384952577718535,-1.3255715032467597,4.957613803932826,-1.2191185461609728,-1.2191185461609728,0.0,-19.637819494338267,23.089043372351057,-3.45122387801279,-21.843067172547475,11.79896750077145,21.992500704092773,54.566267250509384,11.462686943066435,-1.0,1.0,0.0,-48.0,0.0,48.0
0.125,10.0,3.7699111843077517,-1.2975875641113352,4.985597743068251,-1.215686558760499,-1.215686558760499,0.0,-19.317873371340003,22.99751745125703,-3.679644079917026,-22.963761393354403,11.016942827980875,23.031902476200585,57.33676122663566,10.6776900714143,-1.0,1.0,0.0,-48.0,0.0,48.0
0.1255,10.0,3.8013271108436495,-1.2682702418797618,5.0149150652998244,-1.213587954456175,-1.213587954456175,0.0,-18.891350378583176,23.009273538139286,-4.117923159556108,-24.00018207440968,10.005541774698408,23.979151835583483,59.894482716711686,9.765036195150708,-1.0,1.0,0.0,-48.0,0.0,48.0
0.126,10.0,3.8327430373795477,-1.237733352821405,5.045451954358182,-1.212708916978634,-1.212708916978634,0.0,-18.39300963823602,23.14168378950956,-4.748674151273541,-24.93839251254114,8.797703348454533,24.834640716122337,62.21077205922193,8.750158989605684,-1.0,1.0,0.0,-48.0,0.0,48.0
0.1265,10.0,3.8641589639154454,-1.2061035331861798,5.077081773993406,-1.2129228100779605,-1.2129228100779605,0.0,-17.8546142138834,23.40755960740461,-5.552945393521208,-25.765864856479403,7.4341965198622395,25.6002683384587,64.26284165507703,7.654486951706689,-1.0,1.0,0.0,-48.0,0.0,48.0
0.127,10.0,3.8955748904513436,-1.1735175645028861,5.1096677426767005,-1.214092852225357,-1.214092852225357,0.0,-17.304699292943795,23.814850486915322,-6.510151193971528,-26.47160785130043,5.9571493087998135,26.276659392422797,66.03271500334698,6.495065487552333,-1.0,1.0,0.0,-48.0,0.0,48.0
0.1275,10.0,3.9269908169872414,-1.1401202414897496,5.143065065689837,-1.2160742487025953,-1.2160742487025953,0.0,-16.76883406329555,24.36695467556925,-7.598120612273701,-27.04671620069473,4.403511163896432,26.861075880418348,67.50613817349863,5.284680300312626,-1.0,1.0,0.0,-48.0,0.0,48.0
0.128,10.0,3.958406743523139,-1.106062769610197,5.177122537569389,-1.2187157940462496,-1.2187157940462496,0.0,-16.270204693028383,25.06355299947915,-8.793348306450765,-27.485223308591387,2.8000261506302917,27.346543254571596,68.67156108118914,4.0322533653834025,-1.0,1.0,0.0,-48.0,0.0,48.0
0.1285,10.0,3.9898226700590373,-1.071501644814974,5.211683662364612,-1.2218609923055745,-1.2218609923055745,0.0,-15.830276586791397,25.9017419230797,-10.071465336288304,-27.784931009490776,1.1611223862249958,27.722342638916565,69.51923081063846,2.74332181271094,-1.0,1.0,0.0,-48.0,0.0,48.0
0.129,10.0,4.0212385965949355,-1.0365979560385619,5.246587351141025,-1.225348754546089,-1.225348754546089,0.0,-15.46929538263639,26.8771484968255,-11.40785311418911,-27.947760555783802,-0.5095017018169057,27.97560561803527,70.04040894751724,1.4205601058814548,-1.0,1.0,0.0,-48.0,0.0,48.0
0.1295,10.0,4.052654523130833,-1.001517043700074,5.281668263479512,-1.2290137403486785,-1.2290137403486785,0.0,-15.206460230642994,27.984696037342356,-12.778235806699362,-27.97920625097869,-2.213769213245117,28.093438114059655,70.22673769740499,0.0644832996246647,-1.0,1.0,0.0,-48.0,0.0,48.0
0.13,10.0,4.084070449666731,-0.9664284237365777,5.316756883443008,-1.2326864337762773,-1.2326864337762773,0.0,-15.059725627368973,29.21877220059512,-14.159046573226146,-27.886711463700436,-3.951794028206778,28.064907477218743,70.06982914467868,-1.3254303510912493,-1.0,1.0,0.0,-48.0,0.0,48.0
0.1305,10.0,4.115486376202629,-0.9315058347932005,5.351679472386386,-1.236193096183757,-1.236193096183757,0.0,-15.04531657484535,30.572716604562014,-15.527400029716665,-27.677177414119704,-5.714097704415038,27.882375530767384,69.56120883815974,-2.749009045604394,-1.0,1.0,0.0,-48.0,0.0,48.0
0.131,10.0,4.1469023027385274,-0.8969271924267728,5.386258114752813,-1.2393558120142858,-1.2393558120142858,0.0,-15.177130690781858,32.03774937151567,-16.860618680733815,-27.354228829455167,-7.475693650483269,27.5419748179396,68.69276888435783,-4.2030687286448565,-1.0,1.0,0.0,-48.0,0.0,48.0
0.1315,10.0,4.178318229274425,-0.862874163828556,5.4203111433510305,-1.2419929140766053,-1.2419929140766053,0.0,-15.466220352772801,33.60164392857419,-18.13542357580139,-26.916128394953088,-9.193871493931587,27.043367742288503,67.45784416633421,-5.678825896692918,-1.0,1.0,0.0,-48.0,0.0,48.0
0.132,10.0,4.209734155810323,-0.8295257066567945,5.4536596005227915,-1.2439254447124686,-1.2439254447124686,0.0,-14.084037678345549,31.576122087140163,-17.492084408794614,-26.3747510035045,-10.818881111486565,26.408710117382736,65.90169884108747,-6.556715805988651,-1.0,0.0,1.0,0.0,-48.0,48.0
0.1325,10.0,4.241150082346221,-0.7969937230630515,5.4861915841165345,-1.2450415017703138,-1.2450415017703138,0.0,-12.096975561402973,28.08236157957518,-15.985386018172209,-25.792481625799528,-12.327410616392061,25.716830683005828,64.21050980264404,-6.934460563770075,-1.0,0.0,1.0,0.0,-48.0,48.0
0.133,10.0,4.272566008882119,-0.7653262553224726,5.517859051857114,-1.2452930429749944,-1.2452930429749944,0.0,-10.430565628857048,24.976167434784326,-14.545601805927278,-25.181362041390464,-13.691833421274659,24.998517026178362,62.45280035065076,-7.092270427214995,-1.0,0.0,1.0,0.0,-48.0,48.0
0.1335,10.0,4.303981935418017,-0.734543248480685,5.548642058698901,-1.2446601232808838,-1.2446601232808838,0.0,-9.058655796284336,22.215024639191107,-13.15636884290677,-24.545799429775307,-14.892011624030095,24.276842631657612,60.68095636643483,-7.051133971842699,-1.0,0.0,1.0,0.0,-48.0,48.0
0.134,10.0,4.335397861953915,-0.7046397901980347,5.578545516981552,-1.243147655027637,-1.243147655027637,0.0,-7.954365624302239,19.75857075354918,-11.80420512924694,-23.888959867730353,-15.91885409712759,23.57153097726511,58.94197797001597,-6.833083730108802,-1.0,0.0,1.0,0.0,-48.0,48.0
0.1345,10.0,4.366813788489813,-0.6755888606813778,5.607596446498208,-1.2407826580083956,-1.2407826580083956,0.0,-7.091012632519426,17.56957158203233,-10.478558949512905,-23.214126720690487,-16.774383959395074,22.89916334587137,57.27726767117324,-6.460805865050823,-1.0,0.0,1.0,0.0,-48.0,48.0
0.135,10.0,4.39822971502571,-0.6473441650056582,5.635841142173928,-1.2376114271482175,-1.2376114271482175,0.0,-6.442806897960038,15.614703559976025,-9.171896662015987,-22.525295305111506,-17.47021457243732,22.27349157682436,55.72251007897587,-5.957309824734306,-1.0,0.0,1.0,0.0,-48.0,48.0
0.1355,10.0,4.429645641561609,-0.6198430067304237,5.6633423004491625,-1.2336966588875535,-1.2336966588875535,0.0,-5.985338565276487,13.865054974339836,-7.879716409063349,-21.82707893570421,-18.02506894735634,21.705736993164205,54.307623560858325,-5.345679804616699,-1.0,0.0,1.0,0.0,-48.0,48.0
0.136,10.0,4.461061568097507,-0.5930091712964916,5.690176135883094,-1.2291145677855875,-1.2291145677855875,0.0,-5.695905638989343,12.296323508913739,-6.600417869924396,-21.124134316960212,-18.46196504668363,21.204820387139005,53.056767727571696,-4.648867713310963,-1.0,0.0,1.0,0.0,-48.0,48.0
0.1365,10.0,4.4924774946334045,-0.5667557927703238,5.7164295144092625,-1.223952019775858,-1.223952019775858,0.0,-5.553732659180455,10.888737457259937,-5.335004798079482,-20.420359734391845,-18.805551392456312,20.77751783361376,51.98840299143068,-3.8894760904696746,-1.0,0.0,1.0,0.0,-48.0,48.0
0.137,10.0,4.523893421169302,-0.5409881764650248,5.742197130714562,-1.2183037095452596,-1.2183037095452596,0.0,-5.5401212609469015,9.626757488739454,-4.086636227792552,-19.718098317458242,-19.07989839512803,20.428564962556358,51.115409268065704,-3.0894991346993343,-1.0,0.0,1.0,0.0,-48.0,48.0
0.1375,10.0,4.555309347705201,-0.5156065450377035,5.767578762141882,-1.2122694144366815,-1.2122694144366815,0.0,-5.638558532888027,8.498626990026263,-2.8600684571382367,-19.01752059593026,-19.30688634734059,20.16074065787263,50.44527525993258,-2.2700187522497597,-1.0,0.0,1.0,0.0,-48.0,48.0
0.138,10.0,4.586725274241099,-0.49050867028616213,5.792676636893424,-1.2059513626523257,-1.2059513626523257,0.0,-5.83479409273807,7.49583671049832,-1.6610426177602498,-18.31629199629005,-19.50520693592933,19.97495676720058,49.98036741514989,-1.450875855539325,-1.0,0.0,1.0,0.0,-48.0,48.0
0.1385,10.0,4.618141200776996,-0.4655923499011361,5.81759295727845,-1.1994517565014533,-1.1994517565014533,0.0,-6.116885017149049,6.612559132816458,-0.4956741156674095,-17.609568899842863,-19.689915885235013,19.870370098026385,49.71828082578138,-0.6503493793162785,-1.0,0.0,1.0,0.0,-48.0,48.0
0.139,10.0,4.649557127312894,-0.44075768941005117,5.842427617769535,-1.1928704904566407,-1.1928704904566407,0.0,-6.475200292894941,5.8450941289275065,0.6301061639674345,-16.890318742019137,-19.872432638850473,19.844521627595192,49.65226581737211,0.1151229017446338,-1.0,0.0,1.0,0.0,-48.0,48.0
0.1395,10.0,4.680973053848793,-0.4159091547101004,5.867276152469485,-1.1863030986206926,-1.1863030986206926,0.0,-6.902373158767398,5.191353107860418,1.7110200509069806,-16.14992544076937,-20.060867365465185,19.893498242962,49.771716079378564,0.8311535821829591,-1.0,0.0,1.0,0.0,-48.0,48.0
0.14,10.0,4.712388980384691,-0.3909573692282546,5.892227937951332,-1.1798389575666413,-1.1798389575666413,0.0,-7.393189941119031,4.650395816223158,2.7427941248958727,-15.379017411232288,-20.26055530909839,20.012105696564234,50.06269835140131,1.4855268206788117,-1.0,0.0,1.0,0.0,-48.0,48.0
0.1405,10.0,4.743804906920588,-0.3658206406234303,5.917364666556156,-1.1735597596355678,-1.1735597596355678,0.0,-7.944407083927077,4.222023140085186,3.722383943841891,-14.568436975277717,-20.474685970666606,20.194038246197735,50.50850063421364,2.0682253159624286,-1.0,0.0,1.0,0.0,-48.0,48.0
0.141,10.0,4.775220833456484,-0.3404262135998287,5.942759093579758,-1.1675382601232736,-1.1675382601232736,0.0,-8.554493527891859,3.906421132187726,4.6480723957041326,-13.71025392125783,-20.70492588229632,20.432030793963897,51.09017583401617,2.57136865562133,-1.0,0.0,1.0,0.0,-48.0,48.0
0.1415,10.0,4.806636759992382,-0.3147112563706126,5.9684740508089735,-1.1618372908165915,-1.1618372908165915,0.0,-9.223303013378933,3.703846335881838,5.519456677497096,-12.798711732907666,-20.95194805689193,20.717983312401575,51.78706048134843,2.9890789388798984,-1.0,0.0,1.0,0.0,-48.0,48.0
0.142,10.0,4.83805268652828,-0.2886235973253156,5.9945617098542705,-1.1565090233259907,-1.1565090233259907,0.0,-9.95168982072248,3.6143405503630044,6.337349270359476,-11.830984993476392,-21.215799791977204,21.04305483267078,52.57725313043606,3.317296839175655,-1.0,0.0,1.0,0.0,-48.0,48.0
0.1425,10.0,4.869468613064178,-0.2621222346221194,6.0210630725574665,-1.151594459493288,-1.151594459493288,0.0,-10.741091179699119,3.637464666960483,7.103626512738636,-10.807625730819586,-21.496065134711213,21.397734658910256,53.43804326886922,3.553573814159643,-1.0,0.0,1.0,0.0,-48.0,48.0
0.143,10.0,4.900884539600076,-0.23517764444408412,6.048007662735502,-1.147123123135426,-1.147123123135426,0.0,-11.593108846989164,3.772046037787458,7.821062809201706,-9.732591648536937,-21.791809769723642,21.771910268182477,54.346287690494755,3.6968626721044764,-1.0,0.0,1.0,0.0,-48.0,48.0
0.1435,10.0,4.932300466135974,-0.20777191396536568,6.0754133932142205,-1.1431129270782465,-1.1431129270782465,0.0,-12.509129357701596,4.015941428731238,8.493187928970357,-8.612786724094065,-22.101332954331387,22.154961898563982,55.278735747232574,3.747319051061284,-1.0,0.0,1.0,0.0,-48.0,48.0
0.144,10.0,4.963716392671872,-0.17989872385621591,6.103286583323371,-1.139570190651499,-1.139570190651499,0.0,-13.490024938096493,4.365826601597881,9.124198336498612,-7.457108201837969,-22.421789047439706,22.53591936951675,56.2123063517783,3.7061124880596688,-1.0,0.0,1.0,0.0,-48.0,48.0
0.1445,10.0,4.99513231920777,-0.1515632041039955,6.131622103075591,-1.1364897838678205,-1.1364897838678205,0.0,-14.535972695385018,4.81703175344208,9.718940941942938,-6.275081414681688,-22.748773041035097,22.903713012438768,57.12431748533308,3.5752319349138446,-1.0,0.0,1.0,0.0,-48.0,48.0
0.145,10.0,5.026548245743668,-0.12278168770604779,6.160403619473539,-1.1338553737298707,-1.1338553737298707,0.0,-15.646416780958003,5.3634465721971125,10.28297020876089,-5.075264546854196,-23.075981738446316,23.247534346069347,57.99266401258038,3.357262778686778,-1.0,0.0,1.0,0.0,-48.0,48.0
0.1455,10.0,5.057964172279567,-0.09358139031184957,6.189603916867736,-1.1316397445881696,-1.1316397445881696,0.0,-16.820176564517052,5.997516695219075,10.822659869297976,-3.8636995394821194,-23.395057294477976,23.557292560357116,58.7959340815733,3.055116469621297,-1.0,0.0,1.0,0.0,-48.0,48.0
0.146,10.0,5.089380098815465,-0.06400004961695976,6.219185257562627,-1.1298051587471614,-1.1298051587471614,0.0,-18.055675570558243,6.710342991908882,11.34533257864936,-2.64274610806723,-23.69568936984825,23.82411356980674,59.51345172393255,2.67171287291065,-1.0,0.0,1.0,0.0,-48.0,48.0
0.1465,10.0,5.120796025351362,-0.03408556388218958,6.249099743297396,-1.128303717946034,-1.128303717946034,0.0,-19.35123577493072,7.4918764841697145,11.859359290761006,-1.410635960778988,-23.96599963673693,24.040788144183406,60.125237099783966,2.2096475725491427,-1.0,0.0,1.0,0.0,-48.0,48.0
0.147,10.0,5.152211951887261,-0.003895670435383485,6.279289636744203,-1.1270776848569417,-1.1270776848569417,0.0,-20.705356778202244,8.331177833140586,12.374178945061656,-0.16200490453242364,-24.193168941221366,24.202047503030364,60.61188857758469,1.6709138350206114,-1.0,0.0,1.0,0.0,-48.0,48.0
0.1475,10.0,5.183627878423159,0.02650230214507383,6.30968760932466,-1.1260597309015017,-1.1260597309015017,0.0,-22.116887076047398,9.216686951853093,12.900200124194303,1.1104999733792638,-24.364209776420587,24.304543189519194,60.95441237536065,1.0567795129828799,-1.0,0.0,1.0,0.0,-48.0,48.0
0.148,10.0,5.215043804959057,0.05703159394466499,6.3402169011242515,-1.1251730961651942,-1.1251730961651942,0.0,-23.58500150340771,10.136433060174934,13.448568443232775,2.4136617561854123,-24.46675222361898,24.34644417494045,61.13405238132694,0.3679292914001602,-1.0,0.0,1.0,0.0,-48.0,48.0
0.1485,10.0,5.246459731494954,0.0876063592061983,6.370791666385784,-1.1243319348908303,-1.1243319348908303,0.0,-23.252216071989658,10.149795608323751,13.102420463665904,3.7508452022033523,-24.491584420943223,24.328500393626104,61.13687169469053,-0.2786828506393313,0.0,-1.0,1.0,48.0,-48.0,0.0
0.149,10.0,5.277875658030853,0.11814953721816736,6.401334844397754,-1.123459186366901,-1.123459186366901,0.0,-19.50798115374964,8.441915635771329,11.06606551797831,5.125876920570932,-24.460305034967746,24.279939040183848,61.02165139630531,-0.619516922881302,0.0,-1.0,1.0,48.0,-48.0,0.0
0.1495,10.0,5.3092915845667505,0.14861665536579205,6.431801962545379,-1.122510377978628,-1.122510377978628,0.0,-16.169438473372093,6.91718159868306,9.252256874689033,6.541543281879841,-24.39263138353019,24.224816124124978,60.83815145552654,-0.8278871043801601,0.0,-1.0,1.0,48.0,-48.0,0.0
0.15,10.0,5.340707511102649,0.17898148167772454,6.462166788857311,-1.1214592777546617,-1.1214592777546617,0.0,-13.212618026469144,5.5624798821266435,7.650138144342501,7.995976195294207,-24.302061689513323,24.177250576178423,60.61725951486215,-0.921655021164951,0.0,-1.0,1.0,48.0,-48.0,0.0
0.1505,10.0,5.372123437638546,0.20923210421182112,6.492417411391408,-1.1202939737528617,-1.1202939737528617,0.0,-10.614732001327457,4.367468611402248,6.24726338992521,9.482649205987348,-24.201133925652027,24.146463377600394,60.385347610050154,-0.9191659617190489,0.0,-1.0,1.0,48.0,-48.0,0.0
0.151,10.0,5.403539364174445,0.23936863506022357,6.52255394223981,-1.1190145780653653,-1.1190145780653653,0.0,-8.353794758713342,3.3236978363449836,5.030096922368359,10.990534656210738,-24.100861612354667,24.13628028465695,60.164108162618184,-0.839517525760539,0.0,-1.0,1.0,48.0,-48.0,0.0
0.1515,10.0,5.4349552907103424,0.2694008252485959,6.552586132428182,-1.1176308417178396,-1.1176308417178396,0.0,-6.408301812566826,2.4237268584612965,3.98457495410553,12.504661399364553,-24.010239249815562,24.144877044027478,59.97038113178581,-0.7023606140970036,0.0,-1.0,1.0,48.0,-48.0,0.0
0.152,10.0,5.466371217246241,0.29934561491340356,6.58253092209299,-1.1161597048467486,-1.1161597048467486,0.0,-4.756989525488599,1.6602835953956219,3.096705930092978,14.006876279431133,-23.93590827749253,24.16479141112855,59.816085629191605,-0.5272780123611098,0.0,-1.0,1.0,48.0,-48.0,0.0
0.1525,10.0,5.497787143782138,0.3292246951260874,6.6124100023056736,-1.1146228585235356,-1.1146228585235356,0.0,-3.378681464898613,1.0255084197715487,2.3531730451270647,15.476706322853769,-23.88203197524884,24.183221799796268,59.708347363777975,-0.3328643457149755,0.0,-1.0,1.0,48.0,-48.0,0.0
0.153,10.0,5.529203070318037,0.3590621946190989,6.6422475017986855,-1.113044431480649,-1.113044431480649,0.0,-2.252220949731256,0.5103234068855032,1.741897542845753,16.89230568823107,-23.850391066638938,24.182636125366454,59.64987631169981,-0.13567409756859972,0.0,-1.0,1.0,48.0,-48.0,0.0
0.1535,10.0,5.5606189968539335,0.38888262100641746,6.672067928186004,-1.1114489313320703,-1.1114489313320703,0.0,-1.3564892809173406,0.1039670049946484,1.2525222759226922,18.231521591904503,-23.840683363081734,24.141714877191067,59.63960494076005,0.050780477254124046,0.0,-1.0,1.0,48.0,-48.0,0.0
0.154,10.0,5.592034923389832,0.41870917992347795,6.701894487103064,-1.1098595637132318,-1.1098595637132318,0.0,-0.6705108983092416,-0.20626848093983752,0.8767793792490791,19.473112918573698,-23.850989114829552,24.036637634537914,59.67355226371211,0.21680628337641278,0.0,-1.0,1.0,48.0,-48.0,0.0
0.1545,10.0,5.62345084992573,0.4485625676445027,6.731747874824089,-1.1082970248983592,-1.1082970248983592,0.0,-0.17364586737979754,-0.4350667217774445,0.608712589157242,20.598108336419692,-23.878346443881245,23.84268535613215,59.745838091533294,0.35693264898663424,0.0,-1.0,1.0,48.0,-48.0,0.0
0.155,10.0,5.6548667764616285,0.47845993869692915,6.761645245876515,-1.1067784694148868,-1.1067784694148868,0.0,0.0,-0.5218497892164145,0.5218497892164145,21.589813983214935,-23.917824337058516,23.534560923848506,59.84587909266576,0.41377982279911374,0.0,-1.0,1.0,45.78144568981994,-48.0,2.2185543101800604
0.1555,10.0,5.686282702997525,0.5084089897430192,6.7915942969226055,-1.1053115939250802,-1.1053115939250802,0.0,0.0,-0.5504688507823523,0.5504688507823523,22.431629492953196,-23.95978960245523,23.08539262483874,59.95107789364919,0.43196733579077484,0.0,-1.0,1.0,46.868827981761434,-48.0,1.1311720182385585
0.156,10.0,5.717698629533424,0.5384123327526417,6.821597639932228,-1.1038990103988038,-1.1038990103988038,0.0,0.0,-0.618259769827554,0.618259769827554,23.121834207873853,-24.005011184371735,22.48307172506313,60.06422949220198,0.4785162763645029,0.0,-1.0,1.0,47.88280393752815,-48.0,0.11719606247184444
0.1565,10.0,5.749114556069322,0.5684757067753491,6.851661013954935,-1.1025464578856132,-1.1025464578856132,0.0,-0.0425794100210104,-0.7142395409124297,0.7568189509334401,23.666968232788975,-24.056116884203096,21.72239527978932,60.19191171790555,0.5418340074565309,0.0,-1.0,1.0,48.0,-48.0,0.0
0.157,10.0,5.78053048260522,0.5986067481764007,6.881792055355987,-1.1012615727507669,-1.1012615727507669,0.0,-0.1863970438852982,-0.8188335616875209,1.005230605572819,24.077393235710378,-24.113674233860525,20.802092711826475,60.33465221315286,0.5994570244774032,0.0,-1.0,1.0,48.0,-48.0,0.0
0.1575,10.0,5.811946409141117,0.6288126987181358,6.911998005897722,-1.1000515967566047,-1.1000515967566047,0.0,-0.4203778711953574,-0.9465328870315852,1.3669107582269426,24.36792640830149,-24.177921981001894,19.727132486617943,60.49145286158584,0.6547485473970677,0.0,-1.0,1.0,48.0,-48.0,0.0
0.158,10.0,5.843362335677016,0.6591004831711604,6.942285790350747,-1.0989234546737308,-1.0989234546737308,0.0,-0.7348803040822467,-1.1097546330558994,1.844634937138146,24.557506284494732,-24.249476960010444,18.509442915902465,60.66194516390354,0.7089668271127538,0.0,-1.0,1.0,48.0,-48.0,0.0
0.1585,10.0,5.874778262212914,0.6894768621062627,6.972662169285849,-1.0978839070729354,-1.0978839070729354,0.0,-1.1223832548820023,-1.3180166152517034,2.4403998701337057,24.66752840504902,-24.328857230815775,17.167062478124137,60.84572137589591,0.760512214087602,0.0,-1.0,1.0,48.0,-48.0,0.0
0.159,10.0,5.906194188748812,0.7199482329148461,7.003133540094432,-1.09693935134562,-1.09693935134562,0.0,-1.5771894349830446,-1.5777703330212887,3.1549597680043333,24.72003716697883,-24.415966181749933,15.722860447104313,61.04162090269207,0.8050179052152674,0.0,-1.0,1.0,48.0,-48.0,0.0
0.1595,10.0,5.937610115284709,0.7505200897394155,7.033705396919002,-1.0960952816342928,-1.0960952816342928,0.0,-2.094998248913898,-1.8924851215288665,3.987483370442764,24.735972420628237,-24.509629194117505,14.202951251264672,61.24709865072129,0.8358979075114524,0.0,-1.0,1.0,48.0,-48.0,0.0
0.16,10.0,5.969026041820608,0.7811962093757255,7.064381516555311,-1.0953554747347036,-1.0953554747347036,0.0,-2.672392465861344,-2.262962211487808,4.935354677349152,24.733633892895213,-24.60726596408749,12.634911089159932,61.45777397722922,0.8452161592614226,0.0,-1.0,1.0,48.0,-48.0,0.0
0.1605,10.0,6.000441968356506,0.81197766985666,7.095162977036246,-1.0947210086797403,-1.0947210086797403,0.0,-3.306294426766301,-2.687836788838049,5.99413121560435,24.727480479312707,-24.704763177584695,11.045888609918856,61.66721821374186,0.8246933723530594,0.0,-1.0,1.0,48.0,-48.0,0.0
0.161,10.0,6.031857894892404,0.8428618255274123,7.126047132706999,-1.0941892378145948,-1.0941892378145948,0.0,-3.9934523456650677,-3.1642126275710094,7.157664973236077,24.72733694285531,-24.796584772320678,9.460702118457085,61.86699072062922,0.7666569937173486,0.0,-1.0,1.0,48.0,-48.0,0.0
0.1615,10.0,6.063273821428301,0.8738413555650485,7.157026662744634,-1.0937528413163333,-1.0937528413163333,0.0,-4.7300145062069525,-3.6883663331590006,8.418380839365954,24.738042788471006,-24.876122264475466,7.90004306880617,62.046887096587945,0.6647637576337666,0.0,-1.0,1.0,48.0,-48.0,0.0
0.162,10.0,6.0946897479642,0.9049034750357502,7.1880887822153365,-1.0933990342511368,-1.0933990342511368,0.0,-5.511238283506857,-4.256455279697575,9.767693563204432,24.759544678454592,-24.93624771583669,6.3789520986175745,62.19532673325378,0.514378230098975,0.0,-1.0,1.0,48.0,-48.0,0.0
0.1625,10.0,6.1261056745000975,0.9360293553691624,7.219214662548748,-1.0931089880486509,-1.0931089880486509,0.0,-6.33136197234976,-4.865164434249087,11.196526406598847,24.787399334156287,-24.969990870038654,4.905777054039509,62.299786800710166,0.31256569720604077,0.0,-1.0,1.0,48.0,-48.0,0.0
0.163,10.0,6.157521601035996,0.9671937538026272,7.250379060982214,-1.0928574599462175,-1.0928574599462175,0.0,-7.183641717676808,-5.512233106088237,12.695874823765045,24.813615694770785,-24.971226625170637,3.4818335194194074,62.347189771476025,0.05774149186957156,0.0,-1.0,1.0,48.0,-48.0,0.0
0.1635,10.0,6.188937527571893,0.9983648092174228,7.281550116397009,-1.0926125888251157,-1.0926125888251157,0.0,-8.060526691051379,-6.196814453604632,14.25734114465601,24.827726661543643,-24.935238417293178,2.1019443527381627,62.32417208809246,-0.250903772599927,0.0,-1.0,1.0,48.0,-48.0,0.0
0.164,10.0,6.220353454107792,1.02950393435785,7.312689241537436,-1.0923357874296444,-1.0923357874296444,0.0,-8.953918236192187,-6.919638901188955,15.873557137381143,24.817951363000837,-24.859026205070155,0.7559292213596714,62.217198946660154,-0.614028556083154,0.0,-1.0,1.0,48.0,-48.0,0.0
0.1645,10.0,6.251769380643689,1.0605657284339016,7.343751035613488,-1.091981654969799,-1.091981654969799,0.0,-9.855439270221169,-7.682976318927583,17.53841558914875,24.772299542523566,-24.741260016915557,-0.5690375390573204,62.01253708757024,-1.03262015663161,0.0,-1.0,1.0,48.0,-48.0,0.0
0.165,10.0,6.283185307179588,1.0914978519519927,7.374683159131579,-1.0914978519519911,-1.0914978519519911,0.0,-10.756634500906408,-8.490417688393265,19.247052189299673,24.679487489680167,-24.581840635001427,-1.8854512699548502,61.696144161741564,-1.5081576379355557,1.0,-1.0,0.0,48.0,0.0,-48.0
0.1655,10.0,6.314601233715485,1.12224572851063,7.405431035690216,-1.0908298019747313,-1.0908298019747313,0.0,-8.92689509809478,-6.623030819451513,15.549925917546293,24.54226285807004,-24.393710409605767,-3.2041514043037815,61.285233336413924,-1.7516491539896966,1.0,-1.0,0.0,48.0,0.0,-48.0
0.166,10.0,6.3460171602513835,1.1527762437341875,7.435961550913774,-1.0899443906623905,-1.0899443906623905,0.0,-7.265140143961842,-4.984308717199443,12.249448861161286,24.37971433201601,-24.20373251410366,-4.536389818914395,60.83308055409575,-1.8419491568322586,1.0,-1.0,0.0,48.0,0.0,-48.0
0.1665,10.0,6.37743308678728,1.183077877082948,7.466263184262534,-1.0888300974752534,-1.0888300974752534,0.0,-5.75967943848355,-3.560343261773662,9.320022700257212,24.205590950248528,-24.030350693551945,-5.891016805794803,60.375154038671226,-1.8014787607926124,1.0,-1.0,0.0,48.0,0.0,-48.0
0.167,10.0,6.408849013323179,1.2131554629362802,7.496340770115866,-1.0874917567926872,-1.0874917567926872,0.0,-4.4024400658757585,-2.335931218275313,6.7383712841510714,24.032816663425443,-23.887804408174482,-7.273227380974391,59.94144004251599,-1.6518200660283053,1.0,-1.0,0.0,48.0,0.0,-48.0
0.1675,10.0,6.440264939859077,1.2430274850792495,7.5262127922588355,-1.0859478523997588,-1.0859478523997588,0.0,-3.1881322852488685,-1.295001015540171,4.4831333007890395,23.87303550010505,-23.785647805502283,-8.684095099990762,59.55655394880866,-1.4144524406795969,1.0,-1.0,0.0,48.0,0.0,-48.0
0.168,10.0,6.471680866394975,1.2727233879769027,7.555908695156489,-1.084227828761514,-1.084227828761514,0.0,-2.113380305098219,-0.421075559651161,2.53445586474938,23.73612132388305,-23.72838294032377,-10.120583278472857,59.239711942167474,-1.111115815488284,1.0,-1.0,0.0,48.0,0.0,-48.0
0.1685,10.0,6.503096792930872,1.3022808598623754,7.585466167041962,-1.0823693741110896,-1.0823693741110896,0.0,-1.1758483806435336,0.30222674659474436,0.8736216340487892,23.629758503513244,-23.715210553881064,-11.575766685496943,59.004664022029324,-0.7637569869424045,1.0,-1.0,0.0,48.0,0.0,-48.0
0.169,10.0,6.534512719466771,1.3317427266513628,7.6149280338309495,-1.0804153143641786,-1.0804153143641786,0.0,-0.631976522144661,0.631976522144661,0.0,23.55691986519191,-23.737643797234355,-13.037841885294817,58.85409382924793,-0.5078500392248985,1.0,-1.0,0.0,48.0,-11.052520080726403,-36.94747991927359
0.1695,10.0,6.565928646002669,1.3611397644654681,7.644325071645055,-1.078396425642386,-1.078396425642386,0.0,-0.5287927811597187,0.5287927811597187,0.0,23.49885214812369,-23.762356506075765,-14.478565730248482,58.73748945741395,-0.42547589616242,1.0,-1.0,0.0,48.0,-9.653186448727556,-38.34681355127245
0.17,10.0,6.597344572538567,1.3904835902812862,7.673668897460873,-1.0763243249223056,-1.0763243249223056,0.0,-0.4293120080159669,0.4293120080159669,0.0,23.451020726715807,-23.76765349412585,-15.8720353749774,58.641137312181925,-0.3456881086341099,1.0,-1.0,0.0,48.0,-8.28628100872762,-39.71371899127239
0.1705,10.0,6.628760499074464,1.419784192372276,7.7029694995518625,-1.0742090004773983,-1.0742090004773983,0.0,-0.331728033690271,0.331728033690271,0.0,23.413625300206235,-23.734840646531115,-17.19483544193795,58.56454529326077,-0.26706376394975073,1.0,-1.0,0.0,48.0,-6.96577223122449,-41.03422776877551
0.171,10.0,6.660176425610363,1.4490514253303641,7.73223673250995,-1.072060306899587,-1.072060306899587,0.0,-0.23270681723930953,0.23270681723930953,0.0,23.38657258095371,-23.644032243952463,-18.42524944238281,58.50771760230716,-0.18705809780575094,1.0,-1.0,0.0,48.0,-5.7034803891165655,-42.29651961088343
0.1715,10.0,6.691592352146261,1.47829532732733,7.761480634506916,-1.0698882823606555,-1.0698882823606555,0.0,-0.12742200305951049,0.12742200305951049,0.0,23.36972064865314,-23.47535199714596,-19.54483075395949,58.47142781837219,-0.10208563759615372,1.0,-1.0,0.0,48.0,-4.50798492028692,-43.49201507971308
0.172,10.0,6.723008278682157,1.5075265660004358,7.7907118731800225,-1.067703594497866,-1.067703594497866,0.0,-0.009716190440797735,0.009716190440797735,0.0,23.363146266030817,-23.21020316228573,-20.539722817979886,58.45745448930825,-0.007740938028598323,1.0,-1.0,0.0,48.0,-3.3838056301475703,-44.61619436985243
0.1725,10.0,6.754424205218055,1.5367569853585308,7.8199422925381175,-1.0655180873200623,-1.0655180873200623,0.0,0.12761952497302134,-0.12761952497302134,0.0,23.36739049988863,-22.832488669497156,-21.401617068335465,58.46874375525803,0.100840316632898,1.0,-1.0,0.0,48.0,-2.3309320164687986,-45.66906798353121
0.173,10.0,6.785840131753954,1.5660002088331633,7.849185516012749,-1.0633453842587954,-1.0633453842587954,0.0,0.2924687035366393,-0.2924687035366393,0.0,23.383640399152384,-22.329662040252444,-22.128267886330107,58.50946648876722,0.22850507962498287,1.0,-1.0,0.0,48.0,-1.344742934219923,-46.65525706578008
0.1735,10.0,6.817256058289851,1.5952722394924257,7.878457546672012,-1.061201488382161,-1.061201488382161,0.0,0.4929476834147081,-0.4929476834147081,0.0,23.41381345054312,-21.693509476436017,-22.723529035295638,58.5849471674463,0.3795437465931363,1.0,-1.0,0.0,48.0,-0.4163189776508105,-47.58368102234919
0.174,10.0,6.8486719848257485,1.6245919728149008,7.907777279994487,-1.059105295168739,-1.059105295168739,0.0,0.7296884614277872,-0.7441923692083038,0.01450390778051655,23.46041837667839,-20.92050529489696,-23.196822519750732,58.70118842534178,0.5511171627588566,1.0,-1.0,0.0,48.0,0.0,-48.0
0.1745,10.0,6.880087911361647,1.6539804624652112,7.937165769644798,-1.0570778582831508,-1.0570778582831508,0.0,0.9740129173971179,-1.0895669555537637,0.11555403815664572,23.524403922818703,-20.010275341287876,-23.56030072025921,58.85953327247341,0.7134463672262976,1.0,-1.0,0.0,48.0,0.0,-48.0
0.175,10.0,6.911503837897546,1.68345799810086,7.966643305280446,-1.0551394673829,-1.0551394673829,0.0,1.231684793427451,-1.5368226141467813,0.3051378207193302,23.605139964250323,-18.966224684644086,-23.82790581653307,59.05683067111677,0.862745580974771,1.0,-1.0,0.0,48.0,0.0,-48.0
0.1755,10.0,6.942919764433443,1.7130432329670193,7.996228540146605,-1.0533087757131625,-1.0533087757131625,0.0,1.512294044573526,-2.0880484379933337,0.5757543934198078,23.70199891531426,-17.797228905051114,-24.016143973060345,59.28975151895157,0.9981230465354807,1.0,-1.0,0.0,48.0,0.0,-48.0
0.176,10.0,6.97433569096934,1.742753059355219,8.025938366534806,-1.0516026755654657,-1.0516026755654657,0.0,1.8232465840607777,-2.7449186803906884,0.9216720963299109,23.814054775205193,-16.517217293132166,-24.142971515105664,59.55449868298625,1.1167151201049144,1.0,-1.0,0.0,48.0,0.0,-48.0
0.1765,10.0,7.005751617505239,1.7726022518553564,8.055787559034943,-1.0500359415297043,-1.0500359415297043,0.0,2.1696546825871845,-3.508264002129774,1.3386093195425894,23.93968729713283,-15.144366616516477,-24.226504988211268,59.846320838543974,1.2138000215332956,1.0,-1.0,0.0,48.0,0.0,-48.0
0.177,10.0,7.037167544041138,1.8026028817407505,8.085788188920336,-1.0486206448791986,-1.0486206448791986,0.0,2.554405206672268,-4.377727212617209,1.8233220059449413,24.076230009420264,-13.700009758281313,-24.283738311845067,60.159096688763924,1.2832353313721683,1.0,-1.0,0.0,48.0,0.0,-48.0
0.1775,10.0,7.0685834705770345,1.8327635561800897,8.115948863359677,-1.047365392782642,-1.047365392782642,0.0,2.978396939898715,-5.3515273921828,2.373130452284085,24.21972738145032,-12.207292642019326,-24.329370741212134,60.4850596292926,1.3181247199557933,1.0,-1.0,0.0,48.0,0.0,-48.0
0.178,10.0,7.099999397112931,1.8630885642485222,8.146273871428109,-1.0462744743151777,-1.0462744743151777,0.0,3.440924460101131,-6.426352762672863,2.9854283025717323,24.36485666118403,-10.689618170271826,-24.374834168220403,60.81470441177236,1.3115835962368398,1.0,-1.0,0.0,48.0,0.0,-48.0
0.1785,10.0,7.13141532364883,1.8935770239272198,8.176762331106806,-1.045347007457976,-1.045347007457976,0.0,3.9401747675301038,-7.597397531860102,3.657222764329998,24.505051738973446,-9.168942879306329,-24.42759278631669,61.13688253335164,1.2574593099687743,1.0,-1.0,0.0,48.0,0.0,-48.0
0.179,10.0,7.162831250184729,1.9242221187092876,8.207407425888874,-1.0445761757041456,-1.0445761757041456,0.0,4.473793529843994,-8.85854903613865,4.384755506294655,24.632839333550447,-7.664043500407258,-24.490772022308178,61.43905777719956,1.1508720588420145,1.0,-1.0,0.0,48.0,0.0,-48.0
0.1795,10.0,7.194247176720626,1.9550104903875407,8.238195797567126,-1.0439486208464999,-1.0439486208464999,0.0,5.039470279455437,-10.202717130324075,5.163246850868638,24.74036250055741,-6.188936159440075,-24.563152609607542,61.707663783269936,0.988477968509474,1.0,-1.0,0.0,48.0,0.0,-48.0
0.18,10.0,7.225663103256523,1.9859218204671492,8.269107127646736,-1.0434440243902126,-1.0434440243902126,0.0,5.635487056865513,-11.622277865134667,5.986790808269154,24.82002623837483,-4.75168781448683,-24.639534949959373,61.92848761252161,0.7684126191659022,1.0,-1.0,0.0,48.0,0.0,-48.0
0.1805,10.0,7.257079029792422,2.016928593440742,8.300113900620328,-1.0430348708279062,-1.0430348708279062,0.0,6.261174764623674,-13.109580507973417,6.848405743349743,24.865161734246318,-3.3538794989095577,-24.711437464637996,62.08700145639986,0.4899435550266089,1.0,-1.0,0.0,48.0,0.0,-48.0
0.181,10.0,7.288494956328321,2.0479959995325276,8.331181306712114,-1.0426863503837938,-1.0426863503837938,0.0,6.917228087911084,-14.657445844986878,7.7402177570757935,24.87057953435197,-1.9909409133360485,-24.768045948254553,62.16858077741653,0.15293112308175028,1.0,-1.0,0.0,48.0,0.0,-48.0
0.1815,10.0,7.319910882864218,2.0790819111455967,8.362267218325183,-1.0423563354609646,-1.0423563354609646,0.0,7.60584452718469,-16.259570776414762,8.653726249230072,24.83287824754561,-0.653468251734218,-24.79729040218127,62.15857943001306,-0.2427474790921682,1.0,-1.0,0.0,48.0,0.0,-48.0
0.182,10.0,7.351326809400115,2.110136993143789,8.393322300323376,-1.0419954909232612,-1.0419954909232612,0.0,6.494841535789044,-14.239124460482413,7.744282924693369,24.751166396389646,0.6705513863822786,-24.787670599027386,62.044191596139314,-0.6568849426810237,1.0,0.0,-1.0,0.0,48.0,-48.0
0.1825,10.0,7.382742735936014,2.141111716390862,8.424297023570448,-1.0415542876344341,-1.0415542876344341,0.0,4.658123309331174,-10.732059618786055,6.073936309454881,24.638329583115517,1.9942528149027674,-24.740944200454802,61.84374632616731,-0.9202059296274305,1.0,0.0,-1.0,0.0,48.0,-48.0
0.183,10.0,7.4141586624719125,2.171972946940052,8.455158254119638,-1.0409995916477257,-1.0409995916477257,0.0,3.0350849701963556,-7.610754223274796,4.57566925307844,24.516092184102067,3.332306297753879,-24.668745605837696,61.59635600925797,-1.0362457494078203,1.0,0.0,-1.0,0.0,48.0,-48.0
0.1835,10.0,7.44557458900781,2.202705952212684,8.48589125939227,-1.0403166703844597,-1.0403166703844597,0.0,1.613886635947729,-4.85103994780446,3.237153311856731,24.403825641993112,4.698793028670284,-24.58252266705632,61.33606855517497,-1.0269066923930483,1.0,0.0,-1.0,0.0,48.0,-48.0
0.184,10.0,7.476990515543707,2.233311683801072,8.516496990980658,-1.0395064754369505,-1.0395064754369505,0.0,0.3815418802313775,-2.4314243167021026,2.049882436470725,24.317592256462092,6.104904330082694,-24.493307825742054,61.091620074679,-0.9129539275919285,1.0,0.0,-1.0,0.0,48.0,-48.0
0.1845,10.0,7.508406442079606,2.263804171735017,8.546989478914604,-1.0385830368349982,-1.0385830368349982,0.0,-0.6757676487693631,-0.3326737966135487,1.0084414453829118,24.269414924603335,7.557495412152732,-24.41142681045352,60.88659554733438,-0.7149711738277074,1.0,0.0,-1.0,0.0,48.0,-48.0
0.185,10.0,7.539822368615504,2.294204941239997,8.577390248419583,-1.0375678798040786,-1.0375678798040786,0.0,-0.8405979845358676,0.0,0.8405979845358676,24.257740052105152,9.054851954264084,-24.337178932827253,60.717309344570744,-0.6727701111655171,1.0,0.0,-1.0,14.905428605374865,33.094571394625135,-48.0
0.1855,10.0,7.571238295151402,2.3245216400898103,8.607706947269396,-1.0364686521179935,-1.0364686521179935,0.0,-0.8325932890846022,0.0,0.8325932890846022,24.265420425052813,10.582001634433448,-24.259172492102795,60.549717250038825,-0.6672409427041557,1.0,0.0,-1.0,13.421122332041561,34.57887766795844,-48.0
0.186,10.0,7.602654221687299,2.354754973779031,8.637940280958617,-1.0352860592713178,-1.0352860592713178,0.0,-0.8196339344998052,0.0,0.8196339344998052,24.28500562590679,12.120759190245835,-24.179825100877135,60.38400934255957,-0.6578466770583133,1.0,0.0,-1.0,11.931831072268995,36.06816892773101,-48.0
0.1865,10.0,7.634070148223198,2.3849061106305323,8.668091417810118,-1.03402126958692,-1.03402126958692,0.0,-0.8026008673562505,0.0,0.8026008673562505,24.305316838256164,13.648200096853133,-24.101561353311652,60.221067063655155,-0.6451463635058775,1.0,0.0,-1.0,10.453677645619123,37.54632235438088,-48.0
0.187,10.0,7.665486074759096,2.414976641001874,8.698161948181461,-1.0326758734223649,-1.0326758734223649,0.0,-0.7813851052950214,0.0,0.7813851052950214,24.3114385723181,15.138334174927015,-24.026274315010948,60.06173214657349,-0.6288591341656955,1.0,0.0,-1.0,9.00424795372656,38.99575204627344,-48.0
0.1875,10.0,7.696902001294994,2.4449686145093135,8.7281539216889,-1.0312519203939061,-1.0312519203939061,0.0,-0.7546170956245634,0.0,0.7546170956245634,24.285460002068408,16.56414722130717,-23.955301269148322,59.90704333415158,-0.6076631583727456,1.0,0.0,-1.0,7.600932145152873,40.399067854847125,-48.0
0.188,10.0,7.728317927830891,2.4748847063564754,8.758070013536061,-1.0297520857051703,-1.0297520857051703,0.0,-0.7194961809560462,0.0,0.7194961809560462,24.20755579033758,17.899720692987014,-23.889537980565326,59.75851201990327,-0.5790919839457123,1.0,0.0,-1.0,6.259288211899113,41.740711788100896,-48.0
0.1885,10.0,7.7597338543667895,2.5047285253309512,8.787913832510537,-1.028179978143747,-1.028179978143747,0.0,-0.6717493732206649,0.0,0.6717493732206649,24.05731530772916,19.12224396541991,-23.82965965881342,59.61840765547097,-0.5395656590679959,1.0,0.0,-1.0,4.991583859037961,43.00841614096204,-48.0
0.189,10.0,7.791149780902688,2.53450505930057,8.817690366480157,-1.026540585577469,-1.026540585577469,0.0,-0.6057338656853921,0.0,0.6057338656853921,23.815191930525828,20.213740968966388,-23.77640130652457,59.49001561969074,-0.4845828236102111,1.0,0.0,-1.0,3.8056543430342415,44.19434565696576,-48.0
0.1895,10.0,7.822565707438586,2.56422123414023,8.847406541319817,-1.024840833881231,-1.024840833881231,0.0,-0.5146802870172352,0.0,0.5146802870172352,23.463921084127453,21.162358230824406,-23.730842001126817,59.3778261316002,-0.40907887325807823,1.0,0.0,-1.0,2.704181310675912,45.295818689324086,-48.0
0.19,10.0,7.853981633974483,2.5938865415668837,8.87707184874647,-1.0230902147719867,-1.0230902147719867,0.0,-0.391056033697779,0.0,0.391056033697779,22.989754293864532,21.963106018209057,-23.694638326815653,59.28761502558323,-0.30792625754898906,1.0,0.0,-1.0,1.6844519653153824,46.31554803468462,-48.0
0.1905,10.0,7.885397560510381,2.6235136739226133,8.906698981102199,-1.0213014205918176,-1.0213014205918176,0.0,-0.22701293278080317,0.0,0.22701293278080317,22.383380594829593,22.618005548848483,-23.670161807998138,59.22638712365042,-0.1765218213291316,1.0,0.0,-1.0,0.7386038445672441,47.261396155432756,-48.0
0.191,10.0,7.91681348704628,2.6531190931543738,8.93630440033396,-1.0194909132876795,-1.0194909132876795,0.0,-0.014153153657386005,-0.0014409289547863567,0.015594082612172362,21.640450881495237,23.135661667042353,-23.660508882691175,59.20216177395116,-0.011968843370844563,1.0,0.0,-1.0,0.0,48.0,-48.0
0.1915,10.0,7.948229413582177,2.6827230628339285,8.965908370013516,-1.0176789564313387,-1.0176789564313387,0.0,0.28559049983693907,-0.06629395031118032,-0.21929654952575875,20.760762847554528,23.5292841496872,-23.66830951602718,59.220940851792605,0.16142273183819772,1.0,0.0,-1.0,0.0,48.0,-48.0
0.192,10.0,7.979645340118075,2.712347164938072,8.995532472117658,-1.015887131999583,-1.015887131999583,0.0,0.6912488437709985,-0.21983469268846254,-0.4714141510825359,19.747097449957124,23.813860219781176,-23.693993739409525,59.282507256733325,0.33036270710646637,1.0,0.0,-1.0,0.0,48.0,-48.0
0.1925,10.0,8.011061266653973,2.7420125088544167,9.025197816034003,-1.01413654938003,-1.01413654938003,0.0,1.203916101461435,-0.4532463294096349,-0.7506697720518002,18.60731704557288,24.0070620519982,-23.737776306145864,59.38569094461759,0.49405448523447426,1.0,0.0,-1.0,0.0,48.0,-48.0
0.193,10.0,8.042477193189871,2.7717395254023285,9.054924832581914,-1.0124476393920432,-1.0124476393920432,0.0,1.8244833552893769,-0.7598316343569569,-1.06465172093242,17.354232832121745,24.128343360340935,-23.799682726368466,59.528858068584654,0.649557287054507,1.0,0.0,-1.0,0.0,48.0,-48.0
0.1935,10.0,8.073893119725769,2.801547599602658,9.084732906782245,-1.0108397870564758,-1.0108397870564758,0.0,2.55321787099803,-1.1347152809717194,-1.4185025900263109,16.004817837899633,24.197575033176268,-23.879137493902792,59.7093710804689,0.7918195469211556,1.0,0.0,-1.0,0.0,48.0,-48.0
0.194,10.0,8.105309046261667,2.83145444333949,9.114639750519077,-1.00933070425741,-1.00933070425741,0.0,3.3894185077802677,-1.5744399864732102,-1.8149785213070577,14.579201666004957,24.233713193559847,-23.974575953977684,59.92310308253443,0.9140686392896931,1.0,0.0,-1.0,0.0,48.0,-48.0
0.1945,10.0,8.136724972797564,2.8614752556873997,9.144660562866985,-1.0079355900694207,-1.0079355900694207,0.0,4.331165963151307,-2.0764873509966524,-2.2546786121546547,13.099487792118888,24.25359766191847,-24.083143897872972,60.164085278326965,1.008467361850498,1.0,0.0,-1.0,0.0,48.0,-48.0
0.195,10.0,8.168140899333464,2.891621751639036,9.174807058818622,-1.0066661594851585,-1.0066661594851585,0.0,5.37518326694482,-2.6387635694428275,-2.7364196975019928,11.588417235874632,24.270954694804338,-24.20054020821795,60.42433899059478,1.0669109727189956,1.0,0.0,-1.0,0.0,48.0,-48.0
0.1955,10.0,8.199556825869362,2.921901157371405,9.205086464550991,-1.0055296386816295,-1.0055296386816295,0.0,6.516819185896489,-3.2590961585526332,-3.257723027343856,10.067904307204158,24.295657557095467,-24.321043154904014,60.693909730974084,1.0818227127385711,1.0,0.0,-1.0,0.0,48.0,-48.0
0.196,10.0,8.230972752405258,2.952315270060844,9.23550057724043,-1.0045278248351721,-1.0045278248351721,0.0,7.750162868035071,-3.9347895476739176,-3.8153733203611537,8.557500254342798,24.333284108605277,-24.43773994392136,60.96108556638208,1.0468115707316343,1.0,0.0,-1.0,0.0,48.0,-48.0
0.1965,10.0,8.262388678941157,2.982859663319029,9.266044970498616,-1.0036562915574585,-1.0036562915574585,0.0,9.068289698719276,-4.6622836616431895,-4.406006037076087,7.072896277265714,24.38499850678531,-24.542951412775597,61.21275091138711,0.9570830185531789,1.0,0.0,-1.0,0.0,48.0,-48.0
0.197,10.0,8.293804605477055,3.0135230889254205,9.296708396105007,-1.0029037906279523,-1.0029037906279523,0.0,10.46362444345456,-5.43694931530395,-5.02667512815061,5.624642468678675,24.447767724359846,-24.628810230062236,61.4348049515235,0.809539483195711,1.0,0.0,-1.0,0.0,48.0,-48.0
0.1975,10.0,8.325220532012953,3.0442870873823433,9.32747239456193,-1.0022518625489774,-1.0022518625489774,0.0,11.928388844510817,-6.253036876786195,-5.675351967724623,4.217308278666781,24.514897590787644,-24.68791527324933,61.61256541766491,0.6025677170340618,1.0,0.0,-1.0,0.0,48.0,-48.0
0.198,10.0,8.35663645854885,3.075125781377276,9.358311088556862,-1.0016746300080115,-1.0016746300080115,0.0,13.455080000976468,-7.1037713151357655,-6.351308685840702,2.8493163445731065,24.57683743542204,-24.71395405207312,61.73108599218708,0.335576432412624,1.0,0.0,-1.0,0.0,48.0,-48.0
0.1985,10.0,8.388052385084748,3.1060056711071384,9.389190978286724,-1.0011385932019756,-1.0011385932019756,0.0,13.180193643992299,-7.053185853190971,-6.127007790801327,1.5135799893387532,24.62130962641822,-24.70131177820067,61.773196608914965,-0.03827332582205756,0.0,1.0,-1.0,-48.0,48.0,0.0
0.199,10.0,8.419468311620648,3.1368813637650814,9.420066670944667,-1.0005983593240195,-1.0005983593240195,0.0,9.488312207279067,-5.287692452485614,-4.200619754793453,0.19949096845341885,24.6322970277551,-24.643227783715847,61.71441802026825,-0.4024723854888639,0.0,1.0,-1.0,-48.0,48.0,0.0
0.1995,10.0,8.450884238156545,-3.1154768548369782,9.450893759522195,-1.0000095213656497,-1.0000095213656497,0.0,6.192635507991895,-3.708355874323876,-2.4842796336680184,-1.1055733009901227,24.616079623773274,-24.556642769761712,61.585604567785545,-0.6028361451091958,0.0,1.0,-1.0,-48.0,48.0,0.0
0.2,10.0,8.482300164692441,-3.0847236677035887,9.481646946655584,-0.9993467819631423,-0.9993467819631423,0.0,3.26666741042378,-2.2993291060077974,-0.9673383044159823,-2.418098689393265,24.58289702081229,-24.462300990053105,61.42462809285101,-0.6635770588684773,0.0,1.0,-1.0,-48.0,48.0,0.0
0.2005,10.0,8.513716091228341,-3.0540522002392754,9.512318414119896,-0.9986023228915553,-0.9986023228915553,0.0,0.6870616975715651,-1.0490344253340116,0.36197272776244654,-3.755685539442213,24.542325188981287,-24.378970521123378,61.26363783487157,-0.606406270599924,0.0,1.0,-1.0,-48.0,48.0,0.0
0.201,10.0,8.545132017764239,-3.0234568176665895,9.542913796692583,-0.9977817789283439,-0.9977817789283439,0.0,0.0,-0.7327606972196576,0.7327606972196576,-5.133359644330786,24.499029982471285,-24.31837986756032,61.118270923595304,-0.5852829070194951,0.0,1.0,-1.0,-29.22368470178627,48.0,-18.776315298213728
0.2015,10.0,8.576547944300136,-2.9929345906031806,9.573436023755992,-0.9968880794558554,-0.9968880794558554,0.0,0.0,-0.7497870750870897,0.7497870750870897,-6.557715550755765,24.44552121126549,-24.277379546764585,60.97005936008393,-0.5991760813839501,0.0,1.0,-1.0,-30.641786383006217,48.0,-17.358213616993783
0.202,10.0,8.607963870836034,-2.962487190542968,9.603883423816205,-0.9959195529801708,-0.9959195529801708,0.0,0.0,-0.7581669340929131,0.7581669340929131,-8.028786415610162,24.383016756350656,-24.258023851384102,60.81924277045941,-0.6063546165452627,0.0,1.0,-1.0,-32.09128286809344,48.0,-15.90871713190656
0.2025,10.0,8.639379797371932,-2.9321155295905257,9.634255084768647,-0.9948752873967148,-0.9948752873967148,0.0,0.0,-0.7596568899745579,0.7596568899745579,-9.53945029545222,24.314060742685562,-24.259799409727655,60.66732396431408,-0.6082263915109631,0.0,1.0,-1.0,-33.56658096193117,48.0,-14.433419038068827
0.203,10.0,8.670795723907831,-2.90181985528607,9.664550759073101,-0.99375503516527,-0.99375503516527,0.0,0.0,-0.7559227152510237,0.7559227152510237,-11.075695642066728,24.241437812985325,-24.278373317525563,60.515463321675675,-0.606080253872987,0.0,1.0,-1.0,-35.05722788979661,48.0,-12.942772110203393
0.2035,10.0,8.702211650443727,-2.871599908878207,9.694770705480966,-0.9925590550372387,-0.9925590550372387,0.0,0.0,-0.7482082305329889,0.7482082305329889,-12.617607740826156,24.167788955013286,-24.305292539936517,60.364541850528454,-0.6008156017090729,0.0,1.0,-1.0,-36.54885594836453,48.0,-11.451144051635456
0.204,10.0,8.733627576979623,-2.8414550348349796,9.724915579524193,-0.9912880025445698,-0.9912880025445698,0.0,0.0,-0.7369880847967387,0.7369880847967387,-14.140877468871551,24.095339564724824,-24.32805716925517,60.21529349067115,-0.5926644935120584,0.0,1.0,-1.0,-38.02451866660638,48.0,-9.975481333393622
0.2045,10.0,8.765043503515523,-2.811384207236562,9.75498640712261,-0.989942903607087,-0.989942903607087,0.0,0.0,-0.7216497490034987,0.7216497490034987,-15.61869212150522,24.025770447938143,-24.330593827557546,60.068504081073534,-0.5809426866204981,0.0,1.0,-1.0,-39.466280431695516,48.0,-8.533719568304482
0.205,10.0,8.79645943005142,-2.781385942352834,9.784984672006338,-0.9885252419549175,-0.9885252419549175,0.0,0.0,-0.7002490929879076,0.7002490929879076,-17.023840730630557,23.9602379318991,-24.294113772292796,59.92526476077624,-0.5638701163602864,0.0,1.0,-1.0,-40.85690281043371,48.0,-7.143097189566291
0.2055,10.0,8.827875356587318,-2.75145807540291,9.814912538956262,-0.9870371823689439,-0.9870371823689439,0.0,0.0,-0.6693772274805673,0.6693772274805673,-18.330848948784457,23.899525799193153,-24.198294821476804,59.7872572074632,-0.5385024722442487,0.0,1.0,-1.0,-42.181464437642624,48.0,-5.818535562357368
0.206,10.0,8.859291283123216,-2.7215973933281306,9.844773221031042,-0.9854819379078261,-0.9854819379078261,0.0,0.0,-0.6241643321556191,0.6241643321556191,-19.51795378072382,23.84429182746493,-24.022682129434486,59.65703818924876,-0.5008102771937958,0.0,1.0,-1.0,-43.428758629739036,48.0,-4.57124137026096
0.2065,10.0,8.890707209659114,-2.6917991336946194,9.874571480664553,-0.983864271005439,-0.983864271005439,0.0,0.0,-0.5584301287051566,0.5584301287051566,-20.56874009377723,23.79535773812363,-23.748167491095064,59.53828342774883,-0.445927147783295,0.0,1.0,-1.0,-44.59233521729151,48.0,-3.407664782708487
0.207,10.0,8.922123136195012,-2.662056380729156,9.904314233630016,-0.9821910974350043,-0.9821910974350043,0.0,0.0,-0.4649724751814306,0.4649724751814306,-21.473292316303937,23.75398544844898,-23.35838871556541,59.43594826036469,-0.3685641075457293,0.0,1.0,-1.0,-45.67109068274572,48.0,-2.328909317254279
0.2075,10.0,8.953539062730911,-2.6323594099164453,9.934011204442728,-0.9804721417118163,-0.9804721417118163,0.0,0.0,-0.3359679311206159,0.3359679311206159,-22.228766414166742,23.72208591841668,-22.840896692581463,59.35630723559147,-0.2635552928272792,0.0,1.0,-1.0,-46.669361027084356,48.0,-1.330638972915649
0.208,10.0,8.984954989266807,-2.602695048680833,9.96367556567834,-0.9787205764115328,-0.9787205764115328,0.0,0.0,-0.16344403091459986,0.16344403091459986,-22.839354373898736,23.702319259509547,-22.187970402052823,59.30684743015183,-0.12646927373703332,0.0,1.0,-1.0,-47.5965288026271,48.0,-0.4034711973729017
0.2085,10.0,9.016370915802707,-2.573046147370771,9.993324466988401,-0.9769535511856944,-0.9769535511856944,0.0,0.014747654535603234,0.05285369730436957,-0.0676013518399728,-23.31557715677004,23.697953738519463,-21.396915652076434,59.29573410845765,0.03971845285532487,0.0,1.0,-1.0,-48.0,48.0,0.0
0.209,10.0,9.047786842338605,-2.5433923161561207,10.022978298203052,-0.9751914558644472,-0.9751914558644472,0.0,0.11440515667582629,0.2848014581457216,-0.3992066148215479,-23.67125786158585,23.710744503884808,-20.46841380933445,59.32651491443123,0.20590905852583535,0.0,1.0,-1.0,-48.0,48.0,0.0
0.2095,10.0,9.079202768874502,-2.5137127843190004,10.052657830040172,-0.9734550611656694,-0.9734550611656694,0.0,0.29941165194331976,0.5384086951052505,-0.8378203470485702,-23.92238172279991,23.740959905877443,-19.40701083615535,59.39838170719343,0.3683482165424163,0.0,1.0,-1.0,-48.0,48.0,0.0
0.21,10.0,9.1106186954104,-2.483987261722666,10.082383352636507,-0.9717646572261068,-0.9717646572261067,0.0,0.5615957938689333,0.8229377997459055,-1.3845335936148389,-24.087577412477124,23.788877165166976,-18.2225769672093,59.510263710358245,0.5256077203582877,0.0,1.0,-1.0,-48.0,48.0,0.0
0.2105,10.0,9.142034621946298,-2.4541961291156538,10.112174485243518,-0.97013986329722,-0.97013986329722,0.0,0.8948387641055615,1.1452207240525811,-2.0400594881581426,-24.186827335213756,23.8544504818728,-16.929730722449786,59.66045500522401,0.6740303633491309,0.0,1.0,-1.0,-48.0,48.0,0.0
0.211,10.0,9.173450548482196,-2.4243208935161715,10.142049720843001,-0.9685991723608058,-0.9685991723608058,0.0,1.2947370381013645,1.5095988527411055,-2.80433589084247,-24.240072396916126,23.93689322926959,-15.546941704712257,59.84607026101054,0.8078965489803518,0.0,1.0,-1.0,-48.0,48.0,0.0
0.2115,10.0,9.204866475018095,-2.39434489785696,10.172025716502212,-0.9671592414841168,-0.9671592414841168,0.0,1.7581665946413312,1.9180465437352396,-3.676213138376571,-24.265890723880254,24.034307616555147,-14.095432982284363,60.06258604575875,0.9199280576022052,0.0,1.0,-1.0,-48.0,48.0,0.0
0.212,10.0,9.236282401553991,-2.3642542230468444,10.202116391312329,-0.9658339897583375,-0.9658339897583375,0.0,2.2827837218959823,2.3704603944574387,-4.653244116353421,-24.28034239991625,24.143424353938244,-12.597920451657323,60.30353945171777,1.0020217817122137,0.0,1.0,-1.0,-48.0,48.0,0.0
0.2125,10.0,9.26769832808989,-2.334038692171856,10.232331922187317,-0.9646335940974265,-0.9646335940974264,0.0,2.8665058161283397,2.8650848361157863,-5.731590652244126,-24.296047135418796,24.259503499070714,-11.077213104539624,60.56042478617158,1.0460763194917373,0.0,1.0,-1.0,-48.0,48.0,0.0
0.213,10.0,9.299114254625788,-2.303692875033976,10.262677739325197,-0.9635634846994083,-0.9635634846994083,0.0,3.507020038149033,3.3990370268072683,-6.906057064956301,-24.321542158352212,24.376430338119444,-9.554707840558034,60.822793346749016,1.044766405518993,0.0,1.0,-1.0,-48.0,48.0,0.0
0.2135,10.0,9.330530181161686,-2.2732169975975145,10.293153616761657,-0.962623435599971,-0.962623435599971,0.0,4.201367446440198,3.968888760793861,-8.17025620723406,-24.360953708303892,24.487016478239077,-8.048851239346673,61.07852636607113,0.9921343394524043,0.0,1.0,-1.0,-48.0,48.0,0.0
0.214,10.0,9.361946107697584,-2.24261768342259,10.323752930936582,-0.961806823238998,-0.961806823238998,0.0,4.94564409864368,4.571259116345434,-9.516903214989114,-24.414002240296643,24.583486198724085,-6.573701145800518,61.314222461709214,0.883902538210688,0.0,1.0,-1.0,-48.0,48.0,0.0
0.2145,10.0,9.393362034233482,-2.2119084884732754,10.354462125885897,-0.9611000916524155,-0.9611000916524155,0.0,5.734847640219813,5.203368858096242,-10.938216498316056,-24.47634207382564,24.658093262149748,-5.137782962629086,61.51562322149557,0.7174639880456444,0.0,1.0,-1.0,-48.0,48.0,0.0
0.215,10.0,9.42477796076938,-2.181110230276362,10.38526038408281,-0.9604824233134313,-0.9604824233134313,0.0,6.562878099072805,5.863507550747922,-12.426385649820727,-24.540206848904845,24.703778661365888,-3.7434720972189868,61.667997622175875,0.4915715728706508,-1.0,1.0,0.0,-48.0,0.0,48.0
0.2155,10.0,9.456193887305279,-2.150257008244504,10.416113606114669,-0.9599197188093901,-0.95991971880939,0.0,4.699050249101522,3.8293606696456637,-8.528410918747186,-24.58239592601818,24.701801911136435,-2.386123383966096,61.72404391513675,-0.00926647436250233,-1.0,1.0,0.0,-48.0,0.0,48.0
0.216,10.0,9.487609813841175,-2.119402982354521,10.446967632004652,-0.9593578181634772,-0.9593578181634772,0.0,3.0357550501279227,2.0072653955484623,-5.043020445676385,-24.59512620413323,24.65221232078191,-1.0601092418985392,61.67906593227047,-0.3215855004637732,-1.0,1.0,0.0,-48.0,0.0,48.0
0.2165,10.0,9.519025740377074,-2.088587485911107,10.477783128448065,-0.9587573880709908,-0.9587573880709908,0.0,1.553470060983293,0.38723883100127804,-1.940708891984571,-24.589464946016548,24.5760246803661,0.2453718012045742,61.57660596117654,-0.473530512483514,-1.0,1.0,0.0,-48.0,0.0,48.0
0.217,10.0,9.55044166691297,-2.0578298055472772,10.508540808811896,-0.9580991418989253,-0.9580991418989253,0.0,0.6395782454917517,-0.6395782454917517,0.0,-24.574245770071112,24.49262274326032,1.5474284224469592,61.45286021839661,-0.5106695044624856,-1.0,1.0,0.0,-48.0,22.411760064147643,25.588239935852357
0.2175,10.0,9.58185759344887,-2.0271360769174556,10.539234537441716,-0.9573769439928466,-0.9573769439928466,0.0,0.6836900958605161,-0.6836900958605161,0.0,-24.550266410486017,24.412843470372188,2.86490524837952,61.320586189982436,-0.5459111754796243,-1.0,1.0,0.0,-48.0,21.066383281563564,26.933616718436436
0.218,10.0,9.613273519984768,-1.9965104891686296,10.569860125190543,-0.956586605205775,-0.956586605205775,0.0,0.7159671766380232,-0.7159671766380232,0.0,-24.515176726649234,24.34294305102617,4.213834863551604,61.18068823032519,-0.5717622845524941,-1.0,1.0,0.0,-48.0,19.700048298636865,28.299951701363135
0.2185,10.0,9.644689446520665,-1.9659562819902447,10.600414332368928,-0.9557248858482623,-0.9557248858482623,0.0,0.7373382295938538,-0.7373382295938538,0.0,-24.468789153114063,24.289006022272964,5.605357615473249,61.035422277398254,-0.5890183934523618,-1.0,1.0,0.0,-48.0,18.304750819106204,29.695249180893796
0.219,10.0,9.676105373056563,-1.9354756243062228,10.63089499005295,-0.9547896169963863,-0.9547896169963863,0.0,0.7491644019229388,-0.7491644019229388,0.0,-24.41225789039333,24.255377772546836,7.044297940970325,60.88680114071229,-0.5988171406832349,-1.0,1.0,0.0,-48.0,16.877262000106427,31.122737999893573
0.2195,10.0,9.707521299592461,-1.9050697552901028,10.661300859069069,-0.9537795594766081,-0.9537795594766081,0.0,0.7531211650718275,-0.7531211650718275,0.0,-24.347706383061357,24.243740383331755,8.528385644988965,60.736521441091085,-0.6025245788355813,-1.0,1.0,0.0,-48.0,15.419631355146233,32.58036864485376
0.22,10.0,9.738937226128359,-1.8747391531290223,10.69163146123015,-0.9526942351017915,-0.9526942351017915,0.0,0.7509800288565442,-0.7509800288565442,0.0,-24.277786852079046,24.252342230679158,10.048164543383251,60.585928873772126,-0.6015449200244715,-1.0,1.0,0.0,-48.0,13.939113145916805,34.0608868540832
0.2205,10.0,9.770353152664258,-1.844483707968005,10.721886906391168,-0.9515337537269098,-0.9515337537269097,0.0,0.7443119230544347,-0.7443119230544347,0.0,-24.205251982147264,24.275481945036837,11.58756719872069,60.43603857314166,-0.5970740166359811,-1.0,1.0,0.0,-48.0,12.447547782724097,35.5524522172759
0.221,10.0,9.801769079200154,-1.8143028685049374,10.752067745854236,-0.9502986666540814,-0.9502986666540814,0.0,0.7341466988120939,-0.7341466988120939,0.0,-24.13260509654855,24.303326788937536,13.125082559343689,60.28762135517463,-0.5898238925056699,-1.0,1.0,0.0,-48.0,10.960278286850805,37.0397217131492
0.2215,10.0,9.833185005736054,-1.7841957281444323,10.78217488621474,-0.9489898804786865,-0.9489898804786865,0.0,0.7206313383409354,-0.7206313383409354,0.0,-24.061874903668283,24.322116049571598,14.635400894203773,60.141359082760786,-0.5797511178110941,-1.0,1.0,0.0,-48.0,9.494719678747884,38.50528032125211
0.222,10.0,9.864600932271951,-1.7541610171504811,10.81220959720869,-0.9476086649367392,-0.9476086649367392,0.0,0.7027323229326321,-0.7027323229326321,0.0,-23.994537280924447,24.314762858495172,16.091387157668358,59.99806357779562,-0.5658267064270373,-1.0,1.0,0.0,-48.0,8.068725631117005,39.931274368882995
0.2225,10.0,9.89601685880785,-1.724196972466552,10.84217364189262,-0.9461567830847706,-0.9461567830847706,0.0,0.6780247916140489,-0.6780247916140489,0.0,-23.93158230283487,24.261824776548426,17.466209703340265,59.85894359133292,-0.54588876501491,-1.0,1.0,0.0,-48.0,6.6989115335165135,41.30108846648349
0.223,10.0,9.927432785343747,-1.6943010672131473,10.872069547146026,-0.9446367618022791,-0.9446367618022791,0.0,0.6426026871741669,-0.6426026871741669,0.0,-23.87370229890276,24.142767991893113,18.735437466491717,59.72589397050957,-0.5166186855690982,-1.0,1.0,0.0,-48.0,5.399095380003459,42.60090461999654
0.2235,10.0,9.958848711879645,-1.6644695972341101,10.901901017125063,-0.943052305245418,-0.943052305245418,0.0,0.5911306925950149,-0.5911306925950149,0.0,-23.82155857301189,23.937407906342713,19.87891853339448,59.601771769676226,-0.4736736861055289,-1.0,1.0,0.0,-48.0,4.179006133270931,43.82099386672907
0.224,10.0,9.990264638415542,-1.634697141418158,10.931673472941014,-0.9414088345254719,-0.9414088345254719,0.0,0.5170418239357991,-0.5170418239357991,0.0,-23.776072894047402,23.62737816302568,20.882270444855443,59.49061788946964,-0.41199045605708623,-1.0,1.0,0.0,-48.0,3.043382189633695,44.95661781036631
0.2245,10.0,10.021680564951442,-1.6049759336210085,10.961394680738163,-0.939714115786721,-0.939714115786721,0.0,0.41286628294870353,-0.41286628294870353,0.0,-23.738686895772968,23.19746914792675,21.73785039758777,59.397782415105425,-0.32624713404678435,-1.0,1.0,0.0,-48.0,1.9915407284891202,46.00845927151087
0.225,10.0,10.053096491487338,-1.575295203464009,10.991075410895164,-0.9379789194078256,-0.9379789194078256,0.0,0.27066040241658024,-0.27066040241658024,0.0,-23.7115389131974,22.63669153857458,22.44513065498843,59.32991903277562,-0.2114385273042927,-1.0,1.0,0.0,-48.0,1.0174456577001614,46.98255434229984
0.2255,10.0,10.084512418023238,-1.545640557132493,11.020730057226679,-0.9362176392034414,-0.9362176392034414,0.0,0.0824921463708839,-0.0824921463708839,0.0,-23.6975226187791,21.93896082889075,23.010474411234092,59.294828974810116,-0.06349038419550745,-1.0,1.0,0.0,-48.0,0.1102446938217323,47.889755306178266
0.226,10.0,10.115928344559135,-1.5159935994672993,11.050377014891874,-0.9344486703327384,-0.9344486703327384,0.0,-0.14022634390428118,0.1779387995102876,-0.03771245560600643,-23.699753780579822,21.10295341151857,23.44592327810122,59.30000868059019,0.10445463360462773,-1.0,1.0,0.0,-48.0,0.0,48.0
0.2265,10.0,10.147344271095033,-1.4863336264839948,11.080036987875177,-0.932692716780144,-0.932692716780144,0.0,-0.3774303362794457,0.5442080345964778,-0.1667776983170321,-23.719172477270178,20.130268955007743,23.765787901293685,59.346724899302096,0.2686548578789135,-1.0,1.0,0.0,-48.0,0.0,48.0
0.227,10.0,10.17876019763093,-1.456640113067354,11.109730501291818,-0.930970303660887,-0.930970303660887,0.0,-0.6395021722296572,1.0178384148932593,-0.37833624266360216,-23.756036139173524,19.027205473237096,23.986990547324844,59.434001699555594,0.4287698752918403,-1.0,1.0,0.0,-48.0,0.0,48.0
0.2275,10.0,10.210176124166829,-1.4268930669930333,11.13947754736614,-0.9293014231993109,-0.9293014231993109,0.0,-0.934948434574004,1.5998681647102788,-0.6649197301362748,-23.81055305533974,17.805281149997388,24.12873482185146,59.56059807238722,0.5826682581759011,-1.0,1.0,0.0,-48.0,0.0,48.0
0.228,10.0,10.241592050702726,-1.397073296414163,11.16929731794501,-0.927705267242283,-0.927705267242283,0.0,-1.2698046339174014,2.2908156108633997,-1.0210109769459983,-23.8824717541075,16.480505187383297,24.211126128708727,59.72446086694917,0.7260014689106942,-1.0,1.0,0.0,-48.0,0.0,48.0
0.2285,10.0,10.273007977238626,-1.3671629504138438,11.199207663945328,-0.9261996867067026,-0.9261996867067026,0.0,-1.6476352874733609,3.090306870575684,-1.4426715831023231,-23.97067111034784,15.072407680849613,24.25378753767986,59.922198815040105,0.8524893869889348,-1.0,1.0,0.0,-48.0,0.0,48.0
0.229,10.0,10.304423903774522,-1.3371462977835569,11.229224316575616,-0.924800412801094,-0.924800412801094,0.0,-2.0697136794455515,3.996794977355185,-1.9270812979096335,-24.072819373120744,13.602882062628211,24.27458191184244,60.148668429021654,0.9545129251813775,-1.0,1.0,0.0,-48.0,0.0,48.0
0.2295,10.0,10.335839830310421,-1.3070106712055096,11.259359943153664,-0.9235201128432422,-0.9235201128432422,0.0,-2.535359184374735,5.007386590555671,-2.472027406180936,-24.185161733220696,12.094871752076275,24.288524349375194,60.39673432357307,1.023894311455545,-1.0,1.0,0.0,-48.0,0.0,48.0
0.23,10.0,10.367255756846317,-1.2767474807987145,11.289623133560458,-0.9223673767141403,-0.9223673767141403,0.0,-3.042399885998304,6.11778941719439,-3.075389531196086,-24.30248270926735,10.570925673239369,24.30694521688963,60.65723332588483,1.052722642976437,-1.0,1.0,0.0,-48.0,0.0,48.0
0.2305,10.0,10.398671683382217,-1.2463531953361247,11.320017419023047,-0.9213457356408306,-0.9213457356408306,0.0,-3.5877214601001395,7.322389766171348,-3.7346683060712085,-24.4182701955005,9.051666677822057,24.336946483114296,60.919135591975305,1.0340816582213501,-1.0,1.0,0.0,-48.0,0.0,48.0
0.231,10.0,10.430087609918115,-1.2158302014406897,11.350540412918482,-0.9204528030003676,-0.9204528030003676,0.0,-4.167858467764673,8.614462773558195,-4.446604305793522,-24.52508205803622,7.554264379425185,24.381180912663805,61.16986239667971,0.962557930864316,-1.0,1.0,0.0,-48.0,0.0,48.0
0.2315,10.0,10.461503536454012,-1.1851874780824367,11.381183136276736,-0.9196795998227234,-0.9196795998227234,0.0,-4.779580528814133,9.986505817339147,-5.206925288525014,-24.615084037883307,6.09106754574102,24.437968869933666,61.39569459894723,0.8344490617388152,-1.0,1.0,0.0,-48.0,0.0,48.0
0.232,10.0,10.49291946298991,-1.15444398272232,11.411926631636852,-0.9190071686469423,-0.9190071686469423,0.0,-3.5850405521057516,7.759089455239163,-4.174048903133412,-24.67051419122662,4.666816338708455,24.491639326111866,61.55679381415508,0.3643097309887062,-1.0,0.0,1.0,0.0,-48.0,48.0
0.2325,10.0,10.524335389525808,-1.1236530909808116,11.442717523378361,-0.9183821338525533,-0.9183821338525533,0.0,-1.657208258792501,4.0648241140373065,-2.4076158552448055,-24.66471447193309,3.2822020405286705,24.51354600604052,61.58836670031353,-0.07798647317045748,-1.0,0.0,1.0,0.0,-48.0,48.0
0.233,10.0,10.555751316061706,-1.0928700042059614,11.473500610153211,-0.9177492940915055,-0.9177492940915055,0.0,0.06329068326715948,0.7714216189995522,-0.8347123022667117,-24.615736150482707,1.9393802128651145,24.51566076005757,61.53335167989352,-0.3335652944409369,-1.0,0.0,1.0,0.0,-48.0,48.0
0.2335,10.0,10.587167242597605,-1.0621264967193835,11.50424411763979,-0.9170768750421843,-0.9170768750421843,0.0,0.5124118302307874,0.0,-0.5124118302307874,-24.544544514001128,0.6296646302995872,24.51024154429463,61.43795059909808,-0.40913234345548055,-1.0,0.0,1.0,-24.646816115152838,-23.353183884847162,48.0
0.234,10.0,10.618583169133501,-1.0314340080947528,11.53493660626442,-0.916353437130919,-0.916353437130919,0.0,0.5646874262493844,0.0,-0.5646874262493844,-24.466336509723508,-0.6637485045237662,24.50246966025867,61.33026478521828,-0.45087151049275864,-1.0,0.0,1.0,-23.318184920208655,-24.681815079791345,48.0
0.2345,10.0,10.649999095669399,-1.0007977861200048,11.565572828239167,-0.9155737325697686,-0.9155737325697686,0.0,0.605874577319299,0.0,-0.605874577319299,-24.387441398557787,-1.960374966821159,24.488400653449133,61.21325285460534,-0.48376174706351394,-1.0,0.0,1.0,-21.989145405733165,-26.010854594266835,48.0
0.235,10.0,10.681415022205297,-0.9702219446475212,11.596148669711651,-0.9147336475063543,-0.9147336475063543,0.0,0.6362617094921499,0.0,-0.6362617094921499,-24.314533487926763,-3.2784183400591895,24.46515380495483,61.08910119105716,-0.5080553915565679,-1.0,0.0,1.0,-20.646271501426774,-27.353728498573226,48.0
0.2355,10.0,10.712830948741194,-0.939709526265921,11.626661088093252,-0.9138301393520577,-0.9138301393520578,0.0,0.6565075264765299,0.0,-0.6565075264765299,-24.25415032272705,-4.632545801426647,24.431398315287133,60.95989532511625,-0.5243189631647309,-1.0,0.0,1.0,-19.27883020229331,-28.72116979770669,48.0
0.236,10.0,10.744246875277092,-0.9092625734686344,11.657108040890538,-0.912861165613446,-0.912861165613446,0.0,0.6676969691954404,0.0,-0.6676969691954404,-24.21178044908489,-6.03210409616106,24.38728652608733,60.827535569865766,-0.5334664543129102,-1.0,0.0,1.0,-17.88014286533772,-30.11985713466228,48.0
0.2365,10.0,10.775662801812992,-0.8788822423793058,11.687488371979867,-0.9118255701668758,-0.9118255701668758,0.0,0.6712987086149272,0.0,-0.6712987086149272,-24.190913514332472,-7.479895318266727,24.33418706511713,60.69365464747549,-0.5367091097676864,-1.0,0.0,1.0,-16.44846790634094,-31.55153209365906,48.0
0.237,10.0,10.807078728348888,-0.8485689527648732,11.717801661594299,-0.9107229332454114,-0.9107229332454114,0.0,0.6690182558782245,0.0,-0.6690182558782245,-24.19216056084933,-8.971596888921813,24.274294149264602,60.55955837101581,-0.5354223820476235,-1.0,0.0,1.0,-14.987336316870552,-33.01266368312944,48.0
0.2375,10.0,10.838494654884785,-0.8183225578358994,11.748048056523274,-0.9095534016384885,-0.9095534016384885,0.0,0.6625571510408723,0.0,-0.6625571510408723,-24.212551315536206,-10.495849885298963,24.21019397150527,60.42620875668942,-0.5309423977291696,-1.0,0.0,1.0,-13.505328786716506,-34.49467121328349,48.0
0.238,10.0,10.869910581420685,-0.7881425086126572,11.778228105746516,-0.908317524325831,-0.908317524325831,0.0,0.6533033337904877,0.0,-0.6533033337904877,-24.24510351871162,-12.034984576150277,24.144462655545226,60.294264713658855,-0.5243129682806447,-1.0,0.0,1.0,-12.01533585543292,-35.98466414456708,48.0
0.2385,10.0,10.901326507956583,-0.7580279815214412,11.808342632837732,-0.9070161248811495,-0.9070161248811495,0.0,0.6419891175742508,0.0,-0.6419891175742508,-24.27873787930347,-13.566304288724249,24.079355365045757,60.1641893469723,-0.5160107689720816,-1.0,0.0,1.0,-10.533386968404608,-37.46661303159539,48.0
0.239,10.0,10.93274243449248,-0.7279779352165026,11.83839267914267,-0.9056502446501896,-0.9056502446501895,0.0,0.6283600222292492,0.0,-0.6283600222292492,-24.298581944014987,-15.063809058925337,24.016625749419184,60.03642527380636,-0.5056820895281176,-1.0,0.0,1.0,-9.077169038372565,-38.92283096162743,48.0
0.2395,10.0,10.964158361028376,-0.6979910641261119,11.86837955023306,-0.9042211892046836,-0.9042211892046836,0.0,0.6108993042720461,0.0,-0.6108993042720461,-24.286668025367725,-16.50020865420439,23.957491740030004,59.911630316022006,-0.4919299221271434,-1.0,0.0,1.0,-7.664379488464471,-40.33562051153553,48.0
0.24,10.0,10.995574287564276,-0.668065622551427,11.898304991807745,-0.9027307042434689,-0.9027307042434689,0.0,0.5866489857842376,0.0,-0.5866489857842376,-24.22298634724884,-17.8490510232322,23.90274025882964,59.79095573780914,-0.4721936345588837,-1.0,0.0,1.0,-6.3110720209774005,-41.688927979022594,48.0
0.2405,10.0,11.026990214100175,-0.6381991047053491,11.928171509653824,-0.9011812955536485,-0.9011812955536485,0.0,0.5511586311252739,0.0,-0.5511586311252739,-24.086808762554714,-19.08677930119081,23.852942066721674,59.67633868993881,-0.44276187218579144,-1.0,0.0,1.0,-5.030154046725711,-42.96984595327429,48.0
0.241,10.0,11.058406140636071,-0.6083877826258361,11.957982831733336,-0.8995766910972645,-0.8995766910972645,0.0,0.49857881675999827,0.0,-0.49857881675999827,-23.858157366133646,-20.19453219236667,23.808731237759407,59.57077143795523,-0.39894902055301307,-1.0,0.0,1.0,-3.830180871820451,-44.169819128179554,48.0
0.2415,10.0,11.08982206717197,-0.5786261241241698,11.987744490235002,-0.8979224230630329,-0.8979224230630329,0.0,0.42189875890837913,0.0,-0.42189875890837913,-23.51926460285942,-21.15952324476048,23.771094015110897,59.47850476719198,-0.3354446062043429,-1.0,0.0,1.0,-2.7145620491137823,-45.28543795088621,48.0
0.242,10.0,11.121237993707867,-0.5489061342308618,12.01746448012831,-0.8962264864204438,-0.8962264864204439,0.0,0.3133093031566977,0.0,-0.3133093031566977,-23.0558654294758,-21.975876577144533,23.741610930795225,59.40514421475013,-0.24681506798342212,-1.0,0.0,1.0,-1.6812506721957554,-46.31874932780424,48.0
0.2425,10.0,11.152653920243766,-0.5192166822987602,12.047153932060413,-0.8945000118166462,-0.8945000118166462,0.0,0.1646563766543008,0.0,-0.1646563766543008,-22.45818275302314,-22.644857808056017,23.722604596030973,59.35760707595403,-0.1281042395494143,-1.0,0.0,1.0,-0.7229312704400677,-47.277068729559936,48.0
0.243,10.0,11.184069846779664,-0.4895428892992727,12.0768277250599,-0.8927578782802357,-0.8927578782802357,0.0,-0.03305613780826307,0.0019900631504970977,0.03106607465776597,-21.72150850501272,-23.174505990257774,23.717156830772684,59.34391186967135,0.023738061218669747,-1.0,0.0,1.0,0.0,-48.0,48.0
0.2435,10.0,11.21548577331556,-0.45986609329368583,12.106504521065487,-0.8910187477499267,-0.8910187477499267,0.0,-0.3194423789342916,0.0703722417974031,0.2490701371368885,-20.84535829457197,-23.577603180758622,23.72783889448573,59.36993853042061,0.18375592781080213,-1.0,0.0,1.0,0.0,-48.0,48.0
0.244,10.0,11.24690169985146,-0.4301663673611186,12.136204246998053,-0.8893025471465936,-0.8893025471465936,0.0,-0.7127197362015318,0.22813393320364694,0.48458580299788495,-19.832432665103486,-23.86894326727399,23.75507812952701,59.435470705268955,0.3398816168071972,-1.0,0.0,1.0,0.0,-48.0,48.0
0.2445,10.0,11.278317626387357,-0.400424200051614,12.165946414307559,-0.8876287879202014,-0.8876287879202014,0.0,-1.2141486622994884,0.4661884417369234,0.7479602205625648,-18.69074267623514,-24.066251040984316,23.79916837381494,59.53952556938178,0.4916862049641115,-1.0,0.0,1.0,0.0,-48.0,48.0
0.245,10.0,11.309733552923255,-0.3706206434595265,12.195749970899646,-0.886016417976391,-0.886016417976391,0.0,-1.8247508277200852,0.777594847120274,1.0471559805998112,-17.4334226241396,-24.189205135444706,23.860252454690826,59.68073872211197,0.6365145265303487,-1.0,0.0,1.0,0.0,-48.0,48.0
0.2455,10.0,11.341149479459153,-0.3407376449488499,12.225632969410322,-0.8844834899511689,-0.8844834899511689,0.0,-2.544879700940058,1.1572681750129836,1.3876115259270743,-16.077901458134928,-24.25802006363372,23.937897885645608,59.85680106929193,0.7694997500003293,-1.0,0.0,1.0,0.0,-48.0,48.0
0.246,10.0,11.37256540599505,-0.3107586514190654,12.255611962940106,-0.8830465569450556,-0.8830465569450556,0.0,-3.3738708313037833,1.6015784854895605,1.772292345814223,-14.644844402714616,-24.292057131273424,24.030694823038132,60.06394736817486,0.8839511240177061,-1.0,0.0,1.0,0.0,-48.0,48.0
0.2465,10.0,11.40398133253095,-0.28066943861004934,12.285701175749123,-0.881719843218173,-0.881719843218173,0.0,-4.3097912025155525,2.1078705695417845,2.201920632973768,-13.156914475441628,-24.308570954087518,24.135942949610584,60.296579274867554,0.9720230308027294,-1.0,0.0,1.0,0.0,-48.0,48.0
0.247,10.0,11.435397259066848,-0.25045908319107174,12.315911531168101,-0.8805142721012533,-0.8805142721012533,0.0,-5.349302992963823,2.673945719507994,2.6753572734558286,-11.637385353249659,-24.321671526813333,24.249484554508616,60.547077433872786,1.0255343171317377,-1.0,0.0,1.0,0.0,-48.0,48.0
0.2475,10.0,11.466813185602744,-0.2201209767702571,12.346249637588915,-0.8794364519861713,-0.8794364519861713,0.0,-6.487653758903987,3.297553141440926,3.190100617463061,-10.108636695172489,-24.341558348283332,24.365725413279765,60.80582180144355,1.0367900058251298,-1.0,0.0,1.0,0.0,-48.0,48.0
0.248,10.0,11.498229112138644,-0.1896537805974444,12.376716833761728,-0.8784877216230846,-0.8784877216230846,0.0,-7.718800347778204,3.9759401467708826,3.7428602010073213,-8.590590761936923,-24.374065908193614,24.477863070110512,61.06140272698491,0.9992637663446755,-1.0,0.0,1.0,0.0,-48.0,48.0
0.2485,10.0,11.529645038674541,-0.15906276040255096,12.407307853956622,-0.8776628152820809,-0.8776628152820809,0.0,-7.1789642262358395,3.777082407227407,3.401881819008432,-7.098151187770756,-24.41684095149697,24.574584256779623,61.291671795798926,0.6906775945893159,0.0,-1.0,1.0,48.0,-48.0,0.0
0.249,10.0,11.561060965210439,-0.12838743765653016,12.437983176702643,-0.8769222114922037,-0.8769222114922037,0.0,-3.2513371244035536,1.887934236977128,1.3634028874264255,-5.635022168747429,-24.428005135132064,24.60882910062931,61.38477144938208,0.0937470003475267,0.0,-1.0,1.0,48.0,-48.0,0.0
0.2495,10.0,11.592476891746337,-0.09769810043750862,12.468672513921664,-0.8761956221753273,-0.8761956221753273,0.0,0.0,0.3319862050483629,-0.3319862050483629,-4.217553816788627,-24.41315943030843,24.585752212782857,61.35706958242972,-0.26511961602136463,0.0,-1.0,1.0,19.696149791974157,-48.0,28.30385020802584
0.25,10.0,11.623892818282235,-0.06703717890644718,12.499333435452725,-0.87544061717049,-0.87544061717049,0.0,0.0,0.3923033746988259,-0.3923033746988259,-2.8535553570850336,-24.39867795563699,24.535680729975457,61.28461154383493,-0.3132452595764188,0.0,-1.0,1.0,21.077943255745733,-48.0,26.922056744254267
0.2505,10.0,11.655308744818134,-0.03641533328349273,12.52995528107568,-0.8746465362575453,-0.8746465362575453,0.0,0.0,0.4429912005969003,-0.4429912005969003,-1.5347214700697691,-24.39242893760558,24.473407560311493,61.20108522231872,-0.3537050936229129,0.0,-1.0,1.0,22.424789218577274,-48.0,25.575210781422726
0.251,10.0,11.686724671354032,-0.005837622634986497,12.560532991724186,-0.8738083203701539,-0.8738083203701539,0.0,0.0,0.4842640977463677,-0.4842640977463677,-0.24476438416084878,-24.389116964171105,24.4025238240108,61.10838439104659,-0.38665790528272725,0.0,-1.0,1.0,23.748532185919302,-48.0,24.251467814080694
0.2515,10.0,11.718140597889928,0.024691833050121906,12.591062447409294,-0.8729218495193667,-0.8729218495193667,0.0,0.0,0.5162491697016001,-0.5162491697016001,1.0352841814094367,-24.383800436741286,24.328025805332082,61.00837435136183,-0.41219652415730446,0.0,-1.0,1.0,25.063171497114038,-48.0,22.936828502885962
0.252,10.0,11.749556524425827,0.05516983969756853,12.62154045405674,-0.8719839296309129,-0.8719839296309129,0.0,0.0,0.539157564656717,-0.539157564656717,2.324727736590747,-24.372546575671468,24.255945699395333,60.902890045134896,-0.43049548959864836,0.0,-1.0,1.0,26.383028174728814,-48.0,21.61697182527119
0.2525,10.0,11.780972450961725,0.08559410593198365,12.651964720291156,-0.870992269329431,-0.870992269329431,0.0,0.0,0.5534468295235029,-0.5534468295235029,3.640909345306886,-24.352815277710892,24.19274467487593,60.793698364024685,-0.4419436054428524,0.0,-1.0,1.0,27.720944646724366,-48.0,20.27905535327563
0.253,10.0,11.812388377497623,0.11596319358683024,12.682333807946003,-0.8699454304483805,-0.8699454304483805,0.0,0.0,0.5599332436033884,-0.5599332436033884,4.997174062819081,-24.32357306565117,24.144517557808417,60.68243276300794,-0.4472282002939176,0.0,-1.0,1.0,29.086701816740458,-48.0,18.91329818325954
0.2535,10.0,11.84380430403352,0.1462764316433039,12.712647046002477,-0.8688427419689564,-0.8688427419689564,0.0,0.0,0.5598229032958797,-0.5598229032958797,6.40126267427389,-24.285172793707382,24.116086075676826,60.570515322634684,-0.44734856751843616,0.0,-1.0,1.0,30.48580603328917,-48.0,17.514193966710835
0.254,10.0,11.875220230569418,0.1765337920192145,12.742904406378386,-0.867684175808968,-0.867684175808968,0.0,0.0,0.5546439989844825,-0.5546439989844825,7.8542614737279,-24.239059646186394,24.110076411593194,60.459085451604864,-0.4435488557298359,0.0,-1.0,1.0,31.9187530910245,-48.0,16.081246908975498
0.2545,10.0,11.906636157105318,0.20673573556848518,12.773106349927657,-0.8664701928223391,-0.8664701928223391,0.0,0.0,0.5460782871145627,-0.5460782871145627,9.350178326954032,-24.1873774164058,24.126085367882283,60.34895528260274,-0.4371729863138629,0.0,-1.0,1.0,33.380824351215786,-48.0,14.619175648784212
0.255,10.0,11.938052083641214,0.23688304629247803,12.80325366065165,-0.8652015770104367,-0.8652015770104367,0.0,0.0,0.5357052223755124,-0.5357052223755124,10.87616087996274,-24.132551180326644,24.16003757108197,60.240609846696245,-0.42945435084404826,0.0,-1.0,1.0,34.86241768458508,-48.0,13.137582315414923
0.2555,10.0,11.969468010177112,0.2669766798349526,12.833347294194125,-0.8638792840170133,-0.8638792840170133,0.0,0.0,0.524685811933247,-0.524685811933247,12.413322543935825,-24.076914877253543,24.203824322596695,60.13426589400368,-0.42126096446347044,0.0,-1.0,1.0,36.34986782126425,-48.0,11.650132178735749
0.256,10.0,12.000883936713011,0.2970176578314304,12.863388272190603,-0.8625043354775919,-0.8625043354775919,0.0,0.0,0.5134235538190638,-0.5134235538190638,13.938097547729699,-24.0224373346193,24.245293392002758,60.02999721106842,-0.41282343821056544,0.0,-1.0,1.0,37.82666951903797,-48.0,10.173330480962031
0.2565,10.0,12.032299863248909,0.32700704176366086,12.893377656122833,-0.8610777928739246,-0.8610777928739246,0.0,0.0,0.5012457327857199,-0.5012457327857199,15.42400814545593,-23.970580427099854,24.268628642257536,59.92792663331134,-0.4034796305723206,0.0,-1.0,1.0,39.27498403787709,-48.0,8.725015962122912
0.257,10.0,12.063715789784807,0.35694601782013147,12.923316632179304,-0.8596008423944976,-0.8596008423944976,0.0,0.0,0.4861491003212821,-0.4861491003212821,16.843695101692724,-23.922300700871254,24.255119644150977,59.82847569896268,-0.3914759532631529,0.0,-1.0,1.0,40.677285630052864,-48.0,7.322714369947137
0.2575,10.0,12.095131716320704,0.3868361171422895,12.953206731501462,-0.8580750151807575,-0.8580750151807575,0.0,0.0,0.46464915620028546,-0.46464915620028546,18.171038164334256,-23.878183189193358,24.18427654141082,59.732652360298054,-0.3738689054695109,0.0,-1.0,1.0,42.01799148822552,-48.0,5.982008511774476
0.258,10.0,12.126547642856602,0.41667958333241034,12.983050197691583,-0.8565025548349805,-0.8565025548349805,0.0,0.0,0.4317619766118883,-0.4317619766118883,19.38317965136639,-23.83867567935282,24.035198929456786,59.64234642615957,-0.34656783255098866,0.0,-1.0,1.0,43.28491802631441,-48.0,4.715081973685592
0.2585,10.0,12.157963569392502,0.4464798815739805,13.012850495933153,-0.8548869265406509,-0.8548869265406509,0.0,0.0,0.38113261218905986,-0.38113261218905986,20.46226640027173,-23.804375950698418,23.788066739079614,59.56059347581997,-0.30454753628634,0.0,-1.0,1.0,44.470421006081125,-48.0,3.529578993918868
0.259,10.0,12.189379495928398,0.4762423227305776,13.04261293708975,-0.8532334411613522,-0.8532334411613522,0.0,0.0,0.30530620371254497,-0.30530620371254497,21.396747946910235,-23.77631602389435,23.425595224609143,59.49176354716911,-0.2422358234485859,0.0,-1.0,1.0,45.57210834655284,-48.0,2.427891653447162
0.2595,10.0,12.220795422464295,0.5059747542600732,13.072345368619246,-0.8515499461549503,-0.8515499461549503,0.0,0.0,0.19611968195523674,-0.19611968195523674,22.182113974397378,-23.756188089301,22.934293639716614,59.441633522446644,-0.15404897013090738,0.0,-1.0,1.0,46.59306119918957,-48.0,1.4069388008104298
0.26,10.0,12.252211349000195,0.535688251649154,13.102058866008326,-0.849847517008131,-0.849847517008131,0.0,0.0,0.04517628120720945,-0.04517628120720945,22.821018611667196,-23.74646688242231,22.305392443140015,59.4173131778296,-0.035014234668940464,0.0,-1.0,1.0,47.541555831308344,-48.0,0.4584441686916563
0.2605,10.0,12.283627275536093,0.5653977207012749,13.131768335060448,-0.8481410595243553,-0.8481410595243553,0.0,-0.012328801596384109,-0.14948231679508914,0.16181111839147325,23.322731961495922,-23.7503181719852,21.535279336402013,59.42680589349014,0.11354066204263305,0.0,-1.0,1.0,48.0,-48.0,0.0
0.261,10.0,12.31504320207199,0.5951213457608472,13.161491960120019,-0.8464487580480284,-0.8464487580480284,0.0,-0.10905199578340236,-0.35930842682242997,0.4683604226058323,23.70027431564691,-23.769564179185895,20.6239849560144,59.47390257080518,0.26256055398361067,0.0,-1.0,1.0,48.0,-48.0,0.0
0.2615,10.0,12.346459128607888,0.6248777532581269,13.1912483676173,-0.8447892390094118,-0.8447892390094118,0.0,-0.293020390989024,-0.5896485387019688,0.8826689296909928,23.96904022262528,-23.80445368569232,19.575489197592553,59.55778225056979,0.40786474870269507,0.0,-1.0,1.0,48.0,-48.0,0.0
0.262,10.0,12.377875055143786,0.6546850986736561,13.221055713032829,-0.8431806578890431,-0.8431806578890431,0.0,-0.5555945580410155,-0.8505429434330323,1.4061375014740478,24.147410273283015,-23.855307558601268,18.399374289061985,59.67747024778388,0.5487136740937288,0.0,-1.0,1.0,48.0,-48.0,0.0
0.2625,10.0,12.409290981679685,0.684560956230382,13.250931570589554,-0.8416405889098684,-0.8416405889098684,0.0,-0.8902224972233037,-1.1495518340222162,2.03977433124552,24.25545535370479,-23.92220793830132,17.110279504564982,59.83151941089596,0.682051455632732,0.0,-1.0,1.0,48.0,-48.0,0.0
0.263,10.0,12.440706908215581,0.7145219380830259,13.280892552442198,-0.8401856442266169,-0.8401856442266169,0.0,-1.292122472818771,-1.4916555076156406,2.7837779804344116,24.313478723310354,-24.004564405149537,15.726974423631775,60.01743643444148,0.8026159798418739,0.0,-1.0,1.0,48.0,-48.0,0.0
0.2635,10.0,12.47212283475148,0.7445830415558752,13.310953655915048,-0.8388308211635689,-0.8388308211635689,0.0,-1.757859025507672,-1.879349660982246,3.637208686489918,24.340614886772762,-24.10072055201116,14.271207675781259,60.231182974348,0.9034136351258064,0.0,-1.0,1.0,48.0,-48.0,0.0
0.264,10.0,12.503538761287379,0.7747567826527603,13.341127397011933,-0.8375886357245541,-0.8375886357245541,0.0,-2.284847454379607,-2.312919213554408,4.597766667934015,24.3535912864052,-24.20766763595263,12.766381237948874,60.46683040978485,0.9764523832427445,0.0,-1.0,1.0,48.0,-48.0,0.0
0.2645,10.0,12.534954687823276,0.8050522059864326,13.371422820345606,-0.8364681325223291,-0.8364681325223291,0.0,-2.870831269361913,-2.790860689597289,5.661691958959202,24.365730617897036,-24.320920362882006,11.236085107498315,60.716415634214705,1.0135916502539808,0.0,-1.0,1.0,48.0,-48.0,0.0
0.265,10.0,12.566370614359172,0.8354738757597474,13.40184449011892,-0.8354738757597479,-0.8354738757597477,0.0,-3.513382193921467,-3.31041419048618,6.823796384407647,24.38624771228715,-24.43459173938004,9.702532961585366,60.97000796487719,1.007356274614819,1.0,-1.0,0.0,48.0,0.0,-48.0
0.2655,10.0,12.59778654089507,0.8660039849326551,13.432374599291828,-0.8345880583967578,-0.8345880583967578,0.0,-1.4845440416113893,-1.1479268684685169,2.632470910079906,24.38068829221308,-24.502261616007434,8.172678536135091,61.11764625267814,0.220017265731844,1.0,-1.0,0.0,48.0,0.0,-48.0
0.266,10.0,12.62920246743097,0.8965645621265258,13.462935176485699,-0.8337327090547291,-0.8337327090547291,0.0,-0.23071865852763004,0.23071865852763004,0.0,24.333690083083333,-24.500351284077865,6.6676041711257605,61.10658351115902,-0.18438151615294784,1.0,-1.0,0.0,48.0,-30.750934771623026,-17.249065228376974
0.2665,10.0,12.66061839396687,0.9271054131851978,13.49347602754437,-0.8328576335775004,-0.8328576335775004,0.0,-0.28357383044975865,0.28357383044975865,0.0,24.29372627904102,-24.47433729525883,5.218514515971447,61.055066183748146,-0.22650612726815292,1.0,-1.0,0.0,48.0,-29.30882002408035,-18.69117997591965
0.267,10.0,12.692034320502767,0.9576180246148525,13.523988638974025,-0.831954318471258,-0.8319543184712579,0.0,-0.32753074731933984,0.32753074731933984,0.0,24.2708920000482,-24.435552287722814,3.829725174873595,60.993919912285506,-0.2615483333385198,1.0,-1.0,0.0,48.0,-27.9120553187109,-20.0879446812891
0.2675,10.0,12.723450247038665,0.9880980091031896,13.554468623462363,-0.8310183764236978,-0.8310183764236978,0.0,-0.3634269704660888,0.3634269704660888,0.0,24.261431918596188,-24.384864155378654,2.4942334794221854,60.924825194566274,-0.2901834506722203,1.0,-1.0,0.0,48.0,-26.555949597813417,-21.444050402186583
0.268,10.0,12.75486617357456,1.0185417829630787,13.58491239732225,-0.83004622374769,-0.83004622374769,0.0,-0.39179638846881826,0.39179638846881826,0.0,24.260331285086636,-24.32453505565876,1.199063635264638,60.84932687334745,-0.31282803187231245,1.0,-1.0,0.0,48.0,-25.2311655205507,-22.7688344794493
0.2685,10.0,12.786282100110459,1.0489465132558677,13.61531712761504,-0.829035027504581,-0.829035027504581,0.0,-0.41294775067041234,0.41294775067041234,0.0,24.262285761595393,-24.258288151876684,-0.07291802788268043,60.768890754369906,-0.32971577414163933,1.0,-1.0,0.0,48.0,-23.925083167257966,-24.074916832742034
0.269,10.0,12.817698026646356,1.0793100872406283,13.645680701599801,-0.8279826749534447,-0.8279826749534447,0.0,-0.4271098477507581,0.4271098477507581,0.0,24.26250355609725,-24.19114352275248,-1.3408647227257666,60.6849341742485,-0.34102417854476896,1.0,-1.0,0.0,48.0,-22.623455260601848,-25.376544739398152
0.2695,10.0,12.849113953182254,1.1096310886977248,13.676001703056897,-0.8268877498746434,-0.8268877498746434,0.0,-0.43460125624636264,0.43460125624636264,0.0,24.25727536583029,-24.129011284607433,-2.6236903556215068,60.598822327997034,-0.34701567052832694,1.0,-1.0,0.0,48.0,-21.312177603767065,-26.687822396232935
0.27,10.0,12.88052987971815,1.1399087638582819,13.706279378217454,-0.8257494984993041,-0.8257494984993041,0.0,-0.43598181327712177,0.43598181327712177,0.0,24.244284777494528,-24.07806222243515,-3.937895869460659,60.5118312422452,-0.3481577740144085,1.0,-1.0,0.0,48.0,-19.97899285300965,-28.02100714699035
0.2705,10.0,12.911945806254048,1.170142962225277,13.73651357658445,-0.8245677703304022,-0.8245677703304022,0.0,-0.4321481240289274,0.4321481240289274,0.0,24.222667519721984,-24.043926854748317,-5.295670077718747,60.42508646976879,-0.3451930221502971,1.0,-1.0,0.0,48.0,-18.61495958979442,-29.38504041020558
0.271,10.0,12.943361732789947,1.200334043750148,13.76670465810932,-0.8233429253193734,-0.8233429253193734,0.0,-0.42434542329540503,0.42434542329540503,0.0,24.192858011537442,-24.0307991123893,-6.703421488017536,60.33949272752864,-0.33913921496673644,1.0,-1.0,0.0,48.0,-17.215549062408392,-30.784450937591608
0.2715,10.0,12.974777659325845,1.2304827524143949,13.796853366773567,-0.8220757074477217,-0.8220757074477216,0.0,-0.4140814835914026,0.4140814835914026,0.0,24.15628289247501,-24.040538098230485,-8.160853683491068,60.25567311646271,-0.33121215162009265,1.0,-1.0,0.0,48.0,-15.78127391938667,-32.21872608061332
0.272,10.0,13.006193585861745,1.2605900658415479,13.82696068020072,-0.8207670943389758,-0.8207670943389758,0.0,-0.4029431980758867,0.4029431980758867,0.0,24.11497220650288,-24.0718694082427,-9.660647623029835,60.173937131435125,-0.3226739181617969,1.0,-1.0,0.0,48.0,-14.317800977840076,-33.68219902215992
0.2725,10.0,13.037609512397642,1.2906570397742587,13.85702765413343,-0.8194181417357882,-0.8194181417357882,0.0,-0.39233117886044483,0.39233117886044483,0.0,24.071159824068104,-24.119785871107727,-11.188764655430735,60.094294705181454,-0.3146190603907334,1.0,-1.0,0.0,48.0,-12.835548368089077,-35.16445163191092
0.273,10.0,13.06902543893354,1.3206846739356177,13.88705528829479,-0.8180298493612508,-0.8180298493612508,0.0,-0.38314058987613064,0.38314058987613064,0.0,24.026936894320432,-24.175236306195377,-12.725337206401113,60.01652945814854,-0.3077187108300809,1.0,-1.0,0.0,48.0,-11.34881249953636,-36.65118750046364
0.2735,10.0,13.100441365469438,1.350673830974475,13.917044445333648,-0.8166030798642101,-0.8166030798642101,0.0,-0.37542612007256077,0.37542612007256077,0.0,23.98400758611273,-24.22516996003703,-14.246071269667578,59.94033840355526,-0.30194998827311775,1.0,-1.0,0.0,48.0,-9.87450991729457,-38.125490082705426
0.274,10.0,13.131857292005334,1.3806252419572729,13.946995856316445,-0.8151385643111109,-0.8151385643111109,0.0,-0.3680943976810323,0.3680943976810323,0.0,23.943577198689628,-24.25297362409356,-15.724046324775086,59.865537597430176,-0.29634546113517557,1.0,-1.0,0.0,48.0,-8.43065188792688,-39.569348112073115
0.2745,10.0,13.163273218541232,1.4105396292871673,13.97691024364634,-0.813637025105109,-0.813637025105109,0.0,-0.35866741943425584,0.35866741943425584,0.0,23.906380975723476,-24.239298702586893,-17.131764750653737,59.7923236256146,-0.28880440899490756,1.0,-1.0,0.0,48.0,-7.034694112777972,-40.96530588722202
0.275,10.0,13.194689145077131,1.4404179701656197,14.006788584524791,-0.8120994394476604,-0.8120994394476604,0.0,-0.3431552458991377,0.3431552458991377,0.0,23.87283981187116,-24.163229087888872,-18.443276382790597,59.721569816631714,-0.2760113152741429,1.0,-1.0,0.0,48.0,-5.70191825521826,-42.29808174478175
0.2755,10.0,13.226105071613029,1.4702619103430634,14.036632524702236,-0.8105274530892075,-0.8105274530892075,0.0,-0.31606536686608033,0.31606536686608033,0.0,23.84330896814492,-24.00369277275933,-19.636188837841726,59.655124962853044,-0.25350345285669534,1.0,-1.0,0.0,48.0,-4.444003064465479,-43.55599693553452
0.276,10.0,13.257520998148928,1.5000743194179686,14.066444933777142,-0.8089239356282132,-0.8089239356282132,0.0,-0.2705606298764324,0.2705606298764324,0.0,23.818370686893196,-23.740978808088496,-20.693376317436112,59.596073418240096,-0.2159150228836607,1.0,-1.0,0.0,48.0,-3.267927743161538,-44.732072256838464
0.2765,10.0,13.288936924684826,1.5298599571480311,14.096230571507203,-0.8072936468223766,-0.8072936468223766,0.0,-0.19875927182698291,0.19875927182698291,0.0,23.79911392726918,-23.35819634039841,-21.60422397115644,59.54891161081294,-0.15739922689735217,1.0,-1.0,0.0,48.0,-2.1753172354081762,-45.82468276459183
0.277,10.0,13.320352851220724,1.5596261983567303,14.125996812715902,-0.8056439614951785,-0.8056439614951785,0.0,-0.09215211402195608,0.09215211402195608,0.0,23.787346218026563,-22.84251274346891,-22.365293302916168,59.5195998434074,-0.07219537918858196,1.0,-1.0,0.0,48.0,-1.1622899598050047,-46.83771004019499
0.2775,10.0,13.351768777756622,1.5893837462554583,14.155754360614631,-0.8039855828580099,-0.8039855828580098,0.0,0.05790343437071603,-0.05790343437071603,0.0,23.785694066026803,-22.186037186018673,-22.980362375859677,59.515460910613655,0.044726548072255595,1.0,-1.0,0.0,48.0,-0.21980918413625816,-47.78019081586374
0.278,10.0,13.383184704292518,1.619147182133869,14.185517796493041,-0.8023330922005236,-0.8023330922005236,0.0,0.2450465349154407,-0.274297330522064,0.029250795606623317,23.797261747804516,-21.385997887427507,-23.4595695856687,59.5441523579796,0.18492743874624537,1.0,-1.0,0.0,48.0,0.0,-48.0
0.2785,10.0,13.414600630828415,1.6489336893527409,14.215304303711914,-0.8007036728834986,-0.8007036728834986,0.0,0.44506725670509545,-0.5964575506615283,0.15139029395643283,23.82319075744068,-20.442925201481803,-23.816066073896444,59.60758498220431,0.3219512753674773,1.0,-1.0,0.0,48.0,0.0,-48.0
0.279,10.0,13.446016557364315,1.6787604076566844,14.245131022015856,-0.7991144646515416,-0.7991144646515416,0.0,0.6685092766129276,-1.0275087750892924,0.3589994984763648,23.86374818233749,-19.36215875736502,-24.065943192007982,59.70486230488432,0.4557126919961869,1.0,-1.0,0.0,48.0,0.0,-48.0
0.2795,10.0,13.477432483900213,1.708644046904664,14.275014661263837,-0.7975821773636245,-0.7975821773636245,0.0,0.9251773549010296,-1.568945066283352,0.6437677113823224,23.919300154884787,-18.15475812792786,-24.228198124898412,59.83509277662159,0.5852097784104722,1.0,-1.0,0.0,48.0,0.0,-48.0
0.28,10.0,13.508848410436112,1.7386007586925734,14.304971373051746,-0.7961229626156339,-0.7961229626156339,0.0,1.2222996233215677,-2.2217250083667603,0.9994253850451927,23.98989647586499,-16.836777662766945,-24.32329218185142,59.996834607165255,0.7070408971238233,1.0,-1.0,0.0,48.0,0.0,-48.0
0.2805,10.0,13.54026433697201,1.7686457132200213,14.335016327579194,-0.7947519906071836,-0.7947519906071836,0.0,1.5644641525037553,-2.9858674889122834,1.4214033364085281,24.07482915042339,-15.428240408696293,-24.371649795774566,60.18751190592837,0.8156001592850274,1.0,-1.0,0.0,48.0,0.0,-48.0
0.281,10.0,13.571680263507908,1.7987924043709687,14.365163018730142,-0.7934827552222341,-0.7934827552222341,0.0,1.9537552571042225,-3.8601441555005156,1.906388898396293,24.172248083797726,-13.95189350358925,-24.392241900837845,60.40292630143587,0.9036296933140683,1.0,-1.0,0.0,48.0,0.0,-48.0
0.2815,10.0,13.603096190043802,1.8290517507808868,14.395422365140059,-0.7923261750962567,-0.7923261750962567,0.0,2.3900687729152925,-4.841886526139149,2.4518177532238563,24.27890046514853,-12.431797566181134,-24.401359647782222,60.63693916153745,0.9630088357701782,1.0,-1.0,0.0,48.0,0.0,-48.0
0.282,10.0,13.6345121165797,1.859424656497692,14.425795270856865,-0.7912831542771652,-0.7912831542771652,0.0,1.0367877916946795,-2.255556819704198,1.2187690280095187,24.367287060929765,-10.881962585940933,-24.388895345402172,60.82456083470455,0.33019819812945783,1.0,0.0,-1.0,0.0,48.0,-48.0
0.2825,10.0,13.6659280431156,1.889842323409654,14.456212937768827,-0.7902848946532278,-0.7902848946532277,0.0,-0.14711922735377386,0.0,0.14711922735377386,24.379747115552632,-9.312766876389798,-24.312227654060194,60.82716180498886,-0.11776853454713318,1.0,0.0,-1.0,33.34652660713602,14.653473392863983,-48.0
0.283,10.0,13.697343969651497,1.9202477427109803,14.486618357070153,-0.7892743874186561,-0.7892743874186561,0.0,-0.1928109809236807,0.0,0.1928109809236807,24.373295622367092,-7.779490896211366,-24.23936965250481,60.792999112634696,-0.154179853170208,1.0,0.0,-1.0,31.84645388114251,16.15354611885749,-48.0
0.2835,10.0,13.728759896187393,1.9506339676460107,14.517004582005184,-0.7882446858177907,-0.7882446858177907,0.0,-0.22913612929132088,0.0,0.22913612929132088,24.35719805934207,-6.30048677732399,-24.185646113511055,60.750696826728735,-0.1830912236329365,1.0,0.0,-1.0,30.386262750239496,17.613737249760504,-48.0
0.284,10.0,13.76017582272329,1.9809973718136578,14.54736798617283,-0.7871921634495394,-0.7871921634495394,0.0,-0.2575340859615171,0.0,0.2575340859615171,24.330459549844797,-4.881532679688072,-24.15190098352486,60.70197887604973,-0.2056911592736303,1.0,0.0,-1.0,28.97081196284804,19.02918803715196,-48.0
0.2845,10.0,13.791591749259188,2.0113351198293135,14.577705734188486,-0.7861139849292975,-0.7861139849292975,0.0,-0.2792331471369869,0.0,0.2792331471369869,24.29289030804199,-3.5208341675156576,-24.13599065916824,60.64829359419758,-0.22297327828017277,1.0,0.0,-1.0,27.599283991952532,20.400716008047468,-48.0
0.285,10.0,13.823007675795084,2.0416450439818195,14.608015658340992,-0.785007982545908,-0.785007982545908,0.0,-0.29513568380102595,0.0,0.29513568380102595,24.245456838107014,-2.2098101278455045,-24.133754160206188,60.590874992854424,-0.23565316594990846,1.0,0.0,-1.0,26.26566146679592,21.73433853320408,-48.0
0.2855,10.0,13.854423602330986,2.0719255546484634,14.638296169007635,-0.7838725666766493,-0.7838725666766493,0.0,-0.3058199880672929,0.0,0.3058199880672929,24.190501515169636,-0.9344577061178345,-24.140006103589492,60.53081255047313,-0.24418035444230288,1.0,0.0,-1.0,24.959705411907905,23.040294588092095,-48.0
0.286,10.0,13.885839528866883,2.1021755832093763,14.66854619756855,-0.7827066687016657,-0.7827066687016657,0.0,-0.3116342969966016,0.0,0.3116342969966016,24.13177246312113,0.3228374916615621,-24.149442315023276,60.46910840246493,-0.2488226273386831,1.0,0.0,-1.0,23.668327582387363,24.331672417612637,-48.0
0.2865,10.0,13.917255455402783,2.1323945472385795,14.698765161597752,-0.781509706194969,-0.781509706194969,0.0,-0.31284772731645666,0.0,0.31284772731645666,24.074227689846083,1.5812142645923428,-24.157372794764054,60.4067074948628,-0.2497925681138775,1.0,0.0,-1.0,22.37721318294867,25.62278681705133,-48.0
0.287,10.0,13.94867138193868,2.1625823225055627,14.728952936864735,-0.780281554926054,-0.780281554926054,0.0,-0.3098173408704029,0.0,0.3098173408704029,24.0236053369593,2.859159815546927,-24.16022795700314,60.34449431352339,-0.24738275254272496,1.0,0.0,-1.0,21.07252887443115,26.92747112556885,-48.0
0.2875,10.0,13.980087308474577,2.1927392052291124,14.759109819588286,-0.779022511113709,-0.779022511113709,0.0,-0.30313070556683,0.0,0.30313070556683,23.985782155295027,4.1724354379031885,-24.155817800043007,60.28325816069297,-0.24207711405839416,1.0,0.0,-1.0,19.74254673972282,28.25745326027718,-48.0
0.288,10.0,14.011503235010474,2.222865850943102,14.789236465302274,-0.7777332302917994,-0.7777332302917994,0.0,-0.2936888244135379,0.0,0.2936888244135379,23.965971143256567,5.532279710929842,-24.143355873362715,60.22363644021458,-0.23461173270172314,1.0,0.0,-1.0,18.379027924017084,29.620972075982916,-48.0
0.2885,10.0,14.042919161546372,2.2529631825605336,14.819333796919706,-0.7764146353733333,-0.7764146353733334,0.0,-0.28270425579512365,0.0,0.28270425579512365,23.96783333359384,6.944035643446971,-24.123286871268395,60.16605101649408,-0.22596737060476663,1.0,0.0,-1.0,16.978237587715753,31.021762412284247,-48.0
0.289,10.0,14.074335088082268,2.2830322686437645,14.849402883002938,-0.7750677949206696,-0.7750677949206697,0.0,-0.2716022587401576,0.0,0.2716022587401576,23.992595581101305,8.406308557102847,-24.09697569459849,60.11065583200597,-0.21728653596508257,1.0,0.0,-1.0,15.54150138614856,32.45849861385144,-48.0
0.2895,10.0,14.10575101461817,2.3130741822175898,14.879444796576763,-0.7736937819585936,-0.7736937819585936,0.0,-0.261827245451792,0.0,0.261827245451792,24.038274510321134,9.910716443915513,-24.06632557871304,60.05731449363377,-0.20971791764360287,1.0,0.0,-1.0,14.075258021888533,33.92474197811147,-48.0
0.29,10.0,14.137166941154065,2.3430898594486442,14.909460473807817,-0.7722935326537517,-0.7722935326537517,0.0,-0.25457106109410416,0.0,0.25457106109410416,24.09910585274784,11.442248121631172,-24.033393462417497,60.00562469604722,-0.20419988102515393,1.0,0.0,-1.0,12.590608073534,35.409391926466,-48.0
0.2905,10.0,14.168582867689967,2.3730799850491477,14.939450599408321,-0.7708677317183543,-0.7708677317183543,0.0,-0.25045210632003334,0.0,0.25045210632003334,24.165267788009494,12.980199281272057,-24.000063250759872,59.955002420564576,-0.201202704082017,1.0,0.0,-1.0,11.102402987352754,36.897597012647246,-48.0
0.291,10.0,14.199998794225863,2.4030449363370323,14.969415550696205,-0.769416756470342,-0.769416756470342,0.0,-0.24918371898060848,0.0,0.24918371898060848,24.222966101875734,14.499613600409479,-23.96782361353362,59.90483293129654,-0.20045728556943432,1.0,0.0,-1.0,9.627957643761578,38.372042356238424,-48.0
0.2915,10.0,14.23141472076176,2.4329848194862422,14.999355433845414,-0.7679407130836537,-0.7679407130836537,0.0,-0.24927538183150313,0.0,0.24927538183150313,24.25491764430625,15.973116044067666,-23.937678255022266,59.854687599797046,-0.20070654824196563,1.0,0.0,-1.0,8.185503650574326,39.814496349425674,-48.0
0.292,10.0,14.262830647297658,2.4628996285825284,15.0292702429417,-0.7664395956440426,-0.7664395956440426,0.0,-0.24781030480723523,0.0,0.24781030480723523,24.24122732284512,17.372989525409377,-23.910195099915324,59.80459553024761,-0.19952344066019306,1.0,0.0,-1.0,6.792526586055521,41.207473413944484,-48.0
0.2925,10.0,14.294246573833556,2.4927895497345616,15.059160164093734,-0.7649135902601785,-0.7649135902601785,0.0,-0.2403371930907078,0.0,0.2403371930907078,24.160605420159868,18.673317267793184,-23.885678747962967,59.75534739559462,-0.1932431084193892,1.0,0.0,-1.0,5.464146068305267,42.53585393169473,-48.0
0.293,10.0,14.325662500369452,2.5226554182656242,15.089026032624798,-0.7633635322553456,-0.7633635322553456,0.0,-0.22090260567014128,0.0,0.22090260567014128,23.991822192216837,19.851996680368938,-23.86443048443367,59.708797367048625,-0.1770521494327548,1.0,0.0,-1.0,4.211699173522646,43.78830082647735,-48.0
0.2935,10.0,14.357078426905353,2.552499317546603,15.118869931905776,-0.7617915050004225,-0.7617915050004225,0.0,-0.18223415613232644,0.0,0.18223415613232644,23.71525443670339,20.892432792557223,-23.847045101605264,59.66812008215794,-0.14526141443944,1.0,0.0,-1.0,3.04167187499184,44.95832812500816,-48.0
0.294,10.0,14.38849435344125,2.5823252853880527,15.148695899747224,-0.760201546305975,-0.760201546305975,0.0,-0.11606587359403403,0.0,0.11606587359403403,23.31435456137238,21.784745745956823,-23.83468668761794,59.63797632739702,-0.09176023397647129,1.0,0.0,-1.0,1.9550881909203977,46.0449118090796,-48.0
0.2945,10.0,14.41991027997715,2.6121400716142475,15.17851068597342,-0.758600405996269,-0.758600405996269,0.0,-0.013578229621287703,0.0,0.013578229621287703,22.776875562322722,22.52637889186652,-23.829288308952567,59.624546102966214,-0.010613568340104424,1.0,0.0,-1.0,0.9474147348185564,47.05258526518144,-48.0
0.295,10.0,14.451326206513047,2.641953872953096,15.208324487312268,-0.7569982807992215,-0.7569982807992215,0.0,0.134090003603334,0.0,-0.134090003603334,22.095718642057946,23.122066488387667,-23.833633220279527,59.635401935252595,0.1032719954399942,1.0,0.0,-1.0,0.008976222501543063,47.991023777498455,-48.0
0.2955,10.0,14.482742133048944,2.6717807493498884,15.238151363709061,-0.755409230660117,-0.755409230660117,0.0,0.3603779956390258,-0.05008028351068871,-0.31029771212833707,21.268721000127815,23.582516665501426,-23.8506064741194,59.67749288093996,0.23265971599746815,1.0,0.0,-1.0,0.0,48.0,-48.0
0.296,10.0,14.514158059584842,2.701636671303546,15.26800728566272,-0.7538492260778771,-0.7538492260778771,0.0,0.6950909719543276,-0.1943788572420404,-0.5007121147122872,20.29703988747706,23.921118860017753,-23.88088885374721,59.75143406965291,0.3584178376275441,1.0,0.0,-1.0,0.0,48.0,-48.0
0.2965,10.0,14.54557398612074,2.7315373700080317,15.297907984367203,-0.7523339982464634,-0.7523339982464634,0.0,1.1399513876553864,-0.4225962201265204,-0.717355167528866,19.187335692594836,24.1546830374687,-23.92485002351702,59.856494668142716,0.48161134651709947,1.0,0.0,-1.0,0.0,48.0,-48.0
0.297,10.0,14.576989912656636,2.7614982317073244,15.327868846066497,-0.7508789334098614,-0.7508789334098616,0.0,1.6964889318028398,-0.7266668047081452,-0.9698221270946947,17.952023381720657,24.30279492226834,-23.98291785559392,59.99192883969295,0.600989828880234,1.0,0.0,-1.0,0.0,48.0,-48.0
0.2975,10.0,14.608405839192537,2.7915341397756976,15.35790475413487,-0.7494989149423325,-0.7494989149423326,0.0,2.3655712086641705,-1.1005318428541297,-1.2650393658100405,16.60843890445742,24.386299268539616,-24.055133777180295,60.15636758477461,0.7128295626622425,1.0,0.0,-1.0,0.0,48.0,-48.0
0.298,10.0,14.639821765728433,2.821659012134155,15.388029626493328,-0.7482078607648948,-0.7482078607648948,0.0,3.1470129985071544,-1.53977770981364,-1.6072352886935144,15.177718858474458,24.4257581257407,-24.140705875860935,60.34722614484658,0.8112060509317448,1.0,0.0,-1.0,0.0,48.0,-48.0
0.2985,10.0,14.671237692264334,2.8518840798139244,15.418254694173097,-0.7470170019087625,-0.7470170019087625,0.0,2.1826261792591124,-1.1127039832755943,-1.069922195983518,13.679537583045358,24.432908421564758,-24.230577752958865,60.54259464274332,0.47232127155048204,0.0,1.0,-1.0,-48.0,48.0,0.0
0.299,10.0,14.70265361880023,2.882165639776144,15.448536254135316,-0.7458826353350858,-0.7458826353350858,0.0,0.0,-0.07470951818458622,0.07470951818458622,12.107838177916026,24.35387486806023,-24.25153211643755,60.56205237805158,-0.05995976679108671,0.0,1.0,-1.0,-11.943333197895315,48.0,-36.05666680210469
0.2995,10.0,14.734069545336128,2.9124421608757123,15.478812775234886,-0.7447432298987575,-0.7447432298987575,0.0,0.0,-0.11747611938045727,0.11747611938045727,10.53030472547423,24.25993420182303,-24.25671919687129,60.54260821877527,-0.09414110713581311,0.0,1.0,-1.0,-13.47130277700164,48.0,-34.52869722299836
0.3,10.0,14.765485471872026,2.9427070010339214,15.509077615393094,-0.7435921435210684,-0.7435921435210684,0.0,0.0,-0.14997387405813636,0.14997387405813636,8.978078711456087,24.175183069403083,-24.25662939427279,60.515674642338396,-0.12002686222641662,0.0,1.0,-1.0,-14.98119812610906,48.0,-33.018801873890936
0.3005,10.0,14.796901398407922,2.9729569127277564,15.539327527086929,-0.742426128679007,-0.742426128679007,0.0,0.0,-0.1735201899773509,0.1735201899773509,7.469614225692419,24.10749187857218,-24.24977284910656,60.483193678425096,-0.13873212130537674,0.0,1.0,-1.0,-16.45924528904039,48.0,-31.540754710959607
0.301,10.0,14.82831732494382,3.003189543992705,15.569560158351877,-0.741242833408057,-0.741242833408057,0.0,0.0,-0.18970515977156843,0.18970515977156843,6.016334483340217,24.06055685349484,-24.23470768031292,60.44679738677318,-0.15156900399492362,0.0,1.0,-1.0,-17.896590103250745,48.0,-30.103409896749255
0.3015,10.0,14.85973325147972,3.033403277184483,15.599773891543656,-0.7400406400639366,-0.7400406400639366,0.0,0.0,-0.20006238116120956,0.20006238116120956,4.622202192246638,24.034490442036425,-24.21043267011435,60.407793936526424,-0.15978061054337134,0.0,1.0,-1.0,-19.2898266937144,48.0,-28.710173306285604
0.302,10.0,14.891149178015617,3.063597075293395,15.629967689652567,-0.7388185116369499,-0.7388185116369499,0.0,0.0,-0.20585693086386872,0.20585693086386872,3.283947809536913,24.026650030668257,-24.176783943192756,60.36720745622752,-0.1643775054884455,0.0,1.0,-1.0,-20.64098523420084,48.0,-27.35901476579916
0.3025,10.0,14.922565104551516,3.0937703562770853,15.660140970636258,-0.7375758660847413,-0.7375758660847413,0.0,0.0,-0.207995148500617,0.207995148500617,1.9919175503722721,24.032585304775807,-24.134763930737005,60.32584607762764,-0.16607433809100014,0.0,1.0,-1.0,-21.956993136647128,48.0,-26.043006863352872
0.303,10.0,14.953981031087414,3.1239229034707487,15.690293517829922,-0.7363124867425075,-0.7363124867425075,0.0,0.0,-0.20704454170157363,0.20704454170157363,0.7314559779120222,24.04698929763885,-24.08673530608525,60.2843745663118,-0.16531356628748922,0.0,1.0,-1.0,-23.248671017864776,48.0,-24.75132898213522
0.3035,10.0,14.985396957623312,-3.129130497841788,15.72042542369697,-0.7350284660736577,-0.7350284660736577,0.0,0.0,-0.20333848202398097,0.20333848202398097,-0.5153033025256025,24.06455327644704,-24.036425893767408,60.24337232833566,-0.16235445842958085,0.0,1.0,-1.0,-24.52936699386542,48.0,-23.47063300613458
0.304,10.0,15.01681288415921,-3.099018865446566,15.750537056092192,-0.7337241719329821,-0.7337241719329821,0.0,0.0,-0.19713075648178305,0.19713075648178305,-1.7673972439611298,24.080648930906804,-23.988711667258045,60.203363913481375,-0.15739900235358606,0.0,1.0,-1.0,-25.81336587578551,48.0,-22.186634124214493
0.3045,10.0,15.048228810695106,-3.0689268899086075,15.780629031630152,-0.7324002209350464,-0.7324002209350464,0.0,0.0,-0.1887603672604691,0.1887603672604691,-3.042920494035818,24.09179019687692,-23.94917159839835,60.16481671198247,-0.15072313168397453,0.0,1.0,-1.0,-27.114229793275104,48.0,-20.885770206724896
0.305,10.0,15.079644737231003,-3.0388537414626176,15.810702180076142,-0.7310574428451381,-0.7310574428451382,0.0,0.0,-0.17878758192745423,0.17878758192745423,-4.3570206016657105,24.095858191748622,-23.923437148292777,60.128108404211346,-0.14278270059639803,0.0,1.0,-1.0,-28.44323112339363,48.0,-19.55676887660637
0.3055,10.0,15.111060663766903,-3.0087984347604344,15.840757486778324,-0.7296968230114214,-0.7296968230114214,0.0,0.0,-0.1680678708089604,0.1680678708089604,-5.720169268092839,24.09210254417553,-23.916387114719818,60.09347378784347,-0.13426890025047578,0.0,1.0,-1.0,-29.808026982820692,48.0,-18.191973017179308
0.306,10.0,15.1424765903028,-2.9787599151480553,15.870796006390703,-0.7283194160879027,-0.7283194160879027,0.0,0.0,-0.15774019813020443,0.15774019813020443,-7.13685123080132,24.080957485209197,-23.93126221924821,60.06094593281575,-0.1260961999720034,0.0,1.0,-1.0,-31.211698863781812,48.0,-16.788301136218188
0.3065,10.0,15.1738925168387,-2.948737172069977,15.900818749468781,-0.7269262326300812,-0.7269262326300812,0.0,0.0,-0.1491188924613461,0.1491188924613461,-8.604775854055683,24.06372889680095,-23.968790847925863,60.03030963302181,-0.11931566220876832,0.0,1.0,-1.0,-32.65224487849323,48.0,-15.347755121506776
0.307,10.0,15.205308443374598,-2.9187293687913227,15.930826552747437,-0.7255181093728389,-0.7255181093728389,0.0,0.0,-0.1434924973552427,0.1434924973552427,-10.114674041217777,24.04221777680095,-24.026426213187406,60.001085696951435,-0.11495608271891583,0.0,1.0,-1.0,-34.12256982302455,48.0,-13.877430176975453
0.3075,10.0,15.236724369910496,-2.8887359686978735,15.960819952840886,-0.7240955829303903,-0.7240955829303903,0.0,0.0,-0.14184702026711127,0.14184702026711127,-11.650698215952138,24.01834618961496,-24.097794898136932,59.97256288874535,-0.11380422832205415,0.0,1.0,-1.0,-35.61097386169116,48.0,-12.389026138308846
0.308,10.0,15.268140296446393,-2.8587568309089364,15.990799090629823,-0.7226587941834293,-0.7226587941834293,0.0,0.0,-0.14454334681405248,0.14454334681405248,-13.191398112097618,23.993844557629277,-24.172446454129574,59.943890457847495,-0.11614389478699241,0.0,1.0,-1.0,-37.102097163847475,48.0,-10.897902836152532
0.3085,10.0,15.29955622298229,-2.828792242882798,16.02076367865596,-0.721207455673671,-0.721207455673671,0.0,0.0,-0.15098788235640112,0.15098788235640112,-14.71120112016141,23.970045459404457,-24.235972612080378,59.91423816970631,-0.12148238561978492,0.0,1.0,-1.0,-38.57823754382345,48.0,-9.421762456176548
0.309,10.0,15.330972149518187,-2.7988428562206655,16.050713065318092,-0.719740915799905,-0.7197409157999051,0.0,0.0,-0.1593404942300913,0.1593404942300913,-16.18228384141407,23.94781054428588,-24.27053221279772,59.88302242908935,-0.12830238445241554,0.0,1.0,-1.0,-40.020923007158146,48.0,-7.979076992841851
0.3095,10.0,15.362388076054087,-2.768909495136489,16.080646426402268,-0.7182583503481812,-0.7182583503481812,0.0,0.0,-0.1663035531796467,0.1663035531796467,-17.576683104062226,23.9275956015561,-24.255774843373295,59.850186514074956,-0.13388539244198516,0.0,1.0,-1.0,-41.41259348315363,48.0,-6.587406516846372
0.31,10.0,15.393804002589984,-2.7389928160438775,16.110563105494883,-0.7167591029048985,-0.7167591029048985,0.0,0.0,-0.16702970288488764,0.16702970288488764,-18.868463769417986,23.909636501617932,-24.170105491499974,59.8165108214835,-0.13425632671654,0.0,1.0,-1.0,-42.738229274476964,48.0,-5.261770725523036
0.3105,10.0,15.425219929125884,-2.7090928117972606,16.140463109741496,-0.7152431806156123,-0.7152431806156123,0.0,0.0,-0.1551739755069919,0.1551739755069919,-20.03574316794312,23.894218479969425,-23.992180782583233,59.78391712124462,-0.12429300895783599,0.0,1.0,-1.0,-43.98676201663622,48.0,-4.0132379833637835
0.311,10.0,15.456635855661782,-2.679208174542971,16.170347746995787,-0.7137118913340057,-0.7137118913340057,0.0,0.0,-0.12309902803603869,0.12309902803603869,-21.062375009816254,23.881976298986178,-23.70248429272094,59.75572191881198,-0.09802577327099907,0.0,1.0,-1.0,-45.152121012948875,48.0,-2.8478789870511267
0.3115,10.0,15.48805178219768,-2.649335554575863,16.200220366962895,-0.7121685847652159,-0.7121685847652159,0.0,0.0,-0.062222725428274235,0.062222725428274235,-21.939124704030426,23.874166261882717,-23.284805202789766,59.73679135963878,-0.04912148219110306,0.0,1.0,-1.0,-46.233805233576895,48.0,-1.766194766423098
0.312,10.0,15.519467708733577,-2.6194687752444104,16.23008714629435,-0.7106194375607711,-0.7106194375607711,0.0,0.0,0.03652186307514096,-0.03652186307514096,-22.664224068271682,23.872854811745654,-22.72745023469595,59.733556253446764,0.02849202469956299,0.0,1.0,-1.0,-47.23692635679653,48.0,-0.7630736432034662
0.3125,10.0,15.550883635269473,-2.589598081402959,16.2599578401358,-0.7090742048663277,-0.7090742048663277,0.0,0.0018966184072785885,0.18121098512926598,-0.18310760353654457,-23.24326543391116,23.88097758922208,-22.024051772059824,59.7538494071981,0.13917401627468223,0.0,1.0,-1.0,-48.0,48.0,0.0
0.313,10.0,15.582299561805371,-2.55970995031727,16.28984597122149,-0.7075464094161177,-0.7075464094161177,0.0,0.07218413193691303,0.3470969147291043,-0.41928104666601734,-23.68732333894068,23.901084191689822,-21.172885710450394,59.803647805995375,0.2585717419824859,0.0,1.0,-1.0,-48.0,48.0,0.0
0.3135,10.0,15.61371548834127,-2.5297895249733258,16.319766396565434,-0.7060509082241637,-0.7060509082241637,0.0,0.2350942861544537,0.5298877770987847,-0.7649820632532384,-24.010195469121577,23.93364073120189,-20.175874208430063,59.88291489482949,0.3752600527222895,0.0,1.0,-1.0,-48.0,48.0,0.0
0.314,10.0,15.645131414877168,-2.4998222093413927,16.349733712197366,-0.7046022973201982,-0.7046022973201982,0.0,0.48052940837940916,0.7414949561234794,-1.2220243645028885,-24.22936507746859,23.979130117652982,-19.040869950291842,59.991136610999426,0.49017055235422136,0.0,1.0,-1.0,-48.0,48.0,0.0
0.3145,10.0,15.676547341413068,-2.4697936552677744,16.379762266270983,-0.7032149248579156,-0.7032149248579156,0.0,0.8006235470572324,0.99129530108387,-1.7919188481411024,-24.364952908591544,24.038044161746484,-17.781476028990294,60.127733558423714,0.6017956291697677,0.0,1.0,-1.0,-48.0,48.0,0.0
0.315,10.0,15.707963267948966,-2.4396899518544246,16.409865969684333,-0.7019027017353672,-0.7019027017353672,0.0,1.189491017022583,1.2859174443713186,-2.4754084613939016,-24.43814407817687,24.110423838804977,-16.41612329440271,60.291430412035375,0.7060982293357936,-1.0,1.0,0.0,-48.0,0.0,48.0
0.3155,10.0,15.739379194484863,-2.409525159430087,16.440030762108673,-0.7006515676238099,-0.7006515676238099,0.0,0.00303957090766064,-0.00303957090766064,0.0,-24.412434790441242,24.138805152342112,-14.93322661441103,60.33819155956309,-0.0024457964789225796,-1.0,1.0,0.0,-48.0,38.796411795361465,9.203588204638535
0.316,10.0,15.77079512102076,-2.379356990756698,16.47019893078206,-0.6994038097613018,-0.6994038097613018,0.0,0.04703235357450891,-0.04703235357450891,0.0,-24.335294241118447,24.148693249289007,-13.387012748013158,60.333009300468376,-0.037795496508297124,-1.0,1.0,0.0,-48.0,37.29371225209843,10.706287747901563
0.3165,10.0,15.802211047556657,-2.3491934654631317,16.500362456075628,-0.6981514085189708,-0.6981514085189708,0.0,0.08154252910149969,-0.08154252910149969,0.0,-24.24301850968645,24.156615919006683,-11.81900468737612,60.319940475695844,-0.06542825751782422,-1.0,1.0,0.0,-48.0,35.77580339203624,12.224196607963764
0.317,10.0,15.833626974092555,-2.319038036887357,16.530517884651402,-0.6968909105588476,-0.6968909105588477,0.0,0.10640321268857056,-0.10640321268857056,0.0,-24.15114045657943,24.16168217222578,-10.25654446671766,60.30094849576749,-0.08524972939884629,-1.0,1.0,0.0,-48.0,34.261815324540834,13.738184675459165
0.3175,10.0,15.865042900628454,-2.2888931909152332,16.560662730623527,-0.6956198299950725,-0.6956198299950724,0.0,0.12250536549993701,-0.12250536549993701,0.0,-24.07098896764233,24.162547130487724,-8.72250215588741,60.27790388191394,-0.09802708104501211,-1.0,1.0,0.0,-48.0,32.76828123731011,15.231718762689892
0.318,10.0,15.896458827164352,-2.2587605376964657,16.59079538384229,-0.6943365566779391,-0.6943365566779391,0.0,0.13133178745948926,-0.13133178745948926,0.0,-24.00957523686315,24.157625300925854,-7.233762050753208,60.25241984556644,-0.10498971758746682,-1.0,1.0,0.0,-48.0,31.307787082784557,16.692212917215443
0.3185,10.0,15.927874753700252,-2.228640961847913,16.620914959690847,-0.6930402059905951,-0.6930402059905951,0.0,0.13455371562051874,-0.13455371562051874,0.0,-23.969887064899602,24.14541903146617,-5.800272528498509,60.225779953473925,-0.10749704227136662,-1.0,1.0,0.0,-48.0,29.888038511781794,18.111961488218206
0.319,10.0,15.95929068023615,-2.1985347898480905,16.65102113169067,-0.6917304514545197,-0.6917304514545197,0.0,0.13372459437815665,-0.13372459437815665,0.0,-23.951502914887737,24.124908463557034,-4.424714375421736,60.198937951733164,-0.10679588094884035,-1.0,1.0,0.0,-48.0,28.511417149756387,19.488582850243613
0.3195,10.0,15.990706606772047,-2.168441944384469,16.68111397715429,-0.6904073703822426,-0.6904073703822426,0.0,0.13008977225701474,-0.13008977225701474,0.0,-23.951418781725646,24.09593771899042,-3.102795532303573,60.1725660465497,-0.10387573732345676,-1.0,1.0,0.0,-48.0,27.17505500093596,20.82494499906404
0.32,10.0,16.022122533307943,-2.1383620675254176,16.71119385401334,-0.6890713207053984,-0.6890713207053984,0.0,0.12451442902427078,-0.12451442902427078,0.0,-23.964975108668973,24.059528172744113,-1.8241343266729846,60.147127378368474,-0.09941860677140077,-1.0,1.0,0.0,-48.0,25.871410858710554,22.128589141289446
0.3205,10.0,16.053538459843843,-2.1082946063094172,16.74126131522934,-0.6877228553854984,-0.6877228553854984,0.0,0.11751669058988443,-0.11751669058988443,0.0,-23.986776146443503,24.01805420565974,-0.5736494732854988,60.122950466728696,-0.09383053811422434,-1.0,1.0,0.0,-48.0,24.58928850289362,23.41071149710638
0.321,10.0,16.08495438637974,-2.078238864477466,16.771317057061292,-0.6863626706815538,-0.6863626706815538,0.0,0.10938016160793088,-0.10938016160793088,0.0,-24.011508622595663,23.975229846823655,0.6666640623422339,60.10028765566749,-0.08733397814823327,-1.0,1.0,0.0,-48.0,23.315196549771763,24.684803450228237
0.3215,10.0,16.116370312915635,-2.0481940316066436,16.801361889932114,-0.6849915770164793,-0.6849915770164792,0.0,0.1003112300532128,-0.1003112300532128,0.0,-24.034588592285445,23.93587525463335,1.9157251905049966,60.079345662679295,-0.0800936858021866,-1.0,1.0,0.0,-48.0,22.034918140668957,25.965081859331043
0.322,10.0,16.147786239451538,-2.0181592050653436,16.831396716473414,-0.6836104770218762,-0.683610477021876,0.0,0.090602325297951,-0.090602325297951,0.0,-24.052592579256075,23.905457977170094,3.1912936194967245,60.06028361098617,-0.07234582715780083,-1.0,1.0,0.0,-48.0,20.735139079460286,27.264860920539714
0.3225,10.0,16.179202165987437,-1.9881334206173533,16.861422500921407,-0.6822203349339695,-0.6822203349339695,0.0,0.08076319408063248,-0.08076319408063248,0.0,-24.063458623485637,23.889432410167373,4.508008701364509,60.043181503372445,-0.06450072345118513,-1.0,1.0,0.0,-48.0,19.404978191976358,28.595021808023642
0.323,10.0,16.210618092523333,-1.958115704260473,16.891440217278287,-0.680822124754954,-0.680822124754954,0.0,0.07158798085176817,-0.07158798085176817,0.0,-24.06647125305318,23.89242849866753,5.87570443295642,60.02798893795285,-0.05719466631885365,-1.0,1.0,0.0,-48.0,18.03727418985076,29.96272581014924
0.3235,10.0,16.24203401905923,-1.928105151603039,16.92145076993572,-0.6794167508764914,-0.6794167508764914,0.0,0.06413569518136983,-0.06413569518136983,0.0,-24.062068460432563,23.917364412627542,7.298140374490868,60.01446906107341,-0.051274206534928896,-1.0,1.0,0.0,-48.0,16.629507601606623,31.370492398393377
0.324,10.0,16.27344994559513,-1.8981010327397443,16.951454888799013,-0.6780049432038844,-0.6780049432038844,0.0,0.059614321559851795,-0.059614321559851795,0.0,-24.051526002408924,23.96457523848959,8.772253475016997,60.00215573641993,-0.0477057409737011,-1.0,1.0,0.0,-48.0,15.184271143023336,32.81572885697667
0.3245,10.0,16.304865872131025,-1.8681029113491652,16.981453010189593,-0.6765871380585686,-0.6765871380585686,0.0,0.05917291836266368,-0.05917291836266368,0.0,-24.036583393562843,24.031058968980986,10.287994516570846,59.990342512925764,-0.04741267607851506,-1.0,1.0,0.0,-48.0,13.709243271138225,34.29075672886178
0.325,10.0,16.33628179866692,-1.8381107577757736,17.011445163762986,-0.675163365096065,-0.6751633650960649,0.0,0.06362001403506659,-0.06362001403506659,0.0,-24.0190766035752,24.10994101753716,11.828768371931483,59.97812027345032,-0.051051429464429796,-1.0,1.0,0.0,-48.0,12.216663835049497,35.783336164950505
0.3255,10.0,16.36769772520282,-1.808125028306697,17.04143089323206,-0.6737331680292407,-0.6737331680292407,0.0,0.07309891803309077,-0.07309891803309077,0.0,-24.000635356079442,24.190248043196146,13.37245168850908,59.964476520421414,-0.05874647191068523,-1.0,1.0,0.0,-48.0,10.722354655049271,37.27764534495073
0.326,10.0,16.399113651738723,-1.7781466778332984,17.07140924370546,-0.672295591966737,-0.672295591966737,0.0,0.08675979009649538,-0.08675979009649538,0.0,-23.98248925676111,24.25705999958613,14.892916221666086,59.94846302399666,-0.06981418633126472,-1.0,1.0,0.0,-48.0,9.244369149746424,38.75563085025358
0.3265,10.0,16.43052957827462,-1.748177071795078,17.101378849743682,-0.6708492714690628,-0.6708492714690628,0.0,0.10247315888463648,-0.10247315888463648,0.0,-23.965408273401557,24.292075426559553,16.361942033682585,59.929429858861035,-0.08251533188627022,-1.0,1.0,0.0,-48.0,7.801391542896413,40.19860845710359
0.327,10.0,16.461945504810515,-1.7182177669690644,17.131338154569693,-0.6693926497591782,-0.6693926497591782,0.0,0.11662898653832902,-0.11662898653832902,0.0,-23.949781218590527,24.274579925473397,17.75136445325917,59.907312786706974,-0.09388433740494123,-1.0,1.0,0.0,-48.0,6.411034900182264,41.588965099817734
0.3275,10.0,16.493361431346415,-1.6882701403047644,17.161285781233993,-0.6679243498875777,-0.6679243498875778,0.0,0.12405870473272548,-0.12405870473272548,0.0,-23.935813233477894,24.182755031177603,19.035266449543084,59.88294835340931,-0.09968659554429786,-1.0,1.0,0.0,-48.0,5.088204449306771,42.91179555069323
0.328,10.0,16.52477735788231,-1.658334860931811,17.19122106060695,-0.6664437027246386,-0.6664437027246386,0.0,0.11810498983505949,-0.11810498983505949,0.0,-23.92380285267076,23.995211447023387,20.192010500045132,59.85837892064478,-0.09454774417252937,-1.0,1.0,0.0,-48.0,3.8436937971311806,44.15630620286881
0.3285,10.0,16.556193284418207,-1.6284112217523694,17.22114469978639,-0.6649514153681828,-0.6649514153681828,0.0,0.09084651840355121,-0.09084651840355121,0.0,-23.914444476076806,23.69258728679869,21.20590857461174,59.837101125856776,-0.07227845276273967,-1.0,1.0,0.0,-48.0,2.683162830749202,45.3168371692508
0.329,10.0,16.587609210954106,-1.5984963711213127,17.251059550417445,-0.6634503394633383,-0.6634503394633384,0.0,0.033464842964911444,-0.033464842964911444,0.0,-23.909096153224684,23.259030203860828,22.068361055482388,59.824209293053386,-0.026385203584667435,-1.0,1.0,0.0,-48.0,1.6066059698356838,46.393394030164316
0.3295,10.0,16.619025137490002,-1.5685845079471938,17.280971413591566,-0.6619462761015633,-0.6619462761015633,0.0,-0.06327887587295777,0.06327887587295777,0.0,-23.909957390814288,22.683391088525703,22.778355510647415,59.826392614626634,0.04928217440623002,-1.0,1.0,0.0,-48.0,0.608361338208292,47.3916386617917
0.33,10.0,16.650441064025905,-1.5386661237875632,17.310889797751194,-0.6604487337252891,-0.6604487337252891,0.0,-0.20517437837521438,0.21183582605789988,-0.006661447682685501,-23.92008497751592,21.959969294389804,23.3422656533928,59.85168213422342,0.15712513307632722,-1.0,1.0,0.0,-48.0,0.0,48.0
0.3305,10.0,16.6818569905618,-1.5087281070931822,17.340827814445575,-0.6589708238837737,-0.6589708238837737,0.0,-0.3640064293137734,0.457523174327054,-0.09351674501328062,-23.94167621625547,21.087409367947348,23.771454432504182,59.905061762623674,0.26942420266284994,-1.0,1.0,0.0,-48.0,0.0,48.0
0.331,10.0,16.7132729170977,-1.4787564303878138,17.370799491150944,-0.657526574053243,-0.657526574053243,0.0,-0.5421346540260354,0.8136875985203036,-0.2715529444942682,-23.975135027621125,20.068436930713684,24.080217875824367,59.98624721164883,0.37988933758414156,-1.0,1.0,0.0,-48.0,0.0,48.0
0.3315,10.0,16.744688843633597,-1.4487372774095442,17.400818644129213,-0.6561298004956164,-0.6561298004956164,0.0,-0.7513145494417035,1.2821762187704406,-0.5308616693287371,-24.021042917835537,18.911932769413788,24.28663275108898,60.0949236726826,0.4892750549179886,-1.0,1.0,0.0,-48.0,0.0,48.0
0.332,10.0,16.776104770169496,-1.4186656612012993,17.43089026033746,-0.6547854901679635,-0.6547854901679635,0.0,-0.06967427077614413,0.0,0.06967427077614413,-24.053534785771618,17.613552254071962,24.384491094099825,60.16460733061135,0.05609417697136571,-1.0,0.0,1.0,-41.448074099907856,-6.551925900092142,48.0
0.3325,10.0,16.807520696705392,-1.3885805777706501,17.46097534376811,-0.6534546470627163,-0.6534546470627163,0.0,-0.026750785055414932,0.0,0.026750785055414932,-24.064679001891275,16.194587869630396,24.387316640050418,60.17428345715511,0.02153958213472279,-1.0,0.0,1.0,-40.03326905055083,-7.966730949449175,48.0
0.333,10.0,16.83893662324129,-1.358492766872686,17.491063154666072,-0.6521265314247842,-0.6521265314247842,0.0,0.01211662331445098,0.0,-0.01211662331445098,-24.07518752164554,14.699250022726476,24.338426014224662,60.17565463306913,-0.00974828644711041,-1.0,0.0,1.0,-38.567630776436914,-9.432369223563086,48.0
0.3335,10.0,16.870352549777188,-1.3284061116984995,17.52114980984026,-0.6507972600630723,-0.6507972600630723,0.0,0.04366879705646443,0.0,-0.04366879705646443,-24.08500797263291,13.157120788747102,24.259023055746948,60.16990959051214,-0.03508607033377745,-1.0,0.0,1.0,-37.070113247190086,-10.929886752809917,48.0
0.334,10.0,16.90176847631309,-1.2983237682472115,17.551232153291547,-0.6494636769784563,-0.6494636769784563,0.0,0.06653475706781481,0.0,-0.06653475706781481,-24.093647509039386,11.597269435600168,24.167586261719343,60.15870222094076,-0.05337630876639343,-1.0,0.0,1.0,-35.560300059260186,-12.43969994073981,48.0
0.3345,10.0,16.933184402848987,-1.2682480240385525,17.581307897500206,-0.6481234946512195,-0.6481234946512195,0.0,0.08078884821504903,0.0,-0.08078884821504903,-24.10009493615305,10.046056192808704,24.07891191391345,60.14380272465938,-0.06471699984420753,-1.0,0.0,1.0,-34.056647703928505,-13.943352296071497,48.0
0.335,10.0,16.964600329384883,-1.2381803060224,17.61137561551636,-0.6467752861314757,-0.6467752861314757,0.0,0.08747546754675174,0.0,-0.08747546754675174,-24.10290205989741,8.525255392647503,24.003613190902918,60.12685063923779,-0.06998769882124076,-1.0,0.0,1.0,-32.57489982714475,-15.42510017285525,48.0
0.3355,10.0,16.996016255920782,-1.208121286521401,17.641434635017358,-0.6454183790965757,-0.6454183790965757,0.0,0.08815524431998348,0.0,-0.08815524431998348,-24.10040964810822,7.050636228919392,23.948063051590104,60.1092083514018,-0.07046715413854192,-1.0,0.0,1.0,-31.126809527178448,-16.873190472821552,48.0
0.336,10.0,17.02743218245668,-1.1780710397895635,17.671484881749194,-0.6440526992925157,-0.6440526992925157,0.0,0.0845177077330809,0.0,-0.0845177077330809,-24.0910815402016,5.631095365653795,23.914723992139937,60.0919022772601,-0.06751892497516981,-1.0,0.0,1.0,-29.71927413968463,-18.28072586031537,48.0
0.3365,10.0,17.058848108992574,-1.1480292100949627,17.701526711443798,-0.6426786024512232,-0.6426786024512232,0.0,0.07809238995347838,0.0,-0.07809238995347838,-24.07389339040329,4.268391377354713,23.90277766045678,60.07563191245014,-0.062364935417301356,-1.0,0.0,1.0,-28.353949242327968,-19.646050757672032,48.0
0.337,10.0,17.090264035528474,-1.1179951630903746,17.731560758448385,-0.6412967229199111,-0.6412967229199111,0.0,0.07007492708324907,0.0,-0.07007492708324907,-24.048711711974477,2.957487001134623,23.908950717469445,60.06082367545111,-0.05595377306155658,-1.0,0.0,1.0,-27.02736749838714,-20.97263250161286,48.0
0.3375,10.0,17.12167996206437,-1.0879681039699858,17.761587817568774,-0.6399078555044042,-0.6399078555044042,0.0,0.0612688479119792,0.0,-0.0612688479119792,-24.016595447901928,1.6874615158266877,23.928428499063685,60.04770611975072,-0.048920043248357005,-1.0,0.0,1.0,-25.73154499024581,-22.26845500975419,48.0
0.338,10.0,17.153095888600273,-1.057947157198994,17.791608764339763,-0.6385128757394902,-0.6385128757394902,0.0,0.05212900541719404,0.0,-0.05212900541719404,-23.97995701227335,0.44291328457643275,23.95575333825886,60.03638515860991,-0.04162210795900285,-1.0,0.0,1.0,-24.455015121583678,-23.544984878416322,48.0
0.3385,10.0,17.18451181513617,-1.027931412318447,17.82162450922031,-0.6371126940841414,-0.6371126940841414,0.0,0.04288044223763109,0.0,-0.04288044223763109,-23.942532752148697,-0.7942658314413332,23.98561846699674,60.026902125331574,-0.03423765423739435,-1.0,0.0,1.0,-23.184191311134644,-24.815808688865356,48.0
0.339,10.0,17.21592774167207,-0.9979199474917532,17.851635974047007,-0.6357082323749381,-0.6357082323749381,0.0,0.03367807626686698,0.0,-0.03367807626686698,-23.909133203256044,-2.0428931344815444,24.013489696929685,60.019263446901995,-0.026890395787155692,-1.0,0.0,1.0,-21.904928618681634,-26.095071381318366,48.0
0.3395,10.0,17.247343668207964,-0.9679118463174566,17.881644075221303,-0.6343004070133382,-0.6343004070133382,0.0,0.024768779768471322,0.0,-0.024768779768471322,-23.885169360622502,-3.320442891280565,24.036013471341636,60.013437852376285,-0.019778057486546246,-1.0,0.0,1.0,-20.60413505335987,-27.39586494664013,48.0
0.34,10.0,17.27875959474386,-0.9379062236018022,17.911649697936955,-0.6328901031930947,-0.6328901031930947,0.0,0.016618561440657615,0.0,-0.016618561440657615,-23.87597955581191,-4.641112165412392,24.0511985589411,60.00932448468706,-0.013272616564457522,-1.0,0.0,1.0,-19.271278333023012,-28.728721666976988,48.0
0.3405,10.0,17.31017552127976,-0.9079022723678418,17.941653649170917,-0.6314781278911568,-0.6314781278911568,0.0,0.009973447096915248,0.0,-0.009973447096915248,-23.886009131969992,-6.014167372535108,24.058386340759448,60.00670201165941,-0.007968624767079192,-1.0,0.0,1.0,-17.899644023070163,-30.100355976929837,48.0
0.341,10.0,17.341591447815656,-0.8778993379706864,17.971656583568073,-0.6300651357524174,-0.6300651357524174,0.0,0.005832550804752342,0.0,-0.005832550804752342,-23.91791884575283,-7.4427104902335035,24.0580481444782,60.00517393977408,-0.004663302287207691,-1.0,0.0,1.0,-16.487224860403813,-31.512775139596187,48.0
0.3415,10.0,17.373007374351555,-0.8478970167578218,18.001658904780935,-0.62865153042938,-0.62865153042938,0.0,0.005324560653554317,0.0,-0.005324560653554317,-23.971715322083057,-8.922969610939223,24.05146493061639,60.00412826089269,-0.0042614123968320785,-1.0,0.0,1.0,-15.03715558479411,-32.962844415205886,48.0
0.342,10.0,17.40442330088746,-0.8178952674098093,18.03166065412895,-0.6272373532414903,-0.6272373532414903,0.0,0.009492988599147949,0.0,-0.009492988599147949,-24.044006136121933,-10.44417742074848,24.040353434569948,60.002730121344534,-0.007607391801652911,-1.0,0.0,1.0,-13.557648930027513,-34.44235106997249,48.0
0.3425,10.0,17.435839227423354,-0.7878945140990563,18.0616614074397,-0.6258221800163462,-0.6258221800163462,0.0,0.01900950098272051,0.0,-0.01900950098272051,-24.127481821152124,-11.989056362874143,24.02650332821511,59.99996443221333,-0.015256396177584165,-1.0,0.0,1.0,-12.061432883594364,-35.938567116405636,48.0
0.343,10.0,17.46725515395925,-0.7578957130656252,18.091660208473133,-0.6244050545138826,-0.6244050545138826,0.0,0.03384691183000566,0.0,-0.03384691183000566,-24.21071605675188,-13.534882850983964,24.01148266224757,59.99474126813074,-0.027205259557607227,-1.0,0.0,1.0,-10.564733846268192,-37.43526615373181,48.0
0.3435,10.0,17.49867108049515,-0.7279003493033385,18.12165557223542,-0.6229844917402687,-0.6229844917402687,0.0,0.05295251516786251,0.0,-0.05295251516786251,-24.278352330528133,-15.05505629811671,23.99645491854351,59.986070410507224,-0.04261443441099862,-1.0,0.0,1.0,-9.085892407875601,-38.914107592124395,48.0
0.344,10.0,17.53008700703104,-0.6979103290313341,18.151645592507425,-0.6215585854763859,-0.6215585854763859,0.0,0.07396701756964943,0.0,-0.07396701756964943,-24.311709923757654,-16.521053364790394,23.98213194992678,59.97330231745578,-0.05956236045612884,-1.0,0.0,1.0,-7.6437356221250425,-40.35626437787496,48.0
0.3445,10.0,17.561502933566942,-0.6679277377695326,18.181628183769227,-0.6201252502022854,-0.6201252502022854,0.0,0.09303331674734333,0.0,-0.09303331674734333,-24.289795205273652,-17.90460640721667,23.968864837773054,59.95642131201776,-0.07488210782665927,-1.0,0.0,1.0,-6.25585877653363,-41.744141223466364,48.0
0.345,10.0,17.59291886010284,-0.6379544441470285,18.21160147739173,-0.61868261728889,-0.61868261728889,0.0,0.10473213137892257,0.0,-0.10473213137892257,-24.190649892647098,-19.179912502097896,23.956851767712394,59.93636385728161,-0.08413240552041001,-1.0,0.0,1.0,-4.936986560369457,-43.06301343963054,48.0
0.3455,10.0,17.624334786638737,-0.6079915462830197,18.241564375255738,-0.6172295886170004,-0.6172295886170005,0.0,0.10216817660720866,0.0,-0.10216817660720866,-23.99291386538441,-20.325662662277484,23.946421585130057,59.915322561265306,-0.08174660973797061,-1.0,0.0,1.0,-3.697583477849692,-44.3024165221503,48.0
0.346,10.0,17.655750713174633,-0.5780386795898211,18.27151724194894,-0.615766528774305,-0.615766528774305,0.0,0.07721244101646915,0.0,-0.07721244101646915,-23.677437281857877,-21.326687585152012,23.938337308124858,59.89698815857534,-0.06138088575086677,-1.0,0.0,1.0,-2.5428624017144976,-45.457137598285506,48.0
0.3465,10.0,17.687166639710533,-0.5480932293837312,18.301462692155027,-0.6142960524444945,-0.6142960524444945,0.0,0.020885606949003283,0.0,-0.020885606949003283,-23.22875705221518,-22.17505179857715,23.934058748883327,59.88668052897095,-0.016448132117682944,-1.0,0.0,1.0,-1.4722973530887753,-46.52770264691122,48.0
0.347,10.0,17.71858256624643,-0.5181495144777529,18.331406407061007,-0.6128238408145776,-0.6128238408145776,0.0,-0.07615181499858831,0.0,0.07615181499858831,-22.636264898507818,-22.8704919092207,23.935909299879942,59.891328242875225,0.05921651260188167,-1.0,0.0,1.0,-0.47968589009323803,-47.520314109906764,48.0
0.3475,10.0,17.749998492782325,-0.488198037024995,18.361357884513765,-0.6113593917314404,-0.6113593917314404,0.0,-0.22942962642419495,0.012752169715391866,0.2166774567088031,-21.89486224850198,-23.420095081383735,23.947023317662843,59.919061793867364,0.16544740272096212,-1.0,0.0,1.0,0.0,-48.0,48.0
0.348,10.0,17.781414419318224,-0.45822590253682854,18.39133001900193,-0.6099155996837062,-0.6099155996837062,0.0,-0.4848807717298076,0.1130154247888857,0.3718653469409219,-21.003543782785496,-23.835497466154205,23.969281825171848,59.97397703800436,0.2735149769826588,-1.0,0.0,1.0,0.0,-48.0,48.0
0.3485,10.0,17.812830345854128,-0.428220767384033,18.421335154154725,-0.6085048083005979,-0.6085048083005979,0.0,0.0,-0.12276323501746993,0.12276323501746993,-19.95996127708096,-24.124383463435837,23.996022917385044,60.03803570942241,0.0983945708393281,0.0,-1.0,1.0,4.104218995944436,-48.0,43.89578100405557
0.349,10.0,17.844246272390023,-0.39819597830249737,18.451359943236262,-0.607113670846239,-0.607113670846239,0.0,0.0,-0.09628507878090639,0.09628507878090639,-18.760194343467912,-24.28455875827611,24.00757651964902,60.0602409770761,0.07741913742084316,0.0,-1.0,1.0,5.378296775845632,-48.0,42.62170322415437
0.3495,10.0,17.875662198925923,-0.3681615861948127,18.481394335343946,-0.6057321364180233,-0.6057321364180233,0.0,0.0,-0.061117367449027064,0.061117367449027064,-17.436099981816835,-24.351562908677867,24.018833522297342,60.076147684840805,0.04920873601675668,0.0,-1.0,1.0,6.730264711373428,-48.0,41.269735288626585
0.35,10.0,17.90707812546182,-0.33812105237587126,18.511434869162887,-0.604356743701068,-0.604356743701068,0.0,0.0,-0.02483727984098887,0.02483727984098887,-16.01164067710948,-24.34762951631872,24.029832950716457,60.08476751984855,0.019997823456565103,0.0,-1.0,1.0,8.147257605691651,-48.0,39.85274239430835
