time_s,command_frequency_Hz,command_electrical_angle_rad,mechanical_angle_raw_rad,rotor_angle_unwrapped_rad,phase_error_rad,phase_error_unwrapped_rad,load_torque_Nm,ia_A,ib_A,ic_A,ea_V,eb_V,ec_V,speed_rad_s,torque_Nm,cmd_a,cmd_b,cmd_c,vab_V,vbc_V,vca_V
0.0,0.0,0.0,0.0,0.0,0.0,0.0,0.0,0.0,0.0,0.0,0.0,0.0,0.0,0.0,0.0,1.0,-1.0,0.0,48.0,-24.0,-24.0
0.0005,0.0,0.0,3.4545147456032745e-05,3.4545147456032745e-05,-3.4545147456032745e-05,-3.4545147456032745e-05,0.0,4.081879176076604,-4.081879176076604,0.0,4.884223201992174e-06,-0.08227243118617866,0.08227216339326268,0.20608149669147297,1.6296759574482158,1.0,-1.0,0.0,48.0,-24.123405936874754,-23.87659406312525
0.001,0.0,0.0,0.0002716339399758159,0.0002716339399758159,-0.00027163393997581595,-0.0002716339399758159,0.0,7.88039511870828,-7.88039511870828,0.0,0.00015011591788316586,-0.3215832012187242,0.32157497065800056,0.8055141465356032,3.1475371013575133,1.0,-1.0,0.0,48.0,-24.482291513308418,-23.517708486691582
0.0015,0.0,0.0,0.000901054779449661,0.000901054779449661,-0.000901054779449661,-0.000901054779449661,0.0,11.401333353298964,-11.401333353298964,0.0,0.001094796006479623,-0.7070410341242777,0.7069810098823613,1.7709714495818967,4.558906164547117,1.0,-1.0,0.0,48.0,-25.059954128941264,-22.940045871058736
0.002,0.0,0.0,0.0020993005643709112,0.0020993005643709112,-0.0020993005643709112,-0.0020993005643709112,0.0,14.650904100735378,-14.650904100735378,0.0,0.004431280959258309,-1.2283930678029487,1.2281501395855614,3.0766619963364126,5.870645305943345,1.0,-1.0,0.0,48.0,-25.840131033007403,-22.15986896699259
0.0025,0.0,0.0,0.004030420767621724,0.004030420767621724,-0.004030420767621724,-0.004030420767621724,0.0,17.63556039205115,-17.63556039205115,0.0,0.012993090347461888,-1.8761591016802945,1.8754470465724367,4.698644835915118,7.090609896202671,1.0,-1.0,0.0,48.0,-26.80703005223886,-21.192969947761142
0.003,0.0,0.0,0.006846998290176458,0.006846998290176458,-0.006846998290176458,-0.006846998290176458,0.0,20.361796743839964,-20.361796743839964,0.0,0.0310783720044201,-2.641711614725179,2.6400099363698173,6.615015704972669,8.22716209242676,1.0,-1.0,0.0,48.0,-27.945326557730198,-20.054673442269802
0.0035,0.0,0.0,0.010691190302433828,0.010691190302433828,-0.010691190302433828,-0.010691190302433828,0.0,22.83594022277133,-22.83594022277133,0.0,0.06461209240952917,-3.5173075259737434,3.5137765722643466,8.805979303815096,9.288745688141107,1.0,-1.0,0.0,48.0,-29.240124289046456,-18.759875710953548
0.004,0.0,0.0,0.01569577992319813,0.01569577992319813,-0.01569577992319813,-0.01569577992319813,0.0,25.063942478342963,-25.063942478342963,0.0,0.12127051980592483,-4.496076965507651,4.489474834152506,11.253822901552558,10.283521678527144,1.0,-1.0,0.0,48.0,-30.676878057003364,-17.32312194299663
0.0045,0.0,0.0,0.02198519316234939,0.02198519316234939,-0.02198519316234939,-0.02198519316234939,0.0,27.051178313193475,-27.051178313193475,0.0,0.21059253613918413,-5.571973202298444,5.560586309941836,13.942806238089084,11.21906266407947,1.0,-1.0,0.0,48.0,-32.241276643021465,-15.758723356978535
0.005,0.0,0.0,0.02967644289571373,0.02967644289571373,-0.02967644289571373,-0.02967644289571373,0.0,28.80225353368098,-28.80225353368098,0.0,0.34410419727356745,-6.739686557609334,6.721293310798883,16.858982074432603,12.10210298586781,1.0,-1.0,0.0,48.0,-33.91908449096677,-14.080915509033236
0.0055,0.0,0.0,0.038879968586114,0.038879968586114,-0.038879968586114,-0.038879968586114,0.0,30.320822101818187,-30.320822101818187,0.0,0.5354854432119037,-7.994523928799836,7.966422126541503,19.989960735939068,12.938339405070364,1.0,-1.0,0.0,48.0,-35.69594136933547,-12.304058630664532
0.006,0.0,0.0,0.0497003467391703,0.0497003467391703,-0.0497003467391703,-0.0497003467391703,0.0,31.609409958987253,-31.609409958987253,0.0,0.8008095451028746,-9.33225486581285,9.291398001719822,23.324630226026606,13.732272880710209,1.0,-1.0,0.0,48.0,-37.55712066207481,-10.442879337925191
0.0065,0.0,0.0,0.06223685213549989,0.06223685213549989,-0.06223685213549989,-0.06223685213549989,0.0,32.669240430264374,-32.669240430264374,0.0,1.1588836382128507,-10.748925452182878,10.692229267836774,26.85284020548645,14.48707381397753,1.0,-1.0,0.0,48.0,-39.48725017482179,-8.512749825178211
0.007,0.0,0.0,0.07658385266842709,0.07658385266842709,-0.07658385266842709,-0.07658385266842709,0.0,33.50005428700757,-33.50005428700757,0.0,1.631706854919057,-12.240642947740639,12.165537199147526,30.565052106269853,15.204439039124981,1.0,-1.0,0.0,48.0,-41.47000524555831,-6.529994754441683
0.0075,0.0,0.0,0.09283101936031841,0.09283101936031841,-0.09283101936031841,-0.09283101936031841,0.0,34.09991735557698,-34.09991735557698,0.0,2.2450321772625075,-13.803337295031415,13.70864045666107,34.45194718965793,15.884387308629822,1.0,-1.0,0.0,48.0,-43.48779301554553,-4.512206984454474
0.008,0.0,0.0,0.11106332514206325,0.11106332514206325,-0.11106332514206325,-0.11106332514206325,0.0,34.46501189554742,-34.46501189554742,0.0,3.028956858617923,-15.432509367371473,15.319681702981866,38.50396758905577,16.524911403385453,1.0,-1.0,0.0,48.0,-45.52145795735864,-2.478542042641358
0.0085,0.0,0.0,0.13136078773067708,0.13136078773067708,-0.13136078773067708,-0.13136078773067708,0.0,34.58941785965297,-34.58941785965297,0.0,4.018360150424227,-17.122977964610975,16.997739086976825,42.71074100591269,17.121374177795868,1.0,-1.0,0.0,48.0,-47.55004799407019,-0.44995200592980034
0.009,0.0,0.0,0.1537976387627707,0.1537976387627707,-0.1537976387627707,-0.1537976387627707,0.0,34.4997378996851,-34.43012669423584,-0.06961120544926047,5.252561209257258,-18.867644171499933,18.74180090506745,47.05784025332306,17.627726229022205,1.0,-1.0,0.0,48.0,-48.0,0.0
0.0095,0.0,0.0,0.17843607043997825,0.17843607043997825,-0.17843607043997828,-0.17843607043997825,0.0,34.25770550539773,-33.9051458415133,-0.3525596638844265,6.771619833151619,-20.650777054161058,20.543851287617688,51.50956387566347,17.95598259632437,1.0,-1.0,0.0,48.0,-48.0,0.0
0.01,0.0,0.0,0.20531711038602726,0.20531711038602726,-0.20531711038602726,-0.20531711038602726,0.0,33.842990051124595,-33.01238123148088,-0.8306088196437114,8.612822567226255,-22.45307557821924,22.39273065827697,56.020704992127236,18.102477643292985,1.0,-1.0,0.0,48.0,-48.0,0.0
0.0105,0.0,0.0,0.23445899217409596,0.23445899217409596,-0.23445899217409596,-0.23445899217409596,0.0,33.23041287547238,-31.753564559598058,-1.4768483158743235,10.805450151456892,-24.255521788425135,24.275403469804967,60.545046339467625,18.059574222002425,1.0,-1.0,0.0,48.0,-48.0,0.0
0.011,0.0,0.0,0.26585617507058146,0.26585617507058146,-0.26585617507058146,-0.26585617507058146,0.0,32.39418562427735,-30.132150768853418,-2.262034855423931,13.361864621809985,-26.03895553102826,26.172149963382036,65.03331227410617,17.810166833104876,1.0,-1.0,0.0,48.0,-48.0,0.0
0.0115,0.0,0.0,0.299477199687809,0.299477199687809,-0.299477199687809,-0.299477199687809,0.0,31.309964225253697,-28.15512106963514,-3.1548431556185585,16.266050312017292,-27.783210765307018,28.049326813144177,69.43068596158692,17.327178505845126,1.0,-1.0,0.0,48.0,-48.0,0.0
0.012,0.0,0.0,0.3352613328816895,0.3352613328816895,-0.3352613328816895,-0.3352613328816895,0.0,29.957722467081936,-25.835937638026873,-4.121784829055063,19.46150888181267,-29.465897460715805,29.85030863048922,73.67459166942842,16.576474930997808,1.0,-1.0,0.0,48.0,-48.0,0.0
0.0125,0.0,0.0,0.37311438195982666,0.37311438195982666,-0.37311438195982666,-0.37311438195982666,0.0,28.325223268404752,-23.198583655708862,-5.12663961269589,22.842328280395726,-31.061211022719586,31.48671275855397,77.69379373287796,15.524652150672269,1.0,-1.0,0.0,48.0,-48.0,0.0
0.013,0.0,0.0,0.41290465302929796,0.41290465302929796,-0.41290465302929796,-0.41290465302929796,0.0,26.411488014531706,-20.282121213660435,-6.1293668008712725,26.252814069917672,-32.539538939095685,32.83389768457432,81.41008164190356,14.151757761543374,1.0,-1.0,0.0,48.0,-48.0,0.0
0.0135,0.0,0.0,0.45446061654147923,0.45446061654147923,-0.45446061654147923,-0.45446061654147923,0.0,24.229299721371795,-17.144554471439015,-7.08474524993278,29.500831592634356,-33.86882645771304,33.73600147051288,84.74351206763623,12.466316639821487,1.0,-1.0,0.0,48.0,-48.0,0.0
0.014,0.0,0.0,0.49757209798556284,0.49757209798556284,-0.49757209798556284,-0.49757209798556284,0.0,21.805660261238174,-13.864276225513631,-7.9413840357245435,32.386495540710044,-35.01829373949108,34.02482337472347,87.62112707629389,10.51696157930668,1.0,-1.0,0.0,48.0,-48.0,0.0
0.0145,0.0,0.0,0.5419963722935992,0.5419963722935992,-0.5419963722935992,-0.5419963722935992,0.0,19.179499864187072,-10.537436799450171,-8.642063064736899,34.74110291671771,-35.96398464716412,33.55236104688098,89.9874153268664,8.393657836123115,1.0,-1.0,0.0,48.0,-48.0,0.0
0.015,0.0,0.0,0.5874692676851639,0.5874692676851639,-0.5874692676851639,-0.5874692676851639,0.0,16.396846353768552,-7.270539344930541,-9.12630700883801,36.46417427185428,-36.694171786219336,32.22961941204635,91.81327022192714,6.214204980854531,1.0,-1.0,0.0,48.0,-48.0,0.0
0.0155,0.0,0.0,0.633719616471459,0.633719616471459,-0.633719616471459,-0.633719616471459,0.0,13.50475562214831,-4.169291106597523,-9.335464515550786,37.54412811786418,-37.211871289380305,30.058256736508433,93.09990136983255,4.09843194813198,1.0,-1.0,0.0,48.0,-48.0,0.0
0.016,0.0,0.0,0.6804839299704117,0.6804839299704117,-0.6804839299704117,-0.6804839299704117,0.0,10.545957499951436,-1.3264518168181678,-9.219505683133269,38.053635824156196,-37.53258658877277,27.14156532068211,93.87570526830204,2.13969500941162,1.0,-1.0,0.0,48.0,-48.0,0.0
0.0165,0.0,0.0,0.7275178646656522,0.7275178646656522,-0.7275178646656522,-0.7275178646656522,0.0,7.555908108810594,1.1878867890331746,-8.743794897843769,38.121744579621485,-37.67775399495443,23.668692310996374,94.1869539228579,0.38575726466697313,1.0,-1.0,0.0,48.0,-48.0,0.0
0.017,0.0,0.0,0.7746021700448105,0.7746021700448105,-0.7746021700448105,-0.7746021700448105,0.0,4.562849943465791,3.3309698011821536,-7.893819744647945,37.89462561764743,-37.66676722012436,19.876869372640698,94.08574298733963,-1.1634472365438098,1.0,-1.0,0.0,48.0,-48.0,0.0
0.0175,0.0,0.0,0.8215428253572893,0.8215428253572893,-0.8215428253572893,-0.8215428253572893,0.0,1.590182023315907,5.0862602179882535,-6.67644224130416,37.49966916920878,-37.51129280405589,16.004339916929954,93.61945889174659,-2.5423448330566396,1.0,-1.0,0.0,48.0,-48.0,0.0
0.018,0.0,0.0,0.8681669595948835,0.8681669595948835,-0.8681669595948835,-0.8681669595948835,0.0,-1.340378760143694,6.457744783585207,-5.117366023441513,37.02336855952397,-37.21435356488474,12.248170266449707,92.82475547338193,-3.7988196470526807,1.0,-1.0,0.0,48.0,-48.0,0.0
0.0185,0.0,0.0,0.9143170611094673,0.9143170611094673,-0.9143170611094673,-0.9143170611094673,0.0,-4.206388183116156,7.462039164773354,-3.255650981657198,36.50602783031139,-36.77419104551779,8.73736665104096,91.7266288408673,-4.97581563821361,1.0,-1.0,0.0,48.0,-48.0,0.0
0.019,0.0,0.0,0.9598457084800823,0.9598457084800823,-0.9598457084800823,-0.9598457084800823,0.0,-6.983920749501673,8.120776224478798,-1.1368554749771251,35.95001066400096,-36.190612098556834,5.5258450598074145,90.34105090125843,-6.101876936466502,1.0,-1.0,0.0,48.0,-48.0,0.0
0.0195,0.0,0.0,1.0046117611697596,1.0046117611697596,-1.0046117611697596,-1.0046117611697596,0.0,-9.051729600760739,9.051729600760739,0.0,35.33396916534885,-35.46942193471931,2.60401523990226,88.67607630008986,-7.227351251828864,1.0,-1.0,0.0,48.0,-26.67174162458749,-21.32825837541251
0.02,0.0,0.0,1.0484759128770198,1.0484759128770198,-1.0484759128770198,-1.0484759128770198,0.0,-10.329194432817202,10.329194432817202,0.0,34.62982841287105,-34.62565762597985,-0.07607374001794445,86.73803143384814,-8.24728632883629,1.0,-1.0,0.0,48.0,-23.921840866536456,-24.078159133463547
0.0205,5.46875,0.016444274046134088,1.091311019833606,1.091311019833606,-1.0748667457874719,-1.0748667457874719,0.0,-11.382397566613081,11.382397566613081,0.0,33.82809656482569,-33.69475707208929,-2.5733853642585047,84.56735587462488,-9.088281843256832,1.0,-1.0,0.0,48.0,-21.359944889373292,-26.640055110626708
0.021,5.937500000000001,0.03436116964863839,1.1330119430527734,1.1330119430527734,-1.098650773404135,-1.098650773404135,0.0,-12.212115721558241,12.212115721558241,0.0,32.931455825287564,-32.71468154686347,-4.936588308540766,82.20869658446559,-9.751744761435681,1.0,-1.0,0.0,48.0,-18.955024552247185,-29.04497544775281
0.0215,6.406249999999998,0.05375068680751278,1.173495692441362,1.173495692441362,-1.1197450056338492,-1.1197450056338492,0.0,-12.822790760980983,12.822790760980983,0.0,31.95296577813869,-31.717645612138874,-7.189338162789961,79.70583363071975,-10.243101292483015,1.0,-1.0,0.0,48.0,-16.69300175421013,-31.306998245789867
0.022,6.874999999999998,0.07461282552275751,1.2127007619160504,1.2127007619160504,-1.1380879363932928,-1.1380879363932928,0.0,-13.222325852764556,13.222325852764556,0.0,30.912711425448894,-30.72534097712849,-9.32709952510285,77.10080675164826,-10.57055623843044,1.0,-1.0,0.0,48.0,-14.579215250736947,-33.42078474926305
0.0225,7.343749999999998,0.09694758579437246,1.2505861240335923,1.2505861240335923,-1.1536385382392198,-1.1536385382392198,0.0,-13.421286346884665,13.421286346884665,0.0,29.833650003580196,-29.747339124874596,-11.323255474205611,74.43345407521247,-10.7432004312952,1.0,-1.0,0.0,48.0,-12.633589086441589,-35.36641091355841
0.023,7.812499999999999,0.12075496762235763,1.287130110749697,1.287130110749697,-1.1663751431273395,-1.1663751431273395,0.0,-13.431832491720995,13.431832491720995,0.0,28.73827393310498,-28.78267566437985,-13.140127669771738,71.74140598712312,-10.769398078103162,1.0,-1.0,0.0,48.0,-10.882073195865694,-37.11792680413431
0.0235,8.28125,0.14603497100671303,1.3223293756943981,1.3223293756943981,-1.176294404687685,-1.176294404687685,0.0,-13.266737517568602,13.266737517568602,0.0,27.646720137619045,-27.823611478404544,-14.7406018677134,69.06038080337659,-10.656042161966923,1.0,-1.0,0.0,48.0,-9.34784380267935,-38.65215619732064
0.024,8.75,0.17278759594743862,1.3561980300299867,1.3561980300299867,-1.1834104340825482,-1.1834104340825482,0.0,-12.938731812834247,12.938731812834247,0.0,26.576202476902818,-26.860143033202952,-16.097311164294624,66.42454268110731,-10.408781388717907,1.0,-1.0,0.0,48.0,-8.044659113855444,-39.95534088614456
0.0245,9.21875,0.20101284244453446,1.3887669264478342,1.3887669264478342,-1.1877540840032996,-1.1877540840032996,0.0,-12.460250049764971,12.460250049764971,0.0,25.541282624664166,-25.883963922463263,-17.197941410789156,63.866706897750355,-10.0329492778434,1.0,-1.0,0.0,48.0,-6.973399238110393,-41.026600761889604
0.025,9.6875,0.2307107104980005,1.42008297975665,1.42008297975665,-1.1893722692586497,-1.1893722692586497,0.0,-11.843516816678273,11.843516816678273,0.0,24.554462161468535,-24.891048813712906,-18.04660461503491,61.41826965797633,-9.534764557922694,1.0,-1.0,0.0,48.0,-6.121688711087278,-41.87831128891273
0.0255,10.156249999999998,0.26188120010783655,1.4502083782838777,1.4502083782838777,-1.1883271781760412,-1.1883271781760412,0.0,-11.100825932823387,11.100825932823387,0.0,23.626726644149354,-23.882592019200306,-18.662110896584363,59.10884719288423,-8.922398282407574,1.0,-1.0,0.0,48.0,-5.465821790941114,-42.53417820905889
0.026,10.624999999999998,0.294524311274043,1.479219555516711,1.479219555516711,-1.184695244242668,-1.184695244242668,0.0,-10.244853470163115,10.244853470163115,0.0,22.7678654573141,-22.864497375073128,-19.07433811440174,56.96569450034848,-8.206638658855724,1.0,-1.0,0.0,48.0,-4.973977844477774,-43.02602215552223
0.0265,11.09375,0.32864004399661967,1.5072058399424586,1.5072058399424586,-1.1785657959458389,-1.1785657959458389,0.0,-9.288877181895526,9.288877181895526,0.0,21.986546975397943,-21.845889446806137,-19.31986870411326,55.013020577366056,-7.401050046625013,1.0,-1.0,0.0,48.0,-4.6098025315908355,-43.39019746840917
0.027,11.5625,0.3642283982755666,1.5342677628060268,1.5342677628060268,-1.1700393645304603,-1.1700393645304603,0.0,-8.246830511324966,8.246830511324966,0.0,21.290217581447266,-20.83719096961385,-19.437800354027793,53.27132447869867,-6.521662481676481,1.0,-1.0,0.0,48.0,-4.335686340055502,-43.6643136599445
0.0275,12.03125,0.4012893741108838,1.5605150612718526,1.5605150612718526,-1.1592256871609687,-1.1592256871609687,0.0,-7.133175513974465,7.133175513974465,0.0,20.684921181818556,-19.84823803229401,-19.466292462220558,51.756855289036594,-5.586315806775479,1.0,-1.0,0.0,48.0,-4.115365963017169,-43.88463403698283
0.028,12.5,0.4398229715025711,1.586064457318586,1.586064457318586,-1.1462414858160148,-1.1462414858160148,0.0,-5.962621938212956,5.962621938212956,0.0,20.17512415700173,-18.88675462114942,-19.44009131367769,50.481262934123684,-4.6138151427463345,1.0,-1.0,0.0,48.0,-3.9157239183961563,-44.08427608160384
0.0285,12.96875,0.47982919045062866,1.6110373163940983,1.6110373163940983,-1.1312081259434696,-1.1312081259434696,0.0,-4.74974423634491,4.74974423634491,0.0,19.763601361594848,-17.957346229094924,-19.389039669361647,49.451468143150166,-3.6230441710993855,1.0,-1.0,0.0,48.0,-3.7078327643883933,-44.29216723561161
0.029,13.437500000000002,0.5213080309550563,1.6355572955060813,1.6355572955060813,-1.1142492645510251,-1.1142492645510251,0.0,-3.508555830661787,3.508555830661787,0.0,19.45140785216801,-17.061039935956398,-19.33743417381642,48.66974731289327,-2.6321476615684207,1.0,-1.0,0.0,48.0,-3.4673818680777764,-44.53261813192223
0.0295,13.906249999999998,0.564259493015854,1.6597480822192978,1.6597480822192978,-1.0954885892034438,-1.0954885892034438,0.0,-2.2520953259484977,2.2520953259484977,0.0,19.237936845983267,-16.1953122000613,-19.304032761549067,48.13400549548249,-1.6578519435133108,1.0,-1.0,0.0,48.0,-3.174654915489949,-44.825345084510055
0.03,14.374999999999998,0.6086835766330223,1.6837313091909785,1.6837313091909785,-1.0750477325579562,-1.0750477325579562,0.0,-0.9920679810990615,0.9920679810990615,0.0,19.12104933587923,-15.354503197512827,-19.30250875045672,47.83819853465029,-0.7149535903678217,1.0,-1.0,0.0,48.0,-2.8142181803600774,-45.18578181963992
0.0305,14.843749999999998,0.6545802818065607,1.7076247081426894,1.7076247081426894,-1.0530444263361287,-1.0530444263361287,0.0,0.26142794947637665,-0.26142794947637665,0.0,19.09725369581498,-14.530505638338372,-19.342173163739442,47.77286156634691,0.1840215528224855,1.0,-1.0,0.0,48.0,-2.3744528075222533,-45.62554719247775
0.031,15.3125,0.7019496085364694,1.7315405460476698,1.7315405460476698,-1.0295909375112005,-1.0295909375112005,0.0,1.5000736320336723,-1.5000736320336723,0.0,19.161912154004575,-13.71362212215765,-19.428822539656654,47.925702887042995,1.0290036271961065,1.0,-1.0,0.0,48.0,-1.8470324444198836,-46.15296755558012
0.0315,15.78125,0.7507915568227481,1.7555843669220073,1.7555843669220073,-1.0047928100992591,-1.0047928100992591,0.0,2.7173959696807906,-2.7173959696807906,0.0,19.30945296296693,-12.893496376081494,-19.565604143940934,48.28222692353404,1.8124301698915852,1.0,-1.0,0.0,48.0,-1.2264175626163487,-46.773582437383645
0.032,16.25,0.8011061266653973,1.7798540458829095,1.7798540458829095,-0.9787479192175123,-0.9787479192175123,0.0,3.908732560872585,-3.908732560872585,0.0,19.53357095534239,-12.060032762074872,-19.75381880642502,48.82635569734684,2.5291862520119297,1.0,-1.0,0.0,48.0,-0.5094120969412206,-47.49058790305878
0.0325,16.71875,0.8528933180644165,1.8044391439830822,1.8044391439830822,-0.9515458259186658,-0.9515458259186658,0.0,5.067925930692524,-5.074291129533428,0.006365198840904653,19.82736675666368,-11.204201482120563,-19.99356522005265,49.54092990800953,3.1733304883745292,1.0,-1.0,0.0,48.0,0.0,-48.0
0.033,17.1875,0.906153131019806,1.8294197045894833,1.8294197045894833,-0.9232665735696773,-0.9232665735696773,0.0,6.1572002285433225,-6.24906498544398,0.0918647569006577,20.181618911360555,-10.317778720141659,-20.282378619790343,50.403575470095404,3.7075842492681765,1.0,-1.0,0.0,48.0,0.0,-48.0
0.0335,17.65625,0.9608855655315658,1.8548624329630912,1.8548624329630912,-0.8939768674315254,-0.8939768674315254,0.0,7.165162789881025,-7.445056550033438,0.27989376015241246,20.58381311140596,-9.393937196945217,-20.614514469224453,51.38448298403938,4.119042932390033,1.0,-1.0,0.0,48.0,0.0,-48.0
0.034,18.125,1.0170906215996958,1.8808187485264465,1.8808187485264465,-0.8637281269267507,-0.8637281269267507,0.0,8.092468241073469,-8.665276956436651,0.5728087153631815,21.02061733844661,-8.42919583017175,-20.983491189370955,52.45275413088421,4.406450563088902,1.0,-1.0,0.0,48.0,0.0,-48.0
0.0345,18.59375,1.0747682992241958,1.9073227819665919,1.9073227819665919,-0.832554482742396,-0.8325544827423961,0.0,7.625940377934951,-7.281002083155181,-0.34493829477976923,21.469277623285016,-7.420320132012148,-21.373316754562385,53.55498160189713,4.203591638961466,1.0,0.0,-1.0,0.0,48.0,-48.0
0.035,19.062500000000004,1.1339185984050664,1.934351389142665,1.934351389142665,-0.8004327907375985,-0.8004327907375985,0.0,5.77275616119364,-3.2892690431333946,-2.4834871180602454,21.866684072075238,-6.358752324177804,-21.727435299056804,54.53795388980785,3.6874593508741054,1.0,0.0,-1.0,0.0,48.0,-48.0
0.0355,19.531249999999996,1.194541519142306,1.961842541335254,1.961842541335254,-0.7673010221929478,-0.7673010221929479,0.0,4.200999505090343,0.0,-4.200999505090343,22.215175644552158,-5.264213947259441,-22.053068076953295,55.41192160007419,3.35615269413458,1.0,0.0,-1.0,29.345267731058872,18.654732268941128,-48.0
0.036,19.999999999999996,1.256637061435917,1.9897586782419185,1.9897586782419185,-0.7331216168060015,-0.7331216168060015,0.0,4.2129439138519365,0.0,-4.2129439138519365,22.543768328339215,-4.155436470847052,-22.381483469785532,56.25297547169437,3.3645787543525043,1.0,0.0,-1.0,28.236578900123895,19.763421099876105,-48.0
0.0365,20.46875,1.3202052252858978,2.018094919285765,2.018094919285765,-0.6978896939998671,-0.6978896939998671,0.0,4.167925412738388,0.0,-4.167925412738388,22.863301897342996,-3.0361280942921343,-22.723363800439007,57.090466051199954,3.328083226250023,1.0,0.0,-1.0,27.10609714274413,20.89390285725587,-48.0
0.037,20.9375,1.385246010692249,2.0468467326260624,2.0468467326260624,-0.6616007219338134,-0.6616007219338134,0.0,4.069817730143945,0.0,-4.069817730143945,23.169401309571004,-1.9011744166045164,-23.07180220948316,57.913513000468306,3.249557144694701,1.0,0.0,-1.0,25.949973966648436,22.050026033351564,-48.0
0.0375,21.40625,1.4517594176549706,2.0760043383206144,2.0760043383206144,-0.6242449206656437,-0.6242449206656437,0.0,3.9231744061114227,0.0,-3.9231744061114227,23.459277880695346,-0.7415009885474694,-23.419016213921193,58.71202702573053,3.132436962422786,1.0,0.0,-1.0,24.761631821934543,23.238368178065457,-48.0
0.038,21.875,1.5197454461740623,2.105553137437877,2.105553137437877,-0.5858076912638148,-0.5858076912638148,0.0,3.7330857536568836,0.0,-3.7330857536568836,23.732031746651902,0.4554683972307619,-23.75691511505281,59.47684243781103,2.9806611063955333,1.0,0.0,-1.0,23.532089918568783,24.467910081431217,-48.0
0.0385,22.34375,1.5892040962495242,2.135474203046307,2.135474203046307,-0.546270106796783,-0.546270106796783,0.0,3.504975390722136,0.0,-3.504975390722136,23.988747433038373,1.7046583815734353,-24.077746988440193,60.19982865387872,2.7985441791570684,1.0,0.0,-1.0,22.250841840725656,25.749158159274344,-48.0
0.039,22.8125,1.6601353678813564,2.1657448174309875,2.1657448174309875,-0.505609449549631,-0.505609449549631,0.0,3.2443594016372157,0.0,-3.2443594016372157,24.232286316233413,3.021525443848738,-24.374730010257778,60.8739604618449,2.5905761545321013,1.0,0.0,-1.0,20.90725270913908,27.09274729086092,-48.0
0.0395,23.28125,1.7325392610695587,2.1963390307735575,2.1963390307735575,-0.4637997697039988,-0.46379976970399883,0.0,2.956605313001427,0.0,-2.956605313001427,24.46670938592409,4.419730084886877,-24.64256587154774,61.493331806944084,2.361178681937909,1.0,0.0,-1.0,19.4923416723013,28.5076583276987,-48.0
0.04,23.75,1.8064157758141308,2.2272282113913717,2.2272282113913717,-0.4208124355772409,-0.4208124355772409,0.0,2.646737310094555,0.0,-2.646737310094555,24.69631782397812,5.908564436767061,-24.87774848308045,62.05310865653662,2.114471518812004,1.0,0.0,-1.0,18.000720233681776,29.999279766318224,-48.0
0.0405,24.21875,1.8817649121150737,2.2583815590087024,2.2583815590087024,-0.3766166468936287,-0.3766166468936287,0.0,2.3193350319381514,0.0,-2.3193350319381514,24.92437145700753,7.4904865229035895,-25.078617793367748,62.54943133202348,1.8541125346833818,1.0,0.0,-1.0,16.432390308916304,31.567609691083696,-48.0
0.041,24.6875,1.9585866699723868,2.2897665616848686,2.2897665616848686,-0.33117989171248174,-0.33117989171248174,0.0,1.9785637923192487,0.0,-1.9785637923192487,25.15162425571476,9.159146550430913,-25.24515911954133,62.97929234781046,1.5832704229980918,1.0,0.0,-1.0,14.7940860176558,33.2059139823442,-48.0
0.0415,25.15625,2.03688104938607,2.3213493934049185,2.3213493934049185,-0.28446834401884846,-0.28446834401884846,0.0,1.628354250981457,0.0,-1.628354250981457,25.374886070020438,10.89826300440331,-25.378601442201088,63.34042841494684,1.3047694688967093,1.0,0.0,-1.0,13.099879309506365,34.90012069049364,-48.0
0.042,25.625000000000004,2.1166480503561234,2.3530941554326663,2.3530941554326663,-0.23644610507654298,-0.23644610507654296,0.0,-0.06582071561425906,0.949967122912296,-0.884146407298037,25.576708298490818,12.677019377070796,-25.47179662074968,63.60850955533686,0.5169130998507881,0.0,1.0,-1.0,0.0,48.0,-48.0
0.0425,26.093750000000004,2.197887672882547,2.3849315959822355,2.3849315959822355,-0.1870439230996883,-0.18704392309968831,0.0,-0.9250968203132173,2.079429750297591,-1.1543329299843736,25.72687071315672,14.447795009511319,-25.51111489220625,63.743058479147784,0.5599299645779092,0.0,1.0,-1.0,0.0,48.0,-48.0
0.043,26.562499999999996,2.2805999169653397,2.416838958638897,2.416838958638897,-0.13623904167355727,-0.13623904167355727,0.0,-1.6463909859572976,2.9399145951512775,-1.29352360919398,25.863866840981977,16.201683904964277,-25.55617015713743,63.88792580433315,0.5964669963583441,0.0,1.0,-1.0,0.0,48.0,-48.0
0.0435,27.031249999999996,2.364784782604504,2.4488206423868966,2.4488206423868966,-0.08403585978239247,-0.08403585978239247,0.0,-2.2382229474615185,3.5513776971276405,-1.313154749666122,25.96196382931121,17.902150968942017,-25.606685415635486,64.0394005457737,0.6104706902524305,0.0,1.0,-1.0,0.0,48.0,-48.0
0.044,27.499999999999996,2.450442269800038,2.480878280423253,2.480878280423253,-0.030436010623215104,-0.030436010623215104,0.0,-2.707362931168711,3.9352037393146526,-1.2278408081459418,25.98994762768389,19.51055416799983,-25.660202995639175,64.19033344318726,0.5907498415586689,0.0,1.0,-1.0,0.0,48.0,-48.0
0.0445,27.968749999999996,2.5375723785519426,2.513009354781721,2.513009354781721,0.02456302377022146,0.02456302377022146,0.0,-3.0583815785359345,4.114042229171058,-1.055660650635123,25.91345256698248,20.989128482916502,-25.71274755543545,64.33152562040075,0.5322564706629751,0.0,1.0,-1.0,0.0,48.0,-48.0
0.045,28.437499999999996,2.626175108860217,2.5452065706991203,2.5452065706991203,0.08096853816109695,0.08096853816109695,0.0,-3.293400898488042,4.111402648489268,-0.8180017500012257,25.698012078573836,22.304314393650746,-25.759704436689393,64.45334641995774,0.4365893483208542,0.0,1.0,-1.0,0.0,48.0,-48.0
0.0455,28.90625,2.7162504607248628,2.57745805135364,2.57745805135364,0.1387924093712227,0.13879240937122272,0.0,-3.4120990056823715,3.9510317112318467,-0.5389327055494751,25.31253345676,23.430031379604465,-25.796772645845376,64.5473554502015,0.3115023237295047,0.0,1.0,-1.0,0.0,48.0,-48.0
0.046,29.375,2.8077984341458775,2.6097482912778327,2.6097482912778327,0.19805014286804482,0.1980501428680448,0.0,-3.411991963146506,3.6561342991026953,-0.24414233595618928,24.732738996024292,24.350383724906905,-25.820823226294888,64.60767273483776,0.1693966380062346,0.0,1.0,-1.0,0.0,48.0,-48.0
0.0465,29.84375,2.9008190291232627,2.642059682226273,2.642059682226273,0.25875934689698976,0.25875934689698976,0.0,-3.2889768405616677,3.2485353844031555,0.04044145615851233,23.944037794761936,25.061297643545203,-25.830498619404153,64.6318648043815,0.02501093578274719,0.0,1.0,-1.0,0.0,48.0,-48.0
0.047,30.3125,2.9953122456570185,2.674374327172312,2.674374327172312,0.3209379184847063,0.3209379184847063,0.0,-3.0380783136565577,2.747901429626721,0.29017688402983655,22.943346359845997,25.570750820946124,-25.826433045809207,64.62119509309215,-0.1072715250453774,0.0,1.0,-1.0,0.0,48.0,-48.0
0.0475,30.78125,3.0912780837471443,2.7066758114001304,2.7066758114001304,0.38460227234701394,0.38460227234701394,0.0,-2.654306942955575,2.1711375322189927,0.4831694107365822,21.739564181779677,25.89753035559578,-25.811051181158653,64.58020795157282,-0.2159715310589049,0.0,1.0,-1.0,0.0,48.0,-48.0
0.048,31.25,3.18871654339364,2.738946467846521,2.738946467846521,0.44977007554711923,0.44977007554711923,0.0,-4.803078400535401,2.8674109364427887,1.935667464092612,20.336701498417572,26.04803561692272,-25.76751329378574,64.46451292102282,-1.1303224567444485,-1.0,1.0,0.0,-48.0,48.0,0.0
0.0485,31.71875,3.2876276245965057,2.771074767222079,2.771074767222079,0.5165528573744269,0.5165528573744269,0.0,-9.404889709608355,4.8229448263184835,4.581944883289871,18.68616700217869,25.934462739229645,-25.581696078377185,63.986465548731964,-2.623598238656271,-1.0,1.0,0.0,-48.0,48.0,0.0
0.049,32.1875,3.388011327355743,2.8028794819880423,2.8028794819880423,0.5851318453677008,0.5851318453677008,0.0,-13.50371284566355,6.590752142650134,6.912960703013417,16.86888855521495,25.605658635230547,-25.27057285875959,63.18760421858884,-3.6989304716745854,-1.0,1.0,0.0,-48.0,48.0,0.0
0.0495,32.65625,3.4898676516713496,2.8342259558097935,2.8342259558097935,0.6556416958615561,0.6556416958615561,0.0,-17.123571407765695,8.20262195468814,8.920949453077554,14.980561870613352,25.13583826342261,-24.87460821564016,62.16998010224468,-4.3790598652268695,-1.0,1.0,0.0,-48.0,48.0,0.0
0.05,33.125,3.5931965975433267,2.8650287602184266,2.8650287602184266,0.7281678373249001,0.7281678373249001,0.0,-20.295100873657216,9.68302978007666,10.612071093580555,13.101219085535009,24.591523858765086,-24.43041980276668,61.02776516149902,-4.703227392979896,-1.0,1.0,0.0,-48.0,48.0,0.0
0.0505,33.59375,3.6979981649716733,2.895246858925933,2.895246858925933,0.8027513060457405,0.8027513060457405,0.0,-23.05334167216614,11.049971030175106,12.003370641991033,11.290556897361254,24.027476845622203,-23.969647098097994,59.84394331267282,-4.7205896769163,-1.0,1.0,0.0,-48.0,48.0,0.0
0.051,34.0625,3.804272353956389,2.9248775284886324,2.9248775284886324,0.8793948254677568,0.8793948254677568,0.0,-25.43547667136648,12.315911603546324,13.119565067820158,9.587158392096192,23.485654533787304,-23.51856659120845,58.68862879010086,-4.484004287674124,-1.0,1.0,0.0,-48.0,48.0,0.0
0.0515,34.53125,3.9120191644974778,2.953949802067093,2.953949802067093,0.9580693624303849,0.9580693624303849,0.0,-27.478794094958506,13.488715694270821,13.990078400687684,8.010509443682928,22.99617500837066,-23.098262447027768,57.61878396939427,-4.045152628220331,-1.0,1.0,0.0,-48.0,48.0,0.0
0.052,35.0,4.0212385965949355,2.9825180426951405,2.9825180426951405,1.038720553899795,1.038720553899795,0.0,-29.219043152885078,14.572479463605179,14.646563689279898,6.564491036687763,22.57927864124106,-22.725136621035556,56.678950179814684,-3.451320689994942,-1.0,1.0,0.0,-48.0,48.0,0.0
0.0525,35.46875,4.131930650248763,3.01065605005499,3.01065605005499,1.121274600193773,1.121274600193773,0.0,-30.68923740710363,15.568246120517989,15.12099128658564,5.241237760451626,22.247536351868284,-22.4115811270102,55.902587529430164,-2.7436975309219944,-1.0,1.0,0.0,-48.0,48.0,0.0
0.053,35.9375,4.244095325458962,3.038435370698173,3.038435370698173,1.205659954760789,1.205659954760789,0.0,-31.918592082824006,12.392768824395015,19.52582325842899,4.010655539035204,21.92771991818364,-22.08597692668431,55.112249861607026,-5.216919959268857,-1.0,0.0,1.0,0.0,-48.0,48.0
0.0535,36.40625,4.35773262222553,3.0655494843426765,3.0655494843426765,1.2921831378828537,1.2921831378828537,0.0,-32.92791778146851,5.36475000301937,27.563167778449138,2.8150616174156755,21.14231716559864,-21.27222383838617,53.11790273958666,-10.648024807400631,-1.0,0.0,1.0,0.0,-48.0,48.0
0.054,36.875,4.472842540548469,3.0913386138558345,3.0913386138558345,1.3815039266926346,1.3815039266926346,0.0,-34.22849823450927,-0.1043690222061179,34.33286725671538,1.7306987099615143,19.855789359048288,-19.943943991896322,49.845942941182,-14.96700202037288,-1.0,0.0,1.0,-48.0,0.0,48.0
0.0545,37.34375,4.589425080427777,3.115299706075349,3.115299706075349,1.4741253743524276,1.4741253743524276,0.0,-37.56067829912118,-0.5556334219957442,38.11631172111692,0.8304983544308907,18.3218585336409,-18.36649505673881,45.94975153283481,-16.13582978245899,-1.0,0.0,1.0,-48.0,0.0,48.0
0.055,37.8125,4.707480241863456,3.1372477897434354,3.1372477897434354,1.5702324521200204,1.5702324521200204,0.0,-40.579620362832834,-0.7500769654747682,41.3296973283076,0.1246369643608923,16.687979549991766,-16.694809463209786,41.8097910538317,-16.923462040623715,-1.0,0.0,1.0,-48.0,0.0,48.0
0.0555,38.28125,4.827008024855505,-3.1261012856704675,3.1570840215091187,1.6699240033463867,1.6699240033463867,0.0,-43.32784458792442,-0.6803588465868031,44.00820343451122,-0.3990051195585866,14.98834966859047,-14.96662330355804,37.516667931397755,-17.367310677612853,-1.0,0.0,1.0,-48.0,0.0,48.0
0.056,38.75000000000001,4.9480084294039255,-3.1084327711874074,3.174752535992179,1.7732558934117466,1.7732558934117466,0.0,-45.84356682121227,-0.3461945349208551,46.189761356133126,-0.7565388069446488,13.255020985627622,-13.214838396042126,33.151708563629676,-17.504274605809165,-1.0,0.0,1.0,-48.0,0.0,48.0
0.0565,39.21875000000001,5.070481455508715,-3.0929498844869294,3.190235422692657,1.8802460328160584,1.8802460328160584,0.0,-48.03720965921771,0.0,48.03720965921771,-0.9668180665624906,11.514593982736628,-11.465115385405133,28.78027097446996,-17.522729713608435,-1.0,0.0,1.0,-41.73056070872044,-6.269439291279564,48.0
0.057,39.68750000000001,5.194427103169875,-3.0796584680146952,3.203526839164891,1.9909002640049844,1.9909002640049844,0.0,-49.76305353887479,0.0,49.76305353887479,-1.0468966289889965,9.758548274471044,-9.707272718048355,24.378952171244954,-17.677821259889033,-1.0,0.0,1.0,-39.13563294798972,-8.86436705201028,48.0
0.0575,40.15625000000001,5.319845372387405,-3.068594935209222,3.214590371970364,2.105255000417041,2.105255000417041,0.0,-46.118131725154704,-4.694944344046884,50.813076069201585,-1.0050241227293428,7.919999041830015,-7.872964695601236,19.778534182382266,-19.763025418901393,0.0,-1.0,1.0,48.0,-48.0,0.0
0.058,40.62500000000001,5.446736263161306,-3.060000660124724,3.2231846470548624,2.2235516161064433,2.2235516161064433,0.0,-40.24275974671074,-11.050131556648196,51.292891303358935,-0.8253923143747002,5.800813901075303,-5.763750757598389,14.482588873340509,-22.545909167425343,0.0,-1.0,1.0,48.0,-48.0,0.0
0.0585,41.09375000000001,5.575099775491576,-3.0542207845751843,3.228964522604402,2.3461352528871737,2.3461352528871737,0.0,-34.783727807951806,-16.588825066825905,51.37255287477771,-0.5222591129036829,3.4196376312314207,-3.3969004276163908,8.53628822453262,-24.96039178289495,0.0,-1.0,1.0,48.0,-48.0,0.0
0.059,41.56249999999999,5.704935909378213,-3.051556795107758,3.231628512071828,2.4733073973063844,2.4733073973063844,0.0,-29.726030497223288,-21.317735503665265,51.04376600088855,-0.12849569286866125,0.8155528191780689,-0.8100426322876653,2.035689320408424,-26.975481192655135,0.0,-1.0,1.0,48.0,-48.0,0.0
0.0595,42.03124999999999,5.836244664821224,-3.052260304933552,3.230925002246034,2.6053196625751895,2.6053196625751895,0.0,-25.05094627090643,-25.252273264046295,50.303219534952724,0.3077814811196825,-1.9694390249405502,1.9561870655670386,-4.915974686914622,-28.56505808957983,0.0,-1.0,1.0,48.0,-48.0,0.0
0.06,42.49999999999999,5.969026041820605,-3.0565298065301696,3.2266555006494166,2.7423705411711885,2.7423705411711885,0.0,-20.73472769263533,-28.417205777677395,49.15193347031273,0.7265296944481932,-4.890917665442213,4.858884155953368,-12.209726711981606,-29.709540409529446,0.0,-1.0,1.0,48.0,-48.0,0.0
0.0605,42.96874999999999,6.103280040376355,-3.064508236788008,3.2186770703915784,2.884602969984777,2.884602969984777,0.0,-16.747819900845478,-30.84692770178384,47.59474760262932,1.0605185793192244,-7.902617233303214,7.853919234962677,-19.732645463197862,-30.397109859435687,0.0,-1.0,1.0,48.0,-48.0,0.0
0.061,43.43749999999999,6.239006660488478,-3.0762815054998494,3.206903801679737,3.032102858808741,3.032102858808741,0.0,-13.054691466619971,-32.585286434387044,45.639977901007015,1.2408415040784602,-10.957066507863601,10.89707697150365,-27.369890788473317,-30.624261758568604,0.0,-1.0,1.0,48.0,-48.0,0.0
0.0615,43.90624999999999,6.376205902156969,-3.091857225354481,3.1913280818251053,-3.0983074868477227,3.184877820331864,0.0,-7.750969323077076,-31.824807901824105,39.57577722490118,1.196428839141485,-13.932666419506896,13.871631582059416,-34.822650061999816,-28.231956747079355,1.0,-1.0,0.0,48.0,0.0,-48.0
0.062,44.37499999999999,6.514877765381832,-3.110956792208003,3.172228514971583,-2.940536056769338,3.3426492504102487,0.0,-1.9164653919917143,-29.78703871000376,31.703504101995474,0.8728935640183896,-16.559255697805543,16.512675601649885,-41.420385433154955,-24.506966514907194,1.0,-1.0,0.0,48.0,0.0,-48.0
0.0625,44.84374999999999,6.655022250163063,-3.1331172364138453,3.150068070765741,-2.778231127782264,3.5049541793973225,0.0,3.586778849385553,-27.495296465863817,23.908517616478264,0.2736753986939697,-18.793362783292835,18.7783885769309,-47.05619585482351,-20.542972311909445,1.0,-1.0,0.0,48.0,0.0,-48.0
0.063,45.3125,6.796639356500667,3.1253418137721525,3.1253418137721525,-2.611887764451072,3.6712975427285146,0.0,8.811580631305162,-25.049099686373292,16.23751905506813,-0.5765722444148973,-20.614283331626734,20.64565668797302,-51.67540730064767,-16.38154420856154,1.0,-1.0,0.0,48.0,0.0,-48.0
0.0635,45.78125,6.93972908439464,3.098569444355843,3.098569444355843,-2.4420256671407894,3.8411596400387973,0.0,13.803333731440352,-22.542773755600823,8.739440024160471,-1.638811682900258,-22.008346783498258,22.0934989675857,-55.234325229721684,-12.068454246011543,1.0,-1.0,0.0,48.0,0.0,-48.0
0.064,46.25,7.084291433844983,3.070289603704508,3.070289603704508,-2.269183477039111,4.014001830140476,0.0,18.598773654538984,-20.064085831980243,1.4653121774412603,-2.862107494103866,-22.96922483041927,23.10418067511029,-57.70095047208422,-7.6511676621413205,1.0,-1.0,0.0,48.0,0.0,-48.0
0.0645,46.71875,7.230326404851696,3.041017402401738,3.041017402401738,-2.0938763047296285,4.189309002449958,0.0,21.04839383601564,-19.86547554865325,-1.1829182873623922,-4.204216599908511,-23.606419078931655,23.775251625228204,-59.33069740043589,-5.938520356921948,1.0,-1.0,0.0,48.0,-48.0,0.0
0.065,47.1875,7.37783399741478,3.0110085340271904,3.0110085340271904,-1.9163598437919964,4.36682546338759,0.0,22.95137362069089,-17.525149461692266,-5.426224158998624,-5.664228153434698,-24.11256717784929,24.290472496043723,-60.589411274585515,-2.6534170740572853,1.0,0.0,-1.0,0.0,48.0,-48.0
0.0655,47.65625,7.526814211534234,2.9807091837388864,2.9807091837388864,-1.7370802793842393,4.546105027795347,0.0,24.893127766273075,-9.892091434528353,-15.001036331744722,-7.069823300452644,-24.01978228186651,24.172637713508685,-60.289348889711206,4.992569239029688,1.0,0.0,-1.0,0.0,48.0,-48.0
0.066,48.125,7.677267047210056,2.951029627003588,2.951029627003588,-1.5569478869731184,4.726237420206468,0.0,26.850882761747062,-2.917110957953245,-23.933771803793817,-8.221546410691332,-23.20458607488904,23.301469774987144,-58.12735627920633,12.22759011012694,1.0,0.0,-1.0,0.0,48.0,-48.0
0.0665,48.59375,7.82919250444225,2.922863307003157,2.922863307003157,-1.3768561097404943,4.906329197439092,0.0,30.30036311312693,0.30943250524931576,-30.609795618376246,-8.967257500385672,-21.744427251847,21.769670182662402,-54.32607215895848,17.391368608365383,1.0,0.0,-1.0,48.0,0.0,-48.0
0.067,49.0625,7.982590583230815,2.896862386608168,2.896862386608168,-1.1974571105569398,5.085728196622647,0.0,34.78417447813803,0.5912203491474208,-35.37539482728545,-9.275985834436694,-19.882801135677347,19.839302804688,-49.53046942614787,20.921178583018072,1.0,0.0,-1.0,48.0,0.0,-48.0
0.0675,49.53125,8.13746128357575,2.873472858422905,2.873472858422905,-1.0191968820267416,5.263988425152845,0.0,38.976250453471025,0.49964570837229866,-39.47589616184332,-9.104417340870514,-17.670212604950084,17.574785143312027,-43.89552360554725,24.09050406349953,1.0,0.0,-1.0,48.0,0.0,-48.0
0.068,50.0,8.293804605477055,2.8530899266771472,2.8530899266771472,-0.8424706283796788,5.440714678799908,0.0,42.84141381803038,0.03139310175948981,-42.87280691978987,-8.439567478898208,-15.140926494235448,15.01787974755771,-37.52293647605699,26.807522989528103,1.0,0.0,-1.0,48.0,0.0,-48.0
0.0685,50.46875,8.451620548934727,2.836061092823583,2.836061092823583,-0.667625851068442,5.615559456111145,0.0,42.27589207845034,3.440199121991457,-45.716091200441795,-7.294122461676513,-12.315879653906501,12.190399440514467,-30.46700306235081,29.803785528325264,0.0,1.0,-1.0,-48.0,48.0,0.0
0.069,50.9375,8.610909113948775,2.8227517817088876,2.8227517817088876,-0.4950279749396993,5.788157332239887,0.0,37.49384827877358,10.111868664914196,-47.605716943687774,-5.67762911894398,-9.169532965111848,9.06345709122324,-22.656577916854655,32.532258549882684,0.0,1.0,-1.0,-48.0,48.0,0.0
0.0695,51.40625,8.77167030051919,2.813499995389724,2.813499995389724,-0.3250150020501208,5.958170305129466,0.0,32.82309562435424,15.889953683059403,-48.71304930741364,-3.6862926295338263,-5.78042439423187,5.708936820751176,-14.272904838963505,34.397057764530416,0.0,1.0,-1.0,-48.0,48.0,0.0
0.07,51.875,8.933904108645974,2.8085393930104523,2.8085393930104523,-0.15782059154406472,6.125364715635522,0.0,28.221685477987304,20.818269424272533,-49.039954902259836,-1.4496413797955754,-2.2385116236161293,2.2100119762360095,-5.52561181613848,35.451666771488476,0.0,1.0,-1.0,-48.0,48.0,0.0
0.0705,52.34374999999999,9.097610538329127,2.808002535985826,2.808002535985826,0.0064226951637136095,6.2896080023433,0.0,23.665564390940123,24.944337651034093,-48.609902041974216,0.8911812334289848,1.373886558643356,-1.3563447204042678,3.3912424890718067,35.76647245414962,0.0,1.0,-1.0,-48.0,48.0,0.0
0.071,52.81249999999999,9.262789589568653,2.8119296450669284,2.8119296450669284,0.1676746373221378,6.450859944501724,0.0,19.148183034028673,28.31744548024093,-47.4656285142696,3.1934121156983313,4.983086470237211,-4.920859422618655,12.30289415226629,35.42483573943633,0.0,1.0,-1.0,-48.0,48.0,0.0
0.0715,53.28124999999999,9.429441262364547,2.8202789846258827,2.8202789846258827,0.3259769705590771,6.609162277738664,0.0,14.600678598143755,30.908809988460536,-45.50948858660429,5.319992487646593,8.523527334231852,-8.422983573248247,21.056294890734325,34.40554313154952,-1.0,1.0,0.0,-48.0,0.0,48.0
0.072,53.74999999999999,9.597565556716816,2.8328475906773436,2.8328475906773436,0.48153265885988605,6.7647179660394725,0.0,7.490730511213162,30.21672883896696,-37.70745935018012,7.021059366904755,11.725553446692878,-11.601926065388943,28.99773014228803,29.118827023957866,-1.0,1.0,0.0,-48.0,0.0,48.0
0.0725,54.21874999999999,9.76716247262545,2.8490564657615836,2.8490564657615836,0.6349206996842811,6.918106006863868,0.0,0.6916149141699677,29.152979694533407,-29.844594608703375,8.134129501729438,14.379087943635966,-14.254872411613372,35.618996719043665,23.87068448766051,-1.0,1.0,0.0,-48.0,0.0,48.0
0.073,54.68749999999999,9.938232010090458,2.8682511021011177,2.8682511021011177,0.7867956008097534,7.06998090798934,0.0,-5.752411510614543,27.800446776547247,-22.048035265932704,8.677190696743441,16.49413852633299,-16.393284288521933,40.94843411391842,18.805831660327595,-1.0,1.0,0.0,-48.0,0.0,48.0
0.0735,55.15624999999999,10.110774169111837,2.889799576157062,2.889799576157062,0.9377892857751886,7.220974592954775,0.0,-11.804489277841718,26.235628251033216,-14.431138973191498,8.709865376991273,18.09808993553457,-18.0410650323251,45.046734695130105,14.037695920333679,-1.0,1.0,0.0,-48.0,0.0,48.0
0.074,55.62499999999999,10.284788949689583,2.9131066978071303,2.9131066978071303,1.088496944702866,7.3716822518824525,0.0,-17.438438919175553,24.528691849457832,-7.090252930282281,8.321297057330632,19.23207464487469,-19.23115556508595,47.998720074419026,9.645693854077127,-1.0,1.0,0.0,-48.0,0.0,48.0
0.0745,56.09374999999999,10.4602763518237,2.937623945844137,2.937623945844137,1.2394670987999754,7.522652405979562,0.0,-22.640393015138184,22.74349281111057,-0.10309979597238687,7.616091613901368,19.945561429278996,-20.002200935672064,49.904858688849835,5.676053512222478,-1.0,1.0,0.0,-48.0,0.0,48.0
0.075,56.56249999999999,10.637236375514187,2.962816509878126,2.962816509878126,1.3912345584564745,7.674419865636061,0.0,-24.724822926171324,15.981749483754077,8.743073442417247,6.666088341214793,20.181495694358865,-20.286002574931846,50.59982439777129,-0.3882277468655744,-1.0,0.0,1.0,0.0,-48.0,48.0
0.0755,57.03124999999999,10.815669020761044,2.9879663053788184,2.9879663053788184,1.5445174082026394,7.827702715382226,0.0,-26.514939424447974,9.132222358480584,17.382717065967388,5.546691099886128,19.815257662670643,-19.94845990526761,49.75350974163037,-6.2884261937159955,-1.0,0.0,1.0,0.0,-48.0,48.0
0.076,57.49999999999999,10.995574287564274,3.0123359470518007,3.0123359470518007,1.700053033332887,7.983238340512473,0.0,-28.057718849659835,2.7789342197135913,25.278784629946244,4.392364231146364,18.90401023369501,-19.043777681307226,47.50279545895379,-11.622690179949213,-1.0,0.0,1.0,0.0,-48.0,48.0
0.0765,57.96874999999999,11.176952175923873,3.0352685107672985,3.0352685107672985,1.8584983579769874,8.141683665156574,0.0,-30.845828872383464,-0.07159039077076675,30.91741926315423,3.313058260267992,17.54612296477878,-17.67396199757884,44.100047902357005,-14.736570275369,-1.0,0.0,1.0,-48.0,0.0,48.0
0.077,58.43749999999999,11.35980268583984,3.056370082967908,3.056370082967908,2.020247295692346,8.303432602871933,0.0,-34.583278657887284,-0.04599972416544633,34.62927838205273,2.4000418187051538,16.01976190266693,-16.125491193135826,40.255634318678915,-15.951862492750696,-1.0,0.0,1.0,-48.0,0.0,48.0
0.0775,58.90624999999999,11.544125817312178,3.075480419273046,3.075480419273046,2.185460090859546,8.468645398039133,0.0,-36.76751047139576,-1.0866528232593207,37.85416329465508,1.6590076795294477,14.388510021295426,-14.468460069727518,36.14008864869441,-17.27511942311124,0.0,-1.0,1.0,48.0,-48.0,0.0
0.078,59.37499999999999,11.729921570340888,3.0923971481439816,3.0923971481439816,2.354339115017321,8.637524422196908,0.0,-31.773618038570746,-8.679069871879364,40.45268791045011,1.0663951947235621,12.501768440920193,-12.556255821625903,31.38317958041514,-20.721968334207865,0.0,-1.0,1.0,48.0,-48.0,0.0
0.0785,59.84375,11.917189944925967,3.1067274761222037,3.1067274761222037,2.5272771616241765,8.810462468803763,0.0,-27.0491903176704,-15.448515864006273,42.497706181676676,0.6194841567412758,10.287503267034252,-10.320295437811907,25.80985962985087,-23.799900282683147,0.0,-1.0,1.0,48.0,-48.0,0.0
0.079,60.3125,12.105930941067417,3.1180870442081736,3.1180870442081736,2.704658589679656,8.987843896859243,0.0,-22.59323655430068,-21.388771569423646,43.98200812372433,0.31523362952728384,7.783135399198479,-7.800146299915081,19.51704317457698,-26.472245125288225,0.0,-1.0,1.0,48.0,-48.0,0.0
0.0795,60.78125,12.296144558765238,3.1261421364391944,3.1261421364391944,2.886817115146458,9.170002422326045,0.0,-18.40357905253188,-26.5015178024301,44.90509685496198,0.13376014969330424,5.0306166679414615,-5.037900352819797,12.610166948293053,-28.707633090427404,0.0,-1.0,1.0,48.0,-48.0,0.0
0.08,61.25,12.487830798019427,3.130613593469484,3.130613593469484,3.074031897370357,9.357217204549944,0.0,-14.474957640178186,-30.79734651114875,45.272304151326935,0.03919529723367952,2.0755905753205632,-2.0777321554574053,5.20176880057014,-30.480738494193577,0.0,-1.0,1.0,48.0,-48.0,0.0
0.0805,61.71875,12.680989658829986,3.1312945252004156,3.1312945252004156,-3.0166754807296017,9.549695133629571,0.0,-9.161854339562396,-32.66289902119758,41.82475336075998,-0.01726725129709287,-0.9749209956698852,0.9758648487056776,-2.4432334470097783,-29.803641062670152,1.0,-1.0,0.0,48.0,0.0,-48.0
0.081,62.1875,12.875621141196918,3.128257459801293,3.128257459801293,-2.8190069329635485,9.747363681395624,0.0,-3.105430229072873,-32.81650003852527,35.92193026759814,-0.08794538460255812,-3.8332624903693517,3.8380598050840415,-9.607835972708825,-27.471106329204055,1.0,-1.0,0.0,48.0,0.0,-48.0
0.0815,62.65625,13.071725245120218,3.1217890968116375,3.1217890968116375,-2.6164344660505923,9.94993614830858,0.0,2.562545492295296,-32.49968595575554,29.937140463460242,-0.2197777842600922,-6.444706081540128,6.456620924399325,-16.15807511250106,-24.89037202078252,1.0,-1.0,0.0,48.0,0.0,-48.0
0.082,63.125,13.269301970599889,3.112211874757626,3.112211874757626,-2.4092805185169106,10.157090095842262,0.0,7.876899373120569,-31.791941353852494,23.915041980731925,-0.44521832431298286,-8.784383597919634,8.808193709869235,-22.03353449976631,-22.076076381945104,1.0,-1.0,0.0,48.0,0.0,-48.0
0.0825,63.59375,13.46835131763593,3.0998773373150663,3.0998773373150663,-2.1978966340383086,10.368473980320864,0.0,12.873022809938654,-30.772884464415977,17.899861654477323,-0.7816395364754363,-10.829982224321547,10.870728336478436,-27.17856972357451,-19.051490447481807,1.0,-1.0,0.0,48.0,0.0,-48.0
0.083,64.0625,13.668873286228342,3.0851646509060777,3.0851646509060777,-1.982661979036909,10.583708635322264,0.0,16.817447022959577,-27.985929740841264,11.16848271788169,-1.2308068810517738,-12.550446576896228,12.611921495146776,-31.513586834579772,-14.958402429144833,1.0,0.0,-1.0,0.0,48.0,-48.0
0.0835,64.53125,13.87086787637712,3.068606939539934,3.068606939539934,-1.7641096775219869,10.802260936837186,0.0,18.603021909111057,-21.250749958829676,2.6477280497186175,-1.7503029860319945,-13.713509124838478,13.79542636526722,-34.45119295128223,-8.574099783313534,1.0,0.0,-1.0,0.0,48.0,-48.0
0.084,65.0,14.074335088082272,3.0509750949944237,3.0509750949944237,-1.5430106212713253,11.023359993087848,0.0,20.331647955935836,-14.845282477660994,-5.48636547827484,-2.2761919766522074,-14.253239385082415,14.350518226659574,-35.81959670192451,-2.4171808485242456,1.0,0.0,-1.0,0.0,48.0,-48.0
0.0845,65.46875,14.279274921343793,3.0330379784146984,3.0330379784146984,-1.3201336714300784,11.246236942929094,0.0,22.00355277075883,-8.850317490211262,-13.153235280547566,-2.7402127824463127,-14.197929228991036,14.301952453966884,-35.684773391339,3.4399876785982064,1.0,0.0,-1.0,0.0,48.0,-48.0
0.085,65.9375,14.485687376161687,3.0155270226277446,3.0155270226277446,-1.0962102608252313,11.470160353533942,0.0,23.610885391758178,-3.3321751860733677,-20.27871020568481,-3.0724305461042505,-13.581545824556304,13.682330829136284,-34.130299188013865,8.928920770858191,1.0,0.0,-1.0,0.0,48.0,-48.0
0.0855,66.40625,14.693572452535951,2.999125566279696,2.999125566279696,-0.8719237281029177,11.694446886256255,0.0,24.70669168914271,1.199064571878986,-25.905756261021693,-3.21337066543983,-12.456171015789076,12.545005613306087,-31.289395463130333,13.40119753626464,0.0,1.0,-1.0,-48.0,48.0,0.0
0.086,66.875,14.902930150466577,2.9844043242683553,2.9844043242683553,-0.6478447881609513,11.918525826198222,0.0,20.71938475634603,8.382694838438406,-29.10207959478444,-3.1356391768710075,-10.92629366925244,10.997918394248718,-27.42994733393975,17.37599386506296,0.0,1.0,-1.0,-48.0,48.0,0.0
0.0865,67.34375,15.11376046995358,2.971848884146171,2.971848884146171,-0.4244590285517647,12.141911585807408,0.0,16.971763360839248,14.809440193708442,-31.781203554547687,-2.8176629811390073,-9.028863650796746,9.081496413012975,-22.65095987775863,20.756471876656448,0.0,1.0,-1.0,-48.0,48.0,0.0
0.087,67.8125,15.326063410996952,2.9618818048346047,2.9618818048346047,-0.20218900819682564,12.364181606162347,0.0,13.420880053213867,20.485192900392374,-33.90607295360624,-2.266021050091227,-6.821213945939587,6.856036404105521,-17.101280404266863,23.54251501533654,0.0,1.0,-1.0,-48.0,48.0,0.0
0.0875,68.28125,15.539838973596696,2.9548514638455377,2.9548514638455377,0.018616895391985588,12.584987509751159,0.0,10.028884864412056,25.424337477963775,-35.45322234237583,-1.5111870422520632,-4.361272592241651,4.380980490002874,-10.928295319532541,25.745814350448995,0.0,1.0,-1.0,-48.0,48.0,0.0
0.088,68.75,15.75508715775281,2.9510326948880845,2.9510326948880845,0.2376838485055521,12.804054462864725,0.0,6.154702504692569,29.03745004555177,-35.19215255024434,-0.6078257860921438,-1.7155647906410172,1.7227280952967223,-4.297481129129352,26.56977896995003,-1.0,1.0,0.0,-48.0,0.0,48.0
0.0885,69.21874999999999,15.97180796346529,2.950494279474818,2.950494279474818,0.45494306963129943,13.021313683990472,0.0,0.31944972575033503,29.905421284589863,-30.2248710103402,0.28956430060076394,0.8147513631076615,-0.8181127783072007,2.0408581197129934,24.100321680130122,-1.0,1.0,0.0,-48.0,0.0,48.0
0.089,69.68749999999999,16.190001390734146,2.952966607575877,2.952966607575877,0.6706641687990955,13.237034783158268,0.0,-5.227341452065712,30.354828713590138,-25.127487261524426,1.0821076021828824,3.0886628682098323,-3.1021032257242056,7.7382922051164,21.457880018097686,-1.0,1.0,0.0,-48.0,0.0,48.0
0.0895,70.15624999999999,16.409667439559367,2.9581202781756084,2.9581202781756084,0.8851765470245865,13.45154716138376,0.0,-10.490403523877035,30.451108891035766,-19.96070536715873,1.7304982448251516,5.0920528585782945,-5.116489227917445,12.762641921625196,18.729175875222218,-1.0,1.0,0.0,-48.0,0.0,48.0
0.09,70.625,16.630806109940966,2.965614986719068,2.965614986719068,1.0988205088627256,13.665191123221899,0.0,-15.470827316845101,30.255255502231122,-14.784428185386021,2.213972067241401,6.819732034049828,-6.856499165377352,17.101990402207306,15.989377183178913,-1.0,1.0,0.0,-48.0,0.0,48.0
0.0905,71.09375,16.853417401878932,2.9751035604159677,2.9751035604159677,1.3119432271037925,13.878313841462965,0.0,-18.945533951888603,27.379325356368426,-8.433791404479823,2.519226028991343,8.245187656163973,-8.29497100983573,20.68893792307304,11.986001858717822,-1.0,0.0,1.0,0.0,-48.0,48.0
0.091,71.5625,17.077501315373265,2.9860821395592234,2.9860821395592234,1.5250485614548697,14.091419175814043,0.0,-20.71298999953956,21.502100234122352,-0.7891102345827922,2.598349364319031,9.16034639736644,-9.221135091268899,22.998450289863122,6.540596961800368,-1.0,0.0,1.0,0.0,-48.0,48.0
0.0915,72.03125,17.30305785042397,2.9978817037504393,2.9978817037504393,1.7388055323143567,14.30517614667353,0.0,-22.36176873836951,15.901207947148192,6.460560791221316,2.4867103739949488,9.549322923593907,-9.617072242850464,23.986501078555186,1.4219184069304167,-1.0,0.0,1.0,0.0,-48.0,48.0
0.092,72.5,17.530087007031042,3.009862826252952,3.009862826252952,1.9538535664189172,14.52022418077809,0.0,-23.881005382895438,10.635957395084692,13.245047987810747,2.240275172095967,9.447943231667157,-9.51750713674969,23.73994167995942,-3.330755465929865,-1.0,0.0,1.0,0.0,-48.0,48.0
0.0925,72.96875,17.75858878519449,3.0214317116255023,3.0214317116255023,2.1707864592098143,14.737157073568987,0.0,-25.266749718587548,5.7585547095667,19.50819500902085,1.9118106947738116,8.894620112837238,-8.960747939325273,22.35396863791959,-7.689601198108328,-1.0,0.0,1.0,0.0,-48.0,48.0
0.093,73.4375,17.9885631849143,3.032048730230846,3.032048730230846,2.3901438403242827,14.956514454683456,0.0,-22.085875960158976,-0.9043754048620279,22.990251365021003,1.5479532326217171,7.943975341548547,-8.002305507223712,19.966192033015837,-11.286441287435832,0.0,-1.0,1.0,48.0,-48.0,0.0
0.0935,73.90625,18.22001020619049,3.0412583001900715,3.0412583001900715,2.6123812916412468,15.17875190600042,0.0,-18.06234349900005,-7.461955926817329,25.52429942581738,1.1831758882461687,6.660203779965312,-6.707794072868834,16.739259404110037,-14.473807648031277,0.0,-1.0,1.0,48.0,-48.0,0.0
0.094,74.375,18.452929849023047,3.048662251563925,3.048662251563925,2.8378969830999483,15.404267597459121,0.0,-14.263145952346743,-13.361457735885786,27.62460368823253,0.8323018701238583,5.076536867664852,-5.111622870912592,12.758142380240137,-17.315038920302865,0.0,-1.0,1.0,48.0,-48.0,0.0
0.0945,74.84375,18.687322113411973,3.053905716047377,3.053905716047377,3.067045783005424,15.633416397364597,0.0,-10.675250931674185,-18.59730246207733,29.272553393751515,0.49821362883200887,3.228393813182911,-3.250046012555471,8.1128777428142,-19.782760475178815,0.0,-1.0,1.0,48.0,-48.0,0.0
0.095,75.3125,18.92318699935727,3.0566826900619977,3.0566826900619977,-2.9830516122434867,15.866504309295273,0.0,-6.4179998220756005,-22.30284251146109,28.72084233353669,0.17476607258181545,1.170985194721078,-1.1786971778853672,2.9425213904727596,-20.761488092043006,1.0,-1.0,0.0,48.0,0.0,-48.0
0.0955,75.78125,19.160524506858934,3.056890537836975,3.056890537836975,-2.7459219525167997,16.10363396902196,0.0,-0.5512019988414458,-23.578037969274,24.129239968115446,-0.12092090941701306,-0.8122703399179885,0.817612237004618,-2.0411137682392604,-19.081128762373115,1.0,-1.0,0.0,48.0,0.0,-48.0
0.096,76.25,19.399334635916972,3.0547148769813184,3.0547148769813184,-2.504936162603106,16.344619758935654,0.0,4.961352300297484,-24.461871372609135,19.50051907231165,-0.4005114083817943,-2.6204297575444437,2.637914455108891,-6.584992864881521,-17.24439812551866,1.0,-1.0,0.0,48.0,0.0,-48.0
0.0965,76.71875,19.639617386531377,3.0503852041377364,3.0503852041377364,-2.260323739145119,16.58923218239364,0.0,10.142255269183426,-25.010976333880695,14.868721064697269,-0.6814182449139837,-4.238191926391656,4.267213578997047,-10.651019015813834,-15.260343481942943,1.0,-1.0,0.0,48.0,0.0,-48.0
0.097,77.1875,19.881372758702156,3.044149368378675,3.044149368378675,-2.0123325312152796,16.83722339032348,0.0,15.014166333681256,-25.28150840564045,10.267342071959195,-0.9736963870844436,-5.651646369251477,5.691557665617262,-14.204131703097278,-13.144068152382124,1.0,-1.0,0.0,48.0,0.0,-48.0
0.0975,77.65625,20.124600752429306,3.036325037519131,3.036325037519131,-1.7612802066285844,17.088275714910175,0.0,17.04239197295879,-20.22413012855337,3.1817381555945805,-1.2544242317089824,-6.7137674172570625,6.762538741344788,-16.87421263858475,-8.05479620859567,1.0,0.0,-1.0,0.0,48.0,-48.0
0.098,78.125,20.369301367712822,3.0274918353863387,3.0274918353863387,-1.5077463892122764,17.341809532326483,0.0,18.798623419002435,-15.044150524422019,-3.7544728945804167,-1.476973099037908,-7.2597796132533245,7.3135039239266995,-18.24623582382269,-2.959174947734526,1.0,0.0,-1.0,0.0,48.0,-48.0
0.0985,78.59375,20.61547460455271,3.018286060403208,3.018286060403208,-1.2523673773892596,17.5971885441495,0.0,20.459736298789807,-10.166343144433558,-10.293393154356247,-1.6154612302163436,-7.311769494195832,7.366118386509117,-18.37520319922396,1.8797237396252635,1.0,0.0,-1.0,0.0,48.0,-48.0
0.099,79.0625,20.863120462948967,3.0093119733953815,3.0093119733953815,-0.9957474319851735,17.853808489553586,0.0,22.02066624143223,-5.647163141406969,-16.37350310002526,-1.6429878658598143,-6.898052372371646,6.9487867573729964,-17.332588061037082,6.404193156292522,1.0,0.0,-1.0,0.0,48.0,-48.0
0.0995,79.53125,21.112238942901595,3.0011309920026417,3.0011309920026417,-0.7384479706398047,18.111107950898955,0.0,19.758106805104003,0.3257523306407143,-20.083859135744717,-1.540839193616371,-6.064884172448057,6.108472906379132,-15.235726649021231,10.180113392057944,0.0,1.0,-1.0,-48.0,48.0,0.0
0.1,80.0,21.362830044410593,2.9942176266077154,2.9942176266077154,-0.4809435037358803,18.36861241780288,0.0,15.895598472830432,6.606404532597559,-22.50200300542799,-1.309007993299601,-4.891786086639586,4.925896022373018,-12.285813880299566,13.34605195324307,0.0,1.0,-1.0,-48.0,48.0,0.0
0.1005,80.0,21.614157456697775,2.98896790942031,2.98896790942031,-0.22436637426129452,18.625189547277465,0.0,12.253960638454247,12.26301302130089,-24.516973659755138,-0.9518816974915567,-3.424779871022031,3.4479519506073246,-8.599552555177322,16.070113796432338,0.0,1.0,-1.0,-48.0,48.0,0.0
0.101,80.0,21.86548486898496,2.985722351483771,2.985722351483771,0.03020659596243218,18.87976251750119,0.0,8.805139277118151,17.297177450794727,-26.10231672791288,-0.4856348298297645,-1.7077852394173785,1.7190891834183368,-4.28758382906554,18.35256408614296,0.0,1.0,-1.0,-48.0,48.0,0.0
0.1015,80.0,22.116812281272143,2.984756802266907,2.984756802266907,0.28249955746647537,19.132055479005235,0.0,4.141066720873194,20.33315848030805,-24.474225201181245,0.048618902734509105,0.1698292054645575,-0.17094541790243295,0.4263554804102039,18.384318448839352,-1.0,1.0,0.0,-48.0,0.0,48.0
0.102,80.0,22.368139693559318,2.986078110377338,2.986078110377338,0.53250566164322,19.38206158318198,0.0,-1.6127980691800374,21.549394843237703,-19.936596774057666,0.5395955768881997,1.9022627499828861,-1.9148859371605853,4.775920602198533,16.394464588012905,-1.0,1.0,0.0,-48.0,0.0,48.0
0.1025,80.0,22.619467105846503,2.989447949144692,2.989447949144692,0.7804632351630537,19.630019156701813,0.0,-7.038653048746514,22.432868158042755,-15.39421510929624,0.9505773252532592,3.43179868481631,-3.4550886105328664,8.617356032364215,14.329532200065078,-1.0,1.0,0.0,-48.0,0.0,48.0
0.103,80.0,22.870794518133685,2.9946087956100884,2.9946087956100884,1.0266298009848385,19.876185722523598,0.0,-12.14818909358091,23.035652383669166,-10.887463290088256,1.2684054518389734,4.753707011132367,-4.7869201564791,11.939203230418428,12.246489788340156,-1.0,1.0,0.0,-48.0,0.0,48.0
0.1035,80.0,23.12212193042087,3.0012984003314434,3.0012984003314434,1.2712676085506687,20.120823530089428,0.0,-16.022954185305554,21.549814791677232,-5.526860606371677,1.484799007661455,5.8518233067445395,-5.893906291270562,14.700568401571488,9.17581121994359,-1.0,0.0,1.0,0.0,-48.0,48.0
0.104,80.0,23.373449342708053,3.0091184394440704,3.0091184394440704,1.514774981725224,20.364330903263983,0.0,-17.86426760228258,16.428404104920187,1.435863497362396,1.5546599387403353,6.516979913495836,-6.564892643538678,16.375002191429875,4.266529424463612,-1.0,0.0,1.0,0.0,-48.0,48.0
0.1045,80.0,23.62477675499524,3.0174749511931602,3.0174749511931602,1.7577458822633176,20.607301803802077,0.0,-19.584237902800805,11.57293757481441,8.011300327986394,1.4925907939015806,6.708557075579338,-6.7584051015116,16.859068989860845,-0.34030075779361457,-1.0,0.0,1.0,0.0,-48.0,48.0
0.105,80.0,23.87610416728242,3.0257924510017142,3.0257924510017142,2.0007557947419476,20.850311716280707,0.0,-21.177766183540395,7.03749359487868,14.140272588661714,1.3347893275488636,6.458846539269624,-6.506737573129166,16.2330431873833,-4.609167068426622,-1.0,0.0,1.0,0.0,-48.0,48.0
0.1055,80.0,24.127431579569606,3.03353763824344,3.03353763824344,2.2443380197874054,21.093893941326165,0.0,-21.710447168160204,2.4019899571946683,19.308457210965535,1.1146338028371223,5.8034702996246965,-5.84594048615364,14.586323951005765,-8.441839976961631,0.0,-1.0,1.0,48.0,-48.0,0.0
0.106,80.0,24.378758991856788,3.0402362125181335,3.0402362125181335,2.488966857799894,21.338522779338653,0.0,-17.668470433989192,-4.054531267155049,21.72300170114424,0.8627748921762879,4.805230098849706,-4.839696002386815,12.077175913744659,-11.580488174306176,0.0,-1.0,1.0,48.0,-48.0,0.0
0.1065,80.0,24.630086404143974,3.0454905523572675,3.0454905523572675,2.735039930247946,21.584595851786705,0.0,-13.863362255027607,-9.90313849589133,23.766500750918937,0.5960925464944343,3.510479192784388,-3.535121670329784,8.822688552677459,-14.399928051023657,0.0,-1.0,1.0,48.0,-48.0,0.0
0.107,80.0,24.881413816431156,3.0489485007024215,3.0489485007024215,2.9829093941899734,21.832465315728733,0.0,-10.278054905871414,-15.136887224694313,25.414942130565727,0.3190245096896071,1.9521328976519425,-1.96560466717489,4.906002814497301,-16.874000881017423,0.0,-1.0,1.0,48.0,-48.0,0.0
0.1075,80.0,25.132741228718338,3.050301032753409,3.050301032753409,-3.050301032753418,22.082440195964928,0.0,-6.89659329537378,-19.755153709129544,26.651747004503324,0.026662515976745838,0.16567243015449018,-0.16680742610345503,0.41635258250810175,-18.980245356873457,0.0,-1.0,1.0,48.0,-48.0,0.0
0.108,80.0,25.384068641005523,3.0493579022423964,3.0493579022423964,-2.7980304899552175,22.33471073876313,0.0,-0.9812665288479323,-21.05079550235128,22.032062031199214,-0.26651578046169344,-1.6383839660569661,1.649666005162255,-4.1174840697105255,-17.266940537323563,1.0,-1.0,0.0,48.0,0.0,-48.0
0.1085,80.0,25.635396053292705,3.046257842728635,3.046257842728635,-2.5436030181542764,22.58913821056407,0.0,4.576700821543863,-21.984547352953733,17.40784653140987,-0.5497754955348829,-3.264975935921782,3.287813083994748,-8.20561805782601,-15.415853480646106,1.0,-1.0,0.0,48.0,0.0,-48.0
0.109,80.0,25.88672346557989,3.0412321310826678,3.0412321310826678,-2.287249894221124,22.845491334497222,0.0,9.80049884029812,-22.6115274876091,12.811028647310978,-0.8353290630244702,-4.700855775686544,4.734448942376924,-11.81478212971365,-13.437408101206636,1.0,-1.0,0.0,48.0,0.0,-48.0
0.1095,80.0,26.138050877867073,3.0345279058588486,3.0345279058588486,-2.029218256710121,23.103522972008225,0.0,14.71278222626078,-22.98585525944094,8.27307303318016,-1.12873567044926,-5.934252168494604,5.977572928366634,-14.915029289277966,-11.347608738986203,1.0,-1.0,0.0,48.0,0.0,-48.0
0.11,80.0,26.38937829015426,3.026443570394132,3.026443570394132,-1.7698065089582196,23.362934719760126,0.0,17.052382527348914,-18.601185720649987,1.5488031933010715,-1.4069492925900078,-6.848862883220476,6.8996107575831545,-17.21335198312744,-6.628068270371416,1.0,0.0,-1.0,0.0,48.0,-48.0
0.1105,80.0,26.64070570244144,3.0175288146709973,3.0175288146709973,-1.5095643409479012,23.623176887770445,0.0,18.824554387204707,-13.525588296230872,-5.2989660909738365,-1.6137280602420303,-7.256377427458308,7.3102974720485925,-18.235794335820536,-1.5920361359491038,1.0,0.0,-1.0,0.0,48.0,-48.0
0.111,80.0,26.892033114728626,3.008412209341949,3.008412209341949,-1.2491203233316677,23.883620905386678,0.0,20.49781918923717,-8.767069430926137,-11.730749758311031,-1.7218135288009488,-7.176607202208223,7.229290366651495,-18.032125952438545,3.171040682772336,1.0,0.0,-1.0,0.0,48.0,-48.0
0.1115,80.0,27.14336052701581,2.9996885471042924,2.9996885471042924,-0.9890692488068292,24.143671979911517,0.0,22.065756390250044,-4.379025216860744,-17.6867311733893,-1.7054448516620675,-6.639221525345165,6.6866777533481105,-16.67776395809563,7.604381758800387,1.0,0.0,-1.0,0.0,48.0,-48.0
0.112,80.0,27.394687939302994,2.991907743436369,2.991907743436369,-0.72996103285172,24.402780195866626,0.0,19.848273833472845,1.4317923579346532,-21.2800661914075,-1.5491135517645405,-5.692377222569403,5.731578145491359,-14.295212500120572,11.253130689470089,0.0,1.0,-1.0,-48.0,48.0,0.0
0.1125,80.0,27.646015351590176,2.985528555022061,2.985528555022061,-0.4722544321502307,24.660486796568115,0.0,15.977131767227583,7.568180364466623,-23.545312131694207,-1.258498238913644,-4.419665376483524,4.448878632728577,-11.095957836073856,14.267020053078754,0.0,1.0,-1.0,-48.0,48.0,0.0
0.113,80.0,27.89734276387736,2.9809281063147313,2.9809281063147313,-0.21632657115571619,24.91641465756263,0.0,12.320719927825904,13.077716743265947,-25.39843667109185,-0.8429042165544962,-2.868025947115498,2.886311323202002,-7.1987907032091725,16.836190699117854,0.0,1.0,-1.0,-48.0,48.0,0.0
0.1135,80.0,28.148670176164543,2.9784275803173057,2.9784275803173057,0.037501367128892314,25.170242595847238,0.0,8.85172680915737,17.964632548373597,-26.816359357530967,-0.3232982102683211,-1.0816743398631088,1.0884198829037248,-2.7146588163025864,18.964109924419986,0.0,1.0,-1.0,-48.0,48.0,0.0
0.114,80.0,28.399997588451726,2.9782835017574385,2.9782835017574385,0.2889728579759411,25.421714086694287,0.0,4.163299172100807,20.855399007212615,-25.01869817931342,0.2542374766543202,0.8497960055525263,-0.8550884637009827,2.1327011362541066,18.83737995616012,-1.0,1.0,0.0,-48.0,0.0,48.0
0.1145,80.0,28.65132500073891,2.980482987437919,2.980482987437919,0.538100784582645,25.67084201330099,0.0,-1.6173049742926828,21.93026096444266,-20.312955990149977,0.7722999270440114,2.61988123508187,-2.636521156268539,6.575790985753604,16.691706460822193,-1.0,1.0,0.0,-48.0,0.0,48.0
0.115,80.0,28.902652413026093,2.984768302529837,2.984768302529837,0.7851428817779106,25.917884110496257,0.0,-7.070266406485912,22.677682864815452,-15.60741645832954,1.1942328205358583,4.171870923974288,-4.1992931332123,10.473469552938345,14.484687960195842,-1.0,1.0,0.0,-48.0,0.0,48.0
0.1155,80.0,29.15397982531328,2.990864180439944,2.990864180439944,1.0303744161549906,26.163115644873336,0.0,-12.205535907727441,23.150966628776924,-10.945430721049483,1.5087771031961104,5.502560900950594,-5.540226683501615,13.81793554863829,12.274940596375437,-1.0,1.0,0.0,-48.0,0.0,48.0
0.116,80.0,29.40530723760046,2.9984925470016024,2.9984925470016024,1.2740734618805112,26.406814690598857,0.0,-16.1032876384838,21.543184197386662,-5.439896558902861,1.7101548265461815,6.597517989172911,-6.644447197005194,16.572345212567733,9.095727473538098,-1.0,0.0,1.0,0.0,-48.0,48.0
0.1165,80.0,29.656634649887646,3.0072415082551847,3.0072415082551847,1.5166519129141163,26.649393141632462,0.0,-17.963824736089236,16.308140934933597,1.65568380115564,1.7557585624158438,7.249644051921397,-7.302719874495743,18.21511782230481,4.095339023324093,-1.0,0.0,1.0,0.0,-48.0,48.0
0.117,80.0,29.90796206217483,3.0165056688375964,3.0165056688375964,1.758715164618887,26.891456393337233,0.0,-19.698688726396064,11.347952457871342,8.35073626852472,1.664606090922089,7.419825425906602,-7.4749272035397825,18.646254061673005,-0.5905677743638864,-1.0,0.0,1.0,0.0,-48.0,48.0
0.1175,80.0,30.159289474462007,3.0256996562627254,3.0256996562627254,2.0008485894809374,27.133589818199283,0.0,-21.302755416658208,6.717289947829063,14.585465468829145,1.4771429452638298,7.141601852546469,-7.194560262047507,17.94900233048479,-4.926792764308785,-1.0,0.0,1.0,0.0,-48.0,48.0
0.118,80.0,30.410616886749192,3.0342817444551278,3.0342817444551278,2.243593913575718,27.376335142294064,0.0,-21.842029995718022,1.99663957856997,19.845390417148053,1.230137330111252,6.451718769117193,-6.498846631661359,16.21562041881986,-8.816134344109903,0.0,-1.0,1.0,48.0,-48.0,0.0
0.1185,80.0,30.661944299036374,3.041770462354892,3.041770462354892,2.487432607963135,27.62017383668148,0.0,-17.803417428582286,-4.534429817748732,22.33784724633102,0.9565804776974489,5.413672706579094,-5.452279797552845,13.60627786245127,-12.00699525662081,0.0,-1.0,1.0,48.0,-48.0,0.0
0.119,80.0,30.91327171132356,3.0477616836381305,3.0477616836381305,2.7327687989670855,27.86551002768543,0.0,-13.999324877359756,-10.446476548961764,24.44580142632152,0.6747247927079343,4.074169762900419,-4.102458170897203,10.239140986599889,-14.873736816927208,0.0,-1.0,1.0,48.0,-48.0,0.0
0.1195,80.0,31.164599123610742,3.051897345878798,3.051897345878798,2.9799605490135965,28.112701777731942,0.0,-10.41363154423525,-15.7320970325159,26.14572857675115,0.3897293015425933,2.4665895689132706,-2.4833349439648322,6.198668602664747,-17.389496374998863,0.0,-1.0,1.0,48.0,-48.0,0.0
0.12,80.0,31.415926535897924,3.053863219618729,3.053863219618729,-3.0538632196187385,28.362063316279194,0.0,-7.031317858620319,-20.39030703322189,27.42162489184221,0.09680511907826085,0.6269751763907689,-0.6311812933544096,1.5755749299340611,-19.531219995863594,0.0,-1.0,1.0,48.0,-48.0,0.0
0.1205,80.0,31.66725394818511,3.0534644639177277,3.0534644639177277,-2.80213705163055,28.613789484267382,0.0,-1.115475766247343,-21.713744774613424,22.829220540860767,-0.19141361200307325,-1.2338883459578898,1.2421865222000175,-3.10075373724993,-17.85501482207691,1.0,-1.0,0.0,48.0,0.0,-48.0
0.121,80.0,31.91858136047229,3.0508353307062155,3.0508353307062155,-2.548180506131858,28.867746029766074,0.0,4.442250352599629,-22.663120003125503,18.220869650525874,-0.46717325384152814,-2.9206867542890493,2.9406362958872996,-7.339946864167524,-16.035201162550358,1.0,-1.0,0.0,48.0,0.0,-48.0
0.1215,80.0,32.16990877275948,3.046203197052669,3.046203197052669,-2.2922209601911248,29.123705575706808,0.0,9.664928202187518,-23.293742415013924,13.628814212826406,-0.7446245109273306,-4.4194849568332035,4.450405419666733,-11.107164662731915,-14.081302937461327,1.0,-1.0,0.0,48.0,0.0,-48.0
0.122,80.0,32.42123618504666,3.039812140790035,3.039812140790035,-2.0345024916413066,29.381424044256626,0.0,14.575316705290131,-23.660134386615148,9.084817681325017,-1.0311299902691065,-5.717751677213203,5.758824873819631,-14.370683134829076,-12.008587157471066,1.0,-1.0,0.0,48.0,0.0,-48.0
0.1225,80.0,32.67256359733384,3.0319585702460645,3.0319585702460645,-1.7753215088101562,29.640605027087776,0.0,16.912576452059064,-19.256588798654384,2.34401234659532,-1.306298792896297,-6.697999349284729,6.747190072804475,-16.834583888232768,-7.288759775047792,1.0,0.0,-1.0,0.0,48.0,-48.0
0.123,80.0,32.92389100962103,3.023192082383214,3.023192082383214,-1.5152276086601169,29.900698927237816,0.0,18.68266126125675,-14.152222874141335,-4.530438387115416,-1.5172077915173596,-7.170422662157762,7.2236963457489916,-18.02104909503569,-2.2421241377271546,1.0,0.0,-1.0,0.0,48.0,-48.0
0.1235,80.0,33.17521842190821,3.0141425709957708,3.0141425709957708,-1.2548506849854892,30.161075850912443,0.0,20.35495481272252,-9.356313433263008,-10.998641379459514,-1.6374092501722777,-7.154082992335069,7.207099326725331,-17.977705224168943,2.5399153454099634,1.0,0.0,-1.0,0.0,48.0,-48.0
0.124,80.0,33.426545834195394,3.00540719771603,3.00540719771603,-0.9947878994185698,30.421138636479363,0.0,21.923870332028812,-4.923593788653886,-17.000276543374927,-1.6410450217011217,-6.677945948356409,6.726603732999455,-16.777895991192636,7.000442057385926,1.0,0.0,-1.0,0.0,48.0,-48.0
0.1245,80.0,33.67787324648258,2.9975394256624686,2.9975394256624686,-0.7355927150778226,30.68033382082011,0.0,19.710016259445975,0.9378189012349646,-20.64783516068094,-1.5113529100950676,-5.788915859472323,5.829925039022879,-14.540736587612445,10.700494807108367,0.0,1.0,-1.0,-48.0,48.0,0.0
0.125,80.0,33.929200658769766,2.9910042597960755,2.9910042597960755,-0.4777301369242414,30.93819639897369,0.0,15.845559115991783,7.129204748538665,-22.97476386453045,-1.2513174121441961,-4.568199601820303,4.599495356572424,-11.471650482572565,13.778991460205196,0.0,1.0,-1.0,-48.0,48.0,0.0
0.1255,80.0,34.18052807105695,2.9861868645915277,2.9861868645915277,-0.22158532943251197,31.19434120646542,0.0,12.198983209088077,12.696624438757365,-24.89560764784544,-0.867951053444583,-3.0621577861508253,3.082493530227847,-7.688052800261873,16.416086165736278,0.0,1.0,-1.0,-48.0,48.0,0.0
0.126,80.0,34.43185548334413,2.9834168974161113,2.9834168974161113,0.032512050030084276,31.448438585928017,0.0,8.7428059486279,17.64295833765376,-26.38576428628166,-0.37986455338740094,-1.3146693448952134,1.3232224580829968,-3.300256587291392,18.613696483676875,0.0,1.0,-1.0,-48.0,48.0,0.0
0.1265,80.0,34.68318289563131,2.9829596070286506,2.9829596070286506,0.28429675270472876,31.70022328860266,0.0,4.069748674218818,20.593507899819073,-24.66325657403789,0.16957286806214333,0.5850319173026413,-0.588824442110631,1.468591086101541,18.562217159305312,-1.0,1.0,0.0,-48.0,0.0,48.0
0.127,80.0,34.934510307918494,2.9848114776749664,2.9848114776749664,0.5337722943455946,31.949698830243527,0.0,-1.693740896382959,21.727532839189184,-20.033791942806225,0.6671471253243909,2.3312751439834707,-2.346603806038249,5.852671425561569,16.49405002966232,-1.0,1.0,0.0,-48.0,0.0,48.0
0.1275,80.0,35.18583772020568,2.9887244166221087,2.9887244166221087,0.7811867676856453,32.19711330358358,0.0,-7.128866700830592,22.532666785390667,-15.403800084560075,1.076680512779963,3.8670973884847335,-3.893221506796819,9.710099433282357,14.359370031174441,-1.0,1.0,0.0,-48.0,0.0,48.0
0.128,80.0,35.437165132492865,2.994432187657218,2.994432187657218,1.0268064089377151,32.44273294483565,0.0,-12.24650309360165,23.061502872875792,-10.814999779274142,1.3862729480136933,5.1887017116996335,-5.224921673978783,13.031629693205858,12.21564715871498,-1.0,1.0,0.0,-48.0,0.0,48.0
0.1285,80.0,35.68849254478005,3.001664956813131,3.001664956813131,1.2709010520689845,32.68682758796692,0.0,-16.12759168393263,21.506513644656778,-5.37892196072415,1.5891821966346857,6.280900393840401,-6.326128211098857,15.778646211662187,9.093197000459334,-1.0,0.0,1.0,0.0,-48.0,48.0
0.129,80.0,35.93981995706723,3.010017904030385,3.010017904030385,1.5138755171389122,32.929802053036845,0.0,-17.9730820766254,16.32107185390631,1.6520102227190894,1.6424289893767665,6.935392962805016,-6.9864723582367025,17.426691995834336,4.13915688132953,-1.0,0.0,1.0,0.0,-48.0,48.0
0.1295,80.0,36.19114736935442,3.0188914709947166,3.0188914709947166,1.7563293624617686,33.1722558983597,0.0,-19.695009176419713,11.40700612113664,8.288003055283074,1.563160085172463,7.112276557307234,-7.1651520492903655,17.874009785757877,-0.50584464156191,-1.0,0.0,1.0,0.0,-48.0,48.0
0.13,80.0,36.4424747816416,3.0277053985778157,3.0277053985778157,1.9988428471658524,33.414769383063785,0.0,-21.28847316234068,6.818705122833827,14.469768039506853,1.3897213500106875,6.844485661795011,-6.8951223521986025,17.20248533847031,-4.806592514455549,-1.0,0.0,1.0,0.0,-48.0,48.0
0.1305,80.0,36.69380219392878,3.0359223963229565,3.0359223963229565,2.24195326170789,33.65787979760582,0.0,-21.819472438877025,2.13637835303711,19.683094085839915,1.1571328517716597,6.168201716241607,-6.213061434482268,15.503012464529691,-8.666876120176045,0.0,-1.0,1.0,48.0,-48.0,0.0
0.131,80.0,36.945129606215964,3.043064569428301,3.043064569428301,2.4861385008897288,33.90206503678766,0.0,-17.77472417663603,-4.360636283114914,22.135360459750945,0.896934778866984,5.146053941140013,-5.182562304642594,12.933550666840505,-11.837485814340278,0.0,-1.0,1.0,48.0,-48.0,0.0
0.1315,80.0,37.19645701850315,3.048730415539005,3.048730415539005,2.731800067066216,34.14772660296415,0.0,-13.966323934972932,-10.243052267031972,24.209376202004904,0.6265212072514814,3.8243280970063442,-3.8507501822038677,9.611135332839337,-14.685804085513153,0.0,-1.0,1.0,48.0,-48.0,0.0
0.132,80.0,37.447784430790335,3.05256417208872,3.05256417208872,2.9792937228036807,34.39522025870161,0.0,-10.377786230429649,-15.503604949154457,25.881391179584107,0.35059802077616037,2.2362389317397735,-2.251360674917241,5.619730949321189,-17.185260907832337,0.0,-1.0,1.0,48.0,-48.0,0.0
0.1325,80.0,37.69911184307752,3.0542536448245405,3.0542536448245405,-3.0542536448245428,34.644858198252976,0.0,-6.993711949446954,-20.141424299663306,27.13513624911026,0.06418377070678061,0.4176302106370252,-0.420425043241439,1.049489100898576,-19.313055171788758,1.0,-1.0,0.0,48.0,0.0,-48.0
0.133,80.0,37.9504392553647,3.0536057205353964,3.0536057205353964,-2.8022783082482134,34.896833534829305,0.0,-1.0768268243458579,-21.449219932693236,22.526046757039094,-0.22006806786671732,-1.420970020377524,1.43051801659704,-3.5708810101202344,-17.625787371177196,1.0,-1.0,0.0,48.0,0.0,-48.0
0.1335,80.0,38.20176666765188,3.0507560526950925,3.0507560526950925,-2.54810122812073,35.15101061495679,0.0,4.4815357345291496,-22.387708868687046,17.906173134157896,-0.4938213033883274,-3.0844769919276835,3.105554698450754,-7.751574646298043,-15.796776885373825,1.0,-1.0,0.0,48.0,0.0,-48.0
0.134,80.0,38.45309407993907,3.0459331640884684,3.0459331640884684,-2.291950927226915,35.4071609158506,0.0,9.704648195249566,-23.01213025290322,13.307482057653653,-0.7704349888030411,-4.559174513864583,4.591112867866395,-11.458266572785892,-13.835920847351472,1.0,-1.0,0.0,48.0,0.0,-48.0
0.1345,80.0,38.70442149222625,3.039381999104123,3.039381999104123,-2.0340723499553888,35.66503949312213,0.0,14.615372889512503,-23.376858726953692,8.761485837441189,-1.0565467299622873,-5.8327854641800485,5.874747993392483,-14.659832020242126,-11.758790854615079,1.0,-1.0,0.0,48.0,0.0,-48.0
0.135,80.0,38.955748904513435,3.0313995027858627,3.0313995027858627,-1.7747624413499439,35.924349401727575,0.0,16.95288444976418,-18.97596305111959,2.023078601355407,-1.3310130187635487,-6.788136760120811,6.838046797114376,-17.06111292192134,-7.038276408908205,1.0,0.0,-1.0,0.0,48.0,-48.0
0.1355,80.0,39.20707631680062,3.022535365073011,3.022535365073011,-1.5145708913499136,36.184540951727605,0.0,18.723053852697614,-13.878243156422762,-4.844810696274853,-1.540071150194258,-7.235798511282883,7.289574760429039,-18.18523469404218,-1.994405182444697,1.0,0.0,-1.0,0.0,48.0,-48.0
0.136,80.0,39.458403729087806,3.0134191350289474,3.0134191350289474,-1.2541272490186601,36.44498459405886,0.0,20.39511350759262,-9.092583978609014,-11.302529528983603,-1.6568080337738182,-7.195143868320713,7.24841906120119,-18.080644157938938,2.781638092458082,1.0,0.0,-1.0,0.0,48.0,-48.0
0.1365,80.0,39.70973114137499,3.004647225728158,3.004647225728158,-0.9940279274306876,36.70508391564683,0.0,21.96330266568032,-4.6732827309873946,-17.290019934692925,-1.6552200748391468,-6.695432818936007,6.744112290411922,-16.821481838255007,7.233030123369535,1.0,0.0,-1.0,0.0,48.0,-48.0
0.137,80.0,39.96105855366217,2.996771939275612,2.996771939275612,-0.7348252286909599,36.96428661438656,0.0,19.748071550222786,1.1720035880352786,-20.920075138258063,-1.5187461220158411,-5.783928478173242,5.824761611372511,-14.527816408173582,10.91874636415831,0.0,1.0,-1.0,-48.0,48.0,0.0
0.1375,80.0,40.21238596594935,2.990256511818174,2.990256511818174,-0.47698238894634104,37.22212945413118,0.0,15.881486674182375,7.345043202534212,-23.226529876716587,-1.2509362739519934,-4.5423443384690625,4.573324579066632,-11.40636542912653,13.979291136535664,0.0,1.0,-1.0,-48.0,48.0,0.0
0.138,80.0,40.46371337823654,2.9854838725410273,2.9854838725410273,-0.2208823373820025,37.478229505695516,0.0,12.232008313347238,12.89238138402274,-25.124389697369978,-0.8594382770254069,-3.017284792066147,3.037222100293533,-7.575142326508867,16.596519069773308,0.0,1.0,-1.0,-48.0,48.0,0.0
0.1385,80.0,40.71504079052372,2.9827812014669424,2.9827812014669424,0.03314774597926226,37.73225958905678,0.0,8.772207630590895,17.817346903272078,-26.589554533862973,-0.36357411388447325,-1.2528087206553542,1.260918681844478,-3.144866613168375,18.772923786950166,0.0,1.0,-1.0,-48.0,48.0,0.0
0.139,80.0,40.966368202810905,2.9824110991123165,2.9824110991123165,0.284845260621067,37.983957103698586,0.0,4.094937565771755,20.745644203721014,-24.84058176949277,0.1925181733644091,0.6617027764491311,-0.665973577462458,1.6610104124474048,18.6988420683925,-1.0,1.0,0.0,-48.0,0.0,48.0
0.1395,80.0,41.21769561509809,2.98436723548839,2.98436723548839,0.534216536532176,38.233328379609695,0.0,-1.6731367744845969,21.856886873078977,-20.18375009859438,0.6947946580036376,2.420425965946043,-2.4362880649306886,6.076354871917012,16.607640868124,-1.0,1.0,0.0,-48.0,0.0,48.0
0.14,80.0,41.46902302738527,2.988398648219099,2.988398648219099,0.781512536088654,38.48062437916617,0.0,-7.112959483849341,22.639019277873796,-15.526059794024455,1.1068930209215928,3.9664345795897926,-3.9931734323575183,9.959387593162749,14.450803509091678,-1.0,1.0,0.0,-48.0,0.0,48.0
0.1405,80.0,41.72035043967246,2.994236335992136,2.994236335992136,1.0270022606028049,38.726114103680324,0.0,-12.235159149666579,23.144908860723294,-10.909749711056715,1.4169914815829285,5.2960499817955355,-5.332982352895918,13.301139858582847,12.286238794619535,-1.0,1.0,0.0,-48.0,0.0,48.0
0.141,80.0,41.971677851959626,3.0016078629928398,3.0016078629928398,1.2709581458892656,38.970069988966785,0.0,-16.120464823207175,21.567269836958154,-5.446805013750978,1.6185729459419589,6.394249026685231,-6.440283748752063,16.06336832392019,9.144614801511837,-1.0,0.0,1.0,0.0,-48.0,48.0
0.1415,80.0,42.223005264246815,3.0101060100594843,3.0101060100594843,1.5137874111098155,39.212899254187334,0.0,-17.969660439856323,16.359688353405144,1.6099720864511786,1.6690617776214254,7.052917567954548,-7.104871128545358,17.722033082701174,4.172908122736102,-1.0,0.0,1.0,0.0,-48.0,48.0
0.142,80.0,42.47433267653399,3.0191290099524677,3.0191290099524677,1.7560918235040062,39.455203666581525,0.0,-19.694686906461115,11.424195499811638,8.270491406649475,1.5862608360650554,7.232307421714945,-7.286078061476136,18.175720828543454,-0.4884022315938781,-1.0,0.0,1.0,0.0,-48.0,48.0
0.1425,80.0,42.72566008882118,3.0280945657075926,3.0280945657075926,1.99845368003607,39.69756552311359,0.0,-21.290631988465545,6.815382450376638,14.475249538088907,1.4091720830659307,6.9654980104781385,-7.0170023193198645,17.50666711449424,-4.80402639529845,-1.0,0.0,1.0,0.0,-48.0,48.0
0.143,80.0,42.97698750110836,3.036463527484183,3.036463527484183,2.2414121305466623,39.94052397362418,0.0,-21.823553286467785,2.113658578869144,19.70989470759864,1.173394897535375,6.2888060540590995,-6.334471911874184,15.806121238811928,-8.678095627907371,0.0,-1.0,1.0,48.0,-48.0,0.0
0.1435,80.0,43.22831491339555,3.043756243086184,3.043756243086184,2.4854468272318457,40.184558670309364,0.0,-17.78028182081534,-4.401435842177879,22.18171766299322,0.9108870875090878,5.2648286463734655,-5.302071246241325,13.231995615597958,-11.863492598053742,0.0,-1.0,1.0,48.0,-48.0,0.0
0.144,80.0,43.479642325682725,3.049569387058569,3.049569387058569,2.7309610955466384,40.43007293862416,0.0,-13.97306078063333,-10.300395393863367,24.273456174496697,0.6393574080873412,3.939822943410208,-3.9669220949988233,9.901290407108204,-14.726002131864899,0.0,-1.0,1.0,48.0,-48.0,0.0
0.1445,80.0,43.730969737969914,3.053545424739977,3.053545424739977,2.978312470152416,40.677424313229935,0.0,-10.385575977000933,-15.575740997965095,25.961316974966028,0.3637524560699366,2.3470605041395767,-2.3628371182673917,5.8981410614208585,-17.23888045692612,0.0,-1.0,1.0,48.0,-48.0,0.0
0.145,80.0,43.98229715025709,3.055370485852879,3.055370485852879,-3.055370485852892,40.92692666440421,0.0,-7.002610547552063,-20.226404154465037,27.2290147020171,0.07922836952791631,0.5224653727920421,-0.5259366796857954,1.3129118847444932,-19.3791670881041,0.0,-1.0,1.0,48.0,-48.0,0.0
0.1455,80.0,44.23362456254428,3.05484984661724,3.05484984661724,-2.8035224343300644,41.17877471592704,0.0,-1.0870540700416882,-21.54492110288627,22.63197517292796,-0.20195167636936723,-1.3234483852563153,1.3322713575457938,-3.325744135968733,-17.705828625408017,1.0,-1.0,0.0,48.0,0.0,-48.0
0.146,80.0,44.48495197483147,3.0521174682827428,3.0521174682827428,-2.5494626437083827,41.43283450654872,0.0,4.469682875563127,-22.491873777557277,18.02219090199415,-0.4721061680033457,-2.995607944013997,3.0159184795623277,-7.528095643164327,-15.889825948396428,1.0,-1.0,0.0,48.0,0.0,-48.0
0.1465,80.0,44.73627938711865,3.0474002499650736,3.0474002499650736,-2.293418013103528,41.68887913715358,0.0,9.690853995803515,-23.122411518260417,13.431557522456902,-0.7449503546011907,-4.480177761177261,4.511341478213296,-11.259558931104893,-13.940834829930731,1.0,-1.0,0.0,48.0,0.0,-48.0
0.147,80.0,44.98760679940584,3.040941655028652,3.040941655028652,-2.03563200587992,41.946665144377185,0.0,14.599346961813657,-23.49086628371125,8.891519321897592,-1.0274910144366143,-5.764741385227338,5.805982385007905,-14.488697981847345,-11.874226103345471,1.0,-1.0,0.0,48.0,0.0,-48.0
0.1475,80.0,45.238934211693014,3.0330373549322203,3.0330373549322203,-1.7764002934963106,42.205896856760795,0.0,16.93441318560621,-19.0913220921723,2.1569089065660894,-1.2992624197204956,-6.731858253105104,6.781180277362089,-16.919709364130252,-7.159946608237762,1.0,0.0,-1.0,0.0,48.0,-48.0
0.148,80.0,45.4902616239802,3.024236223160693,3.024236223160693,-1.5162717494375944,42.46602540081951,0.0,18.702103910626796,-13.992709095676407,-4.709394814950389,-1.507461155027833,-7.1917317108397585,7.245128589433719,-18.0747789989086,-2.120022798118512,1.0,0.0,-1.0,0.0,48.0,-48.0
0.1485,80.0,45.741589036267385,3.0151673155882426,3.0151673155882426,-1.255875429577964,42.72642172067914,0.0,20.37188567424919,-9.204109332889955,-11.167776341359234,-1.625493620427008,-7.163580102073158,7.216722123703749,-18.00189953634993,2.65387184413281,1.0,0.0,-1.0,0.0,48.0,-48.0
0.149,80.0,45.992916448554574,3.0064267773563675,3.0064267773563675,-0.9958074790588984,42.98648967119821,0.0,21.938239253278248,-4.780044598110595,-17.15819465516765,-1.6274926134689267,-6.676515799770717,6.725296226656369,-16.77475423730713,7.104975675881951,1.0,0.0,-1.0,0.0,48.0,-48.0
0.1495,80.0,46.24424386084175,2.998566922922162,2.998566922922162,-0.7366202123375221,43.24567693791958,0.0,19.72183984863782,1.0715821351352202,-20.79342198377304,-1.4967495132909814,-5.777474817258163,5.818583727487133,-14.51251033782944,10.797440011471533,0.0,1.0,-1.0,-48.0,48.0,0.0
0.15,80.0,46.49557127312894,2.9920517857310207,2.9920517857310207,-0.47877766285918877,43.50351948739792,0.0,15.854916466335753,7.252227184089266,-23.10714365042502,-1.236247240483362,-4.547459578420867,4.578801417327532,-11.420058413329485,13.86882825527979,0.0,1.0,-1.0,-48.0,48.0,0.0
0.1505,80.0,46.74689868541612,2.9872656412367418,2.9872656412367418,-0.2226641060777243,43.75963304417938,0.0,12.206021933267436,12.808100310106326,-25.014122243373762,-0.8531755674409229,-3.0328980858713215,3.053190432616187,-7.614968686130006,16.498087713199666,0.0,1.0,-1.0,-48.0,48.0,0.0
0.151,80.0,46.99822609770331,2.9845371702328505,2.9845371702328505,0.03139177721335613,44.01368892747046,0.0,8.747759848977566,17.74222230818512,-26.489982157162686,-0.36634720141456323,-1.277729955605139,1.2861141658244568,-3.2077016285077886,18.68740752990268,0.0,1.0,-1.0,-48.0,48.0,0.0
0.1515,80.0,47.249553509990484,2.9841305946664827,2.9841305946664827,0.2831257650668971,44.265422915324,0.0,4.072952209534421,20.680022574433284,-24.752974783967705,0.1808006450674208,0.6288177003350363,-0.6329312455228743,1.5785963818941675,18.628756611028948,-1.0,1.0,0.0,-48.0,0.0,48.0
0.152,80.0,47.50088092227767,2.9860415049694136,2.9860415049694136,0.5325422670511539,44.51483941730826,0.0,-1.6918919873925198,21.800877223775124,-20.108985236382605,0.6756493280552095,2.381290479269034,-2.3970883363950453,5.978582537244541,16.554778501185332,-1.0,1.0,0.0,-48.0,0.0,48.0
0.1525,80.0,47.752208334564855,2.9900210766241035,2.9900210766241035,0.7798901076836469,44.76218725794075,0.0,-7.1279628975193265,22.592526928156413,-15.464564030637087,1.0821367015721752,3.922786892514003,-3.9495032969759376,9.850484845368234,14.414476759055407,-1.0,1.0,0.0,-48.0,0.0,48.0
0.153,80.0,48.003535746852044,2.995802371709,2.995802371709,1.0254362248859419,45.00773337514305,0.0,-12.246125858992812,23.107661883587024,-10.861536024594212,1.3884075417143815,5.249546670781214,-5.28643971951566,13.185118129085831,12.265418472795346,-1.0,1.0,0.0,-48.0,0.0,48.0
0.1535,80.0,48.25486315913922,3.003114887633184,3.003114887633184,1.2694511212489328,45.25174827150604,0.0,-16.127320687398747,21.538843490917323,-5.411522803518575,1.5878390927505308,6.346408196215282,-6.39233255921057,15.943904275211235,9.136968807402852,-1.0,0.0,1.0,0.0,-48.0,48.0
0.154,80.0,48.50619057142641,3.011553037449114,3.011553037449114,1.5123403837201916,45.4946375339773,0.0,-17.972539117752177,16.339562133722218,1.6329769840299588,1.6381546055357186,7.004898491142273,-7.0566277966531885,17.601923019362058,4.175217988959393,-1.0,0.0,1.0,0.0,-48.0,48.0
0.1545,80.0,48.75751798371359,3.0205163179458903,3.0205163179458903,1.7547045155105945,45.7370016657677,0.0,-19.693926808784035,11.41181556208581,8.282111246698225,1.5568870831914796,7.185067850606635,-7.238492555190904,18.057324772242467,-0.4771776474581797,-1.0,0.0,1.0,0.0,-48.0,48.0
0.155,80.0,49.00884539600078,3.0294235462077754,3.0294235462077754,1.9971246995359007,45.979421849793006,0.0,-21.28671720403068,6.810163148253524,14.476554055777154,1.3825884082600757,6.91986332361318,-6.970926069905655,17.39208004494863,-4.784957182437043,-1.0,0.0,1.0,0.0,-48.0,48.0
0.1555,80.0,49.260172808287955,3.0377365526304243,3.0377365526304243,2.240139105400422,46.22243625565753,0.0,-21.8170573265799,2.114980762982909,19.70207656359699,1.1504598977978815,6.245471140349355,-6.29064742280203,15.697153277249,-8.653124103724636,0.0,-1.0,1.0,48.0,-48.0,0.0
0.156,80.0,49.511500220575144,3.044976365669929,3.044976365669929,2.4842267046481066,46.46652385490521,0.0,-17.77181652486045,-4.394203457465006,22.16601998232546,0.8920327065826696,5.224058885705726,-5.260816006146473,13.129393428711547,-11.837559196667568,0.0,-1.0,1.0,48.0,-48.0,0.0
0.1565,80.0,49.762827632862326,3.0507398472539733,3.0507398472539733,2.7297906353512484,46.712087785608354,0.0,-13.963232794840364,-10.287848923728687,24.25108171856905,0.6247703783103866,3.901677599648768,-3.928342057790648,9.8052771413735,-14.699250833386909,0.0,-1.0,1.0,48.0,-48.0,0.0
0.157,80.0,50.014155045149515,3.0546695646327597,3.0546695646327597,2.977188330259649,46.959485480516754,0.0,-10.374968147536368,-15.558441920842327,25.933410068378695,0.3534993129596713,2.311589890518892,-2.327018359088558,5.808899913935607,-17.211486510830355,0.0,-1.0,1.0,48.0,-48.0,0.0
0.1575,80.0,50.26548245743669,3.056451727555465,3.056451727555465,-3.056451727555464,47.20903072988123,0.0,-6.991771381710432,-20.20488498307645,27.196656364786882,0.07329424527970332,0.4897104195973156,-0.4929406834431906,1.2305785476770934,-19.351334971950838,1.0,-1.0,0.0,48.0,0.0,-48.0
0.158,80.0,50.51680986972388,3.055891621427128,3.055891621427128,-2.804564209139942,47.46091824829675,0.0,-1.0764783244428315,-21.519688706065512,22.596167030508344,-0.20396980981447332,-1.3535615346858116,1.3625237418635938,-3.4013570693082698,-17.679886227429122,1.0,-1.0,0.0,48.0,0.0,-48.0
0.1585,80.0,50.768137282011054,3.0531230194313763,3.0531230194313763,-2.5504681948570127,47.71501426257968,0.0,4.479603321531361,-22.46341080035106,17.9838074788197,-0.4708894495202114,-3.023252449034393,3.043627144086403,-7.597454311930916,-15.865731259607465,1.0,-1.0,0.0,48.0,0.0,-48.0
0.159,80.0,51.01946469429824,3.048372589258194,3.048372589258194,-2.2943903523966416,47.97109210504005,0.0,9.699826640832999,-23.09117411781545,13.39134747698245,-0.7410874935713303,-4.5055199247654745,4.536706165764618,-11.323124748173207,-13.918590233041819,1.0,-1.0,0.0,48.0,0.0,-48.0
0.1595,80.0,51.270792106585425,3.0418835626601197,3.0418835626601197,-2.0365739135113845,48.22890854392531,0.0,14.607163053560104,-23.457281550069478,8.850118496509374,-1.021498028310757,-5.787947027201892,5.829204991064408,-14.546937382777848,-11.853867596285252,1.0,-1.0,0.0,48.0,0.0,-48.0
0.16,80.0,51.522119518872614,3.033951397938817,3.033951397938817,-1.777314336502892,48.4881681209338,0.0,16.94094056360435,-19.0557918428351,2.114851279230748,-1.2917700470452491,-6.753033050203236,6.802402589905003,-16.972937765087277,-7.139993324667721,1.0,0.0,-1.0,0.0,48.0,-48.0
0.1605,80.0,51.77344693115979,3.0251248929029506,3.0251248929029506,-1.5171604191798542,48.74832203825684,0.0,18.707309975384394,-13.955644009022127,-4.7516659663622685,-1.4993256273695494,-7.210887946273007,7.264388861534421,-18.12305885323933,-2.1004338666216196,1.0,0.0,-1.0,0.0,48.0,-48.0
0.161,80.0,52.02477434344698,3.016033057942912,3.016033057942912,-1.2567411719326265,49.008741285504065,0.0,20.375832674551944,-9.165932842005573,-11.209899832546373,-1.6174754297053007,-7.180767551495035,7.234075906827141,-18.04535536888208,2.6728341387812344,1.0,0.0,-1.0,0.0,48.0,-48.0
0.1615,80.0,52.27610175573416,3.0072719602682003,3.0072719602682003,-0.9966526619707301,49.26882979546596,0.0,21.941066374352523,-4.741181313156859,-17.199885061195666,-1.6202674718820727,-6.691821484693922,6.7408170035055175,-16.81357166504375,7.123087065337891,1.0,0.0,-1.0,0.0,48.0,-48.0
0.162,80.0,52.52742916802135,2.9993938306408388,2.9993938306408388,-0.7374471200561834,49.52803533738051,0.0,19.723747084175024,1.1107132632614312,-20.834460347436455,-1.4908764256575417,-5.790936703546705,5.832281062338033,-14.546726814245776,10.816877933739462,0.0,1.0,-1.0,-48.0,48.0,0.0
0.1625,80.0,52.778756580308524,2.9928628457587596,2.9928628457587596,-0.4795887228869253,49.78589373454977,0.0,15.856139298126411,7.291192397489307,-23.14733169561572,-1.2320753097178319,-4.55889434152383,4.5904562934157225,-11.44914626832637,13.890341186261345,0.0,1.0,-1.0,-48.0,48.0,0.0
0.163,80.0,53.03008399259571,2.9880635380078564,2.9880635380078564,-0.2234620028488356,50.042020454587856,0.0,12.206812678280434,12.846445026806341,-25.053257705086775,-0.850973367038739,-3.0421475689603654,3.062610630736601,-7.638466151887106,16.521226233978204,0.0,1.0,-1.0,-48.0,48.0,0.0
0.1635,80.0,53.281411404882896,2.985324791786298,2.985324791786298,0.03060415565990641,50.2960866130966,0.0,8.748379650890065,17.779483024977587,-26.527862675867652,-0.36632965254634947,-1.284673465890194,1.293152403238433,-3.225254434217748,18.711761059558896,0.0,1.0,-1.0,-48.0,48.0,0.0
0.164,80.0,53.532738817170085,2.984910985943718,2.984910985943718,0.2823453737896722,50.547827831226364,0.0,4.073664415780907,20.715736376400766,-24.789400792181674,0.17853266025664452,0.6242944284312433,-0.6284023301619228,1.567300009599832,18.654831868704875,-1.0,1.0,0.0,-48.0,0.0,48.0
0.1645,80.0,53.78406622945726,2.9868179248235402,2.9868179248235402,0.531765847197027,50.79724830463372,0.0,-1.6908571362359375,21.83459034287926,-20.143733206643322,0.6714553160916947,2.3794125353917837,-2.3952839011711955,5.97408207647932,16.582986565169165,-1.0,1.0,0.0,-48.0,0.0,48.0
0.165,80.0,54.03539364174445,2.9907970458862225,2.9907970458862225,0.7791141384215317,51.04459659585822,0.0,-7.126434538651068,22.623800968211317,-15.497366429560248,1.0763967578673923,3.92376023525841,-3.9506082514985947,9.85325110368822,14.444321145611955,-1.0,1.0,0.0,-48.0,0.0,48.0
0.1655,80.0,54.28672105403163,2.9965816159672602,2.9965816159672602,1.0246569806276804,51.29013943806437,0.0,-12.243982316711696,23.1360772328496,-10.892094916137905,1.3814340094748252,5.253531979899467,-5.290588282611166,13.195500192147641,12.296423433910391,-1.0,1.0,0.0,-48.0,0.0,48.0
0.166,80.0,54.53804846631882,3.0039012765778854,3.0039012765778854,1.268664732304243,51.534147189740935,0.0,-16.124478555990834,21.56400246826103,-5.4395239122701975,1.5799001782735098,6.353512149881207,-6.399602250394388,15.962112863256165,9.168139322200794,-1.0,0.0,1.0,0.0,-48.0,48.0
0.1665,80.0,54.789375878605995,3.0123504537020835,3.0123504537020835,1.5115429674672194,51.77702542490391,0.0,-17.968961237891676,16.361110628679224,1.6078506092124532,1.6297622077547125,7.0150703228610745,-7.0669375741169445,17.62777016803745,4.205105188673546,-1.0,0.0,1.0,0.0,-48.0,48.0
0.167,80.0,55.040703290893184,3.021328494437833,3.021328494437833,1.7538923390186605,52.01937479645535,0.0,-19.68964017770175,11.429472727919737,8.260167449782013,1.548592219086651,7.198180405016175,-7.251697063679749,18.0904532219966,-0.44885823961779625,-1.0,0.0,1.0,0.0,-48.0,48.0
0.1675,80.0,55.292030703180366,3.0302540203852204,3.0302540203852204,1.9962942253584524,52.261776682795144,0.0,-21.281806873677624,6.823722420290132,14.458084453387494,1.3749094684345822,6.935751659248013,-6.98685833303882,17.432067072040194,-4.758443228641253,-1.0,0.0,1.0,0.0,-48.0,48.0
0.168,80.0,55.543358115467555,3.0385886364796186,3.0385886364796186,2.2392870215512466,52.50476947898794,0.0,-21.811661164377114,2.1243088570046846,19.68735230737243,1.143905119196447,6.263934042496414,-6.309119371287672,15.743511014082435,-8.629193068066545,0.0,-1.0,1.0,48.0,-48.0,0.0
0.1685,80.0,55.79468552775473,3.045853007021947,3.045853007021947,2.4833500632960916,52.74883252073278,0.0,-17.76611907950909,-4.38915327417778,22.15527235368687,0.8870470734800473,5.244648145821778,-5.281402208922059,13.181031597302159,-11.819245839425705,0.0,-1.0,1.0,48.0,-48.0,0.0
0.169,80.0,56.04601294004192,3.0516433356090467,3.0516433356090467,2.7288871469961844,52.994369604432876,0.0,-13.957457461914425,-10.28700489751415,24.244462359428574,0.6218052409716196,3.923817517162883,-3.950495289102548,9.860794202657328,-14.686523375083008,0.0,-1.0,1.0,48.0,-48.0,0.0
0.1695,80.0,56.2973403523291,3.0556014918008656,3.0556014918008656,2.9762564030915453,53.24173886052824,0.0,-10.36937951490778,-15.561613971719872,25.930993486627653,0.3530576275897532,2.3347101233401806,-2.3501985487215244,5.8669088309107975,-17.204260774222313,0.0,-1.0,1.0,48.0,-48.0,0.0
0.17,80.0,56.54866776461629,3.057412998161566,3.057412998161566,-3.057412998161555,53.49125476645472,0.0,-6.9866776533703,-20.211771506114726,27.198449159485026,0.07591803265929963,0.5132545721832341,-0.5166177683553627,1.289719734380969,-19.34947601556444,1.0,-1.0,0.0,48.0,0.0,-48.0
0.1705,80.0,56.799995176903465,3.0568824281212814,3.0568824281212814,-2.805555015834097,53.74311274878218,0.0,-1.0722186844354304,-21.52988552626982,22.60210421070525,-0.19804714132214665,-1.3302234810552025,1.3389721863528388,-3.3426529595421184,-17.68520355642296,1.0,-1.0,0.0,48.0,0.0,-48.0
0.171,80.0,57.051322589190654,3.0541427002710946,3.0541427002710946,-2.551487875696717,53.99717988891956,0.0,4.482712055049056,-22.47642433215107,17.993712277102013,-0.46179150197342306,-3.000815305805596,3.0209112207194964,-7.540949997148829,-15.877963278957054,1.0,-1.0,0.0,48.0,0.0,-48.0
0.1715,80.0,57.30265000147783,3.049419618647711,3.049419618647711,-2.29543738178616,54.25323038283012,0.0,9.701507560702558,-23.10643589658696,13.404928335884401,-0.7290067364007576,-4.48464054924844,4.515511933265831,-11.270509393938838,-13.937409870328025,1.0,-1.0,0.0,48.0,0.0,-48.0
0.172,80.0,57.55397741376501,3.0429555922428877,3.0429555922428877,-2.0376459430941574,54.51102182152212,0.0,14.60718648090998,-23.474163983480985,8.866977502571004,-1.00671909969721,-5.769238970264733,5.81018689327448,-14.499810100816262,-11.878881398826998,1.0,-1.0,0.0,48.0,0.0,-48.0
0.1725,80.0,57.805304826052186,3.0350453325526647,3.0350453325526647,-1.778408271116755,54.77025949349952,0.0,16.93913958943559,-19.073632030086323,2.134492440650732,-1.2748922041437016,-6.7369857705723435,6.786100068654865,-16.932598501036004,-7.1688990832072985,1.0,0.0,-1.0,0.0,48.0,-48.0
0.173,80.0,58.056632238339375,3.0262371244133632,3.0262371244133632,-1.5182726506902662,55.03039511392601,0.0,18.703632806164133,-13.973805865732528,-4.729826940431606,-1.4814445788858026,-7.197808912743335,7.251154480256973,-18.090337727786967,-2.1323915423617947,1.0,0.0,-1.0,0.0,48.0,-48.0
0.1735,80.0,58.30795965062656,3.017159597014294,3.017159597014294,-1.2578677110040126,55.290800053612266,0.0,20.37036389530869,-9.183836921476082,-11.186526973832606,-1.5997903467731047,-7.170927813286193,7.224202640596603,-18.020951934066947,2.6383410701328796,1.0,0.0,-1.0,0.0,48.0,-48.0
0.174,80.0,58.55928706291375,3.008408501272337,3.008408501272337,-0.9977892029748667,55.55087856164141,0.0,21.934024715209166,-4.7583124376857855,-17.17571227752338,-1.6040246753693537,-6.685457420803207,6.734534676655614,-16.79804901851737,7.0866355654960325,1.0,0.0,-1.0,0.0,48.0,-48.0
0.1745,80.0,58.81061447520092,3.00053585417928,3.00053585417928,-0.7385891435946399,55.81007862102164,0.0,19.715475270194666,1.0947978224098902,-20.810273092604557,-1.4772477478936765,-5.788133696622276,5.8296417994619425,-14.540223259465522,10.782359575203422,0.0,1.0,-1.0,-48.0,48.0,0.0
0.175,80.0,59.06194188748811,2.994006045150885,2.994006045150885,-0.4807319222790505,56.06793584233723,0.0,15.84707110522461,7.276822511737981,-23.12389361696259,-1.22194407911973,-4.559341263646,4.59109844123425,-11.450779509604484,13.859827067790516,0.0,1.0,-1.0,-48.0,48.0,0.0
0.1755,80.0,59.31326929977529,2.989204102438814,2.989204102438814,-0.22460256727979774,56.32406519733648,0.0,12.197439437226715,12.833821001870623,-25.031260439097338,-0.8450350042790659,-3.045470128353723,3.0661066376523527,-7.647192060766529,16.495047405588934,0.0,1.0,-1.0,-48.0,48.0,0.0
0.176,80.0,59.56459671206248,2.9864594514889897,2.9864594514889897,0.029469495957213283,56.57813726057349,0.0,8.739224870495352,17.76868858617733,-26.507913456672682,-0.3650765775041222,-1.2904610170857536,1.2990473697068534,-3.239956406515218,18.690165516268927,0.0,1.0,-1.0,-48.0,48.0,0.0
0.1765,80.0,59.81592412434966,2.9860370498157134,2.9860370498157134,0.2812193099176646,56.82988707453394,0.0,4.06525651141488,20.706753042639754,-24.772009554054634,0.17493272478259456,0.6165219844820184,-0.6206119594098145,1.5478694584709465,18.63924642125197,-1.0,1.0,0.0,-48.0,0.0,48.0
0.177,80.0,60.067251536636846,2.9879334494612,2.9879334494612,0.5306503225593651,57.07931808717564,0.0,-1.6980546943263093,21.827313934465497,-20.129259240139188,0.6636656786317469,2.3703596927941906,-2.386290277601914,5.9516531671516,16.57453775963925,-1.0,1.0,0.0,-48.0,0.0,48.0
0.1775,80.0,60.31857894892403,2.99190097139749,2.99190097139749,0.778010212910258,57.326677977526536,0.0,-7.13207710864207,22.61805640166866,-15.48597929302659,1.065242257070094,3.914150435206894,-3.941104451395944,9.82956586664891,14.442646729594452,-1.0,1.0,0.0,-48.0,0.0,48.0
0.178,80.0,60.56990636121122,2.9976737278655436,2.9976737278655436,1.0235648687293923,57.57223263334567,0.0,-12.247839159981433,23.131629401763593,-10.88379024178216,1.3677222558687474,5.244050632319138,-5.281221824028949,13.172192648747544,12.301027509944799,-1.0,1.0,0.0,-48.0,0.0,48.0
0.1785,80.0,60.82123377349839,3.0049821424143093,3.0049821424143093,1.2675838664678074,57.816251631084086,0.0,-16.12642065420105,21.560566467284445,-5.434145813083396,1.5644062056133776,6.344777452196271,-6.390952245820166,15.94064854489004,9.177674886231566,-1.0,0.0,1.0,0.0,-48.0,48.0
0.179,80.0,61.07256118578558,3.013421246474442,3.013421246474442,1.510472174694859,58.05913993931114,0.0,-17.968969420039528,16.35838661959346,1.6105828004460678,1.6135665684800433,7.007479438392755,-7.059365239027967,17.609063776231093,4.2175574047307265,-1.0,0.0,1.0,0.0,-48.0,48.0
0.1795,80.0,61.32388859807276,3.022390765851146,3.022390765851146,1.7528300676053354,58.301497832221614,0.0,-19.687819327276614,11.427188687740424,8.260630639536192,1.5327301197824255,7.192017837004995,-7.245471840395501,18.075176479747608,-0.4339507001857994,-1.0,0.0,1.0,0.0,-48.0,48.0
0.18,80.0,61.57521601035995,3.031309629099371,3.031309629099371,1.9952386166443055,58.543906381260584,0.0,-21.278362176610376,6.821635264309121,14.456726912301255,1.3602438605855212,6.931238155063301,-6.9822095015712025,17.42077622071209,-4.741538370754542,-1.0,0.0,1.0,0.0,-48.0,48.0
0.1805,80.0,61.82654342264713,3.03963969066646,3.03963969066646,2.238235967364387,58.786903731980665,0.0,-21.806874461600522,2.122202668401402,19.68467179319912,1.131149548928866,6.261226318858119,-6.3062308214539,15.736635350469198,-8.611455115014664,0.0,-1.0,1.0,48.0,-48.0,0.0
0.181,80.0,62.077870834934316,3.04690166960415,3.04690166960415,2.4823014007138844,59.03096916533016,0.0,-17.76032535937101,-4.391451005996926,22.151776365367933,0.8767111903277285,5.24358339867902,-5.28014679250135,13.178216177121469,-11.804499517275637,0.0,-1.0,1.0,48.0,-48.0,0.0
0.1815,80.0,62.3291982472215,3.0526914501278086,3.0526914501278086,2.72783903247741,59.27650679709369,0.0,-13.95102220241291,-10.289584840922492,24.2406070433354,0.6143017954608266,3.9240758516966356,-3.950590714117489,9.861293707691225,-14.674744588816871,0.0,-1.0,1.0,48.0,-48.0,0.0
0.182,80.0,62.58052565950869,3.0566505310649945,3.0566505310649945,2.9752073638274132,59.52387512844369,0.0,-10.362691491874486,-15.564486179055393,25.92717767092988,0.34877478605223244,2.3359773603663734,-2.351365241772352,5.86998648606214,-17.195405386428135,0.0,-1.0,1.0,48.0,-48.0,0.0
0.1825,80.0,62.83185307179586,3.058464069749221,3.058464069749221,-3.058464069749223,59.77338900204664,0.0,-6.980144544116513,-20.21487310191888,27.195017646035392,0.07522310771893288,0.5152275524404962,-0.5185785295681627,1.2946521662869432,-19.343481338634298,1.0,-1.0,0.0,48.0,0.0,-48.0
0.183,80.0,63.08318048408305,3.057936237362735,3.057936237362735,-2.8066088250755454,60.02524424672032,0.0,-1.0662492389856908,-21.53308889922585,22.59933813821154,-0.19515505186067963,-1.3279352657222234,1.3366047417628446,-3.336838865403458,-17.68410671033258,1.0,-1.0,0.0,48.0,0.0,-48.0
0.1835,80.0,63.334507896370226,3.0551993867643117,3.0551993867643117,-2.552544562189953,60.27930850960591,0.0,4.487763738391433,-22.479547165525318,17.991783427133885,-0.45566714275092784,-2.9986780076598865,3.0186238292263967,-7.535449198996196,-15.881524810328322,1.0,-1.0,0.0,48.0,0.0,-48.0
0.184,80.0,63.585835308657416,3.050478739928396,3.050478739928396,-2.2964965030668436,60.53535656872902,0.0,9.705353305257029,-23.10925036407433,13.403897058817302,-0.7200219615680751,-4.4830878881327125,4.513770545529155,-11.266454244593335,-13.945367834004927,1.0,-1.0,0.0,48.0,0.0,-48.0
0.1845,80.0,63.8371627209446,3.04401615655832,3.04401615655832,-2.038706507409588,60.79314656438628,0.0,14.60960330530788,-23.47640627573728,8.866802970429399,-0.9952813311234404,-5.768671700554658,5.809432915495567,-14.498264338099752,-11.890948330088134,1.0,-1.0,0.0,48.0,0.0,-48.0
0.185,80.0,64.08849013323179,3.0361058609746228,3.0361058609746228,-1.7794687995387004,61.052384272257164,0.0,16.939977050919243,-19.07501922544727,2.1350421745280292,-1.261656369427504,-6.737696863956339,6.786672865707991,-16.9343630213201,-7.182974636295724,1.0,0.0,-1.0,0.0,48.0,-48.0
0.1855,80.0,64.33981754551897,3.0272958599029947,3.0272958599029947,-1.519331386179888,61.31252168561598,0.0,18.70285508025991,-13.974088802967284,-4.728766277292624,-1.4674645677387264,-7.199934628616129,7.253229528193129,-18.095804531636013,-2.1478968491107295,1.0,0.0,-1.0,0.0,48.0,-48.0
0.186,80.0,64.59114495780615,3.018214603928173,3.018214603928173,-1.258922717917886,61.57293035387798,0.0,20.368060040847283,-9.182819722604503,-11.18524031824278,-1.5861334151743725,-7.174593962816174,7.227921860880632,-18.030448930293073,2.6216485728012486,1.0,0.0,-1.0,0.0,48.0,-48.0
0.1865,80.0,64.84247237009333,3.0094576960276407,3.0094576960276407,-0.9988383977301705,61.833014674065694,0.0,21.93039824739461,-4.755851354095838,-17.17454689329877,-1.591736611742665,-6.690781097522878,6.740005416873708,-16.811838223297634,7.069042360064792,1.0,0.0,-1.0,0.0,48.0,-48.0
0.187,80.0,65.09379978238051,3.0015770688752483,3.0015770688752483,-0.7396303582905996,62.092222713505265,0.0,19.710829318050294,1.0987935471906307,-20.809622865240925,-1.4672628065201845,-5.79511713794132,5.836833915387166,-14.558240161339103,10.767161059957587,0.0,1.0,-1.0,-48.0,48.0,0.0
0.1875,80.0,65.3451271946677,2.995037383739313,2.995037383739313,-0.4817632608674837,62.35008981092838,0.0,15.84177594505631,7.282358940104752,-23.124134885161062,-1.2149170129115308,-4.567652800648559,4.599634417312147,-11.472102480038597,13.848577214444468,0.0,1.0,-1.0,-48.0,48.0,0.0
0.188,80.0,65.5964546069549,2.990224158473675,2.990224158473675,-0.22562262331464455,62.60623044848122,0.0,12.19190271551686,12.840808624552423,-25.032711340069284,-0.8414568809679518,-3.0547525924727084,3.075582901787834,-7.6708356041528765,16.487725637321308,0.0,1.0,-1.0,-48.0,48.0,0.0
0.1885,80.0,65.84778201924206,2.9874673090797392,2.9874673090797392,0.02846163836645598,62.86031471016232,0.0,8.73387151364626,17.776957080833125,-26.510828594479385,-0.3652796123913061,-1.3003542567589335,1.3090664602528022,-3.264945621137685,18.68670741865119,0.0,1.0,-1.0,-48.0,48.0,0.0
0.189,80.0,66.09910943152926,2.9870322814483563,2.9870322814483563,0.28022407828503515,63.1120771500809,0.0,4.060508581162985,20.716065722342016,-24.776574303505,0.17086835553957072,0.6064125702647846,-0.6104634767983337,1.5225581575200668,18.640659889849307,-1.0,1.0,0.0,-48.0,0.0,48.0
0.1895,80.0,66.35043684381644,2.988916233637676,2.988916233637676,0.5296675383829001,63.361520610178765,0.0,-1.701834528302431,21.837382775101982,-20.13554824679955,0.6563456512627507,2.3606017890101723,-2.376568379300026,5.9274096831992225,16.581590554839337,-1.0,1.0,0.0,-48.0,0.0,48.0
0.19,80.0,66.60176425610362,2.9928721844798902,2.9928721844798902,0.7770389998278635,63.60889207162373,0.0,-7.134627412995032,22.628554615054338,-15.493927202059306,1.0553666301299554,3.9053068863511435,-3.9323453211716357,9.807739103527025,14.454837462475787,-1.0,1.0,0.0,-48.0,0.0,48.0
0.1905,80.0,66.8530916683908,2.9986348877308546,2.9986348877308546,1.022603708864087,63.85445678065995,0.0,-12.248990876343747,23.142200248501876,-10.893209372158129,1.3559399290553376,5.236634424101309,-5.273905618953597,13.153996853028744,12.317784972697261,-1.0,1.0,0.0,-48.0,0.0,48.0
0.191,80.0,67.10441908067799,3.0059353357937804,3.0059353357937804,1.266630673088341,64.0984837448842,0.0,-16.126083569642894,21.57083141167861,-5.444747842035718,1.5513144434840216,6.339231111938193,-6.385487487079673,15.927121513016141,9.197721530081477,-1.0,0.0,1.0,0.0,-48.0,48.0
0.1915,80.0,67.35574649296517,3.0143689618580556,3.0143689618580556,1.5095244593112487,64.34137753110711,0.0,-17.96713822878916,16.36797525166557,1.5991629771235907,1.6000237910683799,7.004043590666436,-7.055960847244799,17.60073935034773,4.239056706087559,-1.0,0.0,1.0,0.0,-48.0,48.0
0.192,80.0,67.60707390525236,3.023335686018914,3.023335686018914,1.7518851474375883,64.58373821923345,0.0,-19.684587011530986,11.435776036475305,8.248810975055683,1.5195643357449493,7.190829656804517,-7.244250745515954,18.0723620703667,-0.41144228638432434,-1.0,0.0,1.0,0.0,-48.0,48.0
0.1925,80.0,67.85840131753953,3.03225456323941,3.03225456323941,1.9942936825042612,64.82614675430013,0.0,-21.273901603289406,6.828942883641973,14.444958719647433,1.3481532416108681,6.932376754097518,-6.983256637022845,17.423671115230142,-4.718438945120034,-1.0,0.0,1.0,0.0,-48.0,48.0
0.193,80.0,68.10972872982673,3.040587521897456,3.040587521897456,2.237288136133413,65.06914120792928,0.0,-21.801421039034924,2.127997362952045,19.67342367608288,1.120729908233566,6.2647140153141905,-6.309590716199366,15.745325485769493,-8.588800606306547,0.0,-1.0,1.0,48.0,-48.0,0.0
0.1935,80.0,68.36105614211391,3.047855180660977,3.047855180660977,2.48134788965707,65.31320096145294,0.0,-17.754160154346877,-4.387342183250113,22.14150233759699,0.8684097005810545,5.249155317146069,-5.285584887320743,13.192082852865887,-11.785744322963676,0.0,-1.0,1.0,48.0,-48.0,0.0
0.194,80.0,68.61238355440109,3.053652985404629,3.053652985404629,2.7268774972006016,65.55873056899647,0.0,-13.944455568773307,-10.287239298443144,24.23169486721645,0.6085104856233676,3.931323012843206,-3.957731205693808,9.879361400670938,-14.659889145820642,0.0,-1.0,1.0,48.0,-48.0,0.0
0.1945,80.0,68.86371096668827,3.0576219478101945,3.0576219478101945,2.974235947082218,65.80608901887808,0.0,-10.356060008550166,-15.56388621620139,25.919946224751556,0.3458926425651121,2.3444936507943623,-2.3598338569932285,5.8912834263113565,-17.184419204643508,0.0,-1.0,1.0,48.0,-48.0,0.0
0.195,80.0,69.11503837897546,3.0594467418683804,3.0594467418683804,-3.0594467418683804,66.05559163710707,0.0,-6.973809876688822,-20.215912575544895,27.189722452233717,0.07565553850412281,0.5246159120540457,-0.5280034460507987,1.3182180090073383,-19.33630380805462,1.0,-1.0,0.0,48.0,0.0,-48.0
0.1955,80.0,69.36636579126264,3.0589310209065523,3.0589310209065523,-2.8076036086193694,66.30743477035608,0.0,-1.060583609608159,-21.53558091162922,22.59616452123738,-0.19132956402941148,-1.3181536574311818,1.3266976816343177,-3.312197168387461,-17.682644435047166,1.0,-1.0,0.0,48.0,0.0,-48.0
0.196,80.0,69.61769320354983,3.056206466759097,3.056206466759097,-2.5535516421847104,66.56148673679074,0.0,4.49242954138613,-22.48323436298525,17.99080482159912,-0.4487055274742026,-2.9890533609425383,3.0088027316725885,-7.511134277689681,-15.885562360023204,1.0,-1.0,0.0,48.0,0.0,-48.0
0.1965,80.0,69.869020615837,3.0514976143137735,3.0514976143137735,-2.297515377452224,66.81752300152323,0.0,9.7087423490175,-23.113815328488602,13.405072979471102,-0.7102112547318972,-4.474139550719734,4.504584585581284,-11.243810252125266,-13.954652278654276,1.0,-1.0,0.0,48.0,0.0,-48.0
0.197,80.0,70.1203480281242,3.045045667831722,3.045045667831722,-2.0397360186829685,67.07530236029248,0.0,14.611494253546013,-23.481482691722587,8.869988438176573,-0.9829598440054055,-5.760885709080872,5.801407356121212,-14.478567211312276,-11.90518644648042,1.0,-1.0,0.0,48.0,0.0,-48.0
0.1975,80.0,70.37167544041137,3.0371442583654997,3.0371442583654997,-1.7805071969295865,67.33453118204586,0.0,16.940213996197375,-19.080210550106532,2.1399965539091563,-1.2474242508987277,-6.731451064593702,6.780232065324891,-16.918627085555908,-7.2000844101832735,1.0,0.0,-1.0,0.0,48.0,-48.0
0.198,80.0,70.62300285269856,3.0283410078232667,3.0283410078232667,-1.5203765341001612,67.59466184487529,0.0,18.701392051269693,-13.979022801202383,-4.722369250067308,-1.4523446212923983,-7.1954474695138595,7.2486332454330125,-18.08463143147491,-2.1672399291137414,1.0,0.0,-1.0,0.0,48.0,-48.0
0.1985,80.0,70.87433026498574,3.0192640878294723,3.0192640878294723,-1.2599722018191768,67.85506617715627,0.0,20.364975390777996,-9.187171408699808,-11.177803982078188,-1.5711987155637712,-7.172065450018344,7.225389533965962,-18.024357823735286,2.600393139990578,1.0,0.0,-1.0,0.0,48.0,-48.0
0.199,80.0,71.12565767727293,3.0105088628558594,3.0105088628558594,-0.9998895645583827,68.11514881441707,0.0,21.925888272936053,-4.759345565580556,-17.166542707355497,-1.57807138361506,-6.690394383765094,6.739713866582698,-16.811261826506154,7.046247042609435,1.0,0.0,-1.0,0.0,48.0,-48.0
0.1995,80.0,71.37698508956011,3.002627101586962,3.002627101586962,-0.74068039100231,68.37435798797314,0.0,19.705196506437645,1.0963780272964554,-20.8015745337341,-1.4558658256313968,-5.796931727114807,5.838812723490841,-14.563260726076027,10.74623683200361,0.0,1.0,-1.0,-48.0,48.0,0.0
0.2,80.0,71.62831250184729,2.9960836721593327,2.9960836721593327,-0.4828095492874907,68.63222882968796,0.0,15.83539840788227,7.281154636304226,-23.116553044186496,-1.2065231294834304,-4.571381419796619,4.603551349509263,-11.48190996493454,13.831230945925189,0.0,1.0,-1.0,-48.0,48.0,0.0
0.2005,80.0,71.87963991413447,2.9912645356053313,2.9912645356053313,-0.22666300044630375,68.88837537852915,0.0,12.18520481695919,12.840845812009102,-25.026050628968292,-0.8366409498815803,-3.0600686990300443,3.0810644680799357,-7.684519010057906,16.47408079471876,0.0,1.0,-1.0,-48.0,48.0,0.0
0.201,80.0,72.13096732642167,2.988500070054285,2.988500070054285,0.027428877391931086,69.14246725636738,0.0,8.72730300490172,17.778176677873308,-26.50547968277503,-0.3644520956738812,-1.3069149988088016,1.3157310805301885,-3.2815696409993738,18.676834487604005,0.0,1.0,-1.0,-48.0,48.0,0.0
0.2015,80.0,72.38229473870884,2.9880561983464897,2.9880561983464897,0.27920016138690057,69.39423854036235,0.0,4.054522742074639,20.718332593305426,-24.772855335380065,0.16756516546446343,0.5989981832042762,-0.6030271608184232,1.5040118034485743,18.635721415590062,-1.0,1.0,0.0,-48.0,0.0,48.0
0.202,80.0,72.63362215099603,2.9899306923696884,2.9899306923696884,0.5286530796508986,69.64369145862635,0.0,-1.7068409743810626,21.840500310733066,-20.133659336352004,0.6494930594017546,2.352915105322298,-2.3689309351511314,5.908367198109848,16.58250187862042,-1.0,1.0,0.0,-48.0,0.0,48.0
0.2025,80.0,72.88494956328321,2.9938772947402232,2.9938772947402232,0.7760338895675334,69.89107226854298,0.0,-7.138360226117662,22.632277399164224,-15.493917173046562,1.0456683711047212,3.8979368539151187,-3.925069005081716,9.78961468233685,14.461194777245716,-1.0,1.0,0.0,-48.0,0.0,48.0
0.203,80.0,73.1362769755704,2.9996314390012357,2.9996314390012357,1.021607157593711,70.13664553656916,0.0,-12.251251968720135,23.146243107812882,-10.894991139092747,1.3440688174974718,5.230129386820595,-5.267505191590132,13.138091605146277,12.329092213838361,-1.0,1.0,0.0,-48.0,0.0,48.0
0.2035,80.0,73.38760438785756,3.0069247340321454,3.0069247340321454,1.2656412748499735,70.38067965382542,0.0,-16.126759156151465,21.574877878546904,-5.44811872239544,1.5379068517647165,6.33407527748788,-6.380412085982641,15.914575173570755,9.212730350983234,-1.0,0.0,1.0,0.0,-48.0,48.0
0.204,80.0,73.63893180014476,3.0153530657697893,3.0153530657697893,1.5085403553995222,70.62357873437497,0.0,-17.966206606566352,16.371708684719913,1.5944979218464406,1.5859991900252677,7.000518318435862,-7.05245941308629,17.59218563814428,4.255919479682214,-1.0,0.0,1.0,0.0,-48.0,48.0
0.2045,80.0,73.89025921243193,3.024316599098865,3.024316599098865,1.75090423435761,70.86594261333306,0.0,-19.682133224614418,11.438918432593649,8.243214792020769,1.5058162173169942,7.1891138592566834,-7.242488166497361,18.068212338861024,-0.39314204494823146,-1.0,0.0,1.0,0.0,-48.0,48.0
0.205,80.0,74.14158662471912,3.0332345688271043,3.0332345688271043,1.9933136769165758,71.10835205589203,0.0,-21.270098251419956,6.831255932084473,14.438842319335482,1.33543871998777,6.932592741677435,-6.98336226625454,17.424234023466052,-4.699102640756422,-1.0,0.0,1.0,0.0,-48.0,48.0
0.2055,80.0,74.3929140370063,3.041569032792197,3.041569032792197,2.236306625238659,71.35134500421411,0.0,-21.7965094694278,2.1292808912568684,19.66722857817093,1.1096928814068256,6.266927827243489,-6.311654735196339,15.750798935267648,-8.569478835113626,0.0,-1.0,1.0,48.0,-48.0,0.0
0.206,80.0,74.64424144929349,3.0488405615414025,3.0488405615414025,2.4803625087766408,71.59540088775209,0.0,-17.748431732197037,-4.387234987178327,22.135666719375365,0.8595306172787555,5.2531378958881145,-5.289410638878049,13.201940709709097,-11.769989376006265,0.0,-1.0,1.0,48.0,-48.0,0.0
0.2065,80.0,74.89556886158067,3.0546442058721297,3.0546442058721297,2.7258862767330827,71.84092465570853,0.0,-13.938233354266776,-10.288365747481121,24.226599101747897,0.6022012647182676,3.936698685929675,-3.9629780519986704,9.892714188527775,-14.647678627488268,0.0,-1.0,1.0,48.0,-48.0,0.0
0.207,80.0,75.14689627386785,3.058620534697671,3.058620534697671,2.9732373601947346,72.08827573917019,0.0,-10.349694094813296,-15.566215030327998,25.915909125141294,0.3425599253671932,2.35089196386193,-2.366164557631033,5.907250685495911,-17.175703438327297,0.0,-1.0,1.0,48.0,-48.0,0.0
0.2075,80.0,75.39822368615503,3.0604537854366862,3.0604537854366862,-3.0604537854366956,72.33776990071834,0.0,-6.96767479219557,-20.219331148035813,27.187005940231384,0.07570051692313895,0.5316775065319709,-0.5350846204104011,1.3359349960438438,-19.331007108994026,1.0,-1.0,0.0,48.0,0.0,-48.0
0.208,80.0,75.64955109844223,3.059947141286342,3.059947141286342,-2.8086197289991506,72.58960395715589,0.0,-1.0550622496829085,-21.539903446796913,22.59496569647982,-0.18784944018824534,-1.310870277173708,1.319303090273328,-3.2938300795196103,-17.6827033321174,1.0,-1.0,0.0,48.0,0.0,-48.0
0.2085,80.0,75.9008785107294,3.057231659057283,3.057231659057283,-2.5545768344829187,72.84364685167212,0.0,4.496999574146024,-22.488212350201277,17.991212776055253,-0.4420774952296713,-2.9820610446471223,3.0016263050546197,-7.493426981897651,-15.890739647107,1.0,-1.0,0.0,48.0,0.0,-48.0
0.209,80.0,76.1522059230166,3.0525312341777773,3.0525312341777773,-2.2985489973162205,73.09967468883882,0.0,9.712081168451443,-23.11914777277791,13.407066604326468,-0.7007510373886394,-4.467918415002215,4.498137025221036,-11.228009337381222,-13.964678252418748,1.0,-1.0,0.0,48.0,0.0,-48.0
0.2095,80.0,76.40353333530376,3.0460864651855997,3.0460864651855997,-2.0407768160368707,73.35744687011817,0.0,14.613380866799323,-23.486826905285234,8.87344603848591,-0.9710308324389377,-5.7558813200064645,5.7961739410506965,-14.465847533014593,-11.919756596672734,1.0,-1.0,0.0,48.0,0.0,-48.0
0.21,80.0,76.65486074759096,3.0381904412026013,3.0381904412026013,-1.7815533797666803,73.61667030638836,0.0,16.940495433380672,-19.085200319407825,2.144704886027152,-1.233647515142952,-6.727999514510311,6.776595663623675,-16.909898361537923,-7.217099334826047,1.0,0.0,-1.0,0.0,48.0,-48.0
0.2105,80.0,76.90618815987814,3.029390452252528,3.029390452252528,-1.5214259785294246,73.87679770762561,0.0,18.700027056617216,-13.983322376406086,-4.716704680211132,-1.4377547941873492,-7.193725038358443,7.246811549458546,-18.080389569698653,-2.1860730733815363,1.0,0.0,-1.0,0.0,48.0,-48.0
0.211,80.0,77.15751557216532,3.0203144428302307,3.0203144428302307,-1.2610225568199411,74.1372011293351,0.0,20.36204718623199,-9.190497143133777,-11.171550043098211,-1.556865446329119,-7.172231812352286,7.225561461942981,-18.02502067532893,2.580042153553869,1.0,0.0,-1.0,0.0,48.0,-48.0
0.2115,80.0,77.4088429844525,3.011557588161109,3.011557588161109,-1.0009382898636432,74.3972853962914,0.0,21.92159645914309,-4.761466983003002,-17.160129476140085,-1.5650610188202008,-6.6925945312702835,6.742017914038952,-16.81716659483313,7.024724876597348,1.0,0.0,-1.0,0.0,48.0,-48.0
0.212,80.0,77.66017039673969,3.0036715388223776,3.0036715388223776,-0.7417248282377245,74.65649885791731,0.0,19.69984390890396,1.0956355179398847,-20.795479426843848,-1.4451476144618187,-5.8011901172321005,5.843243540600312,-14.574402699106344,10.72690431513617,0.0,1.0,-1.0,-48.0,48.0,0.0
0.2125,80.0,77.91149780902687,2.9971214094790506,2.9971214094790506,-0.48384728660721815,74.91437639954782,0.0,15.829359745677207,7.281876426602006,-23.111236172279213,-1.1987964756015979,-4.5773817556308085,4.609748133389643,-11.497407960970001,13.815730234219135,0.0,1.0,-1.0,-48.0,48.0,0.0
0.213,80.0,78.16282522131407,2.992293636091886,2.992293636091886,-0.22769210093285902,75.17053158522218,0.0,12.17889707535569,12.843015876792032,-25.021912952147723,-0.8324418434388522,-3.06746116383961,3.0886312534754574,-7.703405967895336,16.462476319612946,0.0,1.0,-1.0,-48.0,48.0,0.0
0.2135,80.0,78.41415263360123,2.9895190832841734,2.9895190832841734,0.026409864162016464,75.42463355031705,0.0,8.721164659463692,17.781691491678732,-26.502856151142424,-0.36415228016998785,-1.3153391829820487,1.3242697019141547,-3.3028687924469455,18.669139116679805,0.0,1.0,-1.0,-48.0,48.0,0.0
0.214,80.0,78.66548004588843,2.989064167919859,2.989064167919859,0.2781921918135281,75.67641587796857,0.0,4.048992413342823,20.723015178299942,-24.772007591642765,0.1638566662296944,0.589944509104154,-0.5939385172121605,1.4813448672490206,18.633022925692867,-1.0,1.0,0.0,-48.0,0.0,48.0
0.2145,80.0,78.91680745817561,2.9909272835059353,2.9909272835059353,0.5276564885146342,75.92588017466967,0.0,-1.7113829669105627,21.8461152447511,-20.134732277840538,0.6423717362153148,2.3438152528293528,-2.3598649607926525,5.885763694643953,16.58564093631248,-1.0,1.0,0.0,-48.0,0.0,48.0
0.215,80.0,79.1681348704628,2.99486289509724,2.99486289509724,0.7750482892105138,76.17327197536555,0.0,-7.141635801887574,22.638543638370553,-15.496907836482979,1.0358395529392468,3.889375524128184,-3.9165844149279243,9.768479520079582,14.469719275564005,-1.0,1.0,0.0,-48.0,0.0,48.0
0.2155,80.0,79.41946228274998,3.0006071085495734,3.0006071085495734,1.0206314880453646,76.4188551742004,0.0,-12.253077822091232,23.152843113719378,-10.899765291628146,1.3321978154018836,5.222645980383202,-5.26010886601653,13.119705657483356,12.34246680461155,-1.0,1.0,0.0,-48.0,0.0,48.0
0.216,80.0,79.67078969503716,3.0078921368680795,3.0078921368680795,1.2646738720140405,76.66289755816908,0.0,-16.127034100143923,21.581466097421487,-5.454431997277562,1.5246150208204912,6.328141643178722,-6.374542089956177,15.900049886748612,9.229691937465855,-1.0,0.0,1.0,0.0,-48.0,48.0
0.2165,80.0,79.92211710732434,3.0163143047563787,3.0163143047563787,1.5075791164129242,76.90580280256796,0.0,-17.964918350408706,16.377942113743757,1.5869762366649494,1.5721775721040043,6.996403975795327,-7.048354414385529,17.582128386692624,4.2746296118740705,-1.0,0.0,1.0,0.0,-48.0,48.0
0.217,80.0,80.17344451961154,3.0252740084816203,3.0252740084816203,1.7499468249748815,77.14817051112992,0.0,-19.67937205525493,11.444494582725502,8.23487747252943,1.492324844286982,7.186985352699255,-7.240301799678119,18.06300598462252,-0.37311614097625645,-1.0,0.0,1.0,0.0,-48.0,48.0
0.2175,80.0,80.4247719318987,3.0341906475308784,3.0341906475308784,1.9923575982127886,77.39058128436783,0.0,-21.266037923986104,6.835913873112934,14.430124050873172,1.3230019155828916,6.932559180899786,-6.983211046550854,17.424155242476967,-4.678174176607701,-1.0,0.0,1.0,0.0,-48.0,48.0
0.218,80.0,80.6760993441859,3.0425263925607235,3.0425263925607235,2.2353492654701452,77.63357295162518,0.0,-21.7913888399042,2.1327998296290676,19.658589010275133,1.0989247213955116,6.269041716337012,-6.313614971413508,15.756011518833018,-8.54868927560204,0.0,-1.0,1.0,48.0,-48.0,0.0
0.2185,80.0,80.92742675647308,3.049801751670258,3.049801751670258,2.4794013186477852,77.87762500480282,0.0,-17.74253679506709,-4.385020700535991,22.12755749560308,0.8508889726713594,5.25716277212398,-5.293277504766496,13.211898932233527,-11.752814611384714,0.0,-1.0,1.0,48.0,-48.0,0.0
0.219,80.0,81.17875416876026,3.0556113733004406,3.0556113733004406,2.7249191093047895,78.12314279545983,0.0,-13.931879912216951,-10.28753116332206,24.21941107553901,0.5960811353364699,3.9422539500098512,-3.9684050828307407,9.906514904054028,-14.634109631825266,0.0,-1.0,1.0,48.0,-48.0,0.0
0.2195,80.0,81.43008158104745,3.059595375933468,3.059595375933468,2.972262518958939,78.37048620511398,0.0,-10.343223734969492,-15.566745270369076,25.909969005338567,0.3393553034695158,2.3576008599371447,-2.3728074207123315,5.923996473187656,-17.165703432104475,0.0,-1.0,1.0,48.0,-48.0,0.0
0.22,80.0,81.68140899333463,3.0614375511452208,3.0614375511452208,-3.061437551145214,78.61997144218941,0.0,-6.961452887961503,-20.221128278598446,27.18258116655995,0.07580450943871098,0.5391729174069363,-0.5426017304501488,1.3547410265688347,-19.324512444837588,1.0,-1.0,0.0,48.0,0.0,-48.0
0.2205,80.0,81.93273640562181,3.0609406022525385,3.0609406022525385,-2.8096131899653574,78.87179580336927,0.0,-1.0494627981922093,-21.542794230427695,22.592257028619905,-0.18437478255809397,-1.3030366217752807,1.3113554588353815,-3.2740803161426384,-17.681613853301293,1.0,-1.0,0.0,48.0,0.0,-48.0
0.221,80.0,82.184063817909,3.0582349537699707,3.0582349537699707,-2.555580129195586,79.12582886413904,0.0,4.501645945401442,-22.49195835248617,17.990312407084726,-0.43550408272089125,-2.9744080483062176,2.9937851838919536,-7.47405777484734,-15.894833980991159,1.0,-1.0,0.0,48.0,0.0,-48.0
0.2215,80.0,82.43539123019617,3.0535438534985895,3.0535438534985895,-2.2995616166370456,79.38184737669758,0.0,9.715499224730223,-23.12345536148643,13.407956136756209,-0.6913779202386183,-4.460933953311174,4.490920022158524,-11.210285510912678,-13.9737015627432,1.0,-1.0,0.0,48.0,0.0,-48.0
0.222,80.0,82.68671864248337,3.0471072842284053,3.0471072842284053,-2.0417976350796567,79.63961135825497,0.0,14.615351965467434,-23.491357897515933,8.876005932048498,-0.9592039092367827,-5.750020181049852,5.79007467921185,-14.450965756560274,-11.933418108906338,1.0,-1.0,0.0,48.0,0.0,-48.0
0.2225,80.0,82.93804605477054,3.039217780917971,3.039217780917971,-1.7825807194820515,79.89882827385257,0.0,16.940866639212402,-19.089589953649764,2.148723314437363,-1.2199666813077223,-6.723609513280394,6.772008171553299,-16.898796950638285,-7.233344951447842,1.0,0.0,-1.0,0.0,48.0,-48.0
0.223,80.0,83.18937346705773,3.0304222848654487,3.0304222848654487,-1.5224578111423415,80.15895118219228,0.0,18.6987543861639,-13.987232596398337,-4.711521789765561,-1.4232294749552148,-7.190996995412233,7.243968281012686,-18.07360145103542,-2.2042875569136626,1.0,0.0,-1.0,0.0,48.0,-48.0
0.2235,80.0,83.44070087934492,3.0213484946214657,3.0213484946214657,-1.262056608611171,80.41935238472345,0.0,20.35920873795867,-9.193638335953022,-11.165570402005649,-1.5425447637857492,-7.171339862835584,7.224656752762163,-18.02300175923605,2.5601561809808757,1.0,0.0,-1.0,0.0,48.0,-48.0
0.224,80.0,83.6920282916321,3.0125913769699406,3.0125913769699406,-1.0019720786724624,80.67943691466216,0.0,21.917385122080077,-4.763599581888462,-17.153785540191617,-1.551996735477519,-6.693697994969962,6.743206084278821,-16.820292762722065,7.003512119221606,1.0,0.0,-1.0,0.0,48.0,-48.0
0.2245,80.0,83.94335570391928,3.0047024445424486,3.0047024445424486,-0.742755733957789,80.93865325937684,0.0,19.694555090345677,1.0946977992542177,-20.789252889599894,-1.434302297764173,-5.80432920422343,5.846536679402353,-14.582711814472592,10.707683424627884,0.0,1.0,-1.0,-48.0,48.0,0.0
0.225,80.0,84.19468311620646,2.9981470343386643,2.9981470343386643,-0.48487291146681916,81.1965360818678,0.0,15.823361195193634,7.282233152349632,-23.105594347543267,-1.1908732550937466,-4.5822599876838455,4.6148067126768915,-11.510071112375993,13.800136731795021,0.0,1.0,-1.0,-48.0,48.0,0.0
0.2255,80.0,84.44601052849363,2.9933120317674993,2.9933120317674993,-0.2287104966084957,81.45269849672613,0.0,12.1726001358674,12.844667240988924,-25.017267376856324,-0.8279865432560319,-3.073747506067033,3.0950791080565665,-7.719504921711573,16.450593126612333,0.0,1.0,-1.0,-48.0,48.0,0.0
0.226,80.0,84.69733794078083,2.990528764720911,2.990528764720911,0.025400182725296018,81.70680917605992,0.0,8.715003966156104,17.78455153421284,-26.499555500368945,-0.3635509267481525,-1.3226904771537056,1.3317264392872914,-3.3214707917555453,18.660999087005244,0.0,1.0,-1.0,-48.0,48.0,0.0
0.2265,80.0,84.94866535306801,2.990064123298338,2.990064123298338,0.27719223643504554,81.95860122976967,0.0,4.043404830218293,20.726925237478866,-24.77033006769716,0.1604770231194923,0.5819146069351998,-0.5858788165191294,1.4612446870446913,18.629724391245112,-1.0,1.0,0.0,-48.0,0.0,48.0
0.227,80.0,85.19999276535519,2.9919171032842526,2.9919171032842526,0.5266666687363153,82.20807566207094,0.0,-1.7160163818703893,21.85085848134071,-20.13484209947032,0.6355832618056089,2.3356743972677014,-2.3517600216043,5.865559013051508,16.588041463437122,-1.0,1.0,0.0,-48.0,0.0,48.0
0.2275,80.0,85.45132017764237,2.9958428749195636,2.9958428749195636,0.774068309388188,82.45547730272281,0.0,-7.145033829306186,22.6438575395081,-15.498823710201915,1.026327863411039,3.8816953566007,-3.9089806203915693,9.749544268161216,14.477395763573512,-1.0,1.0,0.0,-48.0,0.0,48.0
0.228,80.0,85.70264758992955,3.001578202674333,3.001578202674333,1.0196603939205926,82.70106938725522,0.0,-12.255052323461042,23.15842840725736,-10.903376083796319,1.3206137150544326,5.215955815149282,-5.253503588338334,13.103296838911506,12.354911631396316,-1.0,1.0,0.0,-48.0,0.0,48.0
0.2285,80.0,85.95397500221675,3.008855893446727,3.008855893446727,1.2637101154354053,82.94511910877003,0.0,-16.12747804867555,21.586995054081203,-5.4595170054056545,1.5115703027334046,6.322906110143486,-6.369366601089379,15.887261900937574,9.245670666155895,-1.0,0.0,1.0,0.0,-48.0,48.0
0.229,80.0,86.20530241450393,3.017272704058445,3.017272704058445,1.506620717110867,83.18802971044549,0.0,-17.9638131581244,16.383088889790585,1.5807242683338136,1.558557418455348,6.992888312516517,-7.044843638678375,17.573559021971764,4.292330378747365,-1.0,0.0,1.0,0.0,-48.0,48.0
0.2295,80.0,86.4566298267911,3.0262292587663278,3.0262292587663278,1.7489915746901556,83.43040056802478,0.0,-19.676801756207453,11.448973014210516,8.22782874199694,1.4789880930583723,7.18535402534106,-7.2386077379898,18.059033723290362,-0.35410842406528076,-1.0,0.0,1.0,0.0,-48.0,48.0
0.23,80.0,86.7079572390783,3.0351451206145965,3.0351451206145965,1.9914031251290718,83.6728121184637,0.0,-21.262170540918948,6.839478493080898,14.42269204783805,1.310675289518562,6.932921028084753,-6.983450271437741,17.425056573716585,-4.658256896707613,-1.0,0.0,1.0,0.0,-48.0,48.0
0.2305,80.0,86.95928465136548,3.043482573934203,3.043482573934203,2.234393084096656,83.91580207743128,0.0,-21.786458294848988,2.135244380074466,19.651213914774523,1.0882267605151716,6.271450542806995,-6.315865358514073,15.761953786694018,-8.528888641801386,0.0,-1.0,1.0,48.0,-48.0,0.0
0.231,80.0,87.21061206365266,3.0507620672141194,3.0507620672141194,2.478441003103914,84.15984999643854,0.0,-17.736825092728253,-4.383848376458643,22.120673469186897,0.8422837224073599,5.261385211315197,-5.297337556784667,13.222344345142973,-11.73658954707513,0.0,-1.0,1.0,48.0,-48.0,0.0
0.2315,80.0,87.46193947593984,3.056577851323228,3.056577851323228,2.723952631281993,84.40536162461662,0.0,-13.925699863725335,-10.287693807089124,24.213393670814458,0.5899697191727153,3.9479136413520917,-3.9739328089034154,9.9205711091924,-14.621443249964095,0.0,-1.0,1.0,48.0,-48.0,0.0
0.232,80.0,87.71326688822703,3.0605696001956884,3.0605696001956884,2.9712882946967096,84.65269728803133,0.0,-10.336914768705235,-15.568216996644036,25.90513176534927,0.33613646894918153,2.3643260394059507,-2.379463724899882,5.940778777921626,-17.15655135411842,0.0,-1.0,1.0,48.0,-48.0,0.0
0.2325,80.0,87.96459430051422,3.06242066639643,3.06242066639643,-3.0624206663964237,84.90217363411779,0.0,-6.955378812130682,-20.223801580524142,27.179180392654825,0.07587425771156607,0.5466021640405948,-0.5500509906931288,1.3733791850418433,-19.318803797011057,1.0,-1.0,0.0,48.0,0.0,-48.0
0.233,80.0,88.2159217128014,3.061933281169851,3.061933281169851,-2.8106058688826643,85.15398843163155,0.0,-1.0439964046012093,-21.546487862752592,22.5904842673538,-0.18095268713743998,-1.2953449620557667,1.3035501930835633,-3.2546860334151173,-17.68123806583072,1.0,-1.0,0.0,48.0,0.0,-48.0
0.2335,80.0,88.46724912508857,3.059237245703044,3.059237245703044,-2.5565824211286845,85.40801187938553,0.0,4.506174992310399,-22.496427538710282,17.990252546399883,-0.42900067949567716,-2.9669653639837077,2.9861533646179845,-7.45521270805425,-15.899562762413913,1.0,-1.0,0.0,48.0,0.0,-48.0
0.234,80.0,88.71857653737577,3.054555170072223,3.054555170072223,-2.3005729332106633,85.66402136730355,0.0,9.718816555837174,-23.128401869560815,13.40958531372364,-0.6820924937372705,-4.454219976672891,4.483971010164705,-11.193233836445096,-13.983273458525975,1.0,-1.0,0.0,48.0,0.0,-48.0
0.2345,80.0,88.96990394966295,3.048126432045899,3.048126432045899,-2.042816782897166,85.92177751761704,0.0,14.61723979771868,-23.496440722069973,8.879200924351293,-0.9474830160548987,-5.744480944767127,5.784293237274114,-14.436881912536494,-11.947536348356785,1.0,-1.0,0.0,48.0,0.0,-48.0
0.235,80.0,89.22123136195013,3.0402430238288694,3.0402430238288694,-1.7836059623929434,86.18098833812127,0.0,16.941172892809433,-19.09444326309335,2.153270370283915,-1.2064102421925054,-6.719583595060844,6.76777916923903,-16.888596095411888,-7.249954992166193,1.0,0.0,-1.0,0.0,48.0,-48.0
0.2355,80.0,89.47255877423731,3.0314515495648835,3.0314515495648835,-1.5234870758417747,86.44110722467244,0.0,18.69743577784858,-13.991518857248264,-4.705916920600315,-1.4088448081986091,-7.188665687394196,7.241515098258003,-18.06779330492692,-2.2227727034465325,1.0,0.0,-1.0,0.0,48.0,-48.0
0.236,80.0,89.7238861865245,3.022379473564172,3.022379473564172,-1.2630875875538867,86.70150671296032,0.0,20.356343683929936,-9.197069858400631,-11.159273825529304,-1.5283766239973393,-7.170867476152577,7.224164516816088,-18.0220186757098,2.5400939562108458,1.0,0.0,-1.0,0.0,48.0,-48.0
0.2365,80.0,89.97521359881169,3.0136215659520484,3.0136215659520484,-1.003002267654569,86.96159203285964,0.0,21.913166216859825,-4.765939926674444,-17.14722629018538,-1.539090189495805,-6.695233904485007,6.744819912064927,-16.82448712248028,6.982216398330128,1.0,0.0,-1.0,0.0,48.0,-48.0
0.237,80.0,90.22654101109886,3.005729212923435,3.005729212923435,-0.7437825023387922,87.22081179817542,0.0,19.68927664447614,1.0936308066964944,-20.782907451172637,-1.4236117928468768,-5.807904281468452,5.8502601070151385,-14.592099696488596,10.688455197107352,0.0,1.0,-1.0,-48.0,48.0,0.0
0.2375,80.0,90.47786842338604,2.9991679833334897,2.9991679833334897,-0.4858938604616617,87.47870044005255,0.0,15.817389099822595,7.2825343188250224,-23.099923418647617,-1.1830944992610244,-4.587570552507119,4.620293699676497,-11.52380705129131,13.784597047875991,0.0,1.0,-1.0,-48.0,48.0,0.0
0.238,80.0,90.72919583567324,2.9943252196918944,2.9943252196918944,-0.2297236845328604,87.73487061598135,0.0,12.166343164416853,12.846331653739691,-25.012674818156544,-0.8236574161855631,-3.080456310331572,3.1019478571912584,-7.736656436918555,16.438816467345017,0.0,1.0,-1.0,-48.0,48.0,0.0
0.2385,80.0,90.98052324796042,2.9915327197433372,2.9915327197433372,0.02439622770287654,87.98899052821709,0.0,8.708893466559687,17.787487976346146,-26.496381442905832,-0.36304932160106407,-1.3304491210489287,1.3395917680458536,-3.3410930583908747,18.653009354568276,0.0,1.0,-1.0,-48.0,48.0,0.0
0.239,80.0,91.2318506602476,2.9910578522461964,2.9910578522461964,0.276198507487191,88.2407928080014,0.0,4.037873723109271,20.73096981001015,-24.768843533119423,0.1570310401869145,0.5734963931315242,-0.5774265290188692,1.4401657933217604,18.62660215690174,-1.0,1.0,0.0,-48.0,0.0,48.0
0.2395,80.0,91.48317807253478,2.9929002185088383,2.9929002185088383,0.5256835535117369,88.49027785402595,0.0,-1.7205911753935226,21.855789239593072,-20.13519806419955,0.6287627117374972,2.3271654726973754,-2.343280082639133,5.844420886986536,16.59062633963172,-1.0,1.0,0.0,-48.0,0.0,48.0
0.24,80.0,91.73450548482197,2.996815695021933,2.996815695021933,0.7730954892858187,88.73768978980003,0.0,-7.148374911974887,22.64940706137418,-15.501032149399293,1.0168168767328876,3.8736672933105707,-3.9010199035391966,9.729721783442628,14.485256328177648,-1.0,1.0,0.0,-48.0,0.0,48.0
0.2405,80.0,91.98583289710916,3.0025417048510152,3.0025417048510152,1.0186968917439396,88.98329119225815,0.0,-12.256974916024257,23.164292764855897,-10.90731784883164,1.3090603317516645,5.208937030087666,-5.246559202275044,13.086046042431962,12.367533402828855,-1.0,1.0,0.0,-48.0,0.0,48.0
0.241,80.0,92.23716030939633,3.0098116479251273,3.0098116479251273,1.2627543609569865,89.2273486614712,0.0,-16.127877923059184,21.592842153361648,-5.464964230302463,1.4985823268201133,6.317359775439539,-6.363869054950064,15.873674954306878,9.26181976179339,-1.0,0.0,1.0,0.0,-48.0,48.0
0.2415,80.0,92.48848772168351,3.018222712475605,3.018222712475605,1.5056707086936962,89.4702650092079,0.0,-17.962673727541578,16.388588641572667,1.5740850859689097,1.5450120966285945,6.989078846364739,-7.041027985424698,17.564233542483297,4.310203042728066,-1.0,0.0,1.0,0.0,-48.0,48.0
0.242,80.0,92.73981513397071,3.0271757508416806,3.0271757508416806,1.7480450826148195,89.71263938312903,0.0,-19.674207947477655,11.453834833103016,8.220373114374636,1.4657346960985556,7.183445279857266,-7.236626173220614,18.054348233935222,-0.33492987913648253,-1.0,0.0,1.0,0.0,-48.0,48.0
0.2425,80.0,92.99114254625789,3.0360904894979788,3.0360904894979788,1.9904577562457002,89.95505205675991,0.0,-21.25829014783816,6.843452299186539,14.41483784865162,1.2984308019771076,6.9330212557486925,-6.983419271551144,17.42528704349871,-4.638171795917111,-1.0,0.0,1.0,0.0,-48.0,48.0
0.243,80.0,93.24246995854507,3.0444293260819695,3.0444293260819695,2.233446331948894,90.1980406324631,0.0,-21.781523948957393,2.1381191341588894,19.643404814798505,1.0776002421049171,6.273613096273111,-6.317862508556724,15.767266756109263,-8.508917631344957,0.0,-1.0,1.0,48.0,-48.0,0.0
0.2435,80.0,93.49379737083225,3.051712650295668,3.051712650295668,2.4774904200223737,90.44208472053658,0.0,-17.731116622156726,-4.382229894144834,22.11334651630156,0.833731909914358,5.2653790116001655,-5.3011635610369785,13.232207608824313,-11.720158146273452,0.0,-1.0,1.0,48.0,-48.0,0.0
0.244,80.0,93.74512478311944,3.057534319406575,3.057534319406575,2.722996163198655,90.68759046371287,0.0,-13.919527299991044,-10.287399985886916,24.20692728587796,0.5838875774316203,3.953365910804455,-3.9792490464196817,9.934100923518962,-14.608537695112746,0.0,-1.0,1.0,48.0,-48.0,0.0
0.2445,80.0,93.99645219540663,3.0615335669012103,3.0615335669012103,2.970324327991218,90.93491862850543,0.0,-10.330614246436145,-15.569228138434791,25.899842384870936,0.3329168649813368,2.3708682683543643,-2.3859341233896725,5.957098226046975,-17.147130788323555,0.0,-1.0,1.0,48.0,-48.0,0.0
0.245,80.0,94.2477796076938,3.0633933099952353,3.0633933099952353,-3.063393309995231,91.18438629769857,0.0,-6.949310409835519,-20.22601678506733,27.17532719490285,0.07590776272188983,0.553875741854622,-0.5573426147812588,1.3916248814349796,-19.31280112345626,1.0,-1.0,0.0,48.0,0.0,-48.0
0.2455,80.0,94.49910701998098,3.0629153115422585,3.0629153115422585,-2.81158789925507,91.43619170843873,0.0,-1.038529006778269,-21.549732768090596,22.588261774868865,-0.17760294643524094,-1.2877781866907545,1.295870748780994,-3.2356049850097643,-17.68052329138444,1.0,-1.0,0.0,48.0,0.0,-48.0
0.246,80.0,94.75043443226818,3.0602287545197715,3.0602287545197715,-2.557573929945388,91.69020567774841,0.0,4.510715073113211,-22.500464343383957,17.989749270270746,-0.4226014194057698,-2.9596126810747476,2.978611211548576,-7.436591028263319,-15.903912616438852,1.0,-1.0,0.0,48.0,0.0,-48.0
0.2465,80.0,95.00176184455536,3.0555556162682285,3.0555556162682285,-2.3015733794066584,91.94620622828714,0.0,9.722157517825131,-23.13293924494067,13.410781727115538,-0.6729377181052616,-4.447557666276251,4.477071633026839,-11.176306378698804,-13.992431840672571,1.0,-1.0,0.0,48.0,0.0,-48.0
0.247,80.0,95.25308925684254,3.0491346738541703,3.0491346738541703,-2.0438250247054235,92.20395458298837,0.0,14.61916556830696,-23.501144341057874,8.881978772750914,-0.9359129114060541,-5.738952197741098,5.778518062430917,-14.422815175053772,-11.961212206548957,1.0,-1.0,0.0,48.0,0.0,-48.0
0.2475,80.0,95.50441666912971,3.041257380048915,3.041257380048915,-1.784620318613005,92.46315928908079,0.0,16.941532110744152,-19.0989535289368,2.1574214181926474,-1.1930151853751378,-6.715525432340226,6.763511192276964,-16.87830081211161,-7.26611928277878,1.0,0.0,-1.0,0.0,48.0,-48.0
0.248,80.0,95.7557440814169,3.0324700025556193,3.0324700025556193,-1.524505528832503,92.7232740788613,0.0,18.696184431312407,-13.99550345587141,-4.700680975440998,-1.3946180388534972,-7.186259519957791,7.238978013801323,-18.0617798949097,-2.2408177867903696,1.0,0.0,-1.0,0.0,48.0,-48.0
0.2485,80.0,96.00707149370409,3.0233997707312312,3.0233997707312312,-1.2641078847209395,92.98367172297286,0.0,20.35355791514756,-9.200245100001444,-11.153312815146117,-1.5143486631012004,-7.170277968332641,7.223544439742265,-18.02072158879361,2.5204606275675454,1.0,0.0,-1.0,0.0,48.0,-48.0
0.249,80.0,96.25839890599127,3.014641256640778,3.014641256640778,-1.004021958343298,93.2437576493505,0.0,21.90903496417627,-4.7680721882953545,-17.140962775880915,-1.5262926363379108,-6.696611067586341,6.7462636009069294,-16.828262272683457,6.961332376991077,1.0,0.0,-1.0,0.0,48.0,-48.0
0.2495,80.0,96.50972631827845,3.0067457175861816,3.0067457175861816,-0.7447990070015288,93.50298060069227,0.0,19.68408945235833,1.092722027486988,-20.776811479845318,-1.4129882610446918,-5.811281172323253,5.853774475909968,-14.600970967045825,10.669582958117855,0.0,1.0,-1.0,-48.0,48.0,0.0
0.25,80.0,96.76105373056564,3.0001789476308462,3.0001789476308462,-0.4869048247590052,93.76087478293479,0.0,15.811506576975116,7.282943534404162,-23.094450111379278,-1.1753354255338433,-4.592649661784755,4.6255399870122735,-11.536946596659327,13.76933949623228,0.0,1.0,-1.0,-48.0,48.0,0.0
0.2505,80.0,97.01238114285283,2.995328737203481,2.995328737203481,-0.23072720204444522,94.01705240564935,0.0,12.16016879936656,12.84805505151769,-25.00822385088425,-0.8192985516075755,-3.0869070882527625,3.1085518481449452,-7.753150295762155,16.42724782899168,0.0,1.0,-1.0,-48.0,48.0,0.0
0.251,80.0,97.26370855514001,2.9925273446492158,2.9925273446492158,0.023401602796997757,94.2711812104908,0.0,8.702853634779999,17.790436606718206,-26.493290241498205,-0.36246923268275344,-1.3379300757942498,1.347175772692805,-3.3600148491597137,18.64515439410057,0.0,1.0,-1.0,-48.0,48.0,0.0
0.2515,80.0,97.51503596742718,2.9920426081793896,2.9920426081793896,0.27521375155399486,94.52299335924779,0.0,4.032396966200086,20.73498299211935,-24.767379958319435,0.15370808164010735,0.5653681437535683,-0.5692645526987354,1.419811373508644,18.623531839480428,-1.0,1.0,0.0,-48.0,0.0,48.0
0.252,80.0,97.76636337971438,2.9938747243177675,2.9938747243177675,0.5247090477028171,94.77248865539661,0.0,-1.7251310921064302,21.860648985532226,-20.135517893425796,0.622097755674803,2.318949446896715,-2.335090612611306,5.824008995758865,16.59317466311237,-1.0,1.0,0.0,-48.0,0.0,48.0
0.2525,80.0,98.01769079200156,2.9977802648255976,2.9977802648255976,0.7721309194821692,95.01991052717597,0.0,-7.151702142771457,22.654850480137263,-15.503148337365806,1.0074817112272505,3.8659260423522492,-3.8933414584100747,9.71060619190525,14.4930002020715,-1.0,1.0,0.0,-48.0,0.0,48.0
0.253,80.0,98.26901820428874,3.003497301357512,3.003497301357512,1.0177412952374316,95.26552090293123,0.0,-12.258904845873458,23.170020921500587,-10.91111607562713,1.297692088785749,5.202190851376271,-5.239881421852729,13.06946391802514,12.37996772167269,-1.0,1.0,0.0,-48.0,0.0,48.0
0.2535,80.0,98.52034561657592,3.010759818047549,3.010759818047549,1.2618061908345801,95.50958579852838,0.0,-16.1283053725504,21.5985283045829,-5.470222932032498,1.4857794663413115,6.312064830583149,-6.358616043767145,15.86070224271599,9.277726231855755,-1.0,0.0,1.0,0.0,-48.0,48.0
0.254,80.0,98.7716730288631,3.019165427712531,3.019165427712531,1.5047279934567717,95.75250760115057,0.0,-17.961580169538525,16.39390813625996,1.5676720332785652,1.5316417903458268,6.985494605081935,-7.037430611215433,17.555457057160012,4.327797711618833,-1.0,0.0,1.0,0.0,-48.0,48.0
0.2545,80.0,99.0230004411503,3.0281152062448142,3.0281152062448142,1.7471056272116845,95.99488523490548,0.0,-19.671675467442135,11.458502302631494,8.213173164810643,1.4526379155100424,7.181731978592089,-7.234833613501931,18.05013863465425,-0.31605688099075646,-1.0,0.0,1.0,0.0,-48.0,48.0
0.255,80.0,99.27432785343748,3.037029040102566,3.037029040102566,1.9895192056411195,96.23729881333492,0.0,-21.254483110565445,6.847222637776175,14.407260472789272,1.2863185956593606,6.933284525704154,-6.9835457189386725,17.425914363775018,-4.618412246498076,-1.0,0.0,1.0,0.0,-48.0,48.0
0.2555,80.0,99.52565526572465,3.045369437726372,3.045369437726372,2.232506220304476,96.48028582799827,0.0,-21.7766712339685,2.140786020540358,19.635885213428143,1.0670776129668866,6.275904620031403,-6.319983997954677,15.772893531123557,-8.48928001398247,0.0,-1.0,1.0,48.0,-48.0,0.0
0.256,80.0,99.77698267801185,3.0526567293869067,3.0526567293869067,2.47654634093114,96.72432594862494,0.0,-17.725494239845567,-4.380819347691597,22.106313587537162,0.8252542482718919,5.269468715006834,-5.30508178672791,13.2423040357431,-11.704038140908828,0.0,-1.0,1.0,48.0,-48.0,0.0
0.2565,80.0,100.02831009029903,3.058484381109362,3.058484381109362,2.7220461014958666,96.96982570918966,0.0,-13.913441654569512,-10.287310483513833,24.200752138083345,0.5778496638278429,3.9588833941308037,-3.9846277081089982,9.947789014802316,-14.59591950901487,0.0,-1.0,1.0,48.0,-48.0,0.0
0.257,80.0,100.27963750258621,3.062491188934489,3.062491188934489,2.9693667059579276,97.21714631365172,0.0,-10.324398060604894,-15.570436968322044,25.894835028926938,0.3297113344468267,2.3774475729097215,-2.392439665221606,5.973507310390867,-17.13797167551793,0.0,-1.0,1.0,48.0,-48.0,0.0
0.2575,80.0,100.53096491487338,3.0643596379669193,3.0643596379669193,-3.0643596379669202,97.46660527690646,0.0,-6.94332053542664,-20.228420697281575,27.171741232708214,0.07592467536199975,0.5611609177030024,-0.5646448205500444,1.409898275803432,-19.307032215936566,1.0,-1.0,0.0,48.0,0.0,-48.0
0.258,80.0,100.78229232716058,3.063891026438276,3.063891026438276,-2.812563614151078,97.7184013007223,0.0,-1.033131343924115,-21.553155705170752,22.586287049094867,-0.17429867788755626,-1.2802217678901733,1.2882016378935848,-3.2165492004143954,-17.679998332084644,1.0,-1.0,0.0,48.0,0.0,-48.0
0.2585,80.0,101.03361973944776,3.061213924291309,3.061213924291309,-2.5585590997169345,97.97240581515645,0.0,4.515196611586241,-22.504667429929093,17.989470818342852,-0.41627254439369743,-2.9522880007233807,2.971095804083637,-7.418036499469809,-15.908407636738524,1.0,-1.0,0.0,48.0,0.0,-48.0
0.259,80.0,101.28494715173494,3.0565496817111577,3.0565496817111577,-2.3025674448496045,98.22839747002378,0.0,9.725452928266943,-23.13763068036271,13.412177752095769,-0.6638745822803458,-4.4409367122495365,4.470210825697256,-11.159476714584299,-14.001690106315035,1.0,-1.0,0.0,48.0,0.0,-48.0
0.2595,80.0,101.53627456402211,3.0501364807202394,3.0501364807202394,-2.0448268315715166,98.48613808330187,0.0,14.621060025297599,-23.50598989985856,8.88492987456096,-0.9244519974661587,-5.73347384680375,5.772788650864243,-14.40886549698745,-11.974942272053166,1.0,-1.0,0.0,48.0,0.0,-48.0
0.26,80.0,101.78760197630932,3.0422652401869863,3.0422652401869863,-1.785628178751058,98.74533673612233,0.0,16.941874926435407,-19.103594203469914,2.161719277034507,-1.1797415988394027,-6.711522751328317,6.759292093915915,-16.868131681213757,-7.282304101942368,1.0,0.0,-1.0,0.0,48.0,-48.0
0.2605,80.0,102.03892938859649,3.0334818957559473,3.0334818957559473,-1.5255174220328382,99.00544749284055,0.0,18.694931443459787,-13.999607687607032,-4.695323755852755,-1.380516941790566,-7.18391056798632,7.236489899575813,-18.055893869183677,-2.2588522834915414,1.0,0.0,-1.0,0.0,48.0,-48.0
0.261,80.0,102.29025680088367,3.02441344571261,3.02441344571261,-1.2651215597023264,99.26584335517106,0.0,20.350784197440298,-9.203529983804664,-11.147254213635634,-1.500441882257513,-7.1697438926930674,7.2229705428317255,-18.01954544252883,2.5008680166931843,1.0,0.0,-1.0,0.0,48.0,-48.0
0.2615,80.0,102.54158421317085,3.0156542678175224,3.0156542678175224,-1.0050349695200578,99.52592994535333,0.0,21.90492749359797,-4.77030489322753,-17.13462260037044,-1.5136027838546027,-6.69803830162628,6.747747979890675,-16.832144614281614,6.940517210616573,1.0,0.0,-1.0,0.0,48.0,-48.0
0.262,80.0,102.79291162545805,3.0077554937813917,3.0077554937813917,-0.7458087831967258,99.78515613167666,0.0,19.678934999605357,1.091721243876548,-20.770656243481906,-1.4024508791996615,-5.814700073640156,5.8573223255627305,-14.609930838857638,10.650782781718872,0.0,1.0,-1.0,-48.0,48.0,0.0
0.2625,80.0,103.04423903774523,3.001183143465629,3.001183143465629,-0.4879090205937796,100.0430558942796,0.0,15.805662489173091,7.283268686408076,-23.088931175581166,-1.1676360396503738,-4.597762734025201,4.630813435478824,-11.550157939114355,13.754143972517548,0.0,1.0,-1.0,-48.0,48.0,0.0
0.263,80.0,103.29556645003241,2.9963254539898174,2.9963254539898174,-0.23172391883078483,100.2992409960426,0.0,12.154035085754503,12.849702203315067,-25.00373728906957,-0.8149692626223375,-3.093384309925077,3.1151779083229236,-7.769701910767698,16.415729160256188,0.0,1.0,-1.0,-48.0,48.0,0.0
0.2635,80.0,103.54689386231958,2.993515142793516,2.993515142793516,0.022413804652682133,100.55337871952607,0.0,8.696853105608849,17.793317023013827,-26.490170128622676,-0.3618860866005595,-1.3454308511648176,1.3547781323951533,-3.378983610850807,18.637335444570617,0.0,1.0,-1.0,-48.0,48.0,0.0
0.264,80.0,103.79822127460679,2.993020515750243,2.993020515750243,0.2742358439831595,100.80520075885654,0.0,4.026954647376279,20.738936508341904,-24.765891155718183,0.15042136192702002,0.5572251401970522,-0.5610861971972477,1.3994164855617857,18.62047272094084,-1.0,1.0,0.0,-48.0,0.0,48.0
0.2645,80.0,104.04954868689396,2.994842361517556,2.994842361517556,0.5237414105030173,101.0547063253764,0.0,-1.7296444331654364,21.865458381065242,-20.135813947899805,0.6154966935332787,2.3107201884697575,-2.326883629948868,5.803555167801939,16.59570017824327,-1.0,1.0,0.0,-48.0,0.0,48.0
0.265,80.0,104.30087609918114,2.9987379429360805,2.9987379429360805,0.7711732413716806,101.30213815624506,0.0,-7.155012774018141,22.660253838419326,-15.505241064401185,0.9982316676658275,3.858169248246606,-3.8856411208708543,9.69143883817575,14.500688576659131,-1.0,1.0,0.0,-48.0,0.0,48.0
0.2655,80.0,104.55220351146832,3.0044459761721276,3.0044459761721276,1.0167926204228155,101.5477575352962,0.0,-12.260829448730691,23.175720468376234,-10.914891019645543,1.2864241180034584,5.195423143015184,-5.233174299429382,13.052812289134465,12.392316027375122,-1.0,1.0,0.0,-48.0,0.0,48.0
0.266,80.0,104.80353092375552,3.011701025769769,3.011701025769769,1.260864983112366,101.79182989798575,0.0,-16.128739351361105,21.604198618335186,-5.475459266974081,1.4730863092574065,6.306739034672961,-6.353323517496809,15.84763521834109,9.293524220857876,-1.0,0.0,1.0,0.0,-48.0,48.0
0.2665,80.0,105.0548583360427,3.020101126404393,3.020101126404393,1.5037922947649167,102.0347572096383,0.0,-17.960504835992502,16.399225854604367,1.5612789813881358,1.5183829370775421,6.981868128707715,-7.033782298430015,17.546557915921234,4.3452745631718015,-1.0,0.0,1.0,0.0,-48.0,48.0
0.267,80.0,105.30618574832988,3.0290475762600346,3.0290475762600346,1.7461732571964563,102.27713817206984,0.0,-19.66917190726123,11.463183045010668,8.20598886225056,1.439646747359516,7.1799637391231945,-7.232978049758298,18.045776047048516,-0.29730824901444297,-1.0,0.0,1.0,0.0,-48.0,48.0
0.2675,80.0,105.55751316061705,3.037960420960131,3.037960420960131,1.9885878247835325,102.51955273965692,0.0,-21.25071397796993,6.851021967870169,14.399692010099763,1.274299491203397,6.933479337107186,-6.983596690582692,17.42635708070874,-4.598780792423895,-1.0,0.0,1.0,0.0,-48.0,48.0
0.268,80.0,105.80884057290426,3.0463022792832204,3.0463022792832204,2.2315733787476506,102.76253829362103,0.0,-21.771863117778942,2.143497969234435,19.628365148544507,1.0566297421815731,6.278113865918603,-6.322017397067027,15.778303604651999,-8.469766020753546,0.0,-1.0,1.0,48.0,-48.0,0.0
0.2685,80.0,106.06016798519143,3.053593423010184,3.053593423010184,2.475609647307859,103.00657456218124,0.0,-17.719920457284804,-4.379347746448091,22.099268203732894,0.8168292647427704,5.273464504374138,-5.308901464244361,13.252157035733362,-11.688008329474497,0.0,-1.0,1.0,48.0,-48.0,0.0
0.269,80.0,106.31149539747861,3.0594269306867523,3.0594269306867523,2.7211035519184708,103.25206846679185,0.0,-13.907405742034435,-10.287144701969904,24.19455044400434,0.5718395069745702,3.9642987526085016,-3.989900676091371,9.961215285387446,-14.583358351877257,0.0,-1.0,1.0,48.0,-48.0,0.0
0.2695,80.0,106.56282280976579,3.0634411650502003,3.0634411650502003,2.9684167298422,103.49938164471558,0.0,-10.318229728896632,-15.571555748439643,25.889785477336275,0.3265057221403131,2.3839199201521106,-2.3988356266494497,5.989644404473428,-17.12883701042896,0.0,-1.0,1.0,48.0,-48.0,0.0
0.27,80.0,106.81415022205294,3.0653181831642278,3.0653181831642278,-3.065318183164248,103.74883203888872,0.0,-6.937373482334262,-20.230722874550352,27.168096356884615,0.07591065721051331,0.5683375437299061,-0.5718367658377638,1.4278975563288563,-19.30125600348282,0.0,-1.0,1.0,48.0,-48.0,0.0
0.2705,80.0,107.06547763434014,3.064858822978408,3.064858822978408,-2.8135314106912372,104.00061881136173,0.0,-1.0277683038891752,-21.556467870599818,22.584236174488993,-0.1710560244061946,-1.2727715173699197,1.28063942371874,-3.197759608187502,-17.67941759466486,1.0,-1.0,0.0,48.0,0.0,-48.0
0.271,80.0,107.31680504662732,3.0621910470785885,3.0621910470785885,-2.559536222504232,104.25461399954874,0.0,4.519654407063346,-22.508753815128255,17.98909940806491,-0.41003248397835285,-2.9450624769052354,2.9636791003766936,-7.399728348634361,-15.91280024645658,1.0,-1.0,0.0,48.0,0.0,-48.0
0.2715,80.0,107.5681324589145,3.0575355843208247,3.0575355843208247,-2.3035533474592964,104.51059687459367,0.0,9.72873755131476,-23.14220295765189,13.41346540633713,-0.6549236257202818,-4.434403574433343,4.463435860246602,-11.142862213236072,-14.010801440608297,1.0,-1.0,0.0,48.0,0.0,-48.0
0.272,80.0,107.81945987120167,3.0511300272446253,3.0511300272446253,-2.045820378095922,104.76832984395705,0.0,14.62295810004232,-23.510717587125615,8.887759487083295,-0.9131221819902492,-5.728067919838759,5.767127774225669,-14.395088938015107,-11.98848337147767,1.0,-1.0,0.0,48.0,0.0,-48.0
0.2725,80.0,108.07078728348888,3.0432647658455325,3.0432647658455325,-1.7866277044096222,105.02752251764335,0.0,16.942236499901522,-19.10812215038126,2.1658856504797357,-1.1666112173597987,-6.707573842806707,6.755120737888203,-16.858085051928565,-7.2982759232478776,1.0,0.0,-1.0,0.0,48.0,-48.0
0.273,80.0,108.32211469577605,3.034485406932674,3.034485406932674,-1.5265209332095935,105.28762928884338,0.0,18.693712017324955,-14.003607863426852,-4.690104153898103,-1.366560638146488,-7.181594592948652,7.234026818901332,-18.05007476114539,-2.276655626144906,1.0,0.0,-1.0,0.0,48.0,-48.0
0.2735,80.0,108.57344210806323,3.025418719984326,3.025418719984326,-1.2661268339740672,105.5480233880789,0.0,20.34805731925045,-9.206722495231483,-11.141334824018967,-1.486670355805524,-7.169219922921487,7.222397479642309,-18.01837651100433,2.481521229322547,1.0,0.0,-1.0,0.0,48.0,-48.0
0.274,80.0,108.82476952035042,3.0166588902817066,3.0166588902817066,-1.006039591984259,105.80811063006871,0.0,21.90087748885473,-4.7724593887707165,-17.128418100084012,-1.5010275231699683,-6.699450837778,6.749207945720621,-16.835971320217205,6.91995823494857,1.0,0.0,-1.0,0.0,48.0,-48.0
0.2745,80.0,109.07609693263761,3.0087569249841013,3.0087569249841013,-0.746810214399457,106.06734000765351,0.0,19.673845010994913,1.090782580816066,-20.764627591810978,-1.3919978277156442,-5.818078761174696,5.860820840835882,-14.618772475152447,10.632217642834965,0.0,1.0,-1.0,-48.0,48.0,0.0
0.275,80.0,109.3274243449248,3.0021790673495135,3.0021790673495135,-0.48890494447769284,106.32524527757528,0.0,15.799885689222041,7.283638744868235,-23.083524434090275,-1.159985220591813,-4.602812693940154,4.6360162088410135,-11.563196906998094,13.73914614365546,0.0,1.0,-1.0,-48.0,48.0,0.0
0.2755,80.0,109.57875175721198,2.9973139965580606,2.9973139965580606,-0.2327124613990576,106.58143776065391,0.0,12.147967136962079,12.851376805597239,-24.999343942559317,-0.8106493545032987,-3.099778724132843,3.1217159363119795,-7.786036608021399,16.404368862991987,0.0,1.0,-1.0,-48.0,48.0,0.0
0.276,80.0,109.83007916949914,2.9944948842348897,2.9944948842348897,0.021434063211276666,106.83558428526425,0.0,8.690912518112267,17.79620796072065,-26.487120478832917,-0.36127162730634904,-1.352832688482448,1.3622792025499348,-3.397700924750514,18.62963419503628,0.0,1.0,-1.0,-48.0,48.0,0.0
0.2765,80.0,110.08140658178635,2.9939904987843633,2.9939904987843633,0.2732658609490131,107.08741608300198,0.0,4.021562404584053,20.742884799811563,-24.764447204395616,0.14720539936898772,0.5491929979409842,-0.5530179836241509,1.3792966582452773,18.61747963648169,-1.0,1.0,0.0,-48.0,0.0,48.0
0.277,80.0,110.33273399407352,2.9958022145726297,2.9958022145726297,0.5227815574479168,107.33693177950089,0.0,-1.7341207915140373,21.87024852162317,-20.136127730109134,0.6089975958721473,2.302607469111892,-2.3187898465863666,5.783385350112685,16.59823181806686,-1.0,1.0,0.0,-48.0,0.0,48.0
0.2775,80.0,110.5840614063607,2.9996879781012358,2.9996879781012358,0.770223206206498,107.58437342825947,0.0,-7.158301536499884,22.665626060274697,-15.507324523774813,0.9891057469654357,3.850528351996848,-3.8780513290130707,9.672549941324986,14.508327163232135,-1.0,1.0,0.0,-48.0,0.0,48.0
0.278,80.0,110.83538881864789,3.0053871430701466,3.0053871430701466,1.0158514535247634,107.83000167557773,0.0,-12.262748230010189,23.18137951402183,-10.918631284011642,1.2752941010506746,5.188764817528036,-5.226569813237568,13.036420198756232,12.404563689197058,-1.0,1.0,0.0,-48.0,0.0,48.0
0.2785,80.0,111.08671623093508,3.0126348480970915,3.0126348480970915,1.2599311607850183,108.07408138283799,0.0,-16.129183571341166,21.60982188674465,-5.4806383154034854,1.4605374253445744,6.301510888690025,-6.348121102751147,15.834797043131381,9.309181988301983,-1.0,0.0,1.0,0.0,-48.0,48.0
0.279,80.0,111.33804364322226,3.0210295448484117,3.0210295448484117,1.5028638763208761,108.31701409837385,0.0,-17.959454934426464,16.404492873720972,1.554962060705492,1.5052656573682344,6.978323983000753,-7.030208761255623,17.537849536389267,4.362587742041244,-1.0,0.0,1.0,0.0,-48.0,48.0
0.2795,80.0,111.58937105550945,3.029972750766711,3.029972750766711,1.7452480826897585,108.55939830474273,0.0,-19.666707193193457,11.467812101202094,8.198895091991362,1.4267862734210075,7.178259925988522,-7.231179961159427,18.041560882393522,-0.2787418310118266,-1.0,0.0,1.0,0.0,-48.0,48.0
0.28,80.0,111.84069846779661,3.0388846683224253,3.0388846683224253,1.987663577421219,108.80181379947419,0.0,-21.2469946403321,6.854771049664876,14.392223590667225,1.2623936332623236,6.933718797971339,-6.98368631912041,17.426899857784797,-4.57934523754541,-1.0,0.0,1.0,0.0,-48.0,48.0
0.2805,80.0,112.09202588008382,3.047228024921156,3.047228024921156,2.2306476331097005,109.04479785516267,0.0,-21.767112790621066,2.1461632867869254,19.62094950383414,1.0462724698979078,6.280346817633036,-6.32406958487495,15.783763643860874,-8.450451621476189,0.0,-1.0,1.0,48.0,-48.0,0.0
0.281,80.0,112.34335329237099,3.0545230337569502,3.0545230337569502,2.474680036561071,109.28883025861404,0.0,-17.714409235448564,-4.377917346022955,22.092326581471518,0.8084694515992528,5.2774644693453165,-5.3127214353637315,13.26201331619632,-11.672152278775673,0.0,-1.0,1.0,48.0,-48.0,0.0
0.2815,80.0,112.59468070465815,3.060362388716646,3.060362388716646,2.720168093888535,109.5343183159415,0.0,-13.90143391940345,-10.28701350564034,24.18844742504379,0.5658673891469989,3.9697014677158915,-3.995158050449986,9.97460469499866,-14.570944476631759,0.0,-1.0,1.0,48.0,-48.0,0.0
0.282,80.0,112.84600811694533,3.064384022541729,3.064384022541729,2.967473872350627,109.7816240944036,0.0,-10.312123790536765,-15.572701946786,25.884825737322764,0.3233093248979007,2.3903655562037947,-2.4052027646378145,6.005711174418526,-17.119822710611547,0.0,-1.0,1.0,48.0,-48.0,0.0
0.2825,80.0,113.09733552923251,3.066269567617899,3.066269567617899,-3.0662695676179412,110.03106596161462,0.0,-6.931483912960232,-20.23304534983019,27.16452926279042,0.07587522987474332,0.5754761069549834,-0.5789893719713378,1.4457998164898915,-19.29557295872568,0.0,-1.0,1.0,48.0,-48.0,0.0
0.283,80.0,113.3486629415197,3.0658194053544183,3.0658194053544183,-2.8144919930672687,110.28284353616529,0.0,-1.0224547411981888,-21.55979381523638,22.582248556434568,-0.16786438876817192,-1.2653671847636776,1.2731234752597054,-3.1790848599460206,-17.678886403348823,1.0,-1.0,0.0,48.0,0.0,-48.0
0.2835,80.0,113.59999035380689,3.0631608960798986,3.0631608960798986,-2.5605060715055616,110.536829457727,0.0,4.524073284640565,-22.51284854594835,17.988775261307786,-0.40386924229639204,-2.937886528299583,2.956311188748585,-7.381542056044433,-15.91719956237422,1.0,-1.0,0.0,48.0,0.0,-48.0
0.284,80.0,113.85131776609407,3.0585141526748876,3.0585141526748876,-2.3045319158133752,110.79280361341918,0.0,9.731995754402195,-23.146779659016627,13.414783904614431,-0.6460714533413794,-4.427919649783847,4.456707869033476,-11.126365985376427,-14.019877562406043,1.0,-1.0,0.0,48.0,0.0,-48.0
0.2845,80.0,114.10264517838124,3.052116183433001,3.052116183433001,-2.046806534284319,111.05052899494824,0.0,14.624843592622826,-23.515447654852792,8.890604062229967,-0.9019089660682362,-5.722706969308447,5.761507815781923,-14.381416729961106,-12.001948531904423,1.0,-1.0,0.0,48.0,0.0,-48.0
0.285,80.0,114.35397259066845,3.04425685436629,3.04425685436629,-1.7876197929304043,111.30971573630215,0.0,16.942600017535224,-19.112652558891696,2.1700525413564713,-1.153609162541936,-6.703662394376988,6.750980772494,-16.848120274734754,-7.314146181940342,1.0,0.0,-1.0,0.0,48.0,-48.0
0.2855,80.0,114.60530000295562,3.03548144684871,3.03548144684871,-1.527516973125647,111.56981855610691,0.0,18.692508800510527,-14.00761257489264,-4.684896225617886,-1.3527351099753901,-7.179306154580935,7.231583443757584,-18.044309399267455,-2.2943359773423904,1.0,0.0,-1.0,0.0,48.0,-48.0
0.286,80.0,114.8566274152428,3.0264165042240667,3.0264165042240667,-1.267124618213832,111.83021091101872,0.0,20.345359607378604,-9.209923323227407,-11.135436284151197,-1.4730222551256804,-7.168711107806751,7.2218305596451895,-18.017228114510115,2.4623167132502175,1.0,0.0,-1.0,0.0,48.0,-48.0
0.2865,80.0,115.10795482752998,3.0176560216952604,3.0176560216952604,-1.0070367233978361,112.09029880583472,0.0,21.896867307051778,-4.774627392560231,-17.122239914491548,-1.4885584801545066,-6.700863718480552,6.750658919562681,-16.839780886951903,6.899557805193313,1.0,0.0,-1.0,0.0,48.0,-48.0
0.287,80.0,115.35928223981718,3.009750883671788,3.009750883671788,-0.7478041730871654,112.34953135614539,0.0,19.668802331257428,1.08982412453602,-20.758626455793447,-1.381625196538016,-5.82144157669758,5.864294809597263,-14.627557701184951,10.613799576600137,0.0,1.0,-1.0,-48.0,48.0,0.0
0.2875,80.0,115.61060965210436,3.0031675555895228,3.0031675555895228,-0.489893432717726,112.60744209651483,0.0,15.794160019829075,7.283982177710794,-23.07814219753987,-1.1523840430839694,-4.607832115934101,4.641181338900384,-11.576145871584622,13.724269688481126,0.0,1.0,-1.0,-48.0,48.0,0.0
0.288,80.0,115.86193706439154,2.9982951555083956,2.9982951555083956,-0.23369362034941774,112.86364190888314,0.0,12.141950303383528,12.853018036551607,-24.994968339935134,-0.8063450114434795,-3.106129992081534,3.1282060133758605,-7.802254343168396,16.393102622390323,0.0,1.0,-1.0,-48.0,48.0,0.0
0.2885,80.0,116.11326447667871,2.9954673058284595,2.9954673058284595,0.02046164161769596,113.11779717085025,0.0,8.68501919568184,17.799059418494394,-26.484078614176234,-0.3606368818325812,-1.3601811518630311,1.369724897758836,-3.4162813104729146,18.621998446183568,0.0,1.0,-1.0,-48.0,48.0,0.0
0.289,80.0,116.36459188896592,2.9949532338697593,2.9949532338697593,0.27230312586359684,113.36963865509615,0.0,4.016209914819562,20.74678860986598,-24.762998524685543,0.1440450209806537,0.541221472583793,-0.5450093961401931,1.359325875524391,18.61451315863262,-1.0,1.0,0.0,-48.0,0.0,48.0
0.2895,80.0,116.61591930125309,2.9967548948718252,2.9967548948718252,0.5218288771487023,113.61916440638126,0.0,-1.7385678983203867,21.874990665361846,-20.13642276704146,0.6025824664184635,2.294557694484036,-2.3107554546414457,5.763365298958296,16.600743037920385,-1.0,1.0,0.0,-48.0,0.0,48.0
0.29,80.0,116.86724671354027,3.0006309131821447,3.0006309131821447,0.7692802711255622,113.86661580035812,0.0,-7.161573501663202,22.670948560686742,-15.50937505902354,0.9800844869605058,3.8429476770746334,-3.8705162232521024,9.653800129051222,14.51590129506717,-1.0,1.0,0.0,-48.0,0.0,48.0
0.2905,80.0,117.11857412582745,3.006321274539381,3.006321274539381,1.0149173220555197,114.11225285128808,0.0,-12.264663683441887,23.186989164466834,-10.922325481024947,1.2642823302979322,5.182159270783652,-5.220011183930736,13.020145972627617,12.41670675455838,-1.0,1.0,0.0,-48.0,0.0,48.0
0.291,80.0,117.36990153811465,3.013561686636198,3.013561686636198,1.2590043222458958,114.35633985147845,0.0,-16.12963815179807,21.61539835135121,-5.485760199553143,1.4481138964978049,6.296323881296886,-6.3429521074433035,15.822046251489965,9.324704754610913,-1.0,0.0,1.0,0.0,-48.0,48.0
0.2915,80.0,117.62122895040183,3.0219510144068686,3.0219510144068686,1.5019424067624056,114.59927793599496,0.0,-17.958428509599187,16.409717949700305,1.5487105598988822,1.4922727326205565,6.974806584477196,-7.026654222501665,17.52919272088196,4.379750011692703,-1.0,0.0,1.0,0.0,-48.0,48.0
0.292,80.0,117.872556362689,3.030890992468123,3.030890992468123,1.7443298409883239,114.84166537022088,0.0,-19.664277661350248,11.472406074839334,8.191871586510912,1.414041554418201,7.176566590716581,-7.2293851965832605,18.037357976644653,-0.26033828151851335,-1.0,0.0,1.0,0.0,-48.0,48.0
0.2925,80.0,118.12388377497618,3.039801978641995,3.039801978641995,1.9867462671016325,115.08408179633419,0.0,-21.243320112801598,6.858493622290975,14.384826490510621,1.2505885974306705,6.93395119886751,-6.983762694219183,17.427413090744437,-4.5600806053871334,-1.0,0.0,1.0,0.0,-48.0,48.0
0.293,80.0,118.37521118726337,3.0481468079544283,3.0481468079544283,2.229728850076394,115.32706437930895,0.0,-21.762414319370684,2.1488120927028183,19.613602226667865,1.0359958411518015,6.282554512792515,-6.326091409487325,15.78915089401707,-8.431307235388205,0.0,-1.0,1.0,48.0,-48.0,0.0
0.2935,80.0,118.62653859955056,3.055445635487578,3.055445635487578,2.4737574348304276,115.57109296406298,0.0,-17.70895402219745,-4.376492438373721,22.08544646057117,0.8001670400814862,5.281422785173525,-5.316495700754709,13.271757962163989,-11.656436909409852,0.0,-1.0,1.0,48.0,-48.0,0.0
0.294,80.0,118.87786601183774,3.061290773736569,3.061290773736569,2.719239708868609,115.81657523810117,0.0,-13.895519281883681,-10.286876418206427,24.182395700090108,0.5599273077693538,3.9750491834103756,-4.000357309991313,9.987850997393924,-14.558641679526064,0.0,-1.0,1.0,48.0,-48.0,0.0
0.2945,80.0,119.12919342412492,3.065319729144804,3.065319729144804,2.9665381657475605,116.06387369498012,0.0,-10.306073184564681,-15.573831163595802,25.879904348160483,0.32011742330888693,2.3967458901860046,-2.4115023184085875,6.021610771850761,-17.110889871114658,0.0,-1.0,1.0,48.0,-48.0,0.0
0.295,80.0,119.38052083641212,3.0672137131201396,3.0672137131201396,-3.0672137131201653,116.31330712329198,0.0,-6.925644736518972,-20.235340663111543,27.160985399630516,0.0758144574380741,0.5825420377823204,-0.586067874474201,1.4635182237612958,-19.289941940352183,0.0,-1.0,1.0,48.0,-48.0,0.0
0.2955,80.0,119.6318482486993,3.0667726545552876,3.0667726545552876,-2.815445242268138,116.565075594144,0.0,-1.0171835973004306,-21.563083891268032,22.580267488568463,-0.16472737491626188,-1.2580391049555437,1.2656843632760566,-3.1606012564291532,-17.678361706544994,1.0,-1.0,0.0,48.0,0.0,-48.0
0.296,80.0,119.88317566098647,3.0641233168582422,3.0641233168582422,-2.561468492283919,116.81905234412822,0.0,4.5284602571752295,-22.51690065577609,17.98844039860086,-0.39778640788090297,-2.930786081724629,2.9490182785610775,-7.363542962150951,-15.921561026735088,1.0,-1.0,0.0,48.0,0.0,-48.0
0.2965,80.0,120.13450307327365,3.0594852024752184,3.0594852024752184,-2.30550296561371,117.07501787079843,0.0,9.735234520146951,-23.151309350141535,13.416074829994583,-0.63732181826982,-4.4215063306858156,4.450048571708021,-11.110042091724628,-14.028872873568393,1.0,-1.0,0.0,48.0,0.0,-48.0
0.297,80.0,120.38583048556085,3.0530947408205225,3.0530947408205225,-2.047785091671824,117.33273574474032,0.0,14.626723482772219,-23.520129019898985,8.893405537126766,-0.8908163257048786,-5.717407780374711,5.755945921884983,-14.367891456914325,-12.0152916267877,1.0,-1.0,0.0,48.0,0.0,-48.0
0.2975,80.0,120.63715789784803,3.0452412788728176,3.0452412788728176,-1.7886042174369383,117.5919166189752,0.0,16.94297247989975,-19.117135468947364,2.174162989047611,-1.1407395442562427,-6.699800586252472,6.746884749584818,-16.83826842894053,-7.329869122352351,1.0,0.0,-1.0,0.0,48.0,-48.0
0.298,80.0,120.88848531013521,3.0364697759293064,3.0364697759293064,-1.528505302206239,117.8520155342059,0.0,18.691328813612213,-14.011573688236433,-4.67975512537578,-1.3390443377802814,-7.177052922374581,7.2291677905351515,-18.03861754029984,-2.311848608112108,1.0,0.0,-1.0,0.0,48.0,-48.0
0.2985,80.0,121.13981272242239,3.0274065517440714,3.0274065517440714,-1.2681146657338165,118.11240617067833,0.0,20.342698065688523,-9.213086780896232,-11.12961128479229,-1.4595011042519366,-7.168220757205463,7.221273382934798,-18.016109014485686,2.443297611458111,1.0,0.0,-1.0,0.0,48.0,-48.0
0.299,80.0,121.39114013470959,3.018645413644811,3.018645413644811,-1.0080261153473604,118.37249472106478,0.0,21.892903861101964,-4.7767661965522255,-17.11613766454974,-1.4761983823217322,-6.702276094283794,6.752100262758138,-16.843571543591747,6.879356952251879,1.0,0.0,-1.0,0.0,48.0,-48.0
0.2995,80.0,121.64246754699677,3.010737124823328,3.010737124823328,-0.7487904142386956,118.63173042217345,0.0,19.66381367506908,1.0888851636385275,-20.752698838707605,-1.3713346116755083,-5.824783775767234,5.867739608621076,-14.63627485646893,10.595566386082384,0.0,1.0,-1.0,-48.0,48.0,0.0
0.3,80.0,121.89379495928394,3.004148371277847,3.004148371277847,-0.49087424840605576,118.88964658800609,0.0,15.788491866752866,7.284334512117956,-23.072826378870822,-1.1448328083925947,-4.612812726471797,4.646300587074025,-11.588984202383742,13.709548516115701,0.0,1.0,-1.0,-48.0,48.0,0.0
0.3005,80.0,122.14512237157112,2.999268706282542,2.999268706282542,-0.23466717112355903,119.14585366528858,0.0,12.13599050122529,12.854657417715913,-24.990647918941203,-0.8020551013784651,-3.1124267070910223,3.13463669081491,-7.818326520676299,16.38196021929055,0.0,1.0,-1.0,-48.0,48.0,0.0
0.301,80.0,122.39644978385832,2.996432199086707,2.996432199086707,0.019496748359460588,119.4000175847716,0.0,8.679178449312577,17.801898756163727,-26.481077205476304,-0.3599793076775978,-1.3674621156689821,1.3771009828755554,-3.434689258086497,18.614453718676792,0.0,1.0,-1.0,-48.0,48.0,0.0
0.3015,80.0,122.6477771961455,2.9959085317784497,2.9959085317784497,0.2713478279549005,119.65186866436704,0.0,4.010901768183967,20.750671057702608,-24.761572825886574,0.1409440102781084,0.5333269794525972,-0.5370770206440579,1.3395454791856574,18.61159433855326,-1.0,1.0,0.0,-48.0,0.0,48.0
0.302,80.0,122.89910460843268,2.9977002350789115,2.9977002350789115,0.5208835369416274,119.90140437335377,0.0,-1.7429819622525464,21.879703677733293,-20.136721715480746,0.5962559895493168,2.2865891198740607,-2.302798933537668,5.743541052196969,16.603250393027302,-1.0,1.0,0.0,-48.0,0.0,48.0
0.3025,80.0,123.15043202071985,3.0015666048065475,3.0015666048065475,0.7683445795011632,120.1488654159133,0.0,-7.164825707838897,22.676235994307174,-15.511410286468276,0.9711730990849291,3.8354468847059797,-3.863055737726416,9.63523904320575,14.52342330003565,-1.0,1.0,0.0,-48.0,0.0,48.0
0.303,80.0,123.40175943300703,3.007248252716049,3.007248252716049,1.0139903438788334,120.39451118029098,0.0,-12.266573663954324,23.192559954454058,-10.925986290499734,1.2533941884657025,5.175627166304305,-5.213519392372521,13.00404184060485,12.428753659902565,-1.0,1.0,0.0,-48.0,0.0,48.0
0.3035,80.0,123.65308684529424,3.0144814500904284,3.0144814500904284,1.258084558791668,120.63860539520381,0.0,-16.13010171372273,21.620934558661357,-5.490832844938627,1.4358209630314136,6.291199313694392,-6.337838187703159,15.809436737614151,9.340097501140988,-1.0,0.0,1.0,0.0,-48.0,48.0
0.304,80.0,123.90441425758141,3.02286547097705,3.02286547097705,1.5010279501922124,120.88154878660436,0.0,-17.957424867431186,16.41490380514295,1.542521062288236,1.4794089927635157,6.971337562479538,-7.023140687997816,17.520642224922536,4.39676332761934,-1.0,0.0,1.0,0.0,-48.0,48.0
0.3045,80.0,124.15574166986859,3.031802264702877,3.031802264702877,1.7434185687535713,121.12393940516571,0.0,-19.66188320149424,11.47696405633157,8.184919145162672,1.4014168579349562,7.174905417327613,-7.2276158171969715,18.03322222515995,-0.24209839021666069,-1.0,0.0,1.0,0.0,-48.0,48.0
0.305,80.0,124.40706908215579,3.0407123426030007,3.0407123426030007,1.9858359031406418,121.36635673955278,0.0,-21.239690763248557,6.862185363261767,14.37750539998679,1.2388880584043733,6.934198032803848,-6.983847666142599,17.42795116383871,-4.540990148112397,-1.0,0.0,1.0,0.0,-48.0,48.0
0.3055,80.0,124.65839649444297,3.049058646009122,3.049058646009122,2.2288170120217097,121.60933784843385,0.0,-21.75776845282553,2.151436898411583,19.60633155441395,1.0258030098043704,6.284758032746073,-6.328104272967023,15.794518647230506,-8.41233832385829,0.0,-1.0,1.0,48.0,-48.0,0.0
0.306,80.0,124.90972390673015,3.0563612720869355,3.0563612720869355,2.4728417982310757,121.85336263464322,0.0,-17.70355586766953,-4.37508340447574,22.078639272145267,0.7919247915048861,5.285359909484585,-5.320244992121545,13.281442625707209,-11.64086986584585,0.0,-1.0,1.0,48.0,-48.0,0.0
0.3065,80.0,125.16105131901732,3.0622121549356818,3.0622121549356818,2.718318327669496,122.09883916408164,0.0,-13.889663123191484,-10.286746412481824,24.176409535673308,0.5540218046411135,3.9803615236761654,-4.005518301517865,10.00100367102254,-14.546459685348788,0.0,-1.0,1.0,48.0,-48.0,0.0
0.307,80.0,125.4123787313045,3.0662483781386696,3.0662483781386696,2.9656095167536902,122.34613035316583,0.0,-10.300079416246282,-15.574958636671271,25.875038052917553,0.3169325522963804,2.4030795122693616,-2.417753048669133,6.037389997515286,-17.102050164365526,0.0,-1.0,1.0,48.0,-48.0,0.0
0.3075,80.0,125.6637061435917,3.0681507355828965,3.0681507355828965,-3.068150735582923,122.5955554080088,0.0,-6.919857665449555,-20.237625966230134,27.15748363167969,0.07573110244225184,0.5895527066301657,-0.5930897622739884,1.4810964336209622,-19.28437640967948,0.0,-1.0,1.0,48.0,-48.0,0.0
0.308,80.0,125.91503355587888,3.0677187074382033,3.0677187074382033,-2.8163912951510546,122.84731484844067,0.0,-1.0119568123723859,-21.56635679335067,22.578313605723057,-0.16164181868903416,-1.250771313711591,1.2583060546932194,-3.142268753131668,-17.67785890925503,1.0,-1.0,0.0,48.0,0.0,-48.0
0.3085,80.0,126.16636096816606,3.065078465291968,3.065078465291968,-2.5624236407176304,123.1012825028741,0.0,4.53281312448301,-22.52092999677983,17.98811687229682,-0.39178034683804147,-2.923746766485066,2.941785977878956,-7.345695101681459,-15.925901840773582,1.0,-1.0,0.0,48.0,0.0,-48.0
0.309,80.0,126.41768838045326,3.060448906473069,3.060448906473069,-2.306466669611543,123.35723947398019,0.0,9.738451354049639,-23.155812648483877,13.417361294434238,-0.6286706115816606,-4.41515100833553,4.443445387393273,-11.093859073123205,-14.037806188399099,1.0,-1.0,0.0,48.0,0.0,-48.0
0.3095,80.0,126.66901579274044,3.054065886681833,3.054065886681833,-2.048756237533117,123.61494990605861,0.0,14.62859495292599,-23.524782673245348,8.896187720319357,-0.879839737020755,-5.712159653345793,5.750431473381657,-14.354486542684915,-12.02853286671548,1.0,-1.0,0.0,48.0,0.0,-48.0
0.31,80.0,126.92034320502762,3.046218238644539,3.046218238644539,-1.789581177208651,123.87412496638308,0.0,16.943350731433913,-19.121591862370625,2.178241130936711,-1.127997586815441,-6.695979740063764,6.742824123931302,-16.828508102956643,-7.345465745372777,1.0,0.0,-1.0,0.0,48.0,-48.0
0.3105,80.0,127.17167061731479,3.037450602836592,3.037450602836592,-1.5294861291135269,124.1342200144782,0.0,18.69016857605576,-14.015511817915167,-4.6746567581405944,-1.3254835930208426,-7.1748283052001565,7.226773444364371,-18.03298308285218,-2.3292149496541965,1.0,0.0,-1.0,0.0,48.0,-48.0
0.311,80.0,127.42299802960197,3.0283890779134612,3.0283890779134612,-1.2690971919032186,124.39460895168851,0.0,20.340068937029507,-9.216232790930476,-11.123836146099032,-1.4461025683579234,-7.1677444085353335,7.220721690567968,-18.015008489591608,2.424442366661081,1.0,0.0,-1.0,0.0,48.0,-48.0
0.3115,80.0,127.67432544188917,3.0196272855151296,3.0196272855151296,-1.0090079872176907,124.65469815637404,0.0,21.888983201789316,-4.778894745099065,-17.11008845669025,-1.4639436467672462,-6.7036856462341925,6.753529866276139,-16.847337940835867,6.8593343113066645,1.0,0.0,-1.0,0.0,48.0,-48.0
0.312,80.0,127.92565285417635,3.0117158691784005,3.0117158691784005,-0.7497691585937836,124.91393698499795,0.0,19.65887501783425,1.0879479781016856,-20.746822995935936,-1.3611235550941667,-5.828105144574675,5.871155217278179,-14.644923816982432,10.577497914774746,0.0,1.0,-1.0,-48.0,48.0,0.0
0.3125,80.0,128.17698026646352,3.0051217339929486,3.0051217339929486,-0.4918476111211638,125.17185853247057,0.0,15.782877265941083,7.28467945027729,-23.067556716218373,-1.1373302507424452,-4.617756270983414,4.651375855812488,-11.601716592847394,13.694964280741868,0.0,1.0,-1.0,-48.0,48.0,0.0
0.313,80.0,128.42830767875074,3.0002348650065844,3.0002348650065844,-0.23563332984757815,125.42807281374415,0.0,12.130083969276303,12.856280221109753,-24.986364190386055,-0.7977797142822406,-3.118672395618794,3.1410116010932763,-7.8342621728413,16.370925317626075,0.0,1.0,-1.0,-48.0,48.0,0.0
0.3135,80.0,128.6796350910379,2.9973897746428704,2.9973897746428704,0.0185391728033104,125.68224531639504,0.0,8.673386859748103,17.80471291700809,-26.478099776756192,-0.3593003694635473,-1.37468068689165,1.3844126105183814,-3.4529376168162913,18.60698583330142,0.0,1.0,-1.0,-48.0,48.0,0.0
0.314,80.0,128.93096250332508,2.996856595880774,2.996856595880774,0.2703997638525757,125.9341059074443,0.0,4.005635013855642,20.754520817868467,-24.76015583172411,0.13789961563362121,0.5255030567876228,-0.5292144122975636,1.3199393717052614,18.608711509136022,-1.0,1.0,0.0,-48.0,0.0,48.0
0.3145,80.0,129.18228991561227,2.99863842984394,2.99863842984394,0.5199453421766074,126.18365148576834,0.0,-1.7473653693897298,21.884377988513982,-20.137012619124253,0.5900144178026477,2.2786942102176915,-2.2949128159015943,5.723893940780306,16.605744965319207,-1.0,1.0,0.0,-48.0,0.0,48.0
0.315,80.0,129.43361732789944,3.0024952377883096,3.0024952377883096,0.7674159465194017,126.43112209011113,0.0,-7.168059921782255,22.681480538742417,-15.513420616960161,0.962367163780635,3.828017649477352,-3.855661651449725,9.6168461181055,14.530886900059853,-1.0,1.0,0.0,-48.0,0.0,48.0
0.3155,80.0,129.68494474018664,3.008168251791357,3.008168251791357,1.013070344803547,126.67677648839528,0.0,-12.26847930320365,23.198085774267057,-10.929606471063407,1.242624891245926,5.1691596567547355,-5.207085719526032,12.988085981000761,12.440700604404553,-1.0,1.0,0.0,-48.0,0.0,48.0
0.316,80.0,129.93627215247383,3.0153943015508435,3.0153943015508435,1.257171707331262,126.92087785092299,0.0,-16.130574771445843,21.626426052088107,-5.4958512806422615,1.4236537553356932,6.2861280632048935,-6.332770361942959,15.796946013470164,9.355358582693373,-1.0,0.0,1.0,0.0,-48.0,48.0
0.3165,80.0,130.187599564761,3.0237730663401963,3.0237730663401963,1.500120354829074,127.1638264984208,0.0,-17.95644395303308,16.42004755937966,1.5363963936534197,1.466669773033918,6.96790772190877,-7.019659102736687,17.51217536951141,4.413627778674701,-1.0,0.0,1.0,0.0,-48.0,48.0
0.317,80.0,130.4389269770482,3.0327067079516166,3.0327067079516166,1.7425141255048495,127.40622026909658,0.0,-19.659523264153577,11.48148465298621,8.17803861116737,1.388907958994891,7.173267312564275,-7.225862858098949,18.02913116935663,-0.22402051353710917,-1.0,0.0,1.0,0.0,-48.0,48.0
0.3175,80.0,130.69025438933537,3.0416158895889844,3.0416158895889844,1.9849323561546535,127.64863849974638,0.0,-21.23610563922765,6.865846269692449,14.3702593695352,1.2272883924275046,6.9344504599140855,-6.983932505312265,17.42849220416746,-4.522070855368638,-1.0,0.0,1.0,0.0,-48.0,48.0
0.318,80.0,130.94158180162256,3.049963657745954,3.049963657745954,2.2279120002848836,127.89161814387661,0.0,-21.75317393535653,2.154038982789031,19.599134952567496,1.0156910493896785,6.286948919781498,-6.330099806519092,15.799845932396797,-8.393540794294138,0.0,-1.0,1.0,48.0,-48.0,0.0
0.3185,80.0,131.19290921390973,3.057270051996502,3.057270051996502,2.4719330183214887,128.13563916191322,0.0,-17.698213312521116,-4.37368779902799,22.071901111549106,0.7837404905775002,5.289267840575657,-5.323961373725158,13.291047421492284,-11.625446563130069,0.0,-1.0,1.0,48.0,-48.0,0.0
0.319,80.0,131.4442366261969,3.0631266311087817,3.0631266311087817,2.7174038514963805,128.3811099950881,0.0,-13.883863871394876,-10.286619994579343,24.17048386597422,0.548149343235975,3.9856309896172486,-4.010633566927189,10.014044032686332,-14.534393471625137,0.0,-1.0,1.0,48.0,-48.0,0.0
0.3195,80.0,131.69556403848412,3.0671700592986046,3.0671700592986046,2.964687835593788,128.62839397918552,0.0,-10.294140881208438,-15.576079943379035,25.870220824587474,0.31375380379109075,2.4093594686199493,-2.4239480129842557,6.053031472225111,-17.093298191458157,0.0,-1.0,1.0,48.0,-48.0,0.0
0.32,80.0,131.9468914507713,3.0690807164360745,3.0690807164360745,-3.069080716436103,128.8778107343352,0.0,-6.9141211311421635,-20.23989602939502,27.154017160537183,0.07562482531872992,0.596501742503277,-0.6000486395037051,1.4985184567000336,-19.278870658860406,0.0,-1.0,1.0,48.0,-48.0,0.0
0.3205,80.0,132.19821886305846,3.068657637795883,3.068657637795883,-2.817330225508753,129.12956122526256,0.0,-1.0067729082593253,-21.56960660723872,22.576379515498044,-0.15860759464306737,-1.2435695798389124,1.2509943850431087,-3.1241019083540262,-17.67737227649277,1.0,-1.0,0.0,48.0,0.0,-48.0
0.321,80.0,132.44954627534565,3.0660264082530437,3.0660264082530437,-2.5633715836787,129.38351986709262,0.0,4.537133237571371,-22.524930093163903,17.98779685559253,-0.3858505984085538,-2.9167737468742456,2.9346195624087703,-7.3280115998816004,-15.930216282693223,1.0,-1.0,0.0,48.0,0.0,-48.0
0.3215,80.0,132.70087368763285,3.0614053253343707,3.0614053253343707,-2.307423088472829,129.6394683622985,0.0,9.741647459466051,-23.160282638200897,13.418635178734846,-0.6201171485791467,-4.408858244532263,4.436903036098314,-11.077828631163408,-14.046671848414787,1.0,-1.0,0.0,48.0,0.0,-48.0
0.322,80.0,132.95220109992002,3.0550296761835347,3.0550296761835347,-2.0497200270348213,129.8971714237365,0.0,14.630459051515967,-23.52940137746085,8.898942325944883,-0.8689783894148531,-5.70696655611912,5.744968642665483,-14.341212287925302,-12.04166671213196,1.0,-1.0,0.0,48.0,0.0,-48.0
0.3225,80.0,133.2035285122072,3.047187784042216,3.047187784042216,-1.7905507226063244,130.156340728165,0.0,16.943735669543923,-19.12601429437347,2.1822786248295474,-1.1153824523135207,-6.692203244461705,6.738802526952381,-16.818848221766157,-7.360930579257826,1.0,0.0,-1.0,0.0,48.0,-48.0
0.323,80.0,133.45485592449438,3.038423973808675,3.038423973808675,-1.5304595000856105,130.4164319506857,0.0,18.689028848810302,-14.019419422199267,-4.6696094266110375,-1.3120521137334562,-7.172635133966027,7.2244034980876375,-18.027413597758965,-2.3464296525438186,1.0,0.0,-1.0,0.0,48.0,-48.0
0.3235,80.0,133.70618333678158,3.0293641255156767,3.0293641255156767,-1.2700722395054223,130.6768192112659,0.0,20.337472869145707,-9.219353819780574,-11.11811904936513,-1.4328260482522104,-7.16728436694991,7.220178046169371,-18.0139327954934,2.4057561412911856,1.0,0.0,-1.0,0.0,48.0,-48.0
0.324,80.0,133.95751074906875,3.020601677279777,3.020601677279777,-1.0099823789823554,130.93690907178896,0.0,21.88510589287556,-4.781005610653149,-17.10410028222241,-1.4517939066146661,-6.705094192658511,6.754949780599427,-16.851085072387363,6.839494808761047,1.0,0.0,-1.0,0.0,48.0,-48.0
0.3245,80.0,134.20883816135594,3.0126871545177556,3.0126871545177556,-0.7507404439331233,131.1961510068382,0.0,19.65398687196555,1.0870198002982983,-20.741006672263847,-1.3509919315161367,-5.8314070499528405,5.874543189123905,-14.653508363626527,10.559598988543774,0.0,1.0,-1.0,-48.0,48.0,0.0
0.325,80.0,134.46016557364314,3.006087679925533,3.006087679925533,-0.4928135570537202,131.4540778937176,0.0,15.77731670906831,7.285023948858951,-23.062340657927262,-1.1298765305208482,-4.622663680490825,4.656408206074594,-11.614345625250703,13.680521735937003,0.0,1.0,-1.0,-48.0,48.0,0.0
0.3255,80.0,134.7114929859303,3.001193666874841,3.001193666874841,-0.2365921317158646,131.71029931905545,0.0,12.124231203883266,12.857893055923963,-24.98212425980723,-0.7935192382034556,-3.12486756832636,3.147331322396047,-7.850062708069572,16.360002547118096,0.0,1.0,-1.0,-48.0,48.0,0.0
0.326,80.0,134.9628203982175,2.998340067273168,2.998340067273168,0.017588880173010153,131.96448033094433,0.0,8.667644948233026,17.80750809988916,-26.475153048122184,-0.3586006538984167,-1.3818369724696251,1.3916598910656586,-3.471026657465074,18.599599255230093,0.0,1.0,-1.0,-48.0,48.0,0.0
0.3265,80.0,135.21414781050467,2.9977974610930773,2.9977974610930773,0.26945889864026834,132.21635034941158,0.0,4.00041021370064,20.758343624625702,-24.758753838326342,0.1349110828145336,0.5177499862243862,-0.521421911644305,1.3005083792925962,18.605869013159655,-1.0,1.0,0.0,-48.0,0.0,48.0
0.327,80.0,135.46547522279184,2.9995695147662476,2.9995695147662476,0.5190142572542717,132.4659057080256,0.0,-1.7517175079618497,21.88901882113607,-20.13730131317422,0.5838568979069789,2.270873635914915,-2.2870978831619135,5.704425867061935,16.608231015806986,-1.0,1.0,0.0,-48.0,0.0,48.0
0.3275,80.0,135.71680263507906,3.0034168489420754,3.0034168489420754,0.7664943353656801,132.713385786137,0.0,-7.171275480083784,22.686686867681114,-15.51541138759733,0.953665787717963,3.8206610296812658,-3.8483351757461763,9.598624308042307,14.538296245266782,-1.0,1.0,0.0,-48.0,0.0,48.0
0.328,80.0,135.96813004736623,3.0090813103137792,3.0090813103137792,1.0121572862811397,132.95904873705246,0.0,-12.270379889748607,23.203570715384156,-10.933190825635549,1.2319735485946104,5.162758183957352,-5.200711793382612,12.972282369254742,12.452551603528724,-1.0,1.0,0.0,-48.0,0.0,48.0
0.3285,80.0,136.2194574596534,3.0163002818013944,3.0163002818013944,1.25626572708069,133.203157177852,0.0,-16.131056572606745,21.631876314206675,-5.500819741599929,1.4116114189143245,6.2811119477911905,-6.3277506589224375,15.784579038029179,9.370491826321787,-1.0,0.0,1.0,0.0,-48.0,48.0
0.329,80.0,136.4707848719406,3.024673843993262,3.024673843993262,1.4992195771760086,133.44611102794732,0.0,-17.95548498306636,16.425152065345134,1.530332917721225,1.4540542950579147,6.964519243807262,-7.016211869564229,17.50379803606782,4.4303469133149145,-1.0,0.0,1.0,0.0,-48.0,48.0
0.3295,80.0,136.7221122842278,3.0336043688676035,3.0336043688676035,1.7416164645888748,133.6885079153602,0.0,-19.657197048500116,11.485970074768955,8.171226973731159,1.3765142008969657,7.1716548025873745,-7.224129064192252,18.025091540398645,-0.2061014059604327,-1.0,0.0,1.0,0.0,-48.0,48.0
0.33,80.0,136.97343969651496,3.0425126698149616,3.0425126698149616,1.9840355759286885,133.9309270267,0.0,-21.23256393959686,6.869477902983182,14.36308603661368,1.215789112890827,6.934711328840819,-6.984020264172405,17.4290437140293,-4.503319807045083,-1.0,0.0,1.0,0.0,-48.0,48.0
0.3305,80.0,137.22476710880213,3.050861897306503,3.050861897306503,2.2270137607243066,134.17390521149562,0.0,-21.74862998668034,2.1566192611640695,19.592010725516268,1.0056596955199903,6.289130317290884,-6.332081333319113,15.80514093815309,-8.374912121779447,0.0,-1.0,1.0,48.0,-48.0,0.0
0.331,80.0,137.47609452108932,3.058172033596106,3.058172033596106,2.471031036721913,134.41792248749323,0.0,-17.692925621736084,-4.372305341052257,22.06523096278834,0.7756141272558887,5.293149964532527,-5.327648381621751,13.300581085908247,-11.610165146712227,0.0,-1.0,1.0,48.0,-48.0,0.0
0.3315,80.0,137.72742193337652,3.064034265105642,3.064034265105642,2.7164962174995555,134.66338766827087,0.0,-13.878120862329656,-10.286497494658448,24.164618356988104,0.5423101963897083,3.990861144396958,-4.015706785470968,10.026981197419612,-14.522441864724563,0.0,-1.0,1.0,48.0,-48.0,0.0
0.332,80.0,137.9787493456637,3.0680848400910326,3.0680848400910326,2.963773054801324,134.91066450557264,0.0,-10.288257013686247,-15.577195989932273,25.86545300361852,0.3105817728049058,2.415589433113233,-2.430090963776588,6.068544519058752,-17.084633461230613,0.0,-1.0,1.0,48.0,-48.0,0.0
0.3325,80.0,138.23007675795088,3.070003727824198,3.070003727824198,-3.0700037278242203,135.16007303012668,0.0,-6.9084346967445605,-20.24215228815152,27.15058698489608,0.07549659182026455,0.603392864681505,-0.6069482620847653,1.5157936541436188,-19.273424872895003,0.0,-1.0,1.0,48.0,-48.0,0.0
0.333,80.0,138.48140417023808,3.069589522423562,3.069589522423562,-2.818262110136393,135.4118146478145,0.0,-1.0016316096258961,-21.572835240156838,22.574466849782734,-0.15562335370973174,-1.2364302146617492,1.2437456731416052,-3.1060915168535805,-17.676902868797683,1.0,-1.0,0.0,48.0,0.0,-48.0
0.3335,80.0,138.73273158252525,3.0669672270549957,3.0669672270549957,-2.5643124024806436,135.66576435547026,0.0,4.541420681806645,-22.528903256659248,17.987482574852603,-0.3799954637767476,-2.9098634510858328,2.9275155122746614,-7.310483624695421,-15.934506274325646,1.0,-1.0,0.0,48.0,0.0,-48.0
0.334,80.0,138.98405899481244,3.062354544650951,3.062354544650951,-2.3083723077894174,135.92170445016149,0.0,9.744822709681525,-23.164721960559945,13.41989925087842,-0.6116594261546373,-4.402624667683179,4.430418243799613,-11.061942519532348,-14.055472612835324,1.0,-1.0,0.0,48.0,0.0,-48.0
0.3345,80.0,139.2353864070996,3.0559861988512442,3.0559861988512442,-2.0506765497025494,136.17940020824835,0.0,14.632315425237698,-23.53398802237196,8.901672597134263,-0.8582300378902508,-5.701825397931547,5.7395544826598295,-14.328061237221796,-12.054696723943927,1.0,-1.0,0.0,48.0,0.0,-48.0
0.335,80.0,139.48671381938678,3.0481500080832316,3.0481500080832316,-1.791512946647364,136.43856381130354,0.0,16.944126709531876,-19.13040581900452,2.186279109472643,-1.1028917546956256,-6.68846836239462,6.734817406365373,-16.809282296751075,-7.376267758162127,1.0,0.0,-1.0,0.0,48.0,-48.0
0.3355,80.0,139.73804123167398,3.0393899848386203,3.0393899848386203,-1.5314255111155344,136.69865124683537,0.0,18.687908825680633,-14.023299637380598,-4.6646091883000365,-1.298747528776773,-7.1704710865454,7.22205584064132,-18.021903690594698,-2.363497324203312,1.0,0.0,-1.0,0.0,48.0,-48.0
0.336,80.0,139.98936864396117,3.030331792944375,3.030331792944375,-1.2710399069340976,136.9590368510168,0.0,20.33490886141528,-9.22245300968256,-11.112455851732719,-1.4196693598789634,-7.166838782941266,7.219640818777934,-18.012877740604488,2.3872339348610003,1.0,0.0,-1.0,0.0,48.0,-48.0
0.3365,80.0,140.24069605624834,3.0215686891089604,3.0215686891089604,-1.0109493908115237,137.21912736713938,0.0,21.88127078328317,-4.78310187185712,-17.09816891142605,-1.439747339783645,-6.706500407991376,6.756358885437104,-16.854810035936953,6.819833148553871,1.0,0.0,-1.0,0.0,48.0,-48.0
0.337,80.0,140.49202346853554,3.0136510821305684,3.0136510821305684,-0.7517043715459321,137.47837238640497,0.0,19.64914799476943,1.0860976769277018,-20.73524567169713,-1.3409384294182476,-5.834688719050027,5.877902923971442,-14.662026914249452,10.541864476294766,0.0,1.0,-1.0,-48.0,48.0,0.0
0.3375,80.0,140.74335088082273,3.007046310843672,3.007046310843672,-0.4937721879718336,137.73630456997907,0.0,15.771808928348296,7.285365230400694,-23.05717415874899,-1.1224709231661025,-4.627534711334922,4.6613975205901905,-11.626870948266586,13.666216179627607,0.0,1.0,-1.0,-48.0,48.0,0.0
0.338,80.0,140.9946782931099,3.0021452135473075,3.0021452135473075,-0.2375436783882972,137.9925330795626,0.0,12.118430980241433,12.859493358277446,-24.97792433851888,-0.7892735780109551,-3.1310124723562485,3.15359617309755,-7.865728889009552,16.34918770950282,0.0,1.0,-1.0,-48.0,48.0,0.0
0.3385,80.0,141.24600570539707,2.999283178005383,2.999283178005383,0.016645769440779938,138.24672252739168,0.0,8.661951599229525,17.81028198036889,-26.472233579598416,-0.3578807079201838,-1.388931661411292,1.3988435248691609,-3.4889581226447377,18.592290352276706,0.0,1.0,-1.0,-48.0,48.0,0.0
0.339,80.0,141.49733311768426,2.9987312273581828,2.9987312273581828,0.2685251323751831,138.49860189032609,0.0,3.9952264227804264,20.762137407942326,-24.757363830722753,0.13197725143708364,0.5100666993165031,-0.513698498891609,1.2812499363513576,18.60306397735623,-1.0,1.0,0.0,-48.0,0.0,48.0
0.3395,80.0,141.74866052997146,3.0004935883453108,3.0004935883453108,0.5180901836752501,138.74816694162615,0.0,-1.756039104097109,21.893624365306312,-20.137585261209203,0.5777817882049511,2.263126045396917,-2.279352882103721,5.685133661141363,16.610706581052657,-1.0,1.0,0.0,-48.0,0.0,48.0
0.34,80.0,141.99998794225863,3.0043315350782747,3.0043315350782747,0.7655796492294459,138.99565640718035,0.0,-7.17447286079638,22.691853427361888,-15.517380566565508,0.9450669933086162,3.81337549058843,-3.841074912638755,9.580570063580133,14.545650256726722,-1.0,1.0,0.0,-48.0,0.0,48.0
0.3405,80.0,142.25131535454582,3.0099875232693565,3.0099875232693565,1.0112510733255622,139.24132783127646,0.0,-12.272275641626512,23.209013469517103,-10.93673782789059,1.221437982926304,5.156421125745491,-5.194396156594826,12.9566272921375,12.464306416623291,-1.0,1.0,0.0,-48.0,0.0,48.0
0.341,80.0,142.50264276683302,3.0171994839728082,3.0171994839728082,1.2553665249093147,139.48544328286022,0.0,-16.13154707813616,21.637284263912107,-5.505737185775948,1.3996917004691745,6.276149346305041,-6.3227776407788845,15.772332133314658,9.38549769626825,-1.0,0.0,1.0,0.0,-48.0,48.0
0.3415,80.0,142.7539701791202,3.0255678952677627,3.0255678952677627,1.4983255259015298,139.72840228385243,0.0,-17.954547678413963,16.43021644677485,1.5243312316391135,1.441560370666266,6.9611705778400825,-7.01279762619238,17.495506726657716,4.446921697276666,-1.0,0.0,1.0,0.0,-48.0,48.0
0.342,80.0,143.00529759140738,3.0344953371031687,3.0344953371031687,1.740725496353301,139.9708022543042,0.0,-19.654904066060404,11.49041962718618,8.164484438874224,1.3642335882908074,7.170066465232252,-7.222413193491617,18.021100137637657,-0.18833966653970258,-1.0,0.0,1.0,0.0,-48.0,48.0
0.3425,80.0,143.25662500369455,3.0434027714284557,3.0434027714284557,1.9831454743152026,140.2132222322661,0.0,-21.229065007656846,6.87307972713312,14.355985280523727,1.2043885208374439,6.93497939286154,-6.98410985894611,17.42960289004363,-4.484735237852943,-1.0,0.0,1.0,0.0,-48.0,48.0
0.343,80.0,143.50795241598172,3.0517534515533606,3.0517534515533606,2.2261222064774504,140.45619896442835,0.0,-21.744135830318115,2.159177332795922,19.58495849752219,0.9957076270125026,6.291301190619672,-6.33404795816083,15.81040133907534,-8.356450321082582,0.0,-1.0,1.0,48.0,-48.0,0.0
0.3435,80.0,143.75927982826892,3.0590673027058375,3.0590673027058375,2.470135767612172,140.70021252556307,0.0,-17.68769195099245,-4.370936317521033,22.05862826851348,0.7675447950590063,5.2970054585736435,-5.331305305472277,13.310041766472436,-11.595023821390072,0.0,-1.0,1.0,48.0,-48.0,0.0
0.344,80.0,144.01060724055608,3.0649351419280815,3.0649351419280815,2.7155953406770923,140.945672098628,0.0,-13.872433234668586,-10.286379102296566,24.158812336965152,0.5365038877412864,3.9960513581888026,-4.020737410101652,10.039813735987417,-14.510603276440298,0.0,-1.0,1.0,48.0,-48.0,0.0
0.3445,80.0,144.26193465284325,3.0689928048978707,3.0689928048978707,2.962865089994475,141.19294184794538,0.0,-10.282426984254508,-15.578306879515102,25.86073386376961,0.3074164260319229,2.421768948799864,-2.4361814940128377,6.083928078459614,-17.076054606636482,0.0,-1.0,1.0,48.0,-48.0,0.0
0.345,80.0,144.51326206513045,3.070919853680066,3.070919853680066,-3.0709198536801083,141.44234221145038,0.0,-6.9027976116038445,-20.24439476520248,27.147192376806323,0.07534682395354106,0.6102257689863756,-0.6137883381316519,1.5329212792159166,-19.26803791822619,0.0,-1.0,1.0,48.0,-48.0,0.0
0.3455,80.0,144.76458947741762,3.0705144449417237,3.0705144449417237,-2.8191870326545954,141.6940750324759,0.0,-0.9965322877624239,-21.57604263551092,22.572574923273343,-0.15268824997837438,-1.2293534028639186,1.2365601323946522,-3.088238100661739,-17.676450021545172,1.0,-1.0,0.0,48.0,0.0,-48.0
0.346,80.0,145.0159168897048,3.0679010050891278,3.0679010050891278,-2.565246180514818,141.94801588461567,0.0,4.545675930476701,-22.532849348758862,17.98717341828216,-0.37421374696804494,-2.903015989876492,2.920474009577055,-7.2931115902326455,-15.938771616220283,1.0,-1.0,0.0,48.0,0.0,-48.0
0.3465,80.0,145.267244301992,3.063296647609933,3.063296647609933,-2.3093144107484265,142.20394765438206,0.0,9.747977399870033,-23.16913038911126,13.421152989241227,-0.6032959735394081,-4.396450358948223,4.42399120765839,-11.046201160091968,-14.06420874196532,1.0,-1.0,0.0,48.0,0.0,-48.0
0.347,80.0,145.51857171427918,3.0569355376354443,3.0569355376354443,-2.0516258884867526,142.46163617664374,0.0,14.634164178879331,-23.538542284772316,8.904378105892985,-0.8475930179672203,-5.696736274488305,5.734189250444081,-14.315033934041855,-12.06762361256665,1.0,-1.0,0.0,48.0,0.0,-48.0
0.3475,80.0,145.76989912656637,3.0491049933951806,3.0491049933951806,-1.7924679319593066,142.72079413317118,0.0,16.944523764407265,-19.134766005820016,2.190242241412749,-1.0905237417330231,-6.684775244399113,6.730869114093153,-16.799811086641405,-7.391478264864346,1.0,0.0,-1.0,0.0,48.0,-48.0
0.348,80.0,146.02122653885354,3.0403487181084206,3.0403487181084206,-1.5323842443853677,142.98087782074512,0.0,18.686808240598474,-14.02715191792376,-4.659656322674712,-1.2855681403928994,-7.168336402606699,7.219730937590975,-18.016454394490804,-2.3804191739391607,1.0,0.0,-1.0,0.0,48.0,-48.0
0.3485,80.0,146.27255395114074,3.031292161785054,3.031292161785054,-1.2720002757747992,143.2412617893557,0.0,20.33237649579071,-9.225529695722312,-11.1068468000684,-1.4066310032284481,-7.166408021335548,7.219110604038668,-18.011844686151086,2.3688743374748285,1.0,0.0,-1.0,0.0,48.0,-48.0
0.349,80.0,146.5238813634279,3.02252840181588,3.02252840181588,-1.011909103518475,143.501352961612,0.0,21.87747734301261,-4.785182743444675,-17.092294599567936,-1.4278027793695534,-6.707904817097951,6.757757920209637,-16.85851456615364,6.800347761092484,1.0,0.0,-1.0,0.0,48.0,-48.0
0.3495,80.0,146.7752087757151,3.014607731864806,3.014607731864806,-0.7526610212801884,143.7606010438503,0.0,19.64435779461423,1.0851825114614995,-20.72954030607573,-1.3309623196990528,-5.837950856459493,5.8812353055065465,-14.6704815862178,10.52429298923499,0.0,1.0,-1.0,-48.0,48.0,0.0
0.35,80.0,147.0265361880023,3.007997705457028,3.007997705457028,-0.49472358258522176,144.01853848254527,0.0,15.766353324351822,7.28570430938613,-23.052057633737952,-1.1151131742889413,-4.632370227808883,4.666344794256128,-11.639294983253198,13.652046571429935,0.0,1.0,-1.0,-48.0,48.0,0.0
