time_s,command_frequency_Hz,command_electrical_angle_rad,mechanical_angle_raw_rad,rotor_angle_unwrapped_rad,phase_error_rad,phase_error_unwrapped_rad,load_torque_Nm,ia_A,ib_A,ic_A,ea_V,eb_V,ec_V,speed_rad_s,torque_Nm,cmd_a,cmd_b,cmd_c,vab_V,vbc_V,vca_V
0.0,0.0,0.0,0.0,0.0,0.0,0.0,0.0,0.0,0.0,0.0,0.0,0.0,0.0,0.0,0.0,1.0,-1.0,0.0,48.0,-24.0,-24.0
0.0005,0.0,0.0,3.4545147456032745e-05,3.4545147456032745e-05,-3.4545147456032745e-05,-3.4545147456032745e-05,0.0,4.081879176076604,-4.081879176076604,0.0,4.884223201992174e-06,-0.08227243118617866,0.08227216339326268,0.20608149669147297,1.6296759574482158,1.0,-1.0,0.0,48.0,-24.123405936874754,-23.87659406312525
0.001,0.0,0.0,0.0002716339399758159,0.0002716339399758159,-0.00027163393997581595,-0.0002716339399758159,0.0,7.88039511870828,-7.88039511870828,0.0,0.00015011591788316586,-0.3215832012187242,0.32157497065800056,0.8055141465356032,3.1475371013575133,1.0,-1.0,0.0,48.0,-24.482291513308418,-23.517708486691582
0.0015,0.0,0.0,0.000901054779449661,0.000901054779449661,-0.000901054779449661,-0.000901054779449661,0.0,11.401333353298964,-11.401333353298964,0.0,0.001094796006479623,-0.7070410341242777,0.7069810098823613,1.7709714495818967,4.558906164547117,1.0,-1.0,0.0,48.0,-25.059954128941264,-22.940045871058736
0.002,0.0,0.0,0.0020993005643709112,0.0020993005643709112,-0.0020993005643709112,-0.0020993005643709112,0.0,14.650904100735378,-14.650904100735378,0.0,0.004431280959258309,-1.2283930678029487,1.2281501395855614,3.0766619963364126,5.870645305943345,1.0,-1.0,0.0,48.0,-25.840131033007403,-22.15986896699259
0.0025,0.0,0.0,0.004030420767621724,0.004030420767621724,-0.004030420767621724,-0.004030420767621724,0.0,17.63556039205115,-17.63556039205115,0.0,0.012993090347461888,-1.8761591016802945,1.8754470465724367,4.698644835915118,7.090609896202671,1.0,-1.0,0.0,48.0,-26.80703005223886,-21.192969947761142
0.003,0.0,0.0,0.006846998290176458,0.006846998290176458,-0.006846998290176458,-0.006846998290176458,0.0,20.361796743839964,-20.361796743839964,0.0,0.0310783720044201,-2.641711614725179,2.6400099363698173,6.615015704972669,8.22716209242676,1.0,-1.0,0.0,48.0,-27.945326557730198,-20.054673442269802
0.0035,0.0,0.0,0.010691190302433828,0.010691190302433828,-0.010691190302433828,-0.010691190302433828,0.0,22.83594022277133,-22.83594022277133,0.0,0.06461209240952917,-3.5173075259737434,3.5137765722643466,8.805979303815096,9.288745688141107,1.0,-1.0,0.0,48.0,-29.240124289046456,-18.759875710953548
0.004,0.0,0.0,0.01569577992319813,0.01569577992319813,-0.01569577992319813,-0.01569577992319813,0.0,25.063942478342963,-25.063942478342963,0.0,0.12127051980592483,-4.496076965507651,4.489474834152506,11.253822901552558,10.283521678527144,1.0,-1.0,0.0,48.0,-30.676878057003364,-17.32312194299663
0.0045,0.0,0.0,0.02198519316234939,0.02198519316234939,-0.02198519316234939,-0.02198519316234939,0.0,27.051178313193475,-27.051178313193475,0.0,0.21059253613918413,-5.571973202298444,5.560586309941836,13.942806238089084,11.21906266407947,1.0,-1.0,0.0,48.0,-32.241276643021465,-15.758723356978535
0.005,0.0,0.0,0.02967644289571373,0.02967644289571373,-0.02967644289571373,-0.02967644289571373,0.0,28.80225353368098,-28.80225353368098,0.0,0.34410419727356745,-6.739686557609334,6.721293310798883,16.858982074432603,12.10210298586781,1.0,-1.0,0.0,48.0,-33.91908449096677,-14.080915509033236
0.0055,0.0,0.0,0.038879968586114,0.038879968586114,-0.038879968586114,-0.038879968586114,0.0,30.320822101818187,-30.320822101818187,0.0,0.5354854432119037,-7.994523928799836,7.966422126541503,19.989960735939068,12.938339405070364,1.0,-1.0,0.0,48.0,-35.69594136933547,-12.304058630664532
0.006,0.0,0.0,0.0497003467391703,0.0497003467391703,-0.0497003467391703,-0.0497003467391703,0.0,31.609409958987253,-31.609409958987253,0.0,0.8008095451028746,-9.33225486581285,9.291398001719822,23.324630226026606,13.732272880710209,1.0,-1.0,0.0,48.0,-37.55712066207481,-10.442879337925191
0.0065,0.0,0.0,0.06223685213549989,0.06223685213549989,-0.06223685213549989,-0.06223685213549989,0.0,32.669240430264374,-32.669240430264374,0.0,1.1588836382128507,-10.748925452182878,10.692229267836774,26.85284020548645,14.48707381397753,1.0,-1.0,0.0,48.0,-39.48725017482179,-8.512749825178211
0.007,0.0,0.0,0.07658385266842709,0.07658385266842709,-0.07658385266842709,-0.07658385266842709,0.0,33.50005428700757,-33.50005428700757,0.0,1.631706854919057,-12.240642947740639,12.165537199147526,30.565052106269853,15.204439039124981,1.0,-1.0,0.0,48.0,-41.47000524555831,-6.529994754441683
0.0075,0.0,0.0,0.09283101936031841,0.09283101936031841,-0.09283101936031841,-0.09283101936031841,0.0,34.09991735557698,-34.09991735557698,0.0,2.2450321772625075,-13.803337295031415,13.70864045666107,34.45194718965793,15.884387308629822,1.0,-1.0,0.0,48.0,-43.48779301554553,-4.512206984454474
0.008,0.0,0.0,0.11106332514206325,0.11106332514206325,-0.11106332514206325,-0.11106332514206325,0.0,34.46501189554742,-34.46501189554742,0.0,3.028956858617923,-15.432509367371473,15.319681702981866,38.50396758905577,16.524911403385453,1.0,-1.0,0.0,48.0,-45.52145795735864,-2.478542042641358
0.0085,0.0,0.0,0.13136078773067708,0.13136078773067708,-0.13136078773067708,-0.13136078773067708,0.0,34.58941785965297,-34.58941785965297,0.0,4.018360150424227,-17.122977964610975,16.997739086976825,42.71074100591269,17.121374177795868,1.0,-1.0,0.0,48.0,-47.55004799407019,-0.44995200592980034
0.009,0.0,0.0,0.1537976387627707,0.1537976387627707,-0.1537976387627707,-0.1537976387627707,0.0,34.4997378996851,-34.43012669423584,-0.06961120544926047,5.252561209257258,-18.867644171499933,18.74180090506745,47.05784025332306,17.627726229022205,1.0,-1.0,0.0,48.0,-48.0,0.0
0.0095,0.0,0.0,0.17843607043997825,0.17843607043997825,-0.17843607043997828,-0.17843607043997825,0.0,34.25770550539773,-33.9051458415133,-0.3525596638844265,6.771619833151619,-20.650777054161058,20.543851287617688,51.50956387566347,17.95598259632437,1.0,-1.0,0.0,48.0,-48.0,0.0
0.01,0.0,0.0,0.20531711038602726,0.20531711038602726,-0.20531711038602726,-0.20531711038602726,0.0,33.842990051124595,-33.01238123148088,-0.8306088196437114,8.612822567226255,-22.45307557821924,22.39273065827697,56.020704992127236,18.102477643292985,1.0,-1.0,0.0,48.0,-48.0,0.0
0.0105,0.0,0.0,0.23445899217409596,0.23445899217409596,-0.23445899217409596,-0.23445899217409596,0.0,33.23041287547238,-31.753564559598058,-1.4768483158743235,10.805450151456892,-24.255521788425135,24.275403469804967,60.545046339467625,18.059574222002425,1.0,-1.0,0.0,48.0,-48.0,0.0
0.011,0.0,0.0,0.26585617507058146,0.26585617507058146,-0.26585617507058146,-0.26585617507058146,0.0,32.39418562427735,-30.132150768853418,-2.262034855423931,13.361864621809985,-26.03895553102826,26.172149963382036,65.03331227410617,17.810166833104876,1.0,-1.0,0.0,48.0,-48.0,0.0
0.0115,0.0,0.0,0.299477199687809,0.299477199687809,-0.299477199687809,-0.299477199687809,0.0,31.309964225253697,-28.15512106963514,-3.1548431556185585,16.266050312017292,-27.783210765307018,28.049326813144177,69.43068596158692,17.327178505845126,1.0,-1.0,0.0,48.0,-48.0,0.0
0.012,0.0,0.0,0.3352613328816895,0.3352613328816895,-0.3352613328816895,-0.3352613328816895,0.0,29.957722467081936,-25.835937638026873,-4.121784829055063,19.46150888181267,-29.465897460715805,29.85030863048922,73.67459166942842,16.576474930997808,1.0,-1.0,0.0,48.0,-48.0,0.0
0.0125,0.0,0.0,0.37311438195982666,0.37311438195982666,-0.37311438195982666,-0.37311438195982666,0.0,28.325223268404752,-23.198583655708862,-5.12663961269589,22.842328280395726,-31.061211022719586,31.48671275855397,77.69379373287796,15.524652150672269,1.0,-1.0,0.0,48.0,-48.0,0.0
0.013,0.0,0.0,0.41290465302929796,0.41290465302929796,-0.41290465302929796,-0.41290465302929796,0.0,26.411488014531706,-20.282121213660435,-6.1293668008712725,26.252814069917672,-32.539538939095685,32.83389768457432,81.41008164190356,14.151757761543374,1.0,-1.0,0.0,48.0,-48.0,0.0
0.0135,0.0,0.0,0.45446061654147923,0.45446061654147923,-0.45446061654147923,-0.45446061654147923,0.0,24.229299721371795,-17.144554471439015,-7.08474524993278,29.500831592634356,-33.86882645771304,33.73600147051288,84.74351206763623,12.466316639821487,1.0,-1.0,0.0,48.0,-48.0,0.0
0.014,0.0,0.0,0.49757209798556284,0.49757209798556284,-0.49757209798556284,-0.49757209798556284,0.0,21.805660261238174,-13.864276225513631,-7.9413840357245435,32.386495540710044,-35.01829373949108,34.02482337472347,87.62112707629389,10.51696157930668,1.0,-1.0,0.0,48.0,-48.0,0.0
0.0145,0.0,0.0,0.5419963722935992,0.5419963722935992,-0.5419963722935992,-0.5419963722935992,0.0,19.179499864187072,-10.537436799450171,-8.642063064736899,34.74110291671771,-35.96398464716412,33.55236104688098,89.9874153268664,8.393657836123115,1.0,-1.0,0.0,48.0,-48.0,0.0
0.015,0.0,0.0,0.5874692676851639,0.5874692676851639,-0.5874692676851639,-0.5874692676851639,0.0,16.396846353768552,-7.270539344930541,-9.12630700883801,36.46417427185428,-36.694171786219336,32.22961941204635,91.81327022192714,6.214204980854531,1.0,-1.0,0.0,48.0,-48.0,0.0
0.0155,0.0,0.0,0.633719616471459,0.633719616471459,-0.633719616471459,-0.633719616471459,0.0,13.50475562214831,-4.169291106597523,-9.335464515550786,37.54412811786418,-37.211871289380305,30.058256736508433,93.09990136983255,4.09843194813198,1.0,-1.0,0.0,48.0,-48.0,0.0
0.016,0.0,0.0,0.6804839299704117,0.6804839299704117,-0.6804839299704117,-0.6804839299704117,0.0,10.545957499951436,-1.3264518168181678,-9.219505683133269,38.053635824156196,-37.53258658877277,27.14156532068211,93.87570526830204,2.13969500941162,1.0,-1.0,0.0,48.0,-48.0,0.0
0.0165,0.0,0.0,0.7275178646656522,0.7275178646656522,-0.7275178646656522,-0.7275178646656522,0.0,7.555908108810594,1.1878867890331746,-8.743794897843769,38.121744579621485,-37.67775399495443,23.668692310996374,94.1869539228579,0.38575726466697313,1.0,-1.0,0.0,48.0,-48.0,0.0
0.017,0.0,0.0,0.7746021700448105,0.7746021700448105,-0.7746021700448105,-0.7746021700448105,0.0,4.562849943465791,3.3309698011821536,-7.893819744647945,37.89462561764743,-37.66676722012436,19.876869372640698,94.08574298733963,-1.1634472365438098,1.0,-1.0,0.0,48.0,-48.0,0.0
0.0175,0.0,0.0,0.8215428253572893,0.8215428253572893,-0.8215428253572893,-0.8215428253572893,0.0,1.590182023315907,5.0862602179882535,-6.67644224130416,37.49966916920878,-37.51129280405589,16.004339916929954,93.61945889174659,-2.5423448330566396,1.0,-1.0,0.0,48.0,-48.0,0.0
0.018,0.0,0.0,0.8681669595948835,0.8681669595948835,-0.8681669595948835,-0.8681669595948835,0.0,-1.340378760143694,6.457744783585207,-5.117366023441513,37.02336855952397,-37.21435356488474,12.248170266449707,92.82475547338193,-3.7988196470526807,1.0,-1.0,0.0,48.0,-48.0,0.0
0.0185,0.0,0.0,0.9143170611094673,0.9143170611094673,-0.9143170611094673,-0.9143170611094673,0.0,-4.206388183116156,7.462039164773354,-3.255650981657198,36.50602783031139,-36.77419104551779,8.73736665104096,91.7266288408673,-4.97581563821361,1.0,-1.0,0.0,48.0,-48.0,0.0
0.019,0.0,0.0,0.9598457084800823,0.9598457084800823,-0.9598457084800823,-0.9598457084800823,0.0,-6.983920749501673,8.120776224478798,-1.1368554749771251,35.95001066400096,-36.190612098556834,5.5258450598074145,90.34105090125843,-6.101876936466502,1.0,-1.0,0.0,48.0,-48.0,0.0
0.0195,0.0,0.0,1.0046117611697596,1.0046117611697596,-1.0046117611697596,-1.0046117611697596,0.0,-9.051729600760739,9.051729600760739,0.0,35.33396916534885,-35.46942193471931,2.60401523990226,88.67607630008986,-7.227351251828864,1.0,-1.0,0.0,48.0,-26.67174162458749,-21.32825837541251
0.02,0.0,0.0,1.0484759128770198,1.0484759128770198,-1.0484759128770198,-1.0484759128770198,0.0,-10.329194432817202,10.329194432817202,0.0,34.62982841287105,-34.62565762597985,-0.07607374001794445,86.73803143384814,-8.24728632883629,1.0,-1.0,0.0,48.0,-23.921840866536456,-24.078159133463547
0.0205,5.04,0.015770795121020774,1.091311019833606,1.091311019833606,-1.0755402247125851,-1.0755402247125851,0.0,-11.382397566613081,11.382397566613081,0.0,33.82809656482569,-33.69475707208929,-2.5733853642585047,84.56735587462488,-9.088281843256832,1.0,-1.0,0.0,48.0,-21.359944889373292,-26.640055110626708
0.021,5.08,0.03166725394818514,1.1330119430527734,1.1330119430527734,-1.1013446891045884,-1.1013446891045884,0.0,-12.212115721558241,12.212115721558241,0.0,32.931455825287564,-32.71468154686347,-4.936588308540766,82.20869658446559,-9.751744761435681,1.0,-1.0,0.0,48.0,-18.955024552247185,-29.04497544775281
0.0215,5.12,0.04768937648149299,1.173495692441362,1.173495692441362,-1.125806315959869,-1.125806315959869,0.0,-12.822790760980983,12.822790760980983,0.0,31.95296577813869,-31.717645612138874,-7.189338162789961,79.70583363071975,-10.243101292483015,1.0,-1.0,0.0,48.0,-16.69300175421013,-31.306998245789867
0.022,5.16,0.06383716272094454,1.2127007619160504,1.2127007619160504,-1.1488635991951057,-1.1488635991951057,0.0,-13.222325852764556,13.222325852764556,0.0,30.912711425448894,-30.72534097712849,-9.32709952510285,77.10080675164826,-10.57055623843044,1.0,-1.0,0.0,48.0,-14.579215250736947,-33.42078474926305
0.0225,5.2,0.08011061266653968,1.2505861240335923,1.2505861240335923,-1.1704755113670526,-1.1704755113670526,0.0,-13.421286346884665,13.421286346884665,0.0,29.833650003580196,-29.747339124874596,-11.323255474205611,74.43345407521247,-10.7432004312952,1.0,-1.0,0.0,48.0,-12.633589086441589,-35.36641091355841
0.023,5.24,0.09650972631827841,1.287130110749697,1.287130110749697,-1.1906203844314187,-1.1906203844314187,0.0,-13.431832491720995,13.431832491720995,0.0,28.73827393310498,-28.78267566437985,-13.140127669771738,71.74140598712312,-10.769398078103162,1.0,-1.0,0.0,48.0,-10.882073195865694,-37.11792680413431
0.0235,5.28,0.11303450367616075,1.3223293756943981,1.3223293756943981,-1.2092948720182375,-1.2092948720182375,0.0,-13.266737517568602,13.266737517568602,0.0,27.646720137619045,-27.823611478404544,-14.7406018677134,69.06038080337659,-10.656042161966923,1.0,-1.0,0.0,48.0,-9.34784380267935,-38.65215619732064
0.024,5.32,0.1296849447401867,1.3561980300299867,1.3561980300299867,-1.2265130852898,-1.2265130852898,0.0,-12.938731812834247,12.938731812834247,0.0,26.576202476902818,-26.860143033202952,-16.097311164294624,66.42454268110731,-10.408781388717907,1.0,-1.0,0.0,48.0,-8.044659113855444,-39.95534088614456
0.0245,5.36,0.14646104951035618,1.3887669264478342,1.3887669264478342,-1.242305876937478,-1.242305876937478,0.0,-12.460250049764971,12.460250049764971,0.0,25.541282624664166,-25.883963922463263,-17.197941410789156,63.866706897750355,-10.0329492778434,1.0,-1.0,0.0,48.0,-6.973399238110393,-41.026600761889604
0.025,5.4,0.16336281798666927,1.42008297975665,1.42008297975665,-1.2567201617699808,-1.2567201617699808,0.0,-11.843516816678273,11.843516816678273,0.0,24.554462161468535,-24.891048813712906,-18.04660461503491,61.41826965797633,-9.534764557922694,1.0,-1.0,0.0,48.0,-6.121688711087278,-41.87831128891273
0.0255,5.4399999999999995,0.18039025016912585,1.4502083782838777,1.4502083782838777,-1.2698181281147518,-1.2698181281147518,0.0,-11.100825932823387,11.100825932823387,0.0,23.626726644149354,-23.882592019200306,-18.662110896584363,59.10884719288423,-8.922398282407574,1.0,-1.0,0.0,48.0,-5.465821790941114,-42.53417820905889
0.026,5.4799999999999995,0.1975433460577261,1.479219555516711,1.479219555516711,-1.2816762094589849,-1.2816762094589849,0.0,-10.244853470163115,10.244853470163115,0.0,22.7678654573141,-22.864497375073128,-19.07433811440174,56.96569450034848,-8.206638658855724,1.0,-1.0,0.0,48.0,-4.973977844477774,-43.02602215552223
0.0265,5.52,0.21482210565247,1.5072058399424586,1.5072058399424586,-1.2923837342899887,-1.2923837342899887,0.0,-9.288877181895526,9.288877181895526,0.0,21.986546975397943,-21.845889446806137,-19.31986870411326,55.013020577366056,-7.401050046625013,1.0,-1.0,0.0,48.0,-4.6098025315908355,-43.39019746840917
0.027,5.56,0.23222652895335746,1.5342677628060268,1.5342677628060268,-1.3020412338526695,-1.3020412338526695,0.0,-8.246830511324966,8.246830511324966,0.0,21.290217581447266,-20.83719096961385,-19.437800354027793,53.27132447869867,-6.521662481676481,1.0,-1.0,0.0,48.0,-4.335686340055502,-43.6643136599445
0.0275,5.6,0.24975661596038856,1.5605150612718526,1.5605150612718526,-1.310758445311464,-1.310758445311464,0.0,-7.133175513974465,7.133175513974465,0.0,20.684921181818556,-19.84823803229401,-19.466292462220558,51.756855289036594,-5.586315806775479,1.0,-1.0,0.0,48.0,-4.115365963017169,-43.88463403698283
0.028,5.64,0.2674123666735632,1.586064457318586,1.586064457318586,-1.3186520906450228,-1.3186520906450228,0.0,-5.962621938212956,5.962621938212956,0.0,20.17512415700173,-18.88675462114942,-19.44009131367769,50.481262934123684,-4.6138151427463345,1.0,-1.0,0.0,48.0,-3.9157239183961563,-44.08427608160384
0.0285,5.68,0.2851937810928814,1.6110373163940983,1.6110373163940983,-1.325843535301217,-1.325843535301217,0.0,-4.74974423634491,4.74974423634491,0.0,19.763601361594848,-17.957346229094924,-19.389039669361647,49.451468143150166,-3.6230441710993855,1.0,-1.0,0.0,48.0,-3.7078327643883933,-44.29216723561161
0.029,5.72,0.3031008592183433,1.6355572955060813,1.6355572955060813,-1.332456436287738,-1.332456436287738,0.0,-3.508555830661787,3.508555830661787,0.0,19.45140785216801,-17.061039935956398,-19.33743417381642,48.66974731289327,-2.6321476615684207,1.0,-1.0,0.0,48.0,-3.4673818680777764,-44.53261813192223
0.0295,5.76,0.32113360104994854,1.6597480822192978,1.6597480822192978,-1.3386144811693492,-1.3386144811693492,0.0,-2.2520953259484977,2.2520953259484977,0.0,19.237936845983267,-16.1953122000613,-19.304032761549067,48.13400549548249,-1.6578519435133108,1.0,-1.0,0.0,48.0,-3.174654915489949,-44.825345084510055
0.03,5.8,0.3392920065876976,1.6837313091909785,1.6837313091909785,-1.3444393026032808,-1.3444393026032808,0.0,-0.9920679810990615,0.9920679810990615,0.0,19.12104933587923,-15.354503197512827,-19.30250875045672,47.83819853465029,-0.7149535903678217,1.0,-1.0,0.0,48.0,-2.8142181803600774,-45.18578181963992
0.0305,5.84,0.3575760758315902,1.7076247081426894,1.7076247081426894,-1.3500486323110992,-1.3500486323110992,0.0,0.26142794947637665,-0.26142794947637665,0.0,19.09725369581498,-14.530505638338372,-19.342173163739442,47.77286156634691,0.1840215528224855,1.0,-1.0,0.0,48.0,-2.3744528075222533,-45.62554719247775
0.031,5.88,0.3759858087816264,1.7315405460476698,1.7315405460476698,-1.3555547372660435,-1.3555547372660435,0.0,1.5000736320336723,-1.5000736320336723,0.0,19.161912154004575,-13.71362212215765,-19.428822539656654,47.925702887042995,1.0290036271961065,1.0,-1.0,0.0,48.0,-1.8470324444198836,-46.15296755558012
0.0315,5.92,0.3945212054378062,1.7555843669220073,1.7555843669220073,-1.361063161484201,-1.361063161484201,0.0,2.7173959696807906,-2.7173959696807906,0.0,19.30945296296693,-12.893496376081494,-19.565604143940934,48.28222692353404,1.8124301698915852,1.0,-1.0,0.0,48.0,-1.2264175626163487,-46.773582437383645
0.032,5.96,0.41318226580012957,1.7798540458829095,1.7798540458829095,-1.36667178008278,-1.36667178008278,0.0,3.908732560872585,-3.908732560872585,0.0,19.53357095534239,-12.060032762074872,-19.75381880642502,48.82635569734684,2.5291862520119297,1.0,-1.0,0.0,48.0,-0.5094120969412206,-47.49058790305878
0.0325,6.0,0.4319689898685966,1.8044391439830822,1.8044391439830822,-1.3724701541144857,-1.3724701541144857,0.0,5.067925930692524,-5.074291129533428,0.006365198840904653,19.82736675666368,-11.204201482120563,-19.99356522005265,49.54092990800953,3.1733304883745292,1.0,-1.0,0.0,48.0,0.0,-48.0
0.033,6.04,0.4508813776432071,1.8294197045894833,1.8294197045894833,-1.378538326946276,-1.378538326946276,0.0,6.1572002285433225,-6.24906498544398,0.0918647569006577,20.181618911360555,-10.317778720141659,-20.282378619790343,50.403575470095404,3.7075842492681765,1.0,-1.0,0.0,48.0,0.0,-48.0
0.0335,6.08,0.4699194291239613,1.8548624329630912,1.8548624329630912,-1.38494300383913,-1.38494300383913,0.0,7.165162789881025,-7.445056550033438,0.27989376015241246,20.58381311140596,-9.393937196945217,-20.614514469224453,51.38448298403938,4.119042932390033,1.0,-1.0,0.0,48.0,0.0,-48.0
0.034,6.12,0.48908314431085903,1.8808187485264465,1.8808187485264465,-1.3917356042155875,-1.3917356042155875,0.0,8.092468241073469,-8.665276956436651,0.5728087153631815,21.02061733844661,-8.42919583017175,-20.983491189370955,52.45275413088421,4.406450563088902,1.0,-1.0,0.0,48.0,0.0,-48.0
0.0345,6.16,0.5083725232039004,1.9073245838803088,1.9073245838803088,-1.3989520606764083,-1.3989520606764083,0.0,8.941751392432158,-9.91312755163382,0.9713761592016623,21.478272421429427,-7.423349187940925,-21.382267971586735,53.577418168018966,4.570428414197755,1.0,-1.0,0.0,48.0,0.0,-48.0
0.035,6.2,0.5277875658030854,1.9344004589540247,1.9344004589540247,-1.4066128931509394,-1.4066128931509394,0.0,9.717401502731821,-11.192019790740199,1.4746182880083767,21.942827323333272,-6.378747076457422,-21.80303713695831,54.72785933934395,4.613138033849566,1.0,-1.0,0.0,48.0,0.0,-48.0
0.0355,6.24,0.5473282721084136,1.9620517475545032,1.9620517475545032,-1.4147234754460896,-1.4147234754460896,0.0,10.425390075409736,-12.505099051152465,2.0797089757427294,22.400452401013606,-5.299113866014283,-22.236923149281274,55.87415850618057,4.537930879613175,1.0,-1.0,0.0,48.0,0.0,-48.0
0.036,6.279999999999999,0.5669946421198858,1.9902690924234074,1.9902690924234074,-1.4232744503035217,-1.4232744503035217,0.0,11.073162611382884,-13.855101813233855,2.78193920185097,22.83784655141757,-4.188078544118211,-22.673699086656594,56.987344630674656,4.348975942891867,1.0,-1.0,0.0,48.0,0.0,-48.0
0.0365,6.32,0.5867866758375014,2.0190289221877555,2.0190289221877555,-1.432242246350254,-1.432242246350254,0.0,11.66958441631827,-15.244354296068135,3.5747698797498666,23.242724504662608,-3.047695853036456,-23.10163485354884,58.03954969448244,4.050859523082062,1.0,-1.0,0.0,48.0,0.0,-48.0
0.037,6.359999999999999,0.6067043732612608,2.0482940202728237,2.0482940202728237,-1.441589647011563,-1.441589647011563,0.0,12.224910721827804,-16.67489115652158,4.4499804346937735,23.60432878631684,-1.8773186411168787,-23.507568132409556,59.00406086603225,3.6481671710767465,1.0,-1.0,0.0,48.0,0.0,-48.0
0.0375,6.4,0.6267477343911637,2.0780140939213863,2.0780140939213863,-1.4512663595302224,-1.4512663595302224,0.0,12.75073713685606,-18.148640059533932,5.397902922677872,23.91386607633683,-0.6731971212364257,-23.87723949423101,59.85526960987343,3.145086687995517,1.0,-1.0,0.0,48.0,0.0,-48.0
0.038,6.4399999999999995,0.6469167592272101,2.108126294475255,2.108126294475255,-1.4612095352480448,-1.4612095352480448,0.0,13.259882708602024,-19.667589525617334,6.40770681701531,24.16473492385411,0.5708954620349284,-24.19586698534576,60.5685315970954,2.545106960248987,1.0,-1.0,0.0,48.0,0.0,-48.0
0.0385,6.48,0.6672114477694002,2.1385556523872284,2.1385556523872284,-1.4713442046178282,-1.4713442046178282,0.0,13.76616756690747,-21.23384264035015,7.467675073442681,24.35240915971885,1.8618876506544362,-24.44887073581358,61.11997411352108,1.850918539081821,1.0,-1.0,0.0,48.0,0.0,-48.0
0.039,6.52,0.6876318000177339,2.169215415773827,2.169215415773827,-1.4815836157560929,-1.4815836157560929,0.0,14.284069593933642,-22.849466106170336,8.565396512236694,24.473884309735407,3.2046191276121494,-24.62261554160344,61.48631611536396,1.0646330668041135,1.0,-1.0,0.0,48.0,0.0,-48.0
0.0395,6.5600000000000005,0.7081778159722112,2.2000073209402577,2.2000073209402577,-1.4918295049680466,-1.4918295049680466,0.0,14.828274887612807,-24.516076871774832,9.687801984162025,24.526688331499695,4.598457714155532,-24.70503526326321,61.64479331444926,0.18841565659825843,1.0,-1.0,0.0,48.0,0.0,-48.0
0.04,6.6,0.7288494956328321,2.2308218742449255,2.2308218742449255,-1.5019723786120935,-1.5019723786120935,0.0,15.413166580348738,-26.2341648944866,10.820998314137862,24.507592022572158,6.03399714263044,-24.686041907746826,61.57329692426095,-0.7744411609243191,1.0,-1.0,0.0,48.0,0.0,-48.0
0.0405,6.640000000000001,0.7496468389995965,2.2615387787590113,2.2615387787590113,-1.5118919397594148,-1.5118919397594148,0.0,16.052316236542595,-28.00222073887327,11.949904502330673,24.41129765128366,7.490641864500006,-24.557693867495924,61.25082938166919,-1.818078791112245,1.0,-1.0,0.0,48.0,0.0,-48.0
0.041,6.68,0.7705698460725046,2.292027683410901,2.292027683410901,-1.5214578373383962,-1.5214578373383962,0.0,16.758044012562195,-29.815804585182903,13.057760572620708,24.22948907637849,8.935836913001253,-24.314178208386092,60.658345299760015,-2.932474328888512,1.0,-1.0,0.0,48.0,0.0,-48.0
0.0415,6.720000000000001,0.7916185168515562,2.322149451004449,2.322149451004449,-1.5305309341528928,-1.5305309341528928,0.0,17.54109564911106,-31.66673968788355,14.125644038772489,23.95063979745458,10.326442841042763,-23.95172160121417,59.779979255241834,-4.1020055596218725,1.0,-1.0,0.0,48.0,0.0,-48.0
0.042,6.76,0.8127928513367515,2.351758120419232,2.351758120419232,-1.5389652690824807,-1.5389652690824807,0.0,18.410450867608837,-33.54262150343718,15.132170635828343,23.560858819900623,11.612316219164262,-23.468559141568793,58.60457184730524,-5.304564571044562,1.0,-1.0,0.0,48.0,0.0,-48.0
0.0425,6.800000000000001,0.8340928495280903,2.3807036700823847,2.3807036700823847,-1.5466108205542946,-1.5466108205542946,0.0,19.373240017775263,-35.426795019607475,16.053555001832212,23.04580881477676,12.741629694807493,-22.865051465489735,57.12731117883447,-6.511569886384612,1.0,-1.0,0.0,48.0,0.0,-48.0
0.043,6.84,0.8555185114255723,2.4088355790896983,2.4088355790896983,-1.553317067664126,-1.553317067664126,0.0,20.434717967751766,-37.29887182769952,16.864153859947756,22.393413193055366,13.666999844927785,-22.1439615076996,55.35123614234457,-7.689074285348238,1.0,-1.0,0.0,48.0,0.0,-48.0
0.0435,6.88,0.8770698370291982,2.4360070479927334,2.4360070479927334,-1.5589372109635353,-1.5589372109635353,0.0,21.59823758980318,-39.13575388922267,17.53751629941949,21.596783568285467,14.351242741487859,-21.31081467406914,53.28832798113028,-8.799919583110636,1.0,-1.0,0.0,48.0,0.0,-48.0
0.044,6.92,0.8987468263389679,2.4620796132429468,2.4620796132429468,-1.5633327869039788,-1.5633327869039788,0.0,22.865182881745817,-40.91303094131129,18.047848059565474,20.656663038010883,14.77164708514116,-20.37420727178913,50.95996278846891,-9.806621629759476,1.0,-1.0,0.0,48.0,0.0,-48.0
0.0445,6.96,0.920549479354881,2.486927800085249,2.486927800085249,-1.5663783207303679,-1.5663783207303679,0.0,24.234856402986402,-42.60655107655211,18.371694673565706,19.582765014612196,14.922032994351282,-19.34592279893721,48.39660369197252,-10.674473212330154,1.0,-1.0,0.0,48.0,0.0,-48.0
0.045,7.0,0.9424777960769377,2.5104434319694864,2.5104434319694864,-1.5679656358925487,-1.5679656358925487,0.0,25.704352352552476,-44.19394637568723,18.489594023134757,18.393674612416465,14.812422907837286,-18.240764547637355,45.636749111204914,-11.374304078490248,1.0,-1.0,0.0,48.0,0.0,-48.0
0.0455,7.04,0.9645317765051383,2.532539256183905,2.532539256183905,-1.5680074796787666,-1.5680074796787666,0.0,27.268469792425375,-45.655927514625205,18.38745772219983,17.11536473853118,14.466696629666512,-17.076092296654426,42.72528242328953,-11.884452078647449,1.0,-1.0,0.0,48.0,0.0,-48.0
0.046,7.08,0.9867114206394823,2.553151641608288,2.553151641608288,-1.5664402209688058,-1.5664402209688058,0.0,28.919721507259975,-46.97722717924962,18.05750567198964,15.778719119202838,13.918965046914042,-15.871126573163624,39.711452942321586,-12.19172663511603,1.0,-1.0,0.0,48.0,0.0,-48.0
0.0465,7.12,1.0090167284799698,2.5722422277943853,2.5722422277943853,-1.5632254993144155,-1.5632254993144155,0.0,30.648474261840647,-48.14714839802801,17.49867413618736,14.41663805758908,13.209499090697653,-14.646129154381859,36.64674107389553,-12.29139565381563,1.0,-1.0,0.0,48.0,0.0,-48.0
0.047,7.16,1.031447700026601,2.589798524657229,2.589798524657229,-1.558350824630628,-1.558350824630628,0.0,32.443225386516445,-49.15973934391011,16.716513957393662,13.06129582785634,12.380922849858536,-13.421574330750483,33.58282717111308,-12.186416238809436,1.0,-1.0,0.0,48.0,0.0,-48.0
0.0475,7.2,1.0540043352793758,2.6058347737093963,2.6058347737093963,-1.5518304384300206,-1.5518304384300206,0.0,33.451157296416014,-48.334325911642544,14.883168615226532,11.751266855774336,11.48424034854552,-12.227091960298564,30.594065027205442,-11.242945677297282,1.0,0.0,-1.0,0.0,48.0,-48.0
0.048,7.24,1.076686634238294,2.6204821413497843,2.6204821413497843,-1.5437955071114904,-1.5437955071114904,0.0,32.66195022467285,-43.70632641595812,11.04437619128527,10.652252229228193,10.702435374203139,-11.23124948687941,28.102314461052174,-8.678393610184244,1.0,0.0,-1.0,0.0,48.0,-48.0
0.0485,7.28,1.099494596903356,2.6340451193599215,2.6340451193599215,-1.5345505224565654,-1.5345505224565654,0.0,32.044712695320975,-39.31200493999287,7.26729224467189,9.815743299094944,10.11833908117725,-10.494222109089106,26.25815713944354,-6.074078242943708,1.0,0.0,-1.0,0.0,48.0,-48.0
0.049,7.32,1.1224282232745615,2.646848550687917,2.646848550687917,-1.5244203274133554,-1.5244203274133554,0.0,31.5558828198636,-35.15971160932912,3.6038287894655197,9.23261124019313,9.752279959311169,-10.01657263032031,25.06299206637109,-3.4968755953303567,1.0,0.0,-1.0,0.0,48.0,-48.0
0.0495,7.36,1.1454875133519105,2.659213978695239,2.659213978695239,-1.5137264653433284,-1.5137264653433284,0.0,31.15721720637474,-31.259448303957427,0.10223109758268928,8.886149547697972,9.612884234662404,-9.792617681950505,24.502579810310618,-1.0050727900444578,1.0,0.0,-1.0,0.0,48.0,-48.0
0.05,7.4,1.1686724671354032,2.671452357569754,2.671452357569754,-1.502779890434351,-1.502779890434351,0.0,30.815953814751147,-27.621624206229292,-3.1943296085218558,8.75334124007432,9.6992914007944,-9.811269012568607,24.549146360313134,1.3512813788540365,1.0,0.0,-1.0,0.0,48.0,-48.0
0.0505,7.44,1.1919830846250397,2.683857792679769,2.683857792679769,-1.4918747080547294,-1.4918747080547294,0.0,30.50491308853138,-24.256108088467066,-6.248805000064315,8.805690565695715,10.002936974822022,-10.056843010722078,25.163399569496917,3.5300379653622325,1.0,0.0,-1.0,0.0,48.0,-48.0
0.051,7.4799999999999995,1.2154193658208188,2.6967022689926217,2.6967022689926217,-1.481282903171803,-1.481282903171803,0.0,30.202559714168707,-21.17152884825262,-9.031030865916089,9.00978577013289,10.50894567126678,-10.509841494417362,26.29646726956492,5.496664161791127,1.0,0.0,-1.0,0.0,48.0,-48.0
0.0515,7.52,1.2389813107227425,2.7102313322578895,2.7102313322578895,-1.471250021535147,-1.471250021535147,0.0,29.89302954556312,-18.374777256838282,-11.518252288724838,9.32777417642926,11.197226948303594,-11.147710635208426,27.89177318227826,7.224030548443189,1.0,0.0,-1.0,0.0,48.0,-48.0
0.052,7.5600000000000005,1.2626689193308096,2.7246606963544844,2.7246606963544844,-1.4619917770236748,-1.4619917770236748,0.0,29.566111213354503,-15.87066742217775,-13.695443791176753,9.717926072254327,12.043393394800455,-11.945585731988091,29.886868602630038,8.692268608373492,1.0,0.0,-1.0,0.0,48.0,-48.0
0.0525,7.6,1.2864821916450204,2.7401737588101804,2.7401737588101804,-1.45369156716516,-1.45369156716516,0.0,29.217160196806706,-13.661724608052472,-15.555435588754234,10.135451643798234,13.019637982789847,-12.877027825612526,32.215235612077166,9.888680824141188,1.0,0.0,-1.0,0.0,48.0,-48.0
0.053,7.640000000000001,1.3104211276653746,2.7569200128380404,2.7569200128380404,-1.446498885172666,-1.446498885172666,0.0,28.846914598693136,-11.748075235873248,-17.098839362819888,10.533714507784039,14.095704670340982,-13.914753212427625,34.808070460643705,10.807662959116819,1.0,0.0,-1.0,0.0,48.0,-48.0
0.0535,7.68,1.3344857273918724,2.7750143454620484,2.7750143454620484,-1.440528618070176,-1.440528618070176,0.0,28.461176769476822,-10.127423107016996,-18.333753662459824,10.865945977272228,15.240058365075772,-15.031347871707393,37.59604221964331,11.450570157559573,1.0,0.0,-1.0,0.0,48.0,-48.0
0.054,7.720000000000001,1.3586759908245138,2.794537204005845,2.794537204005845,-1.4358612131813313,-1.4358612131813313,0.0,28.070324416071333,-8.795100819590786,-19.275223596480547,11.08749224265157,16.421296553694166,-16.19994565803863,40.51100132590848,11.825432711210588,1.0,0.0,-1.0,0.0,48.0,-48.0
0.0545,7.76,1.382991917963299,2.8155355943094134,2.8155355943094134,-1.4325436763461143,-1.4325436763461143,0.0,27.6886210667719,-7.744185147450894,-19.944435919321005,11.158512908087884,17.60974717771613,-17.39483400251037,43.48758731219199,11.946416833783221,1.0,0.0,-1.0,0.0,48.0,-48.0
0.055,7.800000000000001,1.4074335088082275,2.8380248423579353,2.8380248423579353,-1.4305913335497078,-1.4305913335497078,0.0,27.333311404063,-6.965659443048573,-20.367651961014428,11.04689834889845,18.77908263328295,-18.591939067820352,46.4646604926129,11.832944795632736,1.0,0.0,-1.0,0.0,48.0,-48.0
0.0555,7.84,1.4320007633592997,2.8619910090173524,2.8619910090173524,-1.4299902456580527,-1.4299902456580527,0.0,27.02351390170847,-6.448597047573092,-20.574916854135378,10.731010811426563,19.9076818710779,-19.76914171625683,49.38646722782279,11.508445132789708,1.0,0.0,-1.0,0.0,48.0,-48.0
0.056,7.880000000000001,1.4566936816165155,2.887393802251831,2.887393802251831,-1.4307001206353156,-1.4307001206353156,0.0,26.77896072543237,-6.180332055813273,-20.598628669619096,10.20172758325963,20.979434068403155,-20.90639427687144,52.20345152015189,10.998790869338876,1.0,0.0,-1.0,0.0,48.0,-48.0
0.0565,7.92,1.4815122635798748,2.914169793198392,2.914169793198392,-1.4326575296185173,-1.4326575296185173,0.0,26.618678040140615,-6.146583886893762,-20.472094153246854,9.463233575086969,21.983733016114094,-21.985649361462322,54.872652128093655,10.330577626321293,1.0,0.0,-1.0,0.0,48.0,-48.0
0.057,7.960000000000001,1.5064565092493778,2.942235723152737,2.942235723152737,-1.4357792139033592,-1.4357792139033592,0.0,26.5597388983862,-6.331515046672527,-20.228223851713672,8.532126961061596,22.914568567080636,-22.990669514452943,57.357671449839884,9.529458297140238,1.0,0.0,-1.0,0.0,48.0,-48.0
0.0575,8.0,1.5315264186250244,2.971491695636644,2.971491695636644,-1.4399652770116198,-1.4399652770116198,0.0,26.616242401121596,-6.717727764317908,-19.89851463680369,7.434684104044637,23.768847736539477,-23.90684150513714,59.62825856027081,8.618754831045074,1.0,0.0,-1.0,0.0,48.0,-48.0
0.058,8.040000000000001,1.5567219917068145,3.0018240816542447,3.0018240816542447,-1.4451020899474303,-1.4451020899474303,0.0,26.79866347944518,-7.2862384581754345,-19.51242502126975,6.20254555702023,24.544304856381153,-24.721143621581543,61.65959699118314,7.618501537531759,1.0,0.0,-1.0,0.0,48.0,-48.0
0.0585,8.08,1.5820432284947485,3.0331080189889623,3.0331080189889623,-1.4510647904942138,-1.4510647904942138,0.0,27.113669278446586,-8.016496363483732,-19.097172914962854,4.86754297924762,25.237505247464128,-25.422381687107087,63.43141293563959,6.544962208367522,1.0,0.0,-1.0,0.0,48.0,-48.0
0.059,8.12,1.6074901289888248,3.065209444462515,3.065209444462515,-1.4577193154736903,-1.4577193154736903,0.0,27.564412868506505,-8.886518883055459,-18.677893985451046,3.4567546225566157,25.842446755387098,-26.00170925096448,64.92701592003823,5.410554980500568,1.0,0.0,-1.0,0.0,48.0,-48.0
0.0595,8.16,1.6330626931890457,3.097986648476773,3.097986648476773,-1.4649239552877271,-1.4649239552877271,0.0,28.151208226804012,-9.873190561429201,-18.27801766537481,1.9890144711759912,26.35010300407901,-26.453298409944352,66.13235926272381,4.224065662110637,1.0,0.0,-1.0,0.0,48.0,-48.0
0.06,8.2,1.6587609210954102,3.1312913775051636,3.1312913775051636,-1.4725304564097534,-1.4725304564097534,0.0,28.872389370075847,-10.952715783179087,-17.91967358689676,0.47390776610800994,26.748976614709452,-26.774881053275266,67.03517951017284,2.991056956429998,1.0,0.0,-1.0,0.0,48.0,-48.0
0.0605,8.239999999999998,1.6845848127079186,-3.1182157715384995,3.1649695356410867,-1.4803847229331681,-1.4803847229331681,0.0,29.725093738432697,-12.10114301920107,-17.623950719231626,-1.08624740832275,27.026433180185336,-26.96780596804931,67.62426115574324,1.7144696615887192,1.0,0.0,-1.0,0.0,48.0,-48.0
0.061,8.28,1.71053436802657,-3.0843237458332626,3.1988615613463236,-1.4883271933197535,-1.4883271933197535,0.0,30.705712580055195,-13.294818301897784,-17.41089427815741,-2.691702613335956,27.170374147484274,-27.03631615960224,67.88888453597257,0.39550816349006723,1.0,0.0,-1.0,0.0,48.0,-48.0
0.0615,8.32,1.7366095870513654,-3.050382715672647,3.2328025915069394,-1.496193004455574,-1.496193004455574,0.0,31.809829568778998,-14.51060759672082,-17.299221972058177,-4.338937594234609,27.170755335705817,-26.985962373639055,67.81854451258825,-0.9650587668062691,1.0,0.0,-1.0,0.0,48.0,-48.0
0.062,8.36,1.7628104697823042,-3.0165627310232614,3.266622576156325,-1.5038121063740206,-1.5038121063740206,0.0,33.03160978319186,-15.725771242509358,-17.305838540682505,-6.014333125886909,27.020580488349086,-26.821389447766986,67.4030546934692,-2.3651144302757485,1.0,0.0,-1.0,0.0,48.0,-48.0
0.0625,8.399999999999999,1.789137016219387,-2.9830387413813786,3.3001465657982076,-1.5110095495788207,-1.5110095495788207,0.0,34.36276833420688,-16.917476526228747,-17.445291807978137,-7.689679364547748,26.716239217041412,-26.54405723742188,66.63314972064391,-3.799027918963433,1.0,0.0,-1.0,0.0,48.0,-48.0
0.063,8.44,1.8155892263626128,-2.9499898684465293,3.333195438733057,-1.5176062123704441,-1.5176062123704441,0.0,35.79139233098718,-18.06206957581066,-17.729322755176522,-9.320987356987684,26.257314294853597,-26.15065231075478,65.5016456198342,-5.255428237572087,1.0,0.0,-1.0,0.0,48.0,-48.0
0.0635,8.48,1.8421671002119826,-2.9175979659866242,3.365587341192962,-1.5234202409809794,-1.5234202409809794,0.0,37.300965235324675,-19.13434944268687,-18.166615792637806,-10.85126315789826,25.646152346698397,-25.632895761750543,64.00511177793207,-6.715433342403334,1.0,0.0,-1.0,0.0,48.0,-48.0
0.064,8.52,1.8688706377674957,-2.8860452516222814,3.397140055557305,-1.528269417789809,-1.528269417789809,0.0,38.86992143797164,-20.107146779165166,-18.762774658806475,-12.216852925235791,24.887515174350426,-24.979118337644767,62.14586828026339,-8.151909040404142,1.0,0.0,-1.0,0.0,48.0,-48.0
0.0645,8.559999999999999,1.8956998390291528,-2.855510922537511,3.427674384642075,-1.5319745456129223,-1.5319745456129223,0.0,40.471943224819924,-20.951474586997982,-19.520468637821946,-13.355984181752715,23.988512850408366,-24.17743328533445,59.9339915714352,-9.530193262874867,1.0,0.0,-1.0,0.0,48.0,-48.0
0.065,8.6,1.922654703996953,-2.8261668467628236,3.4570184604167626,-1.5343637564198096,-1.5343637564198096,0.0,42.07703537800653,-21.637389275885596,-20.439646102120932,-14.21752999104932,22.95883043202137,-23.21977526222872,57.38894090557147,-10.810387246699984,1.0,0.0,-1.0,0.0,48.0,-48.0
0.0655,8.64,1.9497352326708972,-2.798172612976549,3.485012694203037,-1.5352774615321398,-1.5352774615321398,0.0,43.65322864466697,-22.135513810150975,-21.517714834515992,-14.768014405637466,21.81108997162204,-22.105719059547354,54.54044593638213,-11.950885670853111,1.0,0.0,-1.0,0.0,48.0,-48.0
0.066,8.68,1.976941425050985,-2.7716703727813585,3.5115149343982277,-1.5345735093472428,-1.5345735093472428,0.0,45.16862799751647,-22.418993135758424,-22.749634861758047,-14.995456146180565,20.56111204527612,-20.845009171635088,51.42842625997149,-12.91245544681731,1.0,0.0,-1.0,0.0,48.0,-48.0
0.0665,8.719999999999999,2.004273281137216,-2.7467799764456378,3.5364053307339485,-1.5321320495967323,-1.5321320495967323,0.0,46.59347124639659,-22.465537243847866,-24.127934002548727,-14.909586831954767,19.227877625784647,-19.458127057767342,48.10191007994503,-13.662027136080928,1.0,0.0,-1.0,0.0,48.0,-48.0
0.067,8.76,2.0317308009295907,-2.723594868534379,3.5595904386452073,-1.5278596377156166,-1.5278596377156166,0.0,47.901901942445136,-22.259194114988805,-25.64270782745633,-14.538927208349744,17.833106966191036,-17.974832175775468,44.61711776143705,-14.175489523265432,1.0,0.0,-1.0,0.0,48.0,-48.0
0.0675,8.8,2.059313984428109,-2.7021790887819446,3.5810062183976417,-1.5216922339695325,-1.5216922339695325,0.0,49.07326112947166,-21.791577863822997,-27.28168326564866,-13.925843851140872,16.400502663277894,-16.431183580640077,41.03501488650718,-14.439109089150469,1.0,0.0,-1.0,0.0,48.0,-48.0
0.068,8.84,2.0870228316327712,-2.6825655557927592,3.600619751386827,-1.5135969197540557,-1.5135969197540557,0.0,50.092823754741616,-21.062417285258668,-29.030406469482948,-13.120895619522164,14.954792847162192,-14.865873995149157,37.41868499306047,-14.44958406826947,1.0,0.0,-1.0,0.0,48.0,-48.0
0.0685,8.879999999999999,2.114857342543577,-2.6647391487144505,3.6184461584651357,-1.503588815921559,-1.503588815921559,0.0,46.91639757452371,-18.063903939066986,-28.85249363545672,-12.226294964826437,13.574524308191922,-13.369568738455204,33.96541968172721,-12.750533503721462,0.0,1.0,-1.0,-48.0,48.0,0.0
0.069,8.92,2.142817517160526,-2.648503956639583,3.6346813505400033,-1.4918638333794774,-1.4918638333794774,0.0,42.450384908996476,-14.287923824773914,-28.16246108422256,-11.424558012125983,12.419553877725049,-12.105964761315844,31.07561324197304,-10.34550020917236,0.0,1.0,-1.0,-48.0,48.0,0.0
0.0695,8.96,2.1709033554836186,-2.6335609516242275,3.6496243555553587,-1.4787210000717401,-1.4787210000717401,0.0,38.2024402443272,-10.538346723993548,-27.66409352033365,-10.771834575247075,11.510357618006621,-11.093711191643639,28.80068458560081,-7.844016402239069,0.0,1.0,-1.0,-48.0,48.0,0.0
0.07,9.0,2.199114857512855,-2.6195981872549456,3.6635871199246406,-1.4644722624117854,-1.4644722624117854,0.0,34.1769880078781,-6.865547903548016,-27.311440104330085,-10.302195503615724,10.852932713574948,-10.333461062703817,27.155707680224527,-5.317027287107187,0.0,1.0,-1.0,-48.0,48.0,0.0
0.0705,9.04,2.2274520232482344,-2.606300443631301,3.676884863548285,-1.4494328403000507,-1.4494328403000507,0.0,30.381602821031922,-3.3181658754084213,-27.0634369456235,-10.036132996732098,10.446617234438673,-9.816731368620587,26.13904343244397,-2.8273002862843466,0.0,1.0,-1.0,-48.0,48.0,0.0
0.071,9.079999999999998,2.255914852689758,-2.5933570749416925,3.6898282322378937,-1.4339133795481356,-1.4339133795481356,0.0,26.82551285045903,0.058668117448430715,-26.88418096790746,-9.982865832790415,10.284889752653541,-9.527433633501504,25.734369133628903,-0.4295753488958116,0.0,1.0,-1.0,-48.0,48.0,0.0
0.0715,9.12,2.2845033458374253,-2.5804688547722057,3.7027164524073806,-1.4182131065699553,-1.4182131065699553,0.0,23.518417985650178,3.2246952847318155,-26.743113270381993,-10.142352498327813,10.356155430389387,-9.44300211323427,25.91265332499269,1.8291695066137557,0.0,1.0,-1.0,-48.0,48.0,0.0
0.072,9.16,2.313217502691236,-2.567353851341402,3.715831455838184,-1.4026139531469481,-1.4026139531469481,0.0,20.469583498810415,6.145559141807907,-26.615142640618323,-10.506931608242482,10.644508928248342,-9.535179790481207,26.634060502061264,3.9094345190956785,0.0,1.0,-1.0,-48.0,48.0,0.0
0.0725,9.2,2.3420573232511903,-2.5537523675569207,3.7294329396226655,-1.3873756163714752,-1.3873756163714752,0.0,17.687163824373226,8.793561788959718,-26.480725613332943,-11.062610145475077,11.130474198270171,-9.770587864789677,27.849788671533567,5.7789512466815145,0.0,1.0,-1.0,-48.0,48.0,0.0
0.073,9.239999999999998,2.371022807517288,-2.5394309764726173,3.743754330706969,-1.3727315231896808,-1.3727315231896808,0.0,15.177712322351027,11.1481928433431,-26.325905165694127,-11.790081191989774,11.791726584175722,-10.11123217622246,29.503852903760258,7.412500374785244,0.0,1.0,-1.0,-48.0,48.0,0.0
0.0735,9.28,2.40011395548953,-2.524185674841112,3.7589996323384742,-1.3588856768489443,-1.3588856768489443,0.0,12.945838823348153,13.196458568875736,-26.142297392223888,-12.665591762172804,12.603804802178972,-10.515109371989144,31.534832422777463,8.791801742405404,0.0,1.0,-1.0,-48.0,48.0,0.0
0.074,9.32,2.4293307671679147,-2.507844168660343,3.7753411385192432,-1.3460103713513285,-1.3460103713513285,0.0,10.99398553037626,14.933019283918913,-25.927004814295174,-13.661803004344499,13.54081936530999,-10.93707498426094,33.877597947801114,9.905461669446492,0.0,1.0,-1.0,-48.0,48.0,0.0
0.0745,9.36,2.4586732425524436,-2.490267297747409,3.792918009432177,-1.3342447668797335,-1.3342447668797335,0.0,9.322301503986619,16.360125026101585,-25.682426530088204,-14.748784201656004,14.576159013943924,-11.330121975596368,36.465028845983355,10.74893420745928,0.0,1.0,-1.0,-48.0,48.0,0.0
0.075,9.399999999999999,2.4881413816431155,-2.4713496049765764,3.81183570220301,-1.3236943205598943,-1.3236943205598943,0.0,7.928604092931316,17.487325725252337,-25.415929818183653,-15.895248736941527,15.683186790358286,-11.647180393900852,39.22971475923256,11.324420374115757,0.0,1.0,-1.0,-48.0,48.0,0.0
0.0755,9.44,2.517735184439932,-2.4510190638660267,3.8321662433135595,-1.3144310588736277,-1.3144310588736277,0.0,6.808419733017239,18.330926921843385,-25.139346654860624,-17.0700672184392,16.83590271514197,-11.843472592559582,42.10561369045738,11.640601810141959,0.0,1.0,-1.0,-48.0,48.0,0.0
0.076,9.48,2.547454650942891,-2.4292359989887844,3.853949308190802,-1.306494657247911,-1.306494657247911,0.0,5.9550946065500305,18.91316989775098,-24.86826450430101,-18.243983971546935,18.009533239971425,-11.87933578091029,45.02961104619889,11.71209707296444,0.0,1.0,-1.0,-48.0,48.0,0.0
0.0765,9.52,2.577299781151994,-2.405991268089223,3.877194039090363,-1.299894257938369,-1.299894257938369,0.0,5.359957629316018,19.261139084305622,-24.62109671362164,-19.391338980709147,19.180994788897777,-11.72326155124429,47.942898585261766,11.558554570052983,0.0,1.0,-1.0,-48.0,48.0,0.0
0.077,9.559999999999999,2.6072705750672407,-2.381303819511587,3.9018814876679992,-1.2946109126007586,-1.2946109126007586,0.0,5.012506819277682,19.405439113829992,-24.417945933107674,-20.49149625391763,20.329178557574533,-11.354730048301098,50.792078188148935,11.203362349533606,0.0,1.0,-1.0,-48.0,48.0,0.0
0.0775,9.6,2.637367032688631,-2.3552177854178633,3.927967521761723,-1.2906004890730918,-1.2906004890730918,0.0,4.900580905333275,19.378732441974932,-24.279313347308207,-21.529647223049434,21.435024938309667,-10.766286446474593,53.529902096927536,10.672051599742217,0.0,1.0,-1.0,-48.0,48.0,0.0
0.078,9.64,2.6675891540161647,-2.3277993085142104,3.955385998665376,-1.2877968446492112,-1.2877968446492112,0.0,5.010478082525147,19.214273627731696,-24.224751710256843,-22.49672899974365,22.481401751616605,-9.964282116213518,56.11559312656166,9.990568863463793,0.0,1.0,-1.0,-48.0,48.0,0.0
0.0785,9.68,2.697936939049842,-2.2991333157726905,3.9840519914068957,-1.2861150523570535,-1.2861150523570535,0.0,5.326998520945498,18.94460215778885,-24.271600678734348,-23.388375484952142,23.45286329582468,-8.96783423920331,58.51474080066128,9.183651969380344,0.0,1.0,-1.0,-48.0,48.0,0.0
0.079,9.719999999999999,2.7284103877896633,-2.269320439775517,4.013864867404069,-1.285454479614406,-1.285454479614406,0.0,5.833416763956947,18.600547859853524,-24.43396462381047,-24.20306507700089,24.335426149692413,-7.80586156546868,60.69882846771815,8.273534288130048,0.0,1.0,-1.0,-48.0,48.0,0.0
0.0795,9.76,2.7590095002356283,-2.238474248176549,4.044711059003037,-1.2857015587674083,-1.2857015587674083,0.0,6.511427082659676,18.210655074107713,-24.72208215676739,-24.939866425109525,25.116522434037957,-6.512491662749937,62.644493285745675,7.279116408217577,0.0,1.0,-1.0,-48.0,48.0,0.0
0.08,9.8,2.789734276387736,-2.2067188847203005,4.076466422459285,-1.2867321460715493,-1.2867321460715493,0.0,7.341134911065076,17.801049969947336,-25.142184881012412,-25.596326707536132,25.785253836981212,-5.121609614641158,64.33263999907328,6.21561559229649,0.0,1.0,-1.0,-48.0,48.0,0.0
0.0805,9.84,2.820584716245988,-2.1741871667574224,4.108998140422164,-1.2884134241761762,-1.2884134241761762,0.0,8.301174189358921,17.39567891921642,-25.69685310857534,-26.167032205669116,26.332960343149416,-3.661691610160138,65.74751678578899,5.0945890974189485,0.0,1.0,-1.0,-48.0,48.0,0.0
0.081,9.879999999999999,2.8515608198103837,-2.1410191379391086,4.142166169240477,-1.2906053494300935,-1.2906053494300935,0.0,9.369002564357913,17.01676235774896,-26.385764922106873,-26.643188205927515,26.753958048651057,-2.152195920508012,66.87582805319803,3.9241829355018636,0.0,1.0,-1.0,-48.0,48.0,0.0
0.0815,9.92,2.8826625870809224,-2.107361046084149,4.175824261095437,-1.2931616740145149,-1.2931616740145149,0.0,10.521365261612495,16.685265366011215,-27.20663062762371,-27.013267376999263,27.046145988328174,-0.6025693353319151,67.70592605359066,2.709505090423387,0.0,1.0,-1.0,-48.0,48.0,0.0
0.082,9.96,2.913890018057605,-2.073364699439826,4.20982060773976,-1.2959305896821554,-1.2959305896821554,0.0,11.734841231933636,16.421199834363115,-28.15604106629675,-27.26446361978861,27.211106319109085,0.9856366670753671,68.22711130521289,1.453135481729597,0.0,1.0,-1.0,-48.0,48.0,0.0
0.0825,10.0,2.945243112740431,-2.0391871362283034,4.243998170951283,-1.298755058210852,-1.298755058210852,0.0,12.986321372227192,16.24364168958869,-29.22996306181588,-27.384473371962102,27.253387736827083,2.6138456254703732,68.42908999032065,0.1558998128818112,0.0,1.0,-1.0,-48.0,48.0,0.0
0.083,10.04,2.976721871129401,-2.0049905088985747,4.278194798281012,-1.301472927151611,-1.301472927151611,0.0,14.253249629771794,16.17044868396464,-30.423698313736434,-27.363084741291402,27.178885832756464,4.27985807292629,68.30167591950237,-1.181921359349435,0.0,1.0,-1.0,-48.0,48.0,0.0
0.0835,10.08,3.0083262932245143,-1.9709420308573657,4.312243276322221,-1.3039169830977064,-1.3039169830977064,0.0,15.513503309837184,16.217765118194706,-31.73126842803189,-27.193194584761155,26.992567629217532,5.971289941723824,67.83486103984542,-2.558849443925156,0.0,1.0,-1.0,-48.0,48.0,0.0
0.084,10.120000000000001,3.040056379025771,-1.9372137686585515,4.3459715385210345,-1.3059151594952634,-1.3059151594952634,0.0,16.74489589902093,16.39946472361078,-33.14436062263171,-26.87113056862246,26.696121273191384,7.66090989736621,67.019381883939,-3.970017893931089,0.0,1.0,-1.0,-48.0,48.0,0.0
0.0845,10.16,3.0719121285331714,-1.9039820093849364,4.37920329779465,-1.3072911692614784,-1.3072911692614784,0.0,17.924425461436527,16.7266902627321,-34.651115724168626,-26.396421470963215,26.286308112550888,9.30536198946432,65.8478572953063,-5.404867294491892,0.0,1.0,-1.0,-48.0,48.0,0.0
0.085,10.2,3.1038935417467157,-1.8714259208045132,4.411759386375073,-1.3078658446283575,-1.3078658446283575,0.0,19.027517018291615,17.207598803183732,-36.23511582147535,-25.771329932918263,25.754739089950686,10.847930818176614,64.31646196498419,-6.845265076952455,0.0,1.0,-1.0,-48.0,48.0,0.0
0.0855,10.24,3.1360006186664036,-1.8397252757059868,4.4434600314736,-1.3074594128071961,-1.3074594128071961,0.0,20.027568676636044,17.847337673728816,-37.87490635036486,-25.000479741474606,25.089455030837378,12.224941502096657,62.426953082533835,-8.264657139914032,0.0,1.0,-1.0,-48.0,48.0,0.0
0.086,10.28,3.168233359292234,-1.809043428229926,4.47414187894966,-1.305908519657426,-1.305908519657426,0.0,18.63538937005965,16.383680474752865,-35.01906984481251,-24.131087748737478,24.318800267420468,13.397483299610341,60.28943618019285,-8.632161774881382,-1.0,1.0,0.0,-48.0,0.0,48.0
0.0865,10.32,3.200591763624209,-1.779437808001852,4.503747499177734,-1.3031557355535255,-1.3031557355535255,0.0,16.792532725489274,14.75659424911904,-31.549126974608313,-23.25803366192063,23.521268860264353,14.379892144087206,58.13643359354519,-8.551272979929582,-1.0,1.0,0.0,-48.0,0.0,48.0
0.087,10.36,3.2330758316623274,-1.7508987028497922,4.532286604329794,-1.2992107726674669,-1.2992107726674669,0.0,14.978061988897275,13.42759279844075,-28.405654787338026,-22.40793174458441,22.710703731274684,15.175588328991015,56.03294849287711,-8.240684178355366,-1.0,1.0,0.0,-48.0,0.0,48.0
0.0875,10.399999999999999,3.2656855634065893,-1.7233875928822455,4.559797714297341,-1.2941121508907516,-1.2941121508907516,0.0,13.183371012031524,12.365607568652015,-25.54897858068354,-21.602152457175087,21.899708971848696,15.799509026770794,54.03281171517104,-7.7295126413134145,-1.0,1.0,0.0,-48.0,0.0,48.0
0.088,10.44,3.298420958856995,-1.6968409040485732,4.586344403131013,-1.2879234442740186,-1.2879234442740186,0.0,11.40450265071936,11.540189168787178,-22.944691819506538,-20.858649645561545,21.101110896866025,16.275846406437026,52.18233433806524,-7.0486688323725275,-1.0,1.0,0.0,-48.0,0.0,48.0
0.0885,10.48,3.3312820180135443,-1.6711738638196565,4.61201144335993,-1.2807294253463857,-1.2807294253463857,0.0,9.641873282614458,10.922094672433754,-20.563967955048213,-20.19210258322687,20.32712112176151,16.63435330991255,50.51995694105605,-6.230077786731602,-1.0,1.0,0.0,-48.0,0.0,48.0
0.089,10.52,3.3642687408762373,-1.6462844839339081,4.6369008232456785,-1.2726320823694413,-1.2726320823694413,0.0,7.899763725461213,10.483733931233889,-18.383497656695102,-19.6140287083144,19.588218916964802,16.906762928501156,49.07609113615267,-5.305922860560769,-1.0,1.0,0.0,-48.0,0.0,48.0
0.0895,10.559999999999999,3.3973811274450734,-1.6220575758082405,4.661127731371346,-1.2637466039262728,-1.2637466039262728,0.0,6.185603231554026,10.199520884051438,-16.385124115605464,-19.132879111328386,18.892050891983892,17.12378922134534,47.87314587848991,-4.307925438810308,-1.0,1.0,0.0,-48.0,0.0,48.0
0.09,10.6,3.4306191777200534,-1.5983687086905407,4.6848165984890455,-1.254197420768992,-1.254197420768992,0.0,4.509107252667549,10.046161521131024,-14.555268773798574,-18.75414237685023,18.242557974007624,17.31291918551,46.925728232577875,-3.2666716792957216,-1.0,1.0,0.0,-48.0,0.0,48.0
0.0905,10.64,3.4639828917011775,-1.5750880265457234,4.708097280633863,-1.2441143889326858,-1.2441143889326858,0.0,2.881343776020275,10.002894625964153,-12.884238401984428,-18.480480171651937,17.639442374583318,17.497017991404253,46.2410051219102,-2.2110004754925026,-1.0,1.0,0.0,-48.0,0.0,48.0
0.091,10.68,3.497472269388444,-1.5520838473340106,4.731101459845576,-1.2336291904571315,-1.2336291904571315,0.0,1.313801896965888,10.051688847745798,-11.365490744711686,-18.311908692684508,17.078009218273596,17.693655853343547,45.819208811710816,-1.1674681602994466,-1.0,1.0,0.0,-48.0,0.0,48.0
0.0915,10.719999999999999,3.5310873107818557,-1.5292259779165607,4.753959329263026,-1.22287201848117,-1.22287201848117,0.0,-0.1824739335348209,10.177391289009424,-9.994917355474604,-18.24602970973916,16.549368535454885,17.915018026109056,45.65426513111339,-0.15990402184675823,-1.0,1.0,0.0,-48.0,0.0,48.0
0.092,10.76,3.56482801588141,-1.5063886891474152,4.776796618032171,-1.2119686021507614,-1.2119686021507614,0.0,-1.5976345755011572,10.367818155480109,-8.770183579978951,-18.278306255408072,16.040960066492815,18.168253869683518,45.73452024089015,0.7909318630356132,-1.0,1.0,0.0,-48.0,0.0,48.0
0.0925,10.8,3.598694384687108,-1.4834533084781039,4.799731998701482,-1.201037614014374,-1.201037614014374,0.0,-2.9236267643163556,10.61377609095945,-7.690149326643094,-18.402371621515645,15.537356098994112,18.456135831067538,46.0435391608941,1.6675791163178064,-1.0,1.0,0.0,-48.0,0.0,48.0
0.093,10.84,3.6326864171989497,-1.4603104013455321,4.822874905834054,-1.190188488635104,-1.190188488635104,0.0,-4.154621791455627,10.909002779650393,-6.754380988194766,-18.610355826159157,15.021295646022011,18.777918501398997,46.56094712941866,2.455988057479537,-1.0,1.0,0.0,-48.0,0.0,48.0
0.0935,10.879999999999999,3.6668041134169345,-1.4368615275290924,4.846323779650493,-1.179519666233559,-1.179519666233559,0.0,-5.287262485032011,11.250016898211802,-5.962754413179791,-18.89321068140253,14.474898136110879,19.13030254032569,47.26328314705048,3.1455054937336437,-1.0,1.0,0.0,-48.0,0.0,48.0
0.094,10.92,3.7010474733410637,-1.4130205742698425,4.8701647329097435,-1.1691172595686798,-1.1691172595686798,0.0,-6.320730005217995,11.635870665214368,-5.315140659996373,-19.24101305222043,13.880991588640152,19.508415354804324,48.12483410316129,3.7287338863595263,-1.0,1.0,0.0,-48.0,0.0,48.0
0.0945,10.96,3.7354164969713355,-1.3887146836918727,4.894470623487713,-1.1590541265163776,-1.1590541265163776,0.0,-7.256643394668787,12.067803457932023,-4.811160063263236,-19.643226494004146,13.224468336057853,19.906721953147866,49.11841842075152,4.201270225839282,-1.0,1.0,0.0,-48.0,0.0,48.0
0.095,11.0,3.7699111843077517,-1.3638848069858776,4.9193005001937085,-1.1493893158859567,-1.1493893158859567,0.0,-8.098816627582494,12.548802608973675,-4.449985981391181,-20.088905252596557,12.493554176363874,20.31978052916506,50.21609106707907,4.56134202735268,-1.0,1.0,0.0,-48.0,0.0,48.0
0.0955,11.04,3.804531535350311,-1.33848593054344,4.944699376636146,-1.1401678412858351,-1.1401678412858351,0.0,-8.852909582252302,13.083087570112253,-4.2301779878599515,-20.566832635024614,11.680851463145574,20.742764550010214,51.38974769019406,4.809370300476131,-1.0,1.0,0.0,-48.0,0.0,48.0
0.096,11.08,3.8392775500990144,-1.312487028250616,4.97069827892897,-1.1314207288299558,-1.1314207288299558,0.0,-9.526019529654542,13.675545497846523,-4.1495259681919805,-21.065598340762318,10.784002796821515,21.171692183085327,52.61161446609708,4.947499487176009,-1.0,1.0,0.0,-48.0,0.0,48.0
0.0965,11.120000000000001,3.874149228553861,-1.2858707982403792,4.997314508939207,-1.1231652803853458,-1.1231652803853458,0.0,-10.126266274910614,14.331158467800707,-4.204892192890092,-21.573635390888416,9.805830475450966,21.60333777779817,53.85462085567449,4.979137840268791,-1.0,1.0,0.0,-48.0,0.0,48.0
0.097,11.16,3.9091465707148516,-1.2586332411657424,5.024552066013844,-1.1154054952989925,-1.1154054952989925,0.0,-10.662424635511439,15.054472540667897,-4.392047905156459,-22.079253749880344,8.753847224455058,22.03484733381362,55.09266275297039,4.908545225374757,-1.0,1.0,0.0,-48.0,0.0,48.0
0.0975,11.2,3.9442695765819855,-1.2307831313038098,5.052402175875777,-1.1081325992937914,-1.1081325992937914,0.0,-11.143650540444632,15.849163655889658,-4.705513115445026,-22.57071954859886,7.639111082604259,22.463133714067006,56.300770849655635,4.740488602489144,-1.0,1.0,0.0,-48.0,0.0,48.0
0.098,11.24,3.979518246155263,-1.2023414235837941,5.080843883595792,-1.101325637440529,-1.101325637440529,0.0,-11.579330962691387,16.717751548750453,-5.138420586059067,-23.036429743171023,6.474508842237144,22.88417643735223,57.45520130079416,4.479962567208292,-1.0,1.0,0.0,-48.0,0.0,48.0
0.0985,11.280000000000001,4.014892579434684,-1.1733406317221926,5.109844675457394,-1.09495209602271,-1.09495209602271,0.0,-11.979064365132395,17.66149807112438,-5.682433705991986,-23.465216462891362,5.27268420263445,23.29238149710784,58.53346237015525,4.131951480740419,-1.0,1.0,0.0,-48.0,0.0,48.0
0.099,11.32,4.050392576420248,-1.1438242075469311,5.139361099632655,-1.0889685232124071,-1.0889685232124071,0.0,-12.3527508541687,18.680499875642873,-6.3277490214741725,-23.846780832738638,4.043952710578782,23.680156570829055,59.51428340469343,3.701200791423266,-1.0,1.0,0.0,-48.0,0.0,48.0
0.0995,11.36,4.086018237111957,-1.113845950333578,5.169339356846008,-1.0833211197340509,-1.0833211197340509,0.0,-12.710745335612444,19.7739498432922,-7.063204507679756,-24.172206244737723,2.7946302837235164,24.03782009568288,60.377525265014754,3.1919757680877656,-1.0,1.0,0.0,-48.0,0.0,48.0
0.1,11.4,4.121769561509809,-1.0834694762197457,5.199715830959841,-1.077946269450032,-1.077946269450032,0.0,-13.064009166618213,20.940502875080853,-7.876493708462639,-24.43444687038586,1.526209067569938,24.353892905012476,61.10402942369004,2.607817201637874,-1.0,1.0,0.0,-48.0,0.0,48.0
0.1005,11.440000000000001,4.157646549613804,-1.052767777671399,5.230417529508188,-1.0727709798943836,-1.0727709798943836,0.0,-13.424191814236641,22.17864869117797,-8.754456876941328,-24.628646101729732,0.23571789474053706,24.615733628703264,61.6754107530519,1.9513480940949117,-1.0,1.0,0.0,-48.0,0.0,48.0
0.101,11.48,4.193649201423943,-1.0218228914427299,5.261362415736857,-1.0677132143129135,-1.0677132143129135,0.0,-13.425725967551626,22.731256927047212,-9.305530959495586,-24.752217445622872,-1.082601665960533,24.810483614341887,62.07403380344953,1.237761811090793,-1.0,0.0,1.0,0.0,-48.0,48.0
0.1015,11.52,4.229777516940226,-0.9907211054981311,5.292464201681455,-1.0626866847412293,-1.0626866847412293,0.0,-11.138564152413519,18.712762429582913,-7.574198277169395,-24.81507523947409,-2.43571321530044,24.936711529494758,62.30960206552091,0.6732475551401627,-1.0,0.0,1.0,0.0,-48.0,48.0
0.102,11.559999999999999,4.26603149616265,-0.9595336087612414,5.323651698418345,-1.0576202022556949,-1.0576202022556949,0.0,-9.070119876253703,15.118643521571542,-6.0485236453178395,-24.840312407221383,-3.8323721182850004,25.006887477724778,62.42309837906717,0.2580710283889154,-1.0,0.0,1.0,0.0,-48.0,48.0
0.1025,11.6,4.302411139091221,-0.9283124866313196,5.354872820548267,-1.0524616814570456,-1.0524616814570456,0.0,-7.2145752370370335,11.925000605085922,-4.710425368048888,-24.84827478883498,-5.280584872358758,25.032932672786792,62.44957045590645,-0.025892746903066977,-1.0,0.0,1.0,0.0,-48.0,48.0
0.103,11.639999999999999,4.338916445725934,-0.8970934172373356,5.386091889942251,-1.0471754442163173,-1.0471754442163173,0.0,-5.564052282008446,9.109850987777113,-3.545798705768667,-24.856021872846117,-6.784808819602926,25.026785305937015,62.41962231942114,-0.19622571550562085,-1.0,0.0,1.0,0.0,-48.0,48.0
0.1035,11.68,4.375547416066792,-0.8658978786666224,5.417287428512964,-1.041740012446172,-1.041740012446172,0.0,-4.108933268745113,6.652698064932887,-2.543764796187774,-24.876247248544086,-8.344155726848877,25.000077978617085,62.35943533054115,-0.27085920375737105,-1.0,0.0,1.0,0.0,-48.0,48.0
0.104,11.719999999999999,4.412304050113792,-0.8347353965890438,5.448449910590543,-1.0361458604767506,-1.0361458604767506,0.0,-2.8382298030885225,4.534012575544239,-1.6957827724557162,-24.916284106845158,-9.951516968400659,24.96357137404687,62.290598473721744,-0.26865943868461806,-1.0,0.0,1.0,0.0,-48.0,48.0
0.1045,11.76,4.449186347866937,-0.8036059032823234,5.4795794038972625,-1.0303930560303254,-1.0303930560303254,0.0,-1.7400377340576896,2.734709911432604,-0.9946721773749145,-24.97731375290519,-11.593440865547723,24.92651353190931,62.22985409611176,-0.20949653338705343,-1.0,0.0,1.0,0.0,-48.0,48.0
0.105,11.799999999999999,4.4861943093262235,-0.7725022160964509,5.510683091083135,-1.0244887817569115,-1.0244887817569115,0.0,-0.802080035918675,1.2356838862755473,-0.4336038503568722,-25.053877802931343,-13.250573805737096,24.896077462303317,62.1888984151383,-0.1137395990968825,-1.0,0.0,1.0,0.0,-48.0,48.0
0.1055,11.84,4.523327934491656,-0.7414125730305046,5.541772734149082,-1.0184447996574262,-1.0184447996574262,0.0,-0.012312008731542399,0.017436683540083365,-0.005124674808540966,-25.133781752052407,-14.898525810709824,24.87699154486565,62.174373472611535,-0.0012516415835489045,-1.0,0.0,1.0,0.0,-48.0,48.0
0.106,11.879999999999999,4.56058722336323,-0.7103281508349544,5.572857156344632,-1.0122699329814022,-1.0122699329814022,0.0,0.16966729968014535,0.0,-0.16966729968014535,-25.186046077790078,-16.500705687299135,24.85917565723126,62.157508231076555,-0.13660518053762605,-1.0,0.0,1.0,-7.662729522980276,-40.33727047701973,48.0
0.1065,11.92,4.597972175940949,-0.6792607084196776,5.6039245987599084,-1.0059524228189591,-1.0059524228189591,0.0,0.33139100817639255,0.0,-0.33139100817639255,-25.174864645277125,-18.014777986975854,24.830762086423405,62.106831729771784,-0.2668211305515181,-1.0,0.0,1.0,-6.157273292451006,-41.842726707549,48.0
0.107,11.959999999999999,4.635482792224811,-0.6482264623124059,5.63495884486718,-0.9994760526423692,-0.9994760526423692,0.0,0.4750683055887731,0.0,-0.4750683055887731,-25.076370236253073,-19.407860578241177,24.792982153752106,62.02535018911868,-0.3819623535940221,-1.0,0.0,1.0,-4.733833463009306,-43.266166536990696,48.0
0.1075,12.0,4.673119072214817,-0.6172397310415629,5.665945576138023,-0.9928265039232063,-0.9928265039232063,0.0,0.5927075606924719,0.0,-0.5927075606924719,-24.867301199224457,-20.652601916918684,24.74718205322526,61.917695458475976,-0.47493497821310515,-1.0,0.0,1.0,-3.407457656080915,-44.592542343919085,48.0
0.108,12.04,4.7108810159109655,-0.586312052962453,5.696873254217133,-0.9859922383061672,-0.9859922383061672,0.0,0.6750996361535387,0.0,-0.6750996361535387,-24.52709933574968,-21.729477929482133,24.695179963038008,61.79039240541939,-0.5377849460354772,-1.0,0.0,1.0,-2.186481756873702,-45.813518243126296,48.0
0.1085,12.08,4.748768623313259,-0.5554511992947779,5.7277341078848085,-0.9789654845715496,-0.9789654845715496,0.0,0.7122668066426473,0.0,-0.7122668066426473,-24.03980147598327,-22.628274967515544,24.639588800759327,61.65199166828525,-0.5623940593562815,-1.0,0.0,1.0,-1.0718313700964277,-46.92816862990357,48.0
0.109,12.12,4.786781894421695,-0.524660168476656,5.758525138702931,-0.9717432442812353,-0.9717432442812353,0.0,0.6940473328672497,0.0,-0.6940473328672497,-23.395462418831496,-23.3486070773237,24.584021353657757,61.513004374586444,-0.5413494769636268,-1.0,0.0,1.0,-0.057113455263170465,-47.94288654473684,48.0
0.1095,12.16,4.824920829236276,-0.4939364479652522,5.789248859214334,-0.9643280299780583,-0.9643280299780583,0.0,0.5868940505272322,0.047655914730869185,-0.6345499652581014,-22.59037742191793,-23.898867043492164,24.53251674390097,61.38409367298793,-0.4881425518024596,-1.0,0.0,1.0,0.0,-48.0,48.0
0.11,12.2,4.863185427756999,-0.46327361174561194,5.819911695433975,-0.9567262676769754,-0.9567262676769754,0.0,0.3569579440521868,0.19279845668287227,-0.549756400735059,-21.625380593828766,-24.29264807684659,24.48715720998169,61.26999871712384,-0.4221463751857344,-1.0,0.0,1.0,0.0,-48.0,48.0
0.1105,12.24,4.901575689983868,-0.43266337594844106,5.850521931231145,-0.9489462412472776,-0.9489462412472776,0.0,0.0032306102775431778,0.42175707699697573,-0.4249876872745189,-20.507939348851334,-24.54896208051181,24.449936582313917,61.17435916216106,-0.3401894835870475,-1.0,0.0,1.0,0.0,-48.0,48.0
0.111,12.28,4.940091615916877,-0.402095493492312,5.881089813687274,-0.9409981977703971,-0.940998197770397,0.0,-0.4749793269276529,0.7235096837733854,-0.24853035684573252,-19.25228982651883,-24.691199464885127,24.423230313269894,61.101261881231764,-0.24205386178503807,-1.0,0.0,1.0,0.0,-48.0,48.0
0.1115,12.32,4.978733205556033,-0.37155773080986837,5.9116275763697175,-0.9328943708136848,-0.9328943708136848,0.0,-1.0776406815747308,1.0897269020609666,-0.012086220486235685,-17.878208878149717,-24.74503772624249,24.40926131880358,61.0544233635965,-0.13093340950275767,-1.0,0.0,1.0,0.0,-48.0,48.0
0.112,12.36,5.01750045890133,-0.34103626485299354,5.942149042326593,-0.9246485834252622,-0.9246485834252622,0.0,-1.8035989781926687,1.5144365184000657,0.28916245979260297,-16.40948118981728,-24.736352546659663,24.409535347255265,61.03635124843364,-0.013224755774821628,-1.0,0.0,1.0,0.0,-48.0,48.0
0.1125,12.4,5.056393375952773,-0.3105164752703897,5.972668831909196,-0.9162754559564235,-0.9162754559564235,0.0,-2.6503022354897667,1.9935444164446143,0.6567578190451524,-14.872239912793694,-24.689343478792786,24.424340410842486,61.047622672865614,0.10217440281094486,-1.0,0.0,1.0,0.0,-48.0,48.0
0.113,12.44,5.095411956710357,-0.27998404585869974,6.0032012613208865,-0.9077893046105299,-0.9077893046105299,0.0,-3.6136621687961963,2.5242639611198205,1.0893982076763755,-13.293304099294131,-24.625015197183597,24.45238917427963,61.08638222464194,0.20488790138992302,-1.0,0.0,1.0,0.0,-48.0,48.0
0.1135,12.48,5.134556201174086,-0.2494262496099888,6.033759057569598,-0.8992028563955117,-0.8992028563955117,0.0,-4.688050721143876,3.1045127370969,1.5835379840469759,-11.69857677774368,-24.560083576028507,24.49065982262381,61.14811446203548,0.28420040829878535,-1.0,0.0,1.0,0.0,-48.0,48.0
0.114,12.52,5.173826109343958,-0.21883327702796618,6.06435203015162,-0.8905259208076624,-0.8905259208076624,0.0,-5.866426844813375,3.7323361095885184,2.1340907352248575,-10.11153163589583,-24.50632088772199,24.534463802425766,61.22569487870293,0.33011476967471376,-1.0,0.0,1.0,0.0,-48.0,48.0
0.1145,12.56,5.2132216812199745,-0.1881994772540531,6.094985829925533,-0.8817641487055585,-0.8817641487055585,0.0,-7.140584824415413,4.405411992936053,2.73517283147936,-8.551818880963719,-24.470321302637657,24.577739911986182,61.30967745067843,0.33416433592938455,-1.0,0.0,1.0,0.0,-48.0,48.0
0.115,12.6,5.252742916802134,-0.15752548311714737,6.1256598240624385,-0.8729169072603042,-0.8729169072603042,0.0,-6.1494474690806475,3.944499921566596,2.2049475475140516,-7.032400768076873,-24.44770644219354,24.60755922239244,61.37381612834038,0.017430565447967283,0.0,-1.0,1.0,48.0,-48.0,0.0
0.1155,12.64,5.292389816090438,-0.12684965569679116,6.156335651482795,-0.8639458353923573,-0.8639458353923573,0.0,-2.2981013701733852,2.0483341950345673,0.24976717513881777,-5.555720651650252,-24.396633177260327,24.57754244882436,61.30767942372461,-0.5067258405725925,0.0,-1.0,1.0,48.0,-48.0,0.0
0.116,12.68,5.332162379084884,-0.09623466750560129,6.186950639673985,-0.8547882605891015,-0.8547882605891015,0.0,0.0,0.9167187546332302,-0.9167187546332302,-4.136954263919881,-24.328030974220336,24.498910024332375,61.14233827110863,-0.7320716513371227,0.0,-1.0,1.0,19.7776062110241,-48.0,28.222393788975904
0.1165,12.72,5.372060605785475,-0.06570936082997199,6.217475946349614,-0.8454153405641387,-0.8454153405641387,0.0,0.0,0.9199296267972245,-0.9199296267972245,-2.780863546765281,-24.269906600755395,24.404136992422206,60.958786341491404,-0.7345404566709128,0.0,-1.0,1.0,21.152021257401312,-48.0,26.847978742598688
0.117,12.76,5.412084496192208,-0.035275764530220535,6.247909542649365,-0.835825046457157,-0.835825046457157,0.0,0.0,0.9101550530386947,-0.9101550530386947,-1.4760311016076102,-24.22414015105624,24.3022077816086,60.775925754310876,-0.7267104569492462,0.0,-1.0,1.0,22.48493508311621,-48.0,25.51506491688379
0.1175,12.799999999999999,5.452234050305084,-0.004932909632336654,6.2782523975472495,-0.8260183472421652,-0.8260183472421652,0.0,0.0,0.8886358286554226,-0.8886358286554226,-0.20509167645010257,-24.185730710348338,24.19696765786779,60.596210448136105,-0.7095262053362874,0.0,-1.0,1.0,23.789289849790173,-48.0,24.210710150209827
0.118,12.84,5.492509268124106,0.025321342808769833,6.308506649988356,-0.81599738186425,-0.8159973818642499,0.0,0.0,0.8564980649146723,-0.8564980649146723,1.0515649146305905,-24.150069137676233,24.09346895768109,60.42186911249395,-0.6838665805981601,0.0,-1.0,1.0,25.07986500462816,-48.0,22.92013499537184
0.1185,12.879999999999999,5.532910149649271,0.05549019050206598,6.338675497681653,-0.8057653480323816,-0.8057653480323816,0.0,0.0,0.8149094469271381,-0.8149094469271381,2.313570684405033,-24.113521309544257,23.997602774418723,60.254905513379924,-0.6506724918786776,0.0,-1.0,1.0,26.371529951967798,-48.0,21.6284700480322
0.119,12.919999999999998,5.573436694880579,0.08557777118575931,6.368763078365346,-0.7953263834847668,-0.7953263834847668,0.0,0.0,0.7652232054254996,-0.7652232054254996,3.598476113072196,-24.073748071281972,23.915528975612368,60.097068952779026,-0.6110532351707763,0.0,-1.0,1.0,27.677585660907,-48.0,20.322414339093
0.1195,12.959999999999999,5.614088903818031,0.11558902333119275,6.398774330510779,-0.7846854266927483,-0.7846854266927483,0.0,0.0,0.7090733658604078,-0.7090733658604078,4.9199286845874965,-24.02977780578935,23.85295115520402,59.949803496979584,-0.5663466068352301,0.0,-1.0,1.0,29.008342009880163,-48.0,18.991657990119837
0.12,13.0,5.654866776461627,0.145529518929359,6.428714826108945,-0.7738480496473182,-0.7738480496473183,0.0,0.0,0.648394629193617,-0.648394629193617,6.286259917658848,-23.981873511648388,23.814302674515645,59.81418964517072,-0.5181175924800437,0.0,-1.0,1.0,30.370045336225218,-48.0,17.629954663774782
0.1205,13.04,5.695770312811367,0.1754052685771153,6.458590575756702,-0.7628202629453353,-0.7628202629453353,0.0,0.0,0.585352579732749,-0.585352579732749,7.699566787960278,-23.93125306295788,23.80192268381038,59.69089464102391,-0.4680904471316901,0.0,-1.0,1.0,31.764231977534028,-48.0,16.235768022465972
0.121,13.08,5.7367995128672495,0.2052225073165112,6.488407814496098,-0.7516083016288482,-0.7516083016288482,0.0,0.0,0.522183241787507,-0.522183241787507,9.155332340130892,-23.879728716497365,23.815306720062928,59.58014781184249,-0.41801756350263214,0.0,-1.0,1.0,33.18754333834811,-48.0,14.812456661651892
0.1215,13.12,5.777954376629275,0.2349874775149757,6.518172784694562,-0.7402184080652869,-0.7402184080652869,0.0,0.0,0.4609539066012341,-0.4609539066012341,10.642592065119509,-23.829330954446814,23.850515497913587,59.48175561854666,-0.3694950032966011,0.0,-1.0,1.0,34.63199979338612,-48.0,13.368000206613878
0.122,13.16,5.819234904097446,0.2647062316904876,6.547891538870074,-0.7286566347726282,-0.7286566347726282,0.0,0.0,0.40326845744719486,-0.40326845744719486,12.14461857683259,-23.781974104148862,23.899818164162596,59.39516799361915,-0.32373951393529654,0.0,-1.0,1.0,36.085696546825716,-48.0,11.914303453174275
0.1225,13.2,5.860641095271759,0.29438448295084585,6.577569790130432,-0.716928694858673,-0.716928694858673,0.0,0.0,0.34994920676518243,-0.34994920676518243,13.640066866335319,-23.7392086934618,23.95163241614369,59.319603250701135,-0.28134665610855264,0.0,-1.0,1.0,37.53385500499437,-48.0,10.466144995005626
0.123,13.24,5.902172950152216,0.3240275330161171,6.607212840195704,-0.705039890043488,-0.705039890043488,0.0,0.0,0.3007327709456774,-0.3007327709456774,15.10449471243012,-23.702089782099033,23.990802864920653,59.25423323703624,-0.24205554568189275,0.0,-1.0,1.0,38.96013817101931,-48.0,9.039861828980692
0.1235,13.28,5.943830468738816,0.353640306893424,6.63682561407301,-0.6929951453341943,-0.6929951453341943,0.0,0.0,0.25401910882409673,-0.25401910882409673,16.512146808040423,-23.671172867683044,23.999230296008925,59.19842316832253,-0.20455263300672077,0.0,-1.0,1.0,40.34811809387748,-48.0,7.651881906122517
0.124,13.32,5.985613651031561,0.38322751832882573,6.666412825508412,-0.6807991744768511,-0.6807991744768511,0.0,0.0,0.2067100400252384,-0.2067100400252384,17.83786745783141,-23.646630639439948,23.956828533135145,59.15201167486301,-0.16635297215233025,0.0,-1.0,1.0,41.682768510983806,-48.0,6.317231489016187
0.1245,13.36,6.027522497030448,0.41279398045639026,6.695979287635977,-0.6684567906055285,-0.6684567906055285,0.0,0.0,0.15416611431671529,-0.15416611431671529,19.05898819289575,-23.628466336714975,23.842745089397546,59.11560664390724,-0.12379898681502072,0.0,-1.0,1.0,42.95184881655446,-48.0,5.048151183445535
0.125,13.4,6.06955700673548,0.4423450614479637,6.72553036862755,-0.6559733618920696,-0.6559733618920696,0.0,0.0,0.09029890515032943,-0.09029890515032943,20.157028335471136,-23.616784719477476,23.63674218260656,59.09086309253697,-0.0722098395663598,0.0,-1.0,1.0,44.147049603906595,-48.0,3.852950396093407
0.1255,13.44,6.111717180146655,0.4718872663274122,6.7550725735069985,-0.6433553933603431,-0.6433553933603431,0.0,0.0,0.007800677885578568,-0.007800677885578568,21.11905427590214,-23.612071972326753,23.32060397348484,59.08070301983407,-0.006196721918468226,0.0,-1.0,1.0,45.26478827532309,-48.0,2.735211724676903
0.126,13.48,6.154003017263975,0.50142890566489,6.784614212844476,-0.6306111955805012,-0.6306111955805012,0.0,0.0,-0.10150318435000155,0.10150318435000155,21.938571340154326,-23.615433365456433,22.879422729094586,59.08943665489686,0.07986835239358982,0.0,-1.0,1.0,46.30657665833525,-48.0,1.6934233416647508
0.1265,13.52,6.196414518087436,0.530980793022146,6.814166100201732,-0.6177515821142965,-0.6177515821142965,0.0,0.0,-0.2462090633891984,0.2462090633891984,22.61587080187618,-23.62874335076152,22.302627378529348,59.122751672468404,0.19127526117338783,0.0,-1.0,1.0,47.27892878799227,-48.0,0.7210712120077325
0.127,13.56,6.238951682617042,0.5605568992859644,6.843742206465551,-0.604790523848509,-0.604790523848509,0.0,-0.0024328764120227775,-0.4336225716152125,0.4360554480272353,23.15781109306804,-23.654669333388355,21.584646961243365,59.187534140427,0.33136980008916017,0.0,-1.0,1.0,48.0,-48.0,0.0
0.1275,13.6,6.2816145108527905,0.5901744069142408,6.873359714093827,-0.5917452032410369,-0.5917452032410369,0.0,-0.07435317749840742,-0.6382266849224735,0.7125798624208809,23.575863112047585,-23.695333100689105,20.72410941124687,59.288462370857964,0.4745887389589377,0.0,-1.0,1.0,48.0,-48.0,0.0
0.128,13.64,6.324403002794685,0.6198364494972666,6.903021756676853,-0.5786187538821679,-0.5786187538821679,0.0,0.31112283992226875,-0.31112283992226875,0.0,23.855604187798626,-23.723027890884993,19.70053259007587,59.35487425703197,0.24939483601354048,1.0,-1.0,0.0,48.0,-43.63424444161906,-4.365755558380947
0.1285,13.68,6.367317158442721,0.6495296703947857,6.932714977574372,-0.5653978191316514,-0.5653978191316513,0.0,0.3171946127066396,-0.3171946127066396,0.0,24.02673749324553,-23.75101715141331,18.53752076785938,59.41823982925079,0.25505377513799876,1.0,-1.0,0.0,48.0,-42.39966059694327,-5.600339403056729
0.129,13.72,6.410356977796901,0.6792546557611319,6.962439962940718,-0.5520829851438167,-0.5520829851438167,0.0,0.3097210649958956,-0.3097210649958956,0.0,24.110672000489803,-23.781118501379577,17.25353582914592,59.48146081225904,0.24937343764331732,1.0,-1.0,0.0,48.0,-41.08875907959081,-6.911240920409192
0.1295,13.76,6.453522460857225,0.7090107576369871,6.992196064816573,-0.5386736039593485,-0.5386736039593485,0.0,0.2959781880579068,-0.2959781880579068,0.0,24.127957573723293,-23.81293645981179,15.870311259423458,59.54248272271954,0.2383081507702664,1.0,-1.0,0.0,48.0,-39.7128007024677,-8.287199297532293
0.13,13.8,6.496813607623692,0.7387966366469491,7.021981943826535,-0.5251683362028432,-0.5251683362028432,0.0,0.2810204986228616,-0.2810204986228616,0.0,24.09935054560674,-23.846162359558104,14.413443376759817,59.600521486186146,0.22606634316884489,1.0,-1.0,0.0,48.0,-38.2868492837355,-9.7131507162645
0.1305,13.84,6.540230418096303,0.7686107890549985,7.051796096234584,-0.5115656781382816,-0.5115656781382816,0.0,0.2678816564527872,-0.2678816564527872,0.0,24.04432936379989,-23.88026788124101,12.910357908554332,59.655634767814355,0.21520382013872583,1.0,-1.0,0.0,48.0,-36.82832716727489,-11.171672832725108
0.131,13.88,6.583772892275058,0.7984518688499446,7.081637176029531,-0.4978642837544731,-0.4978642837544731,0.0,0.25790039819075433,-0.25790039819075433,0.0,23.979856207698916,-23.914302252665898,11.388174542187526,59.70833718177508,0.20687098520823283,1.0,-1.0,0.0,48.0,-35.355397564671016,-12.644602435328983
0.1315,13.92,6.6274410301599564,0.828318835082643,7.11150414226223,-0.48406311210227315,-0.48406311210227315,0.0,0.2511273299145179,-0.2511273299145179,0.0,23.919488482183368,-23.946826717297363,9.871655674139634,59.75928980409846,0.2011493103130536,1.0,-1.0,0.0,48.0,-33.88532479169663,-14.11467520830337
0.132,13.96,6.671234831750998,0.8582109658817835,7.141396273061369,-0.4701614413103714,-0.4701614413103714,0.0,0.24676255424021712,-0.24676255424021712,0.0,23.872890793147366,-23.97599846441058,8.381406203059896,59.80907857165725,0.19741675365565015,1.0,-1.0,0.0,48.0,-32.43296003869151,-15.567039961308497
0.1325,14.0,6.7151542970481835,0.8881277843195355,7.171313091499122,-0.45615879445093815,-0.4561587944509382,0.0,0.24357521602813006,-0.24357521602813006,0.0,23.845748545197416,-23.999793680384613,6.9324629642834354,59.858082458850625,0.19469364545031465,1.0,-1.0,0.0,48.0,-31.009485531877033,-16.990514468122967
0.133,14.040000000000001,6.759199426051514,0.9180689390037056,7.201254246183292,-0.4420548201317782,-0.4420548201317782,0.0,0.24026281983610026,-0.24026281983610026,0.0,23.84004352802555,-24.016338129388853,5.533379189282518,59.90642194494267,0.19193450102445464,1.0,-1.0,0.0,48.0,-29.621526489964168,-18.378473510035832
0.1335,14.08,6.8033702187609855,0.9480340756482462,7.231219382827833,-0.42784916406684737,-0.42784916406684737,0.0,0.23571919978382366,-0.23571919978382366,0.0,23.854621520085963,-24.024295694895223,4.1858725702776205,59.953971296132224,0.1882440780559167,1.0,-1.0,0.0,48.0,-28.27070965768225,-19.72929034231775
0.134,14.120000000000001,6.847666675176601,0.9780227265183126,7.261208033697899,-0.4135413585212975,-0.4135413585212975,0.0,0.22919377282053752,-0.22919377282053752,0.0,23.885962075808724,-24.023252435562057,2.8850650752244915,60.00041417197841,0.18300696383955395,1.0,-1.0,0.0,48.0,-26.953710255101157,-21.046289744898843
0.1345,14.16,6.89208879529836,1.0080342339387378,7.291219541118324,-0.39913074581996444,-0.39913074581996444,0.0,0.2203396170587575,-0.2203396170587575,0.0,23.92905082922775,-24.01402768483779,1.6202986582902035,60.045320624818956,0.17592977188701614,1.0,-1.0,0.0,48.0,-25.66278708609522,-22.33721291390478
0.135,14.200000000000001,6.936636579126263,1.0380677132301093,7.321253020409696,-0.38461644128343236,-0.3846164412834323,0.0,0.20916242319370654,-0.20916242319370654,0.0,23.978254503837064,-23.998846043355417,0.37646488493952907,60.08822452115548,0.1670045452037915,1.0,-1.0,0.0,48.0,-24.386760654698705,-23.613239345301295
0.1355,14.24,6.98131002666031,1.0681220506848341,7.35130735786442,-0.36999733120411005,-0.36999733120411005,0.0,0.19589493251662926,-0.19589493251662926,0.0,24.028108064374774,-23.981315560471632,-0.8642584088606808,60.12868373674779,0.15641125360946134,1.0,-1.0,0.0,48.0,-23.112345339187748,-24.887654660812252
0.136,14.280000000000001,7.026109137900502,1.0981959246663229,7.381381231845909,-0.3552720939454073,-0.35527209394540726,0.0,0.18083068664887947,-0.18083068664887947,0.0,24.073941336759848,-23.966177574877687,-2.1204090786476817,60.16631099035947,0.14438524726698276,1.0,-1.0,0.0,48.0,-21.825709040411237,-26.174290959588763
0.1365,14.32,7.071033912846835,1.1282878335863287,7.411473140765915,-0.34043922791908,-0.34043922791908,0.0,0.1641556487967304,-0.1641556487967304,0.0,24.11229726512269,-23.958820752317653,-3.4091542607726026,60.20077034572078,0.13108047490455474,1.0,-1.0,0.0,48.0,-20.51410748282488,-27.48589251717512
0.137,14.360000000000001,7.116084351499314,1.1583961139914298,7.441581421171016,-0.32549706967170167,-0.32549706967170167,0.0,0.14581587122111137,-0.14581587122111137,0.0,24.14112294472869,-23.964582725342016,-4.74430030689525,60.23174227745808,0.11645977881023281,1.0,-1.0,0.0,48.0,-19.167429583411412,-28.832570416588588
0.1375,14.4,7.161260453857934,1.1885189353292611,7.471704242508848,-0.31044378865091365,-0.3104437886509137,0.0,0.12545385734216202,-0.12545385734216202,0.0,24.159744002901768,-23.98789360157574,-6.134577938879345,60.25886758453686,0.1002393025544385,1.0,-1.0,0.0,48.0,-17.77949686045764,-30.22050313954236
0.138,14.440000000000001,7.2065622199226995,1.2186542646434226,7.501839571823009,-0.29527735190030935,-0.29527735190030935,0.0,0.10243623203296087,-0.10243623203296087,0.0,24.168658971207904,-24.031342667357723,-7.582358918386445,60.28168624120703,0.08190591305095417,1.0,-1.0,0.0,48.0,-16.348982929688464,-31.651017070311536
0.1385,14.48,7.251989649693607,1.248799803464546,7.531985110644133,-0.2799954609505253,-0.2799954609505253,0.0,0.07598198644650661,-0.07598198644650661,0.0,24.169209785688626,-24.09476965172676,-9.08292425260243,60.2995907380124,0.06081621759924151,1.0,-1.0,0.0,48.0,-14.879855680416638,-33.12014431958336
0.139,14.520000000000001,7.29754274317066,1.2789529092496306,7.562138216429217,-0.2645954732585567,-0.2645954732585567,0.0,0.04538548824072299,-0.04538548824072299,0.0,24.16319541481116,-24.174492488144626,-10.624358124489302,60.31181424190361,0.036374789806589876,1.0,-1.0,0.0,48.0,-13.381290412177432,-34.618709587822565
0.1395,14.56,7.343221500353855,1.3091105722773149,7.592295879456901,-0.24907437910304608,-0.24907437910304608,0.0,0.1872352992335409,0.20705507349756938,-0.3942903727311103,24.1531482862254,-24.26343711225797,-12.188421490116422,60.319098199972395,0.07135768890797375,1.0,0.0,-1.0,48.0,0.0,-48.0
0.14,14.600000000000001,7.389025921243195,1.3392799383393166,7.622465245518903,-0.2334393242757082,-0.23343932427570824,0.0,0.7643358831270878,0.8628109930601952,-1.627146876187283,24.16015379838514,-24.369282770884542,-13.762792834931405,60.36909626424515,0.3285534158804711,1.0,0.0,-1.0,48.0,0.0,-48.0
0.1405,14.64,7.434956005838677,1.3694902688757156,7.652675576055302,-0.21771957021662477,-0.2177195702166248,0.0,1.2054006999119629,1.3999591455192621,-2.605359845431225,24.194014872559272,-24.4849803867111,-15.330497781948702,60.48254064606214,0.5758186279937054,1.0,0.0,-1.0,48.0,0.0,-48.0
0.141,14.679999999999998,7.481011754140301,1.399772292100461,7.682957599280047,-0.201945845139746,-0.201945845139746,0.0,1.517482004345768,1.8288510886764464,-3.3463330930222144,24.25376596902703,-24.5893215948153,-16.867213911620595,60.65473361073036,0.7959438456443739,1.0,0.0,-1.0,48.0,0.0,-48.0
0.1415,14.719999999999999,7.527193166148072,1.4301533822260029,7.713338689405589,-0.1861455232575171,-0.1861455232575171,0.0,1.710219595984778,2.1577951364592267,-3.8680147324440046,24.336301646033494,-24.656045653520195,-18.34589298591134,60.87711062227416,0.9754061635931255,1.0,0.0,-1.0,48.0,0.0,-48.0
0.142,14.759999999999998,7.573500241861985,1.4606558804487144,7.7438411876283,-0.1703409457663154,-0.17034094576631542,0.0,1.7962491101450913,2.392692886294245,-4.188941996439336,24.43687684156162,-24.655167231051006,-19.73832516446464,61.1383029656374,1.105447337915756,1.0,0.0,-1.0,48.0,0.0,-48.0
0.1425,14.799999999999999,7.619932981282042,1.4912960072483918,7.7744813144279785,-0.15454833314593674,-0.15454833314593674,0.0,1.7913226467836783,2.5368148108679964,-4.328137457651675,24.54976971880922,-24.554880836921797,-21.017158120384156,61.425423346364944,1.1827435358318494,1.0,0.0,-1.0,48.0,0.0,-48.0
0.143,14.839999999999998,7.666491384408242,1.5220834476920908,7.805268754871677,-0.1387773704634352,-0.1387773704634352,0.0,1.7140927334515457,2.590752998066254,-4.3048457315177995,24.669035616102384,-24.323966555299656,-22.15822390548747,61.72544723230887,1.209474606630136,1.0,0.0,-1.0,48.0,0.0,-48.0
0.1435,14.879999999999999,7.713175451240587,1.5530216172127502,7.836206924392337,-0.12303147315174989,-0.12303147315174989,0.0,1.5855437680216435,2.552578465355642,-4.138122233377286,24.78925424879395,-23.93449586056487,-23.142889262235673,62.02652365078327,1.1926812776483782,1.0,0.0,-1.0,48.0,0.0,-48.0
0.144,14.919999999999998,7.759985181779074,1.584108527666006,7.867293834845592,-0.10730865306651793,-0.10730865306651793,0.0,1.4281021273214196,2.418211953131381,-3.8463140804528004,24.906157259610147,-23.36452233394557,-23.960055716808213,62.319036395883174,1.1429263475485487,1.0,0.0,-1.0,48.0,0.0,-48.0
0.1445,14.959999999999999,7.806920576023706,1.6153380880655661,7.898523395245152,-0.0916028192214462,-0.0916028192214462,0.0,1.2645084024859283,2.1819919541171147,-3.446500356603043,25.017028824335142,-22.600382415445626,-24.607436019514545,62.59625940830588,1.072427142037311,1.0,0.0,-1.0,48.0,0.0,-48.0
0.145,14.999999999999998,7.85398163397448,1.6467016097222646,7.929886916901851,-0.07590528292737098,-0.07590528292737098,0.0,1.1165799909100114,1.8373962175426202,-2.9539762084526315,25.1208030842772,-21.63825663926398,-25.091837169746263,62.854509466885375,0.9929601826735069,1.0,0.0,-1.0,48.0,0.0,-48.0
0.1455,15.04,7.901168355631401,1.6781892578033735,7.961374564982959,-0.060206209351558286,-0.06020620935155829,0.0,1.0040168661825193,1.3778493467883706,-2.38186621297089,25.217835231634826,-20.484754015648466,-25.42836320868368,63.09278523575002,0.9139109317183037,1.0,0.0,-1.0,48.0,0.0,-48.0
0.146,15.08,7.948480740994463,1.7097912092724834,7.992976516452069,-0.04449577545760608,-0.04449577545760608,0.0,0.9434000281492121,0.7975353594759662,-1.7409353876251783,25.309386309951133,-19.15644931994686,-25.63865841371355,63.311974636075945,0.8408232106523919,1.0,0.0,-1.0,48.0,0.0,-48.0
0.1465,15.120000000000001,7.99591879006367,1.7414983384943583,8.024683645673944,-0.02876485561027398,-0.028764855610273976,0.0,0.9475013024976687,0.09213335928315487,-1.0396346617808236,25.396919167252207,-17.678471636351343,-25.74848111804921,63.51378937548938,0.7746955575141882,1.0,0.0,-1.0,48.0,0.0,-48.0
0.147,15.16,8.04348250283902,1.773299317898142,8.056484625077728,-0.013002122238708225,-0.013002122238708225,0.0,0.6550983347117256,0.0,-0.6550983347117256,25.473128159962904,-16.077340574331128,-25.77668366963348,63.67910064930089,0.5272321066335047,1.0,0.0,-1.0,39.92556281949583,8.07443718050416,-48.0
0.1475,15.2,8.091171879320513,1.805166343711236,8.088351650890822,0.002820228429690985,0.002820228429690985,0.0,0.3341964415212364,0.0,-0.3341964415212364,25.525764657087695,-14.384454493820199,-25.737320219477827,63.77822360779372,0.26861739913771726,1.0,0.0,-1.0,38.278676712625135,9.721323287374867,-48.0
0.148,15.24,8.138986919508149,1.8370671476132125,8.120252454792798,0.018734464715350896,0.018734464715350896,0.0,0.03635087228864309,0.0,-0.03635087228864309,25.555128615188668,-12.642822312195346,-25.655510006175057,63.815013343232444,0.029171056884883702,1.0,0.0,-1.0,36.59263161670215,11.407368383297849,-48.0
0.1485,15.280000000000001,8.186927623401932,1.8689718251207097,8.152157132300296,0.03477049110163577,0.03477049110163577,0.0,-0.23532297559309895,0.0,0.23532297559309895,25.56122271133492,-10.893176586099651,-25.55256111261976,63.79462457433306,-0.18854641411456524,1.0,0.0,-1.0,34.897507385457224,13.102492614542768,-48.0
0.149,15.32,8.234993991001852,1.9008531702301548,8.184038477409741,0.050955513592111146,0.050955513592111146,0.0,-0.4794896138350495,0.0,0.4794896138350495,25.543640407062963,-9.17034795581168,-25.444519590621088,63.72262597126614,-0.38366738304967984,1.0,0.0,-1.0,33.21990836403262,14.780091635967382,-48.0
0.1495,15.36,8.28318602230792,1.9326867909395764,8.215872098119164,0.06731392418875615,0.06731392418875615,0.0,-0.695979148714736,0.0,0.695979148714736,25.501849385503068,-7.500602676079492,-25.341729165218176,63.60466246173042,-0.5563439714601557,1.0,0.0,-1.0,31.58066278622194,16.41933721377806,-48.0
0.15,15.4,8.331503717320132,1.9644510961131285,8.247636403292715,0.0838673140274171,0.0838673140274171,0.0,-0.8852425809741765,0.0,0.8852425809741765,25.435649585457618,-5.90007951259644,-25.249162980569377,63.44627360968562,-0.7071865964606087,1.0,0.0,-1.0,29.993322815040564,18.006677184959436,-48.0
0.1505,15.440000000000001,8.379947076038487,1.9961272226674092,8.279312529846996,0.10063454619149148,0.10063454619149148,0.0,-1.129415457556761,0.1629492190060693,0.9664662385506917,25.34567113931097,-4.374412512678958,-25.167316396257764,63.25276104306451,-0.8483734242812122,0.0,1.0,-1.0,0.0,48.0,-48.0
0.151,15.48,8.428516098462984,2.0276943131746403,8.310879620354227,0.1176364781087571,0.1176364781087571,0.0,-2.8322235109967107,3.2963276370335994,-0.46410412603688883,25.224188963905725,-2.9185948006384055,-25.083871532448217,63.00506444899335,-1.1018107522619185,0.0,1.0,-1.0,0.0,48.0,-48.0
0.1515,15.52,8.477210784593627,2.059125470393312,8.342310777572898,0.1349000070207289,0.1349000070207289,0.0,-4.3215475558111285,6.058385344901805,-1.736837789090677,25.078052971358925,-1.5228869991124312,-24.997506105780598,62.71620670094715,-1.1828780065803528,0.0,1.0,-1.0,0.0,48.0,-48.0
0.152,15.56,8.526031134430411,2.090410259596935,8.37359556677652,0.15243556765389066,0.15243556765389066,0.0,-5.612864137806898,8.478640378547242,-2.865776240740344,24.926344933765893,-0.1706721583848895,-24.916991558005492,62.42556557455091,-1.1205142056377526,0.0,1.0,-1.0,0.0,48.0,-48.0
0.1525,15.600000000000001,8.574977147973343,2.121556221090643,8.404741528270229,0.17023561970311366,0.17023561970311363,0.0,-6.722015923679938,10.582994932000766,-3.860979008320828,24.78685736136418,1.1608400298252877,-24.849164882418215,62.16584691275194,-0.9392678559530951,0.0,1.0,-1.0,0.0,48.0,-48.0
0.153,15.64,8.624048825222413,2.1525857910972643,8.43577109827685,0.1882777269455627,0.18827772694556266,0.0,-7.664718408501049,12.393487234110815,-4.728768825609766,24.6760276220599,2.49705171396858,-24.799995229508088,61.964070417764425,-0.6602887775300237,0.0,1.0,-1.0,0.0,48.0,-48.0
0.1535,15.68,8.673246166177629,2.1835336434924586,8.466718950672044,0.2065272155055844,0.2065272155055844,0.0,-8.456304935156219,13.92836760172408,-5.4720626665678616,24.60862035977899,3.8631109356705085,-24.775136589107042,61.84225119348472,-0.30270677809875535,0.0,1.0,-1.0,0.0,48.0,-48.0
0.154,15.72,8.72256917083899,2.2144442835727314,8.497629590752318,0.22493958008667117,0.22493958008667114,0.0,-9.111600694849596,15.20241358748418,-6.0908128926345855,24.59717495656498,5.281686829400673,-24.780040101877397,61.817724334033564,0.11494015678522063,0.0,1.0,-1.0,0.0,48.0,-48.0
0.1545,15.760000000000002,8.772017839206493,2.245369717925564,8.52855502510515,0.24346281410134196,0.24346281410134196,0.0,-9.644837806411687,16.227413384600894,-6.582575578189207,24.65124131154234,6.771227687110017,-24.819736143249425,61.903133136461115,0.5734778486711534,0.0,1.0,-1.0,0.0,48.0,-48.0
0.155,15.8,8.82159217128014,2.2763670487151932,8.55955235589478,0.2620398153853589,0.2620398153853589,0.0,-10.069548788681242,17.012766611494925,-6.943217822813682,24.776425962767696,8.344509450452257,-24.89840335429657,62.10615423786124,1.0522435410440645,0.0,1.0,-1.0,0.0,48.0,-48.0
0.1555,15.84,8.871292167059929,2.307495887108963,8.59068119428855,0.28061097277137925,0.28061097277137925,0.0,-10.398399284864784,17.56617053603597,-7.167771251171185,24.973274321513813,10.007311561194394,-25.018833150141564,62.42906984682265,1.5287323176722678,0.0,1.0,-1.0,0.0,48.0,-48.0
0.156,15.88,8.921117826545865,2.338815542569037,8.622000849748623,0.2991169767972419,0.2991169767972419,0.0,-10.64294024369805,17.89437215126621,-7.25143190756816,25.236037003482526,11.757143617716157,-25.181885025919854,62.86832347590175,1.9788311061425774,0.0,1.0,-1.0,0.0,48.0,-48.0
0.1565,15.920000000000002,8.971069149737943,2.3703820178725707,8.653567325052157,0.31750182468578636,0.31750182468578636,0.0,-10.813274950217055,18.00396818091279,-7.190693230695734,25.551419582348274,13.582079216546381,-25.386017777067742,63.41421405170456,2.3776982049164967,0.0,1.0,-1.0,0.0,48.0,-48.0
0.157,15.96,9.021146136636164,2.4022449199206206,8.685430227100207,0.33571590953595626,0.3357159095359563,0.0,-10.917649363497528,17.90222410443619,-6.984574740938661,25.897498223990844,15.459911336227416,-25.626977668409666,64.05089231025164,2.701297781236457,0.0,1.0,-1.0,0.0,48.0,-48.0
0.1575,16.0,9.071348787240527,2.4344444773613296,8.717629784540916,0.3537190026996111,0.3537190026996111,0.0,-10.961988281304983,17.597860889855873,-6.63587260855089,26.243086586798583,17.357988483648715,-25.897724241736782,64.75681578795846,2.9285111635773413,0.0,1.0,-1.0,0.0,48.0,-48.0
0.158,16.04,9.121677101551038,2.467008926714385,8.750194233893971,0.3714828676570665,0.3714828676570665,0.0,-10.949417717081229,17.101729931013136,-6.152312213931908,26.547929337441676,19.234165996466988,-26.18866954695896,65.5057830116061,3.043609385841674,0.0,1.0,-1.0,0.0,48.0,-48.0
0.1585,16.080000000000002,9.172131079567691,2.499952572016964,8.78313787919655,0.38899320037114116,0.38899320037114116,0.0,-10.879836123784973,16.42727316157863,-5.547437037793657,26.76412089539527,21.039247218054253,-26.48828444847076,66.26859239380197,3.038698948761514,0.0,1.0,-1.0,0.0,48.0,-48.0
0.159,16.12,9.222710721290486,2.533274817984339,8.816460125163925,0.40625059612656145,0.40625059612656145,0.0,-10.749620129895746,15.59066027222743,-4.841040142331685,26.83904304398155,22.72104770188228,-26.784074208443975,67.01525362258224,2.9155958715766968,0.0,1.0,-1.0,0.0,48.0,-48.0
0.1595,16.16,9.273416026719424,2.56696040455435,8.850145711733937,0.42327031498548706,0.42327031498548706,0.0,-10.551565613850823,14.610521164420994,-4.058955550570172,26.71984338490486,24.229802775806448,-27.06384175085509,67.71753274734198,2.6865242856851137,0.0,1.0,-1.0,0.0,48.0,-48.0
0.16,16.200000000000003,9.324246995854507,2.6009809250174016,8.884166232196987,0.4400807636575194,0.44008076365751947,0.0,-10.275160306148953,13.507254160189103,-3.232093854040149,26.35906349803249,25.52415458388211,-27.317055689110326,68.35147220345716,2.373159242958481,0.0,1.0,-1.0,0.0,48.0,-48.0
0.1605,16.240000000000002,9.375203628695735,2.6352975065276434,8.918482813707229,0.4567208149885058,0.4567208149885058,0.0,-9.90724968701829,12.301979840782588,-2.394730153764298,25.720584670612077,26.57657957585211,-27.536056309388606,68.89944509069497,2.003872686192776,0.0,1.0,-1.0,0.0,48.0,-48.0
0.161,16.28,9.426285925243103,2.669864308970519,8.953049616150105,0.47323630909299824,0.4732363090929983,0.0,-9.682011630472275,11.015302616683746,-1.3332909862114715,24.784520212324143,27.376768763827034,-27.71653269474986,69.35063241129416,1.4210913359173314,-1.0,1.0,0.0,-48.0,0.0,48.0
0.1615,16.32,9.477493885496617,2.7045470217713987,8.987732328950985,0.48976155654563236,0.48976155654563236,0.0,-14.893479208416597,12.013214979122173,2.8802642292944247,23.411864637157716,27.763098321709997,-27.68933561838909,69.28003456147981,-1.369985654509333,-1.0,1.0,0.0,-48.0,48.0,0.0
0.162,16.36,9.528827509456274,2.7390633488201903,9.022248655999777,0.5065788534564977,0.5065788534564977,0.0,-19.180640514497085,13.227050892084739,5.953589622412348,21.67165669556353,27.76556258492854,-27.466048929277818,68.71382889411238,-3.0844057791278496,-1.0,1.0,0.0,-48.0,48.0,0.0
0.1625,16.400000000000002,9.580286797122078,2.773198865996389,9.056384173175974,0.5239026239461033,0.5239026239461033,0.0,-22.963616827128867,14.288928702590278,8.674688124538589,19.68282280657844,27.47234368979216,-27.097117636227495,67.77571750061087,-4.345176947711366,-1.0,1.0,0.0,-48.0,48.0,0.0
0.163,16.44,9.631871748494019,2.8067958327572975,9.089981139936883,0.5418906085571358,0.5418906085571358,0.0,-26.261434179726407,15.233428725394864,11.028005454331545,17.561649493992395,26.974356174689603,-26.627789964229002,66.57798036473577,-5.165875881958126,-1.0,1.0,0.0,-48.0,48.0,0.0
0.1635,16.48,9.683582363572109,2.8397512676178414,9.122936574797428,0.5606457887746803,0.5606457887746803,0.0,-29.101878796306593,16.086557921663562,13.01532087464303,15.412007044253329,26.357214222779596,-26.099811439771837,65.22637817634279,-5.583920778689724,-1.0,1.0,0.0,-48.0,48.0,0.0
0.164,16.520000000000003,9.73541864235634,2.872012355689541,9.155197662869128,0.580220979487212,0.580220979487212,0.0,-31.519223397569256,16.86668203204148,14.652541365527775,13.316210196517197,25.693386869401316,-25.54948215860321,63.815156571625714,-5.6525640759412985,-1.0,1.0,0.0,-48.0,48.0,0.0
0.1645,16.560000000000002,9.787380584846716,2.90356988193319,9.186755189112777,0.6006253957339389,0.6006253957339389,0.0,-33.55161147007941,17.58572758275251,15.965883887326894,11.33136081539836,25.039058407452643,-25.006794868042274,62.42416582720582,-5.432366363044133,-1.0,1.0,0.0,-48.0,48.0,0.0
0.165,16.6,9.839468191043235,2.934450736219594,9.21763604339918,0.6218321476440547,0.6218321476440547,0.0,-35.23852107506886,18.250397753270544,16.988123321798316,9.490195149316865,24.434471349826385,-24.495458087101827,61.11797121527485,-4.984024788473201,-1.0,1.0,0.0,-48.0,48.0,0.0
0.1655,16.64,9.891681460945895,2.9647103778559223,9.247895685035509,0.6437857759103861,0.643785775910386,0.0,-36.61860556495261,18.863259855876656,17.755345709075954,7.8047092558727265,23.906229134640924,-24.033495009059052,59.94648784815885,-4.363411090818488,-1.0,1.0,0.0,-48.0,48.0,0.0
0.166,16.68,9.944020394554702,2.994425879854095,9.277611187033681,0.6664092075210207,0.6664092075210206,0.0,-37.72805313083952,19.423650601303166,18.304402529536354,6.2708847484444625,23.470299418300634,-23.63412963058045,58.946571700572,-3.6188364072233288,-1.0,1.0,0.0,-48.0,48.0,0.0
0.1665,16.720000000000002,9.996484991869654,3.0236898996936517,9.306875206873238,0.6896097849964153,0.6896097849964153,0.0,-38.599476379785656,19.92839709147318,18.671079288312473,4.873304654846169,23.134919035830766,-23.306753548200216,58.144060400945975,-2.7900940702118877,-1.0,1.0,0.0,-48.0,48.0,0.0
0.167,16.76,10.049075252890745,3.052605702394448,9.335791009574034,0.7132842433167106,0.7132842433167106,0.0,-39.26126056800097,20.372373662061523,18.888886905939447,3.5889963544671675,22.903019100745578,-23.05785381036995,57.55589189547056,-1.9086986100032641,-1.0,1.0,0.0,-48.0,48.0,0.0
0.1675,16.8,10.101791177617981,3.0812832113925657,9.364468518572153,0.7373226590458284,0.7373226590458284,0.0,-39.73726329583704,20.74891956996201,18.988343725875026,2.390277668141051,22.774071557050995,-22.89184675797094,57.19206858572894,-0.9988092790533187,-1.0,1.0,0.0,-48.0,48.0,0.0
0.168,16.840000000000003,10.154632766051362,3.1098359755380933,9.39302128271768,0.7616114833336827,0.7616114833336827,0.0,-40.04675643017367,21.05014035397011,18.99661607620356,1.246661464638411,22.745408690734784,-22.811799121926878,57.05734430850842,-0.07847705948932315,-1.0,1.0,0.0,-48.0,48.0,0.0
0.1685,16.880000000000003,10.207600018190886,3.138378898488718,9.421564205668304,0.7860358125225826,0.7860358125225826,0.0,-40.20451833102792,21.267112851389754,18.937405479638166,0.12601748388260062,22.813122880463972,-22.82003013860965,57.1525822215017,0.8389931109745516,-1.0,1.0,0.0,-48.0,48.0,0.0
0.169,16.92,10.260692934036554,-3.1161587460481903,9.450211868310982,0.8104810657255719,0.8104810657255719,0.0,-40.22101011833143,21.39001350267666,18.83099661565477,-1.0047546794508793,22.97265543359326,-22.91858373748507,57.47576801692342,1.7436545644738928,-1.0,1.0,0.0,-48.0,48.0,0.0
0.1695,16.96,10.313911513588364,-3.087293343484504,9.479077270874669,0.8348342427136951,0.8348342427136952,0.0,-40.102597149113926,21.40819302310891,18.694404126005015,-2.1792767951930627,23.21916001751071,-23.109543368358857,58.022675057128424,2.627520634609069,-1.0,1.0,0.0,-48.0,48.0,0.0
0.17,17.0,10.367255756846319,-3.058099794610285,9.508270819748887,0.8589849370974321,0.8589849370974321,0.0,-39.851803042365,21.31022818108414,18.54157486128086,-3.431207435304528,23.547695418406015,-23.395137389397497,58.78717689292612,3.483138414549905,-1.0,1.0,0.0,-48.0,48.0,0.0
0.1705,17.040000000000003,10.420725663810419,-3.0284712337758,9.537899380583372,0.8828262832270467,0.8828262832270468,0.0,-39.467607519642335,21.083993263813728,18.383614255828608,-4.793467707053377,23.953273184540155,-23.777552969178117,59.76119817067503,4.302122426026828,-1.0,1.0,0.0,-48.0,48.0,0.0
0.171,17.080000000000002,10.47432123448066,-2.9983054114459695,9.568065202913203,0.906256031567457,0.906256031567457,0.0,-38.945820997717334,20.34791356931662,18.597907428400717,-6.29676368925971,24.430116490220477,-24.257703600093148,60.93268468032774,4.77891308885779,-1.0,0.0,1.0,0.0,-48.0,48.0
0.1715,17.12,10.528042468857043,-2.9676630941599265,9.598707520199246,0.9293349486577966,0.9293349486577966,0.0,-38.28425941080309,11.706737818324946,26.577521592478142,-7.845695826411881,24.61481536789096,-24.479181523792626,61.395329961455815,-1.0109910854583823,-1.0,0.0,1.0,0.0,-48.0,48.0
0.172,17.16,10.58188936693957,-2.937142924170665,9.629227690188507,0.9526616767510632,0.9526616767510632,0.0,-37.50061331166934,3.566626847629437,33.933986464039904,-9.251479220293518,24.233019100516014,-24.16563956075819,60.46099563071349,-6.3953661429456,-1.0,0.0,1.0,0.0,-48.0,48.0
0.1725,17.2,10.635861928728243,-2.907405379390035,9.658965234969138,0.9768966937591053,0.9768966937591053,0.0,-38.11777456179741,-1.0245259641567561,39.14230052595417,-10.403872782467296,23.384658792750145,-23.402994481911474,58.37098371723844,-9.309981114163527,-1.0,0.0,1.0,-48.0,0.0,48.0
0.173,17.240000000000002,10.68996015422306,-2.878820701486772,9.6875499128724,1.0024102413506597,1.0024102413506597,0.0,-39.81390413554246,-2.7513877798392876,42.56529191538175,-11.343461981470034,22.39638622050773,-22.501332498766697,55.93270769942066,-10.15093753033521,-1.0,0.0,1.0,-48.0,0.0,48.0
0.1735,17.28,10.74418404342402,-2.8515022017987435,9.71486841256043,1.0293156308635911,1.0293156308635911,0.0,-41.30846968769909,-4.2413836583004745,45.54985334599956,-12.064337365728305,21.338596503668473,-21.51783399224502,53.317032914764866,-10.733531322205474,-1.0,0.0,1.0,-48.0,0.0,48.0
0.174,17.32,10.798533596331126,-2.8255229536126434,9.740847660746528,1.0576859355845976,1.0576859355845976,0.0,-42.63914022628644,-5.486889517604329,48.126029743890776,-12.559312662837296,20.236860226874125,-20.468184701716556,50.585467491992205,-11.081672583505647,-1.0,0.0,1.0,-48.0,0.0,48.0
0.1745,17.36,10.85300881294437,-2.800926678476438,9.765443935882734,1.0875648770616362,1.0875648770616362,0.0,-43.84066734709417,-6.48442432927175,50.325091676365915,-12.835011619788865,19.11380158733198,-19.36933752156842,47.7940894269639,-11.214989512898255,-1.0,0.0,1.0,-48.0,0.0,48.0
0.175,17.4,10.907609693263762,-2.77773021064834,9.788640403710833,1.118969289552929,1.118969289552929,0.0,-44.94384980768004,-7.2349152840015485,52.17876509168158,-12.909999565393784,17.989779051808075,-18.24022444780454,44.99450621254617,-11.149846388915744,-1.0,0.0,1.0,-48.0,0.0,48.0
0.1755,17.439999999999998,10.962336237289296,-2.7559255585983893,9.810445055760784,1.1518911815285122,1.1518911815285122,0.0,-45.97482144193502,-7.7438898296866485,53.71871127162167,-12.81190606175822,16.883401815582147,-17.101558154720728,42.23448672497803,-10.900849296364923,-1.0,0.0,1.0,-48.0,0.0,48.0
0.176,17.48,11.017188445020974,-2.735481746231436,9.830888868127737,1.1862995768932372,1.1862995768932372,0.0,-46.954685655791934,-8.021492053706973,54.976177709498906,-12.574167834115798,15.811813921911932,-15.974979917645356,39.55821219194338,-10.482313370011997,-1.0,0.0,1.0,-48.0,0.0,48.0
0.1765,17.52,11.072166316458794,-2.7163466136761363,9.850024000683035,1.2221423157757592,1.2221423157757592,0.0,-47.89947114771196,-8.082275443840905,55.98174659155286,-12.232904087020712,14.790765804562136,-14.881887080404729,37.00620292078611,-9.909350575986362,-1.0,0.0,1.0,-48.0,0.0,48.0
0.177,17.560000000000002,11.12726985160276,-2.698448712250261,9.867921902108911,1.2593479494938489,1.2593479494938489,0.0,-48.82035271597688,-7.944775165665214,56.765127881642094,-11.824262119631577,13.834538807445243,-13.842245650915025,34.61503634592648,-9.198444699596864,-1.0,0.0,1.0,-48.0,0.0,48.0
0.1775,17.6,11.182499050452869,-2.6816993658163466,9.884671248542826,1.2978278019100422,1.2978278019100422,0.0,-49.72406739555858,-7.630900095444774,57.35496749100335,-11.38239669411795,12.95579830034891,-12.87360413351614,32.4169836421442,-8.367542511346207,-1.0,0.0,1.0,-48.0,0.0,48.0
0.178,17.64,11.23785391300912,-2.6659949112150896,9.900375703144082,1.3374782098650382,1.3374782098650382,0.0,-50.61345587323614,-7.165204416507769,57.77866028974391,-10.938105852906622,12.16543897502229,-11.990417147866811,30.43967194883032,-7.435781786647151,-1.0,0.0,1.0,-48.0,0.0,48.0
0.1785,17.68,11.293334439271517,-2.6512190853421784,9.915151529016994,1.378182910254523,1.378182910254523,0.0,-51.48806734185216,-6.574102420839798,58.06216976269196,-10.518052463624905,11.47246493123891,-11.20369413619048,28.705844527053422,-6.423004090898914,-1.0,0.0,1.0,-48.0,0.0,48.0
0.179,17.72,11.348940629240058,-2.637245499350788,9.929125115008384,1.419815514231674,1.419815514231674,0.0,-52.34477828733479,-5.885082905095144,58.22986119242994,-10.144453286037361,10.883926366995079,-10.52092581810231,27.233255545917963,-5.349184222840805,-1.0,0.0,1.0,-48.0,0.0,48.0
0.1795,17.759999999999998,11.404672482914737,-2.623940129656633,9.94243048470254,1.462241998212198,1.462241998212198,0.0,-53.17838888980229,-5.125966461921913,58.304355351724205,-9.835105733595078,10.40491865860254,-9.946211154494428,26.034707548784617,-4.23387187883548,-1.0,0.0,1.0,-48.0,0.0,48.0
0.18,17.8,11.460530000295567,-2.6111637565356127,9.95520685782356,1.5053231424720064,1.5053231424720064,8.0,-53.98217275055693,-4.324234421502821,58.30640717205975,-9.603633860538965,10.038639510842337,-9.480503761373958,25.11822074073861,-3.0957017909285938,-1.0,0.0,1.0,-48.0,0.0,48.0
0.1805,17.84,11.516513181382535,-2.5992737686506553,9.967096845708518,1.5494163356740174,1.5494163356740174,8.0,-54.79419105126215,-3.417144453199503,58.21133550446166,-8.685406507465661,8.988838371489685,-8.383078275183614,22.491454559076246,-1.902790127617635,-1.0,0.0,1.0,-48.0,0.0,48.0
0.181,17.880000000000003,11.57262202617565,-2.588738629422408,9.977631984936764,1.5949900412388853,1.5949900412388853,8.0,-47.86754278262109,-10.122081157929607,57.9896239405507,-7.56455498910798,7.767352262108268,-7.155968807015089,19.435099127316754,-6.765957281430289,0.0,-1.0,1.0,48.0,-48.0,0.0
0.1815,17.92,11.628856534674906,-2.580043858935543,9.98632675542363,1.6425297792512765,1.6425297792512765,8.0,-41.18197781180936,-16.432075341248275,57.61405315305763,-5.931303291471791,6.054678352269475,-5.517780302232924,15.149711762018343,-11.427928177538506,0.0,-1.0,1.0,48.0,-48.0,0.0
0.182,17.96,11.685216706880308,-2.573771853749206,9.992598760609967,1.6926179462703406,1.6926179462703406,8.0,-35.15677654928739,-21.89606898072276,57.05284553001015,-3.8387777891122585,3.90341876752862,-3.5278776264578506,9.76692464311513,-15.540811100487234,0.0,-1.0,1.0,48.0,-48.0,0.0
0.1825,18.0,11.741702542791852,-2.570436508862116,9.995934105497057,1.745768437294796,1.745768437294796,8.0,-29.80164658678321,-26.480503520067384,56.282150106850594,-1.349508761576268,1.3695550525271936,-1.232144619049939,3.4268235568355827,-19.083758334559512,0.0,-1.0,1.0,48.0,-48.0,0.0
0.183,18.04,11.798314042409542,-2.5704805620458444,9.995890052313328,1.802423990096214,1.802423990096214,8.0,-25.117080090293364,-30.166363500247314,55.28344359054068,1.4674417585547843,-1.48927755250054,1.3399370108042787,-3.726386512262575,-22.044027828403735,0.0,-1.0,1.0,48.0,-48.0,0.0
0.1835,18.08,11.855051205733371,-2.5742739600627393,9.992096654296432,1.862954551436939,1.862954551436939,8.0,-21.09328279815753,-32.9478266119432,54.04110941010073,4.536626534489849,-4.614406789781059,4.173294799124485,-11.545922216344426,-24.413104812548664,0.0,-1.0,1.0,48.0,-48.0,0.0
0.184,18.12,11.911914032763349,-2.5821127596663622,9.98425785469281,1.9276561780705386,1.9276561780705386,8.0,-17.709317923073584,-34.831250186551905,52.54056810962549,7.7739942248303295,-7.946382502151826,7.260978694311531,-19.88304537245006,-26.183426010946828,0.0,-1.0,1.0,48.0,-48.0,0.0
0.1845,18.16,11.968902523499466,-2.594218164607137,9.972152449752036,1.99675007374743,1.99675007374743,8.0,-14.932393851115073,-35.834872667659454,50.76726651877453,11.082351110422923,-11.424980385814887,10.59414782462278,-28.58705160938793,-27.34673804815172,0.0,-1.0,1.0,48.0,-48.0,0.0
0.185,18.200000000000003,12.02601667794173,-2.6107355031203494,9.955635111238823,2.070381566702906,2.070381566702906,8.0,-12.717216400070406,-35.98949760821833,48.706714008288735,14.345054383440447,-14.989146295134484,14.149673830675722,-37.50515045059965,-27.895016761292553,0.0,-1.0,1.0,48.0,-48.0,0.0
0.1855,18.240000000000002,12.083256496090133,-2.631733268802817,9.934637345556355,2.1486191505337775,2.1486191505337775,8.0,-11.00534782551415,-35.34022022332242,46.34556804883657,17.4193861697166,-18.577186114277435,17.87784966694945,-46.4829769425667,-27.824692566658754,0.0,-1.0,1.0,48.0,-48.0,0.0
0.186,18.28,12.140621977944685,-2.657202754696034,9.909167859663139,2.2314541182815457,2.2314541182815457,8.0,-9.724599552322033,-33.9489075124678,43.67350706478983,20.132509003992702,-22.1276163329137,21.694145790822134,-55.3665963507578,-27.14429531208836,0.0,-1.0,1.0,48.0,-48.0,0.0
0.1865,18.32,12.198113123505378,-2.6870592225119734,9.8793113918472,2.318801731658178,2.318801731658178,8.0,-8.788677438356252,-31.896641024936706,40.68531846329296,22.284575315093683,-25.581103947954965,25.479981132601527,-64.00672760307508,-25.884161778228282,0.0,-1.0,1.0,48.0,-48.0,0.0
0.187,18.36,12.255729932772216,-2.721145783062554,9.845224831296619,2.4105051014755965,2.4105051014755965,8.0,-8.09760961625615,-29.28478852930921,37.38239814556536,23.664286486538227,-28.88364267485789,29.096612675899763,-72.26530304307629,-24.104629749820088,0.0,-1.0,1.0,48.0,-48.0,0.0
0.1875,18.4,12.313472405745195,-2.759240954584412,9.80712965977476,2.506342745970434,2.506342745970434,8.0,-7.539826489808156,-26.23309267942593,33.772919169234086,24.080099450613183,-31.990348367800713,32.41208208990522,-80.02333196596373,-21.897321535410967,0.0,-1.0,1.0,48.0,-48.0,0.0
0.188,18.44,12.37134054242432,-2.801070008393445,9.765300605965727,2.6060399364585933,2.6060399364585933,8.0,-6.996879543309074,-22.873582506349816,29.87046204965889,23.403976117612086,-34.868145966923024,35.33403535852502,-87.18770048842659,-19.374849487523857,0.0,-1.0,1.0,48.0,-48.0,0.0
0.1885,18.48,12.429334342809586,-2.846318815781633,9.72005179857754,2.709282544232046,2.709282544232046,8.0,-6.351332279453668,-19.340487093150593,25.69181937260426,21.615198481827264,-37.494950116548,37.83465250971309,-93.6938982557301,-16.64917756960112,0.0,-1.0,1.0,48.0,-48.0,0.0
0.189,18.520000000000003,12.487453806901,-2.894647574400747,9.671723039958426,2.8157307669425737,2.8157307669425737,8.0,-5.497137322916538,-15.75834238812031,21.25547971103685,18.824092569223463,-39.85395885993797,39.953374568147034,-99.50265994373018,-13.806483672921333,0.0,-1.0,1.0,48.0,-48.0,0.0
0.1895,18.560000000000002,12.545698934698553,-2.945701409835096,9.620669204524077,2.925029730174476,2.925029730174476,8.0,-4.3501113654888215,-12.232109523924517,16.58222088941334,15.256052502951613,-41.92499141411987,41.771774669112226,-104.59121352815163,-10.89130066916125,0.0,-1.0,1.0,48.0,-48.0,0.0
0.19,18.6,12.604069726202251,-2.9990990890298774,9.567271525329295,3.0367982008729566,3.0367982008729566,8.0,-1.075302643435566,-7.066573505442846,8.141876148878412,11.174384151065764,-43.61603585347604,43.30721183585273,-108.78586070812052,-5.964029051714224,1.0,-1.0,0.0,48.0,0.0,-48.0
0.1905,18.64,12.662566181412094,-3.0542392930129556,9.512131321346217,-3.1327504471137098,3.150434860065877,8.0,2.825567524411737,-1.886628363087623,-0.938939161324114,6.822439321415247,-44.68163811566655,44.3845840393349,-111.5368254201828,-0.554978003141914,1.0,-1.0,0.0,48.0,-48.0,0.0
0.191,18.68,12.721188300328079,-3.110481436756079,9.455889177603094,-3.017886184454602,3.2652991227249846,8.0,4.8273345239542085,0.7025070528600222,-5.52984157681423,2.4251330314168293,-45.300355413151756,45.17105363564768,-113.3093849940806,2.382023883053243,1.0,-1.0,0.0,48.0,-48.0,0.0
0.1915,18.72,12.779936082950208,3.1157600320701793,9.398945339249765,-2.9021945634791444,3.3809907437004423,8.0,7.210310266178784,2.9587804739103625,-10.169090740089146,-2.030294393585093,-45.59305675842033,45.702254121980644,-114.34138430140644,5.372414122308394,1.0,-1.0,0.0,48.0,-48.0,0.0
0.192,18.76,12.838809529278482,3.0584885378256392,9.341673845005225,-2.78604962290633,3.497135684273257,8.0,9.96283852690917,4.847073294795973,-14.809911821705143,-6.657545394813792,-45.613616177673926,45.910229095853786,-114.61681210253941,8.439835461192509,1.0,-1.0,0.0,48.0,-48.0,0.0
0.1925,18.8,12.897808639312899,3.0012732401002196,9.284458547279806,-2.6698352151464935,3.6133500920330928,8.0,13.07891978863962,6.3324615559363115,-19.411381344575933,-11.52784333217775,-45.42423769037628,45.75087329376393,-114.11171472410386,11.624631429992926,1.0,-1.0,0.0,48.0,-48.0,0.0
0.193,18.840000000000003,12.956933413053457,2.9445127536210904,9.227698060800677,-2.553949954926806,3.729235352252781,8.0,16.548959945649692,7.386015908735203,-23.934975854384895,-16.563711041912356,-45.05114281193492,45.211094680617116,-112.79067110044366,14.974528399838666,1.0,-1.0,0.0,48.0,-48.0,0.0
0.1935,18.880000000000003,13.016183850500159,2.8886260725255597,9.171811379705145,-2.438812836384573,3.8443724707950135,8.0,20.344750926118092,7.9893520293807185,-28.33410295549881,-21.498084739027924,-44.44464354728464,44.29744154677333,-110.60863097686826,18.51198531155661,1.0,-1.0,0.0,48.0,-48.0,0.0
0.194,18.92,13.07555995165301,2.83405493991622,9.117240247095806,-2.3248656026223813,3.958319704557205,8.0,24.40655824998063,8.13492068857693,-32.54147893855756,-25.924267908654787,-43.472908856271225,43.02028818387671,-107.52240478148225,22.193650031955606,1.0,-1.0,0.0,48.0,-48.0,0.0
0.1945,18.96,13.135061716511997,2.7812581949580775,9.064443502137664,-2.2125670928052537,4.070618214374333,8.0,28.639458117902194,7.822588897818179,-36.46204701572037,-29.41602996736267,-41.96380877809649,41.38708772424132,-103.51045868688719,25.889004409246713,1.0,-1.0,0.0,48.0,-48.0,0.0
0.195,19.0,13.194689145077135,2.730695641995787,9.013880949175373,-2.1023771112778253,4.180808195901761,8.0,32.921434491779905,7.055876379708047,-39.97731087148795,-31.66080592810747,-39.780201838756774,39.40799522658607,-98.59339714348039,29.397800408789912,1.0,-1.0,0.0,48.0,-48.0,0.0
0.1955,19.04,13.25444223734841,2.682803576778093,8.96598888395768,-1.994731953788856,4.2884533533907305,8.0,37.119935713694076,5.841215326798283,-42.96115104049236,-32.5442037563173,-36.890100821644694,37.1066996272867,-92.84539375908287,32.502078764906074,1.0,-1.0,0.0,48.0,-48.0,0.0
0.196,19.080000000000002,13.314320993325833,2.6379681824734473,8.921153489653033,-1.890017803506787,4.3931675036727995,8.0,41.11006786618659,4.190998013927238,-45.301065880113825,-32.15483169489257,-33.39398630143502,34.526638329287806,-86.39095088515325,35.02606384163809,1.0,-1.0,0.0,48.0,-48.0,0.0
0.1965,19.12,13.374325413009394,2.5965039601899265,8.879689267369512,-1.7885491615397042,4.494636145639882,8.0,44.788173215033154,2.1282330271241356,-46.91640624215729,-30.723396634934232,-29.498152307143386,31.728241335789953,-79.38892843223591,36.874144416455664,1.0,-1.0,0.0,48.0,-48.0,0.0
0.197,19.160000000000004,13.434455496399107,2.5586418074167785,8.841827114596365,-1.6905569253768447,4.592628381802742,8.0,48.07807127993376,-0.3103729041012167,-47.767698375832545,-28.53779975229017,-25.454027230047473,28.780037868181946,-72.01138146338359,38.034241848778485,1.0,-1.0,0.0,48.0,-48.0,0.0
0.1975,19.200000000000003,13.494711243494958,2.5245272591336447,8.807712566313231,-1.5961866299978598,4.686998677181727,8.0,50.93091574757835,-3.074809691856091,-47.85610605572226,-25.873037729542016,-21.4960152978971,25.74935722766466,-64.42517410945187,38.554887173402946,1.0,-1.0,0.0,48.0,-48.0,0.0
0.198,19.240000000000002,13.555092654296956,2.49422622036021,8.777411527539796,-1.5055041804224258,4.777681126757161,8.0,53.32142691288393,-6.105427206657857,-47.21599970622607,-22.953152154290308,-17.80110768417884,22.69649375093651,-56.78074576330447,38.51392000457895,1.0,-1.0,0.0,48.0,-48.0,0.0
0.1985,19.28,13.615599728805092,2.4677344339089355,8.750919741088522,-1.418505319463016,4.8646799877165705,8.0,55.24309815328007,-9.055152673030575,-46.187945480249496,-19.941889257938065,-14.475557881692273,19.67257468265637,-49.207343892400296,38.18960783577262,1.0,0.0,-1.0,0.0,48.0,-48.0
0.199,19.32,13.676232467019377,2.4451183027445427,8.72830360992413,-1.3352564500843391,4.947928857095247,8.0,56.68981086892964,-4.285700385804098,-52.40411048312554,-16.64809459813705,-11.359860861437545,16.421695068366574,-41.06718486727108,42.750841149132754,1.0,0.0,-1.0,0.0,48.0,-48.0
0.1995,19.36,13.736990868939802,2.4268351704684874,8.710020477648074,-1.2562149158878582,5.026970391291728,8.0,57.619127260094565,-0.17582985901148987,-57.44329740108307,-12.930332515996204,-8.357830550719298,12.766258373129219,-31.91875235781066,46.270633590491,1.0,0.0,-1.0,0.0,48.0,-48.0
0.2,19.400000000000002,13.797874934566375,2.41330938904114,8.696494696220727,-1.1818050688339385,5.101380238345648,8.0,59.665676752562824,0.0,-59.665676752562824,-8.949711753124445,-5.542841240276183,8.8461170640635,-22.113301115148627,48.01635740504146,1.0,0.0,-1.0,29.491043895745715,18.50895610425429,-48.0
0.2005,19.44,13.858884663899087,2.404778753402517,8.687964060582104,-1.1122647038626037,5.170920603316983,8.0,60.974432598997424,0.0,-60.974432598997424,-4.839324925457339,-2.913785119687558,4.787450317323824,-11.966008219087193,49.054550810883065,1.0,0.0,-1.0,26.887847815620802,21.112152184379198,-48.0
0.201,19.480000000000004,13.920020056937945,2.40137341218887,8.684558719368457,-1.0477239696100986,5.235461337569488,8.0,61.49478783380362,0.0,-61.49478783380362,-0.6623201826542465,-0.3942096976328981,0.6554652698245139,-1.6382172425928556,49.4665388104417,1.0,0.0,-1.0,24.39078224121803,23.609217758781973,-48.0
0.2015,19.520000000000003,13.981281113682947,2.403145265239947,8.686330572419534,-0.9882347659161737,5.294950541263413,8.0,61.272020603039955,0.0,-61.272020603039955,3.5253346864393422,2.110946150945051,-3.4881636684823847,8.718279729865989,49.29082674762449,1.0,0.0,-1.0,21.90763935803343,26.092360641966575,-48.0
0.202,19.560000000000002,14.042667834134091,2.4100727736247283,8.693258080804315,-0.9337755538498097,5.349409753329777,8.0,60.35805649996127,0.0,-60.35805649996127,7.672102940278402,4.7015480575321815,-7.585692040155702,18.96161379925742,48.56816836602446,1.0,0.0,-1.0,19.34165739252917,28.65834260747083,-48.0
0.2025,19.6,14.104180218291381,2.422066042722025,8.705251349901612,-0.8842564387898177,5.398928868389769,8.0,58.81040323389258,0.0,-58.81040323389258,11.728380352098673,7.4695550661209165,-11.583721964800198,28.960280717842902,47.34049890068545,1.0,0.0,-1.0,16.60277412752832,31.39722587247168,-48.0
0.203,19.64,14.165818266154812,2.4389720474814784,8.722157354661064,-0.839524395685839,5.4436609114937475,8.0,56.69138063652534,0.0,-56.69138063652534,15.642787605375872,10.485892454404052,-15.433490565604322,38.59324675778826,45.649362584454046,1.0,0.0,-1.0,13.618756065481723,34.38124393451828,-48.0
0.2035,19.68,14.22758197772438,2.4605798086430313,8.743765115822617,-0.7993684452778232,5.483816861901763,8.0,54.067794395266034,0.0,-54.067794395266034,19.356153425978302,13.786068442079907,-19.090946625381378,47.74964676803177,43.534351380015934,1.0,0.0,-1.0,10.346534958218555,37.653465041781445,-48.0
0.204,19.72,14.289471353000101,2.4866253356605093,8.769810642840095,-0.763524597019581,5.5196607101600055,8.0,51.011263009112405,0.0,-51.011263009112405,22.792936068872653,17.35533627292277,-22.516514555770176,56.32819657050586,41.03259900605923,1.0,0.0,-1.0,6.7828744836284685,41.21712551637154,-48.0
0.2045,19.759999999999998,14.351486391981965,2.5167962886834605,8.799981595863047,-0.7316805110606686,5.551504796118918,8.0,47.59935184935131,0.0,-47.59935184935131,25.85156758017642,21.116762351799977,-25.674573605689815,64.23676204645498,38.18079936799601,1.0,0.0,-1.0,2.9717346354433296,45.028265364556674,-48.0
0.205,19.8,14.413627094669971,2.5507366228128543,8.83392192999244,-0.7034801425020556,5.579705164677531,8.0,43.92463860993145,-0.014458393639810933,-43.910180216291636,28.397739056439544,24.928151555612768,-28.532987166858756,71.39278755693827,35.01598268561084,1.0,0.0,-1.0,0.0,48.0,-48.0
0.2055,19.84,14.475893461064121,2.5880498523814808,8.871235159561067,-0.6785270056765323,5.604658301503054,8.0,40.23878990043895,-0.3560093365585503,-39.8827805638804,30.262117667258867,28.589785938793238,-31.058326185340093,77.71266104544206,31.477820203990866,1.0,0.0,-1.0,0.0,48.0,-48.0
0.206,19.88,14.538285491164412,2.62829414588843,8.911479453068017,-0.6563792690831909,5.626806038096396,8.0,36.6981214644403,-1.121837082562333,-35.57628438187797,31.255084705072708,31.869482516049878,-33.21236808442409,83.10245485234572,27.590318284104356,1.0,0.0,-1.0,0.0,48.0,-48.0
0.2065,19.92,14.60080318497085,2.670984744996658,8.954170052176245,-0.6365521743849814,5.646633132794605,8.0,33.39570482995388,-2.260410666830554,-31.135294163123323,31.216155576490568,34.55758591113141,-34.96529517632322,87.48800349732825,23.466370822177005,1.0,0.0,-1.0,0.0,48.0,-48.0
0.207,19.96,14.66344654248343,2.715607741776242,8.998793048955829,-0.618531813651986,5.6646534935276005,8.0,30.18322045040682,-3.5891152991580046,-26.59410515124882,30.06732485738582,36.51889050386208,-36.3024027471804,90.82807130053848,19.177860730374867,0.0,1.0,-1.0,-48.0,48.0,0.0
0.2075,20.0,14.726215563702155,2.7615976869042576,9.044782994083844,-0.6017527375612757,5.681432569618311,8.0,22.19834116777805,-2.5622824642026076,-19.636058703575443,27.790503681068373,37.631332620021674,-37.13578967937306,92.89303683528115,13.452908495430489,0.0,1.0,-1.0,-48.0,48.0,0.0
0.208,20.04,14.789110248627022,2.808277062485026,9.091462369664612,-0.5855374282171761,5.69764787896241,8.0,15.062789344343457,-1.8702758853593935,-13.192513458984063,24.580463015592052,37.926239528082085,-37.442701360393485,93.61693013531254,8.473693226958705,0.0,1.0,-1.0,-48.0,48.0,0.0
0.2085,20.08,14.852130597258034,2.8550244837765284,9.138209790956115,-0.5692645008776671,5.713920806301919,8.0,8.79220471612808,-1.4240290725240232,-7.368175643604057,20.808068650280255,37.59921735824442,-37.30304500595393,93.2004168180482,4.337553652067698,0.0,1.0,-1.0,-48.0,48.0,0.0
0.209,20.12,14.91527660959519,2.9013229353078756,9.184508242487462,-0.552416940071858,5.7307683671077285,8.0,3.364979296255161,-1.146505783764418,-2.218473512490743,16.850929562238804,36.85421894522853,-36.79570598093819,91.85629246386101,1.0459790008689076,0.0,1.0,-1.0,-48.0,48.0,0.0
0.2095,20.16,14.978548285638489,2.946760555907471,9.229945863087057,-0.5345828846281544,5.748602422551432,8.0,0.0,-1.6076479018672838,1.6076479018672838,13.018695118235254,35.859158231671955,-35.99439495185008,89.7949508082158,-1.2864332902627909,0.0,1.0,-1.0,-10.913686521675682,48.0,-37.08631347832432
0.21,20.2,15.04194562538793,2.9910458101343864,9.274231117313972,-0.5154707991056287,5.767714508073958,8.0,0.0,-3.442528568321965,3.442528568321965,9.518109847237719,34.75827635863635,-34.99645590193636,87.28504006099283,-2.7511319054774113,0.0,1.0,-1.0,-14.36280038111228,48.0,-33.63719961888772
0.2105,20.240000000000002,15.105468628843516,3.033989757075119,9.317175064254705,-0.49489174259077573,5.788293564588811,8.0,0.0,-4.968054843828774,4.968054843828774,6.424116506971171,33.59621731808652,-33.84180663223604,84.44005884132598,-3.9677352922529034,0.0,1.0,-1.0,-17.453088835954066,48.0,-30.546911164045937
0.211,20.28,15.169117296005247,3.0754402769255913,9.358625584105177,-0.47269359527951615,5.81049171190007,8.0,0.0,-6.187433333852984,6.187433333852984,3.7353753711759135,32.37661409151525,-32.55659833632039,81.32149106532209,-4.940513482806438,0.0,1.0,-1.0,-20.174632506421517,48.0,-27.825367493578483
0.2115,20.32,15.232891626873116,3.115275727475327,9.398461034654913,-0.4487547149613838,5.834430592218203,8.0,0.0,-7.10613722912852,7.10613722912852,1.410881735304466,31.097356554895168,-31.173183984905915,77.98975901489655,-5.673860414459241,0.0,1.0,-1.0,-22.55120454969016,48.0,-25.448795450309838
0.212,20.36,15.296791621447133,-3.1297809276562885,9.436589686702884,-0.42298337243533823,5.860201934744248,8.0,0.0,-7.732136813108307,7.732136813108307,-0.6039961899854781,29.760151442740234,-29.727167869506403,74.50402929628599,-6.173680751388302,0.0,1.0,-1.0,-24.620487976602394,48.0,-23.379512023397602
0.2125,20.4,15.360817279727293,-3.093421641319347,9.472948973039825,-0.39531700049211893,5.8878683066874675,8.0,0.0,-8.076362265488921,8.076362265488921,-2.359076532190776,28.374263194342866,-28.253370203695297,70.92166933387675,-6.448597246164905,0.0,1.0,-1.0,-26.41952302751456,48.0,-21.58047697248544
0.213,20.44,15.424968601713598,-3.058866206955784,9.507504407403388,-0.365721112869377,5.9174641943102095,8.0,0.0,-8.152925928219014,8.152925928219014,-3.890605295453108,26.956006972687756,-26.78232656280986,67.29750853593069,-6.510265570781444,0.0,1.0,-1.0,-27.977445500392058,48.0,-20.022554499607946
0.2135,20.48,15.489245587406046,-3.026122481497105,9.540248132862068,-0.33418785263560863,5.948997454543978,8.0,0.0,-7.978947948900962,7.978947948900962,-5.220608088483806,25.52616752715884,-25.338352753007605,63.68312852782411,-6.372886652136532,0.0,1.0,-1.0,-29.314515475559425,48.0,-18.685484524440575
0.214,20.52,15.553648236804634,-2.9951734587155583,9.571197155643613,-0.3007342260185662,5.98245108116102,8.0,0.0,-7.574062202800206,7.574062202800206,-6.361062371579981,24.107091116054903,-23.93936088390221,60.126329184626414,-6.052370417527105,0.0,1.0,-1.0,-30.444927487656326,48.0,-17.55507251234367
0.2145,20.560000000000002,15.61817654990937,-2.9659792499498137,9.600391364409358,-0.2654001216795747,6.017785185500012,8.0,0.0,-6.9597751074433365,6.9597751074433365,-7.319610654285682,22.720408298857812,-22.59796642797079,56.670800998954,-5.565576818640563,0.0,1.0,-1.0,-31.380831589729194,48.0,-16.619168410270806
0.215,20.6,15.68283052672025,-2.9384791867151936,9.627891427643979,-0.22824620810331478,6.054939099076272,8.0,0.0,-6.158835743417964,6.158835743417964,-8.10452119484358,21.385658912327386,-21.323168521959687,53.35595295739314,-4.929846406675601,0.0,1.0,-1.0,-32.13576639002743,48.0,-15.864233609972572
0.2155,20.64,15.74761016723727,-2.9125925471295435,9.653778067229629,-0.18935320717194618,6.09383210000764,8.0,-1.085725587514231,-4.652047508718188,5.737773096232419,-8.73034338897858,20.125383719026363,-20.127664646383053,50.23103766232636,-3.9743048516520307,-1.0,1.0,0.0,-48.0,48.0,0.0
0.216,20.68,15.812515471460433,-2.8882007789173403,9.678169835441832,-0.14883967116098543,6.134345636018601,8.0,-2.718740172501873,-2.735543759672868,5.454283932174741,-9.227516324855848,18.977680820810654,-19.041861247990784,47.38674305874411,-2.757876284074591,-1.0,1.0,0.0,-48.0,48.0,0.0
0.2165,20.72,15.877546439389743,-2.8651525324581506,9.701218081901022,-0.10685694969086536,6.176328357488721,8.0,-4.196775857492452,-0.7897266212535419,4.986502478745994,-9.62599601502432,17.95895900853136,-18.077083716735586,44.861803668744955,-1.424952584895812,-1.0,1.0,0.0,-48.0,48.0,0.0
0.217,20.76,15.942703071025198,-2.843281528353285,9.723089086005889,-0.06357132216027696,6.2196139850193095,8.0,-5.538939009621765,1.1658293735264664,4.373109636095299,-9.956953055791026,17.07956612957709,-17.240731972264438,42.681282367491065,-0.007797224547712922,-1.0,1.0,0.0,-48.0,48.0,0.0
0.2175,20.8,16.007985366366793,-2.822410944311467,9.743959670047705,-0.01915961086049858,6.264025696319088,8.0,-6.759400165483638,3.1097321972234684,3.6496679682601694,-10.251525989863799,16.34634563618775,-16.538193113227262,40.86234367690553,1.4626672081874394,-1.0,1.0,0.0,-48.0,48.0,0.0
0.218,20.84,16.07339332541453,-2.8023572801112198,9.764013334247952,0.026194683986989743,6.309379991166576,8.0,-7.867894187764149,5.019451917545617,2.8484422702185315,-10.539026210807993,15.762948434214485,-15.972437840074482,39.414592052899145,2.9568931616614864,-1.0,1.0,0.0,-48.0,48.0,0.0
0.2185,20.880000000000003,16.138926948168415,-2.7829340501432624,9.78343656421591,0.0723050767729185,6.355490383952505,8.0,-8.87032804480133,6.872037471536987,1.9982905732643435,-10.845560901122786,15.33008601186539,-15.543603127598526,38.34042543475128,4.446793977911369,-1.0,1.0,0.0,-48.0,48.0,0.0
0.219,20.92,16.204586234628444,-2.7639552929403077,9.802415321418865,0.11898560602999252,6.402170913209579,8.0,-9.769444390865482,8.64484781186259,1.124596579002892,-11.193082858885626,15.045743940867652,-15.248630474424662,37.63541535366201,5.905868379094233,-1.0,1.0,0.0,-48.0,48.0,0.0
0.2195,20.96,16.270371184794612,-2.745238882244156,9.821131732115017,0.16605414550000908,6.4492394526795955,8.0,-10.565498086669722,10.316273403506996,0.24922468316272672,-11.598796620531893,14.905375380451854,-15.080983307425823,37.28872184624179,7.309353185819612,-1.0,1.0,0.0,-48.0,48.0,0.0
0.22,21.0,16.336281798666924,-2.7266124973785866,9.839758116980587,0.21333837450675094,6.496523681686337,8.0,-11.562033575076468,11.562033575076468,0.0,-12.066940440832726,14.892448019442972,-15.020726114819661,37.259424573092886,8.365812357884254,-1.0,1.0,0.0,-48.0,40.43347990412479,7.566520095875215
0.2205,21.04,16.40231807624538,-2.7079412977961983,9.858429316562974,0.2607034525028184,6.543888759682405,8.0,-12.56428670684669,12.56428670684669,0.0,-12.581535347154439,14.972583202049906,-15.02868231827905,37.46186077572455,9.24134141331772,-1.0,1.0,0.0,-48.0,40.22420624572678,7.7757937542732165
0.221,21.080000000000002,16.468480017529988,-2.6891157501565632,9.877254864202609,0.30803984614779245,6.591225153327379,8.0,-13.444101926385855,13.444101926385855,0.0,-13.142152189331023,15.136675010741227,-15.090025997311614,37.87353961632707,10.038233528944549,-1.0,1.0,0.0,-48.0,40.08728740801672,7.912712591983284
0.2215,21.12,16.53476762252073,-2.670036332699926,9.896334281659247,0.3552480336818957,6.638433340861482,8.0,-14.198941986898705,14.198941986898705,0.0,-13.746340784463577,15.376323545677812,-15.189252583221691,38.473704245686086,10.747886886248216,-1.0,1.0,0.0,-48.0,40.00424396382881,7.995756036171191
0.222,21.16,16.601180891217616,-2.650614415745915,9.915756198613257,0.40223938542477256,6.685424692604359,8.0,-14.827531273722858,14.827531273722858,0.0,-14.38852029948092,15.682340857416289,-15.308648181044981,39.239594300818545,11.362926711563127,-1.0,1.0,0.0,-48.0,39.95555846001267,8.044441539987336
0.2225,21.200000000000003,16.66771982362065,-2.630773180180803,9.93559743417837,0.448937082262695,6.7321223894422815,8.0,-15.330089589849683,15.330089589849683,0.0,-15.060247445077028,16.044893804786444,-15.42853249190315,40.14679239345657,11.8775267869982,-1.0,1.0,0.0,-48.0,39.920855671757856,8.079144328242144
0.223,21.240000000000002,16.734384419729825,-2.610448342266519,9.955922272092653,0.4952768404575847,6.778462147637171,8.0,-15.708506971744557,15.708506971744557,0.0,-15.750649485399315,16.453685449474182,-15.527692441174985,41.16965275177566,12.287740751542731,-1.0,1.0,0.0,-48.0,39.87921042321241,8.120789576787582
0.2235,21.28,16.801174679545145,-2.589630042963157,9.976740571396014,0.5412488009695442,6.824434108149131,8.0,-15.648036411135795,10.610761024302102,5.037275386833694,-16.30702144014228,16.75481034660726,-15.452590604570704,41.923091837604204,8.470634773509698,-1.0,0.0,1.0,0.0,-48.0,48.0
0.224,21.32,16.868090603066605,-2.568751605827513,9.99761900853166,0.5872862873553594,6.870471594534946,8.0,-15.396973603109082,3.50490631269829,11.892067290410791,-16.30788804613649,16.534299822535566,-14.840420026434213,41.371169420790764,3.204164201216421,-1.0,0.0,1.0,0.0,-48.0,48.0
0.2245,21.36,16.935132190294212,-2.548457064779921,10.017913549579252,0.6340333335353738,6.91721864071496,8.0,-16.486650908394104,-0.3858649504707961,16.8725158588649,-15.804748798369175,15.864256541565481,-13.809385063604369,39.6940908168856,0.5403032703534425,-1.0,0.0,1.0,-48.0,0.0,48.0
0.225,21.400000000000002,17.00229944122796,-2.529078994282513,10.03729162007666,0.6818225139717151,6.965007821151302,8.0,-18.960520833973195,-1.0249858497440119,19.985506683717208,-15.165545712242201,15.113794825788206,-12.724292946763768,37.81525762616713,0.46948715900763194,-1.0,0.0,1.0,-48.0,0.0,48.0
0.2255,21.44,17.069592355867858,-2.510639842963171,10.055730771396002,0.7306762772922696,7.013861584471856,8.0,-21.327901419321925,-1.438565048725941,22.766466468047867,-14.488037978757383,14.368209434102837,-11.672398953765065,35.94798935476114,0.6284235332370134,-1.0,0.0,1.0,-48.0,0.0,48.0
0.226,21.48,17.137010934213894,-2.493120033113566,10.073250581245606,0.7805750457887012,7.063760352968288,8.0,-23.59993243945164,-1.6447509193707288,25.244683358822368,-13.80557557483701,13.649095918737553,-10.678538276290023,34.14631192170408,0.9894178425604281,-1.0,0.0,1.0,-48.0,0.0,48.0
0.2265,21.520000000000003,17.204555176266073,-2.4764747463275136,10.08989586803166,0.8314740010548272,7.114659308234414,8.0,-25.783574762834128,-1.6657260796183897,27.44930084245252,-13.14647088992363,12.975162566223537,-9.760251396895406,32.45709570995515,1.5231760701684962,-1.0,0.0,1.0,-48.0,0.0,48.0
0.227,21.560000000000002,17.2722250820244,-2.4606375705881116,10.10573304377106,0.8833067310737516,7.166492038253338,8.0,-27.882238029609674,-1.5264185721892944,29.408656601798967,-12.533877749296401,12.362157503516649,-8.928413795758408,30.91983683069279,2.200208270454377,-1.0,0.0,1.0,-48.0,0.0,48.0
0.2275,21.6,17.340020651488864,-2.445524175025764,10.120846439333409,0.9359889049758683,7.219174212155455,8.0,-29.8964032088572,-1.2533485182903927,31.149751727147596,-11.986054110109562,11.822920868882708,-8.188187081041283,29.56675256052498,2.9919305934994718,-1.0,0.0,1.0,-48.0,0.0,48.0
0.228,21.64,17.40794188465948,-2.431035874731348,10.135334739627824,0.9894218378520685,7.272607145031655,8.0,-31.82421296975456,-0.8736419039644223,32.69785487371898,-11.516835117418118,11.36752726757638,-7.540077890429523,28.423112479705154,3.871451194151179,-1.0,0.0,1.0,-48.0,0.0,48.0
0.2285,21.68,17.47598878153623,-2.4170629870357825,10.14930762732339,1.043495847033254,7.3266811542128405,8.0,-33.66201301570051,-0.41421844236516675,34.07623145806568,-11.136191662349674,11.003487291463685,-6.980953306550731,27.507729629399503,4.814072350899954,-1.0,0.0,1.0,-48.0,0.0,48.0
0.229,21.720000000000002,17.544161342119132,-2.403487967907991,10.162882646451182,1.0980933884883635,7.38127869566795,8.0,-35.35540863853842,0.0,35.35540863853842,-10.850120712989918,10.735314960142057,-6.504522081565663,26.831877840706053,5.726040357860953,-1.0,0.0,1.0,-43.41263635741985,-4.587363642580154,48.0
0.2295,21.76,17.61245956640817,-2.3902013471518333,10.176169267207339,1.1531049920212444,7.436290299200831,8.0,-36.72678281262799,0.0,36.72678281262799,-10.637104569852818,10.5409029552421,-6.088655166221524,26.34027105303866,6.341996748819437,-1.0,0.0,1.0,-42.90378282327927,-5.096217176720732,48.0
0.23,21.8,17.680883454403357,-2.3771219280313995,10.189248686327772,1.2084494608959984,7.491634768075585,8.0,-37.989768248617295,0.0,37.989768248617295,-10.485717170092666,10.408392662507179,-5.719910791326454,26.003267042142866,6.962658944112061,-1.0,0.0,1.0,-42.51120664321674,-5.488793356783258,48.0
0.2305,21.840000000000003,17.74943300610469,-2.3641721381635596,10.202198476195612,1.2640492227294933,7.54723452990908,8.0,-39.1500088921373,0.0,39.1500088921373,-10.396713349996569,10.338202683464209,-5.392590855477864,25.82190807656077,7.587024149295367,-1.0,0.0,1.0,-42.23285478620142,-5.7671452137985755,48.0
0.231,21.880000000000003,17.818108221512162,-2.3512755108980237,10.215095103461149,1.3198278108714268,7.603013118051013,8.0,-38.36979266338271,-1.763367263919532,40.133159927302245,-10.354079806260598,10.31420688718052,-5.092752725208173,25.755921517775988,6.783212974795999,0.0,-1.0,1.0,48.0,-48.0,0.0
0.2315,21.92,17.886909100625775,-2.338587160092175,10.227783454266998,1.3759403391791911,7.659125646358778,8.0,-31.657399466350046,-9.100191088424769,40.757590554774815,-9.944757617203647,9.923725030104505,-4.628398041207196,24.775167538934003,1.4480232295699507,0.0,-1.0,1.0,48.0,-48.0,0.0
0.232,21.96,17.955835643445536,-2.326712884447573,10.239657729911599,1.43299260635435,7.716177913533937,8.0,-25.46931855214951,-15.808423511876176,41.27774206402569,-9.026871019057147,9.021995308838951,-3.977762039517023,22.51929312388657,-3.415218421240403,0.0,-1.0,1.0,48.0,-48.0,0.0
0.2325,22.0,18.02488784997144,-2.316260484653178,10.250110129705995,1.4915924130858575,7.774777720265444,8.0,-19.84474630017011,-21.838228788322414,41.682975088492526,-7.650563260292437,7.656530938787925,-3.204875581436228,19.10775866541221,-7.796327085949438,0.0,-1.0,1.0,48.0,-48.0,0.0
0.233,22.040000000000003,18.09406572020349,-2.3077775799755464,10.258593034383626,1.552287378640276,7.8354726858198624,8.0,-14.814993593595194,-27.15440454074358,41.969398134338775,-5.865148226273653,5.875657100628409,-2.3537097805602403,14.661487730104268,-11.693330341669672,0.0,-1.0,1.0,48.0,-48.0,0.0
0.2335,22.080000000000002,18.163369254141678,-2.301751337189695,10.264619277169476,1.615564669792615,7.898749976972201,8.0,-10.402896119772766,-31.73418552536872,42.137081645141485,-3.7185904414316733,3.7277841167859034,-1.445923588319935,9.301122906598815,-15.110119970608832,0.0,-1.0,1.0,48.0,-48.0,0.0
0.234,22.12,18.232798451786014,-2.2986089403143035,10.26776167404487,1.6818514705615575,7.965036777741144,8.0,-6.622274514113123,-35.565037780744554,42.187312294857676,-1.257306606253326,1.260844045922009,-0.48073056796351,3.145776059228052,-18.05483485309628,0.0,-1.0,1.0,48.0,-48.0,0.0
0.2345,22.16,18.30235331313649,-2.298718597003365,10.267652017355807,1.7515159886010954,8.034701295780682,8.0,-3.4775097255577307,-38.642567753436005,42.120077478993736,1.4739949125431877,-1.4781247022262056,0.5639146362983423,-3.6878914357936727,-20.538790742937284,0.0,-1.0,1.0,48.0,-48.0,0.0
0.235,22.2,18.37203383819311,-2.3023909443052712,10.263979670053901,1.8248688609596238,8.10805416813921,8.0,-0.963280346514388,-40.968608467546275,41.93188881406066,4.432600182382696,-4.443246104410937,1.7294148956830244,-11.086355390608652,-22.575625409599713,0.0,-1.0,1.0,48.0,-48.0,0.0
0.2355,22.24,18.441840026955873,-2.3098777391358785,10.256492875223294,1.9021618445529922,8.185347151732579,8.0,0.0,-42.0820500661289,42.0820500661289,7.5648657359307805,-7.576567454355631,3.0687424003576864,-18.906344518634317,-23.694504341332102,0.0,-1.0,1.0,33.818778262929754,-48.0,14.181221737070246
0.236,22.28,18.511771879424785,-2.3213231354211814,10.245047478937991,1.9835390933072075,8.266724400486794,8.0,0.0,-42.27929766462905,42.27929766462905,10.775158090450192,-10.776771509938387,4.62723521870803,-26.896873414069823,-24.213616790407663,0.0,-1.0,1.0,37.84992623606537,-48.0,10.150073763934632
0.2365,22.32,18.581829395599836,-2.336794184416749,10.229576429942423,2.069067658477827,8.352252965657414,8.0,0.0,-42.0443255709221,42.0443255709221,14.047952664245098,-14.021638259599841,6.485547139398595,-35.00473758524278,-24.631259621904412,0.0,-1.0,1.0,41.815998224345726,-48.0,6.184001775654275
0.237,22.36,18.652012575481034,-2.3563428911551436,10.210027723204028,2.1587995450974193,8.441984852277006,8.0,0.0,-41.373098603449044,41.373098603449044,17.37832796041419,-17.299251831856072,8.73103381640335,-43.20248107444181,-24.928049223508538,0.0,-1.0,1.0,45.662436968140554,-48.0,2.3375630318594496
0.2375,22.4,18.72232141906837,-2.380005949977299,10.186364664381873,2.252771447506909,8.535956754686495,8.0,-0.028726612748769753,-40.24131470642944,40.27004131917821,20.755979098169735,-20.59506588092768,11.445776838715332,-51.45522507771389,-25.052814030421427,0.0,-1.0,1.0,48.0,-48.0,0.0
0.238,22.44,18.792755926361856,-2.4077965037476194,10.158574110611553,2.350996508570716,8.634181815750303,8.0,-0.3765891168912958,-38.489964580925054,38.86655369781635,24.14932548612615,-23.882859686956113,14.687953134008357,-59.69686037221994,-24.809113247217727,0.0,-1.0,1.0,48.0,-48.0,0.0
0.2385,22.48,18.863316097361484,-2.439683313725786,10.126687300633387,2.4534434895485098,8.736628796728096,8.0,-0.5248783769103298,-35.54755873523231,36.07243711214264,27.487864000865706,-27.119254001968798,18.464390009652966,-67.81541884238752,-23.82424327779266,1.0,-1.0,0.0,48.0,0.0,-48.0
0.239,22.52,18.934001932067254,-2.4755252222043964,10.090845392154776,2.559971232732891,8.843156539912478,8.0,1.1959150006357824,-29.854780690687424,28.65886569005164,30.556619024537287,-30.15646851397891,22.63129490545295,-75.43527276282748,-21.01729146022535,1.0,-1.0,0.0,48.0,0.0,-48.0
0.2395,22.56,19.004813430479164,-2.5149869291590843,10.051383685200088,2.670244438099489,8.953429745279076,8.0,2.560038472597043,-23.808094394913415,21.24805592231637,33.12178688092048,-32.88049450834527,26.94667990393035,-82.26524545168444,-17.506536561271695,1.0,-1.0,0.0,48.0,0.0,-48.0
0.24,22.6,19.075750592597227,-2.557630025853527,10.008740588505646,2.7838246969119953,9.067010004091582,8.0,3.6812261788333043,-17.505544636881876,13.824318458048571,34.9441844913386,-35.223315417039814,31.104992270647834,-88.13323716151471,-13.33487936759037,1.0,-1.0,0.0,48.0,0.0,-48.0
0.2405,22.64,19.146813418421427,-2.6029343304882695,9.963436283870903,2.900191827370937,9.183377134550524,8.0,4.679361499683919,-11.079354179103541,6.399992679419622,35.764456058532886,-37.12305023474801,34.76021336119784,-92.88758025193044,-8.62461213189955,1.0,-1.0,0.0,48.0,0.0,-48.0
0.241,22.68,19.21800190795177,-2.65031325141741,9.916057362941762,3.018759237830421,9.301944545010008,8.0,5.302228206123743,-5.0678887013773135,-0.23433950474642998,35.369622909451785,-38.535683015758316,37.60968014742598,-96.42212417488057,-3.878974189451566,1.0,-1.0,0.0,48.0,-48.0,0.0
0.2415,22.72,19.289316061188256,-2.69920739444016,9.867163219919012,3.1389675340896566,9.422152841269243,8.0,3.719871488553547,-1.5833950437278905,-2.1364764448256564,33.78557126059174,-39.58175849368855,39.61463711166297,-99.03636117667058,-1.047249749345169,1.0,-1.0,0.0,48.0,-48.0,0.0
0.242,22.76,19.36075587813089,-2.749233905846654,9.817136708512518,-3.022751444740799,9.543619169618374,8.0,2.524868146517988,1.7438778896031892,-4.268746036121177,31.115396127253323,-40.35646344090853,40.85131564251281,-100.95738739742127,1.6462229040679937,1.0,-1.0,0.0,48.0,-48.0,0.0
0.2425,22.8,19.432321358779667,-2.800057123636513,9.76631349072266,-2.900362746302165,9.666007868057008,8.0,1.7805198943722846,4.796612638899063,-6.577132533271348,27.526378617968273,-40.88458608296799,41.43305335347666,-102.23303425841351,4.104416383609303,1.0,-1.0,0.0,48.0,-48.0,0.0
0.243,22.84,19.504012503134586,-2.851370148316686,9.715000466042486,-2.7773585772670732,9.7890120370921,8.0,1.5269362975638368,7.490020711773703,-9.01695700933754,23.301695077594562,-41.19384106622752,41.540559954571854,-102.92796808352132,6.291117701882108,1.0,-1.0,0.0,48.0,-48.0,0.0
0.2435,22.88,19.575829311195648,-2.902899415348931,9.663471199010242,-2.6540125021737677,9.912358112185405,8.0,1.7751305975000502,9.776307869375891,-11.551438466875942,18.77572408828272,-41.304238223877555,41.36121559633801,-103.10848518754739,8.226821703380768,1.0,-1.0,0.0,48.0,-48.0,0.0
0.244,22.92,19.647771782962856,-2.954402387935437,9.611968226423736,-2.5305670578200528,10.03580355653912,8.0,2.506994295646397,11.640557832848343,-14.14755212849474,14.25777683766692,-41.223153878151486,41.03932406528697,-102.83101858446817,9.965109090702045,1.0,-1.0,0.0,48.0,-48.0,0.0
0.2445,22.96,19.719839918436204,-3.005661160641164,9.560709453718008,-2.407240149640977,10.159130464718196,8.0,3.6812614431436987,13.090674102329148,-16.771935545472846,9.969961031118153,-40.948939156332635,40.65252376867567,-102.137462434004,11.564500081156776,1.0,-1.0,0.0,48.0,-48.0,0.0
0.245,23.0,19.792033717615695,-3.056475338570811,9.509895275788361,-2.2842321725318393,10.282138441827334,8.0,5.2434607281591585,14.145614897794585,-19.389075625953744,6.017277706447443,-40.480834019541746,40.21560346990676,-101.05653543122263,13.070092902186534,1.0,-1.0,0.0,48.0,-48.0,0.0
0.2455,23.04,19.864353180501332,-3.1066564291019514,9.459714185257221,-2.1617316191150615,10.404638995244111,8.0,7.136607067971342,14.825802574149057,-21.9624096421204,2.3956760362521847,-39.82917003900493,39.70237411317266,-99.60782170645177,14.510529318223297,1.0,-1.0,0.0,48.0,-48.0,0.0
0.246,23.080000000000002,19.936798307093117,3.1271728832092918,9.410358190388878,-2.0399304976549346,10.526440116704238,8.0,10.8368213201531,16.67371010306088,-27.51053142321398,-0.9668922657444962,-38.96868538385657,39.02138254566398,-97.67752324713186,17.74952430172488,1.0,0.0,-1.0,48.0,0.0,-48.0
0.2465,23.12,20.009369097391037,3.0790409132838223,9.362226220463409,-1.919227737431545,10.647142876927628,8.0,15.866555182445538,19.239058771294104,-35.10561395373964,-4.106175294516258,-37.68983353904186,37.89048216604864,-94.6565106945162,22.40137950703437,1.0,0.0,-1.0,48.0,0.0,-48.0
0.247,23.16,20.082065551395107,3.0327079090909224,9.315893216270508,-1.8001982792345737,10.7661723351246,8.0,20.911485256432023,21.21720349652508,-42.1286887529571,-6.970715296254916,-36.00194405497482,36.265915368052184,-90.48648884485645,26.937325952499258,1.0,0.0,-1.0,48.0,0.0,-48.0
0.2475,23.2,20.154887669105317,2.9887405575706714,9.271925864750258,-1.683408810004114,10.882961804355059,8.0,25.9280744128182,22.593075618658897,-48.5211500314771,-9.446101710167344,-33.93131193538648,34.16055815297493,-85.19998668399568,31.32678296826092,1.0,0.0,-1.0,48.0,0.0,-48.0
0.248,23.240000000000002,20.227835450521674,2.9476869840040343,9.230872291183621,-1.56940745502112,10.996963159338053,8.0,30.85999819243188,23.363528497109314,-54.223526689541195,-11.369672713835495,-31.48175745177914,31.603300012383126,-78.8397119845019,35.515545757075934,1.0,0.0,-1.0,48.0,0.0,-48.0
0.2485,23.28,20.300908895644174,2.9100698290080067,9.193255136187593,-1.4587168549025926,11.10765375945658,8.0,35.63762906462455,23.53669961388208,-59.174328678506626,-12.575125279824045,-28.64480650872329,28.632281256133105,-71.46646058452173,39.412164185629806,1.0,0.0,-1.0,48.0,0.0,-48.0
0.249,23.32,20.374108004472816,2.8763748579874564,9.159560165167044,-1.3518227750534,11.214547839305773,8.0,40.18209537738585,23.130111199240762,-63.312206576626615,-12.943955897366523,-25.41965671241608,25.292526841350398,-63.168342586672296,42.89174498033239,1.0,0.0,-1.0,48.0,0.0,-48.0
0.2495,23.36,20.4474327770076,2.847035559018187,9.130220866197773,-1.2491587035493468,11.317211910809826,8.0,44.412968733936154,22.168613092987176,-66.58158182692333,-12.440217121555843,-21.831157257914022,21.637073561014443,-54.066939927024734,45.815502779094444,1.0,0.0,-1.0,48.0,0.0,-48.0
0.25,23.400000000000002,20.520883213248535,2.8224160623073824,9.105601369486969,-1.1510887705976072,11.415281843761566,8.0,48.25722243596806,20.68280080600414,-68.9400232419722,-11.118197616242794,-17.93664212795963,17.728580853991417,-44.31763072677865,48.05586564332578,1.0,0.0,-1.0,48.0,0.0,-48.0
0.2505,23.44,20.5944593131956,2.802795402291165,9.085980709470752,-1.0578920106343248,11.508478603724848,8.0,51.657086582563494,18.707885863509066,-70.36497244607256,-9.106940104668086,-13.82014434505296,13.639222742974624,-34.10412194518284,49.51622011330842,1.0,0.0,-1.0,48.0,0.0,-48.0
0.251,23.48,20.66816107684882,2.7883555328099754,9.071540839989561,-0.9697503774999158,11.596620236859257,8.0,54.57535556167533,16.2826974747124,-70.85805303638773,-6.583376774422236,-9.57937768068027,9.448512720079977,-23.62936158665303,50.13979950836773,1.0,0.0,-1.0,48.0,0.0,-48.0
0.2515,23.52,20.74198850420818,2.779174218273283,9.06235952545287,-0.8867416356038623,11.67962897875531,8.0,56.99781878977235,13.448622992637622,-70.44644178240998,-3.7456290480903123,-5.312948033903816,5.239947365978842,-13.105536868654964,49.90868931504191,1.0,0.0,-1.0,48.0,0.0,-48.0
0.252,23.560000000000002,20.815941595273685,2.775222726274197,9.058408033453784,-0.8088370525392717,11.757533561819901,8.0,58.93324150789637,10.248580910933885,-69.18182241883025,-0.7929417244391165,-1.1127652692579506,1.097522171849494,-2.7450907768115465,48.83753796814775,1.0,0.0,-1.0,48.0,0.0,-48.0
0.2525,23.6,20.890020350045333,2.7763675851084324,9.059552892288018,-0.7359031566018578,11.830467457757315,8.0,60.41158383062111,6.726284333899812,-67.13786816452092,2.08682912292305,2.9375738328190546,-2.897283836625076,7.246529150817098,46.96663223540163,1.0,0.0,-1.0,48.0,0.0,-48.0
0.253,23.64,20.964224768523124,2.7823760010772274,9.065561308256814,-0.6677071540928634,11.89866346026631,8.0,59.19497899371086,5.212003925829351,-64.40698291954021,4.727374234937188,6.764711660474487,-6.671766120073022,16.686125573320997,44.636056796406294,0.0,1.0,-1.0,-48.0,48.0,0.0
0.2535,23.68,21.038554850707055,2.792965596642252,9.076150903821839,-0.6039666674739573,11.962403946885216,8.0,51.89799872505033,9.191685842931113,-61.08968456798144,7.033137855696652,10.369349176199199,-10.229000895897673,25.579982256592594,42.4239550591413,0.0,1.0,-1.0,-48.0,48.0,0.0
0.254,23.720000000000002,21.11301059659714,2.807853285422916,9.091038592602501,-0.5443986103645355,12.021972003994637,8.0,44.84767574866713,12.437605866198714,-57.285281614865845,8.901879877039558,13.717291522163395,-13.542010740452442,33.858892941568406,39.741310768901286,0.0,1.0,-1.0,-48.0,48.0,0.0
0.2545,23.76,21.187592006193356,2.8267052810144437,9.10989058819403,-0.4886691963598478,12.077701417999325,8.0,38.08179679642102,15.017785939289613,-53.099582735710634,10.243633157625815,16.75943706762692,-16.571993226637982,41.42377568778971,36.73618579854523,0.0,1.0,-1.0,-48.0,48.0,0.0
0.255,23.8,21.262299079495723,2.849147442041668,9.132332749221254,-0.4364042840847043,12.129966330274469,8.0,31.64317991231952,16.99818434649548,-48.641364258815,11.006210038558724,19.462627360984765,-19.294719033799957,48.21210926223435,33.55219868411217,0.0,1.0,-1.0,-48.0,48.0,0.0
0.2555,23.84,21.337131816504225,2.874783160665438,9.157968467845023,-0.387207265699971,12.179163348659202,8.0,25.57498576386533,18.442288642206716,-44.01727440607205,11.17972602395689,21.813300842909435,-21.699427391633417,54.19611156734901,30.322436918759706,0.0,1.0,-1.0,-48.0,48.0,0.0
0.256,23.880000000000003,21.412090217218886,2.9032099158533624,9.18639522303295,-0.3406756201732369,12.225694994185936,8.0,19.916275572813674,19.41067950131466,-39.326955074128335,10.796945288106253,23.818655985960508,-23.78682711144714,59.37914696648873,27.161634997488694,0.0,1.0,-1.0,-48.0,48.0,0.0
0.2565,23.92,21.48717428163968,2.9340335366604324,9.217218843840019,-0.2964151765595138,12.26995543779966,8.0,14.698254967617277,19.96070137235562,-34.658956339972896,9.927506365243678,25.50382106889872,-25.56630534081562,63.790176305449975,24.15877688065511,0.0,1.0,-1.0,-48.0,48.0,0.0
0.257,23.96,21.562384009766618,2.966879279197838,9.250064586377423,-0.2540511909699786,12.312319423389194,8.0,9.941687548830409,20.14635869553202,-30.088046244362427,8.665852976559764,26.905293222710206,-27.05284746047051,67.47669047746294,21.372776375632185,0.0,1.0,-1.0,-48.0,48.0,0.0
0.2575,24.0,21.6377194015997,3.0013991971118785,9.284584504291464,-0.21323571705093738,12.353134897308236,8.0,5.655851501921035,20.018433800404612,-25.674285302325647,7.114875711359168,28.062562565189832,-28.26444575109033,70.4971573568404,18.83308101153969,0.0,1.0,-1.0,-48.0,48.0,0.0
0.258,24.040000000000003,21.713180457138932,3.037275881724793,9.320461188904378,-0.1736513461246188,12.392719268234554,8.0,1.8391485877933889,19.624673382964588,-21.463821970757976,5.3688994738134195,29.01056679727855,-29.22071398082361,72.91426249583364,16.545258271635227,0.0,1.0,-1.0,-48.0,48.0,0.0
0.2585,24.080000000000002,21.7887671763843,3.0742236346263874,9.357408941805973,-0.13501237978084518,12.431358234578328,8.0,0.0,18.25032324182439,-18.25032324182439,3.500268865271014,29.7770352526057,-29.94485939684909,74.79468963976927,14.572476832462122,0.0,1.0,-1.0,-20.415819062607294,48.0,-27.584180937392706
0.259,24.12,21.864479559335813,3.111994030669618,9.395179337849203,-0.09707039287256385,12.469300221486609,8.0,0.0,15.996771031019854,-15.996771031019854,1.5514413927884645,30.38405089667374,-30.46699049356105,76.21188378505046,12.77255104812987,0.0,1.0,-1.0,-22.407088808767885,48.0,-25.592911191232115
0.2595,24.16,21.940317605993467,-3.13282374073102,9.433546873628153,-0.05959988199385839,12.506770732365315,8.0,0.0,13.81112611152899,-13.81112611152899,-0.46445724344898004,30.826878541969457,-30.8014693609456,77.18553167040005,11.02741493790544,0.0,1.0,-1.0,-24.477161833960906,48.0,-23.522838166039087
0.26,24.200000000000003,22.016281316357276,-3.0940794125756463,9.472291201783527,-0.02238049978542427,12.543990114573749,8.0,-1.7553638919015953,11.214912685670074,-9.459548793768478,-2.548428816197449,31.08062185344286,-30.949782258331638,77.68826182777434,8.312849849680116,-1.0,1.0,0.0,-48.0,0.0,48.0
0.2605,24.240000000000002,22.09237069042722,-3.0553104992209184,9.511060115138253,0.014939960929793949,12.581310575288967,8.0,-6.664921016272906,7.719249914490092,-1.0543288982171855,-4.66228737278574,30.927089464050415,-30.722883522205755,77.20412035860812,3.9142954071091807,-1.0,1.0,0.0,-48.0,0.0,48.0
0.261,24.28,22.168585728203304,-3.017003725486851,9.54936688887232,0.05284822497181048,12.619218839330983,8.0,-8.635002091371911,6.769736594999976,1.8652654963719346,-6.754551367734537,30.460903041311198,-30.236289148349666,75.98534132616284,2.739201334136406,-1.0,1.0,0.0,-48.0,48.0,0.0
0.2615,24.32,22.24492642968554,-2.9793523356673774,9.587018278691795,0.09153753663456983,12.657908150993743,8.0,-9.890188045270985,6.200273591322782,3.6899144539482034,-8.82870658650609,29.909195550654907,-29.722279829288414,74.597199916685,2.1862763466090875,-1.0,1.0,0.0,-48.0,48.0,0.0
0.262,24.360000000000003,22.321392794873915,-2.9424259055072857,9.623944708851887,0.13107747166285527,12.697448086022028,8.0,-10.832953484733322,5.647473110663034,5.185480374070288,-10.861126505482295,29.297735867727184,-29.20019424358256,73.09252328722907,1.8018152014716993,-1.0,1.0,0.0,-48.0,48.0,0.0
0.2625,24.400000000000002,22.397984823768436,-2.9062728175608488,9.660097796798324,0.17151641261093914,12.737887026970112,8.0,-11.49317443919304,5.119425798622117,6.3737486405709225,-12.814976756713063,28.6476942365133,-28.67441382207028,71.50955605225734,1.5547712538687146,-1.0,1.0,0.0,-48.0,48.0,0.0
0.263,24.44,22.474702516369096,-2.8709242662020027,9.69544634815717,0.21288555385275337,12.779256168211926,8.0,-11.902190933633015,4.623862809342183,7.278328124290831,-14.64696057719768,27.976632694986723,-28.13842384980286,69.87885076538836,1.4151685391758524,-1.0,1.0,0.0,-48.0,48.0,0.0
0.2635,24.48,22.551545872675902,-2.836397972776577,9.729972641582595,0.2552026167341341,12.821573231093307,8.0,-12.092741229488457,4.169353399288941,7.923387830199517,-16.314086383325847,27.2977715882026,-27.57770066941856,68.22391740954521,1.3571085836161072,-1.0,1.0,0.0,-48.0,48.0,0.0
0.264,24.520000000000003,22.62851489268885,-2.8027013987448286,9.763669215614344,0.29847506271533447,12.864845677074507,8.0,-12.098381755679501,3.765891570348164,8.332490185331336,-17.779504442210996,26.62025502331834,-26.973512284195717,66.56255182030579,1.3610610968476813,-1.0,1.0,0.0,-48.0,48.0,0.0
0.2645,24.560000000000002,22.705609576407948,-2.769834176543127,9.796536437816044,0.34270252423273057,12.909073138591904,8.0,-11.952561019512032,3.424861721562133,8.5276992979499,-19.01669678874146,25.95009280927017,-26.306885335834615,64.90858207792502,1.4148591409768696,-1.0,1.0,0.0,-48.0,48.0,0.0
0.265,24.6,22.78282992383318,-2.737789635002397,9.828580979356776,0.38787833011723144,12.954248944476404,8.0,-11.687536737356659,3.1584819229026526,8.529054814454007,-20.01179477210881,25.29138501807824,-25.56208432755956,63.27368452509792,1.5132760369724254,-1.0,1.0,0.0,-48.0,48.0,0.0
0.2655,24.64,22.860175934964563,-2.7065554694529244,9.859815144906248,0.4339901756991415,13.000360790058314,8.0,-11.333308388701052,2.9788950445437417,8.35441334415731,-20.764106328863612,24.647486296247372,-24.729126814088687,61.66894044886528,1.6564407859230594,-1.0,1.0,0.0,-48.0,48.0,0.0
0.266,24.680000000000003,22.93764760980209,-2.6761137494427008,9.890256864916472,0.481020130526447,13.04739074488562,8.0,-10.916700890542462,2.8971099054957845,8.019590985046678,-21.285119238291,24.02187997864935,-23.805080250749565,60.105900730472385,1.8475773302105383,-1.0,1.0,0.0,-48.0,48.0,0.0
0.2665,24.720000000000002,23.015244948345757,-2.6464405408898135,9.91993007346936,0.5289442605172242,13.095314874876397,8.0,-10.460690456756637,2.9219890075307005,7.538701449225936,-21.596362867421163,23.418659235963112,-22.79412052378417,58.597058132636064,2.090614551036065,-1.0,1.0,0.0,-48.0,48.0,0.0
0.267,24.76,23.09296795059557,-2.6175489802432694,9.948821634115903,0.5777757021204918,13.144146316479665,8.0,-10.943385612985818,-0.819114723846986,11.762500336832804,-21.597664830450086,22.708017222386985,-21.579523513742004,56.81895336185261,-0.6349650449544333,-1.0,0.0,1.0,-48.0,0.0,48.0
0.2675,24.8,23.17081661655152,-2.5897099739636587,9.976660640395513,0.6277853617968332,13.194155976156006,8.0,-13.156643471916574,-2.9630929342947327,16.119736406211306,-21.190058001054823,21.77317834022728,-20.082846485742593,54.479814548285304,-2.0091130113433504,-1.0,0.0,1.0,-48.0,0.0,48.0
0.268,24.840000000000003,23.248790946213624,-2.563117806079199,10.003252808279974,0.6791675235744771,13.24553813793365,8.0,-15.254211184830613,-4.731616488789734,19.985827673620346,-20.500659871740538,20.721807992248124,-18.449325011638848,51.84878116967179,-2.9711649948886603,-1.0,0.0,1.0,-48.0,0.0,48.0
0.2685,24.880000000000003,23.326890939581865,-2.537892877185461,10.028477737173711,0.7320425880489814,13.298413202408154,8.0,-17.271451320995943,-6.119249271891865,23.390700592887807,-19.60311548796414,19.59472198702606,-16.757716648290963,49.02746608139871,-3.534864841162509,-1.0,0.0,1.0,-48.0,0.0,48.0
0.269,24.92,23.40511659665625,-2.5141059351754835,10.05226467918369,0.7864813031133865,13.35285191747256,8.0,-19.235026512031784,-7.1338543869046305,26.368880898936414,-18.56975334832426,18.430620263343368,-15.077962039816322,46.11230439624453,-3.727435675123548,-1.0,0.0,1.0,-48.0,0.0,48.0
0.2695,24.96,23.483467917436776,-2.4917814422670146,10.074589172092157,0.8425081309854464,13.40887874534462,8.0,-21.16348632782308,-7.794499257821087,28.957985585644167,-17.46589831001929,17.264825111435893,-13.466477513898962,43.19158270484274,-3.586194773774217,-1.0,0.0,1.0,-48.0,0.0,48.0
0.27,25.0,23.561944901923447,-2.470902197527637,10.095468416831535,0.9001058707327387,13.466476485091912,8.0,-23.0681736905102,-8.128955088661034,31.197128779171234,-16.34693253668185,16.12847354183383,-11.964297654016026,40.34341328444594,-3.1545544194381767,-1.0,0.0,1.0,-48.0,0.0,48.0
0.2705,25.0,23.640484718263195,-2.4514147244108395,10.114955889948334,0.9591582139556887,13.525528828314862,8.0,-24.95427288550512,-8.171160280717338,33.12543316622246,-15.257516298956977,15.048146365219582,-10.597584411223572,37.634687880075376,-2.478303129104874,-1.0,0.0,1.0,-48.0,0.0,48.0
0.271,25.0,23.719024534602937,-2.43323496373232,10.133135650626853,1.0195182696169112,13.585888883976084,8.0,-26.821877625912524,-7.9589060132113865,34.78078363912391,-14.23219190455005,14.04584190757175,-9.379660337268502,35.1208690378784,-1.6026756839287195,-1.0,0.0,1.0,-48.0,0.0,48.0
0.2715,25.0,23.797564350942682,-2.4162539073024267,10.150116707056746,1.0810770295267633,13.647447643885936,8.0,-28.667007459481784,-7.531881465262766,36.19888892474455,-13.29668019945697,13.13918249162815,-8.313722169758911,32.846396985806486,-0.5703590562948762,-1.0,0.0,1.0,-48.0,0.0,48.0
0.272,25.0,23.876104167282428,-2.4003429219329027,10.166027692426269,1.1437058604969859,13.710076474856159,8.0,-30.48253613136723,-6.93011869755188,37.41265482891911,-12.469381511874003,12.34175523872047,-7.395592176486691,30.84548599589872,0.5796571459130977,-1.0,0.0,1.0,-48.0,0.0,48.0
0.2725,25.0,23.954643983622173,-2.38535861800043,10.181011996358743,1.2072613729042572,13.77363198726343,8.0,-32.259016944592986,-6.192814128774073,38.45183107336706,-11.76279882162619,11.663514648286023,-6.61612097189424,29.14312289637784,1.812584821921595,-1.0,0.0,1.0,-48.0,0.0,48.0
0.273,25.0,24.03318379996192,-2.3711471973039226,10.19522341705525,1.271589768547496,13.837960382906669,8.0,-33.98540168965832,-5.357471811234252,39.34287350089257,-11.184757470029462,11.111199929586808,-5.963076183384314,27.756133401008753,3.0979092731413758,-1.0,0.0,1.0,-48.0,0.0,48.0
0.2735,25.0,24.11172361630166,-2.3575534742294995,10.208817140129673,1.336535861812814,13.902906476171987,8.0,-32.865190939257495,-7.2435232731398855,40.10871421239738,-10.701782635921731,10.651298961732337,-5.403628056122566,26.600728530454727,2.1740240806637114,0.0,-1.0,1.0,48.0,-48.0,0.0
0.274,25.0,24.19026343264141,-2.3447252662849203,10.221645348074253,1.4022474702079832,13.968618084567156,8.0,-26.5075423742895,-14.248202410693244,40.755744784982745,-9.841943479660607,9.81290622890289,-4.706508572198515,24.501197516932514,-2.8875242731322937,0.0,-1.0,1.0,48.0,-48.0,0.0
0.2745,25.0,24.268803248981154,-2.3332527828198613,10.23311783153931,1.4693148030826708,14.035685417441844,8.0,-20.712758731843795,-20.560308285366286,41.27306701721008,-8.503857990797837,8.49195750089785,-3.8632006950469737,21.19868141669819,-7.448814546297939,0.0,-1.0,1.0,48.0,-48.0,0.0
0.275,25.0,24.347343065320896,-2.3237061658148725,10.2426644485443,1.538308002417423,14.104678616776596,8.0,-15.514239677606994,-26.141419928915404,41.6556596065224,-6.739500900554725,6.738469490374536,-2.927611351138591,16.818663937679272,-11.507840989498835,0.0,-1.0,1.0,48.0,-48.0,0.0
0.2755,25.0,24.42588288166064,-2.316592843839755,10.249777770519417,1.609734496782051,14.176105111141224,8.0,-10.936914590001226,-30.966621786216958,41.903536376218185,-4.599141843145912,4.6025416366827745,-1.9297900636293677,11.48623549127718,-15.069321263166543,0.0,-1.0,1.0,48.0,-48.0,0.0
0.276,25.0,24.50442269800039,-2.3123580992122514,10.254012515146922,1.684039568494295,14.250410182853468,8.0,-6.996650114960659,-35.022102051465914,42.01875216642657,-2.1310821115205965,2.1337518833900435,-0.875454176363038,5.324701526371891,-18.14252534217015,0.0,-1.0,1.0,48.0,-48.0,0.0
0.2765,25.0,24.58296251434013,-2.3113862120335233,10.254984402325649,1.76160749765531,14.327978112014483,8.0,-3.699768301789284,-38.30286797808237,42.00263627987165,0.6184320385820997,-0.6192784349134072,0.2528063160463025,-1.5453643321441326,-20.73984493914317,0.0,-1.0,1.0,48.0,-48.0,0.0
0.277,25.0,24.661502330679877,-2.314001998599941,10.25236861575923,1.842763100561473,14.409133714920646,8.0,-1.04272657294959,-40.810663473929075,41.853390046878665,3.6053599073138476,-3.6091638986985966,1.493395662232822,-9.00676746926722,-22.87575876255512,0.0,-1.0,1.0,48.0,-48.0,0.0
0.2775,25.0,24.740042147019622,-2.320469565315962,10.24590104904321,1.927770483617239,14.494141097976412,8.0,0.0,-42.058425720315924,42.058425720315924,6.774378343108205,-6.776121184927097,2.897126585416334,-16.91173741280709,-24.056757912708825,0.0,-1.0,1.0,32.713875642863584,-48.0,15.286124357136416
0.278,25.0,24.818581963359367,-2.3309406678268934,10.235429946532278,2.0167814024679163,14.58315201682709,8.0,0.0,-42.33612161563051,42.33612161563051,10.024061289929229,-10.01310364672897,4.5054953534513,-24.994951559550337,-24.59141284974194,0.0,-1.0,1.0,36.777865436568064,-48.0,11.222134563431936
0.2785,25.0,24.897121779699113,-2.3454845683124983,10.220886046046674,2.1098651192932656,14.676235733652438,8.0,0.0,-42.169492598219975,42.169492598219975,13.336749259846231,-13.296013756152572,6.398867479285215,-33.19839392167029,-25.016967701515533,0.0,-1.0,1.0,40.78532239827991,-48.0,7.214677601720094
0.279,25.0,24.975661596038854,-2.3641542781277516,10.202216336231421,2.20707464544826,14.773445259807433,8.0,0.0,-41.556477446672496,41.556477446672496,16.70631956456822,-16.612340548756013,8.664652301644999,-41.4929175430909,-25.31571278921312,0.0,-1.0,1.0,44.68016368812372,-48.0,3.3198363118762746
0.2795,25.0,25.054201412378603,-2.3869867710687127,10.17938384329046,2.308446954728971,14.874817569088144,8.0,-0.0026173230348263132,-40.48772643028407,40.490343753318896,20.1212242617727,-19.947264681593037,11.38469960749774,-49.8427630701627,-25.450778693131838,0.0,-1.0,1.0,48.0,-48.0,0.0
0.28,25.0,25.132741228718345,-2.4139969150414147,10.152373699317758,2.413996915041414,14.980367529400587,8.0,-0.2504080619440856,-38.82977596508269,39.080184027026775,23.551778780728327,-23.2776496840218,14.618933033881287,-58.18946731573587,-25.249912535115413,1.0,-1.0,0.0,48.0,0.0,-48.0
0.2805,25.0,25.21128104505809,-2.4451284313106623,10.12124218304851,2.523668247650407,15.09003886200958,8.0,1.8679979637622885,-33.79579071140251,31.927792747640222,26.855739651721688,-26.490517476980788,18.32559812855522,-66.24718657943501,-23.10332603579144,1.0,-1.0,0.0,48.0,0.0,-48.0
0.281,25.0,25.289820861397835,-2.480140892808899,10.086229721550273,2.6372205254883894,15.203591139847562,8.0,3.533647692383436,-28.344080274081218,24.810432581697782,29.83643074646675,-29.456017373883363,22.356843954933282,-73.68541140181391,-20.28920103583623,1.0,-1.0,0.0,48.0,0.0,-48.0
0.2815,25.0,25.36836067773757,-2.518682441014677,10.047688173344495,2.754301890033902,15.320672504393075,8.0,4.851747460538114,-22.544308587349352,17.69256112681124,32.314689211336415,-32.10879545595621,26.50658055179854,-80.3353595177951,-16.799857612174176,1.0,-1.0,0.0,48.0,0.0,-48.0
0.282,25.0,25.44690049407732,-2.5603174079590834,10.00605320640009,2.8744766733180565,15.44084728767723,8.0,5.933178094941907,-16.494707029252545,10.561528934310639,34.065927600478595,-34.383851110146274,30.486757309913873,-86.03293724064923,-12.68418317988914,1.0,-1.0,0.0,48.0,0.0,-48.0
0.2825,25.0,25.525440310417064,-2.604532600774979,9.961838013584194,2.9972316824736978,15.56360229683287,8.0,6.894153150997699,-10.325077311914503,3.430924160916804,34.85120257350654,-36.222862600281715,33.97536965492644,-90.63517372860095,-8.06353947815633,1.0,-1.0,0.0,48.0,0.0,-48.0
0.283,25.0,25.60398012675681,-2.6507588724675086,9.915611741891663,3.1219977705059736,15.688368384865147,8.0,6.421388995130849,-5.6232719617072195,-0.7981170334236297,34.50359235181367,-37.612912882707924,36.72025478054346,-94.11320870940246,-4.2901689503180185,1.0,-1.0,0.0,48.0,-48.0,0.0
0.2835,25.0,25.68251994309655,-2.698526398262619,9.867844216096554,-3.0348801945387622,15.814675726999997,8.0,4.855305395141517,-2.2997285712616855,-2.5555768238798313,33.07640729120789,-38.705041078011966,38.72769270947943,-96.84285550592514,-1.5554637755591514,1.0,-1.0,0.0,48.0,-48.0,0.0
0.284,25.0,25.761059759436296,-2.7474895451765384,9.818881069182634,-2.907377231285097,15.942178690253662,8.0,3.6537491785333605,0.8945835764360459,-4.548332754969406,30.604942989049178,-39.53381749801193,40.01061122574768,-98.90039550013273,1.0669835200660633,1.0,-1.0,0.0,48.0,-48.0,0.0
0.2845,25.0,25.83959957577604,-2.7973215144403234,9.769049099918849,-2.779005445681567,16.070550475857193,8.0,2.879593592969837,3.8450042639212527,-6.72459785689109,27.234412003997583,-40.12098069597852,40.6645209461087,-100.3268458972211,3.4815592059702904,1.0,-1.0,0.0,48.0,-48.0,0.0
0.285,25.0,25.918139392115787,-2.847720910376198,9.718649703982974,-2.650066233405945,16.199489688132815,8.0,2.5744795582913387,6.466428698915976,-9.040908257207315,23.221398974891162,-40.49194562655854,40.8516558879694,-101.18051094413747,5.647246984672202,1.0,-1.0,0.0,48.0,-48.0,0.0
0.2855,25.0,25.996679208455532,-2.8984168838691016,9.667953730490071,-2.5208304435732964,16.328725477965463,8.0,2.7529033476555007,8.708242419321275,-11.461145766976776,18.877514647087775,-40.66591824464672,40.74650523952049,-101.52304231942732,7.576234118716329,1.0,-1.0,0.0,48.0,-48.0,0.0
0.286,25.0,26.075219024795274,-2.9491678218313773,9.617202792527795,-2.391539689271281,16.45801623226748,8.0,3.4015490441358747,10.55136766812229,-13.952916712258165,14.499688899053702,-40.65069599384117,40.488675758644156,-101.40833429906914,9.314166963295627,1.0,-1.0,0.0,48.0,-48.0,0.0
0.2865,25.0,26.15375884113502,-2.999755914514785,9.566614699844386,-2.2624117802481267,16.587144141290633,8.0,4.484216951280301,11.999492526306904,-16.483709477587205,10.310273474214569,-40.44512948692646,40.15800952788478,-100.87738043978054,10.91464194821738,1.0,-1.0,0.0,48.0,-48.0,0.0
0.287,25.0,26.232298657474765,-3.0499614011800573,9.516409213179115,-2.1336664772431115,16.715889444295648,8.0,7.786865849171884,14.90119511320079,-22.688060962372674,6.414871619488461,-39.97843434619404,39.70590688596452,-99.78564126848008,14.49732369685456,1.0,0.0,-1.0,48.0,0.0,-48.0
0.2875,25.0,26.310838473814513,-3.0993534566366705,9.467017157722502,-2.005734605446748,16.84382131609201,8.0,12.186605173312199,18.17109483168677,-30.357700004998968,2.8423546166594393,-39.03614612751002,38.88816802644321,-97.59453366559359,19.009734753367745,1.0,0.0,-1.0,48.0,0.0,-48.0
0.288,25.0,26.38937829015426,3.135814432830296,9.418999740009882,-1.8791773713943847,16.970378550144375,8.0,16.68948638046958,20.840715936633075,-37.530202317102656,-0.37384016633084766,-37.6337731614479,37.65425049520608,-94.29339566746258,23.37094342642546,1.0,0.0,-1.0,48.0,0.0,-48.0
0.2885,25.0,26.467918106493997,3.0897164371685713,9.372901744348157,-1.7545395593929178,17.09501636214584,8.0,21.248205124388573,22.89628075511901,-44.144485879507585,-3.224509564651261,-35.81871629328521,35.98215407461012,-89.92461667170102,27.54578456195619,1.0,0.0,-1.0,48.0,0.0,-48.0
0.289,25.0,26.546457922833746,3.0460594316079086,9.329244738787494,-1.6323427374925081,17.21721318404625,8.0,25.813181829003017,24.330811570879124,-50.14399339988214,-5.67638010261045,-33.63734569248665,33.87284556613813,-84.53837332203223,31.50603674221802,1.0,0.0,-1.0,48.0,0.0,-48.0
0.2895,25.0,26.62499773917349,3.00533811136593,9.288523418545516,-1.5130816009107846,17.336474320627975,8.0,30.330242317845133,25.146184481336874,-55.47642679918201,-7.652159202475329,-31.122146381909417,31.34886927367877,-78.19218175321463,35.218589211774,1.0,0.0,-1.0,48.0,0.0,-48.0
0.29,25.0,26.703537555513236,2.9680159978963867,9.251201305075973,-1.3972196711014966,17.452336250437263,8.0,34.7385032742126,25.353936732878402,-60.092440007091,-9.046848337122894,-28.289727656874938,28.447188182361412,-70.9540532661999,38.630504655157054,1.0,0.0,-1.0,48.0,0.0,-48.0
0.2905,25.0,26.78207737185298,2.934518749089734,9.21770405626932,-1.2851826059550973,17.564373315583662,8.0,38.97100147584743,24.97446623592003,-63.945467711767456,-9.764632449264028,-25.150164746022444,25.213125732447516,-62.90854674945116,41.66229707616894,1.0,0.0,-1.0,48.0,0.0,-48.0
0.291,25.0,26.860617188192723,2.9052242914326922,9.188409598612278,-1.1773483319583142,17.672207589580445,8.0,42.95865903450082,24.035300551135585,-66.9939595856364,-9.754974033353419,-21.721225543959385,21.697988897939382,-54.16287891841242,44.21424833422866,1.0,0.0,-1.0,48.0,0.0,-48.0
0.2915,25.0,26.93915700453247,2.8804505252392096,9.163635832418796,-1.074034749425089,17.77552117211367,8.0,46.6364666933317,22.569285132274214,-69.20575182560592,-9.03289159200321,-18.03934543624529,17.95926749395068,-44.850119571573295,46.18230469766631,1.0,0.0,-1.0,48.0,0.0,-48.0
0.292,25.0,27.017696820872214,2.8604425065034746,9.14362781368306,-0.9754869143496067,17.874069007189153,8.0,49.95004233225288,20.613151739873008,-70.56319407212588,-7.679545204519753,-14.162652361050156,14.061170568831992,-35.12801345940374,47.47583064646416,1.0,0.0,-1.0,48.0,0.0,-48.0
0.2925,25.0,27.09623663721196,2.845361254260354,9.12854656143994,-0.8818658457667404,17.96769007577202,8.0,52.860965368908815,18.20649714525647,-71.06746251416529,-5.828151418805704,-10.166527556557567,10.074053057476348,-25.17385712278121,48.03061951851624,1.0,0.0,-1.0,48.0,0.0,-48.0
0.293,25.0,27.174776453551704,2.8352757838158884,9.118461090995474,-0.7932405589825294,18.05631536255623,8.0,55.35002655053634,15.391023536122876,-70.74105008665921,-3.6436163770167496,-6.135577503033712,6.072525925065733,-15.177023979165622,47.81464024689846,1.0,0.0,-1.0,48.0,0.0,-48.0
0.2935,25.0,27.253316269891453,2.8301601387343966,9.113345445913982,-0.7095850975612884,18.13997082397747,8.0,54.63313073554655,14.994901218526856,-69.6280319540734,-1.2982333667793495,-2.1485734316877645,2.1253040059006474,-5.312184198726222,47.273386136836244,0.0,1.0,-1.0,-48.0,48.0,0.0
0.294,25.0,27.3318560862312,2.8299531852125805,9.113138492392167,-0.6308383276997284,18.21871759383903,8.0,48.312762964415654,19.470092847213976,-67.78285581162963,1.0919532413699222,1.8059279241838455,-1.786330248506197,4.464935630356234,46.80905738556848,0.0,1.0,-1.0,-48.0,48.0,0.0
0.2945,25.0,27.410395902570936,2.8345896249300013,9.117774932109587,-0.5569349510774096,18.29262097046135,8.0,42.145437051752396,23.11893619732926,-65.26437324908166,3.3764855521274506,5.672427204379149,-5.6137029346143015,14.030443671861045,45.60217485015856,0.0,1.0,-1.0,-48.0,48.0,0.0
0.295,25.0,27.488935718910685,2.8439199872617897,9.127105294441376,-0.48772549706944873,18.36183042446931,8.0,36.141549406185796,26.006643327319885,-62.14819273350568,5.403183867998184,9.376963220158238,-9.290028955922375,23.215234483535088,43.78595811511009,0.0,1.0,-1.0,-48.0,48.0,0.0
0.2955,25.0,27.56747553525043,2.8577186749182792,9.140903982097866,-0.4229843683861965,18.426571553152563,8.0,30.32629432829404,28.197210177299873,-58.52350450559391,7.04487313421884,12.858823894042835,-12.762056785268632,31.884067106605283,41.49747080560607,0.0,1.0,-1.0,-48.0,48.0,0.0
0.296,25.0,27.646015351590176,2.8757010548102238,9.15888636198981,-0.36242693193839487,18.487128989600365,8.0,24.735447006238907,29.752776143073213,-54.48822314931212,8.206548794545121,16.072012420435584,-15.990140880948086,39.936029502252886,38.87351908501462,0.0,1.0,-1.0,-48.0,48.0,0.0
0.2965,25.0,27.72455516792992,2.897540503365329,9.180725810544915,-0.305726564153752,18.543829357385007,8.0,19.410791281372656,30.733199191830604,-50.14399047320326,8.83142986756675,18.987459007359025,-18.947660615597382,47.30383974104456,36.04531311680903,0.0,1.0,-1.0,-48.0,48.0,0.0
0.297,25.0,27.803094984269663,2.922884736233271,9.206070043412858,-0.2525309806819543,18.597024940856805,8.0,14.395458892343893,31.195768499233697,-45.59122739157759,8.904468412503817,21.594501409093382,-21.619625915924193,53.951619859902735,33.13165131464494,0.0,1.0,-1.0,-48.0,48.0,0.0
0.2975,25.0,27.881634800609408,2.9513705815829145,9.2345558887625,-0.20247700969185162,18.647078911846908,8.0,9.729547676705447,31.195072920868792,-40.92462059757424,8.451251780501583,23.89994082278397,-24.000477116097457,59.870878208692,30.231687394418483,0.0,1.0,-1.0,-48.0,48.0,0.0
0.298,25.0,27.960174616949153,2.982636315313928,9.265821622493515,-0.15520292708312128,18.694352994455638,8.0,5.446491625845976,30.78307808489649,-36.22956971074247,7.530748654378111,25.923809984676893,-26.091431866109193,65.07484495552121,27.419384208515915,0.0,1.0,-1.0,-48.0,48.0,0.0
0.2985,25.0,28.0387144332889,3.016330888480397,9.299516195659983,-0.11035768390984375,18.739198237628916,8.0,1.5706774638134853,30.009399835123293,-31.58007729893678,6.221958792641783,27.69247730820162,-27.898104836205253,69.59186805394299,24.74185087702825,0.0,1.0,-1.0,-48.0,48.0,0.0
0.299,25.0,28.117254249628648,3.0521207491518116,9.335306056331397,-0.06760772824150936,18.78194819329725,8.0,0.0,27.979835846638714,-27.979835846638714,4.6072055126872815,29.2347557552746,-29.43296662573022,73.46823453218981,22.34316983617545,0.0,1.0,-1.0,-19.293689052084908,48.0,-28.70631094791509
0.2995,25.0,28.195794065968386,3.08970362874461,9.372888935924196,-0.026650791494568463,18.82290513004419,8.0,0.0,25.10839086377144,-25.10839086377144,2.7534169987235964,30.578019080915254,-30.717573512523398,76.76762912283203,20.047951391074236,0.0,1.0,-1.0,-21.176805785472332,48.0,-26.823194214527668
0.3,25.0,28.27433388230813,3.1287924045515294,9.411977711731115,0.012800249038256316,18.862356170577016,8.0,0.0,22.222418414167745,-22.222418414167745,0.6984087818358238,31.71568425766778,-31.75379693365615,79.49142888369933,17.743364125801733,0.0,1.0,-1.0,-23.28253488016999,48.0,-24.71746511983001
0.3005,25.0,28.35287369864788,-3.1141544651574176,9.452216149201755,0.05110162790736365,18.900657549446123,8.0,-5.397060152248532,17.985454363011492,-12.58839421076296,-1.5324802912372109,32.47233181607719,-32.3901127163272,81.23593359797012,12.310316301722498,-1.0,1.0,0.0,-48.0,0.0,48.0
0.301,25.0,28.431413514987625,-3.073371069386244,9.492999544972928,0.0888580484759373,18.938413970014697,8.0,-10.171141121726695,13.82131145083265,-3.650170329105955,-3.872802600438568,32.70877354053625,-32.52374129937932,81.69592391396525,7.468991527524208,-1.0,1.0,0.0,-48.0,0.0,48.0
0.3015,25.0,28.50995333132737,-3.032635928234165,9.533734686125008,0.12666272366360257,18.976218645202362,8.0,-12.792571112246115,11.366625388040745,1.4259457242053708,-6.2554904604651735,32.522213882084074,-32.285454318654565,81.14553862511625,4.974448747823248,-1.0,1.0,0.0,-48.0,48.0,0.0
0.302,25.0,28.588493147667112,-2.9922714271118545,9.574099187247318,0.1648380388810359,19.014393960419795,8.0,-13.8091790756812,10.143789938740005,3.6653891369411955,-8.676158951789084,32.18617001018303,-31.9655867482177,80.2760519837856,4.100028060844481,-1.0,1.0,0.0,-48.0,48.0,0.0
0.3025,25.0,28.667032964006857,-2.9523926855352585,9.613977928823914,0.20349911364418388,19.053055035182943,8.0,-14.485610866699949,8.926653383142726,5.558957483557222,-11.114069064720768,31.75306293717267,-31.61711789930212,79.20944046663254,3.3920761284606935,-1.0,1.0,0.0,-48.0,48.0,0.0
0.303,25.0,28.745572780346603,-2.9130885569183698,9.653282057440803,0.24273480136704179,19.0922907229058,8.0,-14.848454038844938,7.726256200922872,7.122197837922066,-13.520747085160002,31.24468405264682,-31.246249435757218,77.98310867212089,2.8163105977394314,-1.0,1.0,0.0,-48.0,48.0,0.0
0.3035,25.0,28.824112596686348,-2.874431381908257,9.691939232450915,0.28261744269667516,19.132173364235435,8.0,-14.927853317637583,6.55403581070583,8.373817506931752,-15.82976828745052,30.67973538742319,-30.842235350147117,76.625662956459,2.337510518025915,-1.0,1.0,0.0,-48.0,48.0,0.0
0.304,25.0,28.902652413026093,-2.836481331211438,9.729889283147735,0.32320720833959904,19.17276312987836,8.0,-14.758095682495108,5.423909539282043,9.334186143213065,-17.966753016163764,30.072027775474048,-30.380117189831953,75.15737286731097,1.9251517716855102,-1.0,1.0,0.0,-48.0,48.0,0.0
0.3045,25.0,28.981192229365835,-2.7992901676628166,9.767080446696356,0.36455586113071736,19.214111782669477,8.0,-14.377240522686982,4.3534836306922235,10.02375689199476,-19.86032706976762,29.430324347503323,-29.82627890950804,73.59200793562864,1.5584540885564557,-1.0,1.0,0.0,-48.0,48.0,0.0
0.305,25.0,29.05973204570558,-2.7629038137558006,9.803466800603372,0.40670932356344663,19.256265245102206,8.0,-13.825913371552634,3.364150012154785,10.461763359397848,-21.451972748239378,28.759553266758296,-29.145634398653794,71.93968650497342,1.2292219023451185,-1.0,1.0,0.0,-48.0,48.0,0.0
0.3055,25.0,29.138271862045325,-2.7273633776636204,9.839007236695553,0.44970870381101163,19.29926462534977,8.0,-13.145524301113586,2.480080460918395,10.66544384019519,-22.703292572619453,28.062767757251272,-28.30894910391867,70.21006802280472,0.941703964144379,-1.0,1.0,0.0,-48.0,48.0,0.0
0.306,25.0,29.216811678385074,-2.692704653189261,9.873665961169912,0.4935897956764023,19.34314571721516,8.0,-12.376240641496771,1.726357380558893,10.649883260937878,-23.59980363388384,27.343158873777806,-27.298806892381815,68.41514829114595,0.70966456465443,-1.0,1.0,0.0,-48.0,48.0,0.0
0.3065,25.0,29.29535149472482,-2.6589564493531226,9.907414165006049,0.5383814081800111,19.38793732971877,8.0,-11.555046373814232,1.126645264951436,10.428401108862795,-24.15101223333556,26.60556578988426,-26.11307891330147,66.5710698885716,0.5516426281783993,-1.0,1.0,0.0,-48.0,48.0,0.0
0.307,25.0,29.373891311064558,-2.6261631219603894,9.940207492398784,0.5841278971270142,19.433683818665774,8.0,-12.258284121397741,-1.718287016368152,13.976571137765893,-24.313406826410304,25.779614090070964,-24.691616698990043,64.50456114402643,-1.4163380545535995,-1.0,0.0,1.0,-48.0,0.0,48.0
0.3075,25.0,29.452431127404306,-2.594539201359374,9.971831412999798,0.6310437928657492,19.48059971440451,8.0,-14.068679031892156,-4.473328593024367,18.542007624916522,-23.99736589800471,24.745250118843135,-22.95427353812873,61.91640842944249,-3.2091769609519885,-1.0,0.0,1.0,-48.0,0.0,48.0
0.308,25.0,29.53097094374405,-2.5643113929264416,10.00205922143273,0.6793558007725614,19.52891172231132,8.0,-15.777050466376643,-6.785148863546504,22.562199329923146,-23.28987862452001,23.555948373954774,-21.00914150932498,58.94022082473434,-4.519790741887059,-1.0,0.0,1.0,-48.0,0.0,48.0
0.3085,25.0,29.609510760083797,-2.5356435889415243,10.030727025417647,0.7292278131273904,19.57878373466615,8.0,-17.427745507084833,-8.640029638404403,26.067775145489236,-22.287576605131555,22.260098192039873,-18.962659489074873,55.69623875544409,-5.3544017598793054,-1.0,0.0,1.0,-48.0,0.0,48.0
0.309,25.0,29.688050576423542,-2.508640399214733,10.057730215144439,0.7807644397403443,19.630320361279104,8.0,-19.054206149258555,-10.041968957034362,29.096175106292918,-21.087670137474444,20.904356409671117,-16.91256695634577,52.30048520167576,-5.7399676623806775,-1.0,0.0,1.0,-48.0,0.0,48.0
0.3095,25.0,29.766590392763288,-2.483350470030908,10.083020144328264,0.8340143268962655,19.683570248435025,8.0,-20.67961962126742,-11.01014469433843,31.68976431560585,-19.77810493594116,19.53162243960339,-14.93886752579677,48.860124787654996,-5.719418329762629,-1.0,0.0,1.0,-48.0,0.0,48.0
0.31,25.0,29.845130209103033,-2.4597717845825677,10.106598829776605,0.8889754577876687,19.738531379326428,8.0,-22.31808439743249,-11.575564458161093,33.89364885559358,-18.432511403849773,18.179739382856425,-13.099669810291084,45.47023941758739,-5.345430586654934,-1.0,0.0,1.0,-48.0,0.0,48.0
0.3105,25.0,29.923670025442775,-2.4378581854946417,10.12851242886453,0.945601675039483,19.795157596578242,8.0,-23.97598545581733,-11.77755407082929,35.75353952664662,-17.10897891821104,16.880913491080786,-11.431323264224961,42.2121505266668,-4.6745192416569745,-1.0,0.0,1.0,-48.0,0.0,48.0
0.311,25.0,30.00220984178252,-2.417526391410334,10.148844222948838,1.003809697294922,19.85336561883368,8.0,-25.653380015179984,-11.660548211507107,37.31392822668709,-15.851218864914692,15.661685693487511,-9.95139100415009,39.153064400291804,-3.762463853030974,-1.0,0.0,1.0,-48.0,0.0,48.0
0.3115,25.0,30.080749658122265,-2.3986629387618708,10.167707675597303,1.0634860609862031,19.913041982524962,8.0,-27.345289179097982,-11.27142649511734,38.61671567421532,-14.690828032180715,14.543251030071438,-8.662907194244958,36.346658411767685,-2.661352444054754,-1.0,0.0,1.0,-48.0,0.0,48.0
0.312,25.0,30.159289474462014,-2.3811306770055047,10.185239937353668,1.1244936155695868,19.974049537108346,8.0,-29.042853539796738,-10.657459698914783,39.70031323871152,-13.64977117520948,13.54195445864623,-7.558731020035354,33.834221556204255,-1.4180470473388063,-1.0,0.0,1.0,-48.0,0.0,48.0
0.3125,25.0,30.23782929080176,-2.3647746213393095,10.201595993019863,1.1866773762431386,20.036233297781898,8.0,-30.734344242550016,-9.864819091629291,40.59916333417931,-12.742610585279973,12.66984639926138,-6.625301929117055,31.646041045881,-0.07367991230826831,-1.0,0.0,1.0,-48.0,0.0,48.0
0.313,25.0,30.316369107141497,-2.349427095761866,10.216943518597306,1.2498696670054337,20.099425588544193,8.0,-32.40603518318738,-8.937550169121037,41.343585352308416,-11.978307105361194,11.935230814805962,-5.845519098905894,29.80282796483985,1.3362154610564918,-1.0,0.0,1.0,-48.0,0.0,48.0
0.3135,25.0,30.394908923481246,-2.334917378536442,10.23145323582273,1.3138997661197565,20.163455687658516,8.0,-31.258491674277316,-10.701133560132554,41.95962523440987,-11.324121339929379,11.305759826628757,-5.183714300440531,28.223667947001516,0.5486103854216582,0.0,-1.0,1.0,48.0,-48.0,0.0
0.314,25.0,30.47344873982099,-2.321376257738169,10.244994356621003,1.378898461661229,20.22845438319999,8.0,-24.898371395749955,-17.55911784311727,42.457489238867225,-10.310158968821455,10.311633593454884,-4.42868785695776,25.735995687776555,-4.366957107863034,0.0,-1.0,1.0,48.0,-48.0,0.0
0.3145,25.0,30.551988556160737,-2.309375796977686,10.256994817381486,1.4454378172404916,20.29499373877925,8.0,-19.12430213531534,-23.707213600985575,42.831515736300915,-8.83500788660863,8.84919452036542,-3.574790420928721,22.081855741470058,-8.782779805201823,0.0,-1.0,1.0,48.0,-48.0,0.0
0.315,25.0,30.630528372500482,-2.299467987614064,10.26690262674511,1.5140698242166117,20.36362574575537,8.0,-13.967978975935498,-29.113198467827704,43.0811774437632,-6.949480232429118,6.968391273178139,-2.6694469815733286,17.386167395581463,-12.700032067059166,0.0,-1.0,1.0,48.0,-48.0,0.0
0.3155,25.0,30.709068188840224,-2.292142553217873,10.274228061141299,1.585284206160167,20.434840127698926,8.0,-9.452493720248256,-33.7574578444476,43.20995156469586,-4.702624801222697,4.719007738010812,-1.735438296016138,11.772867049087308,-16.12507618612525,0.0,-1.0,1.0,48.0,-48.0,0.0
0.316,25.0,30.78760800517997,-2.2878277293231846,10.278542885035987,1.6595091986052204,20.50906512014398,8.0,-5.591736790693261,-37.63061096221707,43.22234775291033,-2.1417589403722928,2.1501246632857183,-0.7714222178666367,5.363817569884743,-19.06795495802959,0.0,-1.0,1.0,48.0,-48.0,0.0
0.3165,25.0,30.866147821519714,-2.286891510310191,10.279479104048981,1.7371127959319737,20.586668717470733,8.0,-2.3899298352738896,-40.731311342616245,43.121241177890134,0.6875354305024343,-0.6902820424235158,0.24631900200152873,-1.7219977079281583,-21.541557382581786,0.0,-1.0,1.0,48.0,-48.0,0.0
0.317,25.0,30.94468763785946,-2.2896432460364213,10.276727368322751,1.8184043479979473,20.667960269536707,8.0,0.0,-42.98493507248383,42.98493507248383,3.7413458595200786,-3.7553043323653643,1.3614916443116767,-9.368373561954323,-23.477409539882466,0.0,-1.0,1.0,28.938252203546924,-48.0,19.061747796453076
0.3175,25.0,31.02322745419921,-2.296307315971646,10.270063298387527,1.9036082342729224,20.75316415581168,8.0,0.0,-43.60626360837023,43.60626360837023,6.917833665331105,-6.938982077215354,2.6122092883596135,-17.31208485981384,-24.057863153619632,0.0,-1.0,1.0,33.08122005975897,-48.0,14.918779940241027
0.318,25.0,31.101767270538947,-2.306977753476069,10.259392860883104,1.9928184881170836,20.842374409655843,8.0,0.0,-43.79907492570423,43.79907492570423,10.156287363953156,-10.175421787259861,4.058936492629517,-25.390366192804983,-24.55465667907005,0.0,-1.0,1.0,37.21453001126833,-48.0,10.785469988731673
0.3185,25.0,31.180307086878692,-2.321716637032258,10.244653977326914,2.08609718801302,20.93565310955178,8.0,0.0,-43.567191053885956,43.567191053885956,13.453991784217603,-13.455337123942972,5.788639043769908,-33.58230592727133,-24.96570629041668,0.0,-1.0,1.0,41.28734082430413,-48.0,6.71265917569586
0.319,25.0,31.25884690321844,-2.340575183582524,10.225795430776648,2.1834955509030314,21.03305147244179,8.0,0.0,-42.90740092987992,42.90740092987992,16.808478687360513,-16.76840211595162,7.892527896768371,-41.86479372377344,-25.27508957385856,0.0,-1.0,1.0,45.24641579695214,-48.0,2.753584203047863
0.3195,25.0,31.337386719558186,-2.363591719704895,10.202778894654278,2.28505190336515,21.13460782490391,8.0,-0.016863131854094604,-41.80148316940114,41.81834630125523,20.214122240146764,-20.101969263600054,10.460348008596027,-50.208507869563974,-25.441618683613623,0.0,-1.0,1.0,48.0,-48.0,0.0
0.32,25.0,31.41592653589793,-2.3907846590756137,10.175585955283559,2.3907846590756128,21.240340580614372,8.0,-0.3393902512338798,-40.0902375458365,40.42962779707038,23.648468382143037,-23.43290590981675,13.56458483883027,-58.5561926726793,-25.27172197167816,1.0,-1.0,0.0,48.0,0.0,-48.0
0.3205,25.0,31.494466352237673,-2.4221041694977745,10.144266444861398,2.500643985837516,21.350199907376275,8.0,1.7008703605807085,-35.01121454838326,33.31034418780255,26.98768546930362,-26.654736886069408,17.189934090426096,-66.63912220989785,-23.28541907251522,1.0,-1.0,0.0,48.0,0.0,-48.0
0.321,25.0,31.573006168577418,-2.4573274699295617,10.109043144429611,2.614407102609049,21.46396302414781,8.0,3.2832401560091533,-29.51451606311774,26.231275907108586,30.057477340627656,-29.644566073312998,21.220239772029196,-74.14383673007958,-20.639138327762254,1.0,-1.0,0.0,48.0,0.0,-48.0
0.3215,25.0,31.651545984917163,-2.4961235076171526,10.07024710674202,2.731742956636384,21.581298878175144,8.0,4.510522405094477,-23.659272496921513,19.148750091827036,32.69441246397641,-32.33779248336291,25.470432367156807,-80.90152143300685,-17.30850599073058,1.0,-1.0,0.0,48.0,0.0,-48.0
0.322,25.0,31.73008580125691,-2.538076212151525,10.028294402207647,2.8522354775105034,21.701791399049263,8.0,5.490792313820657,-17.532382175027788,12.04158986120713,34.68095173559785,-34.668423287831835,29.658392604759936,-86.74302303243512,-13.319574405089188,1.0,-1.0,0.0,48.0,0.0,-48.0
0.3225,25.0,31.808625617596654,-2.582687993788368,9.983682620570804,2.975387075487091,21.82494299702585,8.0,6.3376008037600045,-11.253726582997864,4.916125779237859,35.767296857507205,-36.57432049603882,33.444072357895145,-91.51446382706115,-8.771198396922717,1.0,-1.0,0.0,48.0,0.0,-48.0
0.323,25.0,31.887165433936396,-2.6293935031824307,9.936977111176741,3.100632401220895,21.950188322759654,8.0,6.306701230924769,-5.836463069090015,-0.47023816183475486,35.735116604558876,-38.016363513720655,36.513473225626505,-95.12279010366005,-4.521332653779821,1.0,-1.0,0.0,48.0,-48.0,0.0
0.3235,25.0,31.965705250276148,-2.6776785125825517,9.88869210177662,-3.0557280802188176,22.07701314849953,8.0,4.565256175003104,-2.377342266449881,-2.1879139085532233,34.58735876531283,-39.126447204708505,38.80348324668599,-97.89941616439451,-1.6958061208623345,1.0,-1.0,0.0,48.0,-48.0,0.0
0.324,25.0,32.044245066615886,-2.727176490473566,9.839194123885607,-2.9276902859880645,22.20505094273028,8.0,3.184704782452996,0.9739739585536156,-4.158678741006612,32.341779017822255,-39.96113845447885,40.31012843743716,-99.97859618143286,1.0358113439581322,1.0,-1.0,0.0,48.0,-48.0,0.0
0.3245,25.0,32.122784882955635,-2.7775471938976914,9.788823420461481,-2.798779766224194,22.333961462494152,8.0,2.233025050393712,4.0917510073708465,-6.324776057764558,29.1081630673025,-40.54146931997584,41.10579871348641,-101.39904580194776,3.558922170463757,1.0,-1.0,0.0,48.0,-48.0,0.0
0.325,25.0,32.20132469929538,-2.828475861969347,9.737894752389826,-2.6693112818127966,22.46342994690555,8.0,1.75887389029484,6.878464587213733,-8.637338477508573,25.126433348948275,-40.89589894887215,41.350964044787275,-102.22168607498236,5.813531949557084,1.0,-1.0,0.0,48.0,-48.0,0.0
0.3255,25.0,32.27986451563512,-2.879680654928884,9.68668995943029,-2.5395666725135166,22.59317455620483,8.0,1.7840699982798451,9.272586002173721,-11.056656000453566,20.714625299095143,-41.04925373334516,41.2366882145684,-102.51474844860775,7.80001202103198,1.0,-1.0,0.0,48.0,-48.0,0.0
0.326,25.0,32.358404331974874,-2.9309127906645513,9.63545782369462,-2.409794720438094,22.722946508280252,8.0,2.3011426041969205,11.24774299595265,-13.548885600149571,16.19594904864245,-41.0149767989607,40.928979278900925,-102.34041348184628,9.562193021652657,1.0,-1.0,0.0,48.0,-48.0,0.0
0.3265,25.0,32.43694414831461,-2.981951363420212,9.58441925093896,-2.2802163313426975,22.85252489737565,8.0,3.2769161287843396,12.804737236233379,-16.08165336501772,11.830318664735843,-40.79505162516671,40.534407555818774,-101.74735434761294,11.159634110460535,1.0,-1.0,0.0,48.0,-48.0,0.0
0.327,25.0,32.51548396465436,-3.032577122568943,9.53379349179023,-2.1510507558542153,22.98169047286413,8.0,6.497104230095729,15.793151414800075,-22.290255644895804,7.759555653348368,-40.3188874930103,40.02533057531978,-100.5987628034976,14.697223532239157,1.0,0.0,-1.0,48.0,0.0,-48.0
0.3275,25.0,32.59402378099411,-3.082364547607172,9.484006066752,-2.022723514476241,23.110017714242105,8.0,10.836266706955936,19.131164260250515,-29.96743096720645,4.035963913874431,-39.37051027433569,39.17087358697618,-98.36553732176182,19.146130027838808,1.0,0.0,-1.0,48.0,0.0,-48.0
0.328,25.0,32.67256359733385,-3.1307603268513224,9.43561028750785,-1.8957879188923465,23.236953309826,8.0,15.296499277026715,21.854731535271288,-37.151230812298,0.7065385405640731,-37.960841237236814,37.92223333844353,-95.03865604451916,23.43966301931669,1.0,0.0,-1.0,48.0,0.0,-48.0
0.3285,25.0,32.7511034136736,3.10595714614382,9.389142453323405,-1.7707802683681537,23.361960960350192,8.0,19.82641969624897,23.953961154901442,-43.78038085115041,-2.224464970982293,-36.135535566625514,36.25310058100394,-90.66179461289711,27.540453534161884,1.0,0.0,-1.0,48.0,0.0,-48.0
0.329,25.0,32.82964323001334,3.0619295528733783,9.345114860052965,-1.6482128587579732,23.484528369960373,8.0,24.37371101521402,25.42455583025557,-49.79826684546959,-4.74197800002562,-33.943679171784915,34.15869837161275,-85.28695485615671,31.418949694280208,1.0,0.0,-1.0,48.0,0.0,-48.0
0.3295,25.0,32.90818304635308,3.020826708471417,9.304012015651004,-1.5285701980162694,23.604171030702076,8.0,28.883454671229487,26.26993375118429,-55.15338842241378,-6.790399969106344,-31.423613307555172,31.657258197420667,-78.97330043316852,35.045154401424725,1.0,0.0,-1.0,48.0,0.0,-48.0
0.33,25.0,32.98672286269283,2.9831014254941866,9.266286732673773,-1.4123050986992896,23.720436130019056,8.0,33.29575984821096,26.502477980442382,-59.79823782865335,-8.281099088847002,-28.59788908930669,28.783485221395118,-71.78907666201229,38.374112543534515,1.0,0.0,-1.0,48.0,0.0,-48.0
0.3305,25.0,33.06526267903257,2.9491691022206035,9.23235440940019,-1.299832959085962,23.832908269632384,8.0,37.54554084796492,26.143169884903124,-63.688710732868046,-9.124650219404755,-25.479699024702942,25.581662136872914,-63.816710814698624,41.33671375380149,1.0,0.0,-1.0,48.0,0.0,-48.0
0.331,25.0,33.14380249537232,2.91939911396331,9.202584421142896,-1.1915231544889204,23.941218074229425,8.0,41.56549713020896,25.220082578534267,-66.78557970874323,-9.266967766286665,-22.08581495617351,22.102152714390886,-55.158765325437216,43.842483904018565,1.0,0.0,-1.0,48.0,0.0,-48.0
0.3315,25.0,33.22234231171206,2.8941036458323146,9.177288953011901,-1.0876878700181871,24.04505335870016,8.0,45.29154854847747,23.766591145769233,-69.0581396942467,-8.712832154695741,-18.44822489740332,18.400954379364332,-45.94177877520003,45.79284505640838,1.0,0.0,-1.0,48.0,0.0,-48.0
0.332,25.0,33.3008821280518,2.873525550918157,9.156710858097743,-0.988569958764285,24.14417126995406,8.0,48.669045439677674,21.819874857099283,-70.48892029677695,-7.530727763321107,-14.619039149633515,14.540195257609323,-36.316169290246734,47.098073241868974,1.0,0.0,-1.0,48.0,0.0,-48.0
0.3325,25.0,33.37942194439155,2.857827280792384,9.14101258797197,-0.8943318722987651,24.23840935641958,8.0,51.658122875244686,19.41984722943366,-71.07797010467834,-5.842217946009612,-10.668011967999172,10.587883721485138,-26.452174178763677,47.69114437555585,1.0,0.0,-1.0,48.0,0.0,-48.0
0.333,25.0,33.4579617607313,2.8470825837495024,9.130267890929089,-0.8050473589161352,24.32769386980221,8.0,54.237201266219394,16.608404459288302,-70.8456057255077,-3.8034271817266134,-6.675708915092877,6.616399241111853,-16.533112694069693,47.535085846920495,1.0,0.0,-1.0,48.0,0.0,-48.0
0.3335,25.0,33.53650157707104,2.8412729938473804,9.124458301026966,-0.7206979526742687,24.412043276044077,8.0,53.619221057828234,16.213825078272116,-69.83304613610035,-1.5810082790732158,-2.71823818927414,2.6921775206206715,-6.727887985328189,47.094783478395414,0.0,1.0,-1.0,-48.0,48.0,0.0
0.334,25.0,33.615041393410785,2.8403502188661776,9.123535526045764,-0.6412353613533252,24.49150586736502,8.0,47.40336134602855,20.687715668655766,-68.09107701468432,0.7129123115709283,1.221757655618719,-1.2099115796714879,3.0236761409372335,46.7821257528581,0.0,1.0,-1.0,-48.0,48.0,0.0
0.3345,25.0,33.69358120975053,2.844267382293532,9.127452689473118,-0.5666127084409293,24.566128520277417,8.0,41.34271598463542,24.331536401459697,-65.67425238609512,2.928969231782874,5.08936244521034,-5.0423925795664895,12.60056859845062,45.71848556455228,0.0,1.0,-1.0,-48.0,48.0,0.0
0.335,25.0,33.772121026090275,2.8528928860678544,9.13607819324744,-0.49669839587551323,24.636042832842833,8.0,35.44447625330578,27.209797202502475,-62.65427345580825,4.9138922365510425,8.809313850217332,-8.737499879911043,21.83116250099194,44.03392108870548,0.0,1.0,-1.0,-48.0,48.0,0.0
0.3355,25.0,33.850660842430024,2.86601756430222,9.149202871481807,-0.43128325777012677,24.70145797094822,8.0,29.73103816472651,29.385941995232333,-59.11698015995884,6.53816707563347,12.319759443358256,-12.240696087965349,30.577004211762077,41.86306840794741,0.0,1.0,-1.0,-48.0,48.0,0.0
0.336,25.0,33.929200658769766,2.883371467653384,9.16655677483297,-0.37009734478154954,24.762643883936796,8.0,24.235902229887245,30.921637810741387,-55.15754004062863,7.703534777654663,15.573646966728457,-15.510793307293445,38.73342221497928,39.340752826972256,0.0,1.0,-1.0,-48.0,48.0,0.0
0.3365,25.0,34.00774047510951,2.904640660006369,9.187825967185955,-0.31282672079479307,24.819914507923553,8.0,18.999174442263286,31.87631453158303,-50.875488973846316,8.349147098169208,18.540671757273103,-18.51940954473943,46.22892328227933,36.59655217338707,0.0,1.0,-1.0,-48.0,48.0,0.0
0.337,25.0,34.086280291449256,2.9294833451945324,9.212668652374118,-0.25912958964320965,24.873611639075136,8.0,14.062948397017415,32.30687670240785,-46.36982509942526,8.455144498679749,21.208514183702167,-21.249623106270015,53.023062127485105,33.748077697068155,0.0,1.0,-1.0,-48.0,48.0,0.0
0.3375,25.0,34.164820107789,2.9575444940778532,9.240729801257439,-0.20865092218678524,24.92409030653156,8.0,9.466937052651033,32.267593143826296,-41.73453019647733,8.041745773993716,23.581823959685266,-23.693850088530322,59.10255943534203,30.893943030409627,0.0,1.0,-1.0,-48.0,48.0,0.0
0.338,25.0,34.24335992412875,2.9884681141338203,9.271653421313406,-0.16103472590300524,24.97170650281534,8.0,5.244821549344074,31.810199833347838,-37.05502138269191,7.162336731306471,25.67811995372924,-25.851301479047038,64.4758229747487,28.108393977244695,0.0,1.0,-1.0,-48.0,48.0,0.0
0.3385,25.0,34.321899740468496,3.0219065127537643,9.30509181993335,-0.11593330818320267,25.016807920535143,8.0,1.4218085445279414,30.984189185346587,-32.40599772987453,5.890531629950481,27.52115341976962,-27.725736357228072,69.16655849919492,25.439692533383447,0.0,1.0,-1.0,-48.0,48.0,0.0
0.339,25.0,34.40043955680823,3.0575273888037673,9.340712695983353,-0.07301436789346837,25.059726860824878,8.0,0.0,28.84386888931264,-28.84386888931264,4.303799886012285,29.13752757863004,-29.328303569247222,73.21740079887931,23.032513442622438,0.0,1.0,-1.0,-19.60081211867912,48.0,-28.399187881320877
0.3395,25.0,34.478979373147986,3.095027222642657,9.378212529822243,-0.03197438539260231,25.100766843325744,8.0,0.0,25.926665083154557,-25.926665083154557,2.464728215687605,30.551120955882894,-30.67799674022805,76.68477500491903,20.70119952418574,0.0,1.0,-1.0,-21.47183389213982,48.0,-26.528166107860187
0.34,25.0,34.55751918948772,3.1341145375094706,9.417299844689056,0.0074781160803202495,25.140219344798666,8.0,0.0,22.986808876798776,-22.986808876798776,0.4082832476332995,31.753594084660328,-31.775943596439767,79.56664973740615,18.353686444338166,-1.0,1.0,0.0,-48.0,0.0,48.0
0.3405,25.0,34.63605900582747,-3.108757129745152,9.45761348461402,0.04570429249510157,25.178445521213447,8.0,-5.3623512838330765,18.671741160212697,-13.30938987637962,-1.8406723209056979,32.56975853375803,-32.47193268674068,81.46032700996433,12.891993971679124,-1.0,1.0,0.0,-48.0,0.0,48.0
0.341,25.0,34.71459882216722,-3.0678258943908374,9.498544719968335,0.08331287348053609,25.216054102198882,8.0,-10.10116693483145,14.4233242024235,-4.322157267592049,-4.21503123375787,32.86097425548673,-32.66439957830503,82.06140129633872,8.014997076102098,-1.0,1.0,0.0,-48.0,0.0,48.0
0.3415,25.0,34.79313863850695,-3.0268790358801154,9.539491578479057,0.1209058313095487,25.253647060027895,8.0,-12.898532896999042,11.665783650957144,1.2327492460418978,-6.64369659723311,32.711410161503956,-32.47093223912814,81.60992512277834,5.235510939386944,-1.0,1.0,0.0,-48.0,48.0,0.0
0.342,25.0,34.87167845484671,-2.9862666963015685,9.580103918057604,0.15883330807076038,25.291574536789106,8.0,-13.86121570431526,10.365498637618497,3.4957170666967623,-9.1170606941881,32.397084196527715,-32.18323553796916,80.80162699687708,4.327660274158954,-1.0,1.0,0.0,-48.0,48.0,0.0
0.3425,25.0,34.95021827118645,-2.9461117178048895,9.620258896554283,0.19721814591382172,25.329959374632168,8.0,-14.48169055511338,9.06887357903316,5.4128169760802205,-11.610805695977827,31.98254478729789,-31.864386980464005,79.78719861622896,3.580946076205627,-1.0,1.0,0.0,-48.0,48.0,0.0
0.343,25.0,35.02875808752619,-2.9065078073696826,9.65986280698949,0.2361540518183557,25.3688952805367,8.0,-14.786633216692838,7.787665283479705,6.998967933213132,-14.070284391338665,31.489394148821866,-31.51779137286145,78.6026087949721,2.9603214013222106,-1.0,1.0,0.0,-48.0,48.0,0.0
0.3435,25.0,35.10729790386594,-2.8675329147045834,9.69883769965459,0.2757189754930057,25.40846020421135,8.0,-14.806829931637854,6.534562243395125,8.272267688242728,-16.422702253187555,30.935811604538753,-31.12919172141787,77.27490395037702,2.4304286297539055,-1.0,1.0,0.0,-48.0,48.0,0.0
0.344,25.0,35.185837720205676,-2.8292535873869498,9.737117026972223,0.31597946451510855,25.448720693233454,8.0,-14.57768824528532,5.325276968559829,9.25241127672549,-18.58798411622691,30.334874417060018,-30.669935180234706,75.82288744421707,1.9616846116996114,-1.0,1.0,0.0,-48.0,48.0,0.0
0.3445,25.0,35.26437753654542,-2.791728613649212,9.77464200070996,0.3569943071171115,25.489735535835457,8.0,-14.138725336921517,4.179659049042138,9.959066287879379,-20.490576974620364,29.6946125813625,-30.103238928616214,74.259252537369,1.5354833257358544,-1.0,1.0,0.0,-48.0,48.0,0.0
0.345,25.0,35.342917352885166,-2.755011320353437,9.811359294005735,0.3988168301610874,25.531558058879433,8.0,-13.53217195107457,3.1215913281466836,10.410580622927887,-22.06995426883077,29.019454247407936,-29.39211409955501,72.59372077059768,1.146825351407455,-1.0,1.0,0.0,-48.0,48.0,0.0
0.3455,25.0,35.421457169224915,-2.719150205138926,9.847220409220247,0.4414955312863204,25.574236760004666,8.0,-12.800983880279649,2.177707012289278,10.623276867990372,-23.288183372890725,28.312368496967224,-28.50725412922576,70.83642846382085,0.8036437076423519,-1.0,1.0,0.0,-48.0,48.0,0.0
0.346,25.0,35.49999698556465,-2.68418798325822,9.882182631100953,0.48507312574535083,25.617814354463697,8.0,-11.98662759728548,1.3752190434934424,10.611408553792037,-24.133575082318806,27.576957058329974,-27.43322268331433,69.00075770475726,0.523173961737637,-1.0,1.0,0.0,-48.0,48.0,0.0
0.3465,25.0,35.5785368019044,-2.650159490190558,9.916211124168615,0.5295844490174372,25.662325677735783,8.0,-11.127006140233679,0.7393288694161755,10.387677270817504,-24.620183766479574,26.81892056505039,-26.171711750604324,67.10500837725186,0.32655748659304784,-1.0,1.0,0.0,-48.0,48.0,0.0
0.347,25.0,35.65707661824415,-2.617109632352342,9.94926098200683,0.5750744075189712,25.707815636237317,8.0,-11.920457148948191,-1.885444416220301,13.805901565168492,-24.720653977326997,25.980844428475148,-24.6794009363078,65.00807064859268,-1.4617465291858256,-1.0,0.0,1.0,-48.0,0.0,48.0
0.3475,25.0,35.73561643458389,-2.585236902770595,9.981133711588578,0.621741494276967,25.754482722995313,8.0,-13.696363532920586,-4.671034903106526,18.367398436027113,-24.349682433370905,24.941751962791034,-22.880137430030636,62.408043681400166,-3.256796398397766,-1.0,0.0,1.0,-48.0,0.0,48.0
0.348,25.0,35.81415625092364,-2.554766124320166,10.011604490039007,0.6698105321662869,25.802551760884633,8.0,-15.375424613500755,-7.004520385633,22.379944999133755,-23.592239516526064,23.74816737360427,-20.8795734215206,59.42082641370316,-4.558797705586467,-1.0,0.0,1.0,-48.0,0.0,48.0
0.3485,25.0,35.89269606726338,-2.5258601409779193,10.040510473381254,0.7194443651637802,25.852185593882126,8.0,-17.001293050783413,-8.873766241036435,25.87505929181985,-22.548517725650726,22.449493677298396,-18.78810544797787,56.169051457851886,-5.376643116029925,-1.0,0.0,1.0,-48.0,0.0,48.0
0.349,25.0,35.97123588360312,-2.4986215008383423,10.06774911352083,0.7707455413639464,25.903486770082292,8.0,-18.606589360493665,-10.284653285414713,28.891242645908378,-21.31734110885615,21.093025526901638,-16.705331344204303,52.770380182126964,-5.740516219794717,-1.0,0.0,1.0,-48.0,0.0,48.0
0.3495,25.0,36.04977569994287,-2.4730961707947303,10.093274443564443,0.8237600276600813,25.956501256378427,8.0,-20.213669685444074,-11.258260520563871,31.471930206007944,-19.986674129434437,19.72193234225089,-14.71119296410607,49.33281624054038,-5.69641636022237,-1.0,0.0,1.0,-48.0,0.0,48.0
0.35,25.0,36.12831551628261,-2.4492792159658734,10.117091398393299,0.8784828891709671,26.011224117889313,8.0,-21.835866838474402,-11.827305959506345,33.66317279798075,-18.62911603787781,18.374034882945594,-12.862341667484934,45.951582692426214,-5.2994837396319445,-1.0,0.0,1.0,-48.0,0.0,48.0
