time_s,command_frequency_Hz,command_electrical_angle_rad,mechanical_angle_raw_rad,rotor_angle_unwrapped_rad,phase_error_rad,ia_A,ib_A,ic_A,ea_V,eb_V,ec_V,speed_rad_s,torque_Nm,cmd_a,cmd_b,cmd_c,vab_V,vbc_V,vca_V
0.0,0.0,0.0,0.0,0.0,0.0,0.0,0.0,0.0,0.0,0.0,0.0,0.0,0.0,1.0,-1.0,0.0,48.0,-24.0,-24.0
0.0005,166.666667,0.5235987766454964,3.4545147456032745e-05,3.4545147456032745e-05,0.5235642314980403,4.081879176076604,-4.081879176076604,0.0,4.884223201992174e-06,-0.08227243118617866,0.08227216339326268,0.20608149669147297,1.6296759574482158,1.0,-1.0,0.0,48.0,-24.123405936874754,-23.87659406312525
0.001,166.666667,1.0471975532909927,0.0002716339399758159,0.0002716339399758159,1.046925919351017,7.880395113187738,-7.880395090426297,-2.2761441687873666e-08,0.0001501159178831658,-0.3215832012187241,0.32157497065800045,0.8055141465356029,3.1475370809787906,1.0,0.0,-1.0,0.0,48.0,-48.0
0.0015,166.666667,1.5707963299364893,0.0007965803585182217,0.0007965803585182217,1.5699997495779712,10.08285971645416,-4.56573408204907,-5.51712563440509,0.0006271292855579466,-0.45812941644540983,0.45809503273255614,1.1475120545548845,-0.37415511158577486,1.0,0.0,-1.0,0.0,48.0,-48.0
0.002,166.666667,2.0943951065819855,0.0012772509338037806,0.0012772509338037806,2.0931178556481815,12.139863297086329,-1.4762647037301404,-10.663598593356188,0.0005594006300203929,-0.2548684153147471,0.2548377458484619,0.6383741066260071,-3.6568574933284568,0.0,1.0,-1.0,-48.0,48.0,0.0
0.0025,166.666667,2.617993883227482,0.0013034512163163671,0.0013034512163163671,2.6166904320111657,8.61543183974129,4.069959466404648,-12.68539130614594,-0.0005898613870951089,0.2633449139735754,-0.2633125745412357,-0.6596045512989709,-6.681191405041825,0.0,1.0,-1.0,-48.0,48.0,0.0
0.003,166.666667,3.1415926598729786,0.0004974931112977969,0.0004974931112977969,3.141095166761681,5.323835907023065,9.136561355863506,-14.460397262886572,-0.0009141473087373952,1.0692620706830929,-1.0692119500327464,-2.6783008457450572,-9.418561525603725,-1.0,1.0,0.0,-48.0,0.0,48.0
0.0035,166.666667,3.665191436518475,-0.0014134885940497303,-0.0014134885940497303,-2.6165803820670623,-0.4735235304400085,10.99566906558456,-10.522145535144551,0.00478197944038385,1.9684717665961582,-1.9687339386543714,-4.931096318218273,-8.589916322797642,-1.0,1.0,0.0,-48.0,0.0,48.0
0.004,166.666667,4.188790213163971,-0.004397367466932115,-0.004397367466932115,-2.089997726548683,-5.889342897394032,12.586950075576718,-6.697607178182686,0.021018522856415194,2.7806150052666276,-2.781766772695433,-6.9665245704204155,-7.680566906261321,-1.0,0.0,1.0,0.0,-48.0,48.0
0.0045,166.666667,4.712388989809467,-0.00827175419809254,-0.00827175419809254,-1.5625245631720273,-8.227263109506364,8.507996159048526,-0.28073304954216205,0.047424872098475825,3.3342682380735598,-3.3368633540008568,-8.355162155653137,-3.4606787694466172,-1.0,0.0,1.0,0.0,-48.0,48.0
0.005,166.666667,5.235987766454964,-0.012580968071658925,-0.012580968071658925,-1.0346165726529633,-10.414075704226718,4.64131754633205,5.772758157894669,0.07525503326923827,3.4770871327419655,-3.481194511925418,-8.71479870665446,0.5440791315792894,0.0,-1.0,1.0,48.0,-48.0,0.0
0.0055,166.666667,5.75958654310046,-0.016826057102256577,-0.016826057102256577,-0.5067727069768699,-7.013600819348835,-1.68241020724382,8.696011026592656,0.09372016234939813,3.2359823156988496,-3.2410791718777396,-8.112100574899623,4.2265286760166125,0.0,-1.0,1.0,48.0,-48.0,0.0
0.006,166.666667,6.283185319745957,-0.020546162540761075,-0.020546162540761075,0.020546175107131612,-3.838781870333829,-7.516351436762724,11.355133307096553,0.09354329828559169,2.6435839255024756,-2.6486508206544817,-6.628180350831857,7.58956133418612,1.0,-1.0,0.0,48.0,0.0,-48.0
0.0065,166.666667,6.8067840963914525,-0.023391073018863704,-0.023391073018863704,0.54698986223073,1.8503825517752759,-10.123739247806029,8.273356696030753,0.07655393431330804,1.899414413823887,-1.9035461223642147,-4.762959903312607,7.31398939936304,1.0,-1.0,0.0,48.0,0.0,-48.0
0.007,166.666667,7.33038287303695,-0.025322753820760265,-0.025322753820760265,1.0725203196781237,7.166374007235702,-12.436146436090011,5.269772428854309,0.05185447686356335,1.1880239311528908,-1.1908149777320747,-2.97933980050708,6.940515793546835,1.0,0.0,-1.0,0.0,48.0,-48.0
0.0075,166.666667,7.853981649682446,-0.026455663186274955,-0.026455663186274955,1.5972520056891344,9.411346187005918,-9.043259195204259,-0.3680869918016594,0.03099919965556576,0.6796545830189167,-0.6813202730005378,-1.7045315146144682,3.287567979929723,1.0,0.0,-1.0,0.0,48.0,-48.0
0.008,166.666667,8.377580426327942,-0.027175579223482797,-0.027175579223482797,2.1215706983718383,11.509680657986884,-5.819426031266357,-5.690254626720528,0.024646738818765612,0.5259883965836943,-0.5273112681382187,-1.3191884158228562,-0.16924110794871217,0.0,1.0,-1.0,-48.0,48.0,0.0
0.0085,166.666667,8.90117920297344,-0.02791203112481057,-0.02791203112481057,2.645905926918663,8.023608720699242,-0.08809656330240552,-7.935512157396837,0.033714342171233695,0.7004146514825286,-0.7022220858502498,-1.756709851237319,-3.2909808421468782,0.0,1.0,-1.0,-48.0,48.0,0.0
0.009,166.666667,9.424777979618934,-0.0290572246797224,-0.0290572246797224,-3.112535410060517,4.765731185720587,5.209963949322902,-9.97569513504349,0.05882209410743353,1.1735917949391461,-1.1767393043559438,-2.943633780754984,-6.1602410949973745,-1.0,1.0,0.0,-48.0,0.0,48.0
0.0095,166.666667,9.948376756264432,-0.03089929271589022,-0.03089929271589022,-2.5870945653788504,-1.0035049110891245,7.34237821701892,-6.338873305929796,0.09341292505092053,1.7519432407070474,-1.7569256757664744,-4.394623716837079,-5.439969464051892,-1.0,1.0,0.0,-48.0,0.0,48.0
0.01,166.666667,10.471975532909928,-0.03342090321212973,-0.03342090321212973,-2.0609741782371143,-6.395955060664166,9.24380352989544,-2.8478484692312733,0.13018691510907668,2.2561443253925435,-2.2630555410509974,-5.659991718816464,-4.676247915852949,-1.0,0.0,1.0,0.0,-48.0,48.0
0.0105,166.666667,10.995574309555424,-0.036459034620622145,-0.036459034620622145,-1.5343372701831268,-8.713520527812905,5.506048524269228,3.207472003543678,0.15884057602996896,2.5215141903963603,-2.529894535726177,-6.326540435367457,-0.6931043935633212,-1.0,0.0,1.0,0.0,-48.0,48.0
0.011,166.666667,11.51917308620092,-0.03958632917450188,-0.03958632917450188,-1.0076111989837497,-10.880097973810997,2.004370761316693,8.875727212494304,0.1644009136452485,2.4017137672668873,-2.4103274025340893,-6.026740502597296,3.0477804221136404,0.0,-1.0,1.0,48.0,-48.0,0.0
0.0115,166.666667,12.042771862846417,-0.042338927172279245,-0.042338927172279245,-0.4812598243404769,-7.456932771764659,-3.9381846346348515,11.39511740639951,0.14147957312796686,1.931065127510526,-1.9384289855225176,-4.846259528369333,6.344794448797831,0.0,-1.0,1.0,48.0,-48.0,0.0
0.012,166.666667,12.566370639491915,-0.04430174014419423,-0.04430174014419423,0.04430176527693548,-4.255331274400794,-9.382973428190853,13.638304702591647,0.08804230875834479,1.1478264315744329,-1.1523860945107616,-2.880844850679788,9.324093514857907,1.0,-1.0,0.0,48.0,0.0,-48.0
0.0125,166.666667,13.08996941613741,-0.04517339019155081,-0.04517339019155081,0.5687721919697881,1.465115029450006,-11.600730816860205,10.135615787410199,0.019781910228859046,0.252861721390294,-0.2538838665648995,-0.6346606944002888,8.63085955094341,1.0,-1.0,0.0,48.0,0.0,-48.0
0.013,166.666667,13.613568192782905,-0.04496694007944439,-0.04496694007944439,1.0921645185031763,6.815600040856293,-13.529508776956167,6.7139087360998735,-0.04432023559316416,-0.5691568989327669,0.57144821180262,1.4285222436715337,7.86476756051834,1.0,0.0,-1.0,0.0,48.0,-48.0
0.0135,166.666667,14.137166969428403,-0.043845117053794326,-0.043845117053794326,1.6146414721230236,9.09644531515159,-9.764341972773844,0.6678966576222549,-0.0874872074236948,-1.1526165892768085,1.1571528706814211,2.8928151306648013,3.8825773409139295,1.0,0.0,-1.0,0.0,48.0,-48.0
0.014,166.666667,14.6607657460739,-0.04223569595686793,-0.04223569595686793,2.1366308276715933,11.2297886004866,-6.183456082573648,-5.046332517912953,-0.0986644143070663,-1.350007496150389,1.3551441878637907,3.388005663414299,0.11842464467719926,0.0,1.0,-1.0,-48.0,48.0,0.0
0.0145,166.666667,15.184364522719397,-0.04060545966322603,-0.04060545966322603,2.65859936802345,7.77628105463052,-0.1135342792041161,-7.662746775426403,-0.08376852411157228,-1.1927306575703531,1.1971091414951633,2.9931033361697947,-3.2371538490735086,0.0,1.0,-1.0,-48.0,48.0,0.0
0.015,166.666667,15.707963299364891,-0.03937718626509957,-0.03937718626509957,-3.102215435908769,4.54783557597031,5.5021509372410735,-10.049986513211383,-0.048592250891351184,-0.7136876485381202,0.7162348257534759,1.7908767414790872,-6.335420416128503,-1.0,1.0,0.0,-48.0,0.0,48.0
0.0155,166.666667,16.231562076010388,-0.038867227403515246,-0.038867227403515246,-2.5791266181248576,-1.1949680854651863,7.928811203692437,-6.7338431182272505,-0.007241004471255863,-0.1077601596215061,0.1081401721386295,0.2703999604136704,-5.820844585999683,-1.0,1.0,0.0,-48.0,0.0,48.0
0.016,166.666667,16.755160852655884,-0.039084409811510165,-0.039084409811510165,-2.055310659071364,-6.563136476841702,10.098768724353151,-3.5356322475114497,0.030049149620533275,0.44467973514596243,-0.44625595289898423,-1.115834084858584,-5.261802044818156,-1.0,0.0,1.0,0.0,-48.0,48.0
0.0165,166.666667,17.278759629301383,-0.03989144178629104,-0.03989144178629104,-1.530904850451084,-8.857752417236885,6.6016959907999215,2.2560564264369636,0.053741514360549344,0.7790365499297551,-0.7818502893121159,-1.9548998254047412,-1.4850045164383299,-1.0,0.0,1.0,0.0,-48.0,48.0
0.017,166.666667,17.80235840594688,-0.040886444050433235,-0.040886444050433235,-1.0063110715414474,-11.00217633669998,3.3110044085708386,7.691171928129141,0.052901345790521026,0.7479987497374335,-0.7507619872244969,-1.8770902795962408,2.0668384146829317,0.0,-1.0,1.0,48.0,-48.0,0.0
0.0175,166.666667,18.325957182592376,-0.041629186834956346,-0.041629186834956346,-0.48196955211142695,-7.55777130605369,-2.451423869204873,10.009195175258563,0.02765004029391583,0.383905846395771,-0.3853475197476789,-0.9634342278849224,5.197144783796155,0.0,-1.0,1.0,48.0,-48.0,0.0
0.018,166.666667,18.84955595923787,-0.04172523216495958,-0.04172523216495958,0.04172526986406948,-4.336505895301598,-7.747348799505331,12.083854694806929,-0.020076840729506842,-0.27810718669585843,0.27915374756145656,0.6979289928495336,8.045102148978176,1.0,-1.0,0.0,48.0,0.0,-48.0
0.0185,166.666667,19.373154735883364,-0.04088949524896486,-0.04088949524896486,0.5644883095935704,1.4010936995084204,-9.847132781497574,8.446039081989154,-0.07362970875803355,-1.0410089712715762,1.0448549014753807,2.6123948251254063,7.262561001958081,1.0,-1.0,0.0,48.0,0.0,-48.0
0.019,166.666667,19.896753512528864,-0.03914631223112621,-0.03914631223112621,1.0863439032212299,6.765491360241652,-11.68786838531076,4.922377025069107,-0.11668997205335772,-1.724068261417405,1.7301883264833793,4.32621251123903,6.443940773571629,1.0,0.0,-1.0,0.0,48.0,-48.0
0.0195,166.666667,20.42035228917436,-0.036665286162539876,-0.036665286162539876,1.6074616537981392,9.056716483576635,-7.863292786339638,-1.1934236972369958,-0.13712160357578404,-2.164382307402751,2.1716135879120007,5.430534836953601,2.428056457817094,1.0,0.0,-1.0,0.0,48.0,-48.0
0.02,166.666667,20.943951065819856,-0.033878214215404746,-0.033878214215404746,2.128273358496503,11.197312562893032,-4.250371376088843,-6.946941186804189,-0.12966058814327608,-2.21645773184517,2.2233348435659526,5.560538658944175,-1.344556433859606,0.0,1.0,-1.0,-48.0,48.0,0.0
0.0205,166.666667,21.467549842465353,-0.03125369106130346,-0.03125369106130346,2.649247611987895,7.748803644047791,1.825441696955841,-9.574245341003632,-0.10313752817390613,-1.912245238756567,1.9177428441564788,4.796803577341801,-4.722066428920564,0.0,1.0,-1.0,-48.0,48.0,0.0
0.021,166.666667,21.99114861911085,-0.02921656940348956,-0.02921656940348956,-3.1123760402040093,4.524157896991321,7.421865386310268,-11.946023283301589,-0.06474655975397908,-1.2847063372303593,1.2881699258667865,3.222356728655914,-7.82543684828123,-1.0,1.0,0.0,-48.0,0.0,48.0
0.0215,166.666667,22.514747395756345,-0.028084266196448188,-0.028084266196448188,-2.589909566765553,-1.2150844071823794,9.8051877227574,-8.590103315575021,-0.02564320233361878,-0.5294514142483749,0.5308257686467811,1.3279270846075706,-7.3197242223557435,-1.0,1.0,0.0,-48.0,0.0,48.0
0.022,166.666667,23.03834617240184,-0.027866287162924185,-0.027866287162924185,-2.066528769153579,-6.579587267126943,11.909065424834004,-5.329478157707062,0.008284436503876133,0.17239307678064072,-0.1728372403409625,-0.4323781688608021,-6.752571625345697,-1.0,0.0,1.0,0.0,-48.0,48.0
0.0225,166.666667,23.561944949047337,-0.028423852488406984,-0.028423852488406984,-1.5423724271826034,-8.870517748164632,8.32491643934737,0.5456013088172631,0.032024574971682554,0.6532621864603632,-0.6549775979947297,-1.6384837472101847,-2.927659140995363,-1.0,0.0,1.0,0.0,-48.0,48.0
0.023,166.666667,24.085543725692833,-0.029349543945539174,-0.029349543945539174,-1.0178479590799734,-11.011938767535334,4.928644235949148,6.083294531586186,0.03862472856863237,0.7629015075934066,-0.764967253756791,-1.913554148305993,0.6891804659418495,0.0,-1.0,1.0,48.0,-48.0,0.0
0.0235,166.666667,24.60914250233833,-0.03019407677511056,-0.03019407677511056,-0.49340464960490593,-7.566009055653866,-0.9549929698136036,8.52100202546747,0.027599840698951123,0.5298001407426977,-0.5312740965189088,-1.3289247622773845,3.944364538750553,0.0,-1.0,1.0,48.0,-48.0,0.0
0.024,166.666667,25.13274127898383,-0.030548417370518364,-0.030548417370518364,0.030548467636001404,-4.345294501578472,-6.384389413711979,10.729683915290451,-0.000752576883671147,-0.014277644412353059,0.014317810304809919,0.03581389819788799,6.9260762286393325,1.0,-1.0,0.0,48.0,0.0,-48.0
0.0245,166.666667,25.656340055629325,-0.03011034611211163,-0.03011034611211163,0.5537091730230895,1.3894609243049905,-8.626590786046513,7.237129861741523,-0.03501179192336399,-0.673959128709401,0.6758291900797893,1.6905199391797308,6.303614325461748,1.0,-1.0,0.0,48.0,0.0,-48.0
0.025,166.666667,26.17993883227482,-0.028884709637627543,-0.028884709637627543,1.0760823131941022,6.749215723033599,-10.615620834627103,3.866405111593504,-0.06325619047888893,-1.2696417249027037,1.2730274794282612,3.1845246091972776,5.643902193056256,1.0,0.0,-1.0,0.0,48.0,-48.0
0.0255,166.666667,26.703537608920314,-0.02702168811549958,-0.02702168811549958,1.5978180683174683,9.034767340021983,-6.942515311482366,-2.092252028539616,-0.07627487484060132,-1.6371092303492931,1.6412041427055095,4.105871558500777,1.7639902637422837,1.0,0.0,-1.0,0.0,48.0,-48.0
0.026,166.666667,27.22713638556581,-0.02493565852352852,-0.02493565852352852,2.1193308153709927,11.169729879462556,-3.482165003052947,-7.687564876409609,-0.07003459188452404,-1.6295694538161605,1.6333411593717608,4.086581869516387,-1.8754680865682238,0.0,1.0,-1.0,-48.0,48.0,0.0
0.0265,166.666667,27.75073516221131,-0.023079289664237754,-0.023079289664237754,2.6410732231572025,7.716483611679362,2.4417813239577537,-10.158264935637115,-0.050779940969245846,-1.2770147542745425,1.2797565564885371,3.2021893255537224,-5.155891121700489,0.0,1.0,-1.0,-48.0,48.0,0.0
0.027,166.666667,28.274333938856806,-0.02186452414281948,-0.02186452414281948,-3.119728072898306,4.488479854652262,7.888477482007378,-12.37695733665964,-0.02300747985569148,-0.6108657297585599,0.612109951035756,1.5316974604474363,-8.159658310873244,-1.0,1.0,0.0,-48.0,0.0,48.0
0.0275,166.666667,28.797932715502302,-0.021596624510519007,-0.021596624510519007,-2.5963971958851118,-1.2526656417959074,10.125638149671076,-8.872972507875168,0.0064589421805804495,0.17362480568294855,-0.1739742161550551,-0.4353451664229443,-7.565581869866559,-1.0,1.0,0.0,-48.0,0.0,48.0
0.028,166.666667,29.3215314921478,-0.022273737074412946,-0.022273737074412946,-2.07212130667572,-6.618037766171896,12.088389923660285,-5.4703521574883895,0.034364189684154965,0.8955701932944959,-0.8974276052390137,-2.2456129883588396,-6.9058307519233315,-1.0,0.0,1.0,0.0,-48.0,48.0
0.0285,166.666667,29.845130268793294,-0.02374531333851814,-0.02374531333851814,-1.5470509537661186,-8.909336066448304,8.3696504154924,0.5396856509559053,0.056733110121815165,1.3865442321316201,-1.3896047099307922,-3.4769452527173255,-2.976603221994981,-1.0,0.0,1.0,0.0,-48.0,48.0
0.029,166.666667,30.368729045438794,-0.02559116530704747,-0.02559116530704747,-1.02160632515209,-11.051203275923543,4.846900261145969,6.204303014777574,0.06598853986464026,1.4959133899811752,-1.4994637931035775,-3.7515134357481683,0.7415240667854817,0.0,-1.0,1.0,48.0,-48.0,0.0
0.0295,166.666667,30.892327822084287,-0.027349091568239992,-0.027349091568239992,-0.4962496222454055,-7.606108108882704,-1.1537251303239675,8.759833239206671,0.05904240767388945,1.2519927265845359,-1.2551608586742604,-3.140044547505793,4.104571773678611,0.0,-1.0,1.0,48.0,-48.0,0.0
0.03,166.666667,31.415926598729783,-0.028596937104569363,-0.028596937104569363,0.028596999936420727,-4.386615280046055,-6.6894517908621545,11.07606707090821,0.03388523905990546,0.6870095996543352,-0.6888241593553995,-1.7231406690250264,7.18097014114292,1.0,-1.0,0.0,48.0,0.0,-48.0
0.0305,166.666667,31.93952537537528,-0.02902058635432801,-0.02902058635432801,0.5526194258316743,1.3467839368069559,-9.026527655688929,7.679743718881973,-0.00012109739535408771,-0.002419149005909679,0.0024256292021258667,0.006067763348154175,6.641925812720877,1.0,-1.0,0.0,48.0,0.0,-48.0
0.031,166.666667,32.463124152020775,-0.028614553551257523,-0.028614553551257523,1.0758121696741,6.705440508873905,-11.098521856518346,4.393081347644441,-0.03135230835341606,-0.6352618233016588,0.6369406951267765,1.593349397650823,6.049124249567008,1.0,0.0,-1.0,0.0,48.0,-48.0
0.0315,166.666667,32.986722928666275,-0.027520640549551344,-0.027520640549551344,1.5983170333178962,8.990462082577249,-7.496283455064706,-1.4941786275125433,-0.04962711475912415,-1.0457464117063595,1.0484086065753078,2.622790997181953,2.221500342258805,1.0,0.0,-1.0,0.0,48.0,-48.0
0.032,166.666667,33.51032170531177,-0.0261466543843908,-0.0261466543843908,2.120541823798226,11.125579626915677,-4.094687612981894,-7.030892013933782,-0.04894386635128062,-1.0858362816938592,1.0884674357585133,2.7231725602766113,-1.3775349995016837,0.0,1.0,-1.0,-48.0,48.0,0.0
0.0325,166.666667,34.03392048195727,-0.024940078417363648,-0.024940078417363648,2.6429340244767006,7.673050748681151,1.7825595795987306,-9.455610328279882,-0.03373199919148855,-0.7847386204698618,0.7865552421464853,1.9679426647515863,-4.621593261509712,0.0,1.0,-1.0,-48.0,48.0,0.0
0.033,166.666667,34.55751925860277,-0.024308388269126215,-0.024308388269126215,-3.1172841962056252,4.446035974568264,7.194549127794086,-11.64058510236235,-0.0072647223378436215,-0.17341788087918839,0.1738094712879901,0.4348795543355717,-7.5956815851087915,-1.0,1.0,0.0,-48.0,0.0,48.0
0.0335,166.666667,35.08111803524826,-0.024553030923636567,-0.024553030923636567,-2.593440776905625,-1.294196925762133,9.408887096309792,-8.114690170547659,0.023412764591122893,0.5532981932637664,-0.5545597757549382,-1.387519624895313,-6.973379036050234,-1.0,1.0,0.0,-48.0,0.0,48.0
0.034,166.666667,35.60471681189376,-0.025668725898278403,-0.025668725898278403,-2.0687263052854816,-6.6589371727913935,11.360485133217802,-4.701547960426408,0.053756702504355325,1.2149263469145046,-1.2178183038230204,-3.046853062357837,-6.291678977508097,-1.0,0.0,1.0,0.0,-48.0,48.0
0.0345,166.666667,36.12831558853925,-0.027502335857086557,-0.027502335857086557,-1.543293918681181,-8.949922665561845,7.64186975892958,1.308052906632265,0.07797107485072464,1.6441120484136118,-1.6482948475202444,-4.123522431652026,-2.354830935846987,-1.0,0.0,1.0,0.0,-48.0,48.0
0.035,166.666667,36.65191436518475,-0.029632586029181483,-0.029632586029181483,-1.0175648918635873,-11.091567157505988,4.129819443646526,6.961747713859462,0.08646507193960497,1.6914137994000153,-1.6960359267588268,-4.24255554313702,1.3626630772745432,0.0,-1.0,1.0,48.0,-48.0,0.0
0.0355,166.666667,37.175513141830244,-0.03159769206539159,-0.03159769206539159,-0.49200100918188533,-7.6459919307587745,-1.8504576706827232,9.496449601441498,0.07562592078213681,1.3867902933929126,-1.3908188988457895,-3.478769185453553,4.7005916811302075,0.0,-1.0,1.0,48.0,-48.0,0.0
0.036,166.666667,37.69911191847574,-0.03297829363494694,-0.03297829363494694,0.03297836903316517,-4.425413964059056,-7.3573881790807265,11.782802143139783,0.043501416277138716,0.7640763811700998,-0.7663877105432974,-1.9168028654420055,7.744308679665603,1.0,-1.0,0.0,48.0,0.0,-48.0
0.0365,166.666667,38.222710695121236,-0.033464526351269966,-0.033464526351269966,0.5570633783949844,1.3099185326110856,-9.658498165520628,8.348579632909543,0.0012109908652023456,0.020958952109133386,-0.021023234363971764,-0.052579844125024464,7.157873014118826,1.0,-1.0,0.0,48.0,0.0,-48.0
0.037,166.666667,38.74630947176673,-0.033056626096703456,-0.033056626096703456,1.0802542547859117,6.671314514979192,-11.688615290478698,5.017300775499505,-0.03770240893731465,-0.6606393030220723,0.6626422165241119,1.6573206536627658,6.513591267802747,1.0,0.0,-1.0,0.0,48.0,-48.0
0.0375,166.666667,39.26990824841223,-0.03190263194216405,-0.03190263194216405,1.6026990372768763,8.959682056532198,-8.039753386626348,-0.9199286699058496,-0.061400344853467494,-1.1150916513954872,1.1183606181249286,2.7972489153026747,2.6404951938112284,1.0,0.0,-1.0,0.0,48.0,-48.0
0.038,166.666667,39.79350702505773,-0.030416211660891628,-0.030416211660891628,2.1248113936411017,11.098350131968456,-4.587716185838999,-6.510633946129456,-0.06269253400780768,-1.1945859250358135,1.197932680526145,2.996469939062571,-1.006071726309802,0.0,1.0,-1.0,-48.0,48.0,0.0
0.0385,166.666667,40.31710580170322,-0.02905043721714899,-0.02905043721714899,2.6470443958428533,7.649189407670217,1.3429660626730526,-8.99215547034327,-0.04655048686788403,-0.9289725426807787,0.9314634395747242,2.3300726495759236,-4.282920600977824,0.0,1.0,-1.0,-48.0,48.0,0.0
0.039,166.666667,40.84070457834872,-0.028217245214091684,-0.028217245214091684,-3.1133753266942907,4.425079316361852,6.810727535819759,-11.23580685218161,-0.017021225276142804,-0.3497691364545775,0.35068119574278617,0.8772677178065529,-7.292743837415983,-1.0,1.0,0.0,-48.0,0.0,48.0
0.0395,166.666667,41.36430335499421,-0.028222389983474604,-0.028222389983474604,-2.589771405279416,-1.3128381719386253,9.0825132176288,-7.7696750456901755,0.0169457033227971,0.34815339586681787,-0.3490614007725434,-0.8732154226537007,-6.701616069448493,-1.0,1.0,0.0,-48.0,0.0,48.0
0.04,166.666667,41.88790213163971,-0.02906465407850608,-0.02906465407850608,-2.065330364538889,-6.675727270312643,11.092528821792381,-4.416801551479739,0.04934789557758166,0.9843136922548295,-0.9869542140430811,-2.468882274841134,-6.054673390033795,-1.0,0.0,1.0,0.0,-48.0,48.0
0.0405,166.666667,42.41150090828521,-0.03059537293124024,-0.03059537293124024,-1.540200869040655,-8.965112487232151,7.432537296128582,1.5325751911035688,0.07348755157423202,1.3920282715280028,-1.3959500596436183,-3.491756714490366,-2.161685382710099,-1.0,0.0,1.0,0.0,-48.0,48.0
0.041,166.666667,42.935099684930705,-0.03239859866105892,-0.03239859866105892,-1.0147988666653394,-11.105105117706,3.978436200034536,7.126668917671464,0.07954519880049934,1.422348618662587,-1.4265796969677247,-3.5680908227001353,1.5110029462795902,0.0,-1.0,1.0,48.0,-48.0,0.0
0.0415,166.666667,43.458698461576205,-0.03401835347905774,-0.03401835347905774,-0.489580335201845,-7.657615232189643,-1.9454185670812654,9.603033799270909,0.06495571030974794,1.1057626356687738,-1.109206889327979,-2.774098767202548,4.79446817278009,0.0,-1.0,1.0,48.0,-48.0,0.0
0.042,166.666667,43.9822972382217,-0.035041830596090194,-0.035041830596090194,0.03504191856068501,-4.434788403107046,-7.398287741498454,11.8330761446055,0.028830705296435645,0.47634538446899466,-0.4778709784144566,-1.195090712513607,7.787427241769142,1.0,-1.0,0.0,48.0,0.0,-48.0
0.0425,166.666667,44.5058960148672,-0.03516558253852669,-0.03516558253852669,0.558764447148617,1.3030578200288403,-9.648389765819097,8.345331945790257,-0.01630677324642391,-0.2684670052348464,0.2693296694065307,0.6735535120514334,7.151133570289284,1.0,-1.0,0.0,48.0,0.0,-48.0
0.043,166.666667,45.02949479151269,-0.034395979851884355,-0.034395979851884355,1.081593621107471,6.667024395567377,-11.631088473598043,4.964064078030666,-0.056259981915364576,-0.9471342077578893,0.9501151301374117,2.376175531060798,6.463136784988169,1.0,0.0,-1.0,0.0,48.0,-48.0
0.0435,166.666667,45.55309356815818,-0.03288647789557408,-0.03288647789557408,1.6036828957966502,8.957807807039575,-7.938792271788425,-1.0190155352511514,-0.07918527578246476,-1.3947541676129334,1.3989622018859051,3.4989410843152244,2.5544222360296813,1.0,0.0,-1.0,0.0,48.0,-48.0
0.044,166.666667,46.07669234480368,-0.031055260252707412,-0.031055260252707412,2.1254504547992834,11.098559054430726,-4.44756066863003,-6.650998385800697,-0.07846327827176998,-1.4641251629087053,1.4683090432417867,3.672677640215491,-1.1230947334694068,0.0,1.0,-1.0,-48.0,48.0,0.0
0.0445,166.666667,46.600291121449175,-0.0293592291261058,-0.0293592291261058,2.647353200318177,7.651085700151285,1.5178786615100675,-9.168964361661352,-0.06004641023228872,-1.1856210875095807,1.1888324653101807,2.973845366565354,-4.425049074308246,0.0,1.0,-1.0,-48.0,48.0,0.0
0.045,166.666667,47.123889898094674,-0.028213524138425167,-0.028213524138425167,-3.113379035203595,4.42831088650295,7.015809150281597,-11.444120036784547,-0.028762207211558546,-0.5911129553883332,0.5926541486602418,1.4825900121296913,-7.457833118854984,-1.0,1.0,0.0,-48.0,0.0,48.0
0.0455,166.666667,47.647488674740174,-0.02792677256316079,-0.02792677256316079,-2.590067010133355,-1.308507765920023,9.313042587554905,-8.004534821634882,0.0059877464994412925,0.1243292591111635,-0.12465025605184053,-0.31183039359262976,-6.8877698627577315,-1.0,1.0,0.0,-48.0,0.0,48.0
0.046,166.666667,48.17108745138567,-0.028500390902804613,-0.028500390902804613,-2.0658946151482187,-6.670410244127481,11.34368420763579,-4.67327396350831,0.03834348390027476,0.7800475485417828,-0.7821011760635579,-1.9564878615170622,-6.260104953181048,-1.0,0.0,1.0,0.0,-48.0,48.0
0.0465,166.666667,48.694686228031166,-0.029788091183975785,-0.029788091183975785,-1.5410081382215515,-8.958842737326618,7.699457435488591,1.2593853018380268,0.0621340926235974,1.2090710418975734,-1.2123916279192353,-3.032720882366286,-2.3825711442393294,-1.0,0.0,1.0,0.0,-48.0,48.0
0.047,166.666667,49.21828500467666,-0.031375873807235104,-0.031375873807235104,-1.0158215789527978,-11.097928029836103,4.256323215090955,6.841604814745148,0.06833763124255285,1.2620619990780018,-1.2657038337729798,-3.1658573206454013,1.2780448899248849,0.0,-1.0,1.0,48.0,-48.0,0.0
0.0475,166.666667,49.74188378132216,-0.032809177309636804,-0.032809177309636804,-0.4907894988048957,-7.64966273351977,-1.6611928956918134,9.310855629211584,0.054879374630023306,0.9689291147237808,-0.9718459246862767,-2.4306897256729365,4.557596903602678,0.0,-1.0,1.0,48.0,-48.0,0.0
0.048,166.666667,50.26548255796766,-0.033675766637909284,-0.033675766637909284,0.033675867168879305,-4.426314198515483,-7.112057789630192,11.538371988145675,0.021113316983217983,0.3631041917745694,-0.3642244740004694,-0.9109298143427155,7.550998474526317,1.0,-1.0,0.0,48.0,0.0,-48.0
0.0485,166.666667,50.78908133461315,-0.03367208548354781,-0.03367208548354781,0.5572709626600039,1.3116868051869783,-9.364123651553326,8.052436846366348,-0.02084436609348295,-0.3585183022894689,0.3596243218392189,0.8994249213834029,6.921890227889311,1.0,-1.0,0.0,48.0,0.0,-48.0
0.049,166.666667,51.31268011125865,-0.03280366878648737,-0.03280366878648737,1.080001322608444,6.675416576343026,-11.352353633993172,4.676937057650146,-0.05747322932341329,-1.0148968750987992,1.0179515791872418,2.546005466553856,6.244568659763591,1.0,0.0,-1.0,0.0,48.0,-48.0
0.0495,166.666667,51.83627888790414,-0.03122271166218749,-0.03122271166218749,1.6020191421296397,8.96561502142783,-7.668758175422047,-1.2968568460057834,-0.07765745499901591,-1.4412643746721494,1.4454040322137094,3.6153588862560833,2.3460959931171406,1.0,0.0,-1.0,0.0,48.0,-48.0
0.05,166.666667,52.35987766454964,-0.02934605683489735,-0.02934605683489735,2.1237412639478475,11.10557325981638,-4.189063655113659,-6.91650960470272,-0.07545244860567217,-1.4904873310823765,1.4945227388978517,3.7385268622831864,-1.3189893902756091,0.0,1.0,-1.0,-48.0,48.0,0.0
0.0505,166.666667,52.88347644119514,-0.027629197825240367,-0.027629197825240367,2.6456231815836926,7.657262745181059,1.7623057604725147,-9.419568505653574,-0.05683017313840694,-1.1927988835643593,1.195846950336451,2.9916212575804897,-4.613418943713112,0.0,1.0,-1.0,-48.0,48.0,0.0
0.051,166.666667,53.40707521784063,-0.026486191472897942,-0.026486191472897942,-3.115106355302752,4.433750633793264,7.243877089200132,-11.677627722993396,-0.026481081376936208,-0.5799226403895442,0.5813454902998691,1.4544119662040156,-7.636787452125312,-1.0,1.0,0.0,-48.0,0.0,48.0
0.0515,166.666667,53.93067399448613,-0.026224559361889055,-0.026224559361889055,-2.591769210768265,-1.3036113446979307,9.522713387058136,-8.219102042360205,0.0069187113444159724,0.15303569307079015,-0.15340758943888314,-0.38380007436068897,-7.058801040325779,-1.0,1.0,0.0,-48.0,0.0,48.0
0.052,166.666667,54.45427277113162,-0.026844654416433026,-0.026844654416433026,-2.0675503390682217,-6.665879132769458,11.53320036845346,-4.8673212356840025,0.03820163749154116,0.8253683638174943,-0.8274198330231702,-2.070008407914805,-6.421137852761854,-1.0,0.0,1.0,0.0,-48.0,48.0
0.0525,166.666667,54.97787154777712,-0.028198873164725278,-0.028198873164725278,-1.5425973436744322,-8.95456810539946,7.867385517381598,1.0871825880178632,0.061749823022196254,1.2697284581331634,-1.2730373381019648,-3.184646008619872,-2.528531032051543,-1.0,0.0,1.0,0.0,-48.0,48.0
0.053,166.666667,55.50147032442262,-0.029871405183453166,-0.029871405183453166,-1.017326035010202,-11.093935408769998,4.401634255927189,6.692301152842809,0.06887352905607545,1.3364527120339962,-1.340132937942724,-3.3522453785593407,1.1485065127356016,0.0,-1.0,1.0,48.0,-48.0,0.0
0.0535,166.666667,56.02506910106811,-0.031405519807420595,-0.031405519807420595,-0.4921931437407445,-7.646094530067124,-1.5391055204203141,9.185200050487438,0.05718310013177608,1.0550559555280465,-1.0581031805292211,-2.6465901953695843,4.450994809269405,0.0,-1.0,1.0,48.0,-48.0,0.0
0.054,166.666667,56.54866787771361,-0.03238625011205943,-0.03238625011205943,0.03238636320939527,-4.4233786549833445,-7.013351473397594,11.436730128380939,0.02564229486312986,0.4586862641132557,-0.4600502318024854,-1.1506555826754066,7.4668945616684335,1.0,-1.0,0.0,48.0,0.0,-48.0
0.0545,166.666667,57.072266654359105,-0.03250718083363592,-0.03250718083363592,0.5561060705764596,1.3137784165994804,-9.288548700737435,7.974770284137954,-0.014353999088182606,-0.25580047354524554,0.2565638188064119,0.6417017454782751,6.861746490845671,1.0,-1.0,0.0,48.0,0.0,-48.0
0.055,166.666667,57.595865431004604,-0.03177091225962506,-0.03177091225962506,1.0789685786479501,6.676534850964777,-11.299311852833405,4.622777001868628,-0.049752708912422824,-0.9073314367103014,0.9099809266456307,2.276061721432405,6.206634876857155,1.0,0.0,-1.0,0.0,48.0,-48.0
0.0555,166.666667,58.119464207650104,-0.030326904998685893,-0.030326904998685893,1.6011233480325138,8.965732510494119,-7.637366462173787,-1.3283660483203314,-0.06963768884086018,-1.3308564930457936,1.3345745915844696,3.338274681731942,2.326675609185204,1.0,0.0,-1.0,0.0,48.0,-48.0
0.056,166.666667,58.6430629842956,-0.02858964275997823,-0.02858964275997823,2.1229848624392935,11.10477598395393,-4.178232624938562,-6.926543359015368,-0.06799827449092509,-1.378991477629022,1.3826328395932235,3.458751574594579,-1.321350966859198,0.0,1.0,-1.0,-48.0,48.0,0.0
0.0565,166.666667,59.166661760941096,-0.02701254398738513,-0.02701254398738513,2.6450065403122003,7.655706908198518,1.7538373217903707,-9.409544229988889,-0.050380527162293784,-1.0816994995570386,1.084404280066661,2.712902307642225,-4.602662434405425,0.0,1.0,-1.0,-48.0,48.0,0.0
0.057,166.666667,59.69026053758659,-0.02600795771381018,-0.02600795771381018,-3.1155845764954675,4.431609887344755,7.217504989287478,-11.649114876632233,-0.02109497207046903,-0.4705073430237605,0.4716416167433685,1.179979699781614,-7.613335346597772,-1.0,1.0,0.0,-48.0,0.0,48.0
0.0575,166.666667,60.21385931423209,-0.02588183711136397,-0.02588183711136397,-2.5921119204524126,-1.3061906117060644,9.479962389007982,-8.173771777301917,0.011580416258028725,0.2595572659479717,-0.2601800612471803,-0.6509368823897546,-7.02390577844983,-1.0,1.0,0.0,-48.0,0.0,48.0
0.058,166.666667,60.73745809087759,-0.026633083994769206,-0.026633083994769206,-2.067761896923509,-6.668811820750868,11.475717266223443,-4.806905445472575,0.042604761511789484,0.9278509145871595,-0.9301395858621839,-2.327010862777947,-6.375013069960523,-1.0,0.0,1.0,0.0,-48.0,48.0
0.0585,166.666667,61.26105686752308,-0.028112687534130085,-0.028112687534130085,-1.542683516738651,-8.957824627907057,7.796924721276367,1.1608999066306886,0.06627840884453151,1.3670492298527976,-1.3706012747825325,-3.4287262734508994,-2.471453829979661,-1.0,0.0,1.0,0.0,-48.0,48.0
0.059,166.666667,61.78465564416857,-0.02990348134415583,-0.02990348134415583,-1.0172939462831347,-11.09751929704258,4.3200339802741645,6.777485316768416,0.07364874004059245,1.4275704325272094,-1.4315056007413263,-3.5808024118459154,1.2154185641602178,0.0,-1.0,1.0,48.0,-48.0,0.0
0.0595,166.666667,62.308254420814066,-0.031547513799748184,-0.031547513799748184,-0.49205113718204774,-7.6500045108451005,-1.6299649563649423,9.279969467210043,0.06201793886081777,1.1390753579905721,-1.1423793681211232,-2.857369037334933,4.52595934070132,0.0,-1.0,1.0,48.0,-48.0,0.0
0.06,166.666667,62.831853197459566,-0.03262881262827426,-0.03262881262827426,0.032628938291975766,-4.427577745310864,-7.111595287256246,11.53917303256711,0.030129472999383174,0.5349166642894465,-0.5365185797199465,-1.3419003869727144,7.547871837484786,1.0,-1.0,0.0,48.0,0.0,-48.0
0.0605,166.666667,63.355451974105065,-0.03284022150572873,-0.03284022150572873,0.5564391238149302,1.3093767579272217,-9.392351617850622,8.0829748599234,-0.010648232166830163,-0.1878220507114824,0.18838796511785497,0.4711776446206035,6.946177131877418,1.0,-1.0,0.0,48.0,0.0,-48.0
0.061,166.666667,63.87905075075056,-0.032183898310558394,-0.032183898310558394,1.0793815772652497,6.672052050201842,-11.406929318814703,4.734877268612861,-0.047099182509635476,-0.8478399172135942,0.8503461737643075,2.12686382394112,6.292498104513333,1.0,0.0,-1.0,0.0,48.0,-48.0
0.0615,166.666667,64.40264952739605,-0.03080910358223783,-0.03080910358223783,1.6016055591824288,8.961301031273754,-7.74715179728541,-1.2141492339883444,-0.06804584684480276,-1.2799488614507655,1.283578860274407,3.210647146368461,2.4131342255143395,1.0,0.0,-1.0,0.0,48.0,-48.0
0.062,166.666667,64.92624830404155,-0.029130260782447102,-0.029130260782447102,2.1235254930281378,11.100499806725356,-4.2886298336636965,-6.8118699730616585,-0.06716496703106523,-1.3366650379129246,1.3402585229437347,3.3526691223213745,-1.2356632228743258,0.0,1.0,-1.0,-48.0,48.0,0.0
0.0625,166.666667,65.44984708068705,-0.02760083684814009,-0.02760083684814009,2.645594845739322,7.651639722499754,1.6442965919016728,-9.295936314401427,-0.04987684147623854,-1.047938185200579,1.0506134338100808,2.6282974126245136,-4.516686856918658,0.0,1.0,-1.0,-48.0,48.0,0.0
0.063,166.666667,65.97344585733255,-0.02663318835539167,-0.02663318835539167,-3.114959333287511,4.427748567663567,7.110217647530421,-11.537966215193988,-0.020447449949789483,-0.4453049316188351,0.44640334133071236,1.1168059454806132,-7.528020293231449,-1.0,1.0,0.0,-48.0,0.0,48.0
0.0635,166.666667,66.49704463397805,-0.026533324937323723,-0.026533324937323723,-2.5914604200600833,-1.309896113243859,9.376249168697646,-8.066353055453787,0.012636753551585172,0.276244568556161,-0.27692350242658625,-0.692806626295353,-6.938946062846867,-1.0,1.0,0.0,-48.0,0.0,48.0
0.064,166.666667,67.02064341062353,-0.027300219172260765,-0.027300219172260765,-2.067094749179655,-6.672419880848651,11.37680765985523,-4.704387779006579,0.0440663107541082,0.9361068066526891,-0.9384715254767099,-2.347785773625308,-6.291379861718674,-1.0,0.0,1.0,0.0,-48.0,48.0
0.0645,166.666667,67.54424218726903,-0.028785053819342314,-0.028785053819342314,-1.5420111378870685,-8.961377286335946,7.703934535898099,1.2574427504378465,0.06787680389565799,1.3671286633365038,-1.370762339206513,-3.429027037454282,-2.391449475380681,-1.0,0.0,1.0,0.0,-48.0,48.0
0.065,166.666667,68.06784096391453,-0.03057108758551734,-0.03057108758551734,-1.0166263274754028,-11.101007287961615,4.23392306935687,6.867084218604745,0.07489872206968227,1.4198936279853809,-1.4238908979925333,-3.5616502681133495,1.2908930525201057,0.0,-1.0,1.0,48.0,-48.0,0.0
0.0655,166.666667,68.59143974056003,-0.03220098838917677,-0.03220098838917677,-0.4913976500262392,-7.653365308882505,-1.7084114349365944,9.3617767438191,0.06248911806814583,1.1242753190436217,-1.1276004033403537,-2.8203228212943374,4.593559288310004,0.0,-1.0,1.0,48.0,-48.0,0.0
0.066,166.666667,69.11503851720553,-0.03325970941691775,-0.03325970941691775,0.03325984764700693,-4.430709162798745,-7.181791725885777,11.612500888684522,0.029504254983371066,0.5138069107588562,-0.5153736891980029,-1.288979052674042,7.607227128138074,1.0,-1.0,0.0,48.0,0.0,-48.0
0.0665,166.666667,69.63863729385102,-0.03344114822727495,-0.03344114822727495,0.5570400631028365,1.306592097614562,-9.453905519654288,8.147313422039726,-0.012376164264699493,-0.2143485713345598,0.21500555726214385,0.5377369598180015,6.995945019310216,1.0,-1.0,0.0,48.0,0.0,-48.0
0.067,166.666667,70.16223607049652,-0.032748631748185195,-0.032748631748185195,1.079946323269259,6.669705352640556,-11.45962359214529,4.7899182395047335,-0.04968434389145743,-0.8788414493143724,0.8814824509734385,2.2046868943640843,6.332890705403793,1.0,0.0,-1.0,0.0,48.0,-48.0
0.0675,166.666667,70.68583484714202,-0.03133256841297403,-0.03133256841297403,1.6021290365795453,8.959441892284351,-7.790921997059132,-1.1685198952252196,-0.0710818796710447,-1.3145696945594958,1.3183580740069085,3.297565634962634,2.445539902373258,1.0,0.0,-1.0,0.0,48.0,-48.0
0.068,166.666667,71.20943362378752,-0.02960840354233801,-0.02960840354233801,2.1240036483544076,11.099119804809868,-4.323527081182505,-6.775592723627364,-0.07018794025807774,-1.3741319049946403,1.3778840684377784,3.4467170373038982,-1.2109810803587224,0.0,1.0,-1.0,-48.0,48.0,0.0
0.0685,166.666667,71.73303240043302,-0.028030531416828538,-0.028030531416828538,2.6460245528743984,7.650685917063926,1.6181211912293565,-9.268807108293283,-0.05257457957788454,-1.0875922656604526,1.0904102607552966,2.7278042199969574,-4.497716505443603,0.0,1.0,-1.0,-48.0,48.0,0.0
0.069,166.666667,72.2566311770785,-0.0270120642167048,-0.0270120642167048,-3.1145804448598287,4.427144249562177,7.092533914223974,-11.519678163786152,-0.02266204501373594,-0.4865761004848196,0.48779275912493714,1.220332817293896,-7.514836200902783,-1.0,1.0,0.0,-48.0,0.0,48.0
0.0695,166.666667,72.780229953724,-0.026859719666379765,-0.026859719666379765,-2.5911340127646585,-1.3102287099161352,9.366749203041197,-8.056520493125062,0.010832140464222637,0.23390267483263383,-0.23448435885226782,-0.5866239227586508,-6.930919446554972,-1.0,1.0,0.0,-48.0,0.0,48.0
0.07,166.666667,73.3038287303695,-0.027573131237943558,-0.027573131237943558,-2.0668218245475916,-6.672534342207705,11.37510438928075,-4.702570047073046,0.042470251064417576,0.8932234284594593,-0.8955015099894689,-2.2402599525796556,-6.2886827462547865,-1.0,0.0,1.0,0.0,-48.0,48.0
0.0705,166.666667,73.82742750701499,-0.029004156985881574,-0.029004156985881574,-1.541792022154172,-8.961299018201458,7.7095625379735,1.251736480227958,0.06625233957605836,1.3242697071690894,-1.3278151180941775,-3.3215603401981215,-2.394584972728923,-1.0,0.0,1.0,0.0,-48.0,48.0
0.071,166.666667,74.35102628366049,-0.030736771236400923,-0.030736771236400923,-1.0164606312581441,-11.10073349109576,4.246337045353607,6.854396445742153,0.07306599594347446,1.3776341230743374,-1.3815324324900013,-3.4556717716383987,1.2821699004452833,0.0,-1.0,1.0,48.0,-48.0,0.0
0.0715,166.666667,74.87462506030597,-0.03231435101780957,-0.03231435101780957,-0.49128427483126147,-7.652881671849331,-1.689822973445184,9.342704645294514,0.060418658478300274,1.0831837467976269,-1.08639797721439,-2.717255039442785,4.5791288898735,0.0,-1.0,1.0,48.0,-48.0,0.0
0.072,166.666667,75.39822383695147,-0.0333225465196803,-0.0333225465196803,0.033322697316120205,-4.4300065203784955,-7.1576923572683695,11.587698877646865,0.027293866025136306,0.4744105907624346,-0.47585981344171135,-1.1901493496848683,7.58788574954235,1.0,-1.0,0.0,48.0,0.0,-48.0
0.0725,166.666667,75.92182261359697,-0.03345587077788939,-0.03345587077788939,0.5570547982198206,1.3075047093599004,-9.424989969883418,8.117485260523518,-0.01453351086732225,-0.25160104729521426,0.25237253337624915,0.6311927656114955,6.972457976203286,1.0,-1.0,0.0,48.0,0.0,-48.0
0.073,166.666667,76.44542139024247,-0.032718165748220854,-0.032718165748220854,1.0799158698356564,6.670796272588643,-11.426598802278633,4.75580252968999,-0.05160034387265921,-0.9135887972708887,0.9163318041818752,2.291852086428209,6.30620556756291,1.0,0.0,-1.0,0.0,48.0,-48.0
0.0735,166.666667,76.96902016688797,-0.031260242423881805,-0.031260242423881805,1.602056723156818,8.960663449881777,-7.754494001823562,-1.206169448058215,-0.0726410779090103,-1.34653455354918,1.3504065411608963,3.377738099790324,2.4163989372256007,1.0,0.0,-1.0,0.0,48.0,-48.0
0.074,166.666667,77.49261894353346,-0.029497853162033634,-0.029497853162033634,2.1238931105404473,11.100421057073955,-4.2843936378689484,-6.816027419205006,-0.07139848803370048,-1.4031030401119118,1.406920641553368,3.519367919053998,-1.2419040326794177,0.0,1.0,-1.0,-48.0,48.0,0.0
0.0745,166.666667,78.01621772017896,-0.02788562592327274,-0.02788562592327274,2.645879659947195,7.652026610930641,1.6592730231744823,-9.311299634105124,-0.05354209808208393,-1.1133949839263995,1.1162655118149536,2.792502486430733,-4.530350298163137,0.0,1.0,-1.0,-48.0,48.0,0.0
0.075,166.666667,78.53981649682446,-0.026836878685324497,-0.026836878685324497,-3.114755617824837,4.428502824408321,7.13502638199015,-11.56352920639847,-0.023554419125657585,-0.5090550038392508,0.5103199168808517,1.2766999809147614,-7.548782878852757,-1.0,1.0,0.0,-48.0,0.0,48.0
0.0755,166.666667,79.06341527346996,-0.026658500774323204,-0.026658500774323204,-2.59133521909035,-1.3088528685740108,9.409916453693137,-8.101063585119126,0.009876265436902138,0.21488020592589852,-0.21541072500186273,-0.5389110795522241,-6.966147718178606,-1.0,1.0,0.0,-48.0,0.0,48.0
0.076,166.666667,79.58701405011546,-0.02735027853656075,-0.02735027853656075,-2.067044664682608,-6.671131318088598,11.418298335831714,-4.7471670177431164,0.041396245180341185,0.8777680060061982,-0.8799892657972023,-2.201475078549769,-6.324810727490016,-1.0,0.0,1.0,0.0,-48.0,48.0
0.0765,166.666667,80.11061282676094,-0.0287641725968599,-0.0287641725968599,-1.5420319939768166,-8.959858362700396,7.7521636205624445,1.2076947421379516,0.06511331563364949,1.312426028112422,-1.3159118865139434,-3.2918190687334143,-2.4307275675476534,-1.0,0.0,1.0,0.0,-48.0,48.0
0.077,166.666667,80.63421160340644,-0.030484168132735457,-0.030484168132735457,-1.016713221795452,-11.099259372107303,4.2877720657288565,6.811487306378447,0.07202722800089818,1.369376063967418,-1.3732206774648328,-3.4349193941372396,1.2464780604734345,0.0,-1.0,1.0,48.0,-48.0,0.0
0.0775,166.666667,81.15781038005194,-0.032053564935694286,-0.032053564935694286,-0.4915450483469886,-7.65139890727056,-1.650068318373706,9.301467225644267,0.0596622943643599,1.0783887381618797,-1.0815642796867229,-2.7051959292564,4.545345375020638,0.0,-1.0,1.0,48.0,-48.0,0.0
0.078,166.666667,81.68140915669744,-0.033057796421589604,-0.033057796421589604,0.03305795978440466,-4.42855855707899,-7.120058638122105,11.548617195201095,0.026987134959825347,0.4728643768244301,-0.47429804583527846,-1.1862569088343322,7.556392463853556,1.0,-1.0,0.0,48.0,0.0,-48.0
0.0785,166.666667,82.20500793334294,-0.03319107935104119,-0.03319107935104119,0.5567900193593583,1.3088626343231642,-9.389841230599913,8.080978596276749,-0.014335590583279085,-0.25016972646823676,0.2509310971461393,0.6275948832341856,6.944064770100964,1.0,-1.0,0.0,48.0,0.0,-48.0
0.079,166.666667,82.72860670998843,-0.03245688041989505,-0.03245688041989505,1.0796545970737026,6.672014482062188,-11.39422476682757,4.7222102847653815,-0.050956011322919006,-0.9094970360646092,0.9122071327699702,2.2815617308392064,6.281078490530506,1.0,0.0,-1.0,0.0,48.0,-48.0
0.0795,166.666667,83.25220548663393,-0.031005613869782542,-0.031005613869782542,1.6018021071690822,8.961706646883052,-7.725117116354428,-1.2365895305286227,-0.0717002677086328,-1.3400840775977678,1.3439076775124519,3.3615201346448482,2.3941214668161273,1.0,0.0,-1.0,0.0,48.0,-48.0
0.08,166.666667,83.77580426327943,-0.029252665354601724,-0.029252665354601724,2.1236479352994064,11.101278762283911,-4.258182986103445,-6.8430957761804665,-0.0703711725092701,-1.3945769408979767,1.3983411852989316,3.4979445291715296,-1.2612632425401693,0.0,1.0,-1.0,-48.0,48.0,0.0
0.0805,166.666667,84.29940303992493,-0.027652318181407762,-0.027652318181407762,2.6456463647717112,7.652711582988722,1.6821950423777225,-9.334906625366445,-0.05259765290522862,-1.1030351198673847,1.1058560724237543,2.7664904213817585,-4.547674540192959,0.0,1.0,-1.0,-48.0,48.0,0.0
0.081,166.666667,84.82300181657043,-0.026617615049749216,-0.026617615049749216,-3.1149748688940413,4.429043461143692,7.154574480398928,-11.58361794154262,-0.02281091567200836,-0.4970686824245716,0.49829408377727213,1.2466263818115597,-7.56392923634795,-1.0,1.0,0.0,-48.0,0.0,48.0
0.0815,166.666667,85.34660059321591,-0.026455181978036663,-0.026455181978036663,-2.5915385253202636,-1.308421618165978,9.42604273424419,-8.117621116078212,0.010412176147235105,0.22829017184469338,-0.22884965307226857,-0.5725375709683689,-6.979392057504329,-1.0,1.0,0.0,-48.0,0.0,48.0
0.082,166.666667,85.87019936986141,-0.027164558221505243,-0.027164558221505243,-2.0672303724313004,-6.67078234225845,11.430994195420487,-4.760211853162037,0.04179901307051942,0.8924005571962172,-0.8946440866466722,-2.238155651266926,-6.3359708019301175,-1.0,0.0,1.0,0.0,-48.0,48.0
0.0825,166.666667,86.39379814650691,-0.028597436971738156,-0.028597436971738156,-1.542198717035564,-8.95957717224618,7.761463013174643,1.1981141590715367,0.0655040645299087,1.328045225457222,-1.331552975160076,-3.3309706149384475,-2.4393288449994106,-1.0,0.0,1.0,0.0,-48.0,48.0
0.083,166.666667,86.91739692315241,-0.03033749213765004,-0.03033749213765004,-1.0168598852241535,-11.099048061004764,4.2937567307155176,6.805291330289246,0.07253402475654275,1.3857219247415455,-1.3895945923781714,-3.4758988493343934,1.24045664289844,0.0,-1.0,1.0,48.0,-48.0,0.0
0.0835,166.666667,87.44099569979791,-0.031927690245153593,-0.031927690245153593,-0.4916709104711464,-7.651271042948864,-1.6472709263509813,9.298541969299846,0.060351469639980934,1.0951767275088622,-1.0983897025525746,-2.7472945624144227,4.542374579361461,0.0,-1.0,1.0,48.0,-48.0,0.0
0.084,166.666667,87.9645944764434,-0.03295309695223206,-0.03295309695223206,0.032953272881410936,-4.428530661735971,-7.1202774768131825,11.548808138549154,0.027864598831717203,0.48980205201383814,-0.491282633187635,-1.2287422881445011,7.556226160214629,1.0,-1.0,0.0,48.0,0.0,-48.0
0.0845,166.666667,88.4881932530889,-0.033107574825534114,-0.033107574825534114,0.5567065274002198,1.3087784069664163,-9.392870282802162,8.084091875835746,-0.013338216807153849,-0.23335612466653705,0.23406463840913203,0.5854129006201042,6.946596284471413,1.0,-1.0,0.0,48.0,0.0,-48.0
0.085,166.666667,89.0117920297344,-0.03239425828976783,-0.03239425828976783,1.0795919875099538,6.671817471724341,-11.399831635065588,4.728014163341247,-0.049937621740708725,-0.8930556998211658,0.8957119470708367,2.240310996121132,6.28593472865068,1.0,0.0,-1.0,0.0,48.0,-48.0
0.0855,166.666667,89.5353908063799,-0.030963273096616936,-0.030963273096616936,1.6017597789623006,8.961407464728664,-7.733051403622395,-1.2283560611062698,-0.07075414485125991,-1.3242214260757823,1.3279948590882955,3.321723518975866,2.4008515627367215,1.0,0.0,-1.0,0.0,48.0,-48.0
0.086,166.666667,90.05898958302538,-0.02922976758300468,-0.02922976758300468,2.123625050094173,11.1008963228163,-4.268183015941544,-6.832713306874757,-0.06955377839049398,-1.3794646151646366,1.383185280602224,3.460035596634385,-1.2529380674857773,0.0,1.0,-1.0,-48.0,48.0,0.0
0.0865,166.666667,90.58258835967086,-0.02764782673215318,-0.02764782673215318,2.6456418858888036,7.652267099226827,1.6703988133130523,-9.322665912539879,-0.051911162836259246,-1.0888164354286045,1.091600589722333,2.730828408632611,-4.538045427478286,0.0,1.0,-1.0,-48.0,48.0,0.0
0.087,166.666667,91.10618713631636,-0.026630327697242766,-0.026630327697242766,-3.1149621436801844,4.428554212921634,7.141257436800535,-11.569811649722169,-0.022215791474611366,-0.4838681453926384,0.4850615533142917,1.21352070131476,-7.5531316681139495,-1.0,1.0,0.0,-48.0,0.0,48.0
0.0875,166.666667,91.62978591296186,-0.026483749770506066,-0.026483749770506066,-2.5915099449614267,-1.3089454448035127,9.411485180573578,-8.102539735770065,0.0109745559400545,0.24035964170362462,-0.24094931567398162,-0.602807817434312,-6.967523303408198,-1.0,1.0,0.0,-48.0,0.0,48.0
0.088,166.666667,92.15338468960736,-0.027207498783925404,-0.027207498783925404,-2.0671874193025097,-6.671337400315465,11.415478926965628,-4.744141526650163,0.0423737908318415,0.9032365059427886,-0.9055107323666476,-2.2653367042995227,-6.323147673874641,-1.0,0.0,1.0,0.0,-48.0,48.0
0.0885,166.666667,92.67698346625286,-0.02865315092763286,-0.02865315092763286,-1.5421429905132948,-8.960164108196842,7.745272121297979,1.214891986898863,0.06610285241602257,1.3375640764031802,-1.3411035639669442,-3.354853788722258,-2.4258015057587214,-1.0,0.0,1.0,0.0,-48.0,48.0
0.089,166.666667,93.20058224289835,-0.03040429063785647,-0.03040429063785647,-1.0167930741575868,-11.099665683528315,4.277164816418323,6.822500867109991,0.07312191110081814,1.3938641723743148,-1.3977677681034055,-3.496332774394049,1.2544897935461352,0.0,-1.0,1.0,48.0,-48.0,0.0
0.0895,166.666667,93.72418101954385,-0.03200382711257534,-0.03200382711257534,-0.4915947610373729,-7.651912822248642,-1.6640023451961132,9.315915167444755,0.06086877432519845,1.1019177228124526,-1.1051577795824872,-2.7642137104997095,4.55641772671108,0.0,-1.0,1.0,48.0,-48.0,0.0
0.09,166.666667,94.24777979618935,-0.03303681925642445,-0.03303681925642445,0.03303700775197514,-4.429182637677402,-7.136907096194652,11.566089733872055,0.028241205294044208,0.49515456642233346,-0.49665491738386847,-1.2421743427360847,7.570042797282833,1.0,-1.0,0.0,48.0,0.0,-48.0
0.0905,166.666667,94.77137857283485,-0.03319716118146049,-0.03319716118146049,0.5567961263225135,1.3081363163103799,-9.40918077015357,8.10104445384319,-0.013144938648307677,-0.229349371393436,0.23004749772652197,0.5753635003427222,6.959807715527781,1.0,-1.0,0.0,48.0,0.0,-48.0
0.091,166.666667,95.29497734948035,-0.03248805911283393,-0.03248805911283393,1.079685800899387,6.671206176412988,-11.415630664702466,4.744424488289478,-0.049930136192947144,-0.8903250336712816,0.8929804128415795,2.233469898446004,6.29836366767543,1.0,0.0,-1.0,0.0,48.0,-48.0
0.0915,166.666667,95.81857612612583,-0.031059732281089873,-0.031059732281089873,1.6018562507131298,8.960844999888002,-7.7481715131703846,-1.212673486717617,-0.07089406622880798,-1.3226918741040115,1.3264721124915861,3.317900639528003,2.4125481949924725,1.0,0.0,-1.0,0.0,48.0,-48.0
0.092,166.666667,96.34217490277133,-0.029327424172728985,-0.029327424172728985,2.123722719250271,11.100392177349327,-4.282476954843215,-6.817915222506112,-0.0697670692349272,-1.3790593198901748,1.3827907760458822,3.4590338296234227,-1.242081623351034,0.0,1.0,-1.0,-48.0,48.0,0.0
0.0925,166.666667,96.86577367941683,-0.027745316550676313,-0.027745316550676313,2.6457393882737144,7.651821816484911,1.6570595897868674,-9.308881406271778,-0.052126397432466304,-1.0894680319585406,1.092263292601538,2.7324744345678043,-4.527736711439773,0.0,1.0,-1.0,-48.0,48.0,0.0
0.093,166.666667,97.38937245606233,-0.026726363196890125,-0.026726363196890125,-3.114866095614165,4.428160388687671,7.128986436392978,-11.557146825080649,-0.022372370751981688,-0.48551851815900227,0.4867201590802337,1.2176649606476615,-7.543470506755291,-1.0,1.0,0.0,-48.0,0.0,48.0
0.0935,166.666667,97.91297123270783,-0.0265771204017439,-0.0265771204017439,-2.5914165617638116,-1.309299710200806,9.400380648366992,-8.091080938166186,0.010894793209814466,0.23777013037073924,-0.23835543466338918,-0.5963159506917822,-6.958422446697992,-1.0,1.0,0.0,-48.0,0.0,48.0
0.094,166.666667,98.43657000935332,-0.02729706810103613,-0.02729706810103613,-2.067097837419031,-6.671662477648116,11.405621976414437,-4.733959498766321,0.04235087068687453,0.8997698868088096,-0.9020425617482829,-2.2566513029765822,-6.314718368109709,-1.0,0.0,1.0,0.0,-48.0,48.0
0.0945,166.666667,98.96016878599882,-0.028737869938620986,-0.028737869938620986,-1.5420582589359424,-8.960466202643016,7.736725070893868,1.2237411317491467,0.06608820862304607,1.333302388157544,-1.3368405928529838,-3.344177161594663,-2.418312679899593,-1.0,0.0,1.0,0.0,-48.0,48.0
0.095,166.666667,99.48376756264432,-0.030483223897380698,-0.030483223897380698,-1.0167141283316892,-11.099943249577082,4.269966654451635,6.829976595125447,0.07305220588923048,1.3889061654733734,-1.3928054959617207,-3.4839082219226154,1.2609750274792146,0.0,-1.0,1.0,48.0,-48.0,0.0
0.0955,166.666667,100.00736633928982,-0.0320761706648395,-0.0320761706648395,-0.4915224049187298,-7.652158428258969,-1.6698360837670225,9.321994512025991,0.06070084559114853,1.096381692927316,-1.0996123754840152,-2.7503349047616235,4.561572013474333,0.0,-1.0,1.0,48.0,-48.0,0.0
0.096,166.666667,100.53096511593532,-0.03310192836674302,-0.03310192836674302,0.033102129428680266,-4.429385518884143,-7.141385358890959,11.570770877775102,0.027955377012467048,0.48917180580738173,-0.49065678573331456,-1.2271690608877535,7.573908972828134,1.0,-1.0,0.0,48.0,0.0,-48.0
0.0965,166.666667,101.0545638925808,-0.033254554447883694,-0.033254554447883694,0.5568535321552974,1.3079863519835104,-9.412334378744745,8.104348026761235,-0.013529457672970953,-0.23564786275799784,0.23636633112999308,0.5911658356877991,6.962335938148905,1.0,-1.0,0.0,48.0,0.0,-48.0
0.097,166.666667,101.5781626692263,-0.03253741931431464,-0.03253741931431464,1.0797351736672272,6.6711145364844,-11.417508452912909,4.7463939164285085,-0.05037092299151292,-0.8968123755902265,0.8994909466430598,2.249748830084046,6.299668145129417,1.0,0.0,-1.0,0.0,48.0,-48.0
0.0975,166.666667,102.1017614458718,-0.031100893207365008,-0.031100893207365008,1.601897424205784,8.960811632807065,-7.748837246674518,-1.2119743861325476,-0.07134103050563666,-1.3292575691163264,1.333061358023644,3.3343762879994245,2.412832299050624,1.0,0.0,-1.0,0.0,48.0,-48.0
0.098,166.666667,102.6253602225173,-0.02936034934808188,-0.02936034934808188,2.123755656991999,11.1004110703132,-4.2820047206013125,-6.8184063497118865,-0.07017750523987856,-1.3856071624216462,1.389360360182851,3.4754625112429154,-1.242725603743421,0.0,1.0,-1.0,-48.0,48.0,0.0
0.0985,166.666667,103.1489589991628,-0.027770083103929425,-0.027770083103929425,2.6457641673933483,7.651884098438434,1.6585868020885914,-9.310470900527026,-0.05248197236596494,-1.0959160428535513,1.0987302589820864,2.7486495787165506,-4.529116426790933,0.0,1.0,-1.0,-48.0,48.0,0.0
0.099,166.666667,103.67255777580829,-0.026743143252862627,-0.026743143252862627,-3.1148493029918254,4.42825672669657,7.131478641689662,-11.559735368386232,-0.022675877883751614,-0.49179476255498794,0.4930126734916648,1.2334065006004138,-7.545553301626029,-1.0,1.0,0.0,-48.0,0.0,48.0
0.0995,166.666667,104.19615655245379,-0.026586173349720122,-0.026586173349720122,-2.5914074962494706,-1.3091764413961577,9.403741358238383,-8.094564916842225,0.010621812921402051,0.2317332129593143,-0.23230384389865577,-0.5811758885556138,-6.961148932839574,-1.0,1.0,0.0,-48.0,0.0,48.0
0.1,166.666667,104.71975532909929,-0.027298734522748124,-0.027298734522748124,-2.0670961584309393,-6.671516026736406,11.40974838942211,-4.738232362685703,0.04208357661069707,0.894036189482188,-0.8962945146680367,-2.2422711744329886,-6.3180665008945684,-1.0,0.0,1.0,0.0,-48.0,48.0
0.1005,166.666667,105.24335410574479,-0.028732567914504948,-0.028732567914504948,-1.542063548393682,-8.9602977183391,7.741509673149026,1.2187880451900754,0.06580981937683605,1.3279324405399369,-1.3314557720655094,-3.3307075302732208,-2.422237259891496,-1.0,0.0,1.0,0.0,-48.0,48.0
0.101,166.666667,105.76695288239029,-0.030471443261265645,-0.030471443261265645,-1.0167258964014223,-11.099752621984152,4.275298594861702,6.824454027122449,0.0727634216236804,1.383953984740993,-1.387837981664222,-3.4714844755380727,1.2565448548985207,0.0,-1.0,1.0,48.0,-48.0,0.0
0.1015,166.666667,106.29055165903577,-0.03205846317914925,-0.03205846317914925,-0.4915400998380447,-7.65194691587521,-1.6640680609852219,9.316014976860432,0.06041857916653129,1.0918904494144754,-1.0951062150468198,-2.7390662746608614,4.556781192034072,0.0,-1.0,1.0,48.0,-48.0,0.0
0.102,166.666667,106.81415043568126,-0.03307889167893759,-0.03307889167893759,0.033079105307226186,-4.429156742908764,-7.135290061215458,11.564446804124222,0.027707294402479783,0.48517096648366703,-0.48664283362540245,-1.2171310849921615,7.56887306604307,1.0,-1.0,0.0,48.0,0.0,-48.0
0.1025,166.666667,107.33774921232676,-0.03322681588402941,-0.03322681588402941,0.5568258061578206,1.308225594699426,-9.406015944921753,8.097790350222327,-0.013718554156350826,-0.2391424185478053,0.2398709677880309,0.5999318556691979,6.957215568916328,1.0,-1.0,0.0,48.0,0.0,-48.0
0.103,166.666667,107.86134798897226,-0.03250561779220885,-0.03250561779220885,1.079703384711496,6.671355835040676,-11.411064473667075,4.739708638626399,-0.0504888627343049,-0.8997980613973638,0.9024830656075853,2.2572356481962563,6.294571555480702,1.0,0.0,-1.0,0.0,48.0,-48.0
0.1035,166.666667,108.38494676561776,-0.03106566620392653,-0.03106566620392653,1.6018622097687143,8.96104665728152,-7.742358632227706,-1.2186880250538132,-0.07139265671475185,-1.3317380841921478,1.3355448678398505,3.3405934264538044,2.407784294595604,1.0,0.0,-1.0,0.0,48.0,-48.0
0.104,166.666667,108.90854554226324,-0.029322327112572762,-0.029322327112572762,2.1237176473228376,11.100633684066462,-4.275576111376196,-6.825057572690265,-0.07018638766794409,-1.3875904608873832,1.3913443766240035,3.4804313375788247,-1.247652892668356,0.0,1.0,-1.0,-48.0,48.0,0.0
0.1045,166.666667,109.43214431890874,-0.027729884098160133,-0.027729884098160133,2.645723980953935,7.652091954547324,1.6648862634917334,-9.316978218039058,-0.05247696957263597,-1.0974089454267986,1.1002230751799789,2.7523890140978367,-4.5340153727746415,0.0,1.0,-1.0,-48.0,48.0,0.0
0.105,166.666667,109.95574309555424,-0.026701379288730617,-0.026701379288730617,-3.1148910543895925,4.428450861691802,7.137574224702039,-11.566025086393841,-0.022686650640690868,-0.49280198957495464,0.4940205578518236,1.2359303032251032,-7.550370467661886,-1.0,1.0,0.0,-48.0,0.0,48.0
0.1055,166.666667,110.47934187219974,-0.02654344775613439,-0.02654344775613439,-2.591450209276677,-1.3089920693093084,9.409563128417414,-8.100571059108105,0.01058050035773005,0.23120537736255453,-0.2317738262372911,-0.5798510008237081,-6.965913909269116,-1.0,1.0,0.0,-48.0,0.0,48.0
0.106,166.666667,111.00294064884524,-0.027255642335223727,-0.027255642335223727,-2.067139238052097,-6.671337250701335,11.415231720400659,-4.743894469699324,0.042014133080852833,0.8939796811414571,-0.8962344332974818,-2.24212516990772,-6.32272297926119,-1.0,0.0,1.0,0.0,-48.0,48.0
0.1065,166.666667,111.52653942549072,-0.028689688840149528,-0.028689688840149528,-1.5421064149016859,-8.960121789960743,7.746597072660054,1.2135247173006887,0.06573064907307967,1.3283288951158003,-1.331848239223237,-3.331695630725254,-2.426645242397225,-1.0,0.0,1.0,0.0,-48.0,48.0
0.107,166.666667,112.05013820213622,-0.030429327795929145,-0.030429327795929145,-1.016767999300403,-11.099579922693598,4.2799417175059045,6.819638205187694,0.0727053242013061,1.3847753696781546,-1.3886565544144092,-3.4735384475777114,1.2524335172164611,0.0,-1.0,1.0,48.0,-48.0,0.0
0.1075,166.666667,112.57373697878172,-0.03201762139118567,-0.03201762139118567,-0.4915809290596415,-7.651781432901441,-1.6599070480367926,9.311688480938233,0.06040769648110456,1.0930962588076851,-1.0963116897793344,-2.7420862765991028,4.553167314354893,0.0,-1.0,1.0,48.0,-48.0,0.0
0.108,166.666667,113.09733575542722,-0.033039775172470046,-0.033039775172470046,0.0330400013671364,-4.42900459082964,-7.131637242720796,11.560641833550436,0.0277620933793085,0.48671039699329227,-0.4881852861279768,-1.2209909494864835,7.565769163043191,1.0,-1.0,0.0,48.0,0.0,-48.0
0.1085,166.666667,113.62093453207272,-0.03318981105914596,-0.03318981105914596,0.5567888138993125,1.3083573545067075,-9.402886347428153,8.094528992921445,-0.01359896793637068,-0.23732409602815124,0.23804634606290193,0.595369321208543,6.954695338022628,1.0,-1.0,0.0,48.0,0.0,-48.0
0.109,166.666667,114.14453330871821,-0.03247103990563735,-0.03247103990563735,1.0796688193912969,6.671461867270241,-11.408462889287616,4.737001022017375,-0.05032039934392485,-0.8977577039596623,0.9004339240887796,2.2521138486132135,6.2926131603965025,1.0,0.0,-1.0,0.0,48.0,-48.0
0.1095,166.666667,114.66813208536371,-0.031033761728925788,-0.031033761728925788,1.601830317860073,8.96112436452522,-7.740281591166839,-1.2208427733583826,-0.07120040528697118,-1.3295265001569174,1.3333232510751707,3.335041165652558,2.4062958606257085,1.0,0.0,-1.0,0.0,48.0,-48.0
0.11,166.666667,115.19173086200921,-0.029293282329242033,-0.029293282329242033,2.123688615105901,11.100683761183692,-4.2740136575167496,-6.826670103666942,-0.06999831877255963,-1.3852528214161552,1.388996863165253,3.4745635158903343,-1.2486929833568157,0.0,1.0,-1.0,-48.0,48.0,0.0
0.1105,166.666667,115.71532963865471,-0.02770383154576962,-0.02770383154576962,2.645697940967916,7.652118026946262,1.665949235764304,-9.318067262710565,-0.05231149629727332,-1.0949829720773359,1.0977883455319875,2.746301317244991,-4.534733809078204,0.0,1.0,-1.0,-48.0,48.0,0.0
0.111,166.666667,116.23892841530021,-0.026678408764433847,-0.026678408764433847,-3.114914012347495,4.428457691521166,7.138156836088478,-11.566614527609644,-0.022552852620003627,-0.49031960832574745,0.4915310329098019,1.2297033223884493,-7.55076646103576,-1.0,1.0,0.0,-48.0,0.0,48.0
0.1115,166.666667,116.7625271919457,-0.026523609675954483,-0.026523609675954483,-2.5914700347905013,-1.3089995621856243,9.4096885525939,-8.100688990408276,0.010687268582556836,0.23371404870319848,-0.23428825131465042,-0.5861421005191907,-6.966029283952187,-1.0,1.0,0.0,-48.0,0.0,48.0
0.112,166.666667,117.2861259685912,-0.027238951048613885,-0.027238951048613885,-2.0671559167723332,-6.6713556310307585,11.414926876875754,-4.743571245844995,0.042105978843639924,0.8964859348969769,-0.8987456756213306,-2.2484092593507525,-6.322550718478977,-1.0,0.0,1.0,0.0,-48.0,48.0
0.1125,166.666667,117.8097247452367,-0.028676122184250422,-0.028676122184250422,-1.542119968991199,-8.960149463933009,7.74589307646303,1.2142563874699785,0.0658217099220261,1.3308021104027161,-1.334326409595953,-3.3378969221766566,-2.426157642739642,-1.0,0.0,1.0,0.0,-48.0,48.0
0.113,166.666667,118.33332352188219,-0.030418824999355307,-0.030418824999355307,-1.0167784895305918,-11.099616779794893,4.278873462951509,6.820743316843385,0.07280651633814335,1.3871846211343395,-1.3910712798512346,-3.47958016538019,1.2532193238492955,0.0,-1.0,1.0,48.0,-48.0,0.0
0.1135,166.666667,118.85692229852769,-0.03201008370906375,-0.03201008370906375,-0.491588454175383,-7.651828392345137,-1.661301300112224,9.31312969245736,0.06052126815186623,1.0954110909100696,-1.0986326123576438,-2.747892253371378,4.554259438435867,0.0,-1.0,1.0,48.0,-48.0,0.0
0.114,166.666667,119.38052107517318,-0.03303506658795667,-0.03303506658795667,0.033035305348991136,-4.429062127455817,-7.13331678611606,11.562378913571877,0.027883142220937605,0.48890275929755383,-0.4903840926801398,-1.226490593412614,7.567119692139821,1.0,-1.0,0.0,48.0,0.0,-48.0
0.1145,166.666667,119.90411985181868,-0.033187763103149824,-0.033187763103149824,0.5567867785096776,1.3082895785828796,-9.404809351892306,8.096519773309426,-0.013480866434145302,-0.2352776603392314,0.23599364075797297,0.5902354247774375,6.956261297776386,1.0,-1.0,0.0,48.0,0.0,-48.0
0.115,166.666667,120.42771862846418,-0.032471457406030815,-0.032471457406030815,1.0796692494580664,6.671385439190938,-11.41058709578413,4.739201656593193,-0.050215559017182686,-0.8958756627570826,0.898546304994521,2.247392602830506,6.294339514588825,1.0,0.0,-1.0,0.0,48.0,-48.0
0.1155,166.666667,120.95131740510968,-0.031036429349509467,-0.031036429349509467,1.6018329980470465,8.961041901405093,-7.742565566068224,-1.2184763353368684,-0.07111529477687195,-1.3278223238782747,1.3316145180555419,3.330766722868459,2.4081372716012264,1.0,0.0,-1.0,0.0,48.0,-48.0
0.116,166.666667,121.47491618175518,-0.029297970295507493,-0.029297970295507493,2.1236933156385356,11.100597884120365,-4.2764167320876165,-6.824181152032749,-0.0699329323085048,-1.3837360408914798,1.3874765554770634,3.470759761153623,-1.2467750748869781,0.0,1.0,-1.0,-48.0,48.0,0.0
0.1165,166.666667,121.99851495840066,-0.02771030003274026,-0.02771030003274026,2.6457044220212564,7.652031124150053,1.6634664378763657,-9.315497562026419,-0.05226059290420724,-1.0936606960706858,1.0964633105628616,2.7429857318570496,-4.532750097022864,0.0,1.0,-1.0,-48.0,48.0,0.0
0.117,166.666667,122.52211373504616,-0.026686410047442957,-0.026686410047442957,-3.1149059984981213,4.428370977244108,7.135632569752077,-11.564003546996185,-0.022508022523312018,-0.4891974828749899,0.4904064844693915,1.226889509610463,-7.548739816314338,-1.0,1.0,0.0,-48.0,0.0,48.0
0.1175,166.666667,123.04571251169165,-0.026532890323609146,-0.026532890323609146,-2.591460741576474,-1.3090857894109131,9.407159941212687,-8.098074151801773,0.010733012411958407,0.23463187647723405,-0.23520852858121863,-0.5884442053381913,-6.963965697536057,-1.0,1.0,0.0,-48.0,0.0,48.0
0.118,166.666667,123.56931128833715,-0.027249253339380233,-0.027249253339380233,-2.0671456019152052,-6.6714416254371,11.412429237910306,-4.740987612473206,0.04215538896457003,0.8971967753751429,-0.8994591310583966,-2.2501930921808935,-6.320471848602511,-1.0,0.0,1.0,0.0,-48.0,48.0
0.1185,166.666667,124.09291006498265,-0.028687186948027837,-0.028687186948027837,-1.5421088916610493,-8.960235664737327,7.7434598926622575,1.2167757720750694,0.0658722246431894,1.3313067274725896,-1.3348336664832903,-3.3391642199927327,-2.424108487645019,-1.0,0.0,1.0,0.0,-48.0,48.0
0.119,166.666667,124.61650884162813,-0.030430396353497344,-0.030430396353497344,-1.0167669056101025,-11.099702720060597,4.276535016166138,6.823167703894459,0.07285029190874716,1.3874874440013323,-1.391376360120419,-3.480341514036486,1.2552136539506995,0.0,-1.0,1.0,48.0,-48.0,0.0
0.1195,166.666667,125.14010761827363,-0.032021913571106,-0.032021913571106,-0.4915766117469978,-7.651912937369037,-1.6635181411327657,9.315431078501803,0.06054988509855519,1.0955213005550648,-1.0987442743117495,-2.7481701237414695,4.556129352652854,0.0,-1.0,1.0,48.0,-48.0,0.0
0.12,166.666667,125.66370639491913,-0.03304692141714702,-0.03304692141714702,0.03304717274455492,-4.429143091738871,-7.135389368120575,11.564532459859446,0.027889297068822528,0.48883394012231013,-0.490315566725912,-1.2263185735532476,7.5688460353766445,1.0,-1.0,0.0,48.0,0.0,-48.0
0.1205,166.666667,126.18730517156463,-0.033199427733512685,-0.033199427733512685,0.5567984557064087,1.3082146970918362,-9.40671944986323,8.098504752771394,-0.013498914185632278,-0.23550924059206668,0.23622616339043964,0.5908166801472853,6.957807254340097,1.0,-1.0,0.0,48.0,0.0,-48.0
0.121,166.666667,126.71090394821013,-0.03248273866332569,-0.03248273866332569,1.0796805432817203,6.671318789377033,-11.412320381559743,4.74100159218271,-0.05025421740237244,-0.8962517061342496,0.898924347418959,2.248337037245192,6.295698214281178,1.0,0.0,-1.0,0.0,48.0,-48.0
0.1215,166.666667,127.23450272485562,-0.031047156959570513,-0.031047156959570513,1.6018437382234603,8.960985021030666,-7.744111736930658,-1.2168732841000076,-0.07116698652155191,-1.328325259149279,1.3321201363653727,3.332029859835078,2.4093276057467685,1.0,0.0,-1.0,0.0,48.0,-48.0
0.122,166.666667,127.75810150150112,-0.029307995486390886,-0.029307995486390886,2.123703353395778,11.10055092446569,-4.277768342868404,-6.822782581597287,-0.06998800617809535,-1.3843491832449546,1.388092579785631,3.472299203462008,-1.245755027623714,0.0,1.0,-1.0,-48.0,48.0,0.0
0.1225,166.666667,128.28170027814662,-0.027719494501933253,-0.027719494501933253,2.6457136290568095,7.651993509964401,1.6623139192869472,-9.314307429251349,-0.052311891951488824,-1.0943691065723402,1.0971744306936266,2.744763595767981,-4.531863955997075,0.0,1.0,-1.0,-48.0,48.0,0.0
0.123,166.666667,128.8052990547921,-0.026694663092752986,-0.026694663092752986,-3.114897732886474,4.4283413117647825,7.1346813143985415,-11.563022626163324,-0.022551383258241593,-0.48998758166099854,0.49119889689553753,1.2288714991583756,-7.547993773462978,-1.0,1.0,0.0,-48.0,0.0,48.0
0.1235,166.666667,129.32889783143762,-0.02654010842585738,-0.02654010842585738,-2.5914535109078525,-1.3091088976222274,9.406409888507872,-8.097300990885644,0.010696675336286522,0.2337735972121764,-0.2343482906627209,-0.5862918749330658,-6.9633504818613705,-1.0,1.0,0.0,-48.0,0.0,48.0
0.124,166.666667,129.8524966080831,-0.027255359679249806,-0.027255359679249806,-2.0671394830089564,-6.671459118939019,11.411877680888002,-4.740418561948983,0.04212198413275838,0.8962838883142347,-0.8985444294692064,-2.247904155542441,-6.319995299980171,-1.0,0.0,1.0,0.0,-48.0,48.0
0.1245,166.666667,130.37609538472861,-0.028692122250017483,-0.028692122250017483,-1.5421039437926802,-8.960248029561402,7.743101923839307,1.2171461057220965,0.06583647731157982,1.3303540419130182,-1.333879037996492,-3.3367754322536363,-2.423786156072134,-1.0,0.0,1.0,0.0,-48.0,48.0
0.125,166.666667,130.8996941613741,-0.03043412031097183,-0.03043412031097183,-1.0167631690862302,-11.099709604509552,4.27636296988461,6.823346634624943,0.07280795898383147,1.386510402514366,-1.3903970332325073,-3.477891290125782,1.255383222828382,0.0,-1.0,1.0,48.0,-48.0,0.0
0.1255,166.666667,131.42329293801959,-0.032024405205655485,-0.032024405205655485,-0.49157410754608377,-7.651913990552036,-1.663514062089301,9.315428052641337,0.06050014426409673,1.0945355744234062,-1.0977558856183764,-2.745697675759617,4.556140066737618,0.0,-1.0,1.0,48.0,-48.0,0.0
0.126,166.666667,131.9468917146651,-0.033048179228107544,-0.033048179228107544,0.03304844312188689,-4.429137879126014,-7.135220912057882,11.564358791183896,0.02783448800548975,0.4878545579720849,-0.4893332692529827,-1.2238617019585407,7.56871328560835,1.0,-1.0,0.0,48.0,0.0,-48.0
0.1265,166.666667,132.47049049131058,-0.033199468166167596,-0.033199468166167596,0.556798508705443,1.3082260136903905,-9.406399945382624,8.098173931692234,-0.013553933494104522,-0.23646884655815895,0.23718869135730022,0.5932240228568431,6.957547326438004,1.0,-1.0,0.0,48.0,0.0,-48.0
0.127,166.666667,132.9940892679561,-0.03248159398856563,-0.03248159398856563,1.0796794111733468,6.671335462861558,-11.411863924987475,4.740528462125917,-0.05030448394519223,-0.8971800242134989,0.8998553445795033,2.2506657050268393,6.295332134837504,1.0,0.0,-1.0,0.0,48.0,-48.0
0.1275,166.666667,133.51768804460158,-0.031044872789794897,-0.031044872789794897,1.6018414666200746,8.961005993055917,-7.743533327437684,-1.2174726656182329,-0.07120925347562691,-1.329212618055981,1.333009764737131,3.3342554194125182,2.4088714564814517,1.0,0.0,-1.0,0.0,48.0,-48.0
0.128,166.666667,134.04128682124707,-0.02930462867728867,-0.02930462867728867,2.123699999153049,11.100574815640762,-4.277083218589578,-6.823491597051185,-0.07002228867261326,-1.3851873796837755,1.3889326313026586,3.474401100041469,-1.2462856106157094,0.0,1.0,-1.0,-48.0,48.0,0.0
0.1285,166.666667,134.56488559789258,-0.02771511153598569,-0.02771511153598569,2.6457092586572646,7.652019472044568,1.6630899990772647,-9.315109471121833,-0.05234092569274977,-1.0951506162355205,1.0979575171034177,2.7467231511990597,-4.532470730060695,0.0,1.0,-1.0,-48.0,48.0,0.0
0.129,166.666667,135.08848437453807,-0.026689339725540745,-0.026689339725540745,-3.114903043687283,4.428368790174309,7.135532151088755,-11.563900941263064,-0.022579879907428598,-0.49070510763841435,0.49191796350784367,1.2306707378870578,-7.548667911701369,-1.0,1.0,0.0,-48.0,0.0,48.0
0.1295,166.666667,135.61208315118358,-0.026533929064292257,-0.026533929064292257,-2.5914596777030194,-1.3090797253306903,9.407319033020121,-8.09823930768943,0.010664592136693213,0.23312698328026005,-0.2336999584567523,-0.5846700406324428,-6.964094296593947,-1.0,1.0,0.0,-48.0,0.0,48.0
0.13,166.666667,136.13568192782907,-0.027248417211307465,-0.027248417211307465,-2.067146412910537,-6.671427760753613,11.412828252274885,-4.741400491521271,0.04208445788358608,0.8957147751858492,-0.897973327187229,-2.2464761135425397,-6.320800190529121,-1.0,0.0,1.0,0.0,-48.0,48.0
0.1305,166.666667,136.65928070447455,-0.028684516890039584,-0.028684516890039584,-1.5421115365862956,-8.96021408975067,7.744077396658436,1.2161366930922344,0.06579484129570869,1.3298672797899476,-1.3333900911761005,-3.335553426445927,-2.4246275289011643,-1.0,0.0,1.0,0.0,-48.0,48.0
0.131,166.666667,137.18287948112007,-0.030425957102443044,-0.030425957102443044,-1.016771319728397,-11.099672920868883,4.277347257758867,6.822325663110015,0.07276722466063525,1.3861088906166337,-1.389993402877876,-3.4768829098478005,1.2545176550269506,0.0,-1.0,1.0,48.0,-48.0,0.0
0.1315,166.666667,137.70647825776555,-0.03201579152798281,-0.03201579152798281,-0.49158270865736686,-7.651875333348353,-1.6625358371882057,9.314411170536559,0.06046627896253235,1.0942193081752645,-1.097437868384936,-2.7449032848093196,4.555295937576361,0.0,-1.0,1.0,48.0,-48.0,0.0
0.132,166.666667,138.23007703441107,-0.03303922046912301,-0.03303922046912301,0.03303949692929991,-4.42909846818258,-7.134262020899617,11.563360489082196,0.027813542255600752,0.4876206196907948,-0.48909824367430377,-1.2232743597161693,7.567902832033143,1.0,-1.0,0.0,48.0,0.0,-48.0
0.1325,166.666667,138.75367581105655,-0.033190265147236865,-0.033190265147236865,0.5567893182528766,1.3082643297356586,-9.405472008385493,8.097207678649834,-0.013559113431909476,-0.23662530824157424,0.23734544094614973,0.5936163004504459,6.956798747749922,1.0,-1.0,0.0,48.0,0.0,-48.0
0.133,166.666667,139.27727458770204,-0.03247224020332676,-0.03247224020332676,1.079670069954469,6.6713708924738935,-11.410976562617684,4.73960567014379,-0.05029468703330722,-0.897265565831494,0.8999404124247763,2.2508793878926436,6.29465292043572,1.0,0.0,-1.0,0.0,48.0,-48.0
0.1335,166.666667,139.80087336434755,-0.031035453466394813,-0.031035453466394813,1.6018320598630371,8.961037239358278,-7.742694793022654,-1.218342446335625,-0.07118861657493898,-1.3292334213363826,1.333029532046896,3.334306239197856,2.4082486156900162,1.0,0.0,-1.0,0.0,48.0,-48.0
0.134,166.666667,140.32447214099304,-0.02929522162582884,-0.02929522162582884,2.1236906046679653,11.100601166985705,-4.276300361142566,-6.82430080584314,-0.06999774099328733,-1.3851491282454969,1.3888931267526836,3.4743037226961846,-1.2468477478907707,0.0,1.0,-1.0,-48.0,48.0,0.0
0.1345,166.666667,140.84807091763855,-0.027705787759512587,-0.027705787759512587,2.6456999474471647,7.652041311944989,1.6638111823392598,-9.315852494284249,-0.05231877328071091,-1.095057542479838,1.0978632973757738,2.746488583032248,-4.533005166368914,0.0,1.0,-1.0,-48.0,48.0,0.0
0.135,166.666667,141.37166969428404,-0.026680165970899287,-0.026680165970899287,-3.11491220487555,4.4283869477448485,7.136186299150956,-11.564573246895804,-0.022565408982067138,-0.49056011642395736,0.4917722121818479,1.2303066037811474,-7.549169031818327,-1.0,1.0,0.0,-48.0,0.0,48.0
0.1355,166.666667,141.89526847092952,-0.026524968294080662,-0.026524968294080662,-2.5914686259068973,-1.3090638944762105,9.407901564917635,-8.098837670441425,0.01066985505105421,0.23332122899972046,-0.23389449482577881,-0.585156965446806,-6.964574327369439,-1.0,1.0,0.0,-48.0,0.0,48.0
0.136,166.666667,142.41886724757504,-0.027239729356768643,-0.027239729356768643,-2.0671550881986733,-6.671413064938101,11.413335135549502,-4.741922070611401,0.0420822872464234,0.8959557749830886,-0.8982142414551305,-2.247079682444828,-6.321252090986773,-1.0,0.0,1.0,0.0,-48.0,48.0
0.1365,166.666667,142.94246602422052,-0.02867615802597094,-0.02867615802597094,-1.5421198828839933,-8.960199868590372,7.7445058196974035,1.2156940488929688,0.06578958621894543,1.3301509519250458,-1.333673530905329,-3.3362637019846137,-2.4250286231767353,-1.0,0.0,1.0,0.0,-48.0,48.0
0.137,166.666667,143.46606480086604,-0.03041797732841888,-0.03041797732841888,-1.0167792869360268,-11.099659012565343,4.277695533758353,6.821963478806991,0.07276485991707843,1.3864298264504458,-1.3903142672211946,-3.477686728271778,1.254170933882533,0.0,-1.0,1.0,48.0,-48.0,0.0
0.1375,166.666667,143.98966357751152,-0.032008233519381646,-0.032008233519381646,-0.49159025409959006,-7.6518624707899425,-1.6622678312100863,9.314130302000029,0.06047129571601318,1.0945703253217083,-1.0977891978389698,-2.745782932387783,4.555035492537152,0.0,-1.0,1.0,48.0,-48.0,0.0
0.138,166.666667,144.513262354157,-0.033032116820962014,-0.033032116820962014,0.033032405847465945,-4.429087554734553,-7.134072818103873,11.563160372838427,0.027828765576836174,0.48799322061064576,-0.48947167353453264,-1.2242087154552739,7.567724810269295,1.0,-1.0,0.0,48.0,0.0,-48.0
0.1385,166.666667,145.03686113080252,-0.033183637875747095,-0.033183637875747095,0.5567827035477692,1.308272154980358,-9.405358856377346,8.097086701396988,-0.013534297388057627,-0.2362397619731338,0.2369585858816746,0.5926489212275131,6.956711233148555,1.0,-1.0,0.0,48.0,0.0,-48.0
0.139,166.666667,145.560459907448,-0.03246610033604797,-0.03246610033604797,1.079663942653569,6.671374826558644,-11.41093532527055,4.739560498711906,-0.050263254332137144,-0.896875617771842,0.8995488236545006,2.2499005696151833,6.294647382231716,1.0,0.0,-1.0,0.0,48.0,-48.0
0.1395,166.666667,146.08405868409352,-0.031029802025059432,-0.031029802025059432,1.601826420988077,8.961037063674217,-7.74272071751786,-1.2183163461563578,-0.07115482862941144,-1.328846139385221,1.3326404870157833,3.333333946286567,2.4083052936433247,1.0,0.0,-1.0,0.0,48.0,-48.0
0.14,166.666667,146.607657460739,-0.029290051593730493,-0.029290051593730493,2.12368544720225,11.10059702820148,-4.276387991349235,-6.824209036852245,-0.06996617130598182,-1.3847702844194913,1.388512627220949,3.473352699332491,-1.2467353740096414,0.0,1.0,-1.0,-48.0,48.0,0.0
0.1405,166.666667,147.1312562373845,-0.027701085563208563,-0.027701085563208563,2.645695257817225,7.6520340529920094,1.6636674787329326,-9.315701531724942,-0.0522923516298517,-1.0946913409405725,1.0974957000606849,2.745569550705278,-4.532861900903573,0.0,1.0,-1.0,-48.0,48.0,0.0
0.141,166.666667,147.65485501402998,-0.026675913722739485,-0.026675913722739485,-3.114916444557372,4.428377407554173,7.135992240293815,-11.564369647847988,-0.02254566859103847,-0.4902095041481232,0.4914205475097949,1.229427048944561,-7.54899676159286,-1.0,1.0,0.0,-48.0,0.0,48.0
0.1415,166.666667,148.17845379067546,-0.02652114465548879,-0.02652114465548879,-2.5914724369791373,-1.3090747274171477,9.407663060039324,-8.098588332622176,0.010683517547086421,0.23365384571005934,-0.23422784895949075,-0.5859910504781174,-6.964382906070959,-1.0,1.0,0.0,-48.0,0.0,48.0
0.142,166.666667,148.70205256732098,-0.027236310407523945,-0.027236310407523945,-2.0671584945815824,-6.6714244386661985,11.413057936777525,-4.741633498111327,0.042091662126191816,0.8962684688692241,-0.8985274506558573,-2.247863586103634,-6.321042151125399,-1.0,0.0,1.0,0.0,-48.0,48.0
0.1425,166.666667,149.22565134396646,-0.028673117410536714,-0.028673117410536714,-1.5421229109330796,-8.960211438697725,7.744196012217704,1.2160154264800211,0.06579694187803614,1.3304415686540336,-1.333964559288604,-3.3369921759562082,-2.4247957052584788,-1.0,0.0,1.0,0.0,-48.0,48.0
0.143,166.666667,149.74925012061195,-0.03041528596964481,-0.03041528596964481,-1.0167819657284896,-11.099670534205119,4.2773591077495325,6.822311426455586,0.0727723586590405,1.3866961953864823,-1.3905810549291704,-3.4783544735977605,1.2544232215749969,0.0,-1.0,1.0,48.0,-48.0,0.0
0.1435,166.666667,150.27284889725746,-0.03200585971409094,-0.03200585971409094,-0.49159261533851023,-7.65187417283629,-1.6626246954247739,9.314498868261063,0.060480030092365536,1.0948101936412005,-1.0980295453056925,-2.7463843721618533,4.555312478786769,0.0,-1.0,1.0,48.0,-48.0,0.0
0.144,166.666667,150.79644767390295,-0.03303002601687554,-0.03303002601687554,0.03303032760975933,-4.429099524653352,-7.1344439230377885,11.56354344769114,0.02783903653178782,0.4882044609539365,-0.48968346548315494,-1.224738535577813,7.568019599775251,1.0,-1.0,0.0,48.0,0.0,-48.0
0.1445,166.666667,151.32004645054846,-0.03318179320468383,-0.03318179320468383,0.556780871443061,1.308259716673227,-9.405738242960327,8.0974785262871,-0.013523171094001198,-0.2360587753728066,0.2367770109076797,0.5921948377135214,6.957021118888656,1.0,-1.0,0.0,48.0,0.0,-48.0
0.145,166.666667,151.84364522719395,-0.032464463134181235,-0.032464463134181235,1.079662318018046,6.671361849381474,-11.411317039947237,4.739955190565763,-0.05025231748565423,-0.8967260148222217,0.8993986472992864,2.2495251172851685,6.294965385019505,1.0,0.0,-1.0,0.0,48.0,-48.0
0.1455,166.666667,152.36724400383943,-0.031028332663546057,-0.031028332663546057,1.6018249641928946,8.961023731181001,-7.743099396968494,-1.2179243342125068,-0.07114512415241009,-1.3287282471685298,1.332522087352479,3.3330380077353152,2.408622598603556,1.0,0.0,-1.0,0.0,48.0,-48.0
0.146,166.666667,152.89084278048495,-0.029288710456646487,-0.029288710456646487,2.1236841186315245,11.100583429368108,-4.276758486102156,-6.823824943265952,-0.0699585777458327,-1.3846837806846506,1.3884257258488246,3.473135521927794,-1.2464232944106228,0.0,1.0,-1.0,-48.0,48.0,0.0
0.1465,166.666667,153.41444155713043,-0.02769983378761866,-0.02769983378761866,2.6456940186079634,7.652020614696166,1.6633097032917807,-9.315330317987947,-0.05228729588436176,-1.0946352420986498,1.0974393357204135,2.7454286986046914,-4.53256382446025,0.0,1.0,-1.0,-48.0,48.0,0.0
0.147,166.666667,153.93804033377594,-0.026674714076418523,-0.026674714076418523,-3.1149176316372964,4.428364361903525,7.13565117913176,-11.564015541035285,-0.02254339712720514,-0.4901822739862435,0.4913931975795908,1.2293586912048082,-7.548715226691435,-1.0,1.0,0.0,-48.0,0.0,48.0
0.1475,166.666667,154.46163911042143,-0.026519962026063205,-0.026519962026063205,-2.5914736070421602,-1.309087011973343,9.407342282927827,-8.098255270954484,0.010683050213556016,0.2336540973845078,-0.23422807656728692,-0.5859916508557831,-6.964122743606627,-1.0,1.0,0.0,-48.0,0.0,48.0
0.148,166.666667,154.98523788706692,-0.027235112297014658,-0.027235112297014658,-2.06715968012574,-6.671435639382394,11.412760230073168,-4.741324590690774,0.04208865044450525,0.8962439772168773,-0.8985028016414113,-2.2478020411126645,-6.32080542031559,-1.0,0.0,1.0,0.0,-48.0,48.0
0.1485,166.666667,155.50883666371243,-0.028671874204070642,-0.028671874204070642,-1.5421241415731677,-8.960221414595466,7.743923869516576,1.2162975450788913,0.06579175184855907,1.3303946455810254,-1.333917365604458,-3.3368743017696256,-2.4245821206274782,-1.0,0.0,1.0,0.0,-48.0,48.0
0.149,166.666667,156.03243544035792,-0.03041397098728418,-0.03041397098728418,-1.0167832681444497,-11.099679017121918,4.277114289475152,6.822564727646767,0.07276567744572167,1.3866292226005978,-1.390513734494779,-3.4781862813725355,1.254611917298622,0.0,-1.0,1.0,48.0,-48.0,0.0
0.1495,166.666667,156.55603421700343,-0.032004449271863585,-0.032004449271863585,-0.4915940132143807,-7.651881268981479,-1.662840773741096,9.314722042722575,0.0604726640565043,1.0947254388185765,-1.0979444068356934,-2.7461715932914306,4.555480342049881,0.0,-1.0,1.0,48.0,-48.0,0.0
0.15,166.666667,157.07963299364891,-0.033028499137695844,-0.033028499137695844,0.033028813296938166,-4.429105235873581,-7.1346302542749465,11.563735490148527,0.027832012186914182,0.4881040100999312,-0.4895826457851455,-1.2244864583757558,7.568165986345742,1.0,-1.0,0.0,48.0,0.0,-48.0
0.1505,166.666667,157.6032317702944,-0.033180131520891755,-0.033180131520891755,0.5567792223256173,1.3082551361046217,-9.40589431748433,8.097639181379709,-0.013529029042658926,-0.2361729475512899,0.23689149651566044,0.5924812164232177,6.957149211226863,1.0,-1.0,0.0,48.0,0.0,-48.0
0.151,166.666667,158.1268305469399,-0.03246265062808584,-0.03246265062808584,1.0796605180783283,6.671358095460537,-11.411442464851943,4.740084369391406,-0.05025655797774872,-0.8968521203579676,0.8995249875080338,2.249841289733024,6.295075689927908,1.0,0.0,-1.0,0.0,48.0,-48.0
0.1515,166.666667,158.6504293235854,-0.031026355609866215,-0.031026355609866215,1.6018229997056048,8.961020623382112,-7.743194371407101,-1.2178262519750094,-0.0711478482827036,-1.3288643657005295,1.332658364667766,3.3333791669530477,2.408712299902558,1.0,0.0,-1.0,0.0,48.0,-48.0
0.152,166.666667,159.1740281002309,-0.02928655763437067,-0.02928655763437067,2.1236819783756298,11.100580662785063,-4.276823366857942,-6.823757295927121,-0.0699606836695384,-1.384827872172494,1.3885699436644268,3.4734966117556882,-1.246353394688026,0.0,1.0,-1.0,-48.0,48.0,0.0
0.1525,166.666667,159.6976268768764,-0.027697496632080983,-0.027697496632080983,2.645691694018809,7.652018299242757,1.663274024403409,-9.315292323646165,-0.05229000819000065,-1.0947849063605264,1.0975891559575754,2.7458037843095817,-4.532521699737563,0.0,1.0,-1.0,-48.0,48.0,0.0
0.153,166.666667,160.22122565352188,-0.026672187316765163,-0.026672187316765163,-3.1149201458306015,4.42836255825718,7.135643340878068,-11.564005899135248,-0.022548261014274203,-0.49033472138268686,0.49154591096717193,1.2297408855008671,-7.5487002894958515,-1.0,1.0,0.0,-48.0,0.0,48.0
0.1535,166.666667,160.7448244301674,-0.02651724389886526,-0.02651724389886526,-2.5914763126029845,-1.3090879444198613,9.4073605886306,-8.09827264421074,0.010674988339445166,0.23350182737376834,-0.23407537580138782,-0.5856096952639988,-6.964139486052101,-1.0,1.0,0.0,-48.0,0.0,48.0
0.154,166.666667,161.26842320681288,-0.027232204886240927,-0.027232204886240927,-2.0671625749701183,-6.671435302405674,11.412802338074615,-4.741367035668941,0.04207713852781918,0.8960950136588348,-0.8983532306154375,-2.2474281473278266,-6.320852913825519,-1.0,0.0,1.0,0.0,-48.0,48.0
0.1545,166.666667,161.7920219834584,-0.028668783315518354,-0.028668783315518354,-1.542127219895341,-8.960219584036068,7.743987364135776,1.216232219900292,0.06577754854756125,1.3302516813601144,-1.3337736589851463,-3.3365152675631236,-2.4246532043247315,-1.0,0.0,1.0,0.0,-48.0,48.0
0.155,166.666667,162.31562076010388,-0.030410705486243448,-0.030410705486243448,-1.0167865210791185,-11.099675455008601,4.277196383558662,6.82247907144994,0.07275074317015878,1.3864944667241392,-1.3903782037612546,-3.4778477680913915,1.254519175909349,0.0,-1.0,1.0,48.0,-48.0,0.0
0.1555,166.666667,162.83921953674937,-0.03200102045415674,-0.03200102045415674,-0.49159742946573387,-7.65187626975261,-1.6627427544165867,9.314619024169197,0.06045922360812468,1.0946002322792852,-1.0978185053875245,-2.7458570999886547,4.555381355802923,0.0,-1.0,1.0,48.0,-48.0,0.0
0.156,166.666667,163.36281831339488,-0.03302491935054109,-0.03302491935054109,0.033025246076172035,-4.429099137223452,-7.134518816656766,11.563617953880218,0.027822403950630955,0.4879887929607437,-0.48946692835478345,-1.2241972297503123,7.5680631735075075,1.0,-1.0,0.0,48.0,0.0,-48.0
0.1565,166.666667,163.88641709004037,-0.033176413437230934,-0.033176413437230934,0.5567755168083373,1.3082616515831855,-9.405771865971284,8.097510214388098,-0.01353353582902763,-0.2362782983966853,0.23699709188321397,0.5927454129561172,6.957052130361339,1.0,-1.0,0.0,48.0,0.0,-48.0
0.157,166.666667,164.41001586668588,-0.032458806362572076,-0.032458806362572076,1.079656686379203,6.671364336751257,-11.411310939135953,4.739946602384697,-0.05025595100431903,-0.8969482794391603,0.8996211337032333,2.2500821415997505,6.294986226513149,1.0,0.0,-1.0,0.0,48.0,-48.0
0.1575,166.666667,164.93361464333137,-0.031022396483702294,-0.031022396483702294,1.6018190531458252,8.96102613247445,-7.743055771933841,-1.217970360540608,-0.07114338707702733,-1.3289517634428492,1.332745551579954,3.3335978258410424,2.4086244686115785,1.0,0.0,-1.0,0.0,48.0,-48.0
0.158,166.666667,165.45721341997685,-0.029282494611999534,-0.029282494611999534,2.1236779279196094,11.10058505164087,-4.276679432123933,-6.823905619516938,-0.06995489952498357,-1.3849066804063708,1.3886484683397482,3.4736936637382487,-1.2464382015853446,0.0,1.0,-1.0,-48.0,48.0,0.0
0.1585,166.666667,165.98081219662237,-0.02769334063799053,-0.02769334063799053,2.6456875505911137,7.652021773771028,1.6634213913650084,-9.315443165136037,-0.05228544800236966,-1.0948546204226168,1.0976586441622846,2.745978127986596,-4.532618293704815,0.0,1.0,-1.0,-48.0,48.0,0.0
0.159,166.666667,166.50441097326785,-0.026667950407964724,-0.026667950407964724,-3.114924370173028,4.428365399203319,7.135792062578021,-11.56415746178134,-0.02254739453535921,-0.4903941817500501,0.4916053327151942,1.2298897783552536,-7.548806934922905,-1.0,1.0,0.0,-48.0,0.0,48.0
0.1595,166.666667,167.02800974991337,-0.026512939567396684,-0.026512939567396684,-2.5914806043680723,-1.3090851070174239,9.407508548447586,-8.098423441430162,0.010671059730502029,0.23345398288942612,-0.2340273240280025,-0.5854895919012618,-6.964262794040078,-1.0,1.0,0.0,-48.0,0.0,48.0
0.16,166.666667,167.55160852655885,-0.027227848521622283,-0.027227848521622283,-2.0671669187683643,-6.671431860453976,11.412947088467321,-4.741515228013346,0.042068742773371554,0.8960603262411787,-0.8983181081230069,-2.2473407166702772,-6.320990504239315,-1.0,0.0,1.0,0.0,-48.0,48.0
0.1605,166.666667,168.07520730320434,-0.028664391916654566,-0.028664391916654566,-1.5421315987278343,-8.960215200877895,7.744126719611629,1.2160884812662662,0.06576639043536729,1.3302309809039827,-1.3337523867839198,-3.336462702474419,-2.4247941841995106,-1.0,0.0,1.0,0.0,-48.0,48.0
0.161,166.666667,168.59880607984985,-0.03040629665346257,-0.03040629665346257,-1.0167909173455167,-11.099669911222865,4.277328167907816,6.822341743315049,0.07273978347266434,1.3864879088415047,-1.390371091028201,-3.477830650155501,1.254376929432764,0.0,-1.0,1.0,48.0,-48.0,0.0
0.1615,166.666667,169.12240485649534,-0.03199661158546702,-0.03199661158546702,-0.49160182576802874,-7.65186996566852,-1.66262024260178,9.3144902082703,0.060451203683508446,1.0946069109867838,-1.0978247835794726,-2.745873330940719,4.55525694279387,0.0,-1.0,1.0,48.0,-48.0,0.0
0.162,166.666667,169.64600363314085,-0.03302052599144065,-0.03302052599144065,0.03302086528346187,-4.42909254071659,-7.134406765472713,11.563499306189303,0.02781970365580623,0.488006838615675,-0.48948484302484124,-1.2242422692402377,7.567957101678314,1.0,-1.0,0.0,48.0,0.0,-48.0
0.1625,166.666667,170.16960240978634,-0.033172048659899256,-0.033172048659899256,0.5567711645974077,1.3082677637075424,-9.405671081538935,8.097403317831393,-0.013530188379369448,-0.23625117301003357,0.23696979476122512,0.5926772532318555,6.956973119025476,1.0,-1.0,0.0,48.0,0.0,-48.0
0.163,166.666667,170.69320118643182,-0.03245448005341281,-0.03245448005341281,1.0796523726364033,6.671369269811916,-11.411221553702726,4.7398522838908095,-0.050247323344039224,-0.8969147126361022,0.8995871298607381,2.2499975166922903,6.294933242712845,1.0,0.0,-1.0,0.0,48.0,-48.0
0.1635,166.666667,171.21679996307734,-0.031018115450580537,-0.031018115450580537,1.6018147846790929,8.961029512504929,-7.742977831421442,-1.218051681083488,-0.07113147261420394,-1.3289138233228086,1.3327070053681447,3.3335020353807034,2.4085880119454712,1.0,0.0,-1.0,0.0,48.0,-48.0
0.164,166.666667,171.74039873972282,-0.02927826342031693,-0.02927826342031693,2.123673709294295,11.10058664128382,-4.276612629663502,-6.823974011620319,-0.06994267049577353,-1.384865904896271,1.3886070656017546,3.473590744020816,-1.2464589243746877,0.0,1.0,-1.0,-48.0,48.0,0.0
0.1645,166.666667,172.26399751636833,-0.02768916223187424,-0.02768916223187424,2.6456833847513654,7.652021944996433,1.6634772650285448,-9.315499210024978,-0.05227546383443912,-1.0948116511915975,1.0976151582833367,2.745869850705754,-4.53264033049218,0.0,1.0,-1.0,-48.0,48.0,0.0
0.165,166.666667,172.78759629301382,-0.026663827535839582,-0.026663827535839582,-3.1149284804787736,4.4283645688896005,7.13583709259459,-11.56420166148419,-0.022541807215418944,-0.49034886068687655,0.49155971923233605,1.229775889624098,-7.548829611137778,-1.0,1.0,0.0,-48.0,0.0,48.0
0.1655,166.666667,173.3111950696593,-0.026508875230337483,-0.026508875230337483,-2.5914846561387677,-1.3090862303718946,9.40754282290141,-8.098456592529516,0.010671614859048946,0.23350210595996193,-0.23407548050147065,-0.585610176069199,-6.9642934529930685,-1.0,1.0,0.0,-48.0,0.0,48.0
0.166,166.666667,173.83479384630482,-0.02722384653757905,-0.02722384653757905,-2.067170908186035,-6.671432644266154,11.41297039010931,-4.741537745843156,0.04206495011955227,0.8961119610683007,-0.8983695536501185,-2.247469819537947,-6.321027682479514,-1.0,0.0,1.0,0.0,-48.0,48.0
0.1665,166.666667,174.3583926229503,-0.028660456761326045,-0.028660456761326045,-1.542135521316801,-8.960215314186893,7.744139089424804,1.2160762247620895,0.06576004226690046,1.3302862762161236,-1.3338073652151756,-3.3366008156169533,-2.42482899089097,-1.0,0.0,1.0,0.0,-48.0,48.0
0.167,166.666667,174.88199139959582,-0.03040243267186386,-0.03040243267186386,-1.016794768760725,-11.099669126478416,4.277329601718612,6.822339524759804,0.07273355489185446,1.3865465306345113,-1.3904294067940033,-3.4779771097993177,1.254345050206407,0.0,-1.0,1.0,48.0,-48.0,0.0
0.1675,166.666667,175.4055901762413,-0.031992822444109545,-0.031992822444109545,-0.4916056023430213,-7.651868629377042,-1.6626293762546593,9.314498005631702,0.06044735316068716,1.0946677426275517,-1.0978854329286734,-2.7460254805559345,4.555243101533016,0.0,-1.0,1.0,48.0,-48.0,0.0
0.168,166.666667,175.9291889528868,-0.033016813433893406,-0.033016813433893406,0.03301716529227175,-4.429091008601975,-7.134425743062663,11.563516751664638,0.02782004427380345,0.4880680995168728,-0.4895461325632039,-1.2243957567463684,7.567959930491313,1.0,-1.0,0.0,48.0,0.0,-48.0
0.1685,166.666667,176.4527877295323,-0.03316841219170431,-0.03316841219170431,0.5567675406955959,1.3082688776459825,-9.405698985005321,8.097430107359338,-0.01352527347699702,-0.23619144177405763,0.23690980752445162,0.5925273145974628,6.956998295997954,1.0,-1.0,0.0,48.0,0.0,-48.0
0.169,166.666667,176.9763865061778,-0.03245091655212327,-0.03245091655212327,1.0796488217015041,6.6713694404622945,-11.411256989735449,4.7398875492731545,-0.050238623121953686,-0.8968586052012688,0.8995305776707986,2.249856420386205,6.294978323657567,1.0,0.0,-1.0,0.0,48.0,-48.0
0.1695,166.666667,177.4999852828233,-0.031014619445552134,-0.031014619445552134,1.6018113012404387,8.961028511312119,-7.7430195138864875,-1.2180089974256303,-0.07112067205719538,-1.3288628230526212,1.332655453030118,3.333373598000032,2.408643925386798,1.0,0.0,-1.0,0.0,48.0,-48.0
0.17,166.666667,178.0235840594688,-0.02927482793966016,-0.02927482793966016,2.1236702863800407,11.100584309008804,-4.2766590795168735,-6.82392522949193,-0.06993214347770209,-1.3848209514260617,1.3885615708756582,3.4734774661616457,-1.2463938337126808,0.0,1.0,-1.0,-48.0,48.0,0.0
0.1705,166.666667,178.54718283611427,-0.027685779434852915,-0.027685779434852915,2.6456800145207002,7.652018657035834,1.663427284412197,-9.315445941448031,-0.05226719039692873,-1.0947728668324732,1.0975759454352387,2.745772166001063,-4.532580712059815,0.0,1.0,-1.0,-48.0,48.0,0.0
0.171,166.666667,179.0707816127598,-0.02666048997229928,-0.02666048997229928,-3.114931805475919,4.428360682581498,7.13578457765763,-11.564145260239128,-0.022537444256929988,-0.49031564506339365,0.49152627548504096,1.229692403799094,-7.548775588525796,-1.0,1.0,0.0,-48.0,0.0,48.0
0.1715,166.666667,179.59438038940527,-0.0265055762900159,-0.0265055762900159,-2.591487942512714,-1.3090901042090142,9.407488654126562,-8.098398549917547,0.0106715846494828,0.23353065587474273,-0.23410403169581662,-0.5856816917541819,-6.96425163687497,-1.0,1.0,0.0,-48.0,0.0,48.0
0.172,166.666667,180.11797916605076,-0.027220580988349428,-0.027220580988349428,-2.067174161168907,-6.6714359588272805,11.412915011309567,-4.741479052482286,0.04206105372128415,0.8961370254436155,-0.8983944205318883,-2.2475323563848297,-6.320997501581599,-1.0,0.0,1.0,0.0,-48.0,48.0
0.1725,166.666667,180.64157794269624,-0.028657220697217073,-0.028657220697217073,-1.5421387448145367,-8.96021778969644,7.744083053558915,1.2161347361375252,0.06575367898597988,1.3303086368600234,-1.3338294040719303,-3.3366564251743474,-2.424803751176256,-1.0,0.0,1.0,0.0,-48.0,48.0
0.173,166.666667,181.16517671934173,-0.030399222937464783,-0.030399222937464783,-1.0167979659288164,-11.099670524938178,4.277273233792687,6.822397291145491,0.07272688007614998,1.3865666233331597,-1.3904491651523851,-3.478027023207585,1.254365389055081,0.0,-1.0,1.0,48.0,-48.0,0.0
0.1735,166.666667,181.68877549598724,-0.03198963623431907,-0.03198963623431907,-0.4916087759864354,-7.651869235834438,-1.6626855660534416,9.31455480188788,0.0604422643926029,1.0946853827633034,-1.097902821246305,-2.7460693537273575,4.5552709247517935,0.0,-1.0,1.0,48.0,-48.0,0.0
0.174,166.666667,182.21237427263273,-0.033013647280819625,-0.033013647280819625,0.033014011705546416,-4.429091090475929,-7.134481085689254,11.563572176165183,0.027818179998710887,0.4880825487953547,-0.4895604917837722,-1.2244318386065112,7.567994195338382,1.0,-1.0,0.0,48.0,0.0,-48.0
0.1745,166.666667,182.73597304927824,-0.03316526168764206,-0.03316526168764206,0.5567644027578637,1.3082687927839096,-9.405752791661149,8.09748399887724,-0.013523386810822881,-0.23618109820049152,0.236899368111685,0.5925012858800156,6.957044211820932,1.0,-1.0,0.0,48.0,0.0,-48.0
0.175,166.666667,183.25957182592373,-0.03244777597290138,-0.03244777597290138,1.079645693688633,6.67136887586812,-11.411308243226495,4.7399393673583745,-0.050233436729066376,-0.896853446153896,0.8995251586146567,2.249843174036014,6.295034343473777,1.0,0.0,-1.0,0.0,48.0,-48.0
0.1755,166.666667,183.78317060256921,-0.03101148192698569,-0.03101148192698569,1.6018081762881877,8.961027241530346,-7.743067422411145,-1.2179598191191998,-0.07111346244631364,-1.3288634491446134,1.332655716090157,3.333374714205926,2.4087026455646936,1.0,0.0,-1.0,0.0,48.0,-48.0
0.176,166.666667,184.30676937921473,-0.029271686151448324,-0.029271686151448324,2.1236671571581667,11.10058212994783,-4.2767027423789985,-6.823879387568831,-0.06992492514788516,-1.3848275355195014,1.3885677888193766,3.4734935021497724,-1.246333342884791,0.0,1.0,-1.0,-48.0,48.0,0.0
0.1765,166.666667,184.8303681558602,-0.02768262608189194,-0.02768262608189194,2.6456768737340894,7.652015871858461,1.6633884561266805,-9.315404327985142,-0.052261778034334495,-1.0947848831240452,1.0975876856394478,2.7458019209800195,-4.532531452322585,0.0,1.0,-1.0,-48.0,48.0,0.0
0.177,166.666667,185.35396693250573,-0.026657318896690454,-0.026657318896690454,-3.114934963985171,4.428357572217723,7.135750878556816,-11.564108450774539,-0.022535498186849193,-0.490331930231706,0.49154246204252383,1.2297330731173581,-7.548737435891793,-1.0,1.0,0.0,-48.0,0.0,48.0
0.1775,166.666667,185.8775657091512,-0.026502382856336024,-0.026502382856336024,-2.5914911233800457,-1.3090929904779145,9.407460211583253,-8.098367221105338,0.010669418513204267,0.23351153129834512,-0.23408479354357903,-0.5856336452509107,-6.964230676828821,-1.0,1.0,0.0,-48.0,0.0,48.0
0.178,166.666667,186.4011644857967,-0.027217362569833155,-0.027217362569833155,-2.067177367021053,-6.671438108660054,11.412891468608926,-4.741453359948872,0.042055101859059134,0.8961167373773142,-0.8983738244845697,-2.2474811529473535,-6.320993004834497,-1.0,0.0,1.0,0.0,-48.0,48.0
0.1785,166.666667,186.9247632624422,-0.028653976596483176,-0.028653976596483176,-1.5421419763489086,-8.960218934934762,7.744064123760993,1.2161548111737688,0.06574519372732036,1.3302884415142167,-1.3338087733587642,-3.336605295368164,-2.4248087476193096,-1.0,0.0,1.0,0.0,-48.0,48.0
0.179,166.666667,187.4483620390877,-0.0303959537729065,-0.0303959537729065,-1.0168012225269865,-11.09967042830182,4.277258375641713,6.822412052660107,0.07271799917347184,1.386547384210016,-1.390429474316666,-3.477978268696473,1.2543514880216955,0.0,-1.0,1.0,48.0,-48.0,0.0
0.1795,166.666667,187.9719608157332,-0.03198634346780528,-0.03198634346780528,-0.49161205618658976,-7.6518681891011475,-1.6626967153416268,9.314564904442774,0.060434998525885235,1.0946672648239015,-1.0978843362299795,-2.7460235134525917,4.55526150976073,0.0,-1.0,1.0,48.0,-48.0,0.0
0.18,166.666667,188.4955595923787,-0.0330103320896885,-0.0330103320896885,0.03301070908080537,-4.429089386094934,-7.1344887143301365,11.56357810042507,0.02781436901924699,0.48806506173235586,-0.48954281165734054,-1.2243877952946831,7.5679891396365875,1.0,-1.0,0.0,48.0,0.0,-48.0
0.1805,166.666667,189.01915836902418,-0.03316192456350918,-0.03316192456350918,0.5567610782000896,1.3082705793888323,-9.405757033705312,8.09748645431648,-0.013523025038477039,-0.23619872612890322,0.23691698145034829,0.592545423784041,6.957049934843763,1.0,-1.0,0.0,48.0,0.0,-48.0
0.181,166.666667,189.5427571456697,-0.032444416206642464,-0.032444416206642464,1.0796423464887324,6.6713702066366825,-11.411308857311916,4.739938650675233,-0.05022925085153923,-0.8968722536783363,0.8995437604439912,2.2498900288827888,6.295050167309457,1.0,0.0,-1.0,0.0,48.0,-48.0
0.1815,166.666667,190.06635592231518,-0.031008097680678817,-0.031008097680678817,1.601804804608271,8.961027827826754,-7.7430643398524905,-1.2179634879742633,-0.07110675214784362,-1.3288840512295184,1.3326759834486521,3.3334259032561255,2.408721437949779,1.0,0.0,-1.0,0.0,48.0,-48.0
0.182,166.666667,190.5899546989607,-0.02926827507972777,-0.02926827507972777,2.123663758652817,11.100581720918,-4.2766957383128466,-6.823885982605154,-0.0699178692836598,-1.384850157349624,1.3885900548936065,3.4735497237514044,-1.2463119319031084,0.0,1.0,-1.0,-48.0,48.0,0.0
0.1825,166.666667,191.11355347560618,-0.027679185792151045,-0.027679185792151045,2.6456734460107394,7.652014749236308,1.6633993394887963,-9.315414088725104,-0.052256400773128556,-1.0948090492151978,1.0976115788108534,2.74586211370935,-4.532521025674745,0.0,1.0,-1.0,-48.0,48.0,0.0
0.183,166.666667,191.63715225225167,-0.026653848080788776,-0.026653848080788776,-3.1149384222347156,4.428356022068081,7.135765340954536,-11.564121363022617,-0.022533678726317372,-0.4903565171552835,0.49156695771454556,1.2297945465153666,-7.54873744974905,-1.0,1.0,0.0,-48.0,0.0,48.0
0.1835,166.666667,192.16075102889718,-0.026498881657759262,-0.026498881657759262,-2.591494612012227,-1.3090943928413932,9.407477823821713,-8.09838343098032,0.010666922100984301,0.2334878983638688,-0.23406102955675004,-0.585574284043362,-6.964247394061033,-1.0,1.0,0.0,-48.0,0.0,48.0
0.184,166.666667,192.68434980554267,-0.027213833066922207,-0.027213833066922207,-2.0671808839575907,-6.671438822648537,11.412911362228757,-4.7414725395802195,0.042048630118350715,0.8960956634797809,-0.8983524158061511,-2.2474279476585406,-6.3210252596406455,-1.0,0.0,1.0,0.0,-48.0,48.0
0.1845,166.666667,193.20794858218818,-0.028650422668447112,-0.028650422668447112,-1.5421455177105519,-8.960218673075657,7.7440855549365715,1.2161331181390855,0.06573613145941959,1.330271034499738,-1.3337909018853205,-3.3365611137296396,-2.4248485268481574,-1.0,0.0,1.0,0.0,-48.0,48.0
0.185,166.666667,193.73154735883367,-0.03039238038204497,-0.03039238038204497,-1.0168047833514753,-11.099668958111131,4.2772804195000065,6.822388538611125,0.07270870800634424,1.3865342861721635,-1.3904159047397175,-3.4779448722002972,1.25430515109683,0.0,-1.0,1.0,48.0,-48.0,0.0
0.1855,166.666667,194.25514613547915,-0.03198275610240513,-0.03198275610240513,-0.4916156309856352,-7.65186583127532,-1.662674724425862,9.314540555701182,0.06042767905602878,1.0946583264018293,-1.097875029632631,-2.746000665478968,4.555223481799742,0.0,-1.0,1.0,48.0,-48.0,0.0
0.186,166.666667,194.77874491212467,-0.033006735502577426,-0.033006735502577426,0.03300712506005206,-4.429086478836099,-7.134467176705177,11.563553655541275,0.027810993319246642,0.4880594018034372,-0.4895369825860286,-1.2243734074174422,7.5679594029833375,1.0,-1.0,0.0,48.0,0.0,-48.0
0.1865,166.666667,195.30234368877015,-0.0331583223199375,-0.0331583223199375,0.5567574885229045,1.3082734094588186,-9.405736209095497,8.097462799636679,-0.01352174956843561,-0.23620229976610638,0.23692049233445892,0.5925542973160004,6.957035448050108,1.0,-1.0,0.0,48.0,0.0,-48.0
0.187,166.666667,195.82594246541566,-0.032440810125345054,-0.032440810125345054,1.0796387529738207,6.671372383304527,-11.411288552385434,4.7399161690809075,-0.05022379333255557,-0.8968752158896244,0.8995464505625682,2.249897110353717,6.295050096673118,1.0,0.0,-1.0,0.0,48.0,-48.0
0.1875,166.666667,196.34954124206115,-0.031004487922546294,-0.031004487922546294,1.601801207416528,8.961029043730639,-7.7430444673879295,-1.2179845763427093,-0.07109859843304253,-1.3288874097575705,1.3326789318092687,3.3334338052045656,2.408727992042574,1.0,0.0,-1.0,0.0,48.0,-48.0
0.188,166.666667,196.87314001870664,-0.029264660830851448,-0.029264660830851448,2.123660156970302,11.10058173208934,-4.276676004851035,-6.823905727238305,-0.06990940156259685,-1.384854489570722,1.388593957121243,3.4735600394804083,-1.2462992629272196,0.0,1.0,-1.0,-48.0,48.0,0.0
0.1885,166.666667,197.39673879535215,-0.027675565770396184,-0.027675565770396184,2.6456698385553774,7.6520138633069426,1.6634190032213891,-9.315432866528331,-0.05224977353542246,-1.0948141790914339,1.0976163695328183,2.7458745403660316,-4.53251673467612,0.0,1.0,-1.0,-48.0,48.0,0.0
0.189,166.666667,197.92033757199763,-0.02665022174490272,-0.02665022174490272,-3.1149420360042166,4.4283545601336884,7.135784780045408,-11.564139340179096,-0.02253082974718883,-0.49036158038680744,0.4915718746801763,1.2298070467621403,-7.548740986363782,-1.0,1.0,0.0,-48.0,0.0,48.0
0.1895,166.666667,198.44393634864315,-0.026495249597711604,-0.026495249597711604,-2.591498231505917,-1.3090958212469097,9.407496787595278,-8.098400966348368,0.01066527583419757,0.23348402945628322,-0.23405707538835593,-0.5855644864862886,-6.964265300674132,-1.0,1.0,0.0,-48.0,0.0,48.0
0.19,166.666667,198.96753512528863,-0.027210197509199226,-0.027210197509199226,-2.0671845069489416,-6.671439654027445,11.412929194009521,-4.7414895399820765,0.042042921296499156,0.8960943558276663,-0.8983508146909797,-2.2474243059963963,-6.321056319935763,-1.0,0.0,1.0,0.0,-48.0,48.0
0.1905,166.666667,199.49113390193412,-0.02864678733903134,-0.02864678733903134,-1.5421491404736194,-8.960218609556962,7.744101755158102,1.216116854398861,0.06572784595525734,1.3302731459449126,-1.3337925909314947,-3.3365658759766155,-2.424884562899571,-1.0,0.0,1.0,0.0,-48.0,48.0
0.191,166.666667,200.01473267857963,-0.030388749776772202,-0.030388749776772202,-1.0168084013903715,-11.099667768223828,4.277294339342874,6.8223734288809545,0.07270027659137766,1.3865402093036143,-1.3904214026137058,-3.477959179205769,1.2542649685244291,0.0,-1.0,1.0,48.0,-48.0,0.0
0.1915,166.666667,200.53833145522512,-0.03197913493830519,-0.03197913493830519,-0.49161923958335124,-7.651863840695827,-1.6626634493373365,9.314527290033164,0.06042130456665397,1.0946676712738712,-1.0978840568277548,-2.7460236779696188,4.5551939813143765,0.0,-1.0,1.0,48.0,-48.0,0.0
0.192,166.666667,201.06193023187063,-0.03300312747043771,-0.03300312747043771,0.03300352959430269,-4.429084027294897,-7.134458627433286,11.563542654728183,0.02780859530501522,0.4880710704783395,-0.4895485340916506,-1.2244024904473032,7.567940193428576,1.0,-1.0,0.0,48.0,0.0,-48.0
0.1925,166.666667,201.58552900851612,-0.03315472967291221,-0.03315472967291221,0.5567539084422527,1.3082757023804064,-9.405730317453212,8.097454615072806,-0.013519550984364264,-0.23618967822687262,0.23690775899686714,0.5925225426938778,6.957033102576011,1.0,-1.0,0.0,48.0,0.0,-48.0
0.193,166.666667,202.1091277851616,-0.032437233168941475,-0.032437233168941475,1.0796351885837716,6.671373957952589,-11.411284796482077,4.739910838529488,-0.050217545569860966,-0.8968632539901611,0.8995341743870734,2.2498667560869294,6.295063355872813,1.0,0.0,-1.0,0.0,48.0,-48.0
0.1935,166.666667,202.63272656180712,-0.031000925153936053,-0.031000925153936053,1.6017976572142836,8.961029615457273,-7.743042436346122,-1.2179871791111505,-0.07108982823144666,-1.3288772170028418,1.3326682956818967,3.3334077213753006,2.4087487642662455,1.0,0.0,-1.0,0.0,48.0,-48.0
0.194,166.666667,203.1563253384526,-0.029261109661979503,-0.029261109661979503,2.12365661836781,11.100581079430121,-4.276675088596066,-6.823905990834055,-0.06990047443057325,-1.3848467172405916,1.3885857298148874,3.473540003579841,-1.2462717869290016,0.0,1.0,-1.0,-48.0,48.0,0.0
0.1945,166.666667,203.67992411509812,-0.027672023065379664,-0.027672023065379664,2.645666308416728,7.652012310443676,1.6634191827074938,-9.31543149315117,-0.05224278732464217,-1.0948087114921237,1.0976105431736416,2.745860397152524,-4.532497026371772,0.0,1.0,-1.0,-48.0,48.0,0.0
0.195,166.666667,204.2035228917436,-0.026646685037236245,-0.026646685037236245,-3.1149455601455154,4.428352435499226,7.135784369975914,-11.56413680547514,-0.022527641729181203,-0.4903576071297984,0.4915677367749881,1.2297968887538993,-7.5487286786058725,-1.0,1.0,0.0,-48.0,0.0,48.0
0.1955,166.666667,204.7271216683891,-0.026491717494925217,-0.026491717494925217,-2.5915017510423306,-1.3090979102258586,9.407495831712595,-8.098397921486736,0.010664009470688494,0.23348759190871402,-0.23406057290306714,-0.585573328952715,-6.964266933944716,-1.0,1.0,0.0,-48.0,0.0,48.0
0.196,166.666667,205.2507204450346,-0.027206670205473626,-0.027206670205473626,-2.067188021686264,-6.67144115004598,11.412927319495369,-4.741486169449389,0.04203765236190082,0.8960988398717787,-0.8983550284910036,-2.247435200808552,-6.321070856439691,-1.0,0.0,1.0,0.0,-48.0,48.0
0.1965,166.666667,205.7743192216801,-0.02864326650146152,-0.02864326650146152,-1.5421526487448043,-8.960219220430549,7.7440987310935485,1.2161204893369997,0.06572002961771779,1.3302794058103935,-1.3337984528429099,-3.336581060006657,-2.4249042397980327,-1.0,0.0,1.0,0.0,-48.0,48.0
0.197,166.666667,206.2979179983256,-0.030385237858432293,-0.030385237858432293,-1.0168119007423126,-11.099667260657753,4.277289762029627,6.822377498628126,0.07269226374744006,1.3865486663393736,-1.3904294559169301,-3.477979860164344,1.2542407759090959,0.0,-1.0,1.0,48.0,-48.0,0.0
0.1975,166.666667,206.8215167749711,-0.031975634669341196,-0.031975634669341196,-0.49162272728591555,-7.651862528973316,-1.662669727817088,9.314532256790404,0.06041521474313545,1.0946780077760079,-1.0978940900769851,-2.7460491923341275,4.555179439097527,0.0,-1.0,1.0,48.0,-48.0,0.0
0.198,166.666667,207.34511555161657,-0.03299964067342437,-0.03299964067342437,0.03300005536365704,-4.429082231361964,-7.134466506710193,11.563548738072157,0.02780627511499944,0.4880823010816589,-0.4895596513138022,-1.2244304808666104,7.567934759529715,1.0,-1.0,0.0,48.0,0.0,-48.0
0.1985,166.666667,207.8687143282621,-0.033151256885167395,-0.033151256885167395,0.556750448220895,1.308277387502427,-9.40573958365468,8.097462196152254,-0.013517500910631417,-0.2361787883044308,0.23689676499600543,0.5924951351844666,6.957043005695292,1.0,-1.0,0.0,48.0,0.0,-48.0
0.199,166.666667,208.39231310490757,-0.03243377316540011,-0.03243377316540011,1.0796317411466125,6.671374994035459,-11.411294816086956,4.739919822051497,-0.05021164106457294,-0.8968541628395329,0.8995247866218937,2.2498436147033702,6.295087288096759,1.0,0.0,-1.0,0.0,48.0,-48.0
0.1995,166.666667,208.9159118815531,-0.03099747509302649,-0.03099747509302649,1.601794219719749,8.961029732399345,-7.7430527175449155,-1.2179770148544293,-0.0710815250887554,-1.328870888990493,1.332661548426478,3.3333913483349478,2.4087788425941996,1.0,0.0,-1.0,0.0,48.0,-48.0
0.2,166.666667,209.43951065819857,-0.02925766579250637,-0.02925766579250637,2.1236531870647175,11.100580058939194,-4.276684964372578,-6.823895094566615,-0.06989204369910464,-1.3848436687680727,1.388582252229826,3.4735318326289506,-1.2462363836910313,0.0,1.0,-1.0,-48.0,48.0,0.0
0.2005,166.666667,209.96310943484406,-0.027668581251922203,-0.027668581251922203,2.6456628791696337,7.652010469825948,1.6634101262600878,-9.315420596086035,-0.05223625359722291,-1.0948087115790437,1.0976102083086077,2.7458599795392944,-4.5324703700402065,0.0,1.0,-1.0,-48.0,48.0,0.0
0.201,166.666667,210.48670821148957,-0.02664324194534241,-0.02664324194534241,-3.1149489906710186,4.428350089727252,7.13577629924509,-11.564126388972342,-0.02252481408853948,-0.4903597461724457,0.4915697303506905,1.2298020652567343,-7.5487104554192435,-1.0,1.0,0.0,-48.0,0.0,48.0
0.2015,166.666667,211.01030698813506,-0.0264882709894539,-0.0264882709894539,-2.5915051849814232,-1.3091001694457542,9.407488792904331,-8.098388623458577,0.010662473544340056,0.23348449404058938,-0.23405739553709756,-0.5855654699486358,-6.964263559960026,-1.0,1.0,0.0,-48.0,0.0,48.0
0.202,166.666667,211.53390576478057,-0.02720321985544497,-0.02720321985544497,-2.067191459469933,-6.6714427772627065,11.412920924713397,-4.741478147450691,0.04203216927653224,0.8960962108081085,-0.8983521174113109,-2.2474282634501295,-6.321081365404244,-1.0,0.0,1.0,0.0,-48.0,48.0
0.2025,166.666667,212.05750454142606,-0.028639813474084456,-0.028639813474084456,-1.5421560892057982,-8.960219929646835,7.744092715861434,1.2161272137854002,0.06571200136950679,1.3302782088247236,-1.333796846152581,-3.3365775508502997,-2.424921056731171,-1.0,0.0,1.0,0.0,-48.0,48.0
0.203,166.666667,212.58110331807154,-0.030381784249242,-0.030381784249242,-1.0168153417851555,-11.099666817635914,4.277283668596446,6.822383149039468,0.07268398848098796,1.3865494405729948,-1.3904298120010221,-3.477981278623769,1.2542182798337045,0.0,-1.0,1.0,48.0,-48.0,0.0
0.2035,166.666667,213.10470209471703,-0.03197218300058287,-0.03197218300058287,-0.4916261663883231,-7.651861242640147,-1.6626761204305922,9.31453736307074,0.060408787798649624,1.0946805614525335,-1.097896322257646,-2.7460551888813667,4.5551652625890595,0.0,-1.0,1.0,48.0,-48.0,0.0
0.204,166.666667,213.6283008713625,-0.03299619272067598,-0.03299619272067598,0.0329966199772459,-4.429080415489421,-7.134473188820916,11.563553604310338,0.02780354594408989,0.488085775480349,-0.489562990489174,-1.2244390156711653,7.5679284835270035,1.0,-1.0,0.0,48.0,0.0,-48.0
0.2045,166.666667,214.15189964800803,-0.0331478132910419,-0.0331478132910419,0.5567470171931236,1.3082791416202095,-9.405746445753707,8.097467304133497,-0.013515898653546889,-0.23617551156812808,0.23689340792467978,0.5924868274080551,6.957050933072119,1.0,-1.0,0.0,48.0,0.0,-48.0
0.205,166.666667,214.6754984246535,-0.032430332949982245,-0.032430332949982245,1.0796283134975568,6.67137614683314,-11.411301338707625,4.739925191874486,-0.05020617993468461,-0.8968524385094206,0.8995227891538009,2.249838955602059,6.295108285264427,1.0,0.0,-1.0,0.0,48.0,-48.0
0.2055,166.666667,215.199097201299,-0.030994035779230968,-0.030994035779230968,1.6017907929722868,8.961030007813804,-7.743058529243217,-1.2179714785705873,-0.07107362313748045,-1.3288715965021658,1.332661858008716,3.3333926250251023,2.4088052172288483,1.0,0.0,-1.0,0.0,48.0,-48.0
0.206,166.666667,215.7226959779445,-0.029254224090757616,-0.029254224090757616,2.12364975792932,11.100579229645007,-4.276689522001366,-6.823889707643642,-0.0698839530261664,-1.3848472547449289,1.3885854272627385,3.473540302845308,-1.2462053240735593,0.0,1.0,-1.0,-48.0,48.0,0.0
0.2065,166.666667,216.24629475459,-0.02766513356860435,-0.02766513356860435,2.64565944405266,7.652008843920205,1.6634071104202195,-9.315415954340425,-0.05223000333053489,-1.0948148867212197,1.0976160637218877,2.7458750486923886,-4.5324485949319175,0.0,1.0,-1.0,-48.0,48.0,0.0
0.207,166.666667,216.7698935312355,-0.026639785555468254,-0.026639785555468254,-3.114952434494556,4.42834797519451,7.1357748637333875,-11.564122838927897,-0.022522235302026593,-0.49036754989787773,0.4915774019995431,1.2298214478174463,-7.548697585074306,-1.0,1.0,0.0,-48.0,0.0,48.0
0.2075,166.666667,217.293492307881,-0.02648480442691205,-0.02648480442691205,-2.5915086389776305,-1.3091021843618496,9.407488854901716,-8.098386670539867,0.010660696289783929,0.23347628778052476,-0.23404909682875918,-0.5855447988767571,-6.964265976252915,-1.0,1.0,0.0,-48.0,0.0,48.0
0.208,166.666667,217.81709108452648,-0.027199743412426525,-0.027199743412426525,-2.0671949233466065,-6.671444147702248,11.41292196714355,-4.741477819441302,0.04202643414343568,0.8960890709267485,-0.8983446820742171,-2.2474100102649963,-6.321098043242677,-1.0,0.0,1.0,0.0,-48.0,48.0
0.2085,166.666667,218.340689861172,-0.02863632908700331,-0.02863632908700331,-1.5421595610265386,-8.960220368849638,7.744094346694835,1.216126022154804,0.06570370905443478,1.3302731301125847,-1.3337913437717717,-3.336564301014061,-2.424944290910766,-1.0,0.0,1.0,0.0,-48.0,48.0
0.209,166.666667,218.86428863781748,-0.03037829481483854,-0.03037829481483854,-1.0168188186531937,-11.099666091915552,4.27728530724582,6.822380784669732,0.07267545750699674,1.3865469818862752,-1.390426921750413,-3.4779745822766426,1.2541892093296505,0.0,-1.0,1.0,48.0,-48.0,0.0
0.2095,166.666667,219.387887414463,-0.03196869185886262,-0.03196869185886262,-0.4916296449636818,-7.6518596644410515,-1.662674810402878,9.31453447484393,0.06040214330088909,1.0946805338998034,-1.0978959618572057,-2.7460547056075506,4.555144598573041,0.0,-1.0,1.0,48.0,-48.0,0.0
0.21,166.666667,219.91148619110848,-0.032992702457109134,-0.032992702457109134,0.032993142280061206,-4.429078305551607,-7.13447230264011,11.563550608191717,0.02780067008283562,0.48808730573374215,-0.48956437784252366,-1.2244426710550367,7.5679159073546405,1.0,-1.0,0.0,48.0,0.0,-48.0
0.2105,166.666667,220.43508496775397,-0.03314432533309116,-0.03314432533309116,0.5567435418015364,1.30828118227317,-9.405745966865252,8.097464784592082,-0.01351435459617245,-0.2361735696806675,0.23689138885329647,0.5924818672017433,6.95705291906344,1.0,-1.0,0.0,48.0,0.0,-48.0
0.211,166.666667,220.95868374439948,-0.0324268470596823,-0.0324268470596823,1.079624840173649,6.67137756888292,-11.411300828288686,4.739923259405766,-0.05020069043034059,-0.8968514791292942,0.899521555350928,2.24983621101681,6.295123769345151,1.0,0.0,-1.0,0.0,48.0,-48.0
0.2115,166.666667,221.48228252104497,-0.03099055016998772,-0.03099055016998772,1.6017873199294128,8.961030527184983,-7.743057684723637,-1.217972842461346,-0.07106562691279839,-1.3288725395036498,1.3326623983613324,3.3333944857123368,2.4088264685940475,1.0,0.0,-1.0,0.0,48.0,-48.0
0.212,166.666667,222.00588129769048,-0.029250736112979667,-0.029250736112979667,2.123646282517923,11.100578615132878,-4.276687859498037,-6.823890755634842,-0.0698757383011229,-1.3848505868955117,1.388588342119571,3.4735481293405797,-1.2461789571060609,0.0,1.0,-1.0,-48.0,48.0,0.0
0.2125,166.666667,222.52948007433596,-0.027661640218710298,-0.027661640218710298,2.6456559632691623,7.652007404090731,1.6634098280122973,-9.315417232103028,-0.05222363252051553,-1.0948203534770597,1.0976212044832723,2.7458883356056174,-4.532431228095579,0.0,1.0,-1.0,-48.0,48.0,0.0
0.213,166.666667,223.05307885098145,-0.026636284659070496,-0.026636284659070496,-3.1149559228245867,4.428346021991041,7.135778631275036,-11.564124653266077,-0.0225195665662685,-0.490374220453809,0.4915839357277016,1.2298379859955246,-7.54868879696094,-1.0,1.0,0.0,-48.0,0.0,48.0
0.2135,166.666667,223.57667762762696,-0.026481295029569675,-0.026481295029569675,-2.591512135808566,-1.3091040567862056,9.407493552961396,-8.09838949617519,0.01065897156286709,0.2334696094251251,-0.2340423288836641,-0.5855279585890442,-6.964272193394978,-1.0,1.0,0.0,-48.0,0.0,48.0
0.214,166.666667,224.10027640427245,-0.027196226280939973,-0.027196226280939973,-2.0671984279117144,-6.671445389483444,11.412927049745084,-4.74148166026164,0.042020724620133725,0.8960838229308161,-0.8983391401367042,-2.247396497914728,-6.321118192927237,-1.0,0.0,1.0,0.0,-48.0,48.0
0.2145,166.666667,224.62387518091796,-0.028632806589693825,-0.028632806589693825,-1.542163070957466,-8.96022069032988,7.744099401513521,1.2161212888163593,0.065695438320807,1.3302702677911613,-1.3337880591523077,-3.3365566046836865,-2.4249705502038847,-1.0,0.0,1.0,0.0,-48.0,48.0
0.215,166.666667,225.14747395756345,-0.03037477022634377,-0.03037477022634377,-1.0168223306753337,-11.09966525998253,4.2772897437255395,6.82237551625699,0.07266697266016799,1.3865470175653978,-1.3904265285604867,-3.4779741373859165,1.2541575836564995,0.0,-1.0,1.0,48.0,-48.0,0.0
0.2155,166.666667,225.67107273420893,-0.031965168835668946,-0.031965168835668946,-0.4916331554204962,-7.651857994845358,-1.6626713282724057,9.314529323117764,0.06039558809236036,1.0946832240246633,-1.0978983240712423,-2.746061035956921,4.555121988659319,0.0,-1.0,1.0,48.0,-48.0,0.0
0.216,166.666667,226.19467151085445,-0.03298918382820115,-0.03298918382820115,0.032989636217527325,-4.429076123623599,-7.13446985901491,11.563545982638509,0.02779793422386102,0.48809171725864003,-0.4895686539832083,-1.224453553057705,7.567901968046412,1.0,-1.0,0.0,48.0,0.0,-48.0
0.2165,166.666667,226.71827028749993,-0.03314081269558986,-0.03314081269558986,0.5567400417304125,1.3082832712500263,-9.405744524831716,8.09746125358169,-0.013512629575949156,-0.23616864172806745,0.2368863741373735,0.5924694153128194,6.9570541384797675,1.0,-1.0,0.0,48.0,0.0,-48.0
0.217,166.666667,227.24186906414545,-0.03242334027204467,-0.03242334027204467,1.0796213459523667,6.671379013547968,-11.411299921028457,4.739920907480489,-0.05019499851918192,-0.8968474851103548,0.8995172762430792,2.2498258517241765,6.295139025875699,1.0,0.0,-1.0,0.0,48.0,-48.0
0.2175,166.666667,227.76546784079093,-0.030987047475474348,-0.030987047475474348,1.601783829801283,8.961031043919807,-7.743056975662679,-1.2179740682571272,-0.07105742897625049,-1.3288704477396545,1.3326598932998932,3.3333887313945594,2.4088479377442273,1.0,0.0,-1.0,0.0,48.0,-48.0
0.218,166.666667,228.28906661743642,-0.02924723483524935,-0.02924723483524935,2.1236427938065585,11.100577975650674,-4.276686826555354,-6.823891149095321,-0.06986734057975158,-1.3848509258953763,1.3885882541134467,3.4735484462355624,-1.246151972404666,0.0,1.0,-1.0,-48.0,48.0,0.0
0.2185,166.666667,228.81266539408193,-0.0276581372783875,-0.0276581372783875,2.645652472895213,7.6520059211194695,1.6634114635566317,-9.3154173846761,-0.05221710436196739,-1.094822903992908,1.097623420603005,2.745894307204158,-4.532412927288685,0.0,1.0,-1.0,-48.0,48.0,0.0
0.219,166.666667,229.33626417072742,-0.026632777765205135,-0.026632777765205135,-3.1149594171520807,4.428344011594676,7.135780908566632,-11.564124920161309,-0.022516763697211624,-0.49037808244996944,0.4915876536994228,1.2298474800884984,-7.548678776270796,-1.0,1.0,0.0,-48.0,0.0,48.0
0.2195,166.666667,229.85986294737293,-0.026477783074049084,-0.026477783074049084,-2.5915156351977107,-1.3091059973631722,9.407496399348773,-8.0983904019856,0.010657367868394038,0.23346560330160884,-0.23403823967455656,-0.5855178200367953,-6.964276905971599,-1.0,1.0,0.0,-48.0,0.0,48.0
0.22,166.666667,230.38346172401842,-0.02719270984262865,-0.02719270984262865,-2.0672019317836448,-6.671446708793297,11.412929968248163,-4.741483259454865,0.04201513389251486,0.8960810840106722,-0.898336113643529,-2.247389278443983,-6.321136578972782,-1.0,0.0,1.0,0.0,-48.0,48.0
0.2205,166.666667,230.9070605006639,-0.028629287816743995,-0.028629287816743995,-1.5421665771640412,-8.960221098292902,7.74410203047541,1.2161190678174916,0.06568729084405016,1.3302697265158572,-1.3337871021496468,-3.3365547304924363,-2.424994812644203,-1.0,0.0,1.0,0.0,-48.0,48.0
0.221,166.666667,231.43065927730942,-0.03037125214413946,-0.03037125214413946,-1.0168258361911475,-11.099664523410231,4.277291544019864,6.822372979390368,0.07265861414176322,1.3865491646951833,-1.390428253512785,-3.477978989771883,1.2541281541852045,0.0,-1.0,1.0,48.0,-48.0,0.0
0.2215,166.666667,231.9542580539549,-0.03196165482718448,-0.03196165482718448,-0.4916366568626265,-7.651856428824551,-1.662670641627024,9.314527070451575,0.06038915403610175,1.0946877997009052,-1.0979025782254745,-2.7460720973530397,4.555101703451026,0.0,-1.0,1.0,48.0,-48.0,0.0
0.222,166.666667,232.47785683060042,-0.03298567643236969,-0.03298567643236969,0.03298614138807725,-4.42907405163111,-7.134470320890088,11.563544372521198,0.02779530180031225,0.4880977785265032,-0.4895745853277165,-1.2244685742784134,7.5678904304321115,1.0,-1.0,0.0,48.0,0.0,-48.0
0.2225,166.666667,233.0014556072459,-0.033137313210312026,-0.033137313210312026,0.5567365548115201,1.3082852471070456,-9.40574605176641,8.097460804659365,-0.01351082934925261,-0.23616230365658678,0.23687994528796436,0.5924534262362158,6.957057764091607,1.0,-1.0,0.0,48.0,0.0,-48.0
0.223,166.666667,233.5250543838914,-0.03241984825548593,-0.03241984825548593,1.0796178665021594,6.671380345697833,-11.411302003000854,4.739921657303021,-0.05018926408416508,-0.8968423185574673,0.8995118222593088,2.249812552448634,6.295156646746898,1.0,0.0,-1.0,0.0,48.0,-48.0
0.2235,166.666667,234.0486531605369,-0.03098356087512592,-0.03098356087512592,1.6017803557673156,8.961031452438617,-7.743059236443948,-1.2179722159946695,-0.07104921800247917,-1.3288674164419272,1.3326564478915837,3.3333806226377685,2.408871721449723,1.0,0.0,-1.0,0.0,48.0,-48.0
0.224,166.666667,234.5722519371824,-0.02924375068576719,-0.02924375068576719,2.123639322223452,11.100577234771073,-4.276688707483615,-6.823888527287457,-0.06985894807968443,-1.3848505521115444,1.3885874534864326,3.4735469778925947,-1.2461227533297876,0.0,1.0,-1.0,-48.0,48.0,0.0
0.2245,166.666667,235.0958507138279,-0.027654652219935603,-0.027654652219935603,2.6456490004031235,7.652004344485093,1.6634102749250934,-9.315414619410186,-0.05221058668758057,-1.094824962910792,1.0976251456009631,2.7458990480017693,-4.532392429259914,0.0,1.0,-1.0,-48.0,48.0,0.0
0.225,166.666667,235.6194494904734,-0.02662928923242306,-0.02662928923242306,-3.1149628931184687,4.428341914613087,7.135780482809487,-11.564122397422574,-0.022513963767131325,-0.4903816694960947,0.49159109684228064,1.2298562856157464,-7.548666618759537,-1.0,1.0,0.0,-48.0,0.0,48.0
0.2255,166.666667,236.14304826711887,-0.026474289691202357,-0.026474289691202357,-2.5915191160142066,-1.3091080192627764,9.407496692848369,-8.098388673585593,0.010655774637712657,0.23346166068920893,-0.23403421452117865,-0.5855078412518061,-6.964279529037256,-1.0,1.0,0.0,-48.0,0.0,48.0
0.226,166.666667,236.66664704376439,-0.027189211927650024,-0.027189211927650024,-2.067205417132238,-6.671448105987314,11.412930510295942,-4.741482404308628,0.04200956532765388,0.8960782031559212,-0.8983329463345985,-2.247381704839524,-6.321152947465803,-1.0,0.0,1.0,0.0,-48.0,48.0
0.2265,166.666667,237.19024582040987,-0.028625787266602067,-0.028625787266602067,-1.5421700651478099,-8.960221581901397,7.744102482371615,1.2161190995297813,0.06567916880860028,1.3302688482883573,-1.3337858094431905,-3.336552013831345,-2.425017189399245,-1.0,0.0,1.0,0.0,-48.0,48.0
0.227,166.666667,237.71384459705538,-0.030367751748712285,-0.030367751748712285,-1.0168293240201884,-11.09966385997756,4.277291385251168,6.822372474726394,0.07265027108805865,1.3865507943538962,-1.3904294616904633,-3.477982546818746,1.2541004588955975,0.0,-1.0,1.0,48.0,-48.0,0.0
0.2275,166.666667,238.23744337370087,-0.03195815775427173,-0.03195815775427173,-0.49164014136914114,-7.651854931774931,-1.6626716821318632,9.314526613906795,0.06038271474479626,1.094691697006105,-1.0979061536221484,-2.7460814590232974,4.555082918343346,0.0,-1.0,1.0,48.0,-48.0,0.0
0.228,166.666667,238.76104215034636,-0.032982185033417565,-0.032982185033417565,0.03298266255547368,-4.429072041859557,-7.134472269291303,11.56354431115086,0.027792636450653583,0.4881030242107739,-0.4895796992909785,-1.2244815503147708,7.567880156357717,1.0,-1.0,0.0,48.0,0.0,-48.0
0.2285,166.666667,239.28464092699187,-0.03313382862589134,-0.03313382862589134,0.556733082793476,1.3082871703085637,-9.405748820767567,8.097461650459003,-0.013509088397740352,-0.23615689338607293,0.2368744473656095,0.5924397650878547,6.957062389885901,1.0,-1.0,0.0,48.0,0.0,-48.0
0.229,166.666667,239.80823970363735,-0.032416369918606365,-0.032416369918606365,1.079614400731662,6.671381636756709,-11.411305083055396,4.739923446298687,-0.050183607823278804,-0.8968381665231946,0.8995073868774928,2.2498017995101707,6.295175017145441,1.0,0.0,-1.0,0.0,48.0,-48.0
0.2295,166.666667,240.33183848028287,-0.030980086638885587,-0.030980086638885587,1.601776894097474,8.961031832285457,-7.743062255438229,-1.2179695768472285,-0.07104109328198999,-1.3288654636586836,1.3326540855052709,3.3333752210496423,2.4088960440450014,1.0,0.0,-1.0,0.0,48.0,-48.0
0.23,166.666667,240.85543725692835,-0.029240277517338695,-0.029240277517338695,2.123635861621414,11.100576477052707,-4.276691113561597,-6.82388536349111,-0.06985063860151884,-1.3848513006638024,1.388587779559096,3.4735483263087543,-1.246093194295528,0.0,1.0,-1.0,-48.0,48.0,0.0
0.2305,166.666667,241.37903603357384,-0.027651176716006285,-0.027651176716006285,2.6456455374655596,7.652002761240787,1.6634087851202768,-9.315411546361064,-0.05220414193059665,-1.0948281709283565,1.0976280235606826,2.7459066719741223,-4.5323717398085215,0.0,1.0,-1.0,-48.0,48.0,0.0
0.231,166.666667,241.90263481021935,-0.02662580880369081,-0.02662580880369081,-3.1149663609808327,4.428339819206239,7.135779968989486,-11.564119788195725,-0.02251122398939359,-0.490386417704199,0.49159570436090017,1.2298680037241896,-7.548654417033957,-1.0,1.0,0.0,-48.0,0.0,48.0
0.2315,166.666667,242.42623358686484,-0.026470802956070284,-0.026470802956070284,-2.59152259018295,-1.309110033327137,9.40749709879889,-8.098387065471753,0.01065413124003341,0.23345655877100235,-0.2340290273592733,-0.5854949551725211,-6.964282239017505,-1.0,1.0,0.0,-48.0,0.0,48.0
0.232,166.666667,242.94983236351035,-0.027185719214927764,-0.027185719214927764,-2.0672088972785785,-6.67144949034102,11.412931350998896,-4.741481860657876,0.04200395125637756,0.8960741781562083,-0.8983286324149465,-2.2473712622120607,-6.321169535210727,-1.0,0.0,1.0,0.0,-48.0,48.0
0.2325,166.666667,243.47343114015584,-0.028622290500835066,-0.028622290500835066,-1.5421735493471995,-8.960222048220007,7.744103403184576,1.216118645035431,0.06567100047616421,1.3302668547958791,-1.3337833989630807,-3.336546500433951,-2.425039923766426,-1.0,0.0,1.0,0.0,-48.0,48.0
0.233,166.666667,243.99702991680132,-0.030364253764381854,-0.030364253764381854,-1.016832809438159,-11.099663174773035,4.27729184818205,6.822371326590985,0.07264187762504007,1.3865513510617575,-1.3904295942013534,-3.477983412862395,1.2540722770647044,0.0,-1.0,1.0,48.0,-48.0,0.0
0.2335,166.666667,244.52062869344684,-0.031954661780023645,-0.031954661780023645,-0.4916436247770147,-7.651853408281259,-1.6626719667652128,9.314525375046472,0.060376221363219226,1.0946945762879268,-1.0979087081027248,-2.7460882670572277,4.555063524557783,0.0,-1.0,1.0,48.0,-48.0,0.0
0.234,166.666667,245.04422747009232,-0.032978693496552774,-0.032978693496552774,0.03297918358499641,-4.429070001028148,-7.134473346951754,11.563543347979902,0.027789916719769416,0.4881073177957532,-0.48958385826303574,-1.2244921378488143,7.5678691735140635,1.0,-1.0,0.0,48.0,0.0,-48.0
0.2345,166.666667,245.5678262467378,-0.03313034275532531,-0.03313034275532531,0.5567296094892644,1.3082891286246277,-9.405750623628034,8.097461495003406,-0.013507397175935326,-0.23615236058515882,0.2368698295543822,0.5924283051905053,6.957066230626964,1.0,-1.0,0.0,48.0,0.0,-48.0
0.235,166.666667,246.0914250233833,-0.032412889245229996,-0.032412889245229996,1.0796109326246441,6.671382965922085,-11.411307120777712,4.739924154855627,-0.05017799254764857,-0.8968348110353523,0.8995037502280849,2.2497930445517547,6.295192550252379,1.0,0.0,-1.0,0.0,48.0,-48.0
0.2355,166.666667,246.61502380002878,-0.030976609120346797,-0.030976609120346797,1.6017734291452659,8.961032251876388,-7.743064174570844,-1.217968077305543,-0.0710329990445796,-1.3288642221464286,1.3326524360300012,3.333371603156002,2.408919492550551,1.0,0.0,-1.0,0.0,48.0,-48.0
0.236,166.666667,247.1386225766743,-0.029236800229897195,-0.029236800229897195,2.1236323969003315,11.100575759452614,-4.2766923802947865,-6.823883379157827,-0.06984235065770492,-1.3848526723467152,1.388588729932664,3.4735512370522263,-1.2460645294481214,0.0,1.0,-1.0,-48.0,48.0,0.0
0.2365,166.666667,247.66222135331978,-0.027647696368330935,-0.027647696368330935,2.645642069684226,7.652001217618357,1.6634084567414003,-9.315409674359758,-0.052197713352767836,-1.09483191171501,1.0976314351731906,2.745915631571218,-4.532351968061665,0.0,1.0,-1.0,-48.0,48.0,0.0
0.237,166.666667,248.1858201299653,-0.02662232292108226,-0.02662232292108226,-3.114969834297095,4.428337762603333,7.1357806218217865,-11.56411838442512,-0.022508499741715548,-0.4903916063751389,0.4916007531843802,1.2298808261894698,-7.54864314595636,-1.0,1.0,0.0,-48.0,0.0,48.0
0.2375,166.666667,248.70941890661078,-0.026467310273382588,-0.026467310273382588,-2.591526070299305,-1.3091120091979054,9.407498660382167,-8.098386651184262,0.010652469677979316,0.23345111009669475,-0.2340234924691309,-0.5854811992976727,-6.964285893181652,-1.0,1.0,0.0,-48.0,0.0,48.0
0.238,166.666667,249.23301768325626,-0.02718222017888496,-0.02718222017888496,-2.0672123837483225,-6.671450836709016,11.412933320839423,-4.741482484130407,0.04199831560169035,0.8960699009648256,-0.8983240651627565,-2.247360186450712,-6.3211870702574045,-1.0,0.0,1.0,0.0,-48.0,48.0
0.2385,166.666667,249.75661645990178,-0.028618787154015047,-0.028618787154015047,-1.5421770401276644,-8.96022247642411,7.74410541219041,1.2161170642336998,0.06566280916938769,1.330264702747995,-1.333780828728222,-3.336540588377631,-2.4250635847298687,-1.0,0.0,1.0,0.0,-48.0,48.0
0.239,166.666667,250.28021523654726,-0.030360749056974046,-0.030360749056974046,-1.0168363015792279,-11.099662451442029,4.277293345399304,6.822369106042725,0.07263346443952079,1.3865518401013577,-1.3904296580287745,-3.477984108139085,1.2540432005123596,0.0,-1.0,1.0,48.0,-48.0,0.0
0.2395,166.666667,250.80381401319278,-0.03195115905185235,-0.03195115905185235,-0.4916471149388242,-7.6518518473044,-1.6626712822338414,9.314523129538241,0.060369716106032485,1.0946974736446242,-1.097911280059589,-2.746095119620808,4.555043304506238,0.0,-1.0,1.0,48.0,-48.0,0.0
0.24,166.666667,251.32741278983826,-0.032975195278127443,-0.032975195278127443,0.03297569793294472,-4.429067924461658,-7.134473529713074,11.563541454174732,0.027787196765142064,0.48811170789676367,-0.4895881137552145,-1.2245029671496597,7.567857440056926,1.0,-1.0,0.0,48.0,0.0,-48.0
0.2405,166.666667,251.85101156648375,-0.03312685036906505,-0.03312685036906505,0.5567261296693475,1.308291119597241,-9.405751612924671,8.09746049332743,-0.013505693814395666,-0.236147661303013,0.2368650446244087,0.5924164274826912,6.957069414022347,1.0,-1.0,0.0,48.0,0.0,-48.0
0.241,166.666667,252.37461034312926,-0.03240940230418201,-0.03240940230418201,1.0796074582499857,6.671384323545982,-11.411308431393543,4.739924107847561,-0.050172354845306445,-0.8968312284349556,0.8994998852990376,2.2497837192485637,6.295209520429788,1.0,0.0,-1.0,0.0,48.0,-48.0
0.2415,166.666667,252.89820911977475,-0.030973125652785777,-0.030973125652785777,1.6017699582440814,8.961032695016923,-7.743065456440214,-1.2179672385767093,-0.07102487619103638,-1.3288627015893777,1.3326505060163756,3.333367284425839,2.408942460087661,1.0,0.0,-1.0,0.0,48.0,-48.0
0.242,166.666667,253.42180789642026,-0.029233317372208915,-0.029233317372208915,2.12362892660902,11.100575060409238,-4.276693101633528,-6.8238819587757105,-0.06983403304172338,-1.3848537210908765,1.3885893558077342,3.473553336926673,-1.2460362640821676,0.0,1.0,-1.0,-48.0,48.0,0.0
0.2425,166.666667,253.94540667306575,-0.027644210879575,-0.027644210879575,2.6456385967618603,7.651999688003513,1.6634085810570494,-9.315408269060562,-0.052191257825918866,-1.0948352925989724,1.0976344854549294,2.7459236878728777,-4.5323325357986874,0.0,1.0,-1.0,-48.0,48.0,0.0
0.243,166.666667,254.46900544971123,-0.02661883236897095,-0.02661883236897095,-3.1149733122828454,4.428335716223491,7.135781634780931,-11.564117351004422,-0.022505753532575928,-0.49039640422685804,0.49160541001516966,1.2298926682349864,-7.548632152073036,-1.0,1.0,0.0,-48.0,0.0,48.0
0.2435,166.666667,254.99260422635675,-0.026463813427583877,-0.026463813427583877,-2.591529554578702,-1.3091139777878418,9.407500490615636,-8.098386512827794,0.010650825473305812,0.23344607727292965,-0.23401837436448866,-0.5854684862449536,-6.964289768752183,-1.0,1.0,0.0,-48.0,0.0,48.0
0.244,166.666667,255.51620300300223,-0.027178717513764283,-0.027178717513764283,-2.067215873847036,-6.671452178129832,11.41293546993644,-4.741483291806607,0.04199269476171224,0.8960660588628021,-0.8983199338030591,-2.247350201537583,-6.321204767629231,-1.0,0.0,1.0,0.0,-48.0,48.0
0.2445,166.666667,256.03980177964775,-0.028615280732279275,-0.028615280732279275,-1.5421805339830457,-8.960222901716376,7.744107514160381,1.216115387555996,0.06565463291491588,1.330262998615189,-1.3337787072248708,-3.3365357993129408,-2.425087340634218,-1.0,0.0,1.0,0.0,-48.0,48.0
0.245,166.666667,256.56340055629323,-0.030357241840692217,-0.030357241840692217,-1.0168397962291096,-11.09966172728734,4.277294853471994,6.822366873815346,0.0726250690041149,1.3865527831436766,-1.390430176815491,-3.477985941831132,1.2540140952443908,0.0,-1.0,1.0,48.0,-48.0,0.0
0.2455,166.666667,257.0869993329387,-0.031947654384277886,-0.031947654384277886,-0.491650607040046,-7.651850287833486,-1.6626706638037816,9.314520951637268,0.06036323212417118,1.094700824142665,-1.0979143062952563,-2.7461031086677523,4.555023127374708,0.0,-1.0,1.0,48.0,-48.0,0.0
0.246,166.666667,257.6105981095842,-0.03297169568448511,-0.03297169568448511,0.03297221090562336,-4.429065851961323,-7.1344738495340865,11.56353970149541,0.02778450095633012,0.4881165435265808,-0.4895928160600789,-1.2245149140480551,7.567845813455575,1.0,-1.0,0.0,48.0,0.0,-48.0
0.2465,166.666667,258.13419688622974,-0.0331233571584554,-0.0331233571584554,0.5567226490251442,1.3082931038864363,-9.405752803625704,8.097459699739268,-0.013503965476847837,-0.23614253013617234,0.23685982648250878,0.592403466299785,6.957072761824142,1.0,-1.0,0.0,48.0,0.0,-48.0
0.247,166.666667,258.65779566287523,-0.03240591506920743,-0.03240591506920743,1.07960398358139,6.671385672085403,-11.411310000748893,4.73992432866349,-0.05016669363373148,-0.8968272327706952,0.899495606051382,2.249773357704015,6.295226702408289,1.0,0.0,-1.0,0.0,48.0,-48.0
0.2475,166.666667,259.1813944395207,-0.030969642395348523,-0.030969642395348523,1.6017664875530186,8.961033127110369,-7.743067047150362,-1.2179660799600072,-0.07101673301296468,-1.3288607909902201,1.3326481848672693,3.3333619873218487,2.4089656775084234,1.0,0.0,-1.0,0.0,48.0,-48.0
0.248,166.666667,259.7049932161662,-0.029229835197536563,-0.029229835197536563,2.1236254570007103,11.100574348896053,-4.276694174574234,-6.823880174321819,-0.06982569873775395,-1.384854406230027,1.388589617172961,3.473554524884212,-1.246007718155685,0.0,1.0,-1.0,-48.0,48.0,0.0
0.2485,166.666667,260.2285919928117,-0.027640726511656655,-0.027640726511656655,2.6456351249603043,7.6519981449781485,1.6634083184071258,-9.315406463385274,-0.05218478846644394,-1.0948383392288636,1.0976372007298925,2.7459309059683306,-4.532312795054915,0.0,1.0,-1.0,-48.0,48.0,0.0
0.249,166.666667,260.75219076945723,-0.02661534333700113,-0.02661534333700113,-3.114976788748375,4.428333655796473,7.135782232860672,-11.564115888657145,-0.022502994692276325,-0.49040089980389506,0.49160976388747735,1.2299037522652356,-7.548620825851045,-1.0,1.0,0.0,-48.0,0.0,48.0
0.2495,166.666667,261.2757895461027,-0.02646031845966455,-0.02646031845966455,-2.591533036980248,-1.30911596098297,9.40750188553127,-8.0983859245483,0.010649194313826276,0.23344131236760765,-0.2340135248762576,-0.5854564451665492,-6.96429328891109,-1.0,1.0,0.0,-48.0,0.0,48.0
0.25,166.666667,261.7993883227482,-0.02717521703987396,-0.02717521703987396,-2.067219361754549,-6.671453534778835,11.41293717071057,-4.741483635931735,0.041987088226055735,0.8960624481826929,-0.8983160346203743,-2.24734079725021,-6.321222090308244,-1.0,0.0,1.0,0.0,-48.0,48.0
0.2505,166.666667,262.3229870993937,-0.028611776768429138,-0.028611776768429138,-1.542184025380489,-8.960223342965339,7.744109162080908,1.2161141808844305,0.06564647191598084,1.3302614879373305,-1.3337767799715181,-3.3365314958205703,-2.4251107116872164,-1.0,0.0,1.0,0.0,-48.0,48.0
0.251,166.666667,262.84658587603917,-0.030353737300900453,-0.030353737300900453,-1.0168432882025473,-11.099661019790402,4.277295908686837,6.822365111103564,0.07261668812524398,1.3865538809674012,-1.3904308511342678,-3.4779881641669497,1.2539853796654372,0.0,-1.0,1.0,48.0,-48.0,0.0
0.2515,166.666667,263.3701846526847,-0.03194415256336887,-0.03194415256336887,-0.49165409629454937,-7.651848745473073,-1.6626704906395742,9.314519236112647,0.060356759954781486,1.0947042911262173,-1.0979174496215909,-2.7461113902502006,4.555003328469232,0.0,-1.0,1.0,48.0,-48.0,0.0
0.252,166.666667,263.8937834293302,-0.03296819906046015,-0.03296819906046015,0.03296872684802958,-4.429063796553087,-7.1344746013362945,11.563538397889381,0.027781812149751058,0.48812145880892654,-0.4895975983781789,-1.2245270609155685,7.567834548357169,1.0,-1.0,0.0,48.0,0.0,-48.0
0.2525,166.666667,264.4173822059757,-0.033119866995396346,-0.033119866995396346,0.5567191714284302,1.3082950717366977,-9.405754408102682,8.097459336365985,-0.013502235881692918,-0.2361373539380706,0.23685456323660742,0.5923903922277877,6.957076444135987,1.0,-1.0,0.0,48.0,0.0,-48.0
0.253,166.666667,264.94098098262117,-0.03240243091793591,-0.03240243091793591,1.0796005119964929,6.6713870054457916,-11.411311961526582,4.739924956080791,-0.05016103654874361,-0.8968232238424608,0.8994913137379658,2.249762963180548,6.295244188720877,1.0,0.0,-1.0,0.0,48.0,-48.0
0.2535,166.666667,265.46457975926666,-0.030966162219620473,-0.030966162219620473,1.6017630199436366,8.961033545757811,-7.743069003503731,-1.2179645422540797,-0.07100859782834798,-1.328858896105604,1.332645879829989,3.333356730074739,2.408989172933337,1.0,0.0,-1.0,0.0,48.0,-48.0
0.254,166.666667,265.9881785359122,-0.029226356067847188,-0.029226356067847188,2.123621990437418,11.10057362586301,-4.276695584518231,-6.823878041344778,-0.06981737387908561,-1.3848551334001367,1.3885899210473143,3.4735558187194964,-1.2459789223028386,0.0,1.0,-1.0,-48.0,48.0,0.0
0.2545,166.666667,266.5117773125577,-0.027637245120519155,-0.027637245120519155,2.6456316561355533,7.651996592271448,1.6634077497575963,-9.315404342029044,-0.05217832788495749,-1.0948414519815963,1.097639982579364,2.7459382902563876,-4.532292822097846,0.0,1.0,-1.0,-48.0,48.0,0.0
0.255,166.666667,267.03537608920317,-0.026611857184605948,-0.026611857184605948,-3.114980262334445,4.4283315872260065,7.1357825579260705,-11.564114145152077,-0.02250024230523639,-0.4904054837609458,0.4916142064786819,1.2299150580994087,-7.548609287293247,-1.0,1.0,0.0,-48.0,0.0,48.0
0.2555,166.666667,267.55897486584865,-0.026456826247476237,-0.026456826247476237,-2.5915365166261104,-1.3091179511956668,9.407503042012658,-8.098385090816992,0.010647559365037649,0.23343643862486232,-0.234008566343243,-0.5854441312046199,-6.964296613217471,-1.0,1.0,0.0,-48.0,0.0,48.0
0.256,166.666667,268.08257364249414,-0.027171719173416667,-0.027171719173416667,-2.0672228470546834,-6.671454897660833,11.412938668801525,-4.741483771140691,0.04198147982104024,0.8960587100036377,-0.8983120078242857,-2.2473310734499305,-6.321239236222381,-1.0,0.0,1.0,0.0,-48.0,48.0
0.2565,166.666667,268.6061724191397,-0.028608275241746636,-0.028608275241746636,-1.5421875143407708,-8.9602237898625,7.744110643765566,1.216113146096933,0.06563830947759582,1.330259833406802,-1.333774708766689,-3.336526831870134,-2.425133932147583,-1.0,0.0,1.0,0.0,-48.0,48.0
0.257,166.666667,269.12977119578517,-0.030350235009197618,-0.030350235009197618,-1.016846777927828,-11.099660317332422,4.277296834228678,6.822363483103743,0.07260830441593215,1.3865548212972063,-1.3904313677844462,-3.4779899917799346,1.2539567874713458,0.0,-1.0,1.0,48.0,-48.0,0.0
0.2575,166.666667,269.65336997243065,-0.031940652786229755,-0.031940652786229755,-0.4916575835053612,-7.65184720734459,-1.6626704110509498,9.31451761839554,0.060350282387633895,1.0947075901658119,-1.0979204246977248,-2.7461192507696963,4.554983617193309,0.0,-1.0,1.0,48.0,-48.0,0.0
0.258,166.666667,270.17696874907614,-0.03296470426491172,-0.03296470426491172,0.03296524461880435,-4.429061744288239,-7.134475411677778,11.563537155966017,0.027779114888053017,0.4881261991802358,-0.4896022053278864,-1.2245387690807168,7.567823337105835,1.0,-1.0,0.0,48.0,0.0,-48.0
0.2585,166.666667,270.7005675257216,-0.033116378438835616,-0.033116378438835616,0.556715695438225,1.3082970377936345,-9.405756037659533,8.097458999865898,-0.01350051721624546,-0.23613235621227935,0.23684947903963702,0.5923777659264581,6.9570801457501315,1.0,-1.0,0.0,48.0,0.0,-48.0
0.259,166.666667,271.22416630236717,-0.03239894814873292,-0.03239894814873292,1.0795970417936867,6.671388338490756,-11.411313915912933,4.739925577422177,-0.050155391678443496,-0.8968193937133443,0.8994872008606616,2.2497530173209643,6.295261663511065,1.0,0.0,-1.0,0.0,48.0,-48.0
0.2595,166.666667,271.74776507901265,-0.030962683202879357,-0.030962683202879357,1.6017595534932918,8.961033965542423,-7.743070924294011,-1.2179630412484137,-0.07100047478332551,-1.328857177614764,1.3326437518180052,3.3333519154594535,2.409012632095126,1.0,0.0,-1.0,0.0,48.0,-48.0
0.26,166.666667,272.27136385565814,-0.029222877878566093,-0.029222877878566093,2.1236185248144857,11.100572905241677,-4.27669693222666,-6.823875973015018,-0.06980905994285437,-1.3848560322593162,1.3885903971812672,3.473557543326085,-1.2459501845890062,0.0,1.0,-1.0,-48.0,48.0,0.0
0.2605,166.666667,272.7949626323036,-0.02763376445837986,-0.02763376445837986,2.645628188039762,7.6519950429906824,1.6634072673671265,-9.31540231035781,-0.052171876530317726,-1.0948447298482096,1.0976429300285462,2.7459460887404123,-4.532272923430282,0.0,1.0,-1.0,-48.0,48.0,0.0
0.261,166.666667,273.3185614089491,-0.026608371559072995,-0.026608371559072995,-3.1149837353936327,4.428329522831549,7.135782990525375,-11.564112513356925,-0.022497497517482177,-0.49041022469889584,0.49161880645562495,1.2299267576567603,-7.548597838017498,-1.0,1.0,0.0,-48.0,0.0,48.0
0.2615,166.666667,273.84216018559465,-0.026453334371142303,-0.026453334371142303,-2.591539995936028,-1.3091199366930493,9.407504324464512,-8.098384387771462,0.010645917889340604,0.2334314174387425,-0.23400346001451122,-0.5854314474749731,-6.964300039771666,-1.0,1.0,0.0,-48.0,0.0,48.0
0.262,166.666667,274.36575896224014,-0.027168221464578056,-0.027168221464578056,-2.0672263321970767,-6.671456255408847,11.412940308387949,-4.741484052979102,0.04197586531566336,0.8960548351897601,-0.8983078440605129,-2.247321006979965,-6.3212564965056455,-1.0,0.0,1.0,0.0,-48.0,48.0
0.2625,166.666667,274.8893577388856,-0.028604773708734463,-0.028604773708734463,-1.5421910033074762,-8.960224231254776,7.744112279513204,1.216111951741571,0.06563014091039486,1.3302580542208586,-1.3337725125707796,-3.33652185525316,-2.4251572779436943,-1.0,0.0,1.0,0.0,-48.0,48.0
0.263,166.666667,275.4129565155311,-0.030346732562863125,-0.030346732562863125,-1.0168502678078362,-11.099659609010258,4.277297923437796,6.822361685572462,0.07259991449253406,1.3865556499478433,-1.39043177241654,-3.4779915392261813,1.253928060953549,0.0,-1.0,1.0,48.0,-48.0,0.0
0.2635,166.666667,275.9365552921766,-0.03193715272290819,-0.03193715272290819,-0.4916610710023229,-7.651845663024708,-1.6626701610975723,9.31451582412228,0.06034379884977993,1.0947107912406189,-1.0979233014862242,-2.746126865495598,4.554963765759961,0.0,-1.0,1.0,48.0,-48.0,0.0
0.264,166.666667,276.46015406882213,-0.032961209069119486,-0.032961209069119486,0.03296176198945832,-4.42905968558767,-7.13447604774687,11.56353573333454,0.02777641246510946,0.4881308557214077,-0.4896067281714189,-1.2245502669167478,7.567811982757329,1.0,-1.0,0.0,48.0,0.0,-48.0
0.2645,166.666667,276.9837528454676,-0.03311288938581161,-0.03311288938581161,0.5567122189516062,1.3082990103878736,-9.405757491654015,8.097458481266141,-0.013498802389109258,-0.23612742807960121,0.2368444646386341,0.5923653142003935,6.9570837048917795,1.0,-1.0,0.0,48.0,0.0,-48.0
0.265,166.666667,277.5073516221131,-0.03239546480462976,-0.03239546480462976,1.079593571015909,6.67138967799795,-11.411315695864124,4.739926017866174,-0.050149749076302985,-0.8968156191393425,0.8994831436562496,2.2497432107666047,6.295278999002456,1.0,0.0,-1.0,0.0,48.0,-48.0
0.2655,166.666667,278.0309503987586,-0.030959203550215954,-0.030959203550215954,1.6017560864069826,8.961034391536792,-7.743072673975753,-1.2179617175610398,-0.07099235254497686,-1.328855501004094,1.332641665725544,3.3333472057972346,2.4090359560352077,1.0,0.0,-1.0,0.0,48.0,-48.0
0.266,166.666667,278.5545491754041,-0.029219399009226238,-0.029219399009226238,2.1236150585114792,11.100572190449618,-4.27669811415506,-6.823874076294557,-0.06980074582353497,-1.38485695980198,1.3885909019854228,3.4735593397639604,-1.2459215763772233,0.0,1.0,-1.0,-48.0,48.0,0.0
0.2665,166.666667,279.0781479520496,-0.02763028308827523,-0.02763028308827523,2.6456247192360998,7.6519934991021135,1.6634069436160757,-9.31540044271819,-0.052165424565876056,-1.0948480236926152,1.0976458934202133,2.745953927202196,-4.532253149879114,0.0,1.0,-1.0,-48.0,48.0,0.0
0.267,166.666667,279.6017467286951,-0.026604885213294797,-0.026604885213294797,-3.1149872091729702,4.428327463403856,7.135783572980276,-11.564111036384132,-0.022494752238103075,-0.4904149693938715,0.49162341016210936,1.2299384665904334,-7.54858650823462,-1.0,1.0,0.0,-48.0,0.0,48.0
0.2675,166.666667,280.1253455053406,-0.026449841777236735,-0.026449841777236735,-2.591543475963537,-1.3091219175875768,9.407505746520531,-8.098383828932954,0.010644276547858756,0.23342640417176722,-0.2339983616114267,-0.5854187835898131,-6.96430358038752,-1.0,1.0,0.0,-48.0,0.0,48.0
0.268,166.666667,280.6489442819861,-0.027164723055085944,-0.027164723055085944,-2.067229818040236,-6.671457608856301,11.412942076050786,-4.741484467194486,0.04197025066848273,0.896050979363416,-0.8983036992742702,-2.247310988058486,-6.321273864148429,-1.0,0.0,1.0,0.0,-48.0,48.0
0.2685,166.666667,281.17254305863156,-0.028601271505365955,-0.028601271505365955,-1.5421944929444789,-8.960224668612817,7.744114030745004,1.2161106378678137,0.06562197227637867,1.330256304283889,-1.3337703456166596,-3.336516951891591,-2.4251807218703103,-1.0,0.0,1.0,0.0,-48.0,48.0
0.269,166.666667,281.6961418352771,-0.03034322948872616,-0.03034322948872616,-1.0168537583155666,-11.099658896943897,4.2772991147264445,6.822359782217452,0.07259152508170395,1.3865565171267247,-1.390432215600325,-3.477993183209442,1.2538992464552174,0.0,-1.0,1.0,48.0,-48.0,0.0
0.2695,166.666667,282.2197406119226,-0.03193365208527871,-0.03193365208527871,-0.4916645590735168,-7.651844115320097,-1.6626698230253623,9.31451393834546,0.06033731676439323,1.0947140389456864,-1.097926224979037,-2.746134597116373,4.554943839457849,0.0,-1.0,1.0,48.0,-48.0,0.0
0.27,166.666667,282.7433393885681,-0.0329577133618731,-0.0329577133618731,0.03295827884857835,-4.42905762395835,-7.134476609944906,11.563534233903257,0.02777371259715368,0.48813556568144595,-0.4896113045680863,-1.2245618987277922,7.567800566608734,1.0,-1.0,0.0,48.0,0.0,-48.0
0.2705,166.666667,283.26693816521356,-0.033109399891895555,-0.033109399891895555,0.556708742024053,1.3083009853616687,-9.405758886070284,8.097457900708616,-0.013497084078491067,-0.23612244107280114,0.2368393911773652,0.5923527147693392,6.957087215873754,1.0,-1.0,0.0,48.0,0.0,-48.0
0.271,166.666667,283.79053694185905,-0.03239198109622512,-0.03239198109622512,1.079590099873879,6.671391019284652,-11.411317430359071,4.7399264110744195,-0.050144102439905365,-0.8968117815484777,0.8994790232164604,2.2497332460893205,6.295296299158067,1.0,0.0,-1.0,0.0,48.0,-48.0
0.2715,166.666667,284.3141357185046,-0.030955723614281814,-0.030955723614281814,1.6017526190374798,8.961034818712122,-7.7430743919752425,-1.2179604267368789,-0.07098422616558937,-1.3288537584244442,1.332639513437179,3.333342330606603,2.409059255955109,1.0,0.0,-1.0,0.0,48.0,-48.0
0.272,166.666667,284.8377344951501,-0.029215919940656466,-0.029215919940656466,2.12361159200935,11.100571476289542,-4.276699277678678,-6.823872198610864,-0.06979242781185196,-1.384857819507169,1.3885913387373507,3.4735609660082574,-1.2458929815964033,0.0,1.0,-1.0,-48.0,48.0,0.0
0.2725,166.666667,285.36133327179556,-0.027626801604681294,-0.027626801604681294,2.645621250318864,7.651991955371987,1.6634066256194333,-9.31539858099142,-0.05215896908482918,-1.0948512488165896,1.097648787897572,2.7459615932849837,-4.532233380404464,0.0,1.0,-1.0,-48.0,48.0,0.0
0.273,166.666667,285.88493204844104,-0.026601398840279546,-0.026601398840279546,-3.114990682979649,4.428325403733511,7.135784149285727,-11.564109553019238,-0.022492003733928193,-0.4904196454111055,0.49162794501524815,1.2299500032752206,-7.548575173379012,-1.0,1.0,0.0,-48.0,0.0,48.0
0.2735,166.666667,286.40853082508653,-0.02644634924171484,-0.02644634924171484,-2.5915469559327247,-1.3091238990789638,9.40750715138526,-8.098383252306297,0.010642638381243276,0.23342145863256045,-0.23399333110531995,-0.5854062895655859,-6.964307106981254,-1.0,1.0,0.0,-48.0,0.0,48.0
0.274,166.666667,286.9321296017321,-0.027161224787846733,-0.027161224787846733,-2.0672333037410593,-6.67145896323957,11.41294381645196,-4.74148485321239,0.04196463938472531,0.8960471894207518,-0.898299620546858,-2.247301134385734,-6.3212912089499325,-1.0,0.0,1.0,0.0,-48.0,48.0
0.2745,166.666667,287.45572837837756,-0.028597769525275124,-0.028597769525275124,-1.5421979823581438,-8.960225107254393,7.744115745713063,1.2161093615413303,0.06561380731137395,1.3302546175355594,-1.3337682420388421,-3.3365122070432434,-2.425204134862581,-1.0,0.0,1.0,0.0,-48.0,48.0
0.275,166.666667,287.97932715502304,-0.030339726715032163,-0.030339726715032163,-1.0168572485228793,-11.09965818651572,4.277300261883748,6.822357924631972,0.07258313952725104,1.3865574440277608,-1.3904327187019032,-3.4779949770325405,1.2538704702857797,0.0,-1.0,1.0,48.0,-48.0,0.0
0.2755,166.666667,288.5029259316685,-0.031930151820502704,-0.031930151820502704,-0.49166804677193165,-7.651842569591348,-1.662669535782716,9.314512105374064,0.060330838428972786,1.0947173422823187,-1.097929204294134,-2.746142468324491,4.5549239566325275,0.0,-1.0,1.0,48.0,-48.0,0.0
0.276,166.666667,289.026524708314,-0.03295421809446901,-0.03295421809446901,0.03295479614749591,-4.429055564585577,-7.134477228510074,11.563532793095652,0.027771015958903023,0.4881403267408238,-0.4896159322315236,-1.2245736587449334,7.567789197830901,1.0,-1.0,0.0,48.0,0.0,-48.0
0.2765,166.666667,289.55012348495956,-0.03310591089892125,-0.03310591089892125,0.5567052655975177,1.3083029579003238,-9.405760341265438,8.097457383365114,-0.013495363391359455,-0.23611740777270207,0.2368342712941502,0.5923399992183972,6.957090775957086,1.0,-1.0,0.0,48.0,0.0,-48.0
0.277,166.666667,290.07372226160504,-0.03238849794373685,-0.03238849794373685,1.0795866292877776,6.671392358077788,-11.411319228976064,4.739926870898276,-0.05013845441488576,-0.8968079025768403,0.8994748613134831,2.249723177654471,6.2953136489204,1.0,0.0,-1.0,0.0,48.0,-48.0
0.2775,166.666667,290.5973210382505,-0.030952244283025006,-0.030952244283025006,1.6017491522725635,8.961035243451022,-7.74307617642971,-1.2179590670213114,-0.07097609927477093,-1.3288519794316662,1.332637324696293,3.3333373641551516,2.4090826060941883,1.0,0.0,-1.0,0.0,48.0,-48.0
0.278,166.666667,291.120919814896,-0.029212441519256355,-0.029212441519256355,2.1236081261542696,11.10057075982802,-4.276700509025184,-6.823870250802837,-0.06978410977836456,-1.3848586477934282,1.3885917440572937,3.473562513534597,-1.2458643368245088,0.0,1.0,-1.0,-48.0,48.0,0.0
0.2785,166.666667,291.6445185915415,-0.027623320804453396,-0.027623320804453396,2.6456177820850004,7.651990409495893,1.6634062393631337,-9.315396648859027,-0.05215251361974025,-1.0948544475971147,1.0976516560235043,2.745969193369962,-4.532213559264079,0.0,1.0,-1.0,-48.0,48.0,0.0
0.279,166.666667,292.16811736818704,-0.026597913180375157,-0.026597913180375157,-3.1149941560731707,4.428323342038746,7.135784657810764,-11.56410799984951,-0.022489254816207643,-0.49042430030735834,0.4916324587214464,1.2299614870218274,-7.548563785818843,-1.0,1.0,0.0,-48.0,0.0,48.0
0.2795,166.666667,292.6917161448325,-0.02644285744243765,-0.02644285744243765,-2.59155043516562,-1.309125882548523,9.407508489850597,-8.098382607302074,0.010641001292867875,0.23341652884329425,-0.23398831640511206,-0.585393835062768,-6.964310579058183,-1.0,1.0,0.0,-48.0,0.0,48.0
0.28,166.666667,293.215314921478,-0.0271577272731788,-0.0271577272731788,-2.0672367886893896,-6.671460319632981,11.412945492705742,-4.7414851730727605,0.04195902980525408,0.8960434097118697,-0.8982955521371664,-2.247291306451584,-6.321308498126989,-1.0,0.0,1.0,0.0,-48.0,48.0
0.2805,166.666667,293.7389136981235,-0.02859426830716804,-0.02859426830716804,-1.5422014710098795,-8.960225547995572,7.74411739960671,1.2161081483888625,0.06560564437415911,1.3302529355133061,-1.3337661432837429,-3.336507474152793,-2.425227493349034,-1.0,0.0,1.0,0.0,-48.0,48.0
0.281,166.666667,294.262512474769,-0.03033622470592827,-0.03033622470592827,-1.016860737965648,-11.09965747827721,4.277301351764623,6.822356126512587,0.0725747557870992,1.3865583703057736,-1.390433221263907,-3.4779967693979703,1.2538417468249339,0.0,-1.0,1.0,48.0,-48.0,0.0
0.2815,166.666667,294.78611125141447,-0.031926652316403854,-0.031926652316403854,-0.49167153370966776,-7.6518410260815575,-1.6626693014108227,9.31451032749238,0.06032436120632274,1.094720640019128,-1.0979321780574238,-2.7461503255645385,4.554904121121619,0.0,-1.0,1.0,48.0,-48.0,0.0
0.282,166.666667,295.30971002805995,-0.03295072357791827,-0.03295072357791827,0.03295131419731504,-4.429053507352562,-7.134477895081322,11.563531402433885,0.027768319337020224,0.4881450777859854,-0.4896205498765591,-1.2245853936719227,7.567777870676721,1.0,-1.0,0.0,48.0,0.0,-48.0
0.2825,166.666667,295.83330880470544,-0.03310242264180592,-0.03310242264180592,0.5567017899067066,1.308304928509461,-9.405761839290278,8.097456910780817,-0.013493643858029319,-0.2361123882501923,0.23682916524707998,0.5923273182514359,6.957094370379004,1.0,-1.0,0.0,48.0,0.0,-48.0
0.283,166.666667,296.3569075813509,-0.03238501550781927,-0.03238501550781927,1.0795831594181875,6.671393695261074,-11.411321065066081,4.739927369805008,-0.05013280850625383,-0.896804040429815,0.8994707163383369,2.2497131514910977,6.295331025878572,1.0,0.0,-1.0,0.0,48.0,-48.0
0.2835,166.666667,296.8805063579964,-0.03094876564561921,-0.03094876564561921,1.601745686201478,8.961035666970387,-7.7430779929353495,-1.2179576740350377,-0.07096797505168706,-1.3288502196879337,1.3326351553340094,3.3333324460807057,2.4091059779039368,1.0,0.0,-1.0,0.0,48.0,-48.0
0.284,166.666667,297.40410513464195,-0.02920896376627694,-0.02920896376627694,2.1236046609676675,11.100570042541657,-4.276701767006294,-6.823868275535363,-0.06977579442298237,-1.3848594972218151,1.3885921706506112,3.4735641141821647,-1.2458356757352385,0.0,1.0,-1.0,-48.0,48.0,0.0
0.2845,166.666667,297.92770391128744,-0.02761984064511983,-0.02761984064511983,2.645614314491989,7.651988863140097,1.66340583182731,-9.315394694967408,-0.052146060423906675,-1.094857669027148,1.097654546912017,2.7459768503296518,-4.532193724436529,0.0,1.0,-1.0,-48.0,48.0,0.0
0.285,166.666667,298.4513026879329,-0.026594428132129092,-0.026594428132129092,-3.1149976285551135,4.42832128012144,7.1357851503232785,-11.564106430444719,-0.022486507463137493,-0.49042897909881583,0.49163699640335207,1.2299730307232326,-7.548552387322939,-1.0,1.0,0.0,-48.0,0.0,48.0
0.2855,166.666667,298.9749014645784,-0.026439366224191938,-0.026439366224191938,-2.5915539138175747,-1.3091278660883,9.40750981745435,-8.09838195136605,0.01063936336581333,0.23341157413362254,-0.23398327673758926,-0.5853813180786698,-6.9643140419032,-1.0,1.0,0.0,-48.0,0.0,48.0
0.286,166.666667,299.4985002412239,-0.027154230307764118,-0.027154230307764118,-2.067240273088499,-6.67146167602773,11.412947163101707,-4.7414854870739775,0.04195341992887463,0.8960396042447276,-0.8982914579464624,-2.2472814139671677,-6.321325780021368,-1.0,0.0,1.0,0.0,-48.0,48.0
0.2865,166.666667,300.02209901786944,-0.02859076760564978,-0.02859076760564978,-1.542204959145079,-8.960225988720449,7.744119052459398,1.21610693626105,0.06559748136680187,1.3302512271594917,-1.3337640181828143,-3.336502675286223,-2.425250847708132,-1.0,0.0,1.0,0.0,-48.0,48.0
0.287,166.666667,300.5456977945149,-0.03033272318023235,-0.03033272318023235,-1.0168642269250203,-11.099656770007671,4.277302445174054,6.822354324833618,0.07256637182558791,1.3865592700008527,-1.3904336972196636,-3.477998495146134,1.2538130243765755,0.0,-1.0,1.0,48.0,-48.0,0.0
0.2875,166.666667,301.0692965711604,-0.03192315326244374,-0.03192315326244374,-0.4916750201973176,-7.651839482493627,-1.66266905924848,9.314508541742107,0.060317883357849135,1.094723911324468,-1.0979351253465555,-2.746158116542672,4.554884281835752,0.0,-1.0,1.0,48.0,-48.0,0.0
0.288,166.666667,301.5928953478059,-0.032947229478703224,-0.032947229478703224,0.03294783266442171,-4.429051449942956,-7.134478549972692,11.563529999915648,0.027765621549223064,0.4881498030060172,-0.48962514163040244,-1.224597063827182,7.567766535462583,1.0,-1.0,0.0,48.0,0.0,-48.0
0.2885,166.666667,302.1164941244514,-0.033098934770242006,-0.033098934770242006,0.5566983146014646,1.3083068994492155,-9.40576332217153,8.097456422722315,-0.013491925963083011,-0.23610739350788115,0.23682408406499067,0.592314699461414,6.957097952220286,1.0,-1.0,0.0,48.0,0.0,-48.0
0.289,166.666667,302.6400929010969,-0.032381533427234065,-0.032381533427234065,1.0795796899039825,6.671395032962375,-11.411322883013225,4.739927850050851,-0.050127164513693416,-0.896800201606457,0.8994665947812399,2.249703183867621,6.295348386437128,1.0,0.0,-1.0,0.0,48.0,-48.0
0.2895,166.666667,303.1636916777424,-0.03094528733535548,-0.03094528733535548,1.6017422204575833,8.961036091200848,-7.743079788780931,-1.2179563024199167,-0.07095985277276949,-1.3288484815026513,1.332633007623645,3.333327582123119,2.4091293308140536,1.0,0.0,-1.0,0.0,48.0,-48.0
0.29,166.666667,303.6872904543879,-0.02920548631460658,-0.02920548631460658,2.1236011960823356,11.10056932613454,-4.276703002290781,-6.82386632384376,-0.06976748078402653,-1.384860366224151,1.388592616900007,3.4735657639616293,-1.2458070355446844,0.0,1.0,-1.0,-48.0,48.0,0.0
0.2905,166.666667,304.2108892310334,-0.027616360763845566,-0.027616360763845566,2.645610847177056,7.651987317783423,1.6634054485576386,-9.315392766341061,-0.05213960856163186,-1.094860907930686,1.097657455338547,2.745984551138203,-4.532173910940238,0.0,1.0,-1.0,-48.0,48.0,0.0
0.291,166.666667,304.73448800767886,-0.026590943341356824,-0.026590943341356824,-3.1150011007794993,4.42831921926565,7.135785668230574,-11.564104887496224,-0.022483760981150677,-0.49043367323211673,0.49164154947100497,1.229984612908623,-7.548541010378679,-1.0,1.0,0.0,-48.0,0.0,48.0
0.2915,166.666667,305.2580867843244,-0.02643587524551578,-0.02643587524551578,-2.5915573922298214,-1.3091298485615148,9.407511171169258,-8.098381322607743,0.010637724995555762,0.233406606201478,-0.23397822382223393,-0.5853687679420949,-6.964317525828129,-1.0,1.0,0.0,-48.0,0.0,48.0
0.292,166.666667,305.7816855609699,-0.027150733566648433,-0.027150733566648433,-2.06724375726319,-6.67146303139453,11.412948859941714,-4.741485828547185,0.04194780993499628,0.8960357876234594,-0.898287352589663,-2.247271493527543,-6.321343082389698,-1.0,0.0,1.0,0.0,-48.0,48.0
0.2925,166.666667,306.3052843376154,-0.028587267115726598,-0.028587267115726598,-1.5422084470686506,-8.96022642848415,7.744120731733672,1.2161056967504777,0.06558931843409699,1.3302495096763831,-1.3337618839478544,-3.336497853545071,-2.4252742221993544,-1.0,0.0,1.0,0.0,-48.0,48.0
0.293,166.666667,306.82888311426086,-0.03032922185594176,-0.03032922185594176,-1.0168677156829395,-11.099656060852332,4.277303564649004,6.822352496203329,0.07255798798124309,1.3865601625486557,-1.3904341660248312,-3.478000202986039,1.253784282367678,0.0,-1.0,1.0,48.0,-48.0,0.0
0.2935,166.666667,307.35248189090635,-0.031919654402158396,-0.031919654402158396,-0.4916785064912452,-7.6518379380890895,-1.6626687916874636,9.314506729776554,0.06031140556612377,1.0947271774370426,-1.0979380674381019,-2.74616589450661,4.554864423011999,0.0,-1.0,1.0,48.0,-48.0,0.0
0.294,166.666667,307.8760806675519,-0.0329437355678717,-0.0329437355678717,0.032944351320021145,-4.429049391769465,-7.134479180425523,11.563528572194988,0.027762923685214373,0.4881545249706256,-0.4896297301213095,-1.22460872581819,7.567755181033194,1.0,-1.0,0.0,48.0,0.0,-48.0
0.2945,166.666667,308.3996794441974,-0.0330954470841774,-0.0330954470841774,0.5566948394818162,1.308308871120067,-9.405764781846685,8.097455910726618,-0.013490208284893909,-0.2361024001108092,0.23681900423768362,0.5923020840527314,6.9571015150595095,1.0,-1.0,0.0,48.0,0.0,-48.0
0.295,166.666667,308.92327822084286,-0.032378051531636524,-0.032378051531636524,1.079576220574746,6.671396371377722,-11.411324679234443,4.739928307856721,-0.05012152083799046,-0.8967963622530558,0.8994624727042732,2.249693214928353,6.295365728458356,1.0,0.0,-1.0,0.0,48.0,-48.0
0.2955,166.666667,309.44687699748835,-0.030941809211875226,-0.030941809211875226,1.601738754900476,8.961036516137355,-7.7430815646003595,-1.2179549515369952,-0.070951730838172,-1.328846740988267,1.3326308575932795,3.3333227123417206,2.4091526662245135,1.0,0.0,-1.0,0.0,48.0,-48.0
0.296,166.666667,309.97047577413383,-0.029202009053701333,-0.029202009053701333,2.1235977313877705,11.100568610423258,-4.276704219432191,-6.823864390991067,-0.06975916740719465,-1.3848612312108242,1.3885930591387712,3.4735674036876656,-1.245778411670542,0.0,1.0,-1.0,-48.0,48.0,0.0
0.2965,166.666667,310.4940745507794,-0.027612881079340297,-0.027612881079340297,2.6456073800589714,7.651985773097047,1.6634050814056698,-9.315390854502716,-0.05213315678255799,-1.0948641412961282,1.0976603582247975,2.7459922380711035,-4.532154111690832,0.0,1.0,-1.0,-48.0,48.0,0.0
0.297,166.666667,311.01767332742486,-0.026587458755137388,-0.026587458755137388,-3.1150045727993056,4.4283171590304695,7.1357862001356205,-11.56410335916609,-0.022481014307835855,-0.4904383605172265,0.49164609567739487,1.229996177923533,-7.548529645535883,-1.0,1.0,0.0,-48.0,0.0,48.0
0.2975,166.666667,311.54127210407034,-0.02643238448067975,-0.02643238448067975,-2.59156087042828,-1.3091318304963888,9.407512536715323,-8.098380706218935,0.010636087135355002,0.23340164618873793,-0.23397317885216923,-0.5853562376748501,-6.9643210192342515,-1.0,1.0,0.0,-48.0,0.0,48.0
0.298,166.666667,312.06487088071583,-0.027147237049844845,-0.027147237049844845,-2.067247241213634,-6.6714643863361,11.412950566447236,-4.741486180111136,0.04194220075446722,0.896031979729629,-0.8982832559982972,-2.2472615949959867,-6.321360391583006,-1.0,0.0,1.0,0.0,-48.0,48.0
0.2985,166.666667,312.5884696573613,-0.02858376686145013,-0.02858376686145013,-1.5422119347565493,-8.960226867959715,7.744122418549044,1.216104449410671,0.06558115653999166,1.3302478014875743,-1.3337597590539407,-3.3364930551424625,-2.4252976013127303,-1.0,0.0,1.0,0.0,-48.0,48.0
0.299,166.666667,313.11206843400686,-0.030325720779210655,-0.030325720779210655,-1.0168712041932488,-11.099655351555258,4.277304689611721,6.8223506619435375,0.07254960524399719,1.3865610647423343,-1.3904346445251032,-3.478001935048061,1.2537555379045975,0.0,-1.0,1.0,48.0,-48.0,0.0
0.2995,166.666667,313.63566721065234,-0.031916155801673896,-0.031916155801673896,-0.49168199252528466,-7.651836393676467,-1.6626685206024696,9.314504914278936,0.06030492878504676,1.0947304533873539,-1.097941019412957,-2.7461736971688047,4.554844562816102,0.0,-1.0,1.0,48.0,-48.0,0.0
0.3,166.666667,314.15926598729783,-0.03294024192925502,-0.03294024192925502,0.032940870247786885,-4.42904733371782,-7.134479809248241,11.56352714296606,0.027760226566037237,0.48815925686500594,-0.4896343285778662,-1.2246204127263922,7.567743826237717,1.0,-1.0,0.0,48.0,0.0,-48.0
