time_s,command_frequency_Hz,command_electrical_angle_rad,mechanical_angle_raw_rad,rotor_angle_unwrapped_rad,phase_error_rad,ia_A,ib_A,ic_A,ea_V,eb_V,ec_V,speed_rad_s,torque_Nm,cmd_a,cmd_b,cmd_c,vab_V,vbc_V,vca_V
0.0,0.0,0.0,0.0,0.0,0.0,0.0,0.0,0.0,0.0,0.0,0.0,0.0,0.0,1.0,-1.0,0.0,48.0,-24.0,-24.0
0.0005,0.0,0.0,3.4545147456032745e-05,3.4545147456032745e-05,-3.4545147456032745e-05,4.081879176076604,-4.081879176076604,0.0,4.884223201992174e-06,-0.08227243118617866,0.08227216339326268,0.20608149669147297,1.6296759574482158,1.0,-1.0,0.0,48.0,-24.123405936874754,-23.87659406312525
0.001,0.0,0.0,0.0002716339399758159,0.0002716339399758159,-0.00027163393997581595,7.88039511870828,-7.88039511870828,0.0,0.00015011591788316586,-0.3215832012187242,0.32157497065800056,0.8055141465356032,3.1475371013575133,1.0,-1.0,0.0,48.0,-24.482291513308418,-23.517708486691582
0.0015,0.0,0.0,0.000901054779449661,0.000901054779449661,-0.000901054779449661,11.401333353298964,-11.401333353298964,0.0,0.001094796006479623,-0.7070410341242777,0.7069810098823613,1.7709714495818967,4.558906164547117,1.0,-1.0,0.0,48.0,-25.059954128941264,-22.940045871058736
0.002,0.0,0.0,0.0020993005643709112,0.0020993005643709112,-0.0020993005643709112,14.650904100735378,-14.650904100735378,0.0,0.004431280959258309,-1.2283930678029487,1.2281501395855614,3.0766619963364126,5.870645305943345,1.0,-1.0,0.0,48.0,-25.840131033007403,-22.15986896699259
0.0025,0.0,0.0,0.004030420767621724,0.004030420767621724,-0.004030420767621724,17.63556039205115,-17.63556039205115,0.0,0.012993090347461888,-1.8761591016802945,1.8754470465724367,4.698644835915118,7.090609896202671,1.0,-1.0,0.0,48.0,-26.80703005223886,-21.192969947761142
0.003,0.0,0.0,0.006846998290176458,0.006846998290176458,-0.006846998290176458,20.361796743839964,-20.361796743839964,0.0,0.0310783720044201,-2.641711614725179,2.6400099363698173,6.615015704972669,8.22716209242676,1.0,-1.0,0.0,48.0,-27.945326557730198,-20.054673442269802
0.0035,0.0,0.0,0.010691190302433828,0.010691190302433828,-0.010691190302433828,22.83594022277133,-22.83594022277133,0.0,0.06461209240952917,-3.5173075259737434,3.5137765722643466,8.805979303815096,9.288745688141107,1.0,-1.0,0.0,48.0,-29.240124289046456,-18.759875710953548
0.004,0.0,0.0,0.01569577992319813,0.01569577992319813,-0.01569577992319813,25.063942478342963,-25.063942478342963,0.0,0.12127051980592483,-4.496076965507651,4.489474834152506,11.253822901552558,10.283521678527144,1.0,-1.0,0.0,48.0,-30.676878057003364,-17.32312194299663
0.0045,0.0,0.0,0.02198519316234939,0.02198519316234939,-0.02198519316234939,27.051178313193475,-27.051178313193475,0.0,0.21059253613918413,-5.571973202298444,5.560586309941836,13.942806238089084,11.21906266407947,1.0,-1.0,0.0,48.0,-32.241276643021465,-15.758723356978535
0.005,0.0,0.0,0.02967644289571373,0.02967644289571373,-0.02967644289571373,28.80225353368098,-28.80225353368098,0.0,0.34410419727356745,-6.739686557609334,6.721293310798883,16.858982074432603,12.10210298586781,1.0,-1.0,0.0,48.0,-33.91908449096677,-14.080915509033236
0.0055,0.0,0.0,0.038879968586114,0.038879968586114,-0.038879968586114,30.320822101818187,-30.320822101818187,0.0,0.5354854432119037,-7.994523928799836,7.966422126541503,19.989960735939068,12.938339405070364,1.0,-1.0,0.0,48.0,-35.69594136933547,-12.304058630664532
0.006,0.0,0.0,0.0497003467391703,0.0497003467391703,-0.0497003467391703,31.609409958987253,-31.609409958987253,0.0,0.8008095451028746,-9.33225486581285,9.291398001719822,23.324630226026606,13.732272880710209,1.0,-1.0,0.0,48.0,-37.55712066207481,-10.442879337925191
0.0065,0.0,0.0,0.06223685213549989,0.06223685213549989,-0.06223685213549989,32.669240430264374,-32.669240430264374,0.0,1.1588836382128507,-10.748925452182878,10.692229267836774,26.85284020548645,14.48707381397753,1.0,-1.0,0.0,48.0,-39.48725017482179,-8.512749825178211
0.007,0.0,0.0,0.07658385266842709,0.07658385266842709,-0.07658385266842709,33.50005428700757,-33.50005428700757,0.0,1.631706854919057,-12.240642947740639,12.165537199147526,30.565052106269853,15.204439039124981,1.0,-1.0,0.0,48.0,-41.47000524555831,-6.529994754441683
0.0075,0.0,0.0,0.09283101936031841,0.09283101936031841,-0.09283101936031841,34.09991735557698,-34.09991735557698,0.0,2.2450321772625075,-13.803337295031415,13.70864045666107,34.45194718965793,15.884387308629822,1.0,-1.0,0.0,48.0,-43.48779301554553,-4.512206984454474
0.008,0.0,0.0,0.11106332514206325,0.11106332514206325,-0.11106332514206325,34.46501189554742,-34.46501189554742,0.0,3.028956858617923,-15.432509367371473,15.319681702981866,38.50396758905577,16.524911403385453,1.0,-1.0,0.0,48.0,-45.52145795735864,-2.478542042641358
0.0085,0.0,0.0,0.13136078773067708,0.13136078773067708,-0.13136078773067708,34.58941785965297,-34.58941785965297,0.0,4.018360150424227,-17.122977964610975,16.997739086976825,42.71074100591269,17.121374177795868,1.0,-1.0,0.0,48.0,-47.55004799407019,-0.44995200592980034
0.009,0.0,0.0,0.1537976387627707,0.1537976387627707,-0.1537976387627707,34.4997378996851,-34.43012669423584,-0.06961120544926047,5.252561209257258,-18.867644171499933,18.74180090506745,47.05784025332306,17.627726229022205,1.0,-1.0,0.0,48.0,-48.0,0.0
0.0095,0.0,0.0,0.17843607043997825,0.17843607043997825,-0.17843607043997828,34.25770550539773,-33.9051458415133,-0.3525596638844265,6.771619833151619,-20.650777054161058,20.543851287617688,51.50956387566347,17.95598259632437,1.0,-1.0,0.0,48.0,-48.0,0.0
0.01,0.0,0.0,0.20531711038602726,0.20531711038602726,-0.20531711038602726,33.842990051124595,-33.01238123148088,-0.8306088196437114,8.612822567226255,-22.45307557821924,22.39273065827697,56.020704992127236,18.102477643292985,1.0,-1.0,0.0,48.0,-48.0,0.0
0.0105,0.0,0.0,0.23445899217409596,0.23445899217409596,-0.23445899217409596,33.23041287547238,-31.753564559598058,-1.4768483158743235,10.805450151456892,-24.255521788425135,24.275403469804967,60.545046339467625,18.059574222002425,1.0,-1.0,0.0,48.0,-48.0,0.0
0.011,0.0,0.0,0.26585617507058146,0.26585617507058146,-0.26585617507058146,32.39418562427735,-30.132150768853418,-2.262034855423931,13.361864621809985,-26.03895553102826,26.172149963382036,65.03331227410617,17.810166833104876,1.0,-1.0,0.0,48.0,-48.0,0.0
0.0115,0.0,0.0,0.299477199687809,0.299477199687809,-0.299477199687809,31.309964225253697,-28.15512106963514,-3.1548431556185585,16.266050312017292,-27.783210765307018,28.049326813144177,69.43068596158692,17.327178505845126,1.0,-1.0,0.0,48.0,-48.0,0.0
0.012,0.0,0.0,0.3352613328816895,0.3352613328816895,-0.3352613328816895,29.957722467081936,-25.835937638026873,-4.121784829055063,19.46150888181267,-29.465897460715805,29.85030863048922,73.67459166942842,16.576474930997808,1.0,-1.0,0.0,48.0,-48.0,0.0
0.0125,0.0,0.0,0.37311438195982666,0.37311438195982666,-0.37311438195982666,28.325223268404752,-23.198583655708862,-5.12663961269589,22.842328280395726,-31.061211022719586,31.48671275855397,77.69379373287796,15.524652150672269,1.0,-1.0,0.0,48.0,-48.0,0.0
0.013,0.0,0.0,0.41290465302929796,0.41290465302929796,-0.41290465302929796,26.411488014531706,-20.282121213660435,-6.1293668008712725,26.252814069917672,-32.539538939095685,32.83389768457432,81.41008164190356,14.151757761543374,1.0,-1.0,0.0,48.0,-48.0,0.0
0.0135,0.0,0.0,0.45446061654147923,0.45446061654147923,-0.45446061654147923,24.229299721371795,-17.144554471439015,-7.08474524993278,29.500831592634356,-33.86882645771304,33.73600147051288,84.74351206763623,12.466316639821487,1.0,-1.0,0.0,48.0,-48.0,0.0
0.014,0.0,0.0,0.49757209798556284,0.49757209798556284,-0.49757209798556284,21.805660261238174,-13.864276225513631,-7.9413840357245435,32.386495540710044,-35.01829373949108,34.02482337472347,87.62112707629389,10.51696157930668,1.0,-1.0,0.0,48.0,-48.0,0.0
0.0145,0.0,0.0,0.5419963722935992,0.5419963722935992,-0.5419963722935992,19.179499864187072,-10.537436799450171,-8.642063064736899,34.74110291671771,-35.96398464716412,33.55236104688098,89.9874153268664,8.393657836123115,1.0,-1.0,0.0,48.0,-48.0,0.0
0.015,0.0,0.0,0.5874692676851639,0.5874692676851639,-0.5874692676851639,16.396846353768552,-7.270539344930541,-9.12630700883801,36.46417427185428,-36.694171786219336,32.22961941204635,91.81327022192714,6.214204980854531,1.0,-1.0,0.0,48.0,-48.0,0.0
0.0155,0.0,0.0,0.633719616471459,0.633719616471459,-0.633719616471459,13.50475562214831,-4.169291106597523,-9.335464515550786,37.54412811786418,-37.211871289380305,30.058256736508433,93.09990136983255,4.09843194813198,1.0,-1.0,0.0,48.0,-48.0,0.0
0.016,0.0,0.0,0.6804839299704117,0.6804839299704117,-0.6804839299704117,10.545957499951436,-1.3264518168181678,-9.219505683133269,38.053635824156196,-37.53258658877277,27.14156532068211,93.87570526830204,2.13969500941162,1.0,-1.0,0.0,48.0,-48.0,0.0
0.0165,0.0,0.0,0.7275178646656522,0.7275178646656522,-0.7275178646656522,7.555908108810594,1.1878867890331746,-8.743794897843769,38.121744579621485,-37.67775399495443,23.668692310996374,94.1869539228579,0.38575726466697313,1.0,-1.0,0.0,48.0,-48.0,0.0
0.017,0.0,0.0,0.7746021700448105,0.7746021700448105,-0.7746021700448105,4.562849943465791,3.3309698011821536,-7.893819744647945,37.89462561764743,-37.66676722012436,19.876869372640698,94.08574298733963,-1.1634472365438098,1.0,-1.0,0.0,48.0,-48.0,0.0
0.0175,0.0,0.0,0.8215428253572893,0.8215428253572893,-0.8215428253572893,1.590182023315907,5.0862602179882535,-6.67644224130416,37.49966916920878,-37.51129280405589,16.004339916929954,93.61945889174659,-2.5423448330566396,1.0,-1.0,0.0,48.0,-48.0,0.0
0.018,0.0,0.0,0.8681669595948835,0.8681669595948835,-0.8681669595948835,-1.340378760143694,6.457744783585207,-5.117366023441513,37.02336855952397,-37.21435356488474,12.248170266449707,92.82475547338193,-3.7988196470526807,1.0,-1.0,0.0,48.0,-48.0,0.0
0.0185,0.0,0.0,0.9143170611094673,0.9143170611094673,-0.9143170611094673,-4.206388183116156,7.462039164773354,-3.255650981657198,36.50602783031139,-36.77419104551779,8.73736665104096,91.7266288408673,-4.97581563821361,1.0,-1.0,0.0,48.0,-48.0,0.0
0.019,0.0,0.0,0.9598457084800823,0.9598457084800823,-0.9598457084800823,-6.983920749501673,8.120776224478798,-1.1368554749771251,35.95001066400096,-36.190612098556834,5.5258450598074145,90.34105090125843,-6.101876936466502,1.0,-1.0,0.0,48.0,-48.0,0.0
0.0195,0.0,0.0,1.0046117611697596,1.0046117611697596,-1.0046117611697596,-9.051729600760739,9.051729600760739,0.0,35.33396916534885,-35.46942193471931,2.60401523990226,88.67607630008986,-7.227351251828864,1.0,-1.0,0.0,48.0,-26.67174162458749,-21.32825837541251
0.02,0.0,0.0,1.0484759128770198,1.0484759128770198,-1.0484759128770198,-10.329194432817202,10.329194432817202,0.0,34.62982841287105,-34.62565762597985,-0.07607374001794445,86.73803143384814,-8.24728632883629,1.0,-1.0,0.0,48.0,-23.921840866536456,-24.078159133463547
0.0205,5.0708333325,0.015819228006454623,1.091311019833606,1.091311019833606,-1.0754917918271514,-11.382397566613081,11.382397566613081,0.0,33.82809656482569,-33.69475707208929,-2.5733853642585047,84.56735587462488,-9.088281843256832,1.0,-1.0,0.0,48.0,-21.359944889373292,-26.640055110626708
0.021,5.141666665,0.03186098548992052,1.1330119430527734,1.1330119430527734,-1.1011509575628529,-12.212115721558241,12.212115721558241,0.0,32.931455825287564,-32.71468154686347,-4.936588308540766,82.20869658446559,-9.751744761435681,1.0,-1.0,0.0,48.0,-18.955024552247185,-29.04497544775281
0.0215,5.212499997499999,0.048125272450397605,1.173495692441362,1.173495692441362,-1.1253704199909644,-12.822790760980983,12.822790760980983,0.0,31.95296577813869,-31.717645612138874,-7.189338162789961,79.70583363071975,-10.243101292483015,1.0,-1.0,0.0,48.0,-16.69300175421013,-31.306998245789867
0.022,5.28333333,0.06461208888788607,1.2127007619160504,1.2127007619160504,-1.1480886730281643,-13.222325852764556,13.222325852764556,0.0,30.912711425448894,-30.72534097712849,-9.32709952510285,77.10080675164826,-10.57055623843044,1.0,-1.0,0.0,48.0,-14.579215250736947,-33.42078474926305
0.0225,5.3541666625,0.08132143480238582,1.2505861240335923,1.2505861240335923,-1.1692646892312064,-13.421286346884665,13.421286346884665,0.0,29.833650003580196,-29.747339124874596,-11.323255474205611,74.43345407521247,-10.7432004312952,1.0,-1.0,0.0,48.0,-12.633589086441589,-35.36641091355841
0.023,5.424999995,0.09825331019389685,1.287130110749697,1.287130110749697,-1.1888768005558001,-13.431832491720995,13.431832491720995,0.0,28.73827393310498,-28.78267566437985,-13.140127669771738,71.74140598712312,-10.769398078103162,1.0,-1.0,0.0,48.0,-10.882073195865694,-37.11792680413431
0.0235,5.4958333275,0.11540771506241919,1.3223293756943981,1.3223293756943981,-1.206921660631979,-13.266737517568602,13.266737517568602,0.0,27.646720137619045,-27.823611478404544,-14.7406018677134,69.06038080337659,-10.656042161966923,1.0,-1.0,0.0,48.0,-9.34784380267935,-38.65215619732064
0.024,5.56666666,0.1327846494079528,1.3561980300299867,1.3561980300299867,-1.223413380622034,-12.938731812834247,12.938731812834247,0.0,26.576202476902818,-26.860143033202952,-16.097311164294624,66.42454268110731,-10.408781388717907,1.0,-1.0,0.0,48.0,-8.044659113855444,-39.95534088614456
0.0245,5.6374999925000004,0.15038411323049766,1.3887669264478342,1.3887669264478342,-1.2383828132173365,-12.460250049764971,12.460250049764971,0.0,25.541282624664166,-25.883963922463263,-17.197941410789156,63.866706897750355,-10.0329492778434,1.0,-1.0,0.0,48.0,-6.973399238110393,-41.026600761889604
0.025,5.708333325,0.16820610653005386,1.42008297975665,1.42008297975665,-1.2518768732265961,-11.843516816678273,11.843516816678273,0.0,24.554462161468535,-24.891048813712906,-18.04660461503491,61.41826965797633,-9.534764557922694,1.0,-1.0,0.0,48.0,-6.121688711087278,-41.87831128891273
0.0255,5.779166657499999,0.18625062930662117,1.4502083782838777,1.4502083782838777,-1.2639577489772567,-11.100825932823387,11.100825932823387,0.0,23.626726644149354,-23.882592019200306,-18.662110896584363,59.10884719288423,-8.922398282407574,1.0,-1.0,0.0,48.0,-5.465821790941114,-42.53417820905889
0.026,5.84999999,0.20451768156019992,1.479219555516711,1.479219555516711,-1.274701873956511,-10.244853470163115,10.244853470163115,0.0,22.7678654573141,-22.864497375073128,-19.07433811440174,56.96569450034848,-8.206638658855724,1.0,-1.0,0.0,48.0,-4.973977844477774,-43.02602215552223
0.0265,5.9208333225,0.22300726329078993,1.5072058399424586,1.5072058399424586,-1.2841985766516686,-9.288877181895526,9.288877181895526,0.0,21.986546975397943,-21.845889446806137,-19.31986870411326,55.013020577366056,-7.401050046625013,1.0,-1.0,0.0,48.0,-4.6098025315908355,-43.39019746840917
0.027,5.9916666549999995,0.2417193744983912,1.5342677628060268,1.5342677628060268,-1.2925483883076356,-8.246830511324966,8.246830511324966,0.0,21.290217581447266,-20.83719096961385,-19.437800354027793,53.27132447869867,-6.521662481676481,1.0,-1.0,0.0,48.0,-4.335686340055502,-43.6643136599445
0.0275,6.0624999875,0.26065401518300385,1.5605150612718526,1.5605150612718526,-1.2998610460888487,-7.133175513974465,7.133175513974465,0.0,20.684921181818556,-19.84823803229401,-19.466292462220558,51.756855289036594,-5.586315806775479,1.0,-1.0,0.0,48.0,-4.115365963017169,-43.88463403698283
0.028,6.13333332,0.27981118534462773,1.586064457318586,1.586064457318586,-1.3062532719739584,-5.962621938212956,5.962621938212956,0.0,20.17512415700173,-18.88675462114942,-19.44009131367769,50.481262934123684,-4.6138151427463345,1.0,-1.0,0.0,48.0,-3.9157239183961563,-44.08427608160384
0.0285,6.2041666525,0.29919088498326285,1.6110373163940983,1.6110373163940983,-1.3118464314108356,-4.74974423634491,4.74974423634491,0.0,19.763601361594848,-17.957346229094924,-19.389039669361647,49.451468143150166,-3.6230441710993855,1.0,-1.0,0.0,48.0,-3.7078327643883933,-44.29216723561161
0.029,6.274999985,0.3187931140989093,1.6355572955060813,1.6355572955060813,-1.316764181407172,-3.508555830661787,3.508555830661787,0.0,19.45140785216801,-17.061039935956398,-19.33743417381642,48.66974731289327,-2.6321476615684207,1.0,-1.0,0.0,48.0,-3.4673818680777764,-44.53261813192223
0.0295,6.3458333174999995,0.33861787269156685,1.6597480822192978,1.6597480822192978,-1.3211302095277309,-2.2520953259484977,2.2520953259484977,0.0,19.237936845983267,-16.1953122000613,-19.304032761549067,48.13400549548249,-1.6578519435133108,1.0,-1.0,0.0,48.0,-3.174654915489949,-44.825345084510055
0.03,6.41666665,0.35866516076123584,1.6837313091909785,1.6837313091909785,-1.3250661484297426,-0.9920679810990615,0.9920679810990615,0.0,19.12104933587923,-15.354503197512827,-19.30250875045672,47.83819853465029,-0.7149535903678217,1.0,-1.0,0.0,48.0,-2.8142181803600774,-45.18578181963992
0.0305,6.487499982499999,0.37893497830791617,1.7076247081426894,1.7076247081426894,-1.3286897298347733,0.26142794947637665,-0.26142794947637665,0.0,19.09725369581498,-14.530505638338372,-19.342173163739442,47.77286156634691,0.1840215528224855,1.0,-1.0,0.0,48.0,-2.3744528075222533,-45.62554719247775
0.031,6.558333315,0.3994273253316077,1.7315405460476698,1.7315405460476698,-1.3321132207160622,1.5000736320336723,-1.5000736320336723,0.0,19.161912154004575,-13.71362212215765,-19.428822539656654,47.925702887042995,1.0290036271961065,1.0,-1.0,0.0,48.0,-1.8470324444198836,-46.15296755558012
0.0315,6.6291666475,0.42014220183231055,1.7555843669220073,1.7555843669220073,-1.3354421650896966,2.7173959696807906,-2.7173959696807906,0.0,19.30945296296693,-12.893496376081494,-19.565604143940934,48.28222692353404,1.8124301698915852,1.0,-1.0,0.0,48.0,-1.2264175626163487,-46.773582437383645
0.032,6.69999998,0.44107960781002475,1.7798540458829095,1.7798540458829095,-1.3387744380728848,3.908732560872585,-3.908732560872585,0.0,19.53357095534239,-12.060032762074872,-19.75381880642502,48.82635569734684,2.5291862520119297,1.0,-1.0,0.0,48.0,-0.5094120969412206,-47.49058790305878
0.0325,6.7708333125,0.4622395432647501,1.8044391439830822,1.8044391439830822,-1.342199600718332,5.067925930692524,-5.074291129533428,0.006365198840904653,19.82736675666368,-11.204201482120563,-19.99356522005265,49.54092990800953,3.1733304883745292,1.0,-1.0,0.0,48.0,0.0,-48.0
0.033,6.841666645,0.4836220081964868,1.8294197045894833,1.8294197045894833,-1.3457976963929965,6.1572002285433225,-6.24906498544398,0.0918647569006577,20.181618911360555,-10.317778720141659,-20.282378619790343,50.403575470095404,3.7075842492681765,1.0,-1.0,0.0,48.0,0.0,-48.0
0.0335,6.9124999775000004,0.5052270026052348,1.8548624329630912,1.8548624329630912,-1.3496354303578564,7.165162789881025,-7.445056550033438,0.27989376015241246,20.58381311140596,-9.393937196945217,-20.614514469224453,51.38448298403938,4.119042932390033,1.0,-1.0,0.0,48.0,0.0,-48.0
0.034,6.98333331,0.527054526490994,1.8808187485264465,1.8808187485264465,-1.3537642220354524,8.092468241073469,-8.665276956436651,0.5728087153631815,21.02061733844661,-8.42919583017175,-20.983491189370955,52.45275413088421,4.406450563088902,1.0,-1.0,0.0,48.0,0.0,-48.0
0.0345,7.0541666425,0.5491045798537646,1.9073245838803088,1.9073245838803088,-1.3582200040265442,8.941751392432158,-9.91312755163382,0.9713761592016623,21.478272421429427,-7.423349187940925,-21.382267971586735,53.577418168018966,4.570428414197755,1.0,-1.0,0.0,48.0,0.0,-48.0
0.035,7.124999975,0.5713771626935464,1.9344004589540247,1.9344004589540247,-1.3630232962604782,9.717401502731821,-11.192019790740199,1.4746182880083767,21.942827323333272,-6.378747076457422,-21.80303713695831,54.72785933934395,4.613138033849566,1.0,-1.0,0.0,48.0,0.0,-48.0
0.0355,7.195833307499999,0.5938722750103393,1.9620517475545032,1.9620517475545032,-1.3681794725441638,10.425390075409736,-12.505099051152465,2.0797089757427294,22.400452401013606,-5.299113866014283,-22.236923149281274,55.87415850618057,4.537930879613175,1.0,-1.0,0.0,48.0,0.0,-48.0
0.036,7.2666666399999995,0.6165899168041438,1.9902690924234074,1.9902690924234074,-1.3736791756192637,11.073162611382884,-13.855101813233855,2.78193920185097,22.83784655141757,-4.188078544118211,-22.673699086656594,56.987344630674656,4.348975942891867,1.0,-1.0,0.0,48.0,0.0,-48.0
0.0365,7.3374999725,0.6395300880749594,2.0190289221877555,2.0190289221877555,-1.379498834112796,11.66958441631827,-15.244354296068135,3.5747698797498666,23.242724504662608,-3.047695853036456,-23.10163485354884,58.03954969448244,4.050859523082062,1.0,-1.0,0.0,48.0,0.0,-48.0
0.037,7.408333304999999,0.6626927888227865,2.0482940202728237,2.0482940202728237,-1.3856012314500372,12.224910721827804,-16.67489115652158,4.4499804346937735,23.60432878631684,-1.8773186411168787,-23.507568132409556,59.00406086603225,3.6481671710767465,1.0,-1.0,0.0,48.0,0.0,-48.0
0.0375,7.4791666375,0.6860780190476247,2.0780140939213863,2.0780140939213863,-1.3919360748737617,12.75073713685606,-18.148640059533932,5.397902922677872,23.91386607633683,-0.6731971212364257,-23.87723949423101,59.85526960987343,3.145086687995517,1.0,-1.0,0.0,48.0,0.0,-48.0
0.038,7.54999997,0.7096857787494741,2.108126294475255,2.108126294475255,-1.3984405157257807,13.259882708602024,-19.667589525617334,6.40770681701531,24.16473492385411,0.5708954620349284,-24.19586698534576,60.5685315970954,2.545106960248987,1.0,-1.0,0.0,48.0,0.0,-48.0
0.0385,7.6208333024999995,0.733516067928335,2.1385556523872284,2.1385556523872284,-1.4050395844588934,13.76616756690747,-21.23384264035015,7.467675073442681,24.35240915971885,1.8618876506544362,-24.44887073581358,61.11997411352108,1.850918539081821,1.0,-1.0,0.0,48.0,0.0,-48.0
0.039,7.691666635,0.7575688865842071,2.169215415773827,2.169215415773827,-1.4116465291896199,14.284069593933642,-22.849466106170336,8.565396512236694,24.473884309735407,3.2046191276121494,-24.62261554160344,61.48631611536396,1.0646330668041135,1.0,-1.0,0.0,48.0,0.0,-48.0
0.0395,7.7624999675,0.7818442347170905,2.2000073209402577,2.2000073209402577,-1.4181630862231671,14.828274887612807,-24.516076871774832,9.687801984162025,24.526688331499695,4.598457714155532,-24.70503526326321,61.64479331444926,0.18841565659825843,1.0,-1.0,0.0,48.0,0.0,-48.0
0.04,7.8333333,0.806342112326985,2.2308218742449255,2.2308218742449255,-1.4244797619179406,15.413166580348738,-26.2341648944866,10.820998314137862,24.507592022572158,6.03399714263044,-24.686041907746826,61.57329692426095,-0.7744411609243191,1.0,-1.0,0.0,48.0,0.0,-48.0
0.0405,7.9041666325,0.8310625194138911,2.2615387787590113,2.2615387787590113,-1.4304762593451201,16.052316236542595,-28.00222073887327,11.949904502330673,24.41129765128366,7.490641864500006,-24.557693867495924,61.25082938166919,-1.818078791112245,1.0,-1.0,0.0,48.0,0.0,-48.0
0.041,7.974999965,0.8560054559778083,2.292027683410901,2.292027683410901,-1.4360222274330925,16.758044012562195,-29.815804585182903,13.057760572620708,24.22948907637849,8.935836913001253,-24.314178208386092,60.658345299760015,-2.932474328888512,1.0,-1.0,0.0,48.0,0.0,-48.0
0.0415,8.0458332975,0.8811709220187369,2.322149451004449,2.322149451004449,-1.440978528985712,17.54109564911106,-31.66673968788355,14.125644038772489,23.95063979745458,10.326442841042763,-23.95172160121417,59.779979255241834,-4.1020055596218725,1.0,-1.0,0.0,48.0,0.0,-48.0
0.042,8.116666630000001,0.9065589175366766,2.351758120419232,2.351758120419232,-1.4451992028825555,18.410450867608837,-33.54262150343718,15.132170635828343,23.560858819900623,11.612316219164262,-23.468559141568793,58.60457184730524,-5.304564571044562,1.0,-1.0,0.0,48.0,0.0,-48.0
0.0425,8.1874999625,0.9321694425316278,2.3807036700823847,2.3807036700823847,-1.448534227550757,19.373240017775263,-35.426795019607475,16.053555001832212,23.04580881477676,12.741629694807493,-22.865051465489735,57.12731117883447,-6.511569886384612,1.0,-1.0,0.0,48.0,0.0,-48.0
0.043,8.258333295,0.9580024970035897,2.4088355790896983,2.4088355790896983,-1.4508330820861084,20.434717967751766,-37.29887182769952,16.864153859947756,22.393413193055366,13.666999844927785,-22.1439615076996,55.35123614234457,-7.689074285348238,1.0,-1.0,0.0,48.0,0.0,-48.0
0.0435,8.3291666275,0.9840580809525633,2.4360070479927334,2.4360070479927334,-1.45194896704017,21.59823758980318,-39.13575388922267,17.53751629941949,21.596783568285467,14.351242741487859,-21.31081467406914,53.28832798113028,-8.799919583110636,1.0,-1.0,0.0,48.0,0.0,-48.0
0.044,8.399999959999999,1.0103361943785483,2.4620796132429468,2.4620796132429468,-1.4517434188643985,22.865182881745817,-40.91303094131129,18.047848059565474,20.656663038010883,14.77164708514116,-20.37420727178913,50.95996278846891,-9.806621629759476,1.0,-1.0,0.0,48.0,0.0,-48.0
0.0445,8.4708332925,1.0368368372815446,2.486927800085249,2.486927800085249,-1.4500909628037042,24.234856402986402,-42.60655107655211,18.371694673565706,19.582765014612196,14.922032994351282,-19.34592279893721,48.39660369197252,-10.674473212330154,1.0,-1.0,0.0,48.0,0.0,-48.0
0.045,8.541666625,1.063560009661552,2.5104518629947674,2.5104518629947674,-1.4468918533332153,24.01696048758319,-40.8215210604216,16.80456057283841,18.42704518322102,14.83957929897389,-18.273891110878473,45.71963010914628,-10.28655069527032,1.0,0.0,-1.0,0.0,48.0,-48.0
0.0455,8.612499957499999,1.090505711518571,2.532694516585196,2.532694516585196,-1.4421888050666252,22.955170128948073,-37.07189994910186,14.11672982015379,17.346493202092056,14.666893802598171,-17.307588369401525,43.30451005765482,-9.002860564628865,1.0,0.0,-1.0,0.0,48.0,-48.0
0.046,8.68333329,1.117673942852601,2.5538134964575843,2.5538134964575843,-1.4361395536049832,22.119981237825048,-33.555462803393056,11.435481565568008,16.37775512486685,14.466755467634284,-16.478690812512074,41.23167362882458,-7.557413427272937,1.0,0.0,-1.0,0.0,48.0,-48.0
0.0465,8.7541666225,1.1450647036636423,2.5739889257178934,2.5739889257178934,-1.428924222054251,21.474347704531432,-30.25773715813985,8.783389453608418,15.53668781713304,14.284431747198077,-15.800361043352101,39.534816508403594,-6.003697257559472,1.0,0.0,-1.0,0.0,48.0,-48.0
0.047,8.824999955,1.1726779939516951,2.5934144955364156,2.5934144955364156,-1.4207365015847204,20.984033552554525,-27.169762271750557,6.185728719196033,14.831337483863368,14.156262420392542,-15.280700390782599,38.23465248698426,-4.391913030772045,1.0,0.0,-1.0,0.0,48.0,-48.0
0.0475,8.8958332875,1.2005138137167588,2.6122911985738053,2.6122911985738053,-1.4117773848570465,20.618065440689833,-24.28684363633977,3.668778195649937,14.262078034344915,14.109255005199783,-14.923081118697416,37.33984526554041,-2.768149835365402,1.0,0.0,-1.0,0.0,48.0,-48.0
0.048,8.96666662,1.228572162958834,2.630821573370441,2.630821573370441,-1.402249410411607,20.349095996696953,-21.60739151861623,1.2582955219192753,13.822106777146619,14.161412176359317,-14.72655600407291,36.84810841161947,-1.1738501921559055,1.0,0.0,-1.0,0.0,48.0,-48.0
0.0485,9.0374999525,1.2568530416779207,2.6492045274086866,2.6492045274086866,-1.392351485730766,20.153680915199658,-19.131890039347937,-1.0217908758517202,13.498143351217811,14.32247488418675,-14.686322787829132,36.747411484599205,0.3545177624922224,1.0,0.0,-1.0,0.0,48.0,-48.0
0.049,9.108333285,1.2853564498740182,2.6676307805674258,2.6676307805674258,-1.3822743306934075,20.012472872187743,-16.862016289094512,-3.1504565830932307,13.2712395210922,14.594871107570206,-14.794225239741195,37.01724982794964,1.7856521256605666,1.0,0.0,-1.0,0.0,48.0,-48.0
0.0495,9.1791666175,1.3140823875471275,2.6862789534849747,2.6862789534849747,-1.3721965659378472,19.91033373619982,-14.79991204569803,-5.110421690501792,13.117669772933423,14.974755582453778,-15.039277618548898,37.62995089522836,3.0935243144389823,1.0,0.0,-1.0,0.0,48.0,-48.0
0.05,9.24999995,1.3430308546972478,2.7053123145093627,2.7053123145093627,-1.362281459812115,19.836363216615077,-12.947601404001201,-6.888761812613875,13.009920965702532,15.453096666653522,-15.40820294206934,38.55199992921526,4.257429495940409,1.0,0.0,-1.0,0.0,48.0,-48.0
0.0505,9.3208332825,1.3722018513243794,2.7248761915851363,2.7248761915851363,-1.3526743402607568,19.783837713743733,-11.306543357546275,-8.477294356197458,12.91782668309033,16.016808640274117,-15.885976468238786,39.745371869864464,5.261984834697332,1.0,0.0,-1.0,0.0,48.0,-48.0
0.051,9.391666614999998,1.4015953774285217,2.7450960486781555,2.7450960486781555,-1.3435006712496338,19.7500488994676,-9.877306615018382,-9.87274228444922,12.80989533884754,16.64994152411036,-16.456363715460665,41.16885472879028,6.097058597792492,1.0,0.0,-1.0,0.0,48.0,-48.0
0.0515,9.4624999475,1.4312114330096761,2.766076217529134,2.766076217529134,-1.3348647845194577,19.736028880856562,-8.659352678177603,-11.076676202678959,12.654859315636646,17.334928629921393,-17.102437617585757,42.7793432834633,6.757597238696183,1.0,0.0,-1.0,0.0,48.0,-48.0
0.052,9.53333328,1.4610500180678418,2.7878992627048533,2.7878992627048533,-1.3268492446370115,19.746149217484575,-7.650911088172559,-12.095238129312015,12.423426232277583,18.053859900339216,-17.80705335517295,44.53307268065294,7.243311152240887,1.0,0.0,-1.0,0.0,48.0,-48.0
0.0525,9.6041666125,1.4911111326030186,2.8106259403195217,2.8106259403195217,-1.319514807716503,19.787586038331728,-6.8489272749528265,-12.938658763378902,12.090147193542206,18.789705817650503,-18.553254429946538,46.38675225348742,7.558186553970968,1.0,0.0,-1.0,0.0,48.0,-48.0
0.053,9.674999945,1.5213947766152063,2.834295689289419,2.834295689289419,-1.3129009126742126,19.86965408249292,-6.249059213340975,-13.620594869151946,11.635240529550458,19.527375639485083,-19.32458293606663,48.298554108481106,7.709812434293507,1.0,0.0,-1.0,0.0,48.0,-48.0
0.0535,9.745833277500001,1.5519009501044057,2.8589275712218134,2.8589275712218134,-1.3070266211174077,20.003028794765413,-5.845695792189416,-14.157333002575996,11.046139571038124,20.254470967449752,-20.105274154718447,50.228912279702996,7.708545057941134,1.0,0.0,-1.0,0.0,48.0,-48.0
0.054,9.81666661,1.5826296530706165,2.8845215551293104,2.8845215551293104,-1.3018919020586939,20.198896291163997,-5.631969876534751,-14.566926414629247,10.318491122920246,20.961605834785946,-20.880332735377195,52.14109858374435,7.5665699540911895,1.0,0.0,-1.0,0.0,48.0,-48.0
0.0545,9.8874999425,1.6135808855138383,2.91106003065835,2.91106003065835,-1.2974791451445118,20.468092853818057,-5.5997448468371385,-14.868348006980916,9.456340192682383,21.642215430236668,-21.635513994044096,54.00156025934991,7.296950574620391,1.0,0.0,-1.0,0.0,48.0,-48.0
0.055,9.958333275000001,1.6447546474340715,2.93850943194861,2.93850943194861,-1.2937547845145385,20.82031358139915,-5.739566051820554,-15.080747529578598,8.47131339496398,22.29186330647854,-22.35726396502647,55.78002838730098,6.912761501216149,1.0,0.0,-1.0,0.0,48.0,-48.0
0.0555,10.0291666075,1.676150938831316,2.9668218646146998,2.9668218646146998,-1.2906709257833837,21.263477744309338,-6.040586845563131,-15.222890898746206,7.380762608254899,22.907163858912966,-23.032695878040542,57.44942882321706,6.426385654291494,1.0,0.0,-1.0,0.0,48.0,-48.0
0.056,10.09999994,1.7077697597055719,2.9959366483997507,2.9959366483997507,-1.2881668886941788,21.80333039246881,-6.490498472568011,-15.312831919900798,6.205037170153734,23.48453465119964,-23.649686127867405,58.98564239752456,5.849013316582134,1.0,0.0,-1.0,0.0,48.0,-48.0
0.0565,10.170833272500001,1.7396111100568385,3.025781712748517,3.025781712748517,-1.2861706026916784,22.443332213767274,-7.0755073552878605,-15.367824858479413,4.964280602388251,24.019050330030787,-24.197148619350287,60.36716433633875,5.1903311508167045,1.0,0.0,-1.0,0.0,48.0,-48.0
0.057,10.241666605,1.7716749898851172,3.056274805910647,3.056274805910647,-1.2845998160255296,23.184843264410205,-7.780405062864595,-15.404438201545611,3.6753410631196717,24.503662288096667,-24.66548902112503,61.57470488557689,4.458353315921038,1.0,0.0,-1.0,0.0,48.0,-48.0
0.0575,10.3124999375,1.8039613991904067,3.0873244959015853,3.0873244959015853,-1.2833630967111787,24.027547535097547,-8.588760385020136,-15.43878715007741,2.3494794708231663,24.928969111658912,-25.047158793407913,62.59075984810416,3.6593427081535066,1.0,0.0,-1.0,0.0,48.0,-48.0
0.058,10.383333270000001,1.8364703379727076,3.118830953269454,3.118830953269454,-1.2823606152967464,24.970006750826656,-9.483229705176326,-15.486777045650332,0.9915011836664422,25.283588322696634,-25.33714575906777,63.39917021319412,2.797803853926002,1.0,0.0,-1.0,0.0,48.0,-48.0
0.0585,10.4541666025,1.8692018062320197,-3.1324987919785707,3.1506865152010155,-1.2814847089689958,26.010189373298378,-10.445938439799715,-15.564250933498663,-0.39929663789292674,25.5550269923948,-25.533186210784894,63.984692510173495,1.876587862630112,1.0,0.0,-1.0,0.0,48.0,-48.0
0.059,10.524999934999999,1.902155803968342,-3.1004092620583092,3.182776045121277,-1.280620241152935,27.145809932621983,-11.458846168951919,-15.686963763670065,-1.8263533908889922,25.73082463366593,-25.635495407322065,64.33261915020461,0.8972071242319277,1.0,0.0,-1.0,0.0,48.0,-48.0
0.0595,10.595833267499998,1.9353323311816768,-3.068208178758364,3.2149771284212223,-1.2796447972395455,28.374344081036654,-12.503987469994534,-15.870356611042121,-3.2916957359505656,25.79968716037928,-25.645907010492255,64.42851642397473,-0.13951869504202552,1.0,0.0,-1.0,0.0,48.0,-48.0
0.06,10.6666666,1.9687313878720227,-3.0360251211653964,3.24716018601419,-1.2784287981421671,29.692655236038455,-13.563492747248464,-16.12916248878999,-4.791269398985655,25.75236392620488,-25.56647966126608,64.25817535707777,-1.2323973810597364,1.0,0.0,-1.0,0.0,48.0,-48.0
0.0605,10.737499932499999,2.00235297403938,-3.003996668368702,3.279188638810884,-1.2768356647715042,31.096266323190896,-14.619343151151684,-16.47692317203921,-6.310859039317889,25.582128356085516,-25.39783163690687,63.80788172294755,-2.3783887142720843,1.0,0.0,-1.0,0.0,48.0,-48.0
0.061,10.808333264999998,2.0361970896837485,-2.972266001220103,3.3109193059594832,-1.2747222162757348,32.578411863333685,-15.652893088859825,-16.925518774473858,-7.823696118847101,25.284866677504603,-25.13763826299633,63.065091928016855,-3.5708715245065488,1.0,0.0,-1.0,0.0,48.0,-48.0
0.0615,10.8791665975,2.0702637348051285,-2.9409820568981555,3.3422032502814307,-1.2719395154763022,34.129083995867305,-16.64428246051428,-17.48480153535302,-9.290560188232991,24.858906357352993,-24.779798970480186,62.01954406161434,-4.797956926669885,1.0,0.0,-1.0,0.0,48.0,-48.0
0.062,10.949999929999999,2.1045529094035196,-2.9102975112714633,3.372887795908123,-1.2683348865046034,34.08588663663061,-16.747788097356317,-17.338098539274295,-10.664528121867571,24.30902034686311,-24.318939212343295,60.67532527493805,-5.75172942548103,0.0,1.0,-1.0,-48.0,48.0,0.0
0.0625,11.020833262499998,2.139064613478922,-2.880323091140546,3.4028622160390403,-1.263797602560118,30.39274977039823,-14.927096326439102,-15.465653443959127,-11.93290161741869,23.712112788665117,-23.81826272446436,59.21697897505262,-5.88111203386046,0.0,1.0,-1.0,-48.0,48.0,0.0
0.063,11.091666595,2.173798847031336,-2.8510818021762074,3.432103505003379,-1.258304657972043,27.0756746041138,-13.19864022488286,-13.877034379230942,-13.088350107723763,23.112927588529505,-23.30832465943089,57.75082942488649,-5.817833356350594,0.0,1.0,-1.0,-48.0,48.0,0.0
0.0635,11.162499927499999,2.2087556100607606,-2.82256597316668,3.460619334012906,-1.2518637239521455,24.097274452915887,-11.550193578610786,-12.5470808743051,-14.122807148175886,22.53087765725452,-22.794974502858402,56.32221427165874,-5.584772789653539,0.0,1.0,-1.0,-48.0,48.0,0.0
0.064,11.233333259999998,2.243934902567197,-2.7947467231785734,3.488438584001013,-1.244503681433816,21.422880403462692,-9.972400585481155,-11.450479817981538,-15.03572824549048,21.98223998820603,-22.28242098836027,54.97058279910953,-5.2060553939102485,0.0,1.0,-1.0,-48.0,48.0,0.0
0.0645,11.3041665925,2.2793367245506446,-2.767576970580442,3.5156083365991444,-1.2362716120484998,19.021078023924943,-8.458566951697426,-10.562511072227517,-15.833257145038163,21.480275278929785,-21.7737354603169,53.72926283864865,-4.706423108621354,0.0,1.0,-1.0,-48.0,48.0,0.0
0.065,11.374999925,2.3149610760111035,-2.74099451952698,3.5421907876526064,-1.227229711641503,16.864059998012397,-7.004429758113395,-9.859630239899001,-16.526649146098563,21.03542594785568,-21.27095667006355,52.62538271073786,-4.110636113051547,0.0,1.0,-1.0,-48.0,48.0,0.0
0.0655,11.445833257499999,2.350807956948574,-2.714925149544008,3.5682601576355784,-1.2174522006870045,14.927769337136105,-5.607862672743155,-9.319906664392951,-17.130367441899246,20.655535110176167,-20.774897641401008,51.67993365653888,-3.442950843654249,0.0,1.0,-1.0,-48.0,48.0,0.0
0.066,11.51666659,2.386877367363055,-2.6892856429893124,3.593899664190274,-1.207022296827219,13.191844155650948,-4.268500404035339,-8.92334375161561,-17.660203912490616,20.34605912171375,-20.28479673407961,50.90795255002106,-2.7266782144876487,0.0,1.0,-1.0,-48.0,48.0,0.0
0.0665,11.5874999225,2.4231693072545473,-2.6639866950174422,3.619198612162144,-1.1960293049075967,11.63939901103911,-2.987290776860388,-8.652108234178723,-18.131668016455446,20.110268192206156,-19.797955928207198,50.31880639003785,-1.9838085822202909,0.0,1.0,-1.0,-48.0,48.0,0.0
0.067,11.658333254999999,2.4596837766230513,-2.6389356590313384,3.644249648148248,-1.1845658715251965,10.25668930111117,-1.7660005021719165,-8.490688798939253,-18.558777742886996,19.949441084371063,-19.309484978608467,49.91656362196808,-1.234690607627026,0.0,1.0,-1.0,-48.0,48.0,0.0
0.0675,11.7291665875,2.496420775468567,-2.6140390874344126,3.6691462197451736,-1.1727254442766064,9.032706661874595,-0.6067105570916143,-8.425996104782982,-18.953296876748528,19.86306277592172,-18.81223502487594,49.70043955013816,-0.4977598191781616,0.0,1.0,-1.0,-48.0,48.0,0.0
0.068,11.799999920000001,2.5333803037910934,-2.5892050338117216,3.6939802733678646,-1.1605999695767713,7.958748024532768,0.48866012275102594,-8.447408147283793,-19.324399429790436,19.849031194887846,-18.296969345338255,49.66530291731086,0.2106777073098498,0.0,1.0,-1.0,-48.0,48.0,0.0
0.0685,11.870833252499999,2.570562361590631,-2.5643450896275555,3.7188402175520308,-1.1482778559613998,7.027991949432263,1.5187666725108797,-8.546758621943143,-19.67870212446713,19.90387357147905,-17.75278673732968,49.802228464813865,0.876594565840286,0.0,1.0,-1.0,-48.0,48.0,0.0
0.069,11.941666585,2.60796694886718,-2.5393761369341297,3.7438091702454566,-1.1358422213782764,6.235105275574634,2.4831567740671834,-8.718262049641817,-20.020582858541754,20.022966705781837,-17.167785012676504,50.09907695329551,1.488310298270544,0.0,1.0,-1.0,-48.0,48.0,0.0
0.0695,12.012499917500001,2.645594065620741,-2.514221808669638,3.7689634985099483,-1.1233694328892074,5.57589247367512,3.38247569512589,-8.95836816880101,-20.352690924869243,20.200750021724943,-16.52992680870093,50.5410809641599,2.036468116965053,0.0,1.0,-1.0,-48.0,48.0,0.0
0.07,12.083333249999999,2.683443711851312,-2.488813659486264,3.794371647693322,-1.1109279358420099,5.046990321039435,4.218549175598096,-9.265539496637532,-20.676549382948227,20.430916787880523,-15.828045626569267,51.11141303925934,2.5139172805270875,0.0,1.0,-1.0,-48.0,48.0,0.0
0.0705,12.154166582499998,2.7215158875588945,-2.4630920617240175,3.8200932454555687,-1.0985773578966742,4.645602340792324,4.994347630281364,-9.639949971073689,-20.993150002521617,20.706568293730466,-15.052906141019532,51.79171336954645,2.915509563045601,0.0,1.0,-1.0,-48.0,48.0,0.0
0.071,12.224999914999998,2.7598105927434884,-2.4370068517520846,3.8461784554275016,-1.0863678626840132,4.3692615411218245,5.713847522474305,-10.08310906359613,-21.3034474208966,21.02031888996374,-14.198210658381635,52.56255792410157,3.23783082101381,0.0,1.0,-1.0,-48.0,48.0,0.0
0.0715,12.2958332475,2.7983278274050942,-2.410517759896679,3.8726675472829073,-1.074339719877813,4.215607053991547,6.381817296181098,-10.597424350172645,-21.60867347560773,21.36434711355757,-13.261426476347353,53.40385459699041,3.4788995824410796,0.0,1.0,-1.0,-48.0,48.0,0.0
0.072,12.366666579999999,2.8370675915437107,-2.3835946612344303,3.899590645945156,-1.0625230544014452,4.182160944856007,7.003564580002748,-11.185725524858755,-21.910416789249076,21.730399419349315,-12.244301979886577,54.29516379676812,3.63787036780991,0.0,1.0,-1.0,-48.0,48.0,0.0
0.0725,12.437499912499998,2.876029885159339,-2.356217683963862,3.9269676232157242,-1.0509377380563851,4.266096089136879,7.58468692073627,-11.85078300987315,-22.210446817422447,22.10976703753568,-11.152948893370086,55.215949219267316,3.714776993244086,0.0,1.0,-1.0,-48.0,48.0,0.0
0.073,12.508333245,2.9152147082519786,-2.3283772071968696,3.9548080999827167,-1.039593391730738,4.463994325612827,8.130868516024734,-12.59486284163756,-22.510303487878524,22.493270494529213,-9.997400425987864,56.14577203749864,3.7103389521083927,0.0,1.0,-1.0,-48.0,48.0,0.0
0.0735,12.579166577499999,2.954622060821629,-2.300073772342565,3.9831115348370214,-1.0284894740153923,4.771604936448508,8.647759130455789,-13.419364066904297,-22.810718074504386,22.8712963329629,-8.790614330369113,57.064445100135295,3.6258335716468446,0.0,1.0,-1.0,-48.0,48.0,0.0
0.074,12.649999909999998,2.9942519428682908,-2.271317924284785,4.011867382894801,-1.01761544002651,5.183624652239208,9.140958279684765,-14.324582931923974,-23.110970158151122,23.233931698596514,-7.546975739553377,57.95216143787317,3.4630129501305307,0.0,1.0,-1.0,-48.0,48.0,0.0
0.0745,12.7208332425,3.0341043543919644,-2.2421299931613903,4.041055314018196,-1.006950959626232,5.693528722450118,9.616108822336688,-15.309637544786806,-23.408309971539957,23.571230307204925,-6.280459121245096,58.78960354849735,3.22402553962149,0.0,1.0,-1.0,-48.0,48.0,0.0
0.075,12.791666574999999,3.0741792953926486,-2.212539827037945,4.070645480141641,-0.9964661847489924,6.293484678800359,10.07908185291687,-16.37256653171723,-23.697576339339726,23.873615700899173,-5.00271442012247,59.55802879783102,2.911296282644238,0.0,1.0,-1.0,-48.0,48.0,0.0
0.0755,12.862499907499998,3.1144767658703443,-2.182586490809864,4.100598816369722,-0.9861220504993775,6.9743734557547885,10.536213285171291,-17.51058674092608,-23.971112793118273,24.132386729929674,-3.721423497253229,60.23931599373138,2.5273326453734026,0.0,1.0,-1.0,-48.0,48.0,0.0
0.076,12.93333324,3.154996765825051,-2.1523181434809757,4.1308671636986105,-0.9758703978735594,6.806184616602581,10.07484825160545,-16.88103286820803,-24.217709345322433,24.338916493845776,-2.4391748622314235,60.81263783352964,1.9988687358357144,-1.0,1.0,0.0,-48.0,0.0,48.0
0.0765,13.004166572499999,3.19573929525677,-2.121799945486776,4.16138536169281,-0.9656460664360402,4.953890639651664,7.881392475818604,-12.835283115470268,-24.415815457544294,24.47772014192715,-1.153779160024261,61.23592878440429,1.4170491669088197,-1.0,1.0,0.0,-48.0,0.0,48.0
0.077,13.074999904999999,3.236704354165499,-2.0911028926633413,4.1920824145162445,-0.9553780603507454,3.3230648505777376,5.883491630943451,-9.206556481521188,-24.56992593453169,24.562307588420428,0.1389927596069715,61.534954968131224,1.0008137524247869,-1.0,1.0,0.0,-48.0,0.0,48.0
0.0775,13.1458332375,3.2778919425512405,-2.060279248324644,4.222906058854942,-0.9450141163037018,1.892876417147999,4.076126407731402,-5.969002824879401,-24.68977733626691,24.61290591469418,1.4500104083018703,61.74825743428378,0.7277209778754202,-1.0,1.0,0.0,-48.0,0.0,48.0
0.078,13.21666657,3.319302060413992,-2.029363358144939,4.253821949034647,-0.9345198886206547,0.6467790912422609,2.4526080560159467,-3.0993871472582075,-24.78399479858252,24.648746234654492,2.794431843676352,61.909063748941215,0.5776685294010492,-1.0,1.0,0.0,-48.0,0.0,48.0
0.0785,13.287499902499999,3.360934707753756,-1.9983741690716526,4.2848111381079335,-0.9238764303541775,-0.42777784279951325,1.0050132017508557,-0.5772353589513425,-24.860800852665204,24.68756652596206,4.188336794792371,62.045815375955726,0.5323255685082686,-1.0,1.0,0.0,-48.0,0.0,48.0
0.079,13.358333235,3.402789884570531,-1.9673191553013456,4.31586615187824,-0.9130762673077095,-0.5323417852715548,0.5323417852715548,0.0,-24.922964264696844,24.739554486005307,5.644557626880296,62.16917472688282,0.4252498767914147,-1.0,1.0,0.0,-48.0,18.263737483773934,29.736262516226066
0.0795,13.4291665675,3.444867590864317,-1.9362110131073438,4.3469742940722425,-0.9021067032079255,-0.35134390862444315,0.35134390862444315,0.0,-24.961803825993726,24.800464841678735,7.1663324831763875,62.257376072620595,0.2808288925528397,-1.0,1.0,0.0,-48.0,16.752998024666116,31.247001975333884
0.08,13.499999899999999,3.487167826635114,-1.9050677352191643,4.378117571960422,-0.8909497453253077,-0.17433658924936482,0.17433658924936482,0.0,-24.978410955558974,24.87175635206709,8.749409763275658,62.309845495045764,0.13947568113634168,-1.0,1.0,0.0,-48.0,15.1972629349784,32.8027370650216
0.0805,13.5708332325,3.5296905918829227,-1.8739069865881586,4.409278320591428,-0.879587728708505,-0.0020082052428293837,0.0020082052428293837,0.0,-24.97530125919293,24.951641132523484,10.381021377529866,62.32740425858769,0.0016086591229358127,-1.0,1.0,0.0,-48.0,13.607148559135412,34.39285144086458
0.081,13.641666565,3.572435886607743,-1.8427459956993895,4.440439311480197,-0.868003424872454,0.1648900500558492,-0.1648900500558492,0.0,-24.955401874630656,25.033785820602727,12.040217584605696,62.31097983698462,-0.13228358281128832,-1.0,1.0,0.0,-48.0,11.99897438838034,36.00102561161966
0.0815,13.712499897499999,3.615403710809574,-1.8116014896062518,4.471583817573334,-0.8561801067637602,0.3251582765666338,-0.3251582765666338,0.0,-24.921604308573226,25.106971230061998,13.699199677600916,62.26166884162286,-0.2612715930022006,-1.0,1.0,0.0,-48.0,10.39348378314347,37.60651621685653
0.082,13.78333323,3.6585940644884163,-1.7804895737049986,4.502695733474588,-0.8441016689861716,0.47674945964105075,-0.47674945964105075,0.0,-24.876454566665092,25.155311993896426,15.32543834669225,62.18089572456271,-0.383600419303909,-1.0,1.0,0.0,-48.0,8.813990366923417,39.18600963307658
0.0825,13.8541665625,3.7020069476442696,-1.7494255089107218,4.533759798268864,-0.8317528506245946,0.6164231308634687,-0.6164231308634687,0.0,-24.8220277651173,25.159072967857256,16.88435755726249,62.07066210518896,-0.49636181656336775,-1.0,1.0,0.0,-48.0,7.284165044107487,40.715834955892504
0.083,13.924999895,3.745642360277135,-1.7184233460614364,4.564761961118149,-0.8191196008410144,0.7395133704421595,-0.7395133704421595,0.0,-24.75999536863295,25.09603533176066,18.342294675273955,61.93386298061881,-0.5952995586865535,-1.0,1.0,0.0,-48.0,5.8257253062899,42.174274693710096
0.0835,13.9958332275,3.7895003023870113,-1.6874953939464798,4.595689913233106,-0.8061896108460949,0.8398605120009697,-0.8398605120009697,0.0,-24.6918542723957,24.943277870124273,19.669409125820476,61.77462756257384,-0.6748173018481853,-1.0,1.0,0.0,-48.0,4.45630267304381,43.5436973269562
0.084,14.06666656,3.833580773973899,-1.656651522433559,4.6265337847460275,-0.7929530107721283,0.9099337452072922,-0.9099337452072922,0.0,-24.619255090417667,24.67916339266889,20.842212363499144,61.598627648993904,-0.7282352915186093,-1.0,1.0,0.0,-48.0,3.187741787626468,44.81225821237353
0.0845,14.1374998925,3.8778837750377977,-1.6258983328530299,4.657286974326556,-0.7794031992887588,0.9411436495642983,-0.9411436495642983,0.0,-24.544348287412408,24.285274271832762,21.84543691050384,61.413289563405215,-0.7483020289087257,-1.0,1.0,0.0,-48.0,2.025026081706338,45.97497391829366
0.085,14.208333225,3.922409305578708,-1.5952382591228322,4.687947048056754,-0.7655377424780463,0.9243144268019358,-0.9243144268019358,0.0,-24.470065032483273,23.748039490437055,22.673050628610145,61.22785049237251,-0.7279153079060172,-1.0,1.0,0.0,-48.0,0.9659366003667458,47.034063399633254
0.0855,14.2791665575,3.9671573655966297,-1.5646686887263492,4.718516618453237,-0.7513592528566075,0.8502609061034675,-0.8502609061034675,0.0,-24.400265156268336,23.059844376074,23.328343215327145,61.053218022880735,-0.6609557537100839,-1.0,1.0,0.0,-48.0,0.0014463945756874041,47.99855360542432
0.086,14.349999889999998,4.012127955091561,-1.5341814247776058,4.749003882401981,-0.73687592731042,0.7359921964947211,-0.684750534857746,-0.05124166163697523,-24.33901549244134,22.218874721208046,23.822457337451468,60.89987429130499,-0.5640145323787062,-1.0,1.0,0.0,-48.0,0.0,48.0
0.0865,14.420833222499999,4.0573210740635055,-1.5037645338441346,4.779420773335452,-0.7220996992719462,0.5946290252242011,-0.3991334138949345,-0.19549561132926663,-24.288351631689412,21.227392567935038,24.170805859573306,60.77223806999646,-0.45481963252339863,-1.0,1.0,0.0,-48.0,0.0,48.0
0.087,14.491666554999998,4.102736722512461,-1.4734043496121803,4.809780957567406,-0.7070442350549451,0.41322034909182875,0.006949728448089968,-0.4201700775399187,-24.250180608890588,20.093713372108027,24.393345694215313,60.67362635481925,-0.3317813258658688,-1.0,1.0,0.0,-48.0,0.0,48.0
0.0875,14.562499887499998,4.148374900438427,-1.4430855059230414,4.840099801256545,-0.6917249008181177,0.18178779000693523,0.5336624776820795,-0.7154502676890148,-24.226582369025305,18.832124649882363,24.513448991959425,60.607399978731216,-0.19621782513461722,-1.0,1.0,0.0,-48.0,0.0,48.0
0.088,14.633333219999999,4.194235607841405,-1.4127911594947529,4.870394147684833,-0.6761585398434287,0.2259678462753637,0.5156948795741709,-0.7416627258495346,-24.218171842294336,17.460909224325132,24.55482753989684,60.57337654319874,-0.24234123662847662,-1.0,0.0,1.0,0.0,-48.0,48.0
0.0885,14.704166552499998,4.2403188447213935,-1.382528436526833,4.900656870652753,-0.6603380259313596,0.5144962572058703,0.0,-0.5144962572058703,-24.18661602615267,15.978119304417241,24.502264302529365,60.47467710591379,-0.41422704337518124,-1.0,0.0,1.0,-39.820295166228895,-8.179704833771106,48.0
0.089,14.774999884999998,4.286624611078395,-1.3523173565449467,4.93086795063464,-0.6442433395562448,0.5337198934801639,0.0,-0.5337198934801639,-24.154894591404634,14.43195372284581,24.40238629011182,60.36901401729842,-0.42929286160518165,-1.0,0.0,1.0,-38.308207873492215,-9.691792126507783,48.0
0.0895,14.8458332175,4.333152906912407,-1.3221598209600116,4.961025486219574,-0.6278725793071676,0.5393160726659234,0.0,-0.5393160726659234,-24.124152473660907,12.853623239142555,24.277944168899207,60.26096623293231,-0.4331830420567714,-1.0,0.0,1.0,-36.7767273915234,-11.223272608476595,48.0
0.09,14.916666549999999,4.379903732223429,-1.2920563157898879,4.991128991389698,-0.611225259166269,0.5309996008897194,0.0,-0.5309996008897194,-24.094219581673816,11.272064571634742,24.147467908269206,60.153360731315786,-0.42585013525388093,-1.0,0.0,1.0,-35.245440408337046,-12.754559591662954,48.0
0.0905,14.987499882499998,4.426877087011463,-1.2620059353475426,5.021179371832043,-0.5943022848205803,0.5098648445413074,0.0,-0.5098648445413074,-24.064358392204603,9.712450502781794,24.02529585516336,60.04889260319649,-0.4083210035013085,-1.0,0.0,1.0,-33.731981771302415,-14.268018228697585,48.0
0.091,15.058333215,4.4740729712765095,-1.2320065060370249,5.051178801142561,-0.5771058298660519,0.4778787472951911,0.0,-0.4778787472951911,-24.033389443975082,8.194562269977808,23.921295103578185,59.949911826566,-0.3822611890542541,-1.0,0.0,1.0,-32.250609440176255,-15.749390559823743,48.0
0.0915,15.129166547499999,4.521491385018566,-1.2020547906420542,5.081130516537532,-0.5596391315189662,0.4374190233199672,0.0,-0.4374190233199672,-23.99994683804815,6.731681013548303,23.841011039304398,59.85831192094073,-0.34960132348941725,-1.0,0.0,1.0,-30.811148912920178,-17.188851087079822,48.0
0.092,15.199999879999998,4.569132328237634,-1.1721467266650223,5.111038580514564,-0.5419062522769301,0.39089690379534825,0.0,-0.39089690379534825,-23.96282049190601,5.3300466467171495,23.786161419635757,59.77550145737622,-0.3122504827819983,-1.0,0.0,1.0,-29.418376182852278,-18.581623817147722,48.0
0.0925,15.2708332125,4.616995800933713,-1.1422776629713534,5.140907644208233,-0.5239118432745196,0.34048892212356874,0.0,-0.34048892212356874,-23.921330103714062,3.9888921205917844,23.755372804193033,59.702435342920424,-0.2719049749022319,-1.0,0.0,1.0,-28.071870770352298,-19.928129229647702,48.0
0.093,15.341666544999999,4.665081803106804,-1.1124425708070962,5.17074273637249,-0.5056609332656858,0.28798666374043763,0.0,-0.28798666374043763,-23.87567013665569,2.7010252847222005,23.745052553351826,59.639682176690556,-0.22994980106992965,-1.0,0.0,1.0,-26.76633407637413,-21.23366592362587,48.0
0.0935,15.412499877499998,4.713390334756906,-1.0826362167629162,5.20054909041667,-0.4871587556597641,0.23475871007114987,0.0,-0.23475871007114987,-23.827165840650995,1.453898126449217,23.75029464414259,59.58750567701036,-0.18744236941907233,-1.0,0.0,1.0,-25.49233372470342,-22.50766627529658,48.0
0.094,15.48333321,4.76192139588402,-1.052853295479445,5.230332011700141,-0.4684106158161212,0.18180636746507847,0.0,-0.18180636746507847,-23.778387458326602,0.23107383038774343,23.76572973294345,59.54594153363857,-0.1451622565409558,-1.0,0.0,1.0,-24.237402693079318,-23.762597306920682,48.0
0.0945,15.554166542499999,4.810674986488144,-1.0230885280956656,5.260096779083921,-0.44942179259577664,0.12988512161979884,0.0,-0.12988512161979884,-23.73308302720676,-0.986023082130586,23.786247471278852,59.514855700128834,-0.10370610746643984,-1.0,0.0,1.0,-22.987394695833366,-25.012605304166634,48.0
0.095,15.624999874999999,4.85965110656928,-0.9933367380489352,5.289848569130651,-0.4301974625613712,0.07965778345051105,0.0,-0.07965778345051105,-23.69590870409742,-2.21620720878159,23.807540587508953,59.493975824547896,-0.06360340562853732,-1.0,0.0,1.0,-21.727976849512643,-26.272023150487357,48.0
0.0955,15.6958332075,4.908849756127427,-0.9635929184311733,5.319592388748413,-0.41074263262098576,0.03184340071121253,0.0,-0.03184340071121253,-23.671957725605882,-3.4766274128848114,23.826444050015283,59.482893786211,-0.025427657341611974,-1.0,0.0,1.0,-20.446129424910485,-27.553870575089515,48.0
0.096,15.76666654,4.958270935162585,-0.9338523045495705,5.349333002630016,-0.39106206746743055,-0.012671731565263033,0.0,0.012671731565263033,-23.666112873046455,-4.781001103986448,23.8410667439453,59.48104352807925,0.010120841730778804,-1.0,0.0,1.0,-19.13152196056413,-28.86847803943587,48.0
0.0965,15.837499872499999,5.007914643674755,-0.9041104618337741,5.379074845345812,-0.37116020167105734,-0.05278852664646384,0.0,0.05278852664646384,-23.68227033007594,-6.138122100829939,23.850735329565342,59.48766383832334,0.042180129020867804,-1.0,0.0,1.0,-17.77764539942536,-30.22235460057464,48.0
0.097,15.908333205,5.057780881663936,-0.8743633933116051,5.408821913867981,-0.35104103220404514,-0.08723330835819032,0.0,0.08723330835819032,-23.722502967518206,-7.550757252995563,23.855788250888438,59.50175984371167,0.06975275621952337,-1.0,0.0,1.0,-16.382600105319323,-31.617399894680677,48.0
0.0975,15.9791665375,5.107869649130127,-0.8446076633181817,5.438577643861405,-0.3307079947312772,-0.11468651503683806,0.0,0.11468651503683806,-23.786246568776786,-9.015020369325661,23.857270674636606,59.52207938174756,0.09179902673931348,-1.0,0.0,1.0,-14.949467577744429,-33.05053242225557,48.0
0.098,16.04999987,5.158180946073331,-0.8148405257977167,5.4683447813818695,-0.3101638353085381,-0.1339960135901283,0.0,0.1339960135901283,-23.86960180776516,-10.520280060997809,23.856587605536816,59.547121000919546,0.10739594152891277,-1.0,0.0,1.0,-13.486227040116363,-34.51377295988364,48.0
0.0985,16.120833202500002,5.208714772493547,-0.785060037422427,5.498125269757159,-0.2894104972636118,-0.14445657958881178,0.0,0.14445657958881178,-23.964846428820263,-12.049622392827342,23.855172356574094,59.57518906291548,0.11595290687731702,-1.0,0.0,1.0,-12.005214643295743,-35.994785356704256,48.0
0.099,16.191666535,5.259471128390772,-0.7552653593603477,5.527919947819239,-0.26844881942846666,0.27110742576759456,-0.6436217156547576,0.372514289887163,-24.060404944661983,-13.580929800838447,23.85438113272623,59.60490739772808,0.18629547841404331,0.0,-1.0,1.0,0.0,-48.0,48.0
0.0995,16.262499867499997,5.31045001376501,-0.7254453056840773,5.5577400014955085,-0.2472899877304986,0.8053751785616453,-1.7098594095292865,0.9044842309676412,-24.161965550959618,-15.102053257751935,23.87599957791358,59.68707457187709,0.4684164178480487,0.0,-1.0,1.0,0.0,-48.0,48.0
0.1,16.3333332,5.361651428616259,-0.6955669515000935,5.587618355679493,-0.22596692706323382,1.232245038805526,-2.538129291186961,1.305884252381435,-24.257535071060616,-16.59505456163462,23.92706464840864,59.83710795081124,0.7265582386196371,0.0,-1.0,1.0,0.0,-48.0,48.0
0.1005,16.4041665325,5.413075372944519,-0.6655981766212218,5.6175871305583644,-0.20451175761384555,1.5606398850898322,-3.146088025716681,1.5854481406268488,-24.322491538705147,-18.035591759992734,24.00474620823277,60.04716715709015,0.9466090043202781,0.0,-1.0,1.0,0.0,-48.0,48.0
0.101,16.474999865,5.46472184674979,-0.6355115764394836,5.647673730740102,-0.18295188399031215,1.7970871254820686,-3.551779601985195,1.7546924765031262,-24.32847517098392,-19.397989896963264,24.104531255362776,60.30641298906833,1.118836813902593,0.0,-1.0,1.0,0.0,-48.0,48.0
0.1015,16.545833197500002,5.516590850032073,-0.6052856712778794,5.677899635901706,-0.16130878586963338,1.9454930099378214,-3.7735783033493724,1.828085293411551,-24.245047571487806,-20.656952138742074,24.22083436240671,60.602195953751576,1.2385657935151162,0.0,-1.0,1.0,0.0,-48.0,48.0
0.102,16.616666529999996,5.568682382791365,-0.5749054891247167,5.708279818054869,-0.13959743526350454,2.007078611414348,-3.8299914770248598,1.8229128656105118,-24.041829304484747,-21.789602308581113,24.34769803249313,60.92135274381429,1.306338059816522,0.0,-1.0,1.0,0.0,-48.0,48.0
0.1025,16.687499862499998,5.62099644502767,-0.5443625027256391,5.738822804453947,-0.11782635942627717,1.9805034454034063,-3.739326185860122,1.7588227404567158,-23.690964539825707,-22.777631654644843,24.47949975472166,61.25146605043618,1.3274467321107526,0.0,-1.0,1.0,0.0,-48.0,48.0
0.103,16.758333195,5.673533036740986,-0.5136539795407152,5.769531327638871,-0.09599829089788514,1.8621880965429847,-3.519248786614379,1.6570606900713944,-23.16965371062747,-23.609227263570308,24.61156667385945,61.581926516209585,1.3108286031672804,0.0,-1.0,1.0,0.0,-48.0,48.0
0.1035,16.8291665275,5.726292157931314,-0.482781881739438,5.800403425440148,-0.07411126750883401,1.6468262473910817,-3.1862920743381227,1.539465826947041,-22.46242588280897,-24.280436189188624,24.740599147789563,61.904648823470254,1.2674356011154324,0.0,-1.0,1.0,0.0,-48.0,48.0
0.104,16.899999859999998,5.779273808598653,-0.45175151723264506,5.831433789946941,-0.05215998134828848,1.3280521734514945,-2.7553833185031187,1.4273311450516242,-21.5628222082905,-24.795686982444646,24.86482666778329,62.214339861060445,1.2083293187697013,0.0,-1.0,1.0,0.0,-48.0,48.0
0.1045,16.9708331925,5.832477988743003,-0.4205701764995518,5.862615130680035,-0.03013714193703176,0.8992071809123434,-2.239471877672528,1.3402646967601846,-20.47423930139966,-25.16733640691689,24.983862750434447,62.50828937449124,1.14282360089571,0.0,-1.0,1.0,0.0,-48.0,48.0
0.105,17.041666524999997,5.885904698364365,-0.3892459838906184,5.893939323288968,-0.008034624924603051,0.35413305592352606,-1.649324251851999,1.295191195928473,-19.209816569466376,-25.414292148288922,25.09828104393404,62.78573727505357,1.077006545024017,0.0,-1.0,1.0,0.0,-48.0,48.0
0.1055,17.112499857499998,5.939553937462738,-0.35778750591264946,5.925397801266937,0.014156136195801139,0.0,-1.1496219247565314,1.1496219247565314,-17.79005022542158,-25.55796016477432,25.207048611587126,63.042092539311405,0.925739688341892,0.0,-1.0,1.0,6.385405551172018,-48.0,41.61459444882799
0.106,17.18333319,5.9934257060381215,-0.3262139753750694,5.9569713318045165,0.03645437423360498,0.0,-0.8316639010682005,0.8316639010682005,-16.235351137838574,-25.609057955567472,25.296190874602445,63.24134466910318,0.6694363955804694,0.0,-1.0,1.0,7.921082402643941,-48.0,40.07891759735607
0.1065,17.2541665225,6.047520004090517,-0.29455665465152947,5.988628652528057,0.05889135156246006,0.0,-0.5268990848383136,0.5268990848383136,-14.58249649574317,-25.590652880228387,25.363147848201354,63.377691857983386,0.42361137153753214,0.0,-1.0,1.0,9.531256020270346,-48.0,38.46874397972965
0.107,17.324999854999998,6.101836831619923,-0.2628462167204091,6.020339090459177,0.08149774116074582,0.0,-0.2411604350022868,0.2411604350022868,-12.872976444134318,-25.527513801145382,25.408191837990863,63.45447332839387,0.1935825212118808,0.0,-1.0,1.0,11.186684537442941,-48.0,36.81331546255706
0.1075,17.3958331875,6.156376188626341,-0.23111138476563298,6.052073922413953,0.1043022662123878,0.0,0.022082493705702404,-0.022082493705702404,-11.14682708927658,-25.440957693383723,25.431184185704616,63.4760503573848,-0.017697757603311146,0.0,-1.0,1.0,12.858059664562973,-48.0,35.14194033543703
0.108,17.466666519999997,6.21113807510977,-0.19937855660162968,6.083806750577956,0.12733132453181373,0.0,0.2611702193823639,-0.2611702193823639,-9.439122007287661,-25.347439388661872,25.431564179297524,63.44729036913467,-0.20902332352893305,0.0,-1.0,1.0,14.518815597394513,-48.0,33.4811844026055
0.1085,17.537499852499998,6.2661224910702105,-0.1676716471192142,6.115513660060372,0.15060883100983882,0.0,0.4756609934729112,-0.4756609934729112,-7.777191813423808,-25.257949678990105,25.408581641460867,63.37321184915394,-0.3802883256268765,0.0,-1.0,1.0,16.14749220534081,-48.0,31.852507794659186
0.109,17.608333185,6.321329436507663,-0.13601473013343773,6.147170577046149,0.17415885946151466,2.438760078148854,-0.5539616440576647,-1.884798434091189,-6.176785694198355,-25.169276704934735,25.352755130885853,63.23642678582016,-0.7733788911779781,1.0,-1.0,0.0,48.0,-48.0,0.0
0.1095,17.6791665175,6.376758911422127,-0.10445240114200838,6.1787329060375775,0.1980260053845493,5.623288653857938,-1.9841954710742853,-3.639093182783653,-4.645228505882896,-25.065943686143722,25.247591998034956,62.999991251670124,-1.083556797024186,1.0,-1.0,0.0,48.0,-48.0,0.0
0.11,17.74999985,6.432410915813599,-0.07302354796205252,6.2101617592175336,0.2222491565960656,8.42704220015709,-3.2540641110681148,-5.172978089088975,-3.187718156568155,-24.962238061461427,25.111403449079386,62.71040496376278,-1.2045058916758007,1.0,-1.0,0.0,48.0,-48.0,0.0
0.1105,17.8208331825,6.488285449682086,-0.04174363444557744,6.241441672734009,0.2468437769480767,10.88167612612695,-4.378773111298857,-6.502903014828092,-1.7961258529352913,-24.869092682520797,24.96271649299879,62.41073412342848,-1.169332020179029,1.0,-1.0,0.0,48.0,-48.0,0.0
0.111,17.891666514999997,6.544382513027582,-0.010608555787460677,6.272576751392125,0.27180576163545656,13.01572311002153,-5.369733668218951,-7.645989441802578,-0.45238715463978185,-24.79386531586764,24.818588844078597,62.136398712823585,-1.0060827815691207,1.0,-1.0,0.0,48.0,-48.0,0.0
0.1115,17.9624998475,6.6007021058500905,0.02040185117954522,6.303587158359131,0.2971149474909591,14.853977442589839,-6.234746105323467,-8.619231337266372,0.8676722997360626,-24.741913155156777,24.694906538384952,61.916406967077805,-0.7381432982797023,1.0,-1.0,0.0,48.0,-48.0,0.0
0.112,18.03333318,6.657244228149611,0.05132087298646233,6.3345061801660485,0.3227380479835622,16.417259339844374,-6.97821245139369,-9.439046888450685,2.1910460957018425,-24.717681025058745,24.6064363228581,61.774391971979796,-0.3853555489886218,1.0,-1.0,0.0,48.0,-48.0,0.0
0.1125,18.1041665125,6.714008879926141,0.08219242385224877,6.365377731031835,0.3486311488943059,17.722481193404505,-7.6014138048003055,-10.121067388604201,3.544861668704373,-24.725299589522606,24.566613908732712,61.72931796419213,0.03451557662738303,1.0,-1.0,0.0,48.0,-48.0,0.0
0.113,18.174999845,6.770996061179683,0.11306880921741844,6.396254116397005,0.3747419447826781,18.782941734239603,-8.10288289901743,-10.680058835222173,4.954221916991047,-24.76875813696143,24.587069659500223,61.795809054086654,0.5042713781249564,1.0,-1.0,0.0,48.0,-48.0,0.0
0.1135,18.2458331775,6.828205771910237,0.14400856197257683,6.427193869152163,0.4010119027580741,19.608788796505262,-8.47889770793301,-11.129891088572252,6.440413295286004,-24.851746792514817,24.676899190972904,61.9841188866089,1.0059499708548545,1.0,-1.0,0.0,48.0,-48.0,0.0
0.114,18.316666509999997,6.885638012117801,0.17507418695443316,6.458259494134019,0.4273785179837821,20.20761013927719,-8.724118544255925,-11.483491595021265,8.019296475996256,-24.977269560126064,24.841686140184873,62.2998086650616,1.5198470968774958,1.0,-1.0,0.0,48.0,-48.0,0.0
0.1145,18.3874998425,6.943292781802377,0.20632969269519466,6.489514999874781,0.4537777819275961,20.58512889333236,-8.83238761870807,-11.752741274624292,9.699727547222926,-25.14712440914781,25.08228992421393,62.74323831890285,2.024020937003458,1.0,-1.0,0.0,48.0,-48.0,0.0
0.115,18.458333175,7.0011700809639645,0.23783784973156322,6.521023156911149,0.4801469240528151,20.745990628682495,-8.797703376781948,-11.948287251900547,11.481944416594546,-25.36133902489505,25.393436603123334,63.30900657361666,2.494396657671169,1.0,-1.0,0.0,48.0,-48.0,0.0
0.1155,18.5291665075,7.059269909602562,0.26965718957674645,6.552842496756333,0.5064274128462287,20.694628573367822,-8.615367638999023,-12.0792609343688,13.35599134700472,-25.617647331842637,25.76220896191643,63.985502639886995,2.9055688866747564,1.0,-1.0,0.0,48.0,-48.0,0.0
0.116,18.599999840000002,7.117592267718172,0.301838845283534,6.58502415246312,0.5325681152550521,20.4361794790125,-8.283276816062797,-12.152902662949705,15.300429440240837,-25.91109524688783,26.166629038880963,64.75475239794848,3.2323589112150977,1.0,-1.0,0.0,48.0,-48.0,0.0
0.1165,18.6708331725,7.176137155310794,0.33442342791699725,6.617608735096583,0.5585284202142109,19.97739532772228,-7.803286166027678,-12.174109161694602,17.281755912473717,-26.233871842021475,26.57465375345478,65.59274593679497,3.4520912348489334,1.0,-1.0,0.0,48.0,-48.0,0.0
0.117,18.741666504999998,7.234904572380425,0.36743822150323463,6.650623528682821,0.5842810436976044,19.327460645355266,-7.1825200004282586,-12.144940644927008,19.25506636305568,-26.575465071716618,26.944028338226826,66.47040590351502,3.5473940416916365,1.0,-1.0,0.0,48.0,-48.0,0.0
0.1175,18.8124998375,7.2938945189270665,0.40089504221864586,6.684080349398232,0.6098141695288346,18.498592903347618,-6.434441033022277,-12.06415187032534,21.166458518672897,-26.92322428066586,27.223500000024387,67.35528091605445,3.509111041312119,1.0,-1.0,0.0,48.0,-48.0,0.0
0.118,18.88333317,7.353106994950722,0.4347812237924999,6.717966530972086,0.6351404639786358,17.506909325302555,-2.3835114611471635,-15.123397864155391,22.915605571216485,-27.214093344002283,27.306440622327983,68.09065274645863,0.7795543783680765,1.0,0.0,-1.0,0.0,48.0,-48.0
0.1185,18.954166502499998,7.412542000451389,0.46877184131723176,6.751957148496818,0.660584851954571,18.419536423101604,2.404743715740794,-20.824280138842397,24.107780280810317,-27.075294299228158,26.785650720967848,67.74606951235819,-2.639959815489817,1.0,0.0,-1.0,48.0,0.0,-48.0
0.119,19.024999834999996,7.472199535429065,0.5024373729730466,6.785622680152633,0.6865768552764324,19.835825405426462,5.4611197303517836,-25.296945135778245,24.842616890028058,-26.710786097803247,25.85831258942064,66.83448619904804,-4.596927755093271,1.0,0.0,-1.0,48.0,0.0,-48.0
0.1195,19.095833167499997,7.5320795998837555,0.5355319924310884,6.818717299610674,0.7133623002730811,21.063458074216307,8.230104823373848,-29.293562897590153,25.14519390763201,-26.168343202844042,24.584327173224874,65.47722035832088,-6.1988887447357905,1.0,0.0,-1.0,48.0,0.0,-48.0
0.12,19.166666499999998,7.592182193815454,0.5678557937280794,6.851041100907666,0.741141092907788,22.152714484615636,10.671495939781204,-32.82421042439684,25.063554067461485,-25.48506520497261,23.032099466969044,63.76735980012623,-7.413643806720968,1.0,0.0,-1.0,48.0,0.0,-48.0
0.1205,19.2374998325,7.652507317224166,0.5992570843587958,6.882442391538382,0.7700649256857837,23.145762405464538,12.759990494575526,-35.90575290004006,24.670053441328843,-24.700913396474828,21.285428256256214,61.80392759430495,-8.226751467017767,1.0,0.0,-1.0,48.0,0.0,-48.0
0.121,19.308333165,7.713054970109889,0.6296341615413954,6.912819468720982,0.8002355013889071,24.07564302940304,14.485971148014684,-38.561614177417724,24.048402168427213,-23.856453409677634,19.4325208684347,59.68700095716115,-8.64430300905017,1.0,0.0,-1.0,48.0,0.0,-48.0
0.1215,19.379166497499998,7.773825152472623,0.6589345671706419,6.942119874350228,0.8317052781223957,24.966240199385858,15.854645901139058,-40.820886100524916,23.28221886725613,-22.990544127514283,17.555462272073733,57.51268627448506,-8.691421420769323,1.0,0.0,-1.0,48.0,0.0,-48.0
0.122,19.449999829999996,7.834817864312367,0.6871519952788001,6.970337302458386,0.8644805618539806,25.832962443697795,16.8839217609407,-42.7168842046385,22.446950611948765,-22.13846824051775,15.72248287555792,55.36887933226457,-8.407762981023659,1.0,0.0,-1.0,48.0,0.0,-48.0
0.1225,19.520833162499997,7.896033105629124,0.714321395401617,6.997506702581203,0.8985264030479208,26.683833956956562,17.601562744095567,-44.28539670105213,21.60554667187202,-21.330738379892296,13.983974401251004,53.332339414952834,-7.841796711613117,1.0,0.0,-1.0,48.0,0.0,-48.0
0.123,19.591666495,7.957470876422892,0.7405129709499718,7.023698278129558,0.9337725982933343,27.52074111641155,18.042164338432343,-45.56290545484389,20.807247334607187,-20.592572896255945,12.37194973551297,51.46718256130048,-7.045376784787124,1.0,0.0,-1.0,48.0,0.0,-48.0
0.1235,19.6624998275,8.019131176693671,0.7658257417647312,7.049011048944317,0.9701201277493539,28.340664289845968,18.244340040689885,-46.58500433053585,20.088427925310416,-19.943893949137465,10.901932323500318,49.824595241651906,-6.069499491893451,1.0,0.0,-1.0,48.0,0.0,-48.0
0.124,19.73333316,8.08101400644146,0.7903811984950118,7.073566505674598,1.0074475007668626,29.136802736627065,18.248345004669456,-47.38514774129652,19.474482596545414,-19.399659597939003,9.576111275430767,48.44342691037945,-4.961518753017905,1.0,0.0,-1.0,48.0,0.0,-48.0
0.1245,19.8041664925,8.143119365666262,0.8143173984858668,7.097502705665453,1.0456166600008094,29.89955635410669,18.094215082856106,-47.993771436962795,18.98200334478054,-18.97036495507501,8.386809143089973,47.351308595865504,-3.7636760495093604,1.0,0.0,-1.0,48.0,0.0,-48.0
0.125,19.874999825,8.205447254368076,0.8377836905170253,7.120968997696611,1.0844782566714652,30.61736060302656,17.820400601496964,-48.437761204523525,18.620815412532544,-18.66259621425941,7.319649985885957,46.56600892087881,-2.512609120313882,1.0,0.0,-1.0,48.0,0.0,-48.0
0.1255,19.945833157499997,8.2679976725469,0.8609361336198879,7.144121440799474,1.123876231747425,31.277386064601277,17.462822331828388,-48.740208396429665,18.395671953450513,-18.479570139874273,6.356129211027618,46.09682874276082,-1.2394774307429737,1.0,0.0,-1.0,48.0,0.0,-48.0
0.126,20.01666649,8.330770620202735,0.8839335974455288,7.167118904625115,1.16365171557762,31.866118636817287,17.054260054876142,-48.92037869169343,18.307564059751503,-18.421629691846807,5.475506769606416,45.94591965670089,0.029597409125212693,1.0,0.0,-1.0,48.0,0.0,-48.0
0.1265,20.0874998225,8.39376609733558,0.9069321251014262,7.190117432281013,1.2036486650545681,30.22060517325842,18.773161535488853,-48.99376670874727,18.332690400381676,-18.464542383900596,4.6505729612085664,46.05422891389654,-0.4443006799667213,0.0,1.0,-1.0,-48.0,48.0,0.0
0.127,20.158333155,8.45698410394544,0.9298210696537772,7.213006376833364,1.2439777271120755,22.63377227153267,26.333487594534418,-48.96725986606709,18.018458670481543,-18.152243329037557,3.777540260255724,45.28528232082249,-5.634545414937723,0.0,1.0,-1.0,-48.0,48.0,0.0
0.1275,20.2291664875,8.52042464003231,0.9520102887891713,7.235195595968758,1.285229044063552,15.593898877702642,33.2478297905397,-48.84172866824234,17.21842068138589,-17.338771859725497,2.894644597591667,43.27369536682647,-10.383991171711136,0.0,1.0,-1.0,-48.0,48.0,0.0
0.128,20.29999982,8.58408770559619,0.9729061810850229,7.256091488264609,1.327996217331581,9.146414775054957,39.479930933042894,-48.62634570809785,15.973731644927184,-16.0703342311738,2.076365692269672,40.13066052533293,-14.685015861736346,0.0,1.0,-1.0,-48.0,48.0,0.0
0.1285,20.370833152499998,8.64797330063708,0.9919711767921155,7.275156483971702,1.3728168166653782,3.3300063484043108,45.00714164250499,-48.3371479909093,14.32544546041237,-14.394368408548555,1.3744059591328928,35.96902657489666,-18.532067203688577,0.0,1.0,-1.0,-48.0,48.0,0.0
0.129,20.441666485,8.712081425154983,1.008727487862216,7.291912795041802,1.4201686301131806,0.0,48.90646241379882,-48.90646241379882,12.335364227836235,-12.378454273035494,0.8203285076014167,30.952323054567117,-20.854840938146246,0.0,1.0,-1.0,-5.885572889446724,48.0,-42.114427110553265
0.1295,20.5124998175,8.7764120791499,1.0228937752585896,7.306079082438176,1.4703329967117238,0.0,50.77616732051919,-50.77616732051919,10.248802649469953,-10.27194094378148,0.42925513583104297,25.700889569102984,-21.14190332623005,0.0,1.0,-1.0,-8.82985444655483,48.0,-39.170145553445174
0.13,20.58333315,8.840965262621825,1.0344180735069228,7.317603380686509,1.5233618819353163,0.0,52.31518203544004,-52.31518203544004,8.134210319964259,-8.143969447681117,0.17883174564329174,20.387369575764048,-21.356794355224043,0.0,1.0,-1.0,-11.883220829016828,48.0,-36.11677917098318
0.1305,20.6541664825,8.905740975570762,1.0432732217480307,7.326458528927617,1.5792824466431448,0.0,53.55450614628369,-53.55450614628369,5.9976408684876565,-5.9998581030499265,0.04045758667514515,15.02609398802233,-21.528290984252724,0.0,1.0,-1.0,-15.02265887332495,48.0,-32.97734112667505
0.131,20.724999815,8.970739217996709,1.049437538301451,7.332622845481037,1.6381163725156718,0.0,54.520970465805085,-54.520970465805085,3.842866034831965,-3.8420551540389662,-0.014791626940806936,9.624868349654582,-21.679893599091187,0.0,1.0,-1.0,-18.22871057467815,48.0,-29.77128942532185
0.1315,20.795833147499998,9.03595998989967,1.0528918791632262,7.336077186342813,1.6998828035568572,0.0,55.237260655037154,-55.237260655037154,1.6716883271299812,-1.6707923940260159,-0.01635596367748558,4.186241607699324,-21.830210700756766,0.0,1.0,-1.0,-21.48473749401827,48.0,-26.515262505981728
0.132,20.86666648,9.10140329127964,1.0536173086755836,7.33680261585517,1.7646006754244699,0.0,55.7219771840756,-55.7219771840756,-0.5156757637446631,0.5153642626351682,0.005688132603269022,-1.291311158333612,-21.993275211494932,0.0,1.0,-1.0,-24.77620196136388,48.0,-23.223798038636122
0.1325,20.9374998125,9.167069122136622,1.0515933422699266,7.334778649449513,1.8322904726871094,0.0,55.989726057343866,-55.989726057343866,-2.720177022064168,2.719051158623521,0.020545794623364998,-6.812282629548267,-22.178847283771702,0.0,1.0,-1.0,-28.08997549868761,48.0,-19.910024501312385
0.133,21.008333144999998,9.232957482470615,1.046796723167994,7.32998203034758,1.9029754521230355,0.0,56.051232609396,-56.051232609396,-4.9435160193025345,4.943702725548995,-0.0034053147011768505,-12.383104059192592,-22.392729818177404,0.0,1.0,-1.0,-31.413664724726445,48.0,-16.586335275273555
0.1335,21.0791664775,9.299068372281619,1.0392006934596685,7.322386000639255,1.9766823716423643,0.0,55.91346740848471,-55.91346740848471,-7.187764703169051,7.193173697245562,-0.09883485630146964,-18.011198067002542,-22.63711059555282,0.0,1.0,-1.0,-34.7349341236411,48.0,-13.265065876358904
0.134,21.14999981,9.365401791569637,1.028774716711838,7.311960023891424,2.053441767678213,0.0,55.57976898938888,-55.57976898938888,-9.455070943199663,9.471353847961137,-0.2998932158912808,-23.70412113820065,-22.910938202722434,0.0,1.0,-1.0,-38.040801259234584,48.0,-9.959198740765409
0.1345,21.2208331425,9.431957740334662,1.0154845959299148,7.298669903109501,2.1332878372251605,-0.38869743487286,54.79082610028808,-54.40212866541522,-11.747705434066814,11.781950442347478,-0.642991601878909,-29.469314668354723,-23.24754478829497,-1.0,1.0,0.0,-48.0,0.0,48.0
0.135,21.291666475,9.498736218576703,0.9992855804812887,7.282470887660875,2.216265330915828,-3.6572762470403504,51.64059903290599,-47.98332278586564,-14.080993216905362,14.140959618529708,-1.16930941994913,-35.345790714001005,-23.704465002391874,-1.0,1.0,0.0,-48.0,0.0,48.0
0.1355,21.3624998075,9.56573722629575,0.9801272781516112,7.263312585331198,2.302424640964553,-6.344870522664486,48.25918877748562,-41.91431825482113,-16.43894198019692,16.53128373015836,-1.9235954264754185,-41.29138234189919,-23.79952997028778,-1.0,1.0,0.0,-48.0,0.0,48.0
0.136,21.43333314,9.63296076349181,0.957997847173962,7.241183154353548,2.3917776091382628,-8.502518603794535,44.64578899714112,-36.14327039334658,-18.78806755558026,18.91524488312683,-2.951496056594363,-47.215057933507005,-23.52869390534018,-1.0,1.0,0.0,-48.0,0.0,48.0
0.1365,21.5041664725,9.700406830164885,0.9329311614769527,7.216116468656539,2.4842903615083465,-10.186328348846057,40.80323343135149,-30.61690508250543,-21.09754160509347,21.253702441525824,-4.298812019588992,-53.02507289578032,-22.88997490115405,-1.0,1.0,0.0,-48.0,0.0,48.0
0.137,21.574999805,9.768075426314969,0.9050070826097536,7.188192389789339,2.5798830365256293,-11.456802360576255,36.73779367304091,-25.280991312464657,-23.339818296916384,23.506458367345726,-6.008454317652394,-58.62921173067862,-21.881153547517904,-1.0,1.0,0.0,-48.0,0.0,48.0
0.1375,21.645833137500002,9.835966551942064,0.8743517652714554,7.157537072451042,2.6784294794910224,-12.37791610495172,32.45919642232571,-20.08128031737399,-25.48975115647794,25.632944928774876,-8.113861365405363,-63.934396787652915,-20.497128088410108,-1.0,1.0,0.0,-48.0,0.0,48.0
0.138,21.71666647,9.904080207046169,0.8411383159070344,7.124323623086621,2.779756583959548,-13.015941491124913,27.981181736160796,-14.965240245035883,-27.521104833177272,27.593054455588117,-10.627487991469813,-68.8456971975289,-18.728000806667715,-1.0,1.0,0.0,-48.0,0.0,48.0
0.1385,21.7874998025,9.972416391627286,0.8055880249998572,7.088773332179444,2.8836430594478424,-13.43809481872165,23.32302370009596,-9.884928881374309,-29.399736037780205,29.34778348169631,-13.524633504860088,-73.26512884639669,-16.55965873063267,-1.0,1.0,0.0,-48.0,0.0,48.0
0.139,21.858333135000002,10.040975105685416,0.7679720788322202,7.051157386011806,2.989817719673609,-13.711215985128016,18.51235665400317,-4.801140668875155,-31.074062500958128,30.85937689589179,-16.72595127501154,-77.09112515244409,-13.978867430772926,-1.0,1.0,0.0,-48.0,0.0,48.0
0.1395,21.9291664675,10.109756349220556,0.7286130954780661,7.011798402657652,3.0979579465629037,-13.74501265145533,13.74501265145533,0.0,-32.466064016985946,32.09127179348708,-20.085719537386517,-80.22056721184325,-11.061270548186808,-1.0,1.0,0.0,-48.0,43.89832342563709,4.101676574362916
0.14,21.9999998,10.178760122232708,0.6878515747991081,6.971036881978694,-3.075462066925573,-11.33590037218659,11.33590037218659,0.0,-33.54555559316314,33.084627688741435,-23.45097111121752,-82.7449484454474,-9.128208230888804,-1.0,1.0,0.0,-48.0,47.22050715900667,0.779492840993333
0.1405,22.070833132500002,10.247986424721871,0.6459493925408084,6.929134699720395,-2.9643335821781105,-8.987177690369437,8.87744421539703,0.10973347497240676,-34.26484729514374,33.888669049056226,-26.663497539467897,-84.78125378363104,-7.146192523858755,-1.0,1.0,0.0,-48.0,48.0,0.0
0.141,22.141666464999997,10.317435256688041,0.6031549301703045,6.8863402373498905,-2.852090287841436,-6.8664419552713385,6.305604040462519,0.5608379148088192,-34.50330267785634,34.495411984842,-29.528818595124175,-86.31018262483695,-5.073195768190132,-1.0,1.0,0.0,-48.0,48.0,0.0
0.1415,22.212499797499998,10.387106618131225,0.5597267438499197,6.842912051029506,-2.7389907400778672,-5.011819355132856,3.701277637560514,1.310541717572342,-34.14428751285302,34.89577691501846,-31.875868325133055,-87.3144842998886,-2.9606692018382135,-1.0,1.0,0.0,-48.0,48.0,0.0
0.142,22.283333129999995,10.45700050905142,0.5159280628213596,6.799113370000946,-2.625298168129112,-3.457413076811816,1.1596398677252435,2.2977732090865723,-33.10844065124202,35.08729867776882,-33.59178303156278,-87.7938202197442,-0.8881250043276604,-1.0,1.0,0.0,-48.0,48.0,0.0
0.1425,22.354166462499997,10.52711692944863,0.47204891990091374,6.7552342270805,-2.511302604811457,-4.239167280162864,-3.685915837829588,7.925083117992452,-31.301915502850957,34.98889382012056,-34.55394137736751,-87.54710688095359,3.085366598245098,-1.0,0.0,1.0,-48.0,0.0,48.0
0.143,22.424999794999998,10.597455879322847,0.42855302370455206,6.711738330884138,-2.3974677587408775,-5.991305310851201,-8.33514994714283,14.32645525799403,-28.698804836303378,34.480135645368016,-34.66135370761818,-86.26935051288184,7.0943866901310315,-1.0,0.0,1.0,-48.0,0.0,48.0
0.1435,22.495833127499996,10.668017358674078,0.38594073025678993,6.669126037436376,-2.2842939859418845,-7.9832218404838535,-12.415755047625254,20.398976888109107,-25.50607631422911,33.589421664024776,-34.022653260944736,-84.02539417106905,10.799648041755127,-1.0,0.0,1.0,-48.0,0.0,48.0
0.144,22.566666459999997,10.73880136750232,0.3446745406741973,6.627859847853784,-2.172243787531049,-10.233788367305374,-15.859866528236248,26.093654895541622,-21.98717727880411,32.3520921218571,-32.79096595438434,-80.90027825239846,14.137453144883366,-1.0,0.0,1.0,-48.0,0.0,48.0
0.1445,22.637499792499998,10.809807905807574,0.30517150625230427,6.588356813431891,-2.0617342148039035,-12.736905015887935,-18.632417643549676,31.36932265943761,-18.408495952486,30.804808514327387,-31.120618840052956,-76.98884593852287,17.089924013693945,-1.0,0.0,1.0,-48.0,0.0,48.0
0.145,22.708333124999996,10.881036973589834,0.26780076562407285,6.550986072803659,-1.953134406393411,-15.46476989145884,-20.726830252749085,36.191600144207925,-14.993956736847617,28.982256400957336,-29.138340182407745,-72.38688422910207,19.663719332207542,-1.0,0.0,1.0,-48.0,0.0,48.0
0.1455,22.7791664575,10.952488570849114,0.23288417368026523,6.516069480859851,-1.8467662171903234,-18.373958296253843,-22.157751784109283,40.531710080363126,-11.900408031343252,26.917350948350194,-26.933878926915693,-67.18752545957375,21.870824116189567,-1.0,0.0,1.0,-48.0,0.0,48.0
0.146,22.84999979,11.0241626975854,0.20069768664920146,6.483882993828788,-1.7429056034229744,-21.412469681724147,-22.953570307597865,44.36603998932201,-9.214432888415539,24.643206561132565,-24.565005951687663,-61.481468998980915,23.71768062280379,-1.0,0.0,1.0,-48.0,0.0,48.0
0.1465,22.9208331225,11.0960593537987,0.17147214385714873,6.454657451036735,-1.6417834044176225,-24.52613500831552,-23.150436618257828,47.67657162657335,-6.963842772076017,22.194938596512312,-22.06885933648426,-55.3588195597244,25.202739783631213,-1.0,0.0,1.0,-48.0,0.0,48.0
0.147,22.991666455,11.16817853948901,0.14539310314386403,6.428578410323451,-1.543585178014028,-27.66347066179424,-22.788346068540033,50.45181673033427,-5.135119865841855,19.610274084327116,-19.473161972207368,-48.9108239673187,26.319059241797223,-1.0,0.0,1.0,-48.0,0.0,48.0
0.1475,23.0624997875,11.240520254656328,0.12260001624556896,6.405785323425155,-1.4484503759484133,-30.77878135895514,-21.909014617122413,52.68779597607755,-3.6900090405045387,16.92900106089629,-16.804070004821615,-42.230715635511515,27.058342370288504,-1.0,0.0,1.0,-48.0,0.0,48.0
0.148,23.13333312,11.313084499300661,0.10318522685180921,6.386370534031395,-1.3564713419103207,-33.83378555082868,-20.554952986778634,54.38873853760732,-2.577870386838582,14.191846498629529,-14.090145615752101,-35.4136092686131,27.414287603867173,-1.0,0.0,1.0,-48.0,0.0,48.0
0.1485,23.2041664525,11.385871273422005,0.08719320442633462,6.370378511605921,-1.2676925453635024,-36.79820690367734,-18.769169872161797,55.567376775839136,-1.743359008068701,11.439368509803511,-11.363393647012566,-28.555716409605925,27.384672488102158,-1.0,0.0,1.0,-48.0,0.0,48.0
0.149,23.274999785,11.458880577020357,0.07462027758126474,6.357805584760851,-1.1821103149200802,-39.649729276873956,-16.595119378745824,56.244848655619776,-1.130639304777864,8.711152931342617,-8.658629703031908,-21.753172862590482,26.97245139347084,-1.0,0.0,1.0,-48.0,0.0,48.0
0.1495,23.3458331175,11.532112410095724,0.06541543947662622,6.348600746656213,-1.099673643740075,-40.891242523860456,-15.558974024483415,56.45021654834387,-0.6850583265129023,6.039464124022628,-6.006358101526966,-15.086052774071199,26.846995752874847,0.0,-1.0,1.0,48.0,-48.0,0.0
0.15,23.41666645,11.605566772648103,0.05960384296897229,6.342789150148558,-1.0204076846800414,-35.41006188790301,-20.793455600168755,56.20351748807177,-0.3328666504325958,3.2262753589693194,-3.209832369631839,-8.060601437384902,29.241298715702367,0.0,-1.0,1.0,48.0,-48.0,0.0
0.1505,23.4874997825,11.67924366467749,0.05744044292156338,6.340625750101149,-0.9445673926032463,-30.328943850856874,-25.167312896227052,55.496256747083926,-0.020724731211612536,0.20856348030909896,-0.20753191048617048,-0.5211209976003564,30.967217633309208,0.0,-1.0,1.0,48.0,-48.0,0.0
0.151,23.558333115,11.75314308618389,0.059141510909395074,6.342326818088981,-0.8723690390846779,-25.619691950635303,-28.708943237228976,54.32863518786428,0.3020057145113916,-2.950427612471532,2.935484470025613,7.3715404568752945,32.07568780688406,0.0,-1.0,1.0,48.0,-48.0,0.0
0.1515,23.6291664475,11.8272650371673,0.06484618569982231,6.348031492879408,-0.8039517628916955,-21.262469164838784,-31.452084930164517,52.7145540950033,0.6962381118527494,-6.193007628074511,6.15928554410739,15.46989304914768,32.62228445308658,0.0,-1.0,1.0,48.0,-48.0,0.0
0.152,23.69999978,11.90160951762772,0.07462339844173992,6.357808705621326,-0.7393844951731918,-17.246154258969277,-33.4340623348192,50.68021659378848,1.2287981207574448,-9.467023376120519,9.409941056117859,23.64070264217745,32.66513987700996,0.0,-1.0,1.0,48.0,-48.0,0.0
0.1525,23.7708331125,11.976176527565155,0.08847911878627149,6.371664425965858,-0.6786732055802898,-13.568173520233614,-34.69433713499803,48.262510655231644,1.9690345666743856,-12.725578754471655,12.64038609593903,31.765382248612475,32.26298608649348,0.0,-1.0,1.0,48.0,-48.0,0.0
0.153,23.841666445,12.050966066979601,0.10636367769851802,6.389548984878104,-0.6217682250780892,-10.23395747795729,-35.27330499382562,45.50726247178291,2.986669049639625,-15.926564249966104,15.81135226322047,39.73991409996385,31.473356197199266,0.0,-1.0,1.0,48.0,-48.0,0.0
0.1535,23.9124997775,12.125978135871055,0.12817894111450479,6.411364248294091,-0.5685714196026226,-7.256163609270509,-35.21126874369335,42.46743235296386,4.350476938276764,-19.032169354467428,18.89228565231792,47.4743334163164,30.350840479849847,0.0,-1.0,1.0,48.0,-48.0,0.0
0.154,23.98333311,12.201212734239522,0.15378511281839588,6.436970419997982,-0.5189429929380458,-4.653722945231664,-34.54756315030951,39.20128609554117,6.126431007002588,-22.00861719839233,21.861812149917068,54.89174954182227,28.945051777009027,0.0,-1.0,1.0,48.0,-48.0,0.0
0.1545,24.0541664425,12.276669862085003,0.18300690679123052,6.466192213970817,-0.47270765906540047,-2.450606341036,-33.31992925453574,35.77053559557174,8.373023821396915,-24.826277276412856,24.706752214755085,61.92676959034861,27.297800094606146,0.0,-1.0,1.0,48.0,-48.0,0.0
0.155,24.124999775,12.352349519407491,0.21563873295768646,6.498824040137273,-0.42965982790936796,-0.6740046811487836,-31.56444283474573,32.238447515894514,11.131228634650686,-27.46001811282097,27.41810963022101,68.52308476519349,25.439236514654123,0.0,-1.0,1.0,48.0,-48.0,0.0
0.1555,24.1958331075,12.428251706206993,0.2514476746001541,6.53463298177974,-0.389566582752334,0.0,-28.99237953310493,28.99237953310493,14.406048189647343,-29.88590702997211,29.97894656645511,74.62165407812108,23.258993352577818,0.0,-1.0,1.0,38.35952842140584,-48.0,9.640471578594157
0.156,24.26666644,12.504376422483507,0.29016167284192,6.5733469800215065,-0.3521558647175864,0.0,-25.86950447900403,25.86950447900403,18.136698409540408,-32.07031551244881,32.339991541184894,80.13161348641817,20.794074327486534,0.0,-1.0,1.0,42.001860395172365,-48.0,5.998139604827637
0.1565,24.3374997725,12.580723668237031,0.3314730616805853,6.614658368860171,-0.31712000780272676,0.5783163335903154,-22.088700215505494,21.51038388191518,22.18831228296391,-33.99519653387099,34.429722317418076,84.99518550991513,17.699097935751013,1.0,-1.0,0.0,48.0,0.0,-48.0
0.157,24.408333105,12.657293443467564,0.37496865795926165,6.6581539651388475,-0.2840458288508698,3.2617770817251905,-16.029582964171023,12.767805882445833,26.22379964362688,-35.48983449914,35.973195155235395,88.77245687387456,12.545808092905787,1.0,-1.0,0.0,48.0,0.0,-48.0
0.1575,24.4791664375,12.73408574817511,0.42003437581914826,6.703219682998735,-0.25231924200321143,5.325622402786275,-9.944162017338604,4.618539614552329,29.867435311403057,-36.48498033639307,36.75760144691064,91.28332034660231,7.576868085702915,1.0,-1.0,0.0,48.0,0.0,-48.0
0.158,24.54999977,12.811100582359668,0.466052970368907,6.749238277548494,-0.22132300236841232,5.755512398935255,-5.065699483654253,-0.6898129152810021,32.83043292137784,-37.019905367217184,36.675186078289336,92.62870036198521,3.7913590587527395,1.0,-1.0,0.0,48.0,-48.0,0.0
0.1585,24.6208331025,12.888337946021236,0.5125566110976033,6.79574191827719,-0.19058927943553997,4.188996156451835,-1.9706821498878522,-2.2183140065639826,35.059932227418955,-37.284178897111524,35.799351616892984,93.29075170330101,1.510621165347879,1.0,-1.0,0.0,48.0,-48.0,0.0
0.159,24.691666435000002,12.965797839159817,0.5592500367346598,6.8424353439142465,-0.1598228119340155,2.436126289855262,0.9684657527820746,-3.4045920426373364,36.50931209492038,-37.32455727888373,34.115149194773444,93.39166476913174,-0.6783734510131249,1.0,-1.0,0.0,48.0,-48.0,0.0
0.1595,24.7624997675,13.043480261775407,0.6058607745969837,6.88904608177657,-0.1287511271807491,0.564360006264256,3.647979815664914,-4.21233982192917,37.201353734595614,-37.15664211892425,31.657452127590453,92.968390965264,-2.6665371738176655,1.0,-1.0,0.0,48.0,-48.0,0.0
0.16,24.8333331,13.121385213868011,0.6521411276336334,6.93532643481322,-0.09712652812479507,-1.3677083023640328,5.982237983054538,-4.614529680690505,37.247663833297516,-36.807997092635446,28.557501175467834,92.08178645950377,-4.375648970645654,1.0,-1.0,0.0,48.0,-48.0,0.0
0.1605,24.904166432500002,13.199512695437624,0.6978777839082985,6.981063091087885,-0.06473570282984678,-3.3134644842046734,7.912429279626096,-4.598964795421423,36.81078992473419,-36.31173224807735,25.01715743589312,90.80657535270558,-5.774232568262155,1.0,-1.0,0.0,48.0,-48.0,0.0
0.161,24.974999765,13.277862706484248,0.7428957646022971,7.026081071781883,-0.03140367247722178,-5.2380221178133155,9.409473577627843,-4.171451459814527,36.061418376409165,-35.69902330855951,21.267238629504654,89.21945394860253,-6.876468641077606,1.0,-1.0,0.0,48.0,-48.0,0.0
0.1615,25.0458330975,13.356435247007886,0.7870568071585601,7.070242114338146,0.0030078254901526372,-7.115647091675745,10.471330477040134,-3.3556833853643884,35.144956450649815,-34.99380359828617,17.524980575742713,87.38928884924968,-7.727709932429316,1.0,-1.0,0.0,48.0,-48.0,0.0
0.162,25.116666430000002,13.435230317008536,0.8302539020007841,7.11343920918037,0.03860580064857874,-8.926411175246853,11.11651821351684,-2.190107038269987,34.16434267487236,-34.21129313775496,13.962538617464688,85.37173456156039,-8.385151025645296,1.0,-1.0,0.0,48.0,-48.0,0.0
0.1625,25.1874997625,13.514247916486191,0.8724043127548954,7.1555896199344815,0.07547298937212309,-10.653388546204067,11.376258187563245,-0.722869641359179,33.178250456309016,-33.36001416759579,10.691644448021576,83.20841087844808,-8.901763476475681,1.0,-1.0,0.0,48.0,-48.0,0.0
0.163,25.258333095,13.593488045440864,0.9134423594556477,7.196627666635234,0.11367507162604415,-11.784084479810208,11.784084479810208,0.0,32.20662752817039,-32.44274962599419,7.762826935408116,80.92206661249429,-9.414412580438979,1.0,-1.0,0.0,48.0,-31.880887984320015,-16.119112015679985
0.1635,25.329166427500002,13.672950703872546,0.9533025657551414,7.2364878729347275,0.1532775237582322,-11.047153917738779,13.630226824012565,-2.5830729062737867,31.231982741977674,-31.448907295716474,5.176027134372391,78.49179618040003,-10.027166583865425,1.0,0.0,-1.0,48.0,0.0,-48.0
0.164,25.39999976,13.752635891781239,0.9919132467997208,7.275098553979307,0.1943520306223456,-9.885450468189097,15.485370752563805,-5.599920284374708,30.24373173402851,-30.389368766192163,2.904731498243125,75.93758928420553,-10.348364052056185,1.0,0.0,-1.0,48.0,0.0,-48.0
0.1645,25.4708330925,13.832543609166942,1.0292337001052978,7.312419007284884,0.23693929470247155,-8.748048367523904,16.91909825036475,-8.171049882840848,29.256050857688415,-29.30519877881928,0.9047548842559715,73.34417371287934,-10.350429273277133,1.0,0.0,-1.0,48.0,0.0,-48.0
0.165,25.541666425000003,13.912673856029658,1.0652631277045372,7.348448434884124,0.28104011396594747,-7.620070255007226,17.972962979048187,-10.352892724040961,28.282638668214567,-28.234941852093762,-0.8781344808355531,70.78461010510048,-10.085384734544526,1.0,0.0,-1.0,48.0,0.0,-48.0
0.1655,25.6124997575,13.993026632369382,1.1000342095671771,7.383219516746763,0.32662180844303257,-6.494338843756152,18.68763328858869,-12.193294444832537,27.338402028814205,-27.21227447268252,-2.495855663238937,68.32010710548464,-9.596664544303016,1.0,0.0,-1.0,48.0,0.0,-48.0
0.166,25.68333309,14.073601938186123,1.13360763804063,7.416792945220216,0.37362368578632016,-5.370390581878336,19.10274764490706,-13.732357063028722,26.439624887414357,-26.26490368927343,-3.9919174632544947,66.00171891881564,-8.922563127947726,1.0,0.0,-1.0,48.0,0.0,-48.0
0.1665,25.754166422500003,14.154399773479875,1.1660673065368747,7.449252613716461,0.42196185258382773,-4.253238504324234,19.256847826330702,-15.003609322006469,25.602832527307477,-25.41397201386001,-5.400063458425116,63.87131086710427,-8.098589106624926,1.0,0.0,-1.0,48.0,0.0,-48.0
0.167,25.824999755,14.23542013825063,1.1975158583597976,7.480701165539384,0.4715336655316597,-3.152054250633885,19.187197761813117,-16.035143511179232,24.843346041489497,-24.674042644044192,-6.745552485879493,61.962081615293116,-7.1586911954549866,1.0,0.0,-1.0,48.0,0.0,-48.0
0.1675,25.8958330875,14.316663032498406,1.2280704391551374,7.511255746334724,0.5222219789840954,-2.078901693169829,18.929457400606292,-16.850555707436463,24.17408016383852,-24.05351588838986,-8.047345084781332,60.29888992619963,-6.13565696370614,1.0,0.0,-1.0,48.0,0.0,-48.0
0.168,25.966666420000003,14.398128456223189,1.257858599376096,7.541043906555682,0.5738992424879201,-1.0475949354641472,18.517260838601153,-17.469665903137006,23.604782563227513,-23.555239518413646,-9.320093760385964,58.89854759628032,-5.061038903837616,1.0,0.0,-1.0,48.0,0.0,-48.0
0.1685,26.0374997525,14.47981640942498,1.2870143531926512,7.5701996603722375,0.6264314418731567,-0.07269926421666639,17.981767603334657,-17.90906833911799,23.141699683983084,-23.177095861717103,-10.575423752000042,57.770160708947486,-3.9648764439074675,1.0,0.0,-1.0,48.0,0.0,-48.0
0.169,26.108333085,14.561726892103788,1.3156744270688836,7.59885973424847,0.6796818506757318,0.83134179971373,17.351243124228006,-18.182584923941736,22.787564057610354,-22.912425309757943,-11.822413028326821,56.915549335425695,-2.8753614893997037,1.0,0.0,-1.0,48.0,0.0,-48.0
0.1695,26.179166417500003,14.643859904259605,1.3439747393442525,7.627160046523839,0.7335145505561795,1.6509850357575004,16.65070089283401,-18.30168592859151,22.541786661853614,-22.750235740765753,-13.067421909213477,56.3297521865618,-1.8184948885433005,1.0,0.0,-1.0,48.0,0.0,-48.0
0.17,26.24999975,14.726215445892432,1.3719917659101204,7.655177073089707,0.7878530656231388,-1.0676861805422178,20.888752246763744,-19.821066066221526,22.253135693104074,-22.525681949355373,-14.21663251232279,55.63250602852946,-3.819780157086961,0.0,1.0,-1.0,0.0,48.0,-48.0
0.1705,26.320833082500002,14.808793517002274,1.399540091565711,7.682725398745298,0.8428828110773894,-2.87441059010769,25.18052686657631,-22.30611627646862,21.79475724638009,-22.096170257654112,-15.147039122202225,54.50501821884128,-5.158583248723118,0.0,1.0,-1.0,0.0,48.0,-48.0
0.171,26.391666415000003,14.891594117589126,1.4264461560437367,7.709631463223323,0.8987773471862164,-4.519885902759498,29.054747295524972,-24.534861392765475,21.217357381419706,-21.50147407750095,-15.848404896905604,53.07371175046985,-6.251334265880102,0.0,1.0,-1.0,0.0,48.0,-48.0
0.1715,26.4624997475,14.974617247652986,1.4525733145264257,7.735758621706012,0.9556733187673883,-5.980445145733487,32.528485477011344,-26.548040331277857,20.54493698497162,-20.759511935730742,-16.3120936638576,51.39943930878717,-7.102980803028844,0.0,1.0,-1.0,0.0,48.0,-48.0
0.172,26.53333308,15.057862907193856,1.477815074086025,7.761000381265611,1.0136772187486585,-7.237791127307233,35.62137379280391,-28.383582665496675,19.80085414495805,-19.89315586304087,-16.545182719878227,49.54201015706892,-7.717176285375384,0.0,1.0,-1.0,0.0,48.0,-48.0
0.1725,26.6041664125,15.141331096211742,1.5020946185999675,7.7852799257795535,1.0728658632526018,-8.279700049123267,38.355129786687,-30.075429737563734,19.00807438380639,-18.92995649527144,-16.56827816680445,47.560303934124896,-8.098013992869644,0.0,1.0,-1.0,0.0,48.0,-48.0
0.173,26.674999744999997,15.225021814706635,1.5253642784613484,7.808549585640934,1.133286921886114,-9.100484579139138,40.753183779824795,-31.652699200685657,18.18916481863733,-17.900794617520607,-16.412175525865678,45.511934935205616,-8.251790045352568,0.0,1.0,-1.0,0.0,48.0,-48.0
0.1735,26.7458330775,15.308935062678541,1.5476047299315123,7.830790037111099,1.1949597183878564,-9.70110720169157,42.840333668147636,-33.139226466456066,17.366052724167556,-16.83785511778075,-16.11404446801866,43.452526027120776,-8.18829960566033,0.0,1.0,-1.0,0.0,48.0,-48.0
0.174,26.81666641,15.393070840127463,1.568823764721721,7.852009071901307,1.2578764610465691,-10.0889111631179,44.642373471744534,-34.553462308626635,16.559631321762083,-15.77240623524884,-15.713750128335883,41.43474573471559,-7.921415237252576,0.0,1.0,-1.0,0.0,48.0,-48.0
0.1745,26.887499742499998,15.477429147053392,1.589054557541026,7.872239864720612,1.322003975153194,-10.2770057654324,46.18567382188444,-35.90866805645204,15.789315452321816,-14.732809715873854,-15.25074703167917,39.50729334395345,-7.468940345027578,0.0,1.0,-1.0,0.0,48.0,-48.0
0.175,26.958333075,15.562009983456331,1.6083534481769122,7.891538755356498,1.3872859209202468,-10.28339021415951,47.496721281094814,-37.213331066935304,15.07263634140187,-13.743039176532866,-14.761767563303392,37.71399538396361,-6.851900899930355,0.0,1.0,-1.0,0.0,48.0,-48.0
0.1755,27.0291664075,15.646813349336286,1.626797324139764,7.90998263131935,1.4536454108373495,-10.12992078885572,48.60164175676876,-38.471720967913036,14.424934092013489,-12.821811738180964,-14.279336913764283,36.09312495727382,-6.0935115874715,0.0,1.0,-1.0,0.0,48.0,-48.0
0.176,27.099999739999998,15.731839244693251,1.6444776431134926,7.927662950293079,1.5209909872205862,-12.18888986001577,49.52548996041703,-37.33660010040126,13.832820402531494,-11.959572129526347,-13.804698638694552,34.61105792029658,-7.092816456445954,-1.0,1.0,0.0,-48.0,0.0,48.0
0.1765,27.1708330725,15.817087669527224,1.661223964548983,7.944409271728569,1.5894930906190685,-19.754382569552433,50.2708782947242,-30.516495725171765,12.84880939203357,-10.787359032187812,-12.898854156801537,32.14808099186227,-12.519642515779717,-1.0,1.0,0.0,-48.0,0.0,48.0
0.177,27.241666405,15.90255862383821,1.6764112252311196,7.959596532410706,1.6597767842479179,-26.533802831342772,50.80901825725621,-24.27521542591344,11.350599379717472,-9.253625620595113,-11.440842124628155,28.398360820571437,-17.38175294522051,-1.0,1.0,0.0,-48.0,0.0,48.0
0.1775,27.312499737499998,15.988252107626208,1.6894318589201254,7.972617166099711,1.7324496343469098,-32.476762936592635,51.120178670089125,-18.643415733496486,9.395597371371407,-7.453141331231715,-9.49437520556977,23.505915693400052,-21.65994839500805,-1.0,1.0,0.0,-48.0,0.0,48.0
0.178,27.38333307,16.074168120891215,1.699751096585588,7.982936403765175,1.8080464099464544,-37.5513043492911,51.19503854648561,-13.64373419719451,7.0421469349654515,-5.458464291691659,-7.126619718301661,17.617150064990874,-25.353384959335262,-1.0,1.0,0.0,-48.0,0.0,48.0
0.1785,27.4541664025,16.160306663633236,1.7069071382156,7.990092445395186,1.887028911058463,-41.74129728311136,51.031051084003344,-9.289753800891985,4.348085779752519,-3.314027902505165,-4.4035653620598705,10.87703208001711,-28.473303010752296,-1.0,1.0,0.0,-48.0,0.0,48.0
0.179,27.524999734999998,16.246667735852267,1.710509814097292,7.993695121276878,1.9697873073958012,-45.04349622923404,50.628786157682825,-5.58528992844879,1.3699228875173655,-1.035067588458764,-1.3878240275122777,3.4268752337776323,-31.03670988700929,-1.0,1.0,0.0,-48.0,0.0,48.0
0.1795,27.5958330675,16.33325133754831,1.710238514707116,7.993423821886703,2.0566422084820224,-47.46473125984094,49.98867291149397,-2.5239416516530357,-1.837451078251427,1.3892357300995877,1.86142215231554,-4.596409798985449,-33.061031954379054,-1.0,1.0,0.0,-48.0,0.0,48.0
0.18,27.6666664,16.420057468721364,1.705840055359272,7.989025362538858,2.1478467990029197,-49.01960396995328,49.108462268565354,-0.08885829861207219,-5.220642618998046,3.989233638687968,5.286729009652017,-13.059878899421204,-34.559983060250744,-1.0,1.0,0.0,-48.0,0.0,48.0
0.1805,27.737499732499998,16.50708612937143,1.6971431847925078,7.980328491972094,2.2435723302197483,-48.8572947767016,48.8572947767016,0.0,-8.687818967751518,6.774385289596254,8.789155894718752,-21.73438690698419,-34.75789193096838,-1.0,1.0,0.0,-48.0,14.254127266203614,33.74587273379639
0.181,27.808333065,16.594337319498507,1.684104135824833,7.967289443004419,2.3438625693145023,-48.12377828338362,48.12377828338362,0.0,-12.158223584556378,9.755558919249745,12.274475305110608,-30.418135185428756,-34.669252540787944,-1.0,1.0,0.0,-48.0,10.524192362236075,37.47580763776393
0.1815,27.8791663975,16.681811039102595,1.666734277774803,7.949919584954389,2.4487061469686178,-46.880746580834945,46.880746580834945,0.0,-15.60602526874889,12.96728374237756,15.691944692419119,-39.04621172506628,-34.30647941363722,-1.0,1.0,0.0,-48.0,6.988684544395213,41.01131545560477
0.182,27.94999973,16.769507288183693,1.6450795641498317,7.928264871329418,2.5580571096746882,-44.72528371286331,44.19139147402585,0.5338922388374612,-18.999759449156034,16.410352041548606,18.965712850259962,-47.53920556668028,-33.34282832736398,-1.0,0.0,1.0,0.0,-48.0,48.0
0.1825,28.0208330625,16.8574260667418,1.6192834538744858,7.902468761054072,2.6717719985081434,-39.959704151677634,36.47725473836795,3.482449413309688,-22.19070804678679,19.938433713051978,21.877506662656675,-55.524322531453834,-30.441087568163866,-1.0,0.0,1.0,0.0,-48.0,48.0
0.183,28.091666395,16.945567374776928,1.5896881598300263,7.8728734670096125,2.78950860058773,-34.81679205557438,28.8537221351411,5.963069920433284,-25.06328674924043,23.369805390308706,24.220518721017253,-62.71219368348686,-26.97015781716751,-1.0,0.0,1.0,0.0,-48.0,48.0
0.1835,28.1624997275,17.03393121228906,1.5567269775345347,7.839912284714121,2.910833620395351,-29.40789717085167,21.318246106279688,8.08965106457198,-27.562820718243053,26.532471779312473,25.8359074324586,-68.96641656914214,-22.98501090158794,-1.0,0.0,1.0,0.0,-48.0,48.0
0.184,28.23333306,17.122517579278206,1.5208969885635586,7.804082295743145,3.0352499763554746,-23.861631669045995,13.882906798959263,9.978724870086731,-29.642685602914465,29.247533731933746,26.58129153050672,-74.17019610188807,-18.587129302160903,-1.0,0.0,1.0,0.0,-48.0,48.0
0.1845,28.3041663925,17.21132647574436,1.48274646919217,7.765931776371756,-3.1209759149865683,-18.31885709400037,6.573377631259296,11.745479462741075,-31.269328233021312,31.367802692400804,26.36721945477116,-78.23711899678314,-13.915471536297968,-1.0,0.0,1.0,0.0,-48.0,48.0
0.185,28.374999725,17.300357901687526,1.4428577155107187,7.726043022690305,-2.992055735361952,-13.151825157161797,-0.11738799479984521,13.269213151961642,-32.42619096058569,32.8110812086153,25.19279411052264,-81.12017997779577,-9.33060703451665,-1.0,0.0,1.0,-48.0,0.0,48.0
0.1855,28.4458330575,17.389611857107706,1.4017615850902623,7.684946892269848,-2.861705649521316,-10.734870447667477,-1.652861298058006,12.387731745725484,-33.25648693695827,33.71798705086533,23.259403972434388,-83.17080047692761,-7.086671963767882,-1.0,0.0,1.0,-48.0,0.0,48.0
0.186,28.51666639,17.479088342004896,1.3597785580313262,7.642963865210913,-2.730246137565189,-8.481379780500363,-3.3348058979192152,11.81618567841958,-33.87505299849578,34.25008367897939,20.77455244489245,-84.67197893669054,-4.943380122198521,-1.0,0.0,1.0,-48.0,0.0,48.0
0.1865,28.5874997225,17.568787356379094,1.3171761700855618,7.600361477265148,-2.597944735245227,-6.449704290232154,-5.130549371192857,11.580253661425012,-34.29277059465229,34.4878135604827,17.902649129797677,-85.65396109731797,-2.9368637989837056,-1.0,0.0,1.0,-48.0,0.0,48.0
0.187,28.658333055,17.658708900230305,1.2742051274629471,7.557390434642533,-2.465052148771401,-4.678419351726694,-7.009596016881236,11.68801536860793,-34.51878487357954,34.51396365221795,14.827233736177897,-86.1527589858491,-1.0779149255674698,-1.0,0.0,1.0,-48.0,0.0,48.0
0.1875,28.7291663875,17.74885297355853,1.2310978796448528,7.514283186824439,-2.3318008276250812,-3.188217723056704,-8.942306056994251,12.130523780050956,-34.5589476412837,34.39512392940986,11.7188904565071,-86.20463364543342,0.640731176396047,-1.0,0.0,1.0,-48.0,0.0,48.0
0.188,28.79999972,17.83921957636376,1.18807862516593,7.471263932345517,-2.1984149703409295,0.5631194740189205,-13.871435657693358,13.308316183674437,-34.36556759990922,34.1207185026734,8.696592574403114,-85.71426559879592,4.397380824783812,0.0,-1.0,1.0,0.0,-48.0,48.0
0.1885,28.8708330525,17.92980870864601,1.1455887976824735,7.428774104862059,-2.0653360105752214,3.995005053927386,-21.036621606607522,17.041616552680136,-33.68410003192395,33.44694742873329,5.821171259620691,-84.06195285820935,8.790858803523303,0.0,-1.0,1.0,0.0,-48.0,48.0
0.189,28.941666385,18.02062037040527,1.1041957097356807,7.387381016915267,-1.9331312608691715,6.891786513075999,-27.73461451187686,20.84282799880086,-32.55174188635887,32.391755314353055,3.2093397985374215,-81.33577909643621,12.981012747830183,0.0,-1.0,1.0,0.0,-48.0,48.0
0.1895,29.0124997175,18.111654561641537,1.0644226816678344,7.347607988847421,-1.802324041565058,9.234435564144,-33.911305007234475,24.676869443090474,-31.00138555886366,30.951495647246286,0.9177266349452015,-77.5919752941558,16.92493690659133,0.0,-1.0,1.0,0.0,-48.0,48.0
0.19,29.08333305,18.202911282354815,1.026762288189268,7.309947595368854,-1.6734069273732115,11.011752312021756,-39.51588442350197,28.504132111480217,-29.074457933224238,29.129889752198828,-1.0232292812339083,-72.89716636863201,20.582697839164137,0.0,-1.0,1.0,0.0,-48.0,48.0
0.1905,29.1541663825,18.294390532545105,0.9916713635599116,7.2748566707394975,-1.5468367525535656,12.22027443410068,-44.50295644963618,32.2826820155355,-26.81438730038458,26.94398221463565,-2.586840621146348,-67.32757496843642,23.917038340129004,0.0,-1.0,1.0,0.0,-48.0,48.0
0.191,29.224999715000003,18.38609231221241,0.9595663025661487,7.242751609745735,-1.4230299118924994,12.864563317012696,-48.83359125669424,35.969027939681546,-24.261603083925465,24.42426407716424,-3.7416366558696104,-60.96878452397385,26.889538703295838,0.0,-1.0,1.0,0.0,-48.0,48.0
0.1915,29.2958330475,18.47801662135672,0.9308182124450971,7.214003519624684,-1.3023575126271365,12.957088198350917,-52.47588387575811,39.51879567740719,-21.452570397525854,21.611724413689462,-4.456936237298212,-53.91658719337846,29.456425612075762,0.0,-1.0,1.0,0.0,-48.0,48.0
0.192,29.36666638,18.570163459978048,0.9057474289695293,7.188932736149115,-1.1851398905302415,12.517484823760881,-55.4057377669181,42.88825294315722,-18.42267454497006,18.554590320725694,-4.715978468607366,-46.27854920738385,31.567463050797187,0.0,-1.0,1.0,0.0,-48.0,48.0
0.1925,29.437499712500003,18.662532828076383,0.884617271842716,7.167802579022302,-1.0716403653050919,11.571386986946074,-57.6082676968119,46.03688070986583,-15.210728552518063,15.306093156014992,-4.528519121412349,-38.175303430663305,33.16923558298052,0.0,-1.0,1.0,0.0,-48.0,48.0
0.193,29.508333045,18.755124725651733,0.8676274370263938,7.15081274420598,-0.962058632913419,10.149160503090222,-59.079715712811776,48.930555209721554,-11.862549427909457,11.923239825871718,-3.937376996978968,-29.74057339660082,34.21166654629226,0.0,-1.0,1.0,0.0,-48.0,48.0
0.1935,29.5791663775,18.84793915270409,0.8549078148539947,7.138093122033581,-0.8565245836886644,8.284788112028266,-59.8294182867078,51.54463017467953,-8.432121574753134,8.465971041262097,-3.017354649903113,-21.119411895768625,34.65536333870464,0.0,-1.0,1.0,0.0,-48.0,48.0
0.194,29.649999710000003,18.94097610923346,0.8465550892577413,7.129740396437327,-0.7551349015630398,14.041120061980443,-59.87482054300592,45.833700481025474,-4.880161803599216,4.895725237680394,-1.8300136041362152,-12.214164303048527,36.476495009747644,1.0,-1.0,0.0,48.0,0.0,-48.0
0.1945,29.7208330425,19.03423559523984,0.842753090008036,7.125938397187622,-0.6580734163069555,19.00886534480717,-59.22361614424162,40.21475079943445,-1.1797808347597167,1.183071010302027,-0.45164987285552827,-2.951743072328432,37.488027509126,1.0,-1.0,0.0,48.0,0.0,-48.0
0.195,29.791666375000002,19.127717610723234,0.8436291194006194,7.126814426580205,-0.565467430216144,23.092122691084256,-57.89730397142589,34.805181280341635,2.58420921606919,-2.591657822918277,0.984631544151154,6.466070743066963,37.73468712671654,1.0,-1.0,0.0,48.0,0.0,-48.0
0.1955,29.862499707500003,19.221422155683634,0.8492150177324502,7.1324003249120365,-0.4773487835875767,26.344448943989374,-55.936907942371896,29.592458998382522,6.335296307089108,-6.357217659742341,2.3410136716412158,15.859877749072432,37.312982455812914,1.0,-1.0,0.0,48.0,0.0,-48.0
0.196,29.93333304,19.31534923012105,0.8594591756938648,7.142644482873451,-0.39366586711157275,28.820060596885035,-53.399927321326096,24.57986672444106,10.007997555592429,-10.052341406687217,3.4881465161772356,25.075661640924,36.32859567414779,1.0,-1.0,0.0,48.0,0.0,-48.0
0.1965,30.004166372500002,19.40949883403548,0.8742396862817585,7.157424993461345,-0.31429677378503534,30.572643727784772,-50.35659449242134,19.783950764636565,13.549999742727671,-13.626012750539973,4.3162788806071815,33.986397276764656,34.89078152289372,1.0,-1.0,0.0,48.0,0.0,-48.0
0.197,30.074999705000003,19.50387096742692,0.8933779364717409,7.176563243651327,-0.2390628905835795,31.65460609634033,-46.88573034356915,15.231124247228822,16.923442796135173,-17.037059943492814,4.743685697726871,42.49217495789331,33.10613263522765,1.0,-1.0,0.0,48.0,0.0,-48.0
0.1975,30.1458330375,19.598465630295365,0.9166518640516095,7.199837171231196,-0.16774215529500275,32.116726853777095,-43.070548520572565,10.95382166679547,20.104754810584204,-20.253099682520936,4.721272666301081,50.51872942817247,31.072179127951365,1.0,-1.0,0.0,48.0,0.0,-48.0
0.198,30.216666370000002,19.693282822640825,0.9438080909264123,7.226993398105998,-0.10008118982434637,32.00815032546817,-38.99483236477394,6.9866820393057685,23.082411925674208,-23.249128651594965,4.231847256208535,58.01445458519954,28.871903879498383,1.0,-1.0,0.0,48.0,0.0,-48.0
0.1985,30.287499702500003,19.7883225444633,0.9745722632436992,7.257757570423285,-0.03580564031915982,31.376612677698887,-34.739931144427736,3.36331846672885,25.85251955913529,-26.006412281253322,3.2828714246892012,64.94631654814675,26.570664800077235,1.0,-1.0,0.0,48.0,0.0,-48.0
0.199,30.358333035,19.883584795762776,1.0086572262547429,7.291842533434329,0.025371647969274002,30.26867886036562,-30.382910977203867,0.11423211683824883,28.41313485470061,-28.512555292436467,1.8930201085516918,71.29542902847187,24.216681921089457,1.0,-1.0,0.0,48.0,0.0,-48.0
0.1995,30.429166367500002,19.979069576539274,1.0457245641617166,7.328909871341303,0.08378909083879856,26.234887838808596,-21.429244916524308,-4.8056429222842905,30.636120121868277,-30.640372157365405,0.07755687874528185,76.74485614710255,19.023587731316894,1.0,0.0,-1.0,0.0,48.0,-48.0
0.2,30.499999700000004,20.07477688679278,1.0851739461441174,7.368359253323703,0.14004701910990344,21.805210860320678,-11.987975995868222,-9.817234864452455,32.32610419808561,-32.21490609628095,-2.114604672904326,80.83310385636165,13.754619790653843,1.0,0.0,-1.0,0.0,48.0,-48.0
0.2005,30.5708330325,20.170706726523296,1.1263473581891836,7.40953266536877,0.1948034467953525,17.29733152054184,-3.0729258286066172,-14.224405691935223,33.50648400688156,-33.2964355039045,-4.620564389120674,83.65976666985762,8.936374684883873,1.0,0.0,-1.0,0.0,48.0,-48.0
0.201,30.641666365000003,20.266859095730823,1.168659776081488,7.451845083261074,0.2486433981105764,14.542111975768549,1.7319160659467447,-16.274028041715294,34.27360011451038,-34.02063714836509,-7.396742971573558,85.49936633244118,6.5481706962223845,1.0,0.0,-1.0,48.0,0.0,-48.0
0.2015,30.712499697500004,20.363233994415364,1.2117946690564774,7.494979976236063,0.3018834038201272,12.648490801892349,4.24795841804889,-16.89644921994124,34.87890237803835,-34.6656195341556,-10.46035223338127,86.99281165449449,5.41021915460106,1.0,0.0,-1.0,48.0,0.0,-48.0
0.202,30.78333303,20.45983142257691,1.2556063394617345,7.538791646641321,0.354669161576417,10.601851443869737,6.517460679340007,-17.119312123209745,35.35243454749745,-35.26934248106234,-13.790722313950765,88.20845656614131,4.319567544598526,1.0,0.0,-1.0,48.0,0.0,-48.0
0.2025,30.854166362500003,20.556651380215474,1.299958004881069,7.583143312060655,0.40713745379564464,8.415861090982716,8.53139753785171,-16.947258628834426,35.704842071798254,-35.82247255520664,-17.31211023916163,89.15298062465052,3.233364096283954,1.0,0.0,-1.0,48.0,0.0,-48.0
0.203,30.924999695000004,20.653693867331047,1.3447133892057077,7.627898696385294,0.4594245565865793,6.109634689553868,10.284721273738171,-16.39435596329204,35.94393533936748,-36.279597503395465,-20.89334964449459,89.82153954939,2.104303469615828,1.0,0.0,-1.0,48.0,0.0,-48.0
0.2035,30.995833027499998,20.750958883923627,1.3897309639386908,7.672916271118277,0.5116719984461765,3.712966729431505,11.774421761537566,-15.48738849096907,36.07131637560298,-36.557031843768335,-24.358710313877438,90.19838915081738,0.8952099570858838,1.0,0.0,-1.0,48.0,0.0,-48.0
0.204,31.06666636,20.848446429993224,1.4348594691892567,7.718044776368843,0.5640310392652093,1.2702468590269067,12.996946154840199,-14.267193013867105,36.08190311807826,-36.54170940553503,-27.51239867280746,90.26143116771038,-0.40518971207917875,1.0,0.0,-1.0,48.0,0.0,-48.0
0.2045,31.137499692499997,20.94615650553983,1.4799366146133632,7.7631219217929495,0.6166639693877065,-1.222025929224932,14.072795212172714,-12.850769282947782,35.96685971169483,-36.11170120066159,-30.172250160814567,89.99000664615079,-1.8269626982363265,0.0,1.0,-1.0,0.0,48.0,-48.0
0.205,31.208333024999998,21.044089110563448,1.524739978789347,7.807925285968933,0.6697932102353419,-6.273679267590927,20.170082699379485,-13.896403431788558,35.59864385457176,-35.047099182148045,-32.093381653886375,89.07296589867646,-5.436607829811695,0.0,1.0,-1.0,0.0,48.0,-48.0
0.2055,31.2791663575,21.142244245064074,1.5688689390377937,7.85205424621738,0.7238193844875211,-10.931408039497045,25.586668519999762,-14.655260480502717,34.89516466034886,-33.234897320405246,-33.11412535861457,87.31307158837802,-8.550007899687717,0.0,1.0,-1.0,0.0,48.0,-48.0
0.206,31.349999689999997,21.240621909041717,1.6119354764507086,7.895120783630295,0.7791305110522493,-15.096058967718665,30.32016245804746,-15.224103490328794,33.91027437370646,-30.774618734762416,-33.28621743620791,84.84853040399867,-11.0579419308932,0.0,1.0,-1.0,0.0,48.0,-48.0
0.2065,31.4208330225,21.339222102496368,1.6536268437897585,7.936812150969345,0.8360393371678501,-18.69556989131234,34.381747420498876,-15.686177529186539,32.709232275282,-27.840411416011495,-32.755116575789906,81.84059837108165,-12.889900353630578,0.0,1.0,-1.0,0.0,48.0,-48.0
0.207,31.491666355,21.438044825428033,1.6937141822389528,7.976899489418539,0.8947747216503211,-21.691419694662926,37.79828320920608,-16.106863514543157,31.36249753092966,-24.644748157509532,-31.713277028431165,78.46116851878588,-14.032735723708667,0.0,1.0,-1.0,0.0,48.0,-48.0
0.2075,31.5624996875,21.537090077836705,1.7320541793162736,8.01523948649586,0.9554799769816723,-24.078855340528374,40.61190729264023,-16.533051952111858,29.938338184493954,-21.396059351157632,-30.35543677219381,74.87817811788909,-14.529569324999922,0.0,1.0,-1.0,0.0,48.0,-48.0
0.208,31.63333302,21.63635785972239,1.768583848176226,8.051769155355812,1.0182180900074065,-25.88200139040799,42.87705609464659,-16.9950547042386,28.49708804850123,-18.265886386710992,-28.84857998804533,71.24330083059259,-14.46403943479849,0.0,1.0,-1.0,0.0,48.0,-48.0
0.2085,31.7041663525,21.735848171085088,1.803310294750394,8.08649560192998,1.0829819547959345,-27.146211476451544,44.65584989481889,-17.50963841836735,27.088262556207678,-15.372845827475574,-27.319270776250836,67.68441876707276,-13.93940678887478,0.0,1.0,-1.0,0.0,48.0,-48.0
0.209,31.774999685,21.8355610119248,1.836298000953592,8.119483308133178,1.149707089432448,-27.929995351768973,46.01312188323822,-18.083126531469247,25.75022396022113,-12.782112976140553,-25.854125915803234,64.30309670185092,-13.060414981418464,0.0,1.0,-1.0,0.0,48.0,-48.0
0.2095,31.8458330175,21.93549638224152,1.8676558537484773,8.150841160928064,1.2182846069542843,-28.298072238267235,47.01211436773118,-18.714042129463945,24.511395022155916,-10.514608574334654,-24.50714153668378,61.17582142134666,-11.921564953135196,0.0,1.0,-1.0,0.0,48.0,-48.0
0.21,31.91666635,22.03565428203525,1.8975131390925712,8.180698446272157,1.28858522140392,-32.01072298232147,47.710940564254386,-15.700217581932922,23.32590018873744,-8.536149824456714,-23.242920071510632,58.19230676576529,-13.558970380586006,-1.0,1.0,0.0,-48.0,0.0,48.0
0.2105,31.9874996825,22.136034711305992,1.9256574198479641,8.20884272702755,1.3608213699192695,-39.60597635881034,48.1510385027486,-8.54506214393826,21.723451081240146,-6.695901852431114,-21.59613467810984,54.18212726614408,-18.424023849518733,-1.0,1.0,0.0,-48.0,0.0,48.0
0.211,32.058333015,22.236637670053746,1.9515046983679158,8.234690005547503,1.4355770501470704,-46.28558277506312,48.36533714178314,-2.079754366720021,19.65718975537461,-5.051352509935252,-19.51823187659537,49.02831140894945,-22.712626454707074,-1.0,1.0,0.0,-48.0,0.0,48.0
0.2115,32.129166347500004,22.33746315827851,1.9745364557319065,8.257721762911492,1.5133707810078447,-50.25642296857643,50.190094568072965,0.0663284005034668,17.250930889261127,-3.670703369757666,-17.12363324143142,43.0352794245034,-24.452933172693683,-1.0,1.0,0.0,-48.0,48.0,0.0
0.212,32.199999680000005,22.438511175980288,1.9945181833825836,8.27770349056217,1.594437071058946,-52.617000247185274,52.617000247185274,0.0,14.777782856732218,-2.594189832563967,-14.673120616258142,36.878222417206885,-24.785931408133827,-1.0,1.0,0.0,-48.0,44.764917128342276,3.2350828716577276
0.2125,32.2708330125,22.53978172315907,2.0114027249373865,8.294588032116973,1.678823076682924,-54.56093716836176,54.56093716836176,0.0,12.277044635196358,-1.7778493368443722,-12.19778991370055,30.650251811274696,-25.019311150795037,-1.0,1.0,0.0,-48.0,41.44738756287654,6.552612437123457
0.213,32.341666345,22.64127479981487,2.0251607834651217,8.308346090644708,1.7665580948109887,-56.10293337571796,56.10293337571796,0.0,9.7598093291351,-1.173132532065946,-9.703998027579324,24.37602727175898,-25.162841426182048,-1.0,1.0,0.0,-48.0,37.9973364261139,10.0026635738861
0.2135,32.4124996775,22.742990405947683,2.035774035587695,8.31895934276728,1.8576604488212296,-57.28448243865592,57.28448243865592,0.0,7.233597106005907,-0.7338079838059509,-7.1972216692797994,18.073232214625772,-25.253295676665747,-1.0,1.0,0.0,-48.0,34.44711623037978,13.552883769620225
0.214,32.483333009999996,22.8449285415575,2.043230874990053,8.32641618216964,1.9521417450286882,-58.140953386574466,58.140953386574466,0.0,4.702031958750291,-0.41551374161026583,-4.680925268634607,11.751382663272643,-25.319487463228096,-1.0,1.0,0.0,-48.0,30.824184377204617,17.175815622795383
0.2145,32.5541663425,22.947089206644335,2.047522798344472,8.330708105524058,2.050010486761104,-58.70183944225332,58.70183944225332,0.0,2.1657774366124487,-0.17516097931072352,-2.156768372867716,5.413655791083741,-25.38347400328822,-1.0,1.0,0.0,-48.0,27.15207660151858,20.847923398481424
0.215,32.624999675,23.04947240120818,2.048641601466483,8.33182690864607,2.1512748782029383,-58.836451502950126,58.231482349350436,0.6049691535996881,-0.3774954712388919,0.029794718884693813,0.3759583476238876,-0.9436437547587464,-25.6165822265195,-1.0,0.0,1.0,0.0,-48.0,48.0
0.2155,32.6958330075,23.152078125249034,2.0465392709294963,8.329724578109083,2.255982932780778,-57.378202515023446,51.647720657819875,5.730481857203573,-3.0089745404283743,0.24851607439585405,2.9962277156620702,-7.5210469705841065,-26.945007615281142,-1.0,0.0,1.0,0.0,-48.0,48.0
0.216,32.76666634,23.2549063787669,2.0410725404771077,8.324257847656694,2.3642779167510333,-55.54462691573727,45.46998088543772,10.07464603029955,-5.756827023999444,0.5304665320498567,5.730061119001107,-14.386347035539236,-27.916012928991574,-1.0,0.0,1.0,0.0,-48.0,48.0
0.2165,32.8374996725,23.357957161761778,2.032120238950457,8.315305546130043,2.4762810012725622,-53.33894973725934,39.661218540613994,13.677731196645349,-8.585279810406435,0.9261883479349114,8.539974275384857,-21.447617140947802,-28.50997550503419,-1.0,0.0,1.0,0.0,-48.0,48.0
0.217,32.908333005,23.461230474233666,2.0196082656211756,8.302793572800763,2.5920662870737305,-50.76752691384028,34.18076869607552,16.58675821776476,-11.456554186077803,1.4903788391448562,11.387372726139688,-28.60874137178865,-28.71300085595483,-1.0,0.0,1.0,0.0,-48.0,48.0
0.2175,32.979166337500004,23.56472631618257,2.0035113299468783,8.286696637126465,2.711659064696931,-47.83970066290554,28.98430024029027,18.855400422615276,-14.331071886688276,2.280045876974643,14.233779879002274,-35.77082188022573,-28.516631405873984,-1.0,0.0,1.0,0.0,-48.0,48.0
0.218,33.049999670000005,23.66844468760848,1.9838540183312492,8.267039325510835,2.8350347477384736,-44.56766859729642,24.0240378234853,20.543630773811113,-17.16762408039154,3.352783266824769,17.0422342777649,-42.833437287289684,-27.916922314147904,-1.0,0.0,1.0,0.0,-48.0,48.0
0.2185,33.1208330025,23.7723855885114,1.9607113045972726,8.243896611776858,2.9621183623753704,-40.96636847592205,19.249251653065738,21.71711682285632,-19.923617706856383,4.7645398879682785,19.778587692378416,-49.695578440334224,-26.912776410869565,-1.0,0.0,1.0,0.0,-48.0,48.0
0.219,33.191666335,23.876549018891335,1.9342087116610698,8.217394018840656,3.0927843856915067,-37.053446484942135,14.607097402046188,22.44634908289595,-22.5555516308784,6.565491622233522,22.412085460923727,-56.256079757295936,-25.5036113613463,-1.0,0.0,1.0,0.0,-48.0,48.0
0.2195,33.2624996675,23.980934978748284,1.9045224112442152,8.187707718423802,-3.0563286612142777,-32.84950166164955,10.04402164418573,22.805480017463818,-25.019798276805346,8.79210739968089,24.914198497358115,-62.413427090285474,-23.686830654764478,-1.0,0.0,1.0,0.0,-48.0,48.0
0.22,33.333333,24.08554346808224,1.8718795661127006,8.155064873292286,-2.9190773267488064,-28.378957514431068,5.508073970313773,22.870883544117294,-27.273557055340092,11.45392146553757,27.254475477135056,-68.06501783589766,-21.45622148866289,-1.0,0.0,1.0,0.0,-48.0,48.0
0.2205,33.333333,24.1902632221547,1.8366389732306136,8.1198242804102,-2.7791169797942574,-18.23925301580591,-1.766724691582967,20.00597770738888,-29.0841919650339,14.41563940119848,29.20016718000458,-72.62818353911562,-14.996703903575717,0.0,-1.0,1.0,48.0,-48.0,0.0
0.221,33.333333,24.294982976227164,1.7995268378407365,8.082712145020324,-2.637285090331919,-8.339468169434092,-8.892445764677582,17.231913934111674,-30.229855680720625,17.400761854527353,30.50219898123564,-75.53906902025862,-8.247081462431419,0.0,-1.0,1.0,48.0,-48.0,0.0
0.2215,33.333333,24.399702730299627,1.7613858449389634,8.04457115211855,-2.494424343357683,0.48763984095679724,-15.502772579694408,15.015132738737611,-30.69388026455047,20.130651498887573,31.089604195948848,-76.74273822664892,-1.8212285105766686,0.0,-1.0,1.0,0.0,-48.0,48.0
0.222,33.333333,24.50442248437209,1.722962255099532,8.006147562279118,-2.3512809994457884,4.19718438539125,-19.600897597684842,15.403713212293592,-30.715016724271834,22.489454457786533,31.137666000228734,-76.82681172289516,1.1726948347702697,0.0,-1.0,1.0,0.0,-48.0,48.0
0.2225,33.333333,24.60914223844455,1.6846862510591958,7.967871558238782,-2.2082852413329883,7.758564900528382,-23.674016208879536,15.915451308351154,-30.43683542327436,24.391924388458452,30.731219227810204,-76.14843005935616,4.261410941983778,0.0,-1.0,1.0,0.0,-48.0,48.0
0.223,33.333333,24.713861992517014,1.6469427630671944,7.930128070246781,-2.0658219992685263,11.08993031131892,-27.67401628225238,16.58408597093346,-29.854011548424435,25.704833287056776,29.822384245097442,-74.69739919180691,7.3343637697243,0.0,-1.0,1.0,0.0,-48.0,48.0
0.2235,33.333333,24.818581746589476,1.610114675642535,7.893299982822121,-1.9242741577714042,14.107410893070252,-31.54574826856366,17.438337375493408,-28.972051825121728,26.356058102510143,28.406470498649398,-72.49239325880589,10.27391377332988,0.0,-1.0,1.0,0.0,-48.0,48.0
0.224,33.333333,24.92330150066194,1.5745683012778398,7.8577536084574255,-1.784008029334246,16.733054241295978,-35.23290782309645,18.49985358180047,-27.80828867790646,26.341837937522406,26.53019500779989,-69.58061735331974,12.972181937168768,0.0,-1.0,1.0,0.0,-48.0,48.0
0.2245,33.333333,25.0280212547344,1.5406400425028406,7.823825349682426,-1.6453600164867843,18.90226145126133,-38.68330521080555,19.781043759544218,-26.39068692606705,25.717967102251215,24.286862879982653,-66.03351570661135,15.344936987207937,0.0,-1.0,1.0,0.0,-48.0,48.0
0.225,33.333333,25.132741008806864,1.5086259341258428,7.791811241305429,-1.5086261540373236,20.569022951757407,-41.85258834219487,21.283565390437463,-24.7548985091682,24.580089682433893,21.800255987105885,-61.93984076085533,17.338392599573886,0.0,-1.0,1.0,0.0,-48.0,48.0
0.2255,33.333333,25.237460762879326,1.4789034000769303,7.762088707256517,-1.3741838659159498,29.853841009026894,-44.69328250199742,14.83944149297053,-22.635675168649776,22.733893190571884,18.952432321857053,-56.63491164663466,24.906380300629465,1.0,-1.0,0.0,48.0,0.0,-48.0
0.226,33.333333,25.342180516951785,1.4522817387382179,7.7354670459178045,-1.2428424505047786,37.94017886135843,-47.11886399950941,9.178685138150978,-19.820085110291238,20.02805818385025,15.726601764514594,-49.585937004580714,31.28563241303716,1.0,-1.0,0.0,48.0,0.0,-48.0
0.2265,33.333333,25.446900271024248,1.4295584223642648,7.712743729543851,-1.1153993800583641,44.777228388705105,-49.04767570237143,4.270447313666326,-16.426607990403586,16.64315155759003,12.3650821852689,-41.09089316235478,36.48111127630873,1.0,-1.0,0.0,48.0,0.0,-48.0
0.227,33.333333,25.55162002509671,1.411383513787043,7.694568820966629,-0.9925047174086793,50.35224185958345,-50.418411475101514,0.06616961551806108,-12.570034055636102,12.744988887626901,9.02852134141734,-31.439193145168282,40.55174282819136,1.0,-1.0,0.0,48.0,0.0,-48.0
0.2275,33.333333,25.656339779169176,1.3982463418961544,7.681431649075741,-0.8746477914453237,52.93889705503185,-52.93889705503185,0.0,-8.406791623483837,8.522770219865036,5.820936521838757,-21.023680737355942,42.629658564942446,1.0,-1.0,0.0,48.0,-29.762947223648162,-18.237052776351845
0.228,33.333333,25.76105953324164,1.3904302860059474,7.673615593185533,-0.762111981482655,54.59450158591901,-54.59450158591901,0.0,-4.073109569985516,4.1280938546953765,2.7563081731659764,-10.185127171573393,43.96023788734085,1.0,-1.0,0.0,48.0,-26.728816030811053,-21.271183969188954
0.2285,33.333333,25.8657792873141,1.3881020449392427,7.671287352118829,-0.655063986343486,55.3886582108224,-55.3886582108224,0.0,0.35941609311472156,-0.3642257741944941,-0.2415238120061008,0.8987230560177882,44.59833514568042,1.0,-1.0,0.0,48.0,-23.760881028533785,-24.239118971466212
0.229,33.333333,25.970499041386564,1.3913417886382102,7.674527095817797,-0.5535839759699933,55.367378428446465,-55.367378428446465,0.0,4.82266851257608,-4.887976038532605,-3.272426380190414,12.05958578773257,44.58303470027018,1.0,-1.0,0.0,48.0,-20.760227382787846,-27.239772617212154
0.2295,33.333333,26.075218795459026,1.4001480301891478,7.683333337368734,-0.45767046344846635,54.58470334617665,-54.58470334617665,0.0,9.252538469656788,-9.380629916883574,-6.441561515537622,23.13918892633752,43.95512617216214,1.0,-1.0,0.0,48.0,-17.622484208075775,-30.377515791924225
0.23,33.333333,26.179938549531485,1.4144427096514276,7.697628016831014,-0.367245388838289,53.101725946513746,-53.101725946513746,0.0,13.589339766684045,-13.777857300670483,-9.841008109153403,33.98952437029202,42.755685038802135,1.0,-1.0,0.0,48.0,-14.253250657839812,-33.74674934216018
0.2305,33.333333,26.284658303603948,1.4340330706171915,7.717218377796778,-0.2821159957315878,48.975680720332385,-44.840252475395225,-4.135428244937159,17.67498529937326,-17.9015610873346,-13.45045258421969,44.2149949177693,38.99080708589199,1.0,0.0,-1.0,0.0,48.0,-48.0
0.231,33.333333,26.38937805767641,1.4584940843319132,7.741679391511499,-0.2018572553738494,44.25113333768122,-36.66970543378853,-7.581427903892691,21.36777373776949,-21.5679283246918,-17.18154107592063,53.45932068782577,34.918109212953716,1.0,0.0,-1.0,0.0,48.0,-48.0
0.2315,33.333333,26.494097811748873,1.4873173264186281,7.770502633598214,-0.12596074338809943,39.03753423445145,-28.669110769896353,-10.368423464555098,24.641189125717847,-24.681307029117367,-20.949312683438436,61.65376886683815,30.602082712975506,1.0,0.0,-1.0,0.0,48.0,-48.0
0.232,33.333333,26.598817565821335,1.5199639709773825,7.803149278156969,-0.05388763387439328,33.452610930591746,-20.91909626581017,-12.533514664781576,27.474686001459794,-27.122462187601258,-24.6046606632587,68.74552847877499,26.10875636099478,1.0,0.0,-1.0,0.0,48.0,-48.0
0.2325,33.333333,26.703537319893794,1.5558732456419002,7.839058552821486,0.014922845533546766,27.625280276420032,-13.50065175369333,-14.124628522726702,29.85447263577261,-28.758670412091593,-27.958378845224107,74.70048149124169,21.52463613873485,1.0,0.0,-1.0,0.0,48.0,-48.0
0.233,33.333333,26.808257073966264,1.5944733904613495,7.8776586976409355,0.08104245478656862,21.695263146384292,-6.4936671139419255,-15.201596032442367,31.776719219379252,-29.469256714201993,-30.821470702795065,79.51022106642291,16.970187697163674,1.0,0.0,-1.0,0.0,48.0,-48.0
0.2335,33.333333,26.912976828038726,1.6351967074770621,7.918382014656649,0.1450388918433198,15.819515540914546,0.0025534203324045434,-15.82206896124695,33.252114701998714,-29.182238335578678,-33.05179549576561,83.2007900882253,12.606918964238394,1.0,0.0,-1.0,48.0,0.0,-48.0
0.234,33.333333,27.017696582111185,1.6775379911914396,7.960723298371025,0.2074173622014001,12.83113215309955,0.5253576293414525,-13.356489782441002,34.40155217613731,-27.981951926645007,-34.683797690899226,86.06981978496991,10.340025365609007,1.0,0.0,-1.0,48.0,0.0,-48.0
0.2345,33.333333,27.122416336183644,1.7211719546494402,8.004357261829027,0.2685031528158596,9.935461909826293,0.8121710656225132,-10.747632975448806,35.330294543017324,-25.989096590474382,-35.81412528734882,88.37218194657186,8.088883420123988,1.0,0.0,-1.0,48.0,0.0,-48.0
0.235,33.333333,27.227136090256103,1.765818015052894,8.04900332223248,0.3285768464848636,7.220283360886453,0.8088645329950946,-8.029147893881548,36.047182872736094,-23.312019501991,-36.49995907791301,90.12210218786339,5.930600435598388,1.0,0.0,-1.0,48.0,0.0,-48.0
0.2355,33.333333,27.331855844328565,1.8110991259162432,8.09428443309583,0.3880154896939764,-1.5632356125547275,7.7236501349666815,-6.160414522411954,36.32416358959833,-20.006372686250923,-36.59678469436798,90.74949934012419,0.1558787077587107,0.0,1.0,-1.0,0.0,48.0,-48.0
0.236,33.333333,27.436575598401028,1.8564325097256735,8.13961781690526,0.4474018599570108,-5.95693662374609,11.992376488443718,-6.0354398646976275,36.24920153247732,-16.420962116656025,-36.29567989016862,90.48835767671082,-2.1417137833658435,0.0,1.0,-1.0,0.0,48.0,-48.0
0.2365,33.333333,27.54129535247349,1.901504181373065,8.184689488552651,0.5070499423820812,-9.813723159418736,15.584172976817312,-5.7704498173985765,35.96777124046295,-12.864100648059544,-35.82598836226407,89.72662854423892,-3.864204606012311,0.0,1.0,-1.0,0.0,48.0,-48.0
0.237,33.333333,27.646015106545953,1.9460977946175753,8.229283101797161,0.5671760832100319,-13.148187521772313,18.553748686978075,-5.4055611652057625,35.5219204721768,-9.50388443451494,-35.277121415039815,88.5960001313167,-5.109586399356343,0.0,1.0,-1.0,0.0,48.0,-48.0
0.2375,33.333333,27.75073486061841,1.990056686643646,8.273241993823232,0.6279369452564217,-15.989178427204592,20.964679999423907,-4.975501572219316,34.947276174764646,-6.422474778054873,-34.695928605783834,87.20368034466779,-5.972152934868161,0.0,1.0,-1.0,0.0,48.0,-48.0
0.238,33.333333,27.85545461469088,2.03327224844614,8.316457555625727,0.6894411375263936,-18.37172027017714,22.881468099141053,-4.509747828963913,34.277673305030234,-3.628269576322901,-34.099429907601106,85.63546680768367,-6.527437180892255,0.0,1.0,-1.0,0.0,48.0,-48.0
0.2385,33.333333,27.960174368763344,2.0756745141414403,8.358859821321026,0.7517586259035582,-20.331813596028532,24.363656666630646,-4.031843070602113,33.54841584234568,-1.0794368868879123,-33.489825763077434,83.96105402715568,-6.829040580291829,0.0,1.0,-1.0,0.0,48.0,-48.0
0.239,33.333333,28.064894122835803,2.11722540494618,8.400410712125765,0.8149274891712778,-21.90402496847357,25.46255464429374,-3.558529675820167,32.79681037256735,1.2900254207271298,-32.86648675320459,82.23899946091747,-6.913732484527525,0.0,1.0,-1.0,0.0,48.0,-48.0
0.2395,33.333333,28.169613876908265,2.157914043111923,8.441099350291509,0.8789586050779966,-23.121062150840476,26.220371063310242,-3.0993089124697657,32.06002555316543,3.5480966006813057,-32.23276571626712,80.5198995874465,-6.809871083861229,0.0,1.0,-1.0,0.0,48.0,-48.0
0.24,33.333333,28.274333630980728,2.1977531260998684,8.480938433279455,0.9438392761625131,-24.014331221553952,26.671117866989363,-2.6567866454354094,31.37132630476435,5.749667887310833,-31.597888078866042,78.8474874686858,-6.545072269507737,0.0,1.0,-1.0,0.0,48.0,-48.0
0.2405,33.333333,28.37905338505319,2.2366627055049935,8.51984801268458,1.0096494508298506,-30.849093065144793,28.76503781140023,2.0840552537445607,30.51485009312609,7.860147918520757,-30.73265057833931,76.6525699937495,-10.166737270194226,-1.0,1.0,0.0,-48.0,48.0,0.0
0.241,33.333333,28.483773139125653,2.2743085594957617,8.557493866675348,1.0767233509115457,-36.14736675184405,31.295903353710816,4.851463398133232,29.455368364260444,9.797238185591674,-29.605266270369754,73.84568848805935,-12.211267412484379,-1.0,1.0,0.0,-48.0,48.0,0.0
0.2415,33.333333,28.58849289319811,2.3104325811868267,8.593617888366413,1.1453190832929387,-40.793689125383494,33.45835067308325,7.335338452300241,28.243716203854895,11.489764122326916,-28.285559732578474,70.58354366089763,-13.816548798488089,-1.0,1.0,0.0,-48.0,48.0,0.0
0.242,33.333333,28.693212647270574,2.3448336329064463,8.628018940086033,1.2156377856457816,-44.821559752732846,35.30995808903128,9.511601663701569,26.901768822520776,12.87075257760051,-26.821999810495242,66.9702109871933,-15.028079915370508,-1.0,1.0,0.0,-48.0,48.0,0.0
0.2425,33.333333,28.79793240134304,2.377359851844234,8.66054515902382,1.2878313207804617,-48.27018064132881,36.909542883960164,11.360637757368645,25.445099631760726,13.892682834583779,-25.256661757956348,63.09893404322236,-15.886144246292073,-1.0,1.0,0.0,-48.0,48.0,0.0
0.243,33.333333,28.902652155415502,2.407903650289636,8.691088957469223,1.3620072764075204,-51.18203794755652,38.31457341545933,12.867464532097191,23.889465091264736,14.535076636359213,-23.62560521674473,59.05393127510734,-16.42241023078876,-1.0,1.0,0.0,-48.0,48.0,0.0
0.2435,33.333333,29.007371909487965,2.436397753828645,8.719583061008231,1.438232926940976,-53.60108557980648,39.57850559467988,14.022579985126596,22.255400856260657,14.806007153840822,-21.960278810730767,54.91258772756405,-16.660183264248126,-1.0,1.0,0.0,-48.0,48.0,0.0
0.244,33.333333,29.112091663560427,2.462812257606714,8.7459975647863,1.5165381772353677,-55.57156582270077,40.74852922435534,14.823036598345434,20.56996632633288,14.73846744478509,-20.28902622202503,50.747227159012965,-16.617249684795983,-1.0,1.0,0.0,-48.0,48.0,0.0
0.2445,33.333333,29.21681141763289,2.4871523632051056,8.770337670384691,1.5969178257094392,-57.13732697827211,41.86402068997445,15.273306288297656,18.865836146256676,14.38362373427879,-18.638132707479823,46.62602486495559,-16.309626194476568,-1.0,1.0,0.0,-48.0,48.0,0.0
0.245,33.333333,29.32153117170535,2.5094563426379946,8.79264164981758,1.6793336003490105,-58.34143580202098,42.95579089570796,15.385644906313019,17.178671557169103,13.803071821156706,-17.032256957542156,42.6130259849923,-15.754777768816618,-1.0,1.0,0.0,-48.0,48.0,0.0
0.2455,33.333333,29.42625092577781,2.5296670106338186,8.812852317813405,1.7638426864256467,-59.21330640837354,35.88734835520442,23.325958053169114,15.241591585988541,12.804218981631,-15.192403178815997,38.01198379007298,-20.9768826957789,-1.0,0.0,1.0,0.0,-48.0,48.0
0.246,33.333333,29.530970679850274,2.547260887866253,8.83044619504584,1.8509685632656734,-59.73521494849459,29.430321776352752,30.30489317214184,12.814304206475622,11.169095002514101,-12.856017367584426,32.16710983142984,-25.689450920175837,-1.0,0.0,1.0,0.0,-48.0,48.0
0.2465,33.333333,29.635690433922736,2.561649775180784,8.84483508236037,1.9412994300236044,-59.88731555097116,23.61481223931429,36.27250331165687,9.978138563014344,8.953529042799056,-10.078098260076866,25.216752380779965,-29.808988353170257,-1.0,0.0,1.0,0.0,-48.0,48.0
0.247,33.333333,29.7404101879952,2.5723193267287923,8.855504633908378,2.035349632548061,-59.65954924488524,18.46205242107047,41.19749682381477,6.812063936855412,6.242615323395559,-6.920814869377779,17.316883782379346,-33.27812488646538,-1.0,0.0,1.0,0.0,-48.0,48.0
0.2475,33.333333,29.845129942067658,2.578836244484845,8.862021551664432,2.1335524688644645,-59.04913434545909,13.981570552420637,45.06756379303845,3.3832091812052765,3.139983288425967,-3.4509211165048,8.634719415442493,-36.0635092073918,-1.0,0.0,1.0,0.0,-48.0,48.0
0.248,33.333333,29.949849696140127,2.580852511909337,8.864037819088923,2.236255955512447,-58.05783368659559,10.169308342861127,47.888525343734464,-0.25692491441906334,-0.2393865917060458,0.2624060971980259,-0.6565794328703352,-38.149761733465986,-1.0,0.0,1.0,0.0,-48.0,48.0
0.2485,33.333333,30.05456945021259,2.578107388367654,8.86129269554724,2.3437208331265884,-56.68952936226461,7.006491016759626,49.68303834550498,-4.069509780076075,-3.7716095931687095,4.149048038142051,-10.381535630873376,-39.532702367290476,-1.0,0.0,1.0,0.0,-48.0,48.0
0.249,33.333333,30.15928920428505,2.5704279825801164,8.853613289759704,2.4561199929865856,-54.948585502396156,4.459003068691698,50.489582433704456,-8.019728893801696,-7.322146244964209,8.138818206374543,-20.364492703278923,-40.214545529200265,-1.0,0.0,1.0,0.0,-48.0,48.0
0.2495,33.333333,30.26400895835751,2.5577289880186083,8.840914295198194,2.573538741620559,-52.83928938388279,2.4770808832306477,50.362208500652144,-12.065079819528778,-10.741665335207122,12.162041360051106,-30.43098398565679,-40.20275957927972,-1.0,0.0,1.0,0.0,-48.0,48.0
0.25,33.333333,30.368728712429974,2.5400117166086567,8.823197023788243,2.695975767102971,-50.36637837151373,0.9952475161908436,49.37113085532289,-16.14450970717992,-13.862400927481332,16.150283566267582,-40.40934826271844,-39.51317693526781,-1.0,0.0,1.0,0.0,-48.0,48.0
0.2505,33.333333,30.473448466502436,2.5174119231878844,8.80059723036747,2.8232953145962076,-42.095703281594645,-2.7940194256863853,44.88972270728103,-20.052591848123253,-16.40226834196021,19.91836926644438,-49.835056346907095,-35.799824797447435,0.0,-1.0,1.0,48.0,-48.0,0.0
0.251,33.333333,30.5781682205749,2.4903425510763744,8.77352785825596,2.955084440780179,-33.86747619646616,-6.099853144347488,39.96732934081364,-23.56630133133207,-18.107093534396746,23.290692282135907,-58.26611162080977,-31.56978350975345,0.0,-1.0,1.0,48.0,-48.0,0.0
0.2515,33.333333,30.682887974647358,2.4593313304644244,8.74251663764401,3.090815415464589,-25.702638839110193,-9.05394979717659,34.756588636286786,-26.586789416163477,-18.872311507460015,26.222043916682225,-65.58498401872217,-26.9209244651352,0.0,-1.0,1.0,48.0,-48.0,0.0
0.252,33.333333,30.78760772871982,2.424958114131971,8.708143421311558,-3.0532769213100837,-17.628770757809377,-11.784707259572516,29.41347801738189,-29.043191559943317,-18.664376053748953,28.678566500295158,-71.70162216119272,-21.972813332535075,0.0,-1.0,1.0,48.0,-48.0,0.0
0.2525,33.333333,30.89232748279229,2.3878401087685104,8.671025415948098,-2.9114391618741537,-9.679514250280683,-14.409448397639043,24.088962647919725,-30.90842449104855,-17.542287125198918,30.63790803421787,-76.5568723053996,-16.85006975628027,0.0,-1.0,1.0,48.0,-48.0,0.0
0.253,33.333333,30.997047236864745,2.3486164731992236,8.63180178037881,-2.767495772232409,-1.893852552679732,-17.026300707497565,18.920153260177297,-32.199218092145394,-15.659114066212343,32.087016894797415,-80.12159789695396,-11.665876094932916,0.0,-1.0,1.0,48.0,-48.0,0.0
0.2535,33.333333,31.10176699093721,2.30790885975843,8.591094166938017,-2.622068404719152,1.5528575880032456,-17.639489490751775,16.08663190274853,-33.04147460962927,-13.26867579753668,33.100174561035566,-82.59480200178963,-8.659313533859725,0.0,-1.0,1.0,0.0,-48.0,48.0
0.254,33.333333,31.206486745009673,2.2661174205150534,8.54930272769464,-2.4755572114033138,3.7369761689150263,-17.833942374409883,14.096966205494857,-33.677463730406245,-10.643913875736692,33.86928456554705,-84.47719013712057,-6.409129214099373,0.0,-1.0,1.0,0.0,-48.0,48.0
0.2545,33.333333,31.311206499082136,2.2235242182344086,8.506709525413996,-2.3282442550502056,6.02816123906066,-18.314263521343733,12.286102282283073,-34.1462381375282,-7.925525481787564,34.39874577730276,-85.80432861826542,-4.218174628818757,0.0,-1.0,1.0,0.0,-48.0,48.0
0.255,33.333333,31.4159262531546,2.180403110589349,8.463588417768936,-2.180403393332683,8.389797564366397,-19.070690984042333,10.680893419675936,-34.45862614645502,-5.211934826586133,34.687249527343205,-86.59133902644099,-2.087796747893063,0.0,-1.0,1.0,0.0,-48.0,48.0
0.2555,33.333333,31.520646007227057,2.137158534161848,8.420343841341435,-2.032439062832723,18.933647627947963,-20.08664003665334,1.1529924087053751,-34.2791620154488,-2.536941088274408,34.41106705717944,-86.02948538872961,6.490742685858912,1.0,-1.0,0.0,48.0,0.0,-48.0
0.256,33.333333,31.62536576129952,2.0946727917338674,8.377858098913453,-1.8852335663322792,26.442964798212454,-23.724090332662662,-2.7188744655497907,-33.41885774643171,-0.015948190454277925,33.419732154284574,-83.71102483610844,11.637408345931187,1.0,-1.0,0.0,48.0,-48.0,0.0
0.2565,33.333333,31.730085515371982,2.0536393106254582,8.336824617805044,-1.7394803311514062,33.061273253746386,-27.7378594309972,-5.323413822749185,-32.09103514310305,2.2539678507967014,31.97326506397638,-80.23594497878585,16.12366685294402,1.0,-1.0,0.0,48.0,-48.0,0.0
0.257,33.333333,31.83480526944445,2.014618610685174,8.29780391786476,-1.595739877138656,39.09177883501333,-31.732488804411304,-7.359290030602023,-30.30730969269439,4.2134914564556825,30.116362111317667,-75.67061305143004,20.352765748806668,1.0,-1.0,0.0,48.0,-48.0,0.0
0.2575,33.333333,31.939525023516907,1.9781388846796448,8.26132419185923,-1.4545403970606694,44.48095105633586,-35.666819226932745,-8.814131829403118,-28.09238139924422,5.786926588203146,27.885525236537564,-70.08455286281725,24.281581784144052,1.0,-1.0,0.0,48.0,-48.0,0.0
0.258,33.333333,32.04424477758937,1.94469067039255,8.227875977572136,-1.3163724287011123,49.17955480887525,-39.4930469293779,-9.686507879497352,-25.48372716942943,6.888643130376482,25.309451265097508,-63.55933262832029,27.855737141697293,1.0,-1.0,0.0,48.0,-48.0,0.0
0.2585,33.333333,32.14896453166183,1.9147200116905339,8.19790531887012,-1.1816820159266337,53.143243888349105,-43.158120715815095,-9.985123172534012,-22.52781376068809,7.44412792860899,22.41332985580848,-56.19199410916851,31.005760867899802,1.0,-1.0,0.0,48.0,-48.0,0.0
0.259,33.333333,32.253684285734295,1.8886198115041866,8.171805118683773,-1.0508620616678224,56.33445092211723,-46.607134555453456,-9.72731636666377,-19.27776092046934,7.413346374520102,19.226901761785626,-48.09854807096261,33.650559726785374,1.0,-1.0,0.0,48.0,-48.0,0.0
0.2595,33.333333,32.35840403980676,1.8667197980048968,8.149905105184484,-0.9242422940960725,58.72556522737214,-49.788218923527396,-8.937346303844741,-15.792522905313485,6.80605452760346,15.791651358389759,-39.415766321457546,35.707072449834996,1.0,-1.0,0.0,48.0,-48.0,0.0
0.26,33.333333,32.46312379387922,1.8492762678364696,8.132461575016055,-0.8020790098551817,60.30266289118571,-52.65781934353143,-7.644843547654284,-12.136579216308656,5.684686021511499,12.163830485341718,-30.30018920130795,37.102137818689926,1.0,-1.0,0.0,48.0,-48.0,0.0
0.2605,33.333333,32.56784354795168,1.8364990573051305,8.119684364484717,-0.684582045251383,61.06298039739471,-47.01507925154346,-14.047901145851252,-8.293907081645518,4.113398152845264,8.327140994509604,-20.711352123282342,39.43833673194738,1.0,0.0,-1.0,0.0,48.0,-48.0
0.261,33.333333,32.672563302024145,1.8286413425845585,8.111826649764145,-0.5720045764583485,61.001966378160716,-41.5451484265101,-19.456817951650613,-4.269553614941043,2.189972681698794,4.291332403023338,-10.663357641531876,40.78730116124382,1.0,0.0,-1.0,0.0,48.0,-48.0
0.2615,33.333333,32.77728305609661,1.8258726073169016,8.109057914496487,-0.464516087118228,60.135096357059005,-36.20687056243318,-23.928225794625824,-0.15740346281662698,0.08167797825670413,0.15826692945429552,-0.3931403971467482,41.23163971803225,1.0,0.0,-1.0,0.0,48.0,-48.0
0.262,33.333333,32.88200281016907,1.8282494569679235,8.11143476414751,-0.362173182696787,58.50238180353058,-30.981042384983102,-27.52133941854748,3.958083807051763,-2.033561879944699,-3.9784895535691844,9.885521608086007,40.87316524926606,1.0,0.0,-1.0,0.0,48.0,-48.0
0.2625,33.333333,32.98672256424153,1.8357282936867612,8.118913600866348,-0.2649322653431635,56.16518224336879,-25.869249087297487,-30.2959331560713,8.003400491055686,-3.98264274854706,-8.03632849821741,19.986186488422113,39.827932952494045,1.0,0.0,-1.0,0.0,48.0,-48.0
0.263,33.333333,33.09144231831399,1.8481797717533672,8.131365078932953,-0.17266398933730995,53.20215909210603,-20.891219134501423,-32.31093995760461,11.917048546120457,-5.610004574252025,-11.94558768329031,29.752691414586014,38.22127208972107,1.0,0.0,-1.0,0.0,48.0,-48.0
0.2635,33.333333,33.19616207238646,1.8654044069998565,8.148589714179442,-0.08516887051133279,49.704628285531726,-16.08109097676928,-33.623537308762444,15.649961267602425,-6.788600994912695,-15.651716168398076,39.060804101506335,36.182298668375736,1.0,0.0,-1.0,0.0,48.0,-48.0
0.264,33.333333,33.30088182645892,1.8871486465380654,8.170333953717652,-0.00219335597707824,45.771508884655766,-11.482896900345985,-34.28861198430978,19.165083175408196,-7.429279182068441,-19.11758674707473,47.81836132907177,33.83721003406828,1.0,0.0,-1.0,0.0,48.0,-48.0
0.2645,33.333333,33.40560158053138,1.9131205597019179,8.196305866881504,0.07655448493153373,41.50414271222666,-7.145592390782012,-34.358550321444646,22.435958072685214,-7.487187253110333,-22.32478275715921,55.96356141392645,31.301309665036875,1.0,0.0,-1.0,0.0,48.0,-48.0
0.265,33.333333,33.510321334603844,1.94300416629376,8.226189473473346,0.15139063241215114,37.00145092760389,-3.1180906486300723,-33.88336027897382,25.44445686603622,-6.962542246532506,-25.27214991191004,63.46121897498491,28.671006480106694,1.0,0.0,-1.0,0.0,48.0,-48.0
0.2655,33.333333,33.61504108867631,1.9763966600954925,8.259581967275079,0.22271789268288247,26.92146229012252,3.276418769808206,-30.197881059930726,28.000224988229018,-5.859728625649437,-27.793774660216783,69.85291221892926,22.531933568400653,0.0,1.0,-1.0,-48.0,48.0,0.0
0.266,33.333333,33.71976084274877,2.012610289467707,8.295795596647293,0.2912240173831283,17.20298089826026,9.09482181302755,-26.29780271128781,29.94603162381017,-4.271383507975029,-29.75442069304386,74.76428431024677,16.836774870387828,0.0,1.0,-1.0,-48.0,48.0,0.0
0.2665,33.333333,33.82448059682123,2.0509335118374517,8.334118819017037,0.35762054908585034,7.942477723948368,14.325869879664758,-22.268347603613126,31.32473258209307,-2.347428203879371,-31.20289669030979,78.31124394481357,11.620349053860213,0.0,1.0,-1.0,-48.0,48.0,0.0
0.267,33.333333,33.929200350893694,2.0907144901706247,8.37389979735021,0.4225593248251362,-0.264602757295318,18.714051713957833,-18.449448956662515,32.190601469469556,-0.20358481794679859,-32.17944362880036,80.61933158435271,7.211240437487551,0.0,1.0,-1.0,0.0,48.0,-48.0
0.2675,33.333333,34.03392010496615,2.1314521286696637,8.41463743584925,0.48654144039855296,-3.0050550824958364,20.09081110890739,-17.085756026411552,32.79555569788275,2.1001211567484876,-32.90621490935854,82.28690815852,6.147615181412606,0.0,1.0,-1.0,0.0,48.0,-48.0
0.268,33.333333,34.13863985903862,2.1729593311398743,8.456144638319461,0.549753992000812,-5.530225314703051,21.098741613133583,-15.568516298430533,33.31368265380239,4.587603764013302,-33.522835042149275,83.7020308154939,5.19057058464095,0.0,1.0,-1.0,0.0,48.0,-48.0
0.2685,33.333333,34.24335961311108,2.2151163735082764,8.498301680687863,0.6123167037048728,-7.828546834934764,21.741406631562697,-13.912859796627933,33.77799060733447,7.296288031205414,-34.0291397832412,84.8903274179211,4.330783559381262,0.0,1.0,-1.0,0.0,48.0,-48.0
0.269,33.333333,34.348079367183544,2.2578155816265304,8.541000888806117,0.6743372496590814,-9.891299724037617,22.020456265258886,-12.129156541221269,34.21753666311693,10.244634264535879,-34.43042079324597,85.87394475431113,3.548778087182845,0.0,1.0,-1.0,0.0,48.0,-48.0
0.2695,33.333333,34.45279912125601,2.300958856917921,8.584144164097507,0.7359137284401517,-11.713276573380815,21.938114230504272,-10.224837657123457,34.64743023965587,13.415468946567756,-34.736103641326274,86.6684578973486,2.8112439489085332,0.0,1.0,-1.0,0.0,48.0,-48.0
0.27,33.333333,34.55751887532846,2.3444535316120563,8.627638838791643,0.7971388078184728,-13.292862022308336,21.500627968104855,-8.207765945796519,35.05837581238739,16.745379770410754,-34.956245123611076,87.27951201011679,2.07291152734049,0.0,1.0,-1.0,0.0,48.0,-48.0
0.2705,33.333333,34.662238629400925,2.3880686021693287,8.671253909348914,0.858243491333666,-22.211849941183548,21.301384336945524,0.9104656042380223,35.082328473540834,19.927660575649327,-34.77428329859285,86.89303146455018,-4.447047606994136,-1.0,1.0,0.0,-48.0,48.0,0.0
0.271,33.333333,34.76695838347339,2.4311735495021423,8.714358856681729,0.919858298073314,-28.16954689140193,22.94006761962302,5.229479271778908,34.6048958099112,22.66526599073937,-34.155976545985055,85.40299183851397,-7.417532553162678,-1.0,1.0,0.0,-48.0,48.0,0.0
0.2715,33.333333,34.87167813754585,2.473354803802523,8.756540110982108,0.9823967978453955,-33.47357147590518,24.19552786434703,9.278043611558152,33.71201552512463,24.83020763849593,-33.2659755813812,83.2122998747298,-10.05049438564304,-1.0,1.0,0.0,-48.0,48.0,0.0
0.272,33.333333,34.97639789161831,2.514283520234656,8.797468827414242,1.046187835485724,-38.14017149192111,25.155754362121474,12.984417129799633,32.37948995453017,26.301410500921246,-32.13823178347775,80.40796926020464,-12.319968955233364,-1.0,1.0,0.0,-48.0,48.0,0.0
0.2725,33.333333,35.08111764569077,2.553676529669589,8.836861836849176,1.1115145801232476,-42.190314782764226,25.909658784377296,16.28065599838693,30.621751163012274,27.041233812697993,-30.808522528938802,77.08663381843546,-14.17749203133879,-1.0,1.0,0.0,-48.0,48.0,0.0
0.273,33.333333,35.18583739976324,2.5913021972365526,8.87448750441614,1.1786086666287536,-45.64982304212948,26.53976526207146,19.11005778005802,28.500013032114566,27.09325317950036,-29.31793593150772,73.35795708378745,-15.570763787534602,-1.0,1.0,0.0,-48.0,48.0,0.0
0.2735,33.333333,35.2905571538357,2.62698675175965,8.910172058939237,1.247643866178115,-48.55030613729051,27.116595906785438,21.433710230505074,26.115233567455864,26.562814656788742,-27.713351654006857,69.34306995454399,-16.46320855088004,-1.0,1.0,0.0,-48.0,48.0,0.0
0.274,33.333333,35.39527690790816,2.6606187240640033,8.94380403124359,1.3187316479462288,-50.929876881370795,27.69551929035025,23.234357591020544,23.590092581411444,25.589198802277195,-26.045172916885434,65.16885877931037,-16.84665411323389,-1.0,1.0,0.0,-48.0,48.0,0.0
0.2745,33.333333,35.499996661980624,2.692149940949929,8.975335248129515,1.391920185132764,-52.83292478541212,28.316005989337043,24.51691879607508,21.04772695882968,24.31881018743497,-24.363705055082836,60.96031726697876,-16.744079174251283,-1.0,1.0,0.0,-48.0,48.0,0.0
0.275,33.333333,35.60471641605309,2.7215927122098638,9.00477801938945,1.4671971679452929,-54.3087832313591,29.00268178921962,25.30610144213948,18.594290579619873,22.885598681620223,-22.715677403314327,56.83331104290513,-16.204137680991522,-1.0,1.0,0.0,-48.0,48.0,0.0
0.2755,33.333333,35.70943617012554,2.7488748556921614,9.032060162871748,1.5446347785354488,-55.39978852456317,21.613335612564505,33.786452911998666,16.05848892447228,21.064651557066853,-20.810317129632224,52.06005135618751,-21.84911994759443,-1.0,0.0,1.0,0.0,-48.0,48.0
0.276,33.333333,35.814155924198005,2.7734341183052256,9.056619425484811,1.6247952699948476,-56.11684709550455,14.928126755577896,41.188720339926654,13.343301775538118,18.6356410020871,-18.38101027339168,45.97476633817014,-26.703324539427296,-1.0,0.0,1.0,0.0,-48.0,48.0
0.2765,33.333333,35.91887567827047,2.7946633510512333,9.07784865823082,1.708285791321301,-56.47750276771325,8.984862992427864,47.49263977528538,10.607477156359067,15.71610847941199,-15.50433725004484,38.77144708688939,-30.801497821055502,-1.0,0.0,1.0,0.0,-48.0,48.0
0.277,33.333333,36.02359543234293,2.812049697259492,9.095235004439079,1.7956191991855048,-56.51067154807099,3.8094361282233513,52.701235419847634,7.948105095502956,12.40706739397553,-12.252244480915849,30.632418361887137,-34.1989729357869,-1.0,0.0,1.0,0.0,-48.0,48.0
0.2775,33.333333,36.1283151864154,2.82516796900947,9.108353276189057,1.8872206815079968,-56.54181096477559,0.0,56.54181096477559,5.401670875993847,8.792962040090405,-8.693280893620575,21.730446409275803,-36.67453873266874,-1.0,0.0,1.0,-34.43876704890376,-13.561232951096235,48.0
0.278,33.333333,36.233034940487855,2.8337311679741704,9.116916475153756,1.983377236615751,-57.829762034561064,0.0,57.829762034561064,3.01839790498128,5.056034939714301,-5.003214054283254,12.504805979299011,-37.09676995435171,-1.0,0.0,1.0,-30.048443014365287,-17.95155698563471,48.0
0.2785,33.333333,36.337754694560324,2.83765904976316,9.120844356942747,2.084169108899231,-58.52038251112482,0.0,58.52038251112482,0.7609125553318827,1.291870487929293,-1.2789422248977131,3.1963297276409834,-37.346923558566786,-1.0,0.0,1.0,-25.550885322712208,-22.449114677287792,48.0
0.279,33.333333,36.44247444863279,2.8369198694336757,9.120105176613261,2.1896280433011794,-58.65739771109829,0.0,58.65739771109829,-1.469863123646946,-2.4891594024784167,2.4640399638582515,-6.158196841217876,-37.470792816534114,-1.0,0.0,1.0,-21.013752177415927,-26.98624782258407,48.0
0.2795,33.333333,36.54719420270524,2.8314979112131384,9.114683218392724,2.2997697555941725,-58.27411963974879,0.0,58.27411963974879,-3.777970782150356,-6.28070543775328,6.213573385417489,-15.530466419592049,-37.490724648949545,-1.0,0.0,1.0,-16.501493260613152,-31.498506739386844,48.0
0.28,33.333333,36.651913956777705,2.821390681937386,9.104575989116972,2.414596738942385,-57.39376345473444,0.0,57.39376345473444,-6.266813427236036,-10.076542937245984,9.958699103478896,-24.89497234025744,-37.40687940487394,-1.0,0.0,1.0,-12.077514224632585,-35.92248577536741,48.0
0.2805,33.333333,36.75663371085017,2.8066257164987842,9.08981102367837,2.534081458453449,-50.024059304047725,-3.848089688076286,53.87214899212401,-9.004530139429566,-13.823627990717783,13.645869712566085,-34.11910710137344,-36.307223182150636,0.0,-1.0,1.0,48.0,-48.0,0.0
0.281,33.333333,36.86135346492263,2.787327555887536,9.070512863067123,2.658099373137161,-42.81831371407336,-6.981742222815837,49.8000559368892,-12.01709769756521,-17.435247812169628,17.19670522285621,-43.00692783888158,-34.707830156643666,0.0,-1.0,1.0,48.0,-48.0,0.0
0.2815,33.333333,36.96607321899508,2.763696628159839,9.046881935339425,2.7864500549373075,-35.73349510720319,-9.492622069949313,45.2261171771525,-15.30486552488625,-20.83632902473937,20.559389782421583,-51.4273443880365,-32.56067614269,0.0,-1.0,1.0,48.0,-48.0,0.0
0.282,33.333333,37.07079297306755,2.7360017113365673,9.019187018516153,2.918864725833049,-28.73069183868239,-11.477786705722814,40.2084785444052,-18.808677655556878,-23.924730121321105,23.678289708256973,-59.238534768635894,-29.829523662993413,0.0,-1.0,1.0,48.0,-48.0,0.0
0.2825,33.333333,37.17551272714,2.7045843382919763,8.987769645471563,3.0550018529500944,-21.78070955392262,-13.039226785084816,34.819936339007434,-22.40070606848132,-26.566122418762568,26.495216204623414,-66.2922863069727,-26.50182709187073,0.0,-1.0,1.0,48.0,-48.0,0.0
0.283,33.333333,37.28023248121247,2.669860206568926,8.953045513748512,-3.0887395684339736,-14.869393973211286,-14.283372290976194,29.15276626418748,-25.889380299751863,-28.596955968947757,28.95192786451833,-72.44176364473385,-22.603662134106443,0.0,-1.0,1.0,48.0,-48.0,0.0
0.2835,33.333333,37.38495223528493,2.6323157837110607,8.915501090890647,-2.9464753915036517,-8.001276358648031,-15.32016460257017,23.3214409612182,-29.044680356542667,-29.842037825977645,30.99444245444868,-77.55286175151655,-18.212280936893688,0.0,-1.0,1.0,48.0,-48.0,0.0
0.284,33.333333,37.4896719893574,2.5924986235055543,8.87568393068514,-2.801938477225677,-1.2001588480225038,-16.260911467464627,17.46107031548713,-31.642355957725396,-30.149336558187564,32.578974568447634,-81.51757979179571,-13.458389154813597,0.0,-1.0,1.0,48.0,-48.0,0.0
0.2845,33.333333,37.59439174342986,2.550974513185457,8.834159820365043,-2.6556946128331176,0.9926841029222242,-14.959959692104613,13.967275589182389,-33.59223883709433,-29.502271075780648,33.75578867228347,-84.46085102643832,-10.412903695284303,0.0,-1.0,1.0,0.0,-48.0,48.0
0.285,33.333333,37.69911149750232,2.5081485143393074,8.791333821518894,-2.508148859914504,2.4074083036153393,-13.430998569080833,11.023590265465494,-34.974606668528466,-28.018659153676374,34.66704723057454,-86.73312580916644,-7.774143161380538,0.0,-1.0,1.0,0.0,-48.0,48.0
0.2855,33.333333,37.80383125157478,2.4644887927064576,8.747674099886044,-2.359769384209199,12.15868777106337,-12.243969692987225,0.0852819219238543,-35.476117355641314,-25.532366872601596,34.99312424919206,-87.52658318002447,1.3223551403844065,1.0,-1.0,0.0,48.0,0.0,-48.0
0.286,33.333333,37.90855100564724,2.4209035963794827,8.704088903559068,-2.2114644338097604,18.72859909521268,-14.173244196793082,-4.555354898419599,-35.081000814794585,-22.260914603416555,34.65157393676595,-86.63047474206681,5.7642398931614025,1.0,-1.0,0.0,48.0,-48.0,0.0
0.2865,33.333333,38.0132707597197,2.3780356643313345,8.661220971510922,-2.0638767476891515,24.93035430469248,-16.380670147815703,-8.549684156876777,-34.14667293135003,-18.691251240939113,33.89075498654615,-84.67057298341051,9.860198825085025,1.0,-1.0,0.0,48.0,-48.0,0.0
0.287,33.333333,38.117990513792165,2.336396745516015,8.619582052695602,-1.9175180748013694,30.741194196461887,-18.839381442264777,-11.90181275419711,-32.79738879264192,-15.114457266793126,32.73770545449948,-81.7284484112985,13.619760734833292,1.0,-1.0,0.0,48.0,-48.0,0.0
0.2875,33.333333,38.222710267864635,2.296456694048702,8.579642001228288,-1.7728582692615844,36.11737421823914,-21.52032321777984,-14.597051000459304,-31.12473798096354,-11.762437978927714,31.219402076267887,-77.88951623912865,17.033403342825245,1.0,-1.0,0.0,48.0,-48.0,0.0
0.288,33.333333,38.32743002193709,2.258642120532225,8.541827427711812,-1.6303239416726547,41.0170806844103,-24.37718882132408,-16.63989186308622,-29.185247257598796,-8.78620956713664,29.365415833861217,-73.24133548707901,20.091767662636304,1.0,-1.0,0.0,48.0,-48.0,0.0
0.2885,33.333333,38.43214977600956,2.223335164398871,8.506520471578458,-1.4902972314668308,45.40166822186699,-27.354771998409866,-18.046896223457125,-27.01086369856782,-6.259541174762292,27.210659147263602,-67.87446728349778,22.779963571907352,1.0,-1.0,0.0,48.0,-48.0,0.0
0.289,33.333333,38.536869530082015,2.1908716486509974,8.474056955830584,-1.3531139616465009,49.23768441104166,-30.39598086318028,-18.841703547861382,-24.622995604015667,-4.1981275586255,24.79613683388995,-61.88379476870074,25.07885217816554,1.0,-1.0,0.0,48.0,-48.0,0.0
0.2895,33.333333,38.64158928415448,2.161538727385127,8.444724034564713,-1.2190612863081693,52.49895626926725,-33.44666175128414,-19.052294517983107,-22.04353540955738,-2.582308216567919,22.167461351886345,-55.369134073514694,26.96870809716544,1.0,-1.0,0.0,48.0,-48.0,0.0
0.29,33.333333,38.74630903822694,2.135572449846299,8.418757757025885,-1.0883752546968792,55.168192422020745,-36.45835298067871,-18.709839441342034,-19.300556818272494,-1.3748283962342651,19.37231907452991,-48.43499403795627,28.432042994710812,1.0,-1.0,0.0,48.0,-48.0,0.0
0.2905,33.333333,38.8510287922994,2.113228249785475,8.396413556965062,-0.9613113005635916,57.22799930684408,-31.22133286040521,-26.006666446438874,-16.25769044343874,-0.527174078922946,16.28630110977708,-40.75924055451378,32.81436068108217,1.0,0.0,-1.0,0.0,48.0,-48.0
0.291,33.333333,38.955748546371865,2.094976113056492,8.37816142023608,-0.8383394097621468,58.63483983226111,-26.408969059857927,-32.22587077240318,-12.816938843663198,-0.012797806645493353,12.817640516936342,-32.10565801441086,36.262792238728586,1.0,0.0,-1.0,0.0,48.0,-48.0
0.2915,33.333333,39.06046830044433,2.0812476382277465,8.364432945407334,-0.7198911808609386,59.354808867641864,-21.956310041377478,-37.39849882626439,-9.068463335366552,0.2048685826411937,9.057286403371846,-22.701331570265303,38.82961571260148,1.0,0.0,-1.0,0.0,48.0,-48.0
0.292,33.333333,39.1651880545168,2.0723642969167266,8.355549604096312,-0.6062880854774461,59.374215415109674,-17.808711959855533,-41.56550345525414,-5.099053491270401,0.19311907335676992,5.088612006978233,-12.759387930949304,40.57422073185644,1.0,0.0,-1.0,0.0,48.0,-48.0
0.2925,33.333333,39.26990780858925,2.068544856227782,8.351730163407368,-0.49774889071604755,58.698911026723074,-13.924518912893207,-44.77439211382987,-0.9901490247441379,0.04401684682626676,0.9877816848330119,-2.477228377103937,41.56294524718497,1.0,0.0,-1.0,0.0,48.0,-48.0
0.293,33.333333,39.37462756266172,2.069913661712087,8.353098968891674,-0.3943979421278824,57.353079299570794,-10.276617120727238,-47.076462178843556,3.1834634800309645,-0.1340087577143621,-3.176241767290558,7.9651148107284575,41.86817434080103,1.0,0.0,-1.0,0.0,48.0,-48.0
0.2935,33.333333,39.47934731673418,2.0765096661248506,8.359694973304437,-0.29627419246819053,55.37745575992909,-6.852787346790492,-48.5246684131386,7.354335973822991,-0.2260621962342589,-7.342054872071479,18.406278109443804,41.56648860682873,1.0,0.0,-1.0,0.0,48.0,-48.0
0.294,33.333333,39.58406707080664,2.0882959743332594,8.371481281512846,-0.2033407466041387,52.82703388379072,-3.65491501248334,-49.172118871307376,11.462681425860785,-0.12012404363807881,-11.456102274581939,28.7042989508137,40.73603497875882,1.0,0.0,-1.0,0.0,48.0,-48.0
0.2945,33.333333,39.6887868248791,2.1051695811973,8.388354888376886,-0.11549459939571827,49.76842977114738,-0.6973193988484353,-49.071110372298946,15.456700443669275,0.28643794622205787,-15.47235304264447,38.73664442712808,39.453637202308386,1.0,0.0,-1.0,0.0,48.0,-48.0
0.295,33.333333,39.793506578951565,2.126970546390884,8.41015585357047,-0.03257581051684023,47.274901937733986,0.0,-47.274901937733986,19.29195118873096,1.0848393293834733,-19.349635460913408,48.3959820878716,37.74646449499766,1.0,0.0,-1.0,22.8863185345253,25.1136814654747,-48.0
0.2955,33.333333,39.89822633302403,2.1534202059160332,8.43660551309562,0.04569428403047359,37.93095517014076,5.250193693120945,-43.181148863261704,22.77351299933488,2.338255709711397,-22.88925691333907,57.188251612747514,32.60253205141098,0.0,1.0,-1.0,-48.0,48.0,0.0
0.296,33.333333,40.00294608709649,2.183946381276468,8.467131688456053,0.11988786274250407,28.736558542913915,9.981231392701691,-38.717789935615606,25.74834867978968,4.061519965193842,-25.923003428273052,64.70681338208895,27.57266519214479,0.0,1.0,-1.0,-48.0,48.0,0.0
0.2965,33.333333,40.10766584116895,2.2179212176524126,8.501106524831998,0.1906327804390232,19.792849662967917,14.17461670990424,-33.96746637287216,28.248544836824138,6.253080809495553,-28.458501181058438,70.99117458303529,22.741100091042405,0.0,1.0,-1.0,-48.0,48.0,0.0
0.297,33.333333,40.212385595241415,2.254741401039853,8.53792670821944,0.2585323511240448,11.18860539098473,17.815883771991995,-29.004489162976725,30.31763549128586,8.891035406237798,-30.51144792976712,76.09899951907872,18.16821092094571,0.0,1.0,-1.0,-48.0,48.0,0.0
0.2975,33.333333,40.31710534931388,2.293835654074901,8.577020961254487,0.3241578521614579,2.9983633539308343,20.897162498135568,-23.895525852066402,32.000272224378385,11.920648361197962,-32.10627449946939,80.09958160863535,13.885871304428587,0.0,1.0,-1.0,-48.0,48.0,0.0
0.298,33.333333,40.42182510338634,2.3346828680866785,8.617868175266265,0.3880303922221403,-1.305545917799524,21.71253692266062,-20.406991004861098,33.38235628749782,15.264738894963516,-33.32927504085808,83.20276847767103,11.63427902175047,0.0,1.0,-1.0,0.0,48.0,-48.0
0.2985,33.333333,40.5265448574588,2.376986551435671,8.660171858615257,0.4504464629456125,-3.3114085348906457,21.072401626175413,-17.760993091284767,34.662841128161574,18.898733664070104,-34.40784766342581,85.96085276108401,10.406788601347255,0.0,1.0,-1.0,0.0,48.0,-48.0
0.299,33.333333,40.63126461153126,2.4205893661893723,8.703774673368958,0.511563402264367,-5.168405857600263,20.062845278989883,-14.89443942138962,35.793737214345484,22.690712988912527,-35.35650102591533,88.39244100359913,9.015012556705386,0.0,1.0,-1.0,0.0,48.0,-48.0
0.2995,33.333333,40.73598436560373,2.4653169715850236,8.74850227876461,0.571555550941183,-6.852014519127538,18.697366886927878,-11.84535236780034,36.66055809439395,26.442715111433014,-36.16234418832729,90.45171596535855,7.424581963668671,0.0,1.0,-1.0,0.0,48.0,-48.0
0.3,33.333333,40.84070411967619,2.5109705233793362,8.794155830558923,0.630621753219336,-8.335537317766384,17.006627866961445,-8.67109054919506,37.111211085509254,29.921285956140082,-36.80692993921965,92.08778720660528,5.6323919677146375,0.0,1.0,-1.0,0.0,48.0,-48.0
