time_s,ia_A,ib_A,ic_A,ea_V,eb_V,ec_V,speed_rad_s,torque_Nm,cmd_a,cmd_b,cmd_c,vab_V,vbc_V,vca_V,mechanical_angle_rad,hall_a,hall_b,hall_c,hall_code,hall_decoded_sector,hall_transition_class,hall_legal_event,hall_direction,hall_enable,hall_fault
0.0,0.0,0.0,0.0,0.0,-11.976664369760206,11.976664369760206,30.0,0.0,1.0,-1.0,0.0,48.0,-41.96499655464031,-6.03500344535969,0.0,1.0,0.0,1.0,5.0,0.0,0.0,0.0,0.0,1.0,0.0
0.0002,1.2489224144840492,-1.2489224144840492,0.0,0.12364408368309852,-11.990125360580754,11.983353188725026,30.02523625554376,0.5038814034324113,1.0,-1.0,0.0,48.0,-41.916593827173855,-6.083406172826146,0.006001683813898301,1.0,0.0,1.0,5.0,0.0,0.0,0.0,0.0,1.0,0.0
0.0004,2.459056073185397,-2.459056073185397,0.0,0.2481929404154458,-12.023603330032012,12.010051656362377,30.100602124285146,1.002539252309206,1.0,-1.0,0.0,48.0,-41.89775685117066,-6.102243148829343,0.012013436547097316,1.0,0.0,1.0,5.0,0.0,0.0,0.0,0.0,1.0,0.0
0.0006,3.6307077023922214,-3.6307077023922214,0.0,0.37454694365945435,-12.076887743621299,12.056543394059789,30.22555989786295,1.4956718743244932,1.0,-1.0,0.0,48.0,-41.9077137940407,-6.092286205959292,0.018045230854087567,1.0,0.0,1.0,5.0,0.0,0.0,0.0,0.0,1.0,0.0
0.0008,4.76415202963223,-4.76415202963223,0.0,0.503606012512835,-12.149756261324502,12.122602726780855,30.39954325703493,1.9830081343285877,1.0,-1.0,0.0,48.0,-41.94567785118669,-6.0543221488133145,0.024106928935707397,1.0,0.0,1.0,5.0,0.0,0.0,0.0,0.0,1.0,0.0
0.001,5.859632975818415,-5.859632975818415,0.0,0.6362743440142159,-12.24197549259512,12.207996423353476,30.62196015035829,2.4643039518990832,1.0,-1.0,0.0,48.0,-42.01084699764394,-5.9891530023560655,0.03020827711063807,1.0,0.0,1.0,5.0,0.0,0.0,0.0,0.0,1.0,0.0
0.0012,6.917364627432102,-6.917364627432102,0.0,0.7734650930441195,-12.353301644668818,12.312485350288771,30.892195329661476,2.939338915056731,1.0,-1.0,0.0,48.0,-42.10240362610112,-5.897596373898882,0.0363589009281539,1.0,0.0,1.0,5.0,0.0,0.0,0.0,0.0,1.0,0.0
0.0014,7.937532000249122,-7.937532000249122,0.0,0.9161049968458159,-12.483481063792661,12.435826048888899,31.20961255052697,3.4079129618869337,1.0,-1.0,0.0,48.0,-42.21951408236232,-5.780485917637678,0.042568300754354645,1.0,0.0,1.0,5.0,0.0,0.0,0.0,0.0,1.0,0.0
0.0016,8.920291605978983,-8.920291605978983,0.0,1.0651389370817117,-12.63225066951414,12.577772243217339,31.57355644307288,3.86984309961533,1.0,-1.0,0.0,48.0,-42.36132810943355,-5.638671890566448,0.04884584776546158,1.0,0.0,1.0,5.0,0.0,0.0,0.0,0.0,1.0,0.0
0.0018,9.86577183321003,-9.86577183321003,0.0,1.2215344265053394,-12.799338282642298,12.738076283680513,31.98335405514937,4.3249601280845384,1.0,-1.0,0.0,48.0,-42.526978211749,-5.47302178825101,0.055200780282504275,1.0,0.0,1.0,5.0,0.0,0.0,0.0,0.0,1.0,0.0
0.002,10.774073154295767,-10.774073154295767,0.0,1.3862859995940924,-12.984462847912061,12.916490527368492,32.43831606661432,4.7731053315802745,1.0,-1.0,0.0,48.0,-42.71557895152748,-5.284421048472522,0.061642200381807094,1.0,0.0,1.0,5.0,0.0,0.0,0.0,0.0,1.0,0.0
0.0022,11.645268170344428,-11.645268170344428,0.0,1.5604194766450048,-13.1873345527098,13.112768651761007,32.937737669581466,5.214127099588882,1.0,-1.0,0.0,48.0,-42.92622618979341,-5.073773810206597,0.06817907071504643,1.0,0.0,1.0,5.0,0.0,0.0,0.0,0.0,1.0,0.0
0.0024,12.479401507360151,-12.479401507360151,0.0,1.744996058649568,-13.407654843415555,13.326666892734188,33.48089910541187,5.6478774334100255,1.0,-1.0,0.0,48.0,-43.15799628511718,-4.842003714882817,0.07482021147122192,1.0,0.0,1.0,5.0,0.0,0.0,0.0,0.0,1.0,0.0
0.0026,13.27648957790997,-13.27648957790997,0.0,1.9411161954837197,-13.645116340940065,13.557945190787443,34.06706584472121,6.074208291723958,1.0,-1.0,0.0,48.0,-43.40994526351562,-4.590054736484382,0.08157429741059616,1.0,0.0,1.0,5.0,0.0,0.0,0.0,0.0,1.0,0.0
0.0028,14.03652022454591,-14.03652022454591,0.0,2.149923152326337,-13.899402656831516,13.806368220811573,34.69548839179412,6.492967724410283,1.0,-1.0,0.0,48.0,-43.681107973064165,-4.318892026935836,0.08844985489742892,1.0,0.0,1.0,5.0,0.0,0.0,0.0,0.0,1.0,0.0
0.003,14.75945226369438,-14.75945226369438,0.0,2.3726061785255004,-14.170188110837154,14.071706270283205,35.36540168954732,6.903995740394187,1.0,-1.0,0.0,48.0,-43.97049723643903,-4.029502763560969,0.0954552588540928,1.0,0.0,1.0,5.0,0.0,0.0,0.0,0.0,1.0,0.0
0.0032,15.445214951938048,-15.445214951938048,0.0,2.6104031591842323,-14.457137349962228,14.353735918230978,36.07602409560803,7.307119852399973,1.0,-1.0,0.0,48.0,-44.27710301361998,-3.7228969863800243,0.10259872955383113,1.0,0.0,1.0,5.0,0.0,0.0,0.0,0.0,1.0,0.0
0.0034,16.093707400669466,-16.093707400669466,0.0,2.864602602434342,-14.759904867801959,14.652240452415148,36.82655589426089,7.702150239661692,1.0,-1.0,0.0,48.0,-44.59989158509895,-3.4001084149010428,0.10988832916295549,1.0,0.0,1.0,5.0,0.0,0.0,0.0,0.0,1.0,0.0
0.0036,16.704797970099023,-16.704797970099023,0.0,3.1365447847258556,-15.078134421155749,14.967009944648563,37.61617730309387,8.088874469426482,1.0,-1.0,0.0,48.0,-44.937804762863514,-3.062195237136491,0.11733195793563729,1.0,0.0,1.0,5.0,0.0,0.0,0.0,0.0,1.0,0.0
0.0038,17.278323679660176,-17.278323679660176,0.0,3.4276218426700242,-15.41145833859731,15.297840883866582,38.44404592733948,8.467051720160477,1.0,-1.0,0.0,48.0,-45.28975913183022,-2.7102408681697767,0.1249373499556295,1.0,0.0,1.0,5.0,0.0,0.0,0.0,0.0,1.0,0.0
0.004,17.814089679066083,-17.814089679066083,0.0,3.739276563457323,-15.759496712707952,15.64453524330187,39.30929360942655,8.83640645453086,1.0,-1.0,0.0,48.0,-45.654645317927184,-2.3453546820728164,0.13271206830929422,1.0,0.0,1.0,5.0,0.0,0.0,0.0,0.0,1.0,0.0
0.0042,18.311868832709695,-18.311868832709695,0.0,4.0729995873564615,-16.121856464043482,16.006898831934883,40.2110226164874,9.196621499425907,1.0,-1.0,0.0,48.0,-46.03132727027839,-1.9686727297216056,0.14066349956332577,1.0,0.0,1.0,5.0,0.0,0.0,0.0,0.0,1.0,0.0
0.0044,18.771401479804812,-18.771401479804812,0.0,4.430324696403065,-16.49813026059027,16.384738751442224,41.14830110495805,9.547330504548992,1.0,-1.0,0.0,48.0,-46.41864153353583,-1.5813584664641738,0.14879884740871896,1.0,0.0,1.0,5.0,0.0,0.0,0.0,0.0,1.0,0.0
0.0046,19.192395443631757,-19.192395443631757,0.0,4.812821824710659,-16.887895271516182,16.777859748567707,42.120157799531505,9.888109771654234,1.0,-1.0,0.0,48.0,-46.815396471970466,-1.1846035280295322,0.15712512532014458,1.0,0.0,1.0,5.0,0.0,0.0,0.0,0.0,1.0,0.0
0.0048,19.574526375404123,-19.574526375404123,0.0,5.222087390071063,-17.29071172855006,17.186059219937285,43.1255758242655,10.218469474526241,1.0,-1.0,0.0,48.0,-47.22037138917678,-0.7796286108232184,0.1656491480673466,1.0,0.0,1.0,5.0,0.0,0.0,0.0,0.0,1.0,0.0
0.005,19.917438531443977,-19.917438531443977,0.0,5.659731516538964,-17.706121262534015,17.60912059299762,44.163485627417,10.537844326604496,1.0,-1.0,0.0,48.0,-47.63231546599515,-0.367684534004856,0.17437752190305503,1.0,0.0,1.0,5.0,0.0,0.0,0.0,0.0,1.0,0.0
0.0052,20.22081575740057,-20.220676435449274,-0.0001393219512963015,6.127361657311834,-18.133644859089323,18.046804657430958,45.232756655615866,10.845509723438669,1.0,-1.0,0.0,48.0,-48.0,0.0,0.18331663323919037,1.0,0.0,1.0,5.0,0.0,0.0,0.0,0.0,1.0,0.0
0.0054,20.49016112441437,-20.47791181691624,-0.012249307498129981,6.6265272804347735,-18.57268413638589,18.498742615724037,46.33194761652478,11.134472634367778,1.0,-1.0,0.0,48.0,-48.0,0.0,0.19247262204935814,1.0,0.0,1.0,5.0,0.0,0.0,0.0,0.0,1.0,0.0
0.0056,20.728700615565437,-20.685065890349907,-0.043634725215529815,7.158617972823003,-19.02235039826883,18.964254117554276,47.45887619903252,11.400183979726453,1.0,-1.0,0.0,48.0,-48.0,0.0,0.20185126156475897,1.0,0.0,1.0,5.0,0.0,0.0,0.0,0.0,1.0,0.0
0.0058,20.93578018425523,-20.841935633914463,-0.09384455034076475,7.7248954618002035,-19.48169619484118,19.442563090376833,48.611192705634146,11.642141683363265,1.0,-1.0,0.0,48.0,-48.0,0.0,0.21145786517644347,1.0,0.0,1.0,5.0,0.0,0.0,0.0,0.0,1.0,0.0
0.006,21.11071165674475,-20.948358778079697,-0.16235287866505546,8.326473133349294,-19.94976232948044,19.932827564719954,49.786493672643275,11.859770728150759,1.0,-1.0,0.0,48.0,-48.0,0.0,0.22129727108094857,1.0,0.0,1.0,5.0,0.0,0.0,0.0,0.0,1.0,0.0
0.0062,21.25277996591083,-21.00421896098806,-0.24856100492277186,8.964275554510257,-20.425575993005868,20.43411789344556,50.98231407075955,12.05241332796443,1.0,-1.0,0.0,48.0,-48.0,0.0,0.23137383076351717,1.0,0.0,1.0,5.0,0.0,0.0,0.0,0.0,1.0,0.0
0.0064,21.36125167497461,-21.009452385596305,-0.3517992893783046,9.638993411213235,-20.908148249761595,20.94539118970533,52.19611861851653,12.219321137647858,1.0,-1.0,0.0,48.0,-48.0,0.0,0.24169139582932594,1.0,0.0,1.0,5.0,0.0,0.0,0.0,0.0,1.0,0.0
0.0066,21.435384886934763,-20.964056158513316,-0.47132872842144735,10.351034279718183,-21.396470868083128,21.465461945812056,53.4252924514175,12.359650297706237,1.0,-1.0,0.0,48.0,-48.0,0.0,0.2522533030282485,1.0,0.0,1.0,5.0,0.0,0.0,0.0,0.0,1.0,0.0
0.0068,21.47444060762929,-20.86809847118584,-0.6063421364434505,11.100469943927092,-21.889512522669847,21.992968963562472,54.66713147389033,12.47246019986465,1.0,-1.0,0.0,48.0,-48.0,0.0,0.2630623573755298,1.0,0.0,1.0,5.0,0.0,0.0,0.0,0.0,1.0,0.0
0.007,21.477695592008352,-20.72173075158458,-0.7559648404237725,11.886981315497417,-22.38621444242892,22.5263389444901,55.91883281317269,12.556716921217312,1.0,-1.0,0.0,48.0,-48.0,0.0,0.2741208133452613,1.0,0.0,1.0,5.0,0.0,0.0,0.0,0.0,1.0,0.0
0.0072,21.444456653323773,-20.525201866357797,-0.919254786965974,12.709802402590217,-22.885485634602173,23.063747358981573,57.177485890403524,12.611302294255013,1.0,-1.0,0.0,48.0,-48.0,0.0,0.28543035420696344,1.0,0.0,1.0,5.0,0.0,0.0,0.0,0.0,1.0,0.0
0.0074,21.374076353017237,-20.27887438735293,-1.0952019656643093,13.567665193912783,-23.38619788367718,23.603077535720338,58.440064719563026,12.6350295417744,1.0,-1.0,0.0,48.0,-48.0,0.0,0.2969920696882234,1.0,0.0,1.0,5.0,0.0,0.0,0.0,0.0,1.0,0.0
0.0076,21.265969915326536,-19.983242850817195,-1.2827270645093423,14.458747757902076,-23.887180799653333,24.141879282339474,59.70342213286217,12.626666293139952,1.0,-1.0,0.0,48.0,-48.0,0.0,0.30880643227745935,1.0,0.0,1.0,5.0,0.0,0.0,0.0,0.0,1.0,0.0
0.0078,21.119633126196934,-19.638953831745535,-1.4806792944513996,15.380628274683819,-24.38721727101311,24.67732875301081,60.964286703522696,12.584965596105649,1.0,-1.0,0.0,48.0,-48.0,0.0,0.32087327262816784,1.0,0.0,1.0,5.0,0.0,0.0,0.0,0.0,1.0,0.0
0.008,20.934660883361364,-19.246827530347502,-1.6878333530138627,16.3302480845347,-24.885039757704156,25.206191699779502,62.21926318397747,12.508705233917652,1.0,-1.0,0.0,48.0,-48.0,0.0,0.3331917546854139,1.0,0.0,1.0,5.0,0.0,0.0,0.0,0.0,1.0,0.0
0.0082,20.710765967227402,-18.80788042481857,-1.9028855424088331,17.30388710671569,-25.379327931061916,25.724792653736888,63.46483728872819,12.396735243779718,1.0,-1.0,0.0,48.0,-48.0,0.0,0.34576035132074584,1.0,0.0,1.0,5.0,0.0,0.0,0.0,0.0,1.0,0.0
0.0084,20.447797505808136,-18.32334838907695,-2.1244491167311845,18.29715510641989,-25.86870822151869,26.228992942293527,64.6973856155069,12.248033011518944,1.0,-1.0,0.0,48.0,-48.0,0.0,0.35857682142486424,1.0,0.0,1.0,5.0,0.0,0.0,0.0,0.0,1.0,0.0
0.0086,20.145758518214826,-17.79470951293255,-2.351049005282279,19.305002212318303,-26.351755860307474,26.71418071391346,65.91319140577762,12.061764701455365,1.0,-1.0,0.0,48.0,-48.0,0.0,0.3716381895578848,1.0,0.0,1.0,5.0,0.0,0.0,0.0,0.0,1.0,0.0
0.0088,19.804821848392294,-17.22370570504383,-2.5811161433484644,20.32175176264169,-26.826999986662116,27.175276259249127,67.10846668775646,11.837351097131872,1.0,-1.0,0.0,48.0,-48.0,0.0,0.38494072938257606,1.0,0.0,1.0,5.0,0.0,0.0,0.0,0.0,1.0,0.0
0.009,19.425343752931703,-16.61236201831754,-2.8129817346141635,21.341157943438304,-27.29293232626049,27.606755832689267,68.27938111727555,11.57453522045639,1.0,-1.0,0.0,48.0,-48.0,0.0,0.39847995219300697,1.0,0.0,1.0,5.0,0.0,0.0,0.0,0.0,1.0,0.0
0.0092,19.00787439329051,-15.963002527577903,-3.0448718657126066,22.356489755972305,-27.748019821037936,28.002696839308243,69.4220975342857,11.273448422360199,1.0,-1.0,0.0,48.0,-48.0,0.0,0.4122506018854613,1.0,0.0,1.0,5.0,0.0,0.0,0.0,0.0,1.0,0.0
0.0094,18.553164512219713,-15.278261526075388,-3.2749029861443253,23.360641614907443,-28.190721400278424,28.356846618596926,70.53281389244728,10.93467106901111,1.0,-1.0,0.0,48.0,-48.0,0.0,0.426246657686957,1.0,0.0,1.0,5.0,0.0,0.0,0.0,0.0,1.0,0.0
0.0096,18.062167653437808,-14.561088806344381,-3.5010788470934253,24.346269372500814,-28.61950882940077,28.662716107620206,71.60781081058892,10.559283563857884,1.0,-1.0,0.0,48.0,-48.0,0.0,0.4404613458479738,1.0,0.0,1.0,5.0,0.0,0.0,0.0,0.0,1.0,0.0
0.0098,17.53603741630511,-13.814747865861303,-3.7212895504438057,25.30594886267686,-29.03289126524352,28.913698410671415,72.64350356039449,10.14890332738506,1.0,-1.0,0.0,48.0,-48.0,0.0,0.4548871613125083,1.0,0.0,1.0,5.0,0.0,0.0,0.0,0.0,1.0,0.0
0.01,16.976119422890164,-13.042806038882572,-3.933313384007593,26.232352277710703,-29.42944280294482,29.103210784497815,73.63649687466618,9.7057035730683,1.0,-1.0,0.0,48.0,-48.0,0.0,0.4695159000980756,1.0,0.0,1.0,5.0,0.0,0.0,0.0,0.0,1.0,0.0
0.0102,16.38393790767136,-12.249115806864303,-4.134822100807055,27.11843597795209,-29.807831946618027,29.224856852201256,74.58364057100232,9.232410316853263,1.0,-1.0,0.0,48.0,-48.0,0.0,0.48433870275521373,1.0,0.0,1.0,5.0,0.0,0.0,0.0,0.0,1.0,0.0
0.0104,15.761177108883107,-11.437786877416645,-4.323390231466462,27.957631861597548,-30.166851608267958,29.272604108137266,75.48208367592409,8.732275051558315,1.0,-1.0,0.0,48.0,-48.0,0.0,0.4993461088423624,1.0,0.0,1.0,5.0,0.0,0.0,0.0,0.0,1.0,0.0
0.0106,15.109657928555432,-10.613149033401454,-4.496508895153979,28.744033360196152,-30.50544797550172,29.24097012465411,76.32932454278404,8.209021876442389,1.0,-1.0,0.0,48.0,-48.0,0.0,0.5145281218675698,1.0,0.0,1.0,5.0,0.0,0.0,0.0,0.0,1.0,0.0
0.0108,14.431310614637283,-9.779706218016086,-4.651604396621198,29.472566630256264,-30.822746427190882,29.125209489855685,77.123254416132,7.666769517222901,1.0,-1.0,0.0,48.0,-48.0,0.0,0.5298742836403224,1.0,0.0,1.0,5.0,0.0,0.0,0.0,0.0,1.0,0.0
0.011,13.728144479722303,-8.942082808832007,-4.786061670890295,30.139137692979787,-31.11807265045994,28.921492560537274,77.86219202835537,7.1099304785126405,1.0,-1.0,0.0,48.0,-48.0,0.0,0.5453737564776401,1.0,0.0,1.0,5.0,0.0,0.0,0.0,0.0,1.0,0.0
0.0112,13.002215883147349,-8.10496350813497,-4.897252375012378,30.740747180169357,-31.39096724424367,28.627066745861296,78.54490712971342,6.543091378107257,1.0,-1.0,0.0,48.0,-48.0,0.0,0.5610154112542526,1.0,0.0,1.0,5.0,0.0,0.0,0.0,0.0,1.0,0.0
0.0114,12.255595845512564,-7.27302870027231,-4.982567145240254,31.27556594508179,-31.641192390424052,28.24039133552006,79.17063134148293,5.970880140552968,1.0,-1.0,0.0,48.0,-48.0,0.0,0.5767879189130216,1.0,0.0,1.0,5.0,0.0,0.0,0.0,0.0,1.0,0.0
0.0116,11.490338721103207,-6.450887462237412,-5.039451258865795,31.74296698290748,-31.868729620890562,27.76123787432265,79.73905535689372,5.397826998518616,1.0,-1.0,0.0,48.0,-48.0,0.0,0.5926798427911213,1.0,0.0,1.0,5.0,0.0,0.0,0.0,0.0,1.0,0.0
0.0118,10.708453315771132,-5.643010630322035,-5.0654426854490975,32.1435116965681,-32.07376827663842,27.19074971085935,80.25031225230784,4.828227014173477,1.0,-1.0,0.0,48.0,-48.0,0.0,0.6086797289949004,1.0,0.0,1.0,5.0,0.0,0.0,0.0,0.0,1.0,0.0
0.012,9.911877705713472,-4.853666401803605,-5.058211303909866,32.478891309875365,-32.25668489607035,26.531456485676124,80.70494745538603,4.266011987425569,1.0,-1.0,0.0,48.0,-48.0,0.0,0.6247761920870135,1.0,0.0,1.0,5.0,0.0,0.0,0.0,0.0,1.0,0.0
0.0122,9.102458795262779,-4.086860877048204,-5.015597918214574,32.75182692144344,-32.41801442615763,25.787241790248814,81.10387668445668,3.714639126614462,1.0,-1.0,0.0,48.0,-48.0,0.0,0.640957993536346,1.0,0.0,1.0,5.0,0.0,0.0,0.0,0.0,1.0,0.0
0.0124,8.281937366154963,-3.346285728319715,-4.935651637835248,32.965934070669896,-32.558414760664704,24.963264803560765,81.44833386049001,3.1770027545342083,1.0,-1.0,0.0,48.0,-48.0,0.0,0.6572141107146301,1.0,0.0,1.0,5.0,0.0,0.0,0.0,0.0,1.0,0.0
0.0126,7.451939039572279,-2.6352748341294974,-4.816664205442782,33.12555955517596,-32.678626617013165,24.065839174862983,81.73981154342343,2.6553737104202995,1.0,-1.0,0.0,48.0,-48.0,0.0,0.6735337946816803,1.0,0.0,1.0,5.0,0.0,0.0,0.0,0.0,1.0,0.0
0.0128,6.613971221689861,-1.9567712700071136,-4.657199951682748,33.23559946541496,-32.77943112133833,23.102274570338015,81.97999681453895,2.151369142542574,1.0,-1.0,0.0,48.0,-48.0,0.0,0.6899066155517827,1.0,0.0,1.0,5.0,0.0,0.0,0.0,0.0,1.0,0.0
0.013,5.769425760076681,-1.3133055332804333,-4.456120226796247,33.301307930817046,-32.861607649679186,22.080687987624287,82.17070569005799,1.6659532550716485,1.0,-1.0,0.0,48.0,-48.0,0.0,0.706322494838037,1.0,0.0,1.0,5.0,0.0,0.0,0.0,0.0,1.0,0.0
0.0132,4.919586726527136,-0.7069853391739075,-4.212601387353229,33.32810592228725,-32.92589446025206,21.009793078554033,82.31381910148845,1.1994674744189344,1.0,-1.0,0.0,48.0,-48.0,0.0,0.7227717247870058,1.0,0.0,1.0,5.0,0.0,0.0,0.0,0.0,1.0,0.0
0.0134,4.065642481858058,-0.13949679571077156,-3.9261456861472865,33.321398711526975,-32.972954453762306,19.898676286812776,82.41122322813905,0.7516866169178329,1.0,-1.0,0.0,48.0,-48.0,0.0,0.7392449753012714,1.0,0.0,1.0,5.0,0.0,0.0,0.0,0.0,1.0,0.0
0.0136,3.2087009844006453,0.38788372144272876,-3.596584705843374,33.28640937699337,-33.00334803770846,18.75656864264469,82.46475654588261,0.3218961199403869,1.0,-1.0,0.0,48.0,-48.0,0.0,0.7557332895649875,1.0,0.0,1.0,5.0,0.0,0.0,0.0,0.0,1.0,0.0
0.0138,2.349807184685436,0.8742680898368134,-3.2240752745222494,33.22803422079327,-33.01751458029031,17.59262164398319,82.47616540556034,-0.09101565619297192,1.0,-1.0,0.0,48.0,-48.0,0.0,0.7722280699070105,1.0,0.0,1.0,5.0,0.0,0.0,0.0,0.0,1.0,0.0
0.014,1.4899613065044106,1.3191267818238612,-2.809088088328272,33.15072427365532,-33.015763360618664,16.41569489905153,82.44706932378102,-0.4884565886194442,1.0,-1.0,0.0,48.0,-48.0,0.0,0.788721055736723,1.0,0.0,1.0,5.0,0.0,0.0,0.0,0.0,1.0,0.0
0.0142,0.6301368461856294,1.7222526844164316,-2.352389530602061,33.05839535436243,-32.99827429801042,15.234162220034857,82.37893651003057,-0.8720279753485176,1.0,-1.0,0.0,48.0,-48.0,0.0,0.8052042955583698,1.0,0.0,1.0,5.0,0.0,0.0,0.0,0.0,1.0,0.0
0.0144,-0.2287027797181711,2.0837201888030528,-1.8550174090848817,32.95436752754912,-32.96510811707992,14.055741739030234,82.27306951633834,-1.2434258620948393,1.0,-1.0,0.0,48.0,-48.0,0.0,0.8216701151099929,1.0,0.0,1.0,5.0,0.0,0.0,0.0,0.0,1.0,0.0
0.0146,-1.0855898535094188,2.403841380457398,-1.318251526947979,32.841333350725506,-32.9162250166544,12.887354441726044,82.13060032234497,-1.6043518030882447,1.0,-1.0,0.0,48.0,-48.0,0.0,0.8381110835916024,1.0,0.0,1.0,5.0,0.0,0.0,0.0,0.0,1.0,0.0
0.0148,-1.9395409591533739,2.6831211150082215,-0.7435801558548476,32.721353069010554,-32.85151039385113,11.735014330758514,81.95249369357343,-1.956437226894493,1.0,-1.0,0.0,48.0,-48.0,0.0,0.8545199797603855,1.0,0.0,1.0,5.0,0.0,0.0,0.0,0.0,1.0,0.0
0.015,-2.789549057873279,2.9222126458951956,-0.1326635880219163,32.59587393016968,-32.770805758612475,10.60375226571692,81.73955729752556,-2.3011842791594512,1.0,-1.0,0.0,48.0,-48.0,0.0,0.8708897594008571,1.0,0.0,1.0,5.0,0.0,0.0,0.0,0.0,1.0,0.0
0.0152,-3.3782091199369098,3.3782091199369098,0.0,32.46479893904688,-32.672965109096594,9.497298689761735,81.4900186878162,-2.7003182979099867,1.0,-1.0,0.0,48.0,-33.60138177478659,-14.398618225213411,0.8872133955573623,1.0,0.0,1.0,5.0,0.0,0.0,0.0,0.0,1.0,0.0
0.0154,-3.878050729273834,3.878050729273834,0.0,32.32669466653414,-32.5560384590883,8.41832154576591,81.19991415062714,-3.0987536519846963,1.0,-1.0,0.0,48.0,-32.532993442042994,-15.46700655795701,0.9034830529035787,1.0,0.0,1.0,5.0,0.0,0.0,0.0,0.0,1.0,0.0
0.0156,-4.355116872006267,4.355116872006267,0.0,32.18194632700502,-32.42042005430819,7.369230857803767,80.87087380361424,-3.479013426787205,1.0,-1.0,0.0,48.0,-31.48846772145535,-16.51153227854465,0.9196907654689012,1.0,0.0,1.0,5.0,0.0,0.0,0.0,0.0,1.0,0.0
0.0158,-4.809154318819945,4.809154318819945,0.0,32.03067146024997,-32.26670490265342,6.351412712436247,80.50472165000785,-3.8409673232429364,1.0,-1.0,0.0,48.0,-30.46942943363797,-17.53057056636203,0.9358289282746431,1.0,0.0,1.0,5.0,0.0,0.0,0.0,0.0,1.0,0.0
0.016,-5.239939070518443,5.239939070518443,0.0,31.872724451133013,-32.09563173648385,5.36529063689945,80.10329518157994,-4.184475658641969,1.0,-1.0,0.0,48.0,-29.476744279574866,-18.523255720425134,0.9518903024758137,1.0,0.0,1.0,5.0,0.0,0.0,0.0,0.0,1.0,0.0
0.0162,-5.647272957449695,5.647272957449695,0.0,31.70777418126904,-31.908092015568712,4.410437201697655,79.66844628807448,-4.509390826314092,1.0,-1.0,0.0,48.0,-28.51059611884749,-19.48940388115251,0.9678680181522383,1.0,0.0,1.0,5.0,0.0,0.0,0.0,0.0,1.0,0.0
0.0164,-6.0309831715051,6.0309831715051,0.0,31.53537871385846,-31.705131529739027,3.485705642620357,79.20204177781497,-4.815563393005428,1.0,-1.0,0.0,48.0,-27.570582050560642,-20.429417949439358,0.9837555772504148,1.0,0.0,1.0,5.0,0.0,0.0,0.0,0.0,1.0,0.0
0.0166,-6.390924226975795,6.390924226975795,0.0,31.355053830557573,-31.48794428312322,2.58937460764451,78.70596311343203,-5.102851464528678,1.0,-1.0,0.0,48.0,-26.655819833927332,-21.344180166072668,0.9995468565564485,1.0,0.0,1.0,5.0,0.0,0.0,0.0,0.0,1.0,0.0
0.0168,-6.726981760173455,6.726981760173455,0.0,31.166332992177207,-31.257858833448882,1.7192991323136344,78.18210510632487,-5.371131913543012,1.0,-1.0,0.0,48.0,-25.765062052949467,-22.234937947050533,1.0152361105151122,1.0,0.0,1.0,5.0,0.0,0.0,0.0,0.0,1.0,0.0
0.017,-7.039077537123115,7.039077537123115,0.0,30.96881707919498,-31.016317718591402,0.8730612769018226,77.63237345166247,-5.620312127418318,1.0,-1.0,0.0,48.0,-24.89681159660003,-23.10318840339997,1.0308179736727143,1.0,0.0,1.0,5.0,0.0,0.0,0.0,0.0,1.0,0.0
0.0172,-7.327175041081931,7.327175041081931,0.0,30.76221303313996,-30.76485099816029,0.048114475638278455,77.05868111311581,-5.8503410830432845,1.0,-1.0,0.0,48.0,-24.049433458148442,-23.950566541851558,1.0462874625108065,1.0,0.0,1.0,5.0,0.0,0.0,0.0,0.0,1.0,0.0
0.0174,-8.12318714368066,7.059378489314176,1.0638086543664835,30.54622547128208,-30.50490972402995,-0.7580792971244562,76.46260392127256,-6.072051395942405,0.0,-1.0,1.0,48.0,-48.0,0.0,1.0616399604666662,0.0,0.0,1.0,1.0,1.0,0.0,0.0,0.0,1.0,0.0
0.0176,-8.932243259242984,6.730617629652381,2.2016256295906036,30.32005932828152,-30.237320926984314,-1.54787706017462,75.84409150327332,-6.299104217578034,0.0,-1.0,1.0,48.0,-48.0,0.0,1.0768710084264175,0.0,0.0,1.0,1.0,1.0,0.0,0.0,0.0,1.0,0.0
0.0178,-9.720603236230597,6.374677769629745,3.3459254666008515,30.08287934479639,-29.962707541526232,-2.3232933226592594,75.20259879712904,-6.531687922339044,0.0,-1.0,1.0,48.0,-48.0,0.0,1.091976065089842,0.0,0.0,1.0,1.0,1.0,0.0,0.0,0.0,1.0,0.0
0.018,-10.487828814773053,5.992030208868586,4.495798605904467,29.8340015473721,-29.68164472138181,-3.085913207507149,74.53756233672007,-6.770020931521592,0.0,-1.0,1.0,48.0,-48.0,0.0,1.1069504784172541,0.0,0.0,1.0,1.0,1.0,0.0,0.0,0.0,1.0,0.0
0.0182,-11.233508764518202,5.583113123136043,5.65039564138216,29.57288544151025,-29.394624226939236,-3.836831446319426,73.84839390955963,-7.014375917041056,0.0,-1.0,1.0,48.0,-48.0,0.0,1.1217894812917577,0.0,0.0,1.0,1.0,1.0,0.0,0.0,0.0,1.0,0.0
0.0184,-11.957250338132994,5.148342882161632,6.808907455971361,29.29912152038707,-29.10202205210468,-4.576611390925294,73.13447641300404,-7.265052930951067,0.0,-1.0,1.0,48.0,-48.0,0.0,1.1364881861107554,0.0,0.0,1.0,1.0,1.0,0.0,0.0,0.0,1.0,0.0
0.0186,-12.658668890775129,4.688124056177163,7.970544834597967,29.012415717285453,-28.804070936097602,-5.305264314846361,72.39516273714278,-7.52234608845577,0.0,-1.0,1.0,48.0,-48.0,0.0,1.1510415788406205,0.0,0.0,1.0,1.0,1.0,0.0,0.0,0.0,1.0,0.0
0.0188,-13.337376205135829,4.202857885819573,9.134518319316255,28.71257230909641,-28.500839121867,-6.022248630241526,71.62977821212515,-7.786505968845845,0.0,-1.0,1.0,48.0,-48.0,0.0,1.165444513197247,0.0,0.0,1.0,1.0,1.0,0.0,0.0,0.0,1.0,0.0
0.019,-13.992968126091888,3.692949101234472,10.300019024857416,28.399476626366237,-28.19221642246531,-6.726488058295607,70.83762693524164,-8.057699999215243,0.0,-1.0,1.0,48.0,-48.0,0.0,1.1796917057006764,0.0,0.0,1.0,1.0,1.0,0.0,0.0,0.0,1.0,0.0
0.0192,-14.625012143295848,3.1588110783092125,11.466201064986636,28.07307872511005,-27.87790832095686,-7.416407274823435,70.01800206630607,-8.335973073596008,0.0,-1.0,1.0,48.0,-48.0,0.0,1.1937777323923748,0.0,0.0,1.0,1.0,1.0,0.0,0.0,0.0,1.0,0.0
0.0194,-15.233035564213248,2.6008694092319398,12.632166154981308,27.733378943731765,-27.55743847243386,-8.089983113799137,69.17019995952408,-8.621210546143693,0.0,-1.0,1.0,48.0,-48.0,0.0,1.2076970279991899,0.0,0.0,1.0,1.0,1.0,0.0,0.0,0.0,1.0,0.0
0.0196,-15.816514895392327,2.019564038336477,13.79695085705585,27.380416020890298,-27.230159611975985,-8.74480905163439,68.29353779562267,-8.913105534352793,0.0,-1.0,1.0,48.0,-48.0,0.0,1.221443888280901,0.0,0.0,1.0,1.0,1.0,0.0,0.0,0.0,1.0,0.0
0.0198,-16.374866998332806,1.4153501707870924,14.959516827545713,27.0142582014688,-26.895272512859858,-9.378170414587684,67.38737419770024,-9.21113219161333,0.0,-1.0,1.0,48.0,-48.0,0.0,1.235012476212524,0.0,0.0,1.0,1.0,1.0,0.0,0.0,0.0,1.0,0.0
0.02,-16.907442511274137,0.7886982003601695,16.118744310913968,26.634997520292018,-26.55185229756673,-9.98712755076108,66.45113216465585,-9.514526273384874,0.0,-1.0,1.0,48.0,-48.0,0.0,1.2483968325337174,0.0,0.0,1.0,1.0,1.0,0.0,0.0,0.0,1.0,0.0
0.0202,-17.413521933352,0.14009292351570296,17.2734290098363,26.24274723694081,-26.19888109251677,-10.568604087518812,65.48432354220083,-9.822273944256082,0.0,-1.0,1.0,48.0,-48.0,0.0,1.2615908910523703,0.0,0.0,1.0,1.0,1.0,0.0,0.0,0.0,1.0,0.0
0.0204,-17.89231465729608,-0.5299676890123256,18.422282346308407,25.837642207622547,-25.83528574811176,-11.11947735654462,64.48657417669195,-10.133109371165013,0.0,-1.0,1.0,48.0,-48.0,0.0,1.2745884989253315,0.0,0.0,1.0,1.0,1.0,0.0,0.0,0.0,1.0,0.0
0.0206,-18.342961116090528,-1.2209739032433145,19.563935019333844,25.41984182700146,-25.459979130212975,-11.636668114233343,63.457648862986474,-10.445521238493138,0.0,-1.0,1.0,48.0,-48.0,0.0,1.2873834419641936,0.0,0.0,1.0,1.0,1.0,0.0,0.0,0.0,1.0,0.0
0.0208,-18.76453808308814,-1.9324055804657254,20.696943663553867,24.989535057480687,-25.07190333812683,-12.117226816112302,62.3974752040819,-10.757767921176038,0.0,-1.0,1.0,48.0,-48.0,0.0,1.2999694748362605,0.0,0.0,1.0,1.0,1.0,0.0,0.0,0.0,1.0,0.0
0.021,-19.156067039454424,-2.6637332837505077,21.81980032320493,24.546946987005377,-24.670073126078776,-12.558413919941112,61.30616554560383,-11.067900679631439,0.0,-1.0,1.0,48.0,-48.0,0.0,1.3123403558583124,0.0,0.0,1.0,1.0,1.0,0.0,0.0,0.0,1.0,0.0
0.0212,-19.516525403005204,-3.4144189767275823,22.930944379732786,24.092346318549165,-24.253617805672107,-12.95777198914364,60.184036228695,-11.373793911414669,0.0,-1.0,1.0,48.0,-48.0,0.0,1.3244898859208711,0.0,0.0,1.0,1.0,1.0,0.0,0.0,0.0,1.0,0.0
0.0214,-19.84486030371266,-4.183916207765218,24.02877651147788,23.626053192917947,-23.821819987755745,-13.313187738070258,59.03162351545469,-11.67318122343928,0.0,-1.0,1.0,48.0,-48.0,0.0,1.3364119509400108,0.0,0.0,1.0,1.0,1.0,0.0,0.0,0.0,1.0,0.0
0.0216,-20.140004498082458,-4.971669723610457,25.111674221692915,23.148446777715275,-23.37414968070605,-13.622942590236752,57.849695675398436,-11.963695886913353,0.0,-1.0,1.0,48.0,-48.0,0.0,1.348100567117663,0.0,0.0,1.0,1.0,1.0,0.0,0.0,0.0,1.0,0.0
0.0218,-20.40089394113806,-5.777114506504883,26.178008447642945,22.659972114323377,-22.91029249069815,-13.885750792517012,56.639260872075916,-12.24291411273381,0.0,-1.0,1.0,48.0,-48.0,0.0,1.3595499282039287,0.0,0.0,1.0,1.0,1.0,0.0,0.0,0.0,1.0,0.0
0.022,-20.62648648373051,-6.599674274997146,27.226160758727655,22.161145795604277,-22.43017095569295,-14.100784620928781,55.401570648069814,-12.50839954146107,0.0,-1.0,1.0,48.0,-48.0,0.0,1.3707544538985852,0.0,0.0,1.0,1.0,1.0,0.0,0.0,0.0,1.0,0.0
0.0222,-20.815781135935413,-7.438759528717117,28.25454066465253,21.652560143062082,-21.93395837210509,-14.267686703545992,54.13811896603363,-12.757747377903435,0.0,-1.0,1.0,48.0,-48.0,0.0,1.381708838504589,0.0,0.0,1.0,1.0,1.0,0.0,0.0,0.0,1.0,0.0
0.0224,-20.96783733468316,-8.293765249347956,29.261602584031117,21.13488565648745,-21.422084822048326,-14.38656994923519,52.85063691552952,-12.988626709753923,0.0,-1.0,1.0,48.0,-48.0,0.0,1.3924080989533425,0.0,0.0,1.0,1.0,1.0,0.0,0.0,0.0,1.0,0.0
0.0226,-21.08179367443688,-9.164068392630883,30.245862067067762,20.608871614817495,-20.89523545889264,-14.45800598499565,51.54108333332676,-13.1988197222907,0.0,-1.0,1.0,48.0,-48.0,0.0,1.4028476213574954,0.0,0.0,1.0,1.0,1.0,0.0,0.0,0.0,1.0,0.0
0.0228,-21.156885601393242,-10.049025318829942,31.205910920223182,20.07534480783816,-20.354341439156205,-14.483003350857128,50.21163170287301,-13.38625674304562,0.0,-1.0,1.0,48.0,-48.0,0.0,1.4130232053087648,0.0,0.0,1.0,1.0,1.0,0.0,0.0,0.0,1.0,0.0
0.023,-21.19246163099953,-10.947969311719419,32.14043094271895,19.5352064691121,-19.800564181054774,-14.462976965733736,48.86465379271147,-13.549046305398079,0.0,-1.0,1.0,48.0,-48.0,0.0,1.4229311052212257,0.0,0.0,1.0,1.0,1.0,0.0,0.0,0.0,1.0,0.0
0.0232,-21.18799772145354,-11.860208329513233,33.048206050966776,18.989427557039896,-19.235273869372964,-14.399710552502961,47.50270056123185,-13.685499691110678,0.0,-1.0,1.0,48.0,-48.0,0.0,1.4325680681197244,0.0,0.0,1.0,1.0,1.0,0.0,0.0,0.0,1.0,0.0
0.0234,-21.14310951772641,-12.785023116457994,33.9281326341844,18.439042590556287,-18.66002330228039,-14.295313794305168,46.12848089555253,-13.794149682103978,0.0,-1.0,1.0,48.0,-48.0,0.0,1.4419313673829866,0.0,0.0,1.0,1.0,1.0,0.0,0.0,0.0,1.0,0.0
0.0236,-21.057562266850567,-13.721665782695858,34.779228049546425,17.885142287371746,-18.076518282973286,-14.15217599106333,44.7448387663959,-13.873763506122739,0.0,-1.0,1.0,48.0,-48.0,0.0,1.451018832066423,0.0,0.0,1.0,1.0,1.0,0.0,0.0,0.0,1.0,0.0
0.0238,-20.931278291278048,-14.669358934363002,35.60063722564105,17.32886527599843,-17.486585797407063,-13.972917905013249,43.35472937077657,-13.923350186847632,0.0,-1.0,1.0,48.0,-48.0,0.0,1.4598288715453513,0.0,0.0,1.0,1.0,1.0,0.0,0.0,0.0,1.0,0.0
0.024,-20.76434198903644,-15.627295407714753,36.39163739675119,16.77138915933178,-16.892141193420315,-13.760343339992682,41.961194803512946,-13.94216269723599,0.0,-1.0,1.0,48.0,-48.0,0.0,1.4683604953309883,0.0,0.0,1.0,1.0,1.0,0.0,0.0,0.0,1.0,0.0
0.0242,-20.557002403881985,-16.594638632294615,37.1516410361766,16.213921199489082,-16.295155494608085,-13.5173918071185,40.56733975107223,-13.929695459822803,0.0,-1.0,1.0,48.0,-48.0,0.0,1.4766133280152072,0.0,0.0,1.0,1.0,1.0,0.0,0.0,0.0,1.0,0.0
0.0244,-20.30967347316341,-17.570523620533148,37.88019709369656,15.657688873739199,-15.69762385550112,-13.24709340594147,39.17630764152724,-13.885677837329848,0.0,-1.0,1.0,48.0,-48.0,0.0,1.4845876193929899,0.0,0.0,1.0,1.0,1.0,0.0,0.0,0.0,1.0,0.0
0.0246,-20.022932114031963,-18.554058556133025,38.57699067016499,15.103930522797357,-15.101536005605894,-12.952526811389555,37.791257616941735,-13.810064312375097,0.0,-1.0,1.0,48.0,-48.0,0.0,1.4922842498916087,0.0,0.0,1.0,1.0,1.0,0.0,0.0,0.0,1.0,0.0
0.0248,-19.697514349170806,-19.54432693227054,39.241841281441346,14.553886278626,-14.508849351675865,-12.636781017392494,36.41534262355132,-13.70302207013546,0.0,-1.0,1.0,48.0,-48.0,0.0,1.4997047315017198,0.0,0.0,1.0,1.0,1.0,0.0,0.0,0.0,1.0,0.0
0.025,-19.334309701352307,-20.54039017374387,39.87469987509618,14.008789422085847,-13.921465222571333,-12.302921260261959,35.051688844443255,-13.564916678218122,0.0,-1.0,1.0,48.0,-48.0,0.0,1.5068512044575852,0.0,0.0,1.0,1.0,1.0,0.0,0.0,0.0,1.0,0.0
0.0252,-18.934354102487223,-21.541290665080606,40.47564476756783,13.469858283835425,-13.341208560102336,-11.95395933808323,33.70337663217803,-13.39629651062842,0.0,-1.0,1.0,48.0,-48.0,0.0,1.5137264299517277,0.0,0.0,1.0,1.0,1.0,0.0,0.0,0.0,1.0,0.0
0.0254,-18.498821568537366,-22.546055099292403,41.04487666782977,12.93828876681274,-12.769811191210113,-11.592828363018409,32.37342303735651,-13.197876494965612,0.0,-1.0,1.0,48.0,-48.0,0.0,1.520333779194578,0.0,0.0,1.0,1.0,1.0,0.0,0.0,0.0,1.0,0.0
0.0256,-18.02901488819565,-23.55369805916531,41.58271294736096,12.415247536941168,-12.20889866831396,-11.222361835152345,31.064765975187793,-12.970521681062088,0.0,-1.0,1.0,48.0,-48.0,0.0,1.5266772191433466,0.0,0.0,1.0,1.0,1.0,0.0,0.0,0.0,1.0,0.0
0.0258,-17.526355562265746,-24.563225744215952,42.0895813064817,11.90186590135393,-11.65998053990154,-10.84527681046733,29.780250026635738,-12.715231041833249,0.0,-1.0,1.0,48.0,-48.0,0.0,1.532761295228052,0.0,0.0,1.0,1.0,1.0,0.0,0.0,0.0,1.0,0.0
0.026,-16.992373213933945,-25.573639761088288,42.56601297502223,11.39923437092133,-11.124443814574859,-10.464160850798292,28.52261383407193,-12.433121828812682,0.0,-1.0,1.0,48.0,-48.0,0.0,1.5385911113981525,0.0,0.0,1.0,1.0,1.0,0.0,0.0,0.0,1.0,0.0
0.0262,-16.428694669304647,-26.583940902496828,43.012635571801475,10.908397886292123,-10.603549309017833,-10.081462387745646,27.294479023393016,-12.125414720274286,0.0,-1.0,1.0,48.0,-48.0,0.0,1.5441723078022846,0.0,0.0,1.0,1.0,1.0,0.0,0.0,0.0,1.0,0.0
0.0264,-15.837032884224698,-27.593132849100563,43.43016573332526,10.430351673807413,-10.09843052245531,-9.69948410201798,26.098340564712068,-11.793419922382139,0.0,-1.0,1.0,48.0,-48.0,0.0,1.5495110363978728,0.0,0.0,1.0,1.0,1.0,0.0,0.0,0.0,1.0,0.0
0.0266,-15.21917586891876,-28.60022573920044,43.8194016081192,9.96603768907864,-9.610094654763495,-9.320378910473067,24.93655847117928,-11.43852431571788,0.0,-1.0,1.0,48.0,-48.0,0.0,1.5546139347684262,0.0,0.0,1.0,1.0,1.0,0.0,0.0,0.0,1.0,0.0
0.0268,-14.57697573744581,-29.604239562237044,44.181215299682854,9.516341601165138,-9.139425379386838,-8.94614816096367,23.81135072921756,-11.062179682064869,0.0,-1.0,1.0,48.0,-48.0,0.0,1.5594880984055493,0.0,0.0,1.0,1.0,1.0,0.0,0.0,0.0,1.0,0.0
0.027,-13.912337985373547,-30.604207343160724,44.51654532853427,9.082090268499275,-8.687186992172345,-8.578641655822489,22.72478735238471,-10.665891999866034,0.0,-1.0,1.0,48.0,-48.0,0.0,1.5641410516911443,0.0,0.0,1.0,1.0,1.0,0.0,0.0,0.0,1.0,0.0
0.0272,-13.22721107704518,-31.59917809538148,44.82638917242666,8.664049658337625,-8.254029579625161,-8.21955915461805,21.67878545410517,-10.251211761049962,0.0,-1.0,1.0,48.0,-48.0,0.0,1.5685807177939737,0.0,0.0,1.0,1.0,1.0,0.0,0.0,0.0,1.0,0.0
0.0274,-12.523576403846661,-32.588219529819874,45.111795933666535,8.262923163945619,-7.840494881539777,-7.87045304232616,20.6751052406121,-9.819725236167749,0.0,-1.0,1.0,48.0,-48.0,0.0,1.5728153876743776,0.0,0.0,1.0,1.0,1.0,0.0,0.0,0.0,1.0,0.0
0.0276,-11.803438657264998,-33.57042051631347,45.37385917357847,7.879350277391911,-7.447022560389462,-7.532731887469108,19.715346833658053,-9.373046597913275,0.0,-1.0,1.0,48.0,-48.0,0.0,1.5768536883719733,0.0,0.0,1.0,1.0,1.0,0.0,0.0,0.0,1.0,0.0
0.0278,-11.06881664538151,-34.544893301116545,45.613709946498055,7.513905580256891,-7.073956630579209,-7.207664653816651,18.800947842065877,-8.912810803845836,0.0,-1.0,1.0,48.0,-48.0,0.0,1.5807045507340576,0.0,0.0,1.0,1.0,1.0,0.0,0.0,0.0,1.0,0.0
0.028,-10.321734568778567,-35.51077549038034,45.832510059158906,7.167098019350248,-6.7215518424458,-6.896385367184451,17.933181611305287,-8.440667136165075,0.0,-1.0,1.0,48.0,-48.0,0.0,1.5843771767272181,0.0,0.0,1.0,1.0,1.0,0.0,0.0,0.0,1.0,0.0
0.0282,-9.564213761548658,-36.46723181430368,46.03144557585234,6.83937043937091,-6.3899798569319195,-6.5998980744596665,17.113156090431218,-7.958273298395653,0.0,-1.0,1.0,48.0,-48.0,0.0,1.5878810064615165,0.0,0.0,1.0,1.0,1.0,0.0,0.0,0.0,1.0,0.0
0.0284,-8.798264895022015,-37.413455690137646,46.21172058515966,6.531099349092963,-6.079335085808206,-6.319081964399394,16.341813265471977,-7.467289974608793,0.0,-1.0,1.0,48.0,-48.0,0.0,1.5912256850454805,0.0,0.0,1.0,1.0,1.0,0.0,0.0,0.0,1.0,0.0
0.0286,-8.025880635759776,-38.3486706044967,46.37455124025647,6.242594901956536,-5.789640108196629,-6.054696548506727,15.619929117389784,-6.9693757652474755,0.0,-1.0,1.0,48.0,-48.0,0.0,1.5944210293808576,0.0,0.0,1.0,1.0,1.0,0.0,0.0,0.0,1.0,0.0
0.0288,-7.24902874504739,-39.27213133658728,46.52116008163467,5.974101075772622,-5.520850606321845,-5.8073868251882095,14.948114070830632,-6.466182423782579,0.0,-1.0,1.0,48.0,-48.0,0.0,1.5974769949985321,0.0,0.0,1.0,1.0,1.0,0.0,0.0,0.0,1.0,0.0
0.029,-6.469645604327326,-40.183125044144134,46.65277064847146,5.725796039557451,-5.272859791533138,-5.577688371453287,14.326813906909468,-5.959350329528769,0.0,-1.0,1.0,48.0,-48.0,0.0,1.6004036430310074,0.0,0.0,1.0,1.0,1.0,0.0,0.0,0.0,1.0,0.0
0.0292,-5.689630149474468,-41.08097223320716,46.77060238268163,5.497792698269686,-5.045502315569254,-5.366032323798071,13.756311119172867,-5.450504143340266,0.0,-1.0,1.0,48.0,-48.0,0.0,1.6032111074120503,0.0,0.0,1.0,1.0,1.0,0.0,0.0,0.0,1.0,0.0
0.0294,-4.910838196306912,-41.96502763152733,46.87586582783424,5.290139408441025,-4.838557681832589,-5.172750223905621,13.236726696647168,-4.941248604096643,0.0,-1.0,1.0,48.0,-48.0,0.0,1.6059095623904802,0.0,0.0,1.0,1.0,1.0,0.0,0.0,0.0,1.0,0.0
0.0296,-4.13507714001765,-42.8346809834995,46.96975812351715,5.102820859393654,-4.651753187279127,-4.998078715738189,12.768022321552639,-4.4331644344935945,0.0,-1.0,1.0,48.0,-48.0,0.0,1.608509190442209,0.0,0.0,1.0,1.0,1.0,0.0,0.0,0.0,1.0,0.0
0.0298,-3.364101012113238,-43.68935778222125,47.05345879433449,4.9357591159678265,-4.484766437689512,-4.842164088878237,12.350002971916586,-3.9278043344122278,0.0,-1.0,1.0,48.0,-48.0,0.0,1.6110201506624675,0.0,0.0,1.0,1.0,1.0,0.0,0.0,0.0,1.0,0.0
0.03,-2.5996058797707917,-44.52851995169792,47.128125831468715,4.7888148194906135,-4.337227487900546,-4.70506666899008,11.982319921045635,-3.426689048866585,0.0,-1.0,1.0,48.0,-48.0,0.0,1.6134525477183608,0.0,0.0,1.0,1.0,1.0,0.0,0.0,0.0,1.0,0.0
0.0302,-1.8432255741324681,-45.35166648946926,47.19489206360173,4.661788544157008,-4.208720664414604,-4.586765060412115,11.66447412672802,-2.9313035051293763,0.0,-1.0,1.0,48.0,-48.0,0.0,1.615816401440407,0.0,0.0,1.0,1.0,1.0,0.0,0.0,0.0,1.0,0.0
0.0304,-1.0965277358130834,-46.15833407712471,47.25486181293779,4.554422306123737,-4.098786131051991,-4.48716024851997,11.395820003245332,-2.443093020061511,0.0,-1.0,1.0,48.0,-48.0,0.0,1.6181216171303074,0.0,0.0,1.0,1.0,1.0,0.0,0.0,0.0,1.0,0.0
0.0306,-0.361010167703526,-46.94809766339102,47.30910783109454,4.46640122248972,-4.006921259352281,-4.406079570966065,11.175569568897908,-1.9634595839354532,0.0,-1.0,1.0,48.0,-48.0,0.0,1.6203779566608119,0.0,0.0,1.0,1.0,1.0,0.0,0.0,0.0,1.0,0.0
0.0308,0.0,-47.53961821131162,47.53961821131162,4.394529311014052,-3.9300558844016518,-4.34048875231884,10.995725900473788,-1.7744914723016194,0.0,-1.0,1.0,32.5298016293743,-48.0,15.470198370625699,1.6225947731689316,0.0,0.0,1.0,1.0,1.0,0.0,0.0,0.0,1.0,0.0
0.031,0.0,-47.93993358833349,47.93993358833349,4.321796477691694,-3.8528734535626454,-4.273654587758658,10.813727297577307,-1.8654270700075664,0.0,-1.0,1.0,32.385060498352345,-48.0,15.614939501647658,1.6247758700518142,0.0,0.0,1.0,1.0,1.0,0.0,0.0,0.0,1.0,0.0
0.0312,0.0,-48.32979720713337,48.32979720713337,4.245436939759558,-3.7729374698654254,-4.202851045212492,10.622653436343462,-1.955974186452373,0.0,-1.0,1.0,32.23333119729851,-48.0,15.766668802701485,1.6269196590408044,0.0,0.0,1.0,1.0,1.0,0.0,0.0,0.0,1.0,0.0
0.0314,0.0,-48.709447846768875,48.709447846768875,4.165468881680182,-3.6903088362175094,-4.128099056506424,10.422549892621802,-2.045998351908505,0.0,-1.0,1.0,32.07467282804215,-48.0,15.92532717195785,1.6290243294176965,0.0,0.0,1.0,1.0,1.0,0.0,0.0,0.0,1.0,0.0
0.0316,0.0,-49.07911651962215,49.07911651962215,4.081915844104489,-3.6050514979900643,-4.0494259456293165,10.213475661675865,-2.1353656694817076,0.0,-1.0,1.0,31.909154565914182,-48.0,16.090845434085825,1.631088080922355,0.0,0.0,1.0,1.0,1.0,0.0,0.0,0.0,1.0,0.0
0.0318,0.0,-49.439026801145346,49.439026801145346,3.994806698575246,-3.517232127565549,-3.9668653438823114,9.995503094257282,-2.2239429493990244,0.0,-1.0,1.0,31.736855434299176,-48.0,16.263144565700824,1.6331091264304243,0.0,0.0,1.0,1.0,1.0,0.0,0.0,0.0,1.0,0.0
0.032,0.0,-49.78939515854544,49.78939515854544,3.9041756168410733,-3.426919810460956,-3.880457095899322,9.76871781882747,-2.311597851695879,0.0,-1.0,1.0,31.557864070021214,-48.0,16.442135929978786,1.6350856946168837,0.0,0.0,1.0,1.0,1.0,0.0,0.0,0.0,1.0,0.0
0.0322,0.0,-50.13043127804113,50.13043127804113,3.810062034450933,-3.3341857349130577,-3.790247157075177,9.533218649109658,-2.39819903683831,0.0,-1.0,1.0,31.372278480445054,-48.0,16.627721519554946,1.6370160326026022,0.0,0.0,1.0,1.0,1.0,0.0,0.0,0.0,1.0,0.0
0.0324,0.0,-50.46233839028856,50.46233839028856,3.7125106083159145,-3.2391028868049414,-3.6962874829413113,9.28911747620405,-2.483616323742371,0.0,-1.0,1.0,31.18020579318904,-48.0,16.819794206810958,1.6388984085808582,0.0,0.0,1.0,1.0,1.0,0.0,0.0,0.0,1.0,0.0
0.0326,0.0,-50.78531359353648,50.78531359353648,3.6115711679450095,-3.1417457517878287,-3.5986359110266557,9.036539144556238,-2.5677208545843264,0.0,-1.0,1.0,30.98176199935225,-48.0,17.01823800064775,1.64073111442069,0.0,0.0,1.0,1.0,1.0,0.0,0.0,0.0,1.0,0.0
0.0328,0.0,-51.099548174039,51.099548174039,3.507298660084218,-3.0421900264098967,-3.4973560357337785,8.775621311132792,-2.6503852657275218,0.0,-1.0,1.0,30.777071691156056,-48.0,17.222928308843944,1.6425124682437697,0.0,0.0,1.0,1.0,1.0,0.0,0.0,0.0,1.0,0.0
0.033,0.0,-51.40522792322269,51.40522792322269,3.3997530865141057,-2.9405123400047146,-3.3925170767487645,8.506514287228859,-2.7314838640297516,0.0,-1.0,1.0,30.566267794890848,-48.0,17.433732205109155,1.6442408169713763,0.0,0.0,1.0,1.0,1.0,0.0,0.0,0.0,1.0,0.0
0.0332,0.0,-51.702533451076285,51.702533451076285,3.288999434788896,-2.836789989016083,-3.284193741487599,8.229380862408622,-2.810892807739762,0.0,-1.0,1.0,30.349491300040736,-48.0,17.65050869995926,1.6459145388379641,0.0,0.0,1.0,1.0,1.0,0.0,0.0,0.0,1.0,0.0
0.0334,0.0,-51.991640495206404,51.991640495206404,3.175107601731195,-2.7311006853458832,-3.172466082063469,7.944396110161763,-2.8884902911390213,0.0,-1.0,1.0,30.12689098543587,-48.0,17.873109014564122,1.6475320458676828,0.0,0.0,1.0,1.0,1.0,0.0,0.0,0.0,1.0,0.0
0.0336,0.0,-52.27272022498054,52.27272022498054,3.058152309529126,-2.6235223202060296,-3.057419347238283,7.651747174945097,-2.9641567320434277,0.0,-1.0,1.0,29.89862314325128,-48.0,18.10137685674872,1.6490917863101835,0.0,0.0,1.0,1.0,1.0,0.0,0.0,0.0,1.0,0.0
0.0338,0.0,-52.545939540160866,52.545939540160866,2.938213014317919,-2.514132744837992,-2.939143829799149,7.3516330403694665,-3.037774961241098,0.0,-1.0,1.0,29.66485130163649,-48.0,18.33514869836351,1.6505922470319454,0.0,0.0,1.0,1.0,1.0,0.0,0.0,0.0,1.0,0.0
0.034,0.0,-52.811461363417614,52.811461363417614,2.8153738071645855,-2.4030095693333346,-2.8177347097767753,7.044264278385555,-3.109230412914947,0.0,-1.0,1.0,29.42574594671964,-48.0,18.574254053280363,1.652031955859345,0.0,0.0,1.0,1.0,1.0,0.0,0.0,0.0,1.0,0.0
0.0342,0.0,-53.06944492610176,53.06944492610176,2.689723307412663,-2.2902299806486557,-2.693291893898399,6.729862779418747,-3.1784113150764632,0.0,-1.0,1.0,29.181484244686192,-48.0,18.81851575531381,1.6534094838696516,0.0,0.0,1.0,1.0,1.0,0.0,0.0,0.0,1.0,0.0
0.0344,0.0,-53.32004604665011,53.32004604665011,2.5613545483832856,-2.17587058075914,-2.5659198516435233,6.408661463501033,-3.2452088790248013,0.0,-1.0,1.0,28.93224976458462,-48.0,19.067750235415385,1.654723447626151,0.0,0.0,1.0,1.0,1.0,0.0,0.0,0.0,1.0,0.0
0.0346,0.0,-53.56341740099647,53.56341740099647,2.4303648554691413,-2.0600072457385323,-2.4357274482468165,6.080903972547078,-3.3095174868397983,0.0,-1.0,1.0,28.678232202461817,-48.0,19.321767797538183,1.65597251135361,0.0,0.0,1.0,1.0,1.0,0.0,0.0,0.0,1.0,0.0
0.0348,0.0,-53.79970878436518,53.79970878436518,2.296855716698499,-1.9427150063910446,-2.3028277749693626,5.74684434402055,-3.3712348759198854,0.0,-1.0,1.0,28.4196271073787,-48.0,19.58037289262129,1.6571553890503248,0.0,0.0,1.0,1.0,1.0,0.0,0.0,0.0,1.0,0.0
0.035,0.0,-54.029067363832894,54.029067363832894,2.1609326458873652,-1.8240679508940139,-2.1673379769373584,5.406746666335209,-3.430262319586678,0.0,-1.0,1.0,28.156635609803054,-48.0,19.84336439019695,1.6582708465330736,0.0,0.0,1.0,1.0,1.0,0.0,0.0,0.0,1.0,0.0
0.0352,0.0,-54.25163792105771,54.25163792105771,2.0227050385384886,-1.704139149740784,-2.02937907882666,5.060884716432351,-3.486504802795835,0.0,-1.0,1.0,27.88946415282221,-48.0,20.11053584717779,1.659317703411356,0.0,0.0,1.0,1.0,1.0,0.0,0.0,0.0,1.0,0.0
0.0354,0.0,-54.46756308459297,54.46756308459297,1.8822860206860583,-1.5830006031025325,-1.8890758086521824,4.70954158007089,-3.5398711920183032,0.0,-1.0,1.0,27.618324226563413,-48.0,20.381675773436584,1.6602948349874078,0.0,0.0,1.0,1.0,1.0,0.0,0.0,0.0,1.0,0.0
0.0356,0.0,-54.67698355122744,54.67698355122744,1.7397922909243102,-1.460723210557213,-1.746556419903523,4.353009255458652,-3.590274398388811,0.0,-1.0,1.0,27.343432106154676,-48.0,20.65656789384532,1.6612011740786077,0.0,0.0,1.0,1.0,1.0,0.0,0.0,0.0,1.0,0.0
0.0358,0.0,-54.88003829581955,54.88003829581955,1.5953439558963585,-1.3373767629647684,-1.6019525122518026,3.9915882409417627,-3.6376315332544955,0.0,-1.0,1.0,27.065008593504643,-48.0,20.934991406495357,1.6620357127589875,0.0,0.0,1.0,1.0,1.0,0.0,0.0,0.0,1.0,0.0
0.036,0.0,-55.07686476912782,55.07686476912782,1.4490643595563024,-1.2130299561013282,-1.4553988510379698,3.625587107553517,-3.6818640553021993,0.0,-1.0,1.0,26.78327876312595,-48.0,21.216721236874047,1.6627975040167653,0.0,0.0,1.0,1.0,1.0,0.0,0.0,0.0,1.0,0.0
0.0362,0.0,-55.267599083175085,55.267599083175085,1.3010799065527403,-1.0877504255030077,-1.3070331857394368,3.2553220573041313,-3.7228979084900224,0.0,-1.0,1.0,26.49847171217396,-48.0,21.501528287826034,1.6634856633249357,0.0,0.0,1.0,1.0,1.0,0.0,0.0,0.0,1.0,0.0
0.0364,0.0,-55.45237618372527,55.45237618372527,1.1515198801148023,-0.9616048018125332,-1.1569960675995707,2.881116468167362,-3.7606636500637514,0.0,-1.0,1.0,26.210820314820854,-48.0,21.789179685179143,1.664099370122183,0.0,0.0,1.0,1.0,1.0,0.0,0.0,0.0,1.0,0.0
0.0366,0.0,-55.63133000949718,55.63133000949718,1.0005162548526325,-0.8346587857708857,-1.0054306665931547,2.5033004267890133,-3.7950965679945092,0.0,-1.0,1.0,25.920560981034654,-48.0,22.079439018965346,1.6646378692015387,0.0,0.0,1.0,1.0,1.0,0.0,0.0,0.0,1.0,0.0
0.0368,0.0,-55.80459363778655,55.80459363778655,0.8482035049128616,-0.7069772418521211,-0.852482587890514,2.1222102500060713,-3.8261367872362335,0.0,-1.0,1.0,25.627933419784178,-48.0,22.372066580215822,1.6651004720044429,0.0,0.0,1.0,1.0,1.0,0.0,0.0,0.0,1.0,0.0
0.037,0.0,-55.97229941622034,55.97229941622034,0.6947184079553066,-0.5786243094031275,-0.6982996879725657,1.738187996321723,-3.8537293642650816,0.0,-1.0,1.0,25.333180406643155,-48.0,22.66681959335685,1.6654865578180902,0.0,0.0,1.0,1.0,1.0,0.0,0.0,0.0,1.0,0.0
0.0372,0.0,-56.134579080420714,56.134579080420714,0.5401998454403552,-0.44966353002249687,-0.5430318905391426,1.3515809685322986,-3.8778243694289145,0.0,-1.0,1.0,25.036547555721175,-48.0,22.963452444278825,1.6657955748741626,0.0,0.0,1.0,1.0,1.0,0.0,0.0,0.0,1.0,0.0
0.0374,0.0,-56.29156385741432,56.29156385741432,0.38478859973671486,-0.32015798979414595,-0.3868310023427047,0.9627412087458366,-3.8983769567032276,0.0,-1.0,1.0,24.738283095805137,-48.0,23.26171690419486,1.6660270413473048,0.0,0.0,1.0,1.0,1.0,0.0,0.0,0.0,1.0,0.0
0.0376,0.0,-56.443384554679014,56.443384554679014,0.22862714857653002,-0.19017047488265568,-0.22985052906905534,0.5720249870690098,-3.9153474205196943,0.0,-1.0,1.0,24.438637650552383,-48.0,23.561362349447617,1.6661805462519512,0.0,0.0,1.0,1.0,1.0,0.0,0.0,0.0,1.0,0.0
0.0378,0.0,-56.59017163478363,56.59017163478363,0.07185945739894982,-0.0597636388987705,-0.07224549137536336,0.1797922852687192,-3.92870123940369,0.0,-1.0,1.0,24.137864022536014,-48.0,23.862135977463982,1.6662557502363646,0.0,0.0,1.0,1.0,1.0,0.0,0.0,0.0,1.0,0.0
0.038,0.0,-56.732055275635524,56.732055275635524,-0.08536922986551337,0.0709998196440834,0.08582775881606025,-0.21359372326204454,-3.9384091062278728,0.0,-1.0,1.0,23.836216980904418,-48.0,24.163783019095586,1.6662523862730116,0.0,0.0,1.0,1.0,1.0,0.0,0.0,0.0,1.0,0.0
0.0382,0.0,-56.869165416414404,56.869165416414404,-0.2429126010098026,0.20205697153821542,0.24421172168302632,-0.6077671958892525,-3.9444469449609905,0.0,-1.0,1.0,23.533953052379573,-48.0,24.466046947620427,1.666170260244685,0.0,0.0,1.0,1.0,1.0,0.0,0.0,0.0,1.0,0.0
0.0384,0.0,-57.001631789334056,57.001631789334056,-0.40062348619946175,0.3333444645760884,0.40274793245662427,-1.002360144120045,-3.946795913860065,0.0,-1.0,1.0,23.23133031528418,-48.0,24.76866968471582,1.666009251426011,0.0,0.0,1.0,1.0,1.0,0.0,0.0,0.0,1.0,0.0
0.0386,0.0,-57.12958393743439,57.12958393743439,-0.5583540684898384,0.46479832660537296,0.5612771439065707,-1.3970029566269206,-3.9454423951266797,0.0,-1.0,1.0,22.92860819625419,-48.0,25.071391803745815,1.6657693128603055,0.0,0.0,1.0,1.0,1.0,0.0,0.0,0.0,1.0,0.0
0.0388,0.0,-57.25315121867087,57.25315121867087,-0.7159560936467695,0.5963537658607848,0.7196395083196184,-1.791324920564102,-3.9403779711158933,0.0,-1.0,1.0,22.62604726926303,-48.0,25.373952730736967,1.6654504716319698,0.0,0.0,1.0,1.0,1.0,0.0,0.0,0.0,1.0,0.0
0.039,0.0,-57.372462796626856,57.372462796626856,-0.8732810787111641,0.7279449705182626,0.8776747589497237,-2.184954739838816,-3.931599387255286,0.0,-1.0,1.0,22.323909056554843,-48.0,25.67609094344516,1.6650528290349047,0.0,0.0,1.0,1.0,1.0,0.0,0.0,0.0,1.0,0.0
0.0392,0.0,-57.48764761823597,57.48764761823597,-1.030180518755784,0.8595049094338421,1.0352223909372884,-2.5775210490189737,-3.91910850189905,0.0,-1.0,1.0,22.022455831058654,-48.0,25.97754416894135,1.6645765606376848,0.0,0.0,1.0,1.0,1.0,0.0,0.0,0.0,1.0,0.0
0.0394,0.0,-57.598834378957605,57.598834378957605,-1.1865060912937992,0.9909651360340316,1.192121841714535,-2.9686529215848885,-3.9029122234074975,0.0,-1.0,1.0,21.721950419831916,-48.0,26.278049580168087,1.6640219162464966,0.0,0.0,1.0,1.0,1.0,0.0,0.0,0.0,1.0,0.0
0.0396,0.0,-57.70615147590491,57.70615147590491,-1.3421098578127622,1.1222555973160058,1.348212670934135,-3.357980371264719,-3.8830224348062643,0.0,-1.0,1.0,21.422656008062166,-48.0,26.577343991937838,1.663389219767098,0.0,0.0,1.0,1.0,1.0,0.0,0.0,0.0,1.0,0.0
0.0398,0.0,-57.80972694947735,57.80972694947735,-1.4968444619247048,1.2533044498946122,1.503334739978555,-3.745134845231863,-3.859455906441866,0.0,-1.0,1.0,21.124835943138713,-48.0,26.875164056861287,1.6626788689673029,0.0,0.0,1.0,1.0,1.0,0.0,0.0,0.0,1.0,0.0
0.04,0.0,-57.90968841409832,57.90968841409832,-1.65056332364308,1.3840378849989627,1.657328391127848,-4.129749707987474,-3.832234197110079,0.0,-1.0,1.0,20.828753538293512,-48.0,27.17124646170648,1.661891335141735,0.0,0.0,1.0,1.0,1.0,0.0,0.0,0.0,1.0,0.0
0.0402,0.0,-58.00616297870567,58.00616297870567,-1.8031208293197505,1.5143799642738198,1.8100346264829799,-4.511460714801383,-3.8013835441928983,0.0,-1.0,1.0,20.53467187530185,-48.0,27.465328124698154,1.6610271626808466,0.0,0.0,1.0,1.0,1.0,0.0,0.0,0.0,1.0,0.0
0.0404,0.0,-58.09927715768457,58.09927715768457,-1.9543725168006891,1.6442524681808728,1.9612952867602975,-4.889906473641513,-3.7669347433923726,0.0,-1.0,1.0,20.242853605728726,-48.0,27.757146394271274,1.6600869685463548,0.0,0.0,1.0,1.0,1.0,0.0,0.0,0.0,1.0,0.0
0.0406,0.0,-58.18915677297003,58.18915677297003,-2.1041752553866897,1.773574758721157,2.1109532300893297,-5.2647288945832695,-3.728923018707789,0.0,-1.0,1.0,19.953560750208066,-48.0,28.046439249791934,1.6590714416555612,0.0,0.0,1.0,1.0,1.0,0.0,0.0,0.0,1.0,0.0
0.0408,0.0,-58.27592684808139,58.27592684808139,-2.252387420215478,1.902263658113807,2.2588525109603914,-5.635573625757334,-3.687387883347231,0.0,-1.0,1.0,19.66705449524742,-48.0,28.33294550475258,1.6579813421770893,0.0,0.0,1.0,1.0,1.0,0.0,0.0,0.0,1.0,0.0
0.041,0.0,-58.359711494879,58.359711494879,-2.398869060713917,2.0302333449668706,2.4048385594799515,-6.002090474966143,-3.6423729923171457,0.0,-1.0,1.0,19.383594987062676,-48.0,28.61640501293733,1.656817500740874,0.0,0.0,1.0,1.0,1.0,0.0,0.0,0.0,1.0,0.0
0.0412,0.0,-58.440633793859,58.440633793859,-2.5434820628032258,2.157395269364489,2.548758361099586,-6.3639338161758205,-3.5939259874746874,0.0,-1.0,1.0,19.103441121964735,-48.0,28.896558878035272,1.6555808175653217,0.0,0.0,1.0,1.0,1.0,0.0,0.0,0.0,1.0,0.0
0.0414,0.0,-58.51881566882054,58.51881566882054,-2.686090304576124,2.2836580881708204,2.690460636987903,-6.720762980170679,-3.5420983358691025,0.0,-1.0,1.0,18.826850332844515,-48.0,29.173149667155485,1.654272261504737,0.0,0.0,1.0,1.0,1.0,0.0,0.0,0.0,1.0,0.0
0.0416,0.0,-58.594377756755286,58.594377756755286,-2.8265598052024203,2.408927621715652,2.8297960252138394,-7.072242628742185,-3.486945162236502,0.0,-1.0,1.0,18.554078371332835,-48.0,29.44592162866717,1.6528928690202604,0.0,0.0,1.0,1.0,1.0,0.0,0.0,0.0,1.0,0.0
0.0418,0.0,-58.66743927381765,58.66743927381765,-2.964758866858633,2.5331068328801924,2.966617262903265,-7.4180431118723416,-3.4285250765448616,0.0,-1.0,1.0,18.28537908524964,-48.0,29.71462091475036,1.6514437430776692,0.0,0.0,1.0,1.0,1.0,0.0,0.0,0.0,1.0,0.0
0.042,0.0,-58.73811787823845,58.73811787823845,-3.1005582095171373,2.6560958294448107,3.100779369518422,-7.757840807462476,-3.3668999975135776,0.0,-1.0,1.0,18.021004191001246,-48.0,29.978995808998754,1.649926051975463,0.0,0.0,1.0,1.0,1.0,0.0,0.0,0.0,1.0,0.0
0.0422,0.0,-58.80652953104353,58.80652953104353,-3.233831098471348,2.7777918903940293,3.2321398313911227,-8.091318443252208,-3.302134973058255,0.0,-1.0,1.0,17.761203040636076,-48.0,30.238796959363924,1.648341028106796,0.0,0.0,1.0,1.0,1.0,0.0,0.0,0.0,1.0,0.0
0.0424,0.0,-58.87278835543314,58.87278835543314,-3.3644534645149045,2.8980895166997027,3.360558787615258,-8.41816540066946,-3.2342979986277918,0.0,-1.0,1.0,17.506222383327614,-48.0,30.493777616672386,1.6466899666588133,0.0,0.0,1.0,1.0,1.0,0.0,0.0,0.0,1.0,0.0
0.0426,0.0,-58.93700649566612,58.93700649566612,-3.492304016734524,3.0168805069210176,3.485899217371684,-8.738078000449637,-3.1634598344163862,0.0,-1.0,1.0,17.256306121119128,-48.0,30.743693878880872,1.6449742242530576,0.0,0.0,1.0,1.0,1.0,0.0,0.0,0.0,1.0,0.0
0.0428,0.0,-58.99929397627667,58.99929397627667,-3.6172643479179425,3.134054057772443,3.6080271287190375,-9.050759769960838,-3.089693822437823,0.0,-1.0,1.0,17.01169505883632,-48.0,30.988304941163687,1.6431952175305589,0.0,0.0,1.0,1.0,1.0,0.0,0.0,0.0,1.0,0.0
0.043,0.0,-59.0597585624314,59.0597585624314,-3.739219032619844,3.249496889617953,3.726811748837313,-9.355921692271075,-3.0130757044540246,0.0,-1.0,1.0,16.772626648152524,-48.0,31.227373351847476,1.6413544216853064,0.0,0.0,1.0,1.0,1.0,0.0,0.0,0.0,1.0,0.0
0.0432,0.0,-59.118505622208474,59.118505622208474,-3.8580557179692585,3.363093396654809,3.842125715656891,-9.653282437091985,-2.9336834417408113,0.0,-1.0,1.0,16.539334725874895,-48.0,31.46066527412511,1.6394533689497095,0.0,0.0,1.0,1.0,1.0,0.0,0.0,0.0,1.0,0.0
0.0434,0.0,-59.17563799155151,59.17563799155151,-3.973665207341787,3.474725821353286,3.9538452707449583,-9.942568573831558,-2.851597037664387,0.0,-1.0,1.0,16.312049246609092,-48.0,31.687950753390915,1.6374936470356702,0.0,0.0,1.0,1.0,1.0,0.0,0.0,0.0,1.0,0.0
0.0436,0.0,-59.23125584261829,59.23125584261829,-4.085941537058519,3.584274452522977,4.061850453253808,-10.223514767084891,-2.7668983640200793,0.0,-1.0,1.0,16.090996010053086,-48.0,31.90900398994691,1.635476897534801,0.0,0.0,1.0,1.0,1.0,0.0,0.0,0.0,1.0,0.0
0.0438,0.0,-59.28545655620633,59.28545655620633,-4.194782046310313,3.691617846182393,4.166025294662038,-10.495863954985658,-2.6796709920597586,0.0,-1.0,1.0,15.876396383267474,-48.0,32.12360361673253,1.633404814281277,0.0,0.0,1.0,1.0,1.0,0.0,0.0,0.0,1.0,0.0
0.044,0.0,-59.33833459889937,59.33833459889937,-4.300087440541031,3.796633068219598,4.266258013960785,-10.759367510931895,-2.590000029097151,0.0,-1.0,1.0,15.668467018368776,-48.0,32.33153298163123,1.6312791416806771,0.0,0.0,1.0,1.0,1.0,0.0,0.0,0.0,1.0,0.0
0.0442,0.0,-59.389981405535664,59.389981405535664,-4.40176184855617,3.8991959576485913,4.36244121285402,-11.013785389286879,-2.497971961539591,0.0,-1.0,1.0,15.467419566192525,-48.0,32.53258043380748,1.6291016730081063,0.0,0.0,1.0,1.0,1.0,0.0,0.0,0.0,1.0,0.0
0.0444,0.0,-59.440485267554834,59.440485267554834,-4.499712873653309,3.999181409091723,4.454472070454867,-11.25888625573775,-2.4036745051420674,0.0,-1.0,1.0,15.273460386573396,-48.0,32.72653961342661,1.6268742486787116,0.0,0.0,1.0,1.0,1.0,0.0,0.0,0.0,1.0,0.0
0.0446,0.0,-59.48993122773452,59.48993122773452,-4.593851639098475,4.0964636729542505,4.542252536871034,-11.49444760307183,-2.3071964632221302,0.0,-1.0,1.0,15.086790255988884,-48.0,32.91320974401112,1.6245987544936018,0.0,0.0,1.0,1.0,1.0,0.0,0.0,0.0,1.0,0.0
0.0448,0.0,-59.53840098177989,59.53840098177989,-4.684092828296669,4.190916671605041,4.625689524981992,-11.720255853200742,-2.208627593507714,0.0,-1.0,1.0,14.90760407340981,-48.0,33.092395926590186,1.6222771198640087,0.0,0.0,1.0,1.0,1.0,0.0,0.0,0.0,1.0,0.0
0.045,0.0,-59.585972787183266,59.585972787183266,-4.770354720025965,4.282414329739702,4.704695099620504,-11.936106446326068,-2.108058484214766,0.0,-1.0,1.0,14.736090565293932,-48.0,33.263909434706065,1.6199113160163383,0.0,0.0,1.0,1.0,1.0,0.0,0.0,0.0,1.0,0.0
0.0452,0.0,-59.63272137972051,59.63272137972051,-4.852559219122311,4.370830916980155,4.779186663283095,-12.14180391819627,-2.005580439871622,0.0,-1.0,1.0,14.572431990746061,-48.0,33.427568009253946,1.6175033541805928,0.0,0.0,1.0,1.0,1.0,0.0,0.0,0.0,1.0,0.0
0.0454,0.0,-59.6787178979068,59.6787178979068,-4.930631883016023,4.456041400659655,4.849087137408932,-12.337161966451587,-1.9012853773193683,0.0,-1.0,1.0,14.416803847949687,-48.0,33.58319615205032,1.615055283764456,0.0,0.0,1.0,1.0,1.0,0.0,0.0,0.0,1.0,0.0
0.0456,0.0,-59.724029815684105,59.724029815684105,-5.0045019445312615,4.5379218066562075,4.914325138186775,-12.522003507092135,-1.7952657322226528,0.0,-1.0,1.0,14.269374583047247,-48.0,33.73062541695276,1.6125691905151145,0.0,0.0,1.0,1.0,1.0,0.0,0.0,0.0,1.0,0.0
0.0458,0.0,-59.76872088357013,59.76872088357013,-5.074102331366059,4.616349586070724,4.974835145776104,-12.696160722132795,-1.6876143763263514,0.0,-1.0,1.0,14.130305302710529,-48.0,33.869694697289475,1.6100471946706767,0.0,0.0,1.0,1.0,1.0,0.0,0.0,0.0,1.0,0.0
0.046,0.0,-59.81285107845346,59.81285107845346,-5.139369682672933,4.691203985500499,5.030557665763607,-12.859475099527131,-1.5784245455904191,0.0,-1.0,1.0,13.999749491695013,-48.0,34.00025050830499,1.607491449102861,0.0,0.0,1.0,1.0,1.0,0.0,0.0,0.0,1.0,0.0
0.0462,0.0,-59.85647656217798,59.85647656217798,-5.200244363158357,4.76236641863411,5.081439381620557,-13.011797466450027,-1.4677897792266812,0.0,-1.0,1.0,13.87785273671431,-48.0,34.12214726328568,1.604904137452382,0.0,0.0,1.0,1.0,1.0,0.0,0.0,0.0,1.0,0.0
0.0464,0.0,-59.89964964902067,59.89964964902067,-5.256670475113951,4.829720836891285,5.12743329688282,-13.15298801702603,-1.355803869550936,0.0,-1.0,1.0,13.764752457998995,-48.0,34.235247542001005,1.6022874722582414,0.0,0.0,1.0,1.0,1.0,0.0,0.0,0.0,1.0,0.0
0.0466,0.0,-59.94241878213024,59.94241878213024,-5.308595868782554,4.893154096849993,5.168498865744064,-13.282916335575896,-1.2425608224537328,0.0,-1.0,1.0,13.660577649920416,-48.0,34.33942235007959,1.5996436930819529,0.0,0.0,1.0,1.0,1.0,0.0,0.0,0.0,1.0,0.0
0.0468,0.0,-59.98482851896036,59.98482851896036,-5.355972151449038,4.952556322243934,5.204602110735705,-13.401461416428699,-1.1281548281794755,0.0,-1.0,1.0,13.565448632061143,-48.0,34.43455136793886,1.5969750646274745,0.0,0.0,1.0,1.0,1.0,0.0,0.0,0.0,1.0,0.0
0.047,0.0,-60.0269195257001,60.0269195257001,-5.398754695628575,5.00782125837527,5.235715726165418,-13.508511681310205,-1.0126802419927756,0.0,-1.0,1.0,13.479476812101083,-48.0,34.52052318789892,1.5942838748574335,0.0,0.0,1.0,1.0,1.0,0.0,0.0,0.0,1.0,0.0
0.0472,0.0,-60.06872858067684,60.06872858067684,-5.436902646704152,5.058846616869183,5.261819166000846,-13.603964995270616,-0.8962315742032985,0.0,-1.0,1.0,13.402764461860832,-48.0,34.597235538139174,1.5915724331060341,0.0,0.0,1.0,1.0,1.0,0.0,0.0,0.0,1.0,0.0
0.0474,0.0,-60.110288586682614,60.110288586682614,-5.4703789303411,5.105534408798194,5.28289871491682,-13.687728682056733,-0.7789034889143736,0.0,-1.0,1.0,13.335404507801393,-48.0,34.66459549219861,1.5888430681888595,0.0,0.0,1.0,1.0,1.0,0.0,0.0,0.0,1.0,0.0
0.0476,0.0,-60.15162859215321,60.15162859215321,-5.499150259978836,5.14779126432313,5.298947541273969,-13.75971953976495,-0.6607908107605809,0.0,-1.0,1.0,13.277480337222617,-48.0,34.72251966277739,1.5860981265095768,0.0,0.0,1.0,1.0,1.0,0.0,0.0,0.0,1.0,0.0
0.0478,0.0,-60.19277382111026,60.19277382111026,-5.5231871446696585,5.185528737132847,5.309965730863947,-13.819863857533264,-0.541988538805473,0.0,-1.0,1.0,13.229065621331948,-48.0,34.77093437866805,1.5833399701634174,0.0,0.0,1.0,1.0,1.0,0.0,0.0,0.0,1.0,0.0
0.048,0.0,-60.233745711762154,60.233745711762154,-5.542463897501274,5.218663592114376,5.31596030034223,-13.868097433943337,-0.422591866685611,0.0,-1.0,1.0,13.190224156270421,-48.0,34.80977584372958,1.5805709750371673,0.0,0.0,1.0,1.0,1.0,0.0,0.0,0.0,1.0,0.0
0.0482,0.0,-60.274561963645496,60.274561963645496,-5.556958644804179,5.247118074847507,5.31694518937245,-13.904365597708205,-0.3026962080075002,0.0,-1.0,1.0,13.161009723085844,-48.0,34.83899027691415,1.5777935289052476,0.0,0.0,1.0,1.0,1.0,0.0,0.0,0.0,1.0,0.0
0.0484,0.0,-60.31523659317803,60.31523659317803,-5.5666533363073105,5.270820161689938,5.312941230627047,-13.928623231118449,-0.18239722593855134,0.0,-1.0,1.0,13.141465967534199,-48.0,34.8585340324658,1.5750100295213971,0.0,0.0,1.0,1.0,1.0,0.0,0.0,0.0,1.0,0.0
0.0486,0.0,-60.35577999748587,60.35577999748587,-5.571533756365944,5.2897037893996774,5.303976096925831,-13.94083479661083,-0.06179086587514959,0.0,-1.0,1.0,13.131626300471304,-48.0,34.86837369952869,1.5722228827053522,0.0,0.0,1.0,1.0,1.0,0.0,0.0,0.0,1.0,0.0
0.0488,0.0,-60.39619902635953,60.39619902635953,-5.571589536344855,5.303709063427302,5.290084224946498,-13.940974366709336,0.05902660997309184,0.0,-1.0,1.0,13.131513819468246,-48.0,34.86848618053175,1.5694345004238768,0.0,0.0,1.0,1.0,1.0,0.0,0.0,0.0,1.0,0.0
0.049,0.0,-60.436497062187904,60.436497062187904,-5.566814168197948,5.312782444199922,5.271306715107597,-13.929025657470934,0.17995858727533687,0.0,-1.0,1.0,13.141141252148294,-48.0,34.85885874785172,1.5666472988654694,0.0,0.0,1.0,1.0,1.0,0.0,0.0,0.0,1.0,0.0
0.0492,0.0,-60.47667410771355,60.47667410771355,-5.5572050192427325,5.316876910908863,5.247691207402874,-13.90498206544775,0.30090806476058773,0.0,-1.0,1.0,13.160510921601398,-48.0,34.83948907839859,1.5638636965080104,0.0,0.0,1.0,1.0,1.0,0.0,0.0,0.0,1.0,0.0
0.0494,0.0,-60.51672688144758,60.51672688144758,-5.542763348085318,5.315952102501503,5.219291733155361,-13.868846708056074,0.42177762110402384,0.0,-1.0,1.0,13.189614734086252,-48.0,34.81038526591375,1.561086112178682,0.0,0.0,1.0,1.0,1.0,0.0,0.0,0.0,1.0,0.0
0.0496,0.0,-60.55664892057797,60.55664892057797,-5.523494321608584,5.309974435762407,5.1861685428569855,-13.82063246712102,0.5424693847266475,0.0,-1.0,1.0,13.228434189081721,-48.0,34.771565810918275,1.5583169631054932,0.0,0.0,1.0,1.0,1.0,0.0,0.0,0.0,1.0,0.0
0.0498,0.0,-60.59643069119817,60.59643069119817,-5.4994070328940365,5.298917200547641,5.148387910463164,-13.760362035246022,0.6628850076934896,0.0,-1.0,1.0,13.276940411600561,-48.0,34.72305958839944,1.5555586629598066,0.0,0.0,1.0,1.0,1.0,0.0,0.0,0.0,1.0,0.0
0.05,0.0,-60.636059705678036,60.636059705678036,-5.470514519906437,5.28276063240678,5.106021914719032,-13.688067964539503,0.7829256448596063,0.0,-1.0,1.0,13.335094206530657,-48.0,34.66490579346934,1.5528136198893392,0.0,0.0,1.0,1.0,1.0,0.0,0.0,0.0,1.0,0.0
0.0502,0.0,-60.675520646989334,60.675520646989334,-5.4368337847302035,5.261491962987769,5.059148198302779,-13.603792717118713,0.9024919393607149,0.0,-1.0,1.0,13.402846134624522,-48.0,34.59715386537548,1.5500842345412436,0.0,0.0,1.0,1.0,1.0,0.0,0.0,0.0,1.0,0.0
0.0504,0.0,-60.714795499790334,60.714795499790334,-5.398385813108268,5.2351054487690885,5.007849705777792,-13.507588716703578,1.0214840154858322,0.0,-1.0,1.0,13.480136609618292,-48.0,34.519863390381715,1.5473728980749464,0.0,0.0,1.0,1.0,1.0,0.0,0.0,0.0,1.0,0.0
0.0506,0.0,-60.75386368806115,60.75386368806115,-5.355195593997809,5.203602378799731,4.952214401548964,-13.399518400514106,1.1398014798893463,0.0,-1.0,1.0,13.566896015827842,-48.0,34.433103984172156,1.5446819901646482,0.0,0.0,1.0,1.0,1.0,0.0,0.0,0.0,1.0,0.0
0.0508,0.0,-60.79270221906925,60.79270221906925,-5.307292138823564,5.166991062249666,4.892334969213572,-13.279654270592655,1.257343432017759,0.0,-1.0,1.0,13.663044845444816,-48.0,34.33695515455518,1.5420138769914682,0.0,0.0,1.0,1.0,1.0,0.0,0.0,0.0,1.0,0.0
0.051,0.0,-60.83128583342771,60.83128583342771,-5.25470850007838,5.125286796680282,4.828308493884218,-13.148078943590118,1.3740084845262395,0.0,-1.0,1.0,13.768493854639374,-48.0,34.23150614536063,1.5393709092254668,0.0,0.0,1.0,1.0,1.0,0.0,0.0,0.0,1.0,0.0
0.0512,0.0,-60.86958716099073,60.86958716099073,-5.197481788893022,5.078511818035505,4.760236129235804,-13.00488519798257,1.4896947943549002,0.0,-1.0,1.0,13.883144237471324,-48.0,34.11685576252867,1.5367554199979534,0.0,0.0,1.0,1.0,1.0,0.0,0.0,0.0,1.0,0.0
0.0514,0.0,-60.90757688231088,60.90757688231088,-5.135653191172835,5.026695233429344,4.688222751188733,-12.850176017623625,1.604300105021366,0.0,-1.0,1.0,14.006887816518127,-48.0,33.99311218348188,1.5341697228646933,0.0,0.0,1.0,1.0,1.0,0.0,0.0,0.0,1.0,0.0
0.0516,0.0,-60.94522389535867,60.94522389535867,-5.069267981878439,4.969872937864321,4.612376600284563,-12.684064630488011,1.7177218005653465,0.0,-1.0,1.0,14.13960724904712,-48.0,33.86039275095288,1.5316161097608645,0.0,0.0,1.0,1.0,1.0,0.0,0.0,0.0,1.0,0.0
0.0518,0.0,-60.982495487179676,60.982495487179676,-4.998375537011036,4.908087516057834,4.532808914935967,-12.506674541424713,1.8298569714553636,0.0,-1.0,1.0,14.281176247492063,-48.0,33.718823752507944,1.5290968489488566,0.0,0.0,1.0,1.0,1.0,0.0,0.0,0.0,1.0,0.0
0.052,0.0,-61.019357510138,61.019357510138,-4.923029342850645,4.8413881305804,4.449633557838031,-12.31813955771308,1.9406024926410232,0.0,-1.0,1.0,14.431459812940137,-48.0,33.56854018705987,1.5266141829602062,0.0,0.0,1.0,1.0,1.0,0.0,0.0,0.0,1.0,0.0
0.0522,0.0,-61.05577456236347,61.05577456236347,-4.84328700198766,4.7698303975212655,4.362966637912086,-12.118603806203748,2.0498551138025434,0.0,-1.0,1.0,14.590314480295664,-48.0,33.40968551970434,1.5241703265332458,0.0,0.0,1.0,1.0,1.0,0.0,0.0,0.0,1.0,0.0
0.0524,0.0,-61.091710171990975,61.091710171990975,-4.759210235684741,4.693476250894184,4.272926130214486,-11.908221740827491,2.1575115617199287,0.0,-1.0,1.0,14.757588573760923,-48.0,33.24241142623907,1.5217674645482635,0.0,0.0,1.0,1.0,1.0,0.0,0.0,0.0,1.0,0.0
0.0526,0.0,-61.12712698474672,61.12712698474672,-4.670864882107299,4.612393796979999,4.179631496280781,-11.68715813926923,2.2634686545540603,0.0,-1.0,1.0,14.933122471262314,-48.0,33.06687752873768,1.51940774996224,0.0,0.0,1.0,1.0,1.0,0.0,0.0,0.0,1.0,0.0
0.0528,0.0,-61.16198695440395,61.16198695440395,-4.578320889966672,4.5266571597745155,4.083203307389302,-11.455588087631625,2.367623427709333,0.0,-1.0,1.0,15.116748876451418,-48.0,32.883251123548575,1.5170933017454113,0.0,0.0,1.0,1.0,1.0,0.0,0.0,0.0,1.0,0.0
0.053,0.0,-61.19625153559698,61.19625153559698,-4.481652307130598,4.436346318670606,3.9837628732187227,-11.213696951951826,2.4698732708216973,0.0,-1.0,1.0,15.30829309692474,-48.0,32.69170690307526,1.5148262028222128,0.0,0.0,1.0,1.0,1.0,0.0,0.0,0.0,1.0,0.0
0.0532,0.0,-61.22988187844896,61.22988187844896,-4.3809372637706945,4.341546939454918,3.881431878339653,-10.961680335486331,2.5701160753045365,0.0,-1.0,1.0,15.507573327332018,-48.0,32.49242667266799,1.5126084980193109,0.0,0.0,1.0,1.0,1.0,0.0,0.0,0.0,1.0,0.0
0.0534,0.0,-61.26283902443678,61.26283902443678,-4.276257949636084,4.242350199642443,3.7763320289236337,-10.699744020741276,2.6682503917725526,0.0,-1.0,1.0,15.714400936080878,-48.0,32.28559906391912,1.510442192023699,0.0,0.0,1.0,1.0,1.0,0.0,0.0,0.0,1.0,0.0
0.0536,0.0,-61.2950841028843,61.2950841028843,-4.167700585066226,4.138852609108762,3.668584711972735,-10.428103895298474,2.7641755965660444,0.0,-1.0,1.0,15.928580754393025,-48.0,32.071419245606975,1.5083292473539878,0.0,0.0,1.0,1.0,1.0,0.0,0.0,0.0,1.0,0.0
0.0538,0.0,-61.32657852744594,61.32657852744594,-4.05535538538374,4.031155826911038,3.558310669271954,-10.146985860569801,2.8577920665051018,0.0,-1.0,1.0,16.149911366524766,-48.0,31.850088633475238,1.5062715823482173,0.0,0.0,1.0,1.0,1.0,0.0,0.0,0.0,1.0,0.0
0.054,0.0,-61.35728419191509,61.35728419191509,-3.9393165183398855,3.9193664751165938,3.4456296881456208,-9.856625722704168,2.9490013609209207,0.0,-1.0,1.0,16.378185400029007,-48.0,31.621814599970996,1.5042710691717032,0.0,0.0,1.0,1.0,1.0,0.0,0.0,0.0,1.0,0.0
0.0542,0.0,-61.38716366466644,61.38716366466644,-3.8196820543204746,3.8035959503834227,3.3306603109590003,-9.557269064969812,3.0377064099421602,0.0,-1.0,1.0,16.61318981500832,-48.0,31.386810184991685,1.502329531848534,0.0,0.0,1.0,1.0,1.0,0.0,0.0,0.0,1.0,0.0
0.0544,0.0,-61.41618038102056,61.41618038102056,-3.6965539090583803,3.6839602339615403,3.2135195651502415,-9.249171101040082,3.1238117079522567,0.0,-1.0,1.0,16.854706191385727,-48.0,31.145293808614273,1.5004487443204988,0.0,0.0,1.0,1.0,1.0,0.0,0.0,0.0,1.0,0.0
0.0546,0.0,-61.44429883280027,61.44429883280027,-3.5700377786401423,3.560579700709348,3.0943227154066824,-8.932596508721993,3.20722351108596,0.0,-1.0,1.0,17.10251101330184,-48.0,30.897488986698157,1.4986304285373013,0.0,0.0,1.0,1.0,1.0,0.0,0.0,0.0,1.0,0.0
0.0548,0.0,-61.47148475433498,61.47148475433498,-3.4402430666377155,3.4335789276457325,2.973183039415827,-8.607819243781767,3.287850037595497,0.0,-1.0,1.0,17.356375949831502,-48.0,30.643624050168494,1.496876252582016,0.0,0.0,1.0,1.0,1.0,0.0,0.0,0.0,1.0,0.0
0.055,0.0,-61.497705304160334,61.497705304160334,-3.307282803242048,3.303086502487944,2.850211628427226,-8.275122333639986,3.365601669890239,0.0,-1.0,1.0,17.616068131300366,-48.0,30.38393186869963,1.4951878288357967,0.0,0.0,1.0,1.0,1.0,0.0,0.0,0.0,1.0,0.0
0.0552,0.0,-61.5229292416539,61.5229292416539,-3.1712735563224372,3.1692348325582147,2.7255172136587333,-7.934797650829437,3.440391157041585,0.0,-1.0,1.0,17.88135042056909,-48.0,30.118649579430915,1.4935667121858514,0.0,0.0,1.0,1.0,1.0,0.0,0.0,0.0,1.0,0.0
0.0554,0.0,-61.54712709785036,61.54712709785036,-3.032335334383877,3.032159954378954,2.599206019372381,-7.587145666229927,3.5121338165377516,0.0,-1.0,1.0,18.151981678740455,-48.0,29.84801832125954,1.492014398280771,0.0,0.0,1.0,1.0,1.0,0.0,0.0,0.0,1.0,0.0
0.0556,0.0,-61.57027133968347,61.57027133968347,-2.8905914814435136,2.8920013442183397,2.471381643232181,-7.232475182215309,3.58074773408374,0.0,-1.0,1.0,18.42771702483123,-48.0,29.57228297516877,1.490532321837204,0.0,0.0,1.0,1.0,1.0,0.0,0.0,0.0,1.0,0.0
0.0558,0.0,-61.59233652691388,61.59233652691388,-2.7461685638965787,2.7489017297951333,2.342144964341958,-6.871103045967878,3.646153960257184,0.0,-1.0,1.0,18.70830808903488,-48.0,29.291691910965127,1.4891218550019043,0.0,0.0,1.0,1.0,1.0,0.0,0.0,0.0,1.0,0.0
0.056,0.0,-61.613299461017725,61.613299461017725,-2.599196249491081,2.6030069033043612,2.2115940791471904,-6.503353843333049,3.7082767028586865,0.0,-1.0,1.0,18.993503259283145,-48.0,29.006496740716855,1.487784305773057,0.0,0.0,1.0,1.0,1.0,0.0,0.0,0.0,1.0,0.0
0.0562,0.0,-61.633139325332756,61.633139325332756,-2.4498071785786895,2.454465535883494,2.0798242651725807,-6.129559573701201,3.767043513829954,0.0,-1.0,1.0,19.28304792089327,-48.0,28.716952079106726,1.4865209164847537,0.0,0.0,1.0,1.0,1.0,0.0,0.0,0.0,1.0,0.0
0.0564,0.0,-61.6518378157862,61.6518378157862,-2.2981368278566134,2.3034289936030516,1.9469279723590172,-5.750059306514713,3.8223854696590003,0.0,-1.0,1.0,19.57668468916235,-48.0,28.42331531083765,1.4853328623583266,0.0,0.0,1.0,1.0,1.0,0.0,0.0,0.0,1.0,0.0
0.0566,0.0,-61.6693792615601,61.6693792615601,-2.1443233668608,2.1500511550346704,1.8129948415608275,-5.365198820103278,3.8742373442409708,0.0,-1.0,1.0,19.87415363484145,-48.0,28.12584636515855,1.4842212501241685,0.0,0.0,1.0,1.0,1.0,0.0,0.0,0.0,1.0,0.0
0.0568,0.0,-61.68575073508858,61.68575073508858,-1.9885075075147525,1.994488230424479,1.678111749568502,-4.975330223651079,3.9225377732223876,0.0,-1.0,1.0,20.17519250248876,-48.0,27.824807497511244,1.4831871167174846,0.0,0.0,1.0,1.0,1.0,0.0,0.0,0.0,1.0,0.0
0.057,0.0,-61.70094215082192,61.70094215082192,-1.8308323470800096,1.8368985824791986,1.5423628798346989,-4.580811563193654,3.9672294089194082,0.0,-1.0,1.0,20.479536921763042,-48.0,27.52046307823696,1.4822314280512634,0.0,0.0,1.0,1.0,1.0,0.0,0.0,0.0,1.0,0.0
0.0572,0.0,-61.71494635224148,61.71494635224148,-1.6714432048934367,1.6774425487561895,1.4058298179030986,-4.182006412629357,4.008259064970005,0.0,-1.0,1.0,20.78692061177692,-48.0,27.21307938822308,1.481355077869564,0.0,0.0,1.0,1.0,1.0,0.0,0.0,0.0,1.0,0.0
0.0574,0.0,-61.72775918665848,61.72775918665848,-1.5104874533132255,1.5162822656368047,1.26859167037224,-3.7792834508114126,4.045577849951556,0.0,-1.0,1.0,21.09707557868225,-48.0,26.902924421317746,1.4805588866840094,0.0,0.0,1.0,1.0,1.0,0.0,0.0,0.0,1.0,0.0
0.0576,0.0,-61.739379567386,61.739379567386,-1.3481143433288523,1.3535814938534063,1.1307252060697233,-3.373016025859024,4.079141289271327,0.0,-1.0,1.0,21.40973230670958,-48.0,26.590267693290418,1.4798436007961668,0.0,0.0,1.0,1.0,1.0,0.0,0.0,0.0,1.0,0.0
0.0578,0.0,-61.749809522931784,61.749809522931784,-1.1844748253207835,1.1895054455345788,0.9923050179674541,-2.9635817078916853,4.108909434716928,0.0,-1.0,1.0,21.7246199429282,-48.0,26.2753800570718,1.4792098914082348,0.0,0.0,1.0,1.0,1.0,0.0,0.0,0.0,1.0,0.0
0.058,0.0,-61.759054232920406,61.759054232920406,-1.0197213654827357,1.0242206127290787,0.8534037042362124,-2.5513618314480406,4.134846961131853,0.0,-1.0,1.0,22.041466476034618,-48.0,25.958533523965386,1.478658353824239,0.0,0.0,1.0,1.0,1.0,0.0,0.0,0.0,1.0,0.0
0.0582,0.0,-61.76712205051862,61.76712205051862,-0.8540077584430305,0.8578945973668641,0.7140920667180314,-2.1367410289002184,4.156923249763967,0.0,-1.0,1.0,22.359998909514523,-48.0,25.64000109048548,1.4781895067436726,0.0,0.0,1.0,1.0,1.0,0.0,0.0,0.0,1.0,0.0
0.0584,0.0,-61.774024511203265,61.774024511203265,-0.6874889366415202,0.6906959426139243,0.5744393249878852,-1.720106756215275,4.175112457916381,0.0,-1.0,1.0,22.679943429557575,-48.0,25.320056570442425,1.477803791649231,0.0,0.0,1.0,1.0,1.0,0.0,0.0,0.0,1.0,0.0
0.0586,0.0,-61.77977632777905,61.77977632777905,-0.5203207770352986,0.5227939655768558,0.43451334408265146,-1.3018488124489869,4.1893935746113975,0.0,-1.0,1.0,23.001025568134946,-48.0,24.998974431865054,1.4775015722900542,0.0,0.0,1.0,1.0,1.0,0.0,0.0,0.0,1.0,0.0
0.0588,0.0,-61.784395371622914,61.784395371622914,-0.35265990571904376,0.35435859131169406,0.29438087389449713,-0.8823588543815072,4.19975046206012,0.0,-1.0,1.0,23.32297036167786,-48.0,24.67702963832214,1.4772831342615798,0.0,0.0,1.0,1.0,1.0,0.0,0.0,0.0,1.0,0.0
0.059,0.0,-61.78790264020237,61.78790264020237,-0.18466350105514753,0.185560188089828,0.15410779815855066,-0.46202990772138897,4.206171882810949,0.0,-1.0,1.0,23.645502505820666,-48.0,24.354497494179338,1.477148684682826,0.0,0.0,1.0,1.0,1.0,0.0,0.0,0.0,1.0,0.0
0.0592,0.0,-61.79032221098282,61.79032221098282,-0.016489095914301203,0.01656940387097098,0.013759390910475096,-0.041255876313162396,4.208651512528473,0.0,-1.0,1.0,23.968346506694978,-48.0,24.031653493305026,1.4770983519716667,0.0,0.0,1.0,1.0,1.0,0.0,0.0,0.0,1.0,0.0
0.0594,0.0,-61.79168118191113,61.79168118191113,0.15170562037081842,-0.15244299607090817,-0.12659942175155756,0.37956894921535744,4.207187938432472,0.0,-1.0,1.0,24.29122682928205,-48.0,23.708773170717947,1.477132185718344,0.0,0.0,1.0,1.0,1.0,0.0,0.0,0.0,1.0,0.0
0.0596,0.0,-61.792009598729784,61.792009598729784,0.3197629997378667,-0.32130629042856257,-0.2669037967941718,0.8000503819369018,4.201784643502911,0.0,-1.0,1.0,24.613868043349235,-48.0,23.386131956650765,1.4772501566571836,0.0,0.0,1.0,1.0,1.0,0.0,0.0,0.0,1.0,0.0
0.0598,0.0,-61.791340369443695,61.791340369443695,0.4875256322172108,-0.489849962116359,-0.40708870847406947,1.2197948268243801,4.192449976629433,0.0,-1.0,1.0,24.935994967512425,-48.0,23.06400503248757,1.4774521567362036,0.0,0.0,1.0,1.0,1.0,0.0,0.0,0.0,1.0,0.0
0.06,0.0,-61.78970916632814,61.78970916632814,0.6548365412571542,-0.6579038575752805,-0.5470886838724549,1.6384097652729008,4.1791971089559645,0.0,-1.0,1.0,25.257332811981023,-48.0,22.74266718801898,1.477737999284024,0.0,0.0,1.0,1.0,1.0,0.0,0.0,0.0,1.0,0.0
0.0602,0.0,-61.787154315928376,61.787154315928376,0.8215393769765758,-0.8252983452148106,-0.6868375419392506,2.055504234579059,4.162043976740531,0.0,-1.0,1.0,25.577607320553604,-48.0,22.422392679446396,1.4781074192731911,0.0,0.0,1.0,1.0,1.0,0.0,0.0,0.0,1.0,0.0
0.0604,0.0,-61.78371667756339,61.78371667756339,0.9874786067846953,-0.9918644730906515,-0.8262681382246804,2.4706893010477744,4.1410132111161175,0.0,-1.0,1.0,25.896544912442362,-48.0,22.103455087557634,1.4785600736787865,0.0,0.0,1.0,1.0,1.0,0.0,0.0,0.0,1.0,0.0
0.0606,0.0,-61.77943951090318,61.77943951090318,1.1524997028258632,-1.1574341259305891,-0.9653121174400573,2.8835785254387267,4.116132055203241,0.0,-1.0,1.0,26.213872824511185,-48.0,21.78612717548881,1.4790955419309095,0.0,0.0,1.0,1.0,1.0,0.0,0.0,0.0,1.0,0.0
0.0608,0.0,-61.774368333242926,61.774368333242926,1.316449325728583,-1.3218401816352083,-1.1038996759414885,3.2937884195128255,4.087432269085568,0.0,-1.0,1.0,26.52931925451693,-48.0,21.470680745483065,1.4797133264593856,0.0,0.0,1.0,1.0,1.0,0.0,0.0,0.0,1.0,0.0
0.061,0.0,-61.76855076714835,61.76855076714835,1.4791755041618422,-1.4849166673947363,-1.2419593361693269,3.7009388924928035,4.054950023219483,0.0,-1.0,1.0,26.842613505943877,-48.0,21.157386494056123,1.4804128533287877,0.0,0.0,1.0,1.0,1.0,0.0,0.0,0.0,1.0,0.0
0.0612,0.0,-61.76203637919164,61.76203637919164,1.6405278097288154,-1.6464989155782408,-1.3794177350033332,4.104653686312398,4.018725780903662,0.0,-1.0,1.0,27.1534861350196,-48.0,20.846513864980395,1.4811934729616454,0.0,0.0,1.0,1.0,1.0,0.0,0.0,0.0,1.0,0.0
0.0614,0.0,-61.754876510539994,61.754876510539994,1.8003575267571819,-1.8064237195654147,-1.5161994279080888,4.504560798593548,3.9788041704871873,0.0,-1.0,1.0,27.461669100493936,-48.0,20.538330899506064,1.4820544609475048,0.0,0.0,1.0,1.0,1.0,0.0,0.0,0.0,1.0,0.0
0.0616,0.0,-61.74712410019445,61.74712410019445,1.9585178165770405,-1.9645294897041214,-1.6522267106456363,4.900292892361466,3.9352338480459608,0.0,-1.0,1.0,27.76689591675192,-48.0,20.23310408324808,1.4829950189352648,0.0,0.0,1.0,1.0,1.0,0.0,0.0,0.0,1.0,0.0
0.0618,0.0,-61.738833501709124,61.738833501709124,2.114863875911451,-2.120656409588064,-1.7874194602230347,5.291487691583036,3.888067351302869,0.0,-1.0,1.0,28.068901810817,-48.0,19.931098189182997,1.4840142756060521,0.0,0.0,1.0,1.0,1.0,0.0,0.0,0.0,1.0,0.0
0.062,0.0,-61.7300602942477,61.7300602942477,2.2692530890403826,-2.274646592857198,-1.9216949966211152,5.677788361693215,3.8373609456106763,0.0,-1.0,1.0,28.36742388377954,-48.0,19.632576116220463,1.4851112877237176,0.0,0.0,1.0,1.0,1.0,0.0,0.0,0.0,1.0,0.0
0.0622,0.0,-61.72086108885466,61.72086108885466,2.421545173436821,-2.4263442407289,-2.0549679667183365,6.058843874358534,3.783174462855623,0.0,-1.0,1.0,28.662201277160438,-48.0,19.337798722839562,1.4862850412598834,0.0,0.0,1.0,1.0,1.0,0.0,0.0,0.0,1.0,0.0
0.0624,0.0,-61.711293330834614,61.711293330834614,2.571602318613064,-2.5755958004690473,-2.1871502516796713,6.434309355814241,3.7255711341788142,0.0,-1.0,1.0,28.952975344687424,-48.0,19.047024655312576,1.4875344525902936,0.0,0.0,1.0,1.0,1.0,0.0,0.0,0.0,1.0,0.0
0.0626,0.0,-61.70141509914374,61.70141509914374,2.7192893179560724,-2.7222501250087383,-2.3181508989266146,6.80384641820296,3.664617417440372,0.0,-1.0,1.0,29.23948982992375,-48.0,18.76051017007625,1.4888583697591538,0.0,0.0,1.0,1.0,1.0,0.0,0.0,0.0,1.0,0.0
0.0628,0.0,-61.69128490370121,61.69128490370121,2.8644736933723647,-2.8661586339034084,-2.447876079639847,7.167123473436266,3.6003828203826593,0.0,-1.0,1.0,29.52149105014399,-48.0,18.478508949856003,1.4902555738079906,0.0,0.0,1.0,1.0,1.0,0.0,0.0,0.0,1.0,0.0
0.063,0.0,-61.6809614815278,61.6809614815278,3.007025812606255,-3.00717547581692,-2.5762290725733847,7.523816029198616,3.5329397204703703,0.0,-1.0,1.0,29.798728086801407,-48.0,18.20127191319859,1.4917247801655058,0.0,0.0,1.0,1.0,1.0,0.0,0.0,0.0,1.0,0.0
0.0632,0.0,-61.670503592612455,61.670503592612455,3.1468189991380364,-3.1451576926915723,-2.703110274777,7.873606966810536,3.462363182404161,0.0,-1.0,1.0,30.070952982872324,-48.0,17.92904701712768,1.4932646400948255,0.0,0.0,1.0,1.0,1.0,0.0,0.0,0.0,1.0,0.0
0.0634,0.0,-61.65996981639533,61.65996981639533,3.2837296346125324,-3.2799653857371607,-2.8284172396349665,8.216186800768778,3.388730774318006,0.0,-1.0,1.0,30.337920947298592,-48.0,17.6620790527014,1.494873742194483,0.0,0.0,1.0,1.0,1.0,0.0,0.0,0.0,1.0,0.0
0.0636,0.0,-61.649418349738966,61.649418349738966,3.4176372537922193,-3.4114618833371684,-2.9520447424344542,8.551253919882873,3.312122383677309,0.0,-1.0,1.0,30.59939056667803,-48.0,17.400609433321968,1.4965506139494784,0.0,0.0,1.0,1.0,1.0,0.0,0.0,0.0,1.0,0.0
0.0638,0.0,-61.6389068072368,61.6389068072368,3.548424632072221,-3.5395139109273317,-3.0738848734769255,8.878514810028758,3.232620033896861,0.0,-1.0,1.0,30.85512402427435,-48.0,17.14487597572565,1.498293723328719,0.0,0.0,1.0,1.0,1.0,0.0,0.0,0.0,1.0,0.0
0.064,0.0,-61.62849202468095,61.62849202468095,3.6759778656376074,-3.6639917628522007,-3.193827158543281,9.19768425864288,3.1503077026928636,0.0,-1.0,1.0,31.104887326335348,-48.0,16.895112673664656,1.5001014804251882,0.0,0.0,1.0,1.0,1.0,0.0,0.0,0.0,1.0,0.0
0.0642,0.0,-61.61822986648036,61.61822986648036,3.800186444384591,-3.7847694761472543,-3.3117587063183045,9.508485541179617,3.065271143171472,0.0,-1.0,1.0,31.34845053561737,-48.0,16.651549464382626,1.5019722391351975,0.0,0.0,1.0,1.0,1.0,0.0,0.0,0.0,1.0,0.0
0.0644,0.0,-61.608175037784335,61.608175037784335,3.920943317768404,-3.901725006130207,-3.427564382175833,9.810650589855886,2.9775977086383243,0.0,-1.0,1.0,31.585588011921423,-48.0,16.414411988078577,1.50390429887316,0.0,0.0,1.0,1.0,1.0,0.0,0.0,0.0,1.0,0.0
0.0646,0.0,-61.598380902026804,61.598380902026804,4.03814495377887,-4.014740403613096,-3.5411270075227663,10.10392014510246,2.8873761820866797,0.0,-1.0,1.0,31.8160786593468,-48.0,16.1839213406532,1.5058959063183694,0.0,0.0,1.0,1.0,1.0,0.0,0.0,0.0,1.0,0.0
0.0648,0.0,-61.58889930456427,61.58889930456427,4.151691391282183,-4.123701993469675,-3.652327583701227,10.388043890236968,2.794696611290032,0.0,-1.0,1.0,32.039706179867636,-48.0,15.960293820132364,1.5079452571903875,0.0,0.0,1.0,1.0,1.0,0.0,0.0,0.0,1.0,0.0
0.065,0.0,-61.579780403035016,61.579780403035016,4.261486286001831,-4.2285005542092255,-3.761045539254766,10.66278056996332,2.6996501503821264,0.0,-1.0,1.0,32.25625933273382,-48.0,15.74374066726617,1.510050498049736,0.0,0.0,1.0,1.0,1.0,0.0,0.0,0.0,1.0,0.0
0.0652,0.0,-61.5710725050182,61.5710725050182,4.367436950443856,-4.329031498120325,-3.867158999178703,10.927898093388457,2.602328908760043,0.0,-1.0,1.0,32.46553219909337,-48.0,15.534467800906633,1.5122097281207234,0.0,0.0,1.0,1.0,1.0,0.0,0.0,0.0,1.0,0.0
0.0654,0.0,-61.562821913522924,61.562821913522924,4.469454388101202,-4.425195051456992,-3.970545074599081,11.183173622328358,2.5028258080878665,0.0,-1.0,1.0,32.66732445112923,-48.0,15.332675548870764,1.5144210011333974,0.0,0.0,1.0,1.0,1.0,0.0,0.0,0.0,1.0,0.0
0.0656,0.0,-61.55507278078466,61.55507278078466,4.567453322297923,-4.516896434045889,-4.07108017116019,11.428393645749347,2.40123444811454,0.0,-1.0,1.0,32.86144162490096,-48.0,15.138558375099038,1.5166823271817553,0.0,0.0,1.0,1.0,1.0,0.0,0.0,0.0,1.0,0.0
0.0658,0.0,-61.54786697079521,61.54786697079521,4.661352220057248,-4.604046037598942,-4.168640314250178,11.663354041258991,2.297648981947553,0.0,-1.0,1.0,33.047695395981805,-48.0,14.952304604018195,1.5189916745955283,0.0,0.0,1.0,1.0,1.0,0.0,0.0,0.0,1.0,0.0
0.066,0.0,-61.541243930940496,61.541243930940496,4.751073311396889,-4.686559601921589,-4.263101489059133,11.887860124620982,2.192164001343766,0.0,-1.0,1.0,33.22590385688725,-48.0,14.774096143112754,1.5213469718230554,0.0,0.0,1.0,1.0,1.0,0.0,0.0,0.0,1.0,0.0
0.0662,0.0,-61.5352405730666,61.5352405730666,4.836542604470535,-4.764358388114717,-4.354339993345666,12.101726688319943,2.0848744324929775,0.0,-1.0,1.0,33.395891795200725,-48.0,14.604108204799271,1.5237461093229419,0.0,0.0,1.0,1.0,1.0,0.0,0.0,0.0,1.0,0.0
0.0664,0.0,-61.529891164245555,61.529891164245555,4.917689896986705,-4.837369347780314,-4.442232800689014,12.304778030245805,1.9758754426761271,0.0,-1.0,1.0,33.55749097122137,-48.0,14.442509028778638,1.526186941462431,0.0,0.0,1.0,1.0,1.0,0.0,0.0,0.0,1.0,0.0
0.0666,0.0,-61.52522722745946,61.52522722745946,4.994448784343563,-4.905525287157456,-4.526657931923515,12.496847973599772,1.865262358082468,0.0,-1.0,1.0,33.710540393884045,-48.0,14.289459606115951,1.5286672884206072,0.0,0.0,1.0,1.0,1.0,0.0,0.0,0.0,1.0,0.0
0.0668,0.0,-61.52127745237629,61.52127745237629,5.0667566649224876,-4.968765025039652,-4.607494832394354,12.677779879147987,1.753130592964549,0.0,-1.0,1.0,33.854886593639485,-48.0,14.145113406360512,1.5311849380948095,0.0,0.0,1.0,1.0,1.0,0.0,0.0,0.0,1.0,0.0
0.067,0.0,-61.51806761634163,61.51806761634163,5.134554742982725,-5.027033543257288,-4.684624752636254,12.847426650961136,1.6395755902041849,0.0,-1.0,1.0,33.99038389092949,-48.0,14.009616109070507,1.5337376480088099,0.0,0.0,1.0,1.0,1.0,0.0,0.0,0.0,1.0,0.0
0.0672,0.0,-61.5156205156687,61.5156205156687,5.197788029594864,-5.08028212845208,-4.757931130062661,13.005650736779767,1.5246927732491358,0.0,-1.0,1.0,34.11689465885223,-48.0,13.883105341147768,1.5363231472215955,0.0,0.0,1.0,1.0,1.0,0.0,0.0,0.0,1.0,0.0
0.0674,0.0,-61.513955907267366,61.513955907267366,5.256405342042811,-5.128468503826042,-4.827299969261318,13.152324124136259,1.4085775092687207,0.0,-1.0,1.0,34.23428957858649,-48.0,13.765710421413509,1.5389391382357749,0.0,0.0,1.0,1.0,1.0,0.0,0.0,0.0,1.0,0.0
0.0676,0.0,-61.51309046061515,61.51309046061515,5.310359302110849,-5.171556949516006,-4.8926202185227154,13.287328333342389,1.2913250832616754,0.0,-1.0,1.0,34.34244788613021,-48.0,13.657552113869787,1.5415832989048774,0.0,0.0,1.0,1.0,1.0,0.0,0.0,0.0,1.0,0.0
0.0678,0.0,-61.513037720039016,61.513037720039016,5.35960633365646,-5.209518410228724,-4.9537841402814875,13.410554408420133,1.1730306827355292,0.0,-1.0,1.0,34.44125760891156,-48.0,13.558742391088437,1.5442532843390304,0.0,0.0,1.0,1.0,1.0,0.0,0.0,0.0,1.0,0.0
0.068,0.0,-61.51380807724534,61.51380807724534,5.404106659848902,-5.242330588771129,-5.01068767322513,13.521902907008725,1.0537893924652018,0.0,-1.0,1.0,34.53061579084704,-48.0,13.469384209152967,1.5469467288086967,0.0,0.0,1.0,1.0,1.0,0.0,0.0,0.0,1.0,0.0
0.0682,0.0,-61.51540875400825,61.51540875400825,5.443824300430156,-5.269978024127365,-5.0632307839203055,13.621283890227074,0.9336961987280326,0.0,-1.0,1.0,34.610428704453994,-48.0,13.389571295546013,1.5496612476463802,0.0,0.0,1.0,1.0,1.0,0.0,0.0,0.0,1.0,0.0
0.0684,0.0,-61.51784379490243,61.51784379490243,5.4787270693271966,-5.2924521527686625,-5.1113178059214315,13.708616913404294,0.8128460023085182,0.0,-1.0,1.0,34.680612048672245,-48.0,13.319387951327755,1.5523944391463724,0.0,0.0,1.0,1.0,1.0,0.0,0.0,0.0,1.0,0.0
0.0686,0.0,-61.521114069945305,61.521114069945305,5.508786572914626,-5.309751351935319,-5.154857764459374,13.783831018516082,0.6913336394656824,0.0,-1.0,1.0,34.74109113111197,-48.0,13.258908868888032,1.5551438864628033,0.0,0.0,1.0,1.0,1.0,0.0,0.0,0.0,1.0,0.0
0.0688,0.0,-61.525217286997645,61.525217286997645,5.533978209193077,-5.3218809637014886,-5.193764684956749,13.846864729078828,0.5692539099640683,0.0,-1.0,1.0,34.7918010335222,-48.0,13.208198966477802,1.5579071595064122,0.0,0.0,1.0,1.0,1.0,0.0,0.0,0.0,1.0,0.0
0.069,0.0,-61.53014801375581,61.53014801375581,5.5542811681132,-5.328853298723732,-5.2279578837796885,13.897666048159353,0.44670161118445506,0.0,-1.0,1.0,34.83268675936492,-48.0,13.167313240635092,1.560681816840602,0.0,0.0,1.0,1.0,1.0,0.0,0.0,0.0,1.0,0.0
0.0692,0.0,-61.535897709158384,61.535897709158384,5.5696784332366835,-5.330687618682706,-5.257362239810899,13.936192460055855,0.32377157725638384,0.0,-1.0,1.0,34.86370336248349,-48.0,13.136296637516509,1.5634654075774506,0.0,0.0,1.0,1.0,1.0,0.0,0.0,0.0,1.0,0.0
0.0694,0.0,-61.54245476402096,61.54245476402096,5.580156784885898,-5.327410096553481,-5.281908445614,13.962410936096735,0.20055872208944692,0.0,-1.0,1.0,34.884816055969644,-48.0,13.11518394403036,1.5662554732744651,0.0,0.0,1.0,1.0,1.0,0.0,0.0,0.0,1.0,0.0
0.0696,0.0,-61.54980455070576,61.54980455070576,5.585706804891806,-5.3190537539826925,-5.301533237151162,13.976297944888652,0.07715808512814704,0.0,-1.0,1.0,34.89600030045873,-48.0,13.103999699541266,1.5690495498329387,0.0,0.0,1.0,1.0,1.0,0.0,0.0,0.0,1.0,0.0
0.0698,0.0,-61.557929481627966,61.557929481627966,5.586322883006975,-5.305658375209251,-5.316179601213282,13.977839467225703,-0.046335121385169487,0.0,-1.0,1.0,34.89724187121825,-48.0,13.102758128781765,1.5718451693988122,0.0,0.0,1.0,1.0,1.0,0.0,0.0,0.0,1.0,0.0
0.07,0.0,-61.56680907639671,61.56680907639671,5.582003225006739,-5.287270397137575,-5.3257969599214015,13.967031015748654,-0.1698254648827735,0.0,-1.0,1.0,34.888536903536234,-48.0,13.111463096463773,1.574639862267008,0.0,0.0,1.0,1.0,1.0,0.0,0.0,0.0,1.0,0.0
0.0702,0.0,-61.57642003738583,61.57642003738583,5.5727498624571945,-5.263942775357223,-5.330341331857177,13.943877659317787,-0.293217245934823,0.0,-1.0,1.0,34.8698919160644,-48.0,13.130108083935607,1.5774311587901513,0.0,0.0,1.0,1.0,1.0,0.0,0.0,0.0,1.0,0.0
0.0704,0.0,-61.58673633352653,61.58673633352653,5.558568664084509,-5.2357348260977075,-5.329775469576982,13.908394051937549,-0.41641445395965704,0.0,-1.0,1.0,34.84132381192185,-48.0,13.158676188078147,1.5802165912926334,0.0,0.0,1.0,1.0,1.0,0.0,0.0,0.0,1.0,0.0
0.0706,0.0,-61.59772929211201,61.59772929211201,5.539469348635884,-5.2027120443104256,-5.324068973455946,13.86060446594594,-0.5393207264224174,0.0,-1.0,1.0,34.802859857519074,-48.0,13.197140142480933,1.5829936959908972,0.0,0.0,1.0,1.0,1.0,0.0,0.0,0.0,1.0,0.0
0.0708,0.0,-61.60936769840063,61.60936769840063,5.515465499079426,-5.164945898278729,-5.313198381992565,13.800542829059069,-0.6618393127330044,0.0,-1.0,1.0,34.75453763921507,-48.0,13.245462360784927,1.5857600149207418,0.0,0.0,1.0,1.0,1.0,0.0,0.0,0.0,1.0,0.0
0.071,0.0,-61.62161790279929,61.62161790279929,5.48657457794793,-5.122513601368996,-5.297147238880045,13.728252764741963,-0.7838730440132657,0.0,-1.0,1.0,34.69640499807245,-48.0,13.303595001927555,1.5885130978723863,0.0,0.0,1.0,1.0,1.0,0.0,0.0,0.0,1.0,0.0
0.0712,0.0,-61.634443935404136,61.634443935404136,5.452817943591053,-5.0754978617483255,-5.275906137314529,13.643787635262568,-0.9053243098457564,0.0,-1.0,1.0,34.62851994312248,-48.0,13.371480056877523,1.5912505043338878,0.0,0.0,1.0,1.0,1.0,0.0,0.0,0.0,1.0,0.0
0.0714,0.0,-61.64780762766772,61.64780762766772,5.414220867061772,-5.0239866111050056,-5.249472742161861,13.547210586678021,-1.0260950430466984,0.0,-1.0,1.0,34.55095054369521,-48.0,13.449049456304795,1.5939698054433744,0.0,0.0,1.0,1.0,1.0,0.0,0.0,0.0,1.0,0.0
0.0716,0.0,-61.66166874095254,61.66166874095254,5.37081254932667,-4.968072713613399,-5.217851790742029,13.438594594902044,-1.1460867134253085,0.0,-1.0,1.0,34.46377480150439,-48.0,13.536225198495615,1.5966685859504006,0.0,0.0,1.0,1.0,1.0,0.0,0.0,0.0,1.0,0.0
0.0718,0.0,-61.67598510171952,61.67598510171952,5.322626138455864,-4.907853656582957,-5.181055073112228,13.318022511910314,-1.2652003313974767,0.0,-1.0,1.0,34.367080503303455,-48.0,13.632919496696541,1.59934444618654,0.0,0.0,1.0,1.0,1.0,0.0,0.0,0.0,1.0,0.0
0.072,0.0,-61.69071274308542,61.69071274308542,5.269698746418049,-4.843431224418775,-5.139101392835903,13.185587111059565,-1.3833364622210595,0.0,-1.0,1.0,34.260965055045396,-48.0,13.73903494495461,1.6019950040451656,0.0,0.0,1.0,1.0,1.0,0.0,0.0,0.0,1.0,0.0
0.0722,0.0,-61.70580605246727,61.70580605246727,5.212071465078516,-4.774911157696354,-5.092016509313821,13.04139113042423,-1.5003952515049193,0.0,-1.0,1.0,34.1455352985836,-48.0,13.854464701416397,1.6046178969700817,0.0,0.0,1.0,1.0,1.0,0.0,0.0,0.0,1.0,0.0
0.0724,0.0,-61.72121792501219,61.72121792501219,5.149789380974738,-4.702402799312618,-5.039833062826214,12.885547312995637,-1.6162764625304256,0.0,-1.0,1.0,34.02090731204416,-48.0,13.979092687955848,1.6072107839525704,0.0,0.0,1.0,1.0,1.0,0.0,0.0,0.0,1.0,0.0
0.0726,0.0,-61.73689992248986,61.73689992248986,5.082901588424213,-4.6260187298185915,-4.982590483489609,12.718178442540939,-1.730879525792865,0.0,-1.0,1.0,33.88720619507832,-48.0,14.112793804921687,1.6097713475360322,0.0,0.0,1.0,1.0,1.0,0.0,0.0,0.0,1.0,0.0
0.0728,0.0,-61.75280243730007,61.75280243730007,5.011461200503773,-4.545874394161833,-4.920334885370767,12.53941737388441,-1.8441036010460508,0.0,-1.0,1.0,33.74456584027008,-48.0,14.255434159729923,1.6122972958272757,0.0,0.0,1.0,1.0,1.0,0.0,0.0,0.0,1.0,0.0
0.073,0.0,-61.76887486122216,61.76887486122216,4.935525357428547,-4.462087722169793,-4.853118947022309,12.349407056352529,-1.9558476519988837,0.0,-1.0,1.0,33.5931286920246,-48.0,14.406871307975404,1.6147863645131966,0.0,0.0,1.0,1.0,1.0,0.0,0.0,0.0,1.0,0.0
0.0732,0.0,-61.785065758504885,61.785065758504885,4.855155231851865,-4.374778745185197,-4.781001779710869,12.148300549115499,-2.0660105336804016,0.0,-1.0,1.0,33.4330454942999,-48.0,14.5669545057001,1.6172363188813577,0.0,0.0,1.0,1.0,1.0,0.0,0.0,0.0,1.0,0.0
0.0734,0.0,-61.8013230428643,61.8013230428643,4.770416030605538,-4.284069211321675,-4.704048784600549,11.936261027163154,-2.174491092356803,0.0,-1.0,1.0,33.26447502856665,-48.0,14.735524971433353,1.619644955842725,0.0,0.0,1.0,1.0,1.0,0.0,0.0,0.0,1.0,0.0
0.0736,0.0,-61.8175941579277,61.8175941579277,4.681376992402473,-4.190082201840803,-4.6223315001326455,11.71346177667135,-2.2811882777533086,0.0,-1.0,1.0,33.0875838433892,-48.0,14.9124161566108,1.622010105954553,0.0,0.0,1.0,1.0,1.0,0.0,0.0,0.0,1.0,0.0
0.0738,0.0,-61.83382626062759,61.83382626062759,4.588111381030988,-4.092941751160149,-4.535927440808369,11.48008617854589,-2.3860012672066766,0.0,-1.0,1.0,32.90254597701525,-48.0,15.097454022984756,1.6243296354411814,0.0,0.0,1.0,1.0,1.0,0.0,0.0,0.0,1.0,0.0
0.074,0.0,-61.84996640701938,61.84996640701938,4.490696473582284,-3.992772472986056,-4.444919928536417,11.23632767897498,-2.4888296012527995,0.0,-1.0,1.0,32.709542674343524,-48.0,15.290457325656483,1.6266014482102682,0.0,0.0,1.0,1.0,1.0,0.0,0.0,0.0,1.0,0.0
0.0742,0.0,-61.86596173996185,61.86596173996185,4.389213543268964,-3.88969919502481,-4.349397917652253,10.982389745876153,-2.5895733300357264,0.0,-1.0,1.0,32.508762099607495,-48.0,15.491237900392502,1.6288234878617276,0.0,0.0,1.0,1.0,1.0,0.0,0.0,0.0,1.0,0.0
0.0744,0.0,-61.88175967806996,61.88175967806996,4.283747836413833,-3.7838466046619965,-4.249455814653859,10.718485810190852,-2.6881331698193875,0.0,-1.0,1.0,32.30039904607176,-48.0,15.699600953928243,1.6309937396864698,0.0,0.0,1.0,1.0,1.0,0.0,0.0,0.0,1.0,0.0
0.0746,0.0,-61.897308105317336,61.897308105317336,4.174388543213267,-3.6753389079136687,-4.14519329362932,10.44483919105636,-2.784410668780712,0.0,-1.0,1.0,32.08465464398476,-48.0,15.915345356015237,1.6331102326518008,0.0,0.0,1.0,1.0,1.0,0.0,0.0,0.0,1.0,0.0
0.0748,0.0,-61.91255556063756,61.91255556063756,4.061228761909216,-3.564299503845297,-4.036715108278219,10.161683003972154,-2.878308381173902,0.0,-1.0,1.0,31.861736067970977,-48.0,16.138263932029027,1.6351710413701668,0.0,0.0,1.0,1.0,1.0,0.0,0.0,0.0,1.0,0.0
0.075,0.0,-61.92745142684729,61.92745142684729,3.944365456036776,-3.4508506765265157,-3.9241309013514285,9.869260051172045,-2.9697300488754976,0.0,-1.0,1.0,31.631856244975747,-48.0,16.368143755024253,1.637174288047764,0.0,0.0,1.0,1.0,1.0,0.0,0.0,0.0,1.0,0.0
0.0752,0.0,-61.9419461181896,61.9419461181896,3.8238994044511205,-3.335113306443851,-3.807555012255177,9.567822693516659,-3.0585807892510957,0.0,-1.0,1.0,31.395233563800637,-48.0,16.604766436199366,1.6391181444093934,0.0,0.0,1.0,1.0,1.0,0.0,0.0,0.0,1.0,0.0
0.0754,0.0,-61.95599126577595,61.95599126577595,3.699935143877485,-3.217206603131374,-3.6871062834859614,9.257632703329758,-3.144767288225683,0.0,-1.0,1.0,31.152091587186153,-48.0,16.84790841281385,1.6410008335957864,0.0,0.0,1.0,1.0,1.0,0.0,0.0,0.0,1.0,0.0
0.0756,0.0,-61.969539900188124,61.969539900188124,3.5725809037700036,-3.097247860602007,-3.562907866484157,8.938961097715268,-3.228197997394947,0.0,-1.0,1.0,30.902658767313085,-48.0,17.09734123268691,1.6428206320295626,0.0,0.0,1.0,1.0,1.0,0.0,0.0,0.0,1.0,0.0
0.0758,0.0,-61.982546630488564,61.982546630488564,3.4419485333106628,-2.9753522369738126,-3.435087027418162,8.612087952011299,-3.3087833339788197,0.0,-1.0,1.0,30.647168165506653,-48.0,17.352831834493347,1.6445758712458576,0.0,0.0,1.0,1.0,1.0,0.0,0.0,0.0,1.0,0.0
0.076,0.0,-61.99496781888002,61.99496781888002,3.308153420425839,-2.8516325594859584,-3.3037749533371508,8.277302193157276,-3.386435882397585,0.0,-1.0,1.0,30.385857176837394,-48.0,17.614142823162606,1.6462649396836513,0.0,0.0,1.0,1.0,1.0,0.0,0.0,0.0,1.0,0.0
0.0762,0.0,-62.006761750250945,62.006761750250945,3.1713144027464026,-2.726199155892691,-3.169106559061226,7.934901372873654,-3.461070596237011,0.0,-1.0,1.0,30.11896726022336,-48.0,17.881032739776636,1.6478862844337367,0.0,0.0,1.0,1.0,1.0,0.0,0.0,0.0,1.0,0.0
0.0764,0.0,-62.017888795845394,62.017888795845394,3.0315536704866193,-2.5991597130111352,-3.031220295113174,7.585191420677262,-3.5326049993712587,0.0,-1.0,1.0,29.846743674548772,-48.0,18.15325632545123,1.6494384129393127,0.0,0.0,1.0,1.0,1.0,0.0,0.0,0.0,1.0,0.0
0.0766,0.0,-62.028311570302975,62.028311570302975,2.888996661266482,-2.4706191629828154,-2.890257956935996,7.228486376877123,-3.6009593850212696,0.0,-1.0,1.0,29.569435221225888,-48.0,18.430564778774112,1.6509198946451766,0.0,0.0,1.0,1.0,1.0,0.0,0.0,0.0,1.0,0.0
0.0768,0.0,-62.037995081326194,62.037995081326194,2.7437719469524295,-2.340679597592318,-2.746364495587037,6.8651081058181544,-3.6660570115472773,0.0,-1.0,1.0,29.287293993542107,-48.0,18.712706006457893,1.6523293625915352,0.0,0.0,1.0,1.0,1.0,0.0,0.0,0.0,1.0,0.0
0.077,0.0,-62.04690687125069,62.04690687125069,2.5960111126403733,-2.209440210769953,-2.5996878300509083,6.4953859897575565,-3.727824293804055,0.0,-1.0,1.0,29.000575133050802,-48.0,18.99942486694919,1.6536655149485153,0.0,0.0,1.0,1.0,1.0,0.0,0.0,0.0,1.0,0.0
0.0772,0.0,-62.055017149816315,62.055017149816315,2.4458486279541196,-2.0769972691922765,-2.450378661271823,6.1196566038752005,-3.78619098892678,0.0,-1.0,1.0,28.70953659318617,-48.0,19.29046340681383,1.6549271164875587,0.0,0.0,1.0,1.0,1.0,0.0,0.0,0.0,1.0,0.0
0.0774,0.0,-62.06229891746626,62.06229891746626,2.293421710879355,-1.9434441106851212,-2.29859028796932,5.738263373029146,-3.841090375461828,0.0,-1.0,1.0,28.414438910206574,-48.0,19.585561089793423,1.656112999985979,0.0,0.0,1.0,1.0,1.0,0.0,0.0,0.0,1.0,0.0
0.0776,0.0,-62.068728078533745,62.068728078533745,2.138870184399464,-1.8088711699311475,-2.144478424271145,5.351556210974038,-3.8924594248111646,0.0,-1.0,1.0,28.115544981500612,-48.0,19.88445501849939,1.6572220675611065,0.0,0.0,1.0,1.0,1.0,0.0,0.0,0.0,1.0,0.0
0.0778,0.0,-62.07428354371613,62.07428354371613,1.9823363262435187,-1.673366030788739,-1.9882010191721051,4.959891142860337,-3.940238964019123,0.0,-1.0,1.0,27.813119851223938,-48.0,20.18688014877606,1.658253291930588,0.0,0.0,1.0,1.0,1.0,0.0,0.0,0.0,1.0,0.0
0.078,0.0,-62.07894732127882,62.07894732127882,1.8239647120980633,-1.5370135043422368,-1.8299180778073427,4.563629911925397,-3.9843738289966737,0.0,-1.0,1.0,27.507430503172856,-48.0,20.49256949682715,1.6592057175955925,0.0,0.0,1.0,1.0,1.0,0.0,0.0,0.0,1.0,0.0
0.0782,0.0,-62.0827045964787,62.0827045964787,1.663902052674026,-1.3998957316274419,-1.6697914845136437,4.16313957137574,-4.024813007348008,0.0,-1.0,1.0,27.19874566074457,-48.0,20.801254339255433,1.6600784619438504,0.0,0.0,1.0,1.0,1.0,0.0,0.0,0.0,1.0,0.0
0.0784,0.0,-62.08554379875124,62.08554379875124,1.5022970250558019,-1.2620923098098906,-1.507984827640377,3.7587920625381925,-4.061509770040583,0.0,-1.0,1.0,26.88733559378094,-48.0,21.112664406219057,1.6608707162696903,0.0,0.0,1.0,1.0,1.0,0.0,0.0,0.0,1.0,0.0
0.0786,0.0,-62.087456656258546,62.087456656258546,1.3393000987932127,-1.1236804404397058,-1.3446632260640596,3.350963780430754,-4.094421791233938,0.0,-1.0,1.0,26.573471932045095,-48.0,21.42652806795491,1.6615817467084069,0.0,0.0,1.0,1.0,1.0,0.0,0.0,0.0,1.0,0.0
0.0788,0.0,-62.08843823745808,62.08843823745808,1.1750633572270455,-0.984735098264423,-1.179993157355351,2.9400351279682124,-4.123511255666909,0.0,-1.0,1.0,26.25742748503693,-48.0,21.74257251496307,1.6622108950826116,0.0,0.0,1.0,1.0,1.0,0.0,0.0,0.0,1.0,0.0
0.079,0.0,-62.08848697941121,62.08848697941121,1.0097403145651591,-0.8453292189516676,-1.0141422875438042,2.5263900600729214,-4.148744953079337,0.0,-1.0,1.0,25.939476067812894,-48.0,22.060523932187106,1.662757579658371,0.0,0.0,1.0,1.0,1.0,0.0,0.0,0.0,1.0,0.0
0.0792,0.0,-62.08760470261841,62.08760470261841,0.8434857292498731,-0.7055339039572722,-0.8472793024248342,2.1104156190106416,-4.170094359230923,0.0,-1.0,1.0,25.619892332440926,-48.0,22.380107667559074,1.6632212958092827,0.0,0.0,1.0,1.0,1.0,0.0,0.0,0.0,1.0,0.0
0.0794,0.0,-62.085796612232954,62.085796612232954,0.6764554141762992,-0.5654186406706206,-0.6795737403520647,1.6925014623096235,-4.187535703159565,0.0,-1.0,1.0,25.29895160468764,-48.0,22.701048395312363,1.6636016165868481,0.0,0.0,1.0,1.0,1.0,0.0,0.0,0.0,1.0,0.0
0.0796,0.0,-62.08307128557434,62.08307128557434,0.508806044337545,-0.4250515358791295,-0.5111958264583629,1.273039384653628,-4.201050020405226,0.0,-1.0,1.0,24.97692972550629,-48.0,23.02307027449371,1.6638981931957986,0.0,0.0,1.0,1.0,1.0,0.0,0.0,0.0,1.0,0.0
0.0798,0.0,-62.0794406459317,62.0794406459317,0.3406949624849581,-0.2844995605169328,-0.3423163082483593,0.8524228351628833,-4.210623192007823,0.0,-1.0,1.0,24.654102896867602,-48.0,23.345897103132394,1.664110755373324,0.0,0.0,1.0,1.0,1.0,0.0,0.0,0.0,1.0,0.0
0.08,0.0,-62.07491992271853,62.07491992271853,0.17227998339968836,-0.14382880359899786,-0.1731062925037088,0.4310464314911568,-4.216245969166543,0.0,-1.0,1.0,24.330747531451042,-48.0,23.669252468548954,1.6642391116714066,0.0,0.0,1.0,1.0,1.0,0.0,0.0,0.0,1.0,0.0
