time_s,ia_A,ib_A,ic_A,ea_V,eb_V,ec_V,speed_rad_s,torque_Nm,cmd_a,cmd_b,cmd_c,vab_V,vbc_V,vca_V,mechanical_angle_rad,hall_a,hall_b,hall_c,hall_code,hall_decoded_sector,hall_transition_class,hall_legal_event,hall_direction,hall_enable,hall_fault
0.0,0.0,0.0,0.0,0.0,-11.976664369760206,11.976664369760206,30.0,0.0,0.0,-1.0,1.0,24.0,-48.0,24.0,0.0,1.0,0.0,1.0,5.0,0.0,0.0,0.0,0.0,1.0,0.0
0.0002,0.0,-0.8349381885919228,0.8349381885919228,0.12368949691612208,-11.993421941628172,11.986647283715204,30.033490652333857,0.6666516321092781,0.0,-1.0,1.0,24.127076825872606,-48.0,23.872923174127397,0.006002237952007756,1.0,0.0,1.0,5.0,0.0,0.0,0.0,0.0,1.0,0.0
0.0004,0.0,-1.6455229012799408,1.6455229012799408,0.24854728519179228,-12.03642001672005,12.022849036026761,30.13268208775961,1.3138584245188305,0.0,-1.0,1.0,24.255332775538434,-48.0,23.744667224461566,0.012017776522791044,1.0,0.0,1.0,5.0,0.0,0.0,0.0,0.0,1.0,0.0
0.0006,0.0,-2.43061588972284,2.43061588972284,0.3757132796306245,-12.104874380022938,12.08446698246758,30.295583812868998,1.9407118159784187,0.0,-1.0,1.0,24.385916978408304,-48.0,23.61408302159169,0.01805955833390447,1.0,0.0,1.0,5.0,0.0,0.0,0.0,0.0,1.0,0.0
0.0008,0.0,-3.189165907094269,3.189165907094269,0.5063018690019638,-12.197964485037945,12.170666858162448,30.520117970511834,2.5463731286154068,0.0,-1.0,1.0,24.519950682439713,-48.0,23.480049317560287,0.02414011905536983,1.0,0.0,1.0,5.0,0.0,0.0,0.0,0.0,1.0,0.0
0.001,0.0,-3.920208621619777,3.920208621619777,0.6414074029421726,-12.31483573273734,12.28058634729658,30.804126336094956,3.130073699819447,0.0,-1.0,1.0,24.658532095662554,-48.0,23.341467904337442,0.030271570632338003,1.0,0.0,1.0,5.0,0.0,0.0,0.0,0.0,1.0,0.0
0.0012,0.0,-4.622866327392047,4.622866327392047,0.7821091547171557,-12.454601801538296,12.413338708697244,31.14537731895807,3.6911148527451,0.0,-1.0,1.0,24.80274070113768,-48.0,23.19725929886232,0.03646558591178724,1.0,0.0,1.0,5.0,0.0,0.0,0.0,0.0,1.0,0.0
0.0014,0.0,-5.296347454429453,5.296347454429453,0.9294757632948155,-12.616347017845348,12.568016455650922,31.541572952916272,4.228867709717234,0.0,-1.0,1.0,24.95364104439203,-48.0,23.04635895560797,0.04273338466867509,1.0,0.0,1.0,5.0,0.0,0.0,0.0,0.0,1.0,0.0
0.0016,0.0,-5.939945880299289,5.939945880299289,1.0845691505494515,-12.799128760693048,12.743695084749135,31.990355860402623,4.742772851106233,0.0,-1.0,1.0,25.112285988521407,-48.0,22.8877140114786,0.04908572102781612,1.0,0.0,1.0,5.0,0.0,0.0,0.0,0.0,1.0,0.0
0.0018,0.0,-6.553040045981128,6.553040045981128,1.2484479000602724,-13.001979897693252,12.939436844018008,32.48931617480897,5.232339820366155,0.0,-1.0,1.0,25.27971942689789,-48.0,22.72028057310211,0.055532872274664725,1.0,0.0,1.0,5.0,0.0,0.0,0.0,0.0,1.0,0.0
0.002,0.0,-7.135091879045183,7.135091879045183,1.4221700728500468,-13.22391125278821,13.15429452497349,33.03599840559244,5.697146473915233,0.0,-1.0,1.0,25.456978436757403,-48.0,22.543021563242604,0.062084629045100745,1.0,0.0,1.0,5.0,0.0,0.0,0.0,0.0,1.0,0.0
0.0022,0.0,-7.6856455277177025,7.6856455277177025,1.6067954225866188,-13.463914109145735,13.387315256454917,33.62790823047755,6.136838172420582,0.0,-1.0,1.0,25.645094848932025,-48.0,22.35490515106797,0.06875028688121068,1.0,0.0,1.0,5.0,0.0,0.0,0.0,0.0,1.0,0.0
0.0024,0.0,-8.204325910057852,8.204325910057852,1.8033869583910402,-13.720962752801972,13.637544270037619,34.26251919863304,6.551126807889178,0.0,-1.0,1.0,25.845096199773216,-48.0,22.154903800226787,0.07553863913687979,1.0,0.0,1.0,5.0,0.0,0.0,0.0,0.0,1.0,0.0
0.0026,0.0,-8.690837083340806,8.690837083340806,2.013011787744671,-13.994017064237187,13.90402859745466,34.93727932803534,6.939789658858961,0.0,-1.0,1.0,26.058006021135935,-48.0,21.941993978864062,0.08245797121372564,1.0,0.0,1.0,5.0,0.0,0.0,0.0,0.0,1.0,0.0
0.0028,0.0,-9.144960439896275,9.144960439896275,2.2367411555034358,-14.28202516582932,14.18582064976181,35.64961757936192,7.3026680640568955,0.0,-1.0,1.0,26.284843413537192,-48.0,21.715156586462808,0.08951605610445845,1.0,0.0,1.0,5.0,0.0,0.0,0.0,0.0,1.0,0.0
0.003,0.0,-9.566552737159014,9.566552737159014,2.4756495783280354,-14.583926132929909,14.481981616016926,36.396950187712115,7.639665903314452,0.0,-1.0,1.0,26.526621836784525,-48.0,21.47337816321547,0.09672015121712557,1.0,0.0,1.0,5.0,0.0,0.0,0.0,0.0,1.0,0.0
0.0032,0.0,-9.95554397161582,9.95554397161582,2.730812957732487,-14.898652775017617,14.79158460616225,37.176686832275195,7.950747873515074,0.0,-1.0,1.0,26.78434704216017,-48.0,21.21565295783983,0.10407699644983522,1.0,0.0,1.0,5.0,0.0,0.0,0.0,0.0,1.0,0.0
0.0034,0.0,-10.311935108745088,10.311935108745088,3.003305540446484,-15.225134490895913,15.113717448851709,37.98623662282518,8.235937547140843,0.0,-1.0,1.0,27.059014061468588,-48.0,20.940985938531416,0.11159281348145968,1.0,0.0,1.0,5.0,0.0,0.0,0.0,0.0,1.0,0.0
0.0036,0.0,-10.635795683994612,10.635795683994612,3.2941955830772973,-15.562300198140514,15.44748504054084,38.82301388071155,8.495315201868664,0.0,-1.0,1.0,27.351603161877133,-48.0,20.648396838122867,0.11927330623946816,1.0,0.0,1.0,5.0,0.0,0.0,0.0,0.0,1.0,0.0
0.0038,0.0,-10.927261293367888,10.927261293367888,3.6045395705169785,-15.909081331950897,15.792011127793744,39.68444369096216,8.729015411944294,0.0,-1.0,1.0,27.663074672595556,-48.0,20.336925327404447,0.1271236625014668,1.0,0.0,1.0,5.0,0.0,0.0,0.0,0.0,1.0,0.0
0.004,0.0,-11.18653099630432,11.18653099630432,3.9353748356833513,-16.26441490227245,16.146439391160392,40.56796720137074,8.937224396048585,0.0,-1.0,1.0,27.99436259123938,-48.0,20.005637408760627,0.13514855658226288,1.0,0.0,1.0,5.0,0.0,0.0,0.0,0.0,1.0,0.0
0.0042,0.0,-11.41386465822732,11.41386465822732,4.287710433612755,-16.627246590676446,16.509933687023484,41.47104664419403,9.120177122365877,0.0,-1.0,1.0,28.346366885439235,-48.0,19.65363311456076,0.14335215305341314,1.0,0.0,1.0,5.0,0.0,0.0,0.0,0.0,1.0,0.0
0.0044,0.0,-11.609580265339458,11.609580265339458,4.662516137265701,-16.996533860266258,16.881677294567144,42.39117005654927,9.27815417983236,0.0,-1.0,1.0,28.719944420115258,-48.0,19.280055579884745,0.15173811143737112,1.0,0.0,1.0,5.0,0.0,0.0,0.0,0.0,1.0,0.0
0.0046,0.0,-11.7740512498605,11.7740512498605,5.060709447226857,-17.37124904318516,17.260871009716826,43.32585567701544,9.411478435277811,0.0,-1.0,1.0,29.11589846396102,-48.0,18.88410153603898,0.16030959181369148,1.0,0.0,1.0,5.0,0.0,0.0,0.0,0.0,1.0,0.0
0.0048,0.0,-11.907703869767431,11.907703869767431,5.4831405441752565,-17.750382361622954,17.646729927924977,44.27265599855647,9.520511509465013,0.0,-1.0,1.0,29.534966761024243,-48.0,18.465033238975757,0.16906926127048977,1.0,0.0,1.0,5.0,0.0,0.0,0.0,0.0,1.0,0.0
0.005,0.0,-12.011014692978016,12.011014692978016,5.930575162681212,-18.132944830157715,18.03847876453038,45.22916146195438,9.605650120822677,0.0,-1.0,1.0,29.97780819549488,-48.0,18.022191804505123,0.17801930113075812,1.0,0.0,1.0,5.0,0.0,0.0,0.0,0.0,1.0,0.0
0.0052,0.0,-12.084508241523494,12.084508241523494,6.403675428250581,-18.51797098052928,18.435345576654203,46.19300377970512,9.667322363719233,0.0,-1.0,1.0,30.44498813018812,-48.0,17.55501186981188,0.1871614148805238,1.0,0.0,1.0,5.0,0.0,0.0,0.0,0.0,1.0,0.0
0.0054,0.0,-12.128754856209254,12.128754856209254,6.902978776731974,-18.904521345299084,18.83655377574492,47.161858887995024,9.705984007967949,0.0,-1.0,1.0,30.936962561509056,-48.0,17.063037438490948,0.19649683672456017,1.0,0.0,1.0,5.0,0.0,0.0,0.0,0.0,1.0,0.0
0.0056,0.0,-12.144368846129709,12.144368846129709,7.4288751656881695,-19.29168463511369,19.241312356357515,48.13344953408424,9.722114927164357,0.0,-1.0,1.0,31.454061305066258,-48.0,16.545938694933742,0.20602634069581918,1.0,0.0,1.0,5.0,0.0,0.0,0.0,0.0,1.0,0.0
0.0058,0.0,-12.132006989681175,12.132006989681175,7.981582889757179,-19.67857954624578,19.648804315716596,49.1055475182375,9.716215784418303,0.0,-1.0,1.0,31.99647050502177,-48.0,16.00352949497823,0.21575025024736738,1.0,0.0,1.0,5.0,0.0,0.0,0.0,0.0,1.0,0.0
0.006,0.0,-12.092367453860433,12.092367453860433,8.561123424113067,-20.064356141434008,20.058173300849678,50.07597562319913,9.68880512374194,0.0,-1.0,1.0,32.564214844405235,-48.0,15.435785155594772,0.2256684482607865,1.0,0.0,1.0,5.0,0.0,0.0,0.0,0.0,1.0,0.0
0.0062,0.0,-12.026189196072893,12.026189196072893,9.167295838598797,-20.448196758324915,20.46850859582525,51.04260927990954,9.640417032180583,0.0,-1.0,1.0,33.15713991984863,-48.0,14.84286008015137,0.23578038741314242,1.0,0.0,1.0,5.0,0.0,0.0,0.0,0.0,1.0,0.0
0.0064,0.0,-11.934251906836387,11.934251906836387,9.799651445607484,-20.829316416332816,20.878828650417415,52.00337803531953,9.571599549848631,0.0,-1.0,1.0,33.77489532856519,-48.0,14.22510467143482,0.24608510085606083,1.0,0.0,1.0,5.0,0.0,0.0,0.0,0.0,1.0,0.0
0.0066,0.0,-11.817376542127226,11.817376542127226,10.457469461955728,-21.206962714461902,21.28806345199401,52.956266906203815,9.482914010272287,0.0,-1.0,1.0,34.41691909318967,-48.0,13.583080906810327,0.2565812131754154,1.0,0.0,1.0,5.0,0.0,0.0,0.0,0.0,1.0,0.0
0.0068,0.0,-11.676426480234676,11.676426480234676,11.139734572466669,-21.58041523916908,21.69503615219799,53.89931772101009,9.374935489643475,0.0,-1.0,1.0,35.082424115952215,-48.0,12.917575884047789,0.2672669516187328,1.0,0.0,1.0,5.0,0.0,0.0,0.0,0.0,1.0,0.0
0.007,0.0,-11.512309319564945,11.512309319564945,11.845117373571782,-21.948984531833773,22.098444475503424,54.83063056899081,9.248254528570463,0.0,-1.0,1.0,35.770387401736954,-48.0,12.229612598263044,0.278140157599575,1.0,0.0,1.0,5.0,0.0,0.0,0.0,0.0,1.0,0.0
0.0072,0.0,-11.325979310753572,11.325979310753572,12.571958741154315,-22.31201069851041,22.496842553169667,55.748365490930354,9.103480261671294,0.0,-1.0,1.0,36.479542813824686,-48.0,11.52045718617531,0.28919829851355955,1.0,0.0,1.0,5.0,0.0,0.0,0.0,0.0,1.0,0.0
0.0074,0.0,-11.118440388840844,11.118440388840844,13.318259200015525,-22.668861778558313,22.88862393740686,56.65074455728958,8.941245047294778,0.0,-1.0,1.0,37.208378120591256,-48.0,10.791621879408748,0.30043847992876493,1.0,0.0,1.0,5.0,0.0,0.0,0.0,0.0,1.0,0.0
0.0076,0.0,-10.89074973957334,10.89074973957334,14.081674364810853,-23.018932021223165,23.272006649438204,57.53605448600947,8.762210630808875,0.0,-1.0,1.0,37.955137050703335,-48.0,10.044862949296668,0.3118574582431732,1.0,0.0,1.0,5.0,0.0,0.0,0.0,0.0,1.0,0.0
0.0078,0.0,-10.644021798892885,10.644021798892885,14.859517466803165,-23.36164024767951,23.645021193334017,58.402649951954814,8.567075800206538,0.0,-1.0,1.0,38.717826993975905,-48.0,9.282173006024085,0.32345165393234754,1.0,0.0,1.0,5.0,0.0,0.0,0.0,0.0,1.0,0.0
0.008,0.0,-10.379432547514002,10.379432547514002,15.648769871317493,-23.69642849761474,24.005502516080224,59.24895773149717,8.356585403351396,0.0,-1.0,1.0,39.49423286208475,-48.0,8.505767137915251,0.33521716554024056,1.0,0.0,1.0,5.0,0.0,0.0,0.0,0.0,1.0,0.0
0.0082,0.0,-10.098223924705808,10.098223924705808,16.446100323319907,-24.02276117128999,24.351086904243072,60.07348180767229,8.131540494528892,0.0,-1.0,1.0,40.281937456843366,-48.0,7.718062543156633,0.3471497845930885,1.0,0.0,1.0,5.0,0.0,0.0,0.0,0.0,1.0,0.0
0.0084,0.0,-9.801708148882032,9.801708148882032,17.247893431721504,-24.340124877506547,24.679214770200048,60.87480953267169,7.892809268173075,0.0,-1.0,1.0,41.07834848537475,-48.0,6.921651514625246,0.35924501163876177,1.0,0.0,1.0,5.0,0.0,0.0,0.0,0.0,1.0,0.0
0.0086,0.0,-9.49127169957392,9.49127169957392,18.050287618828055,-24.648029182854003,24.987140188893697,61.651618904596354,7.641338325448334,0.0,-1.0,1.0,41.8807321158082,-48.0,6.1192678841917925,0.3714980736294755,1.0,0.0,1.0,5.0,0.0,0.0,0.0,0.0,1.0,0.0
0.0088,0.0,-9.16837868824897,9.16837868824897,18.84922242578969,-24.946008426591032,25.27194789427803,62.40268696453045,7.378163712107039,0.0,-1.0,1.0,42.6862526919462,-48.0,5.313747308053808,0.383903942872264,1.0,0.0,1.0,5.0,0.0,0.0,0.0,0.0,1.0,0.0
0.009,0.0,-8.834573326771096,8.834573326771096,19.640494688288936,-25.233624718100298,25.5305782310238,63.12689925899899,7.104421072371835,0.0,-1.0,1.0,43.49201793182719,-48.0,4.507982068172815,0.3964573577668813,1.0,0.0,1.0,5.0,0.0,0.0,0.0,0.0,1.0,0.0
0.0092,0.0,-8.491481194532582,8.491481194532582,20.4198226938913,-25.5104721709106,25.759860283590783,63.82326024358746,6.82135419302047,0.0,-1.0,1.0,44.29512863755121,-48.0,3.704871362448789,0.40915284553298836,1.0,0.0,1.0,5.0,0.0,0.0,0.0,0.0,1.0,0.0
0.0094,0.0,-8.14080901061097,8.14080901061097,21.18291702257501,-25.776182351041598,25.956553078148517,64.49090442871643,6.530321174065854,0.0,-1.0,1.0,45.09273165902156,-48.0,2.9072683409784497,0.42198474709623796,1.0,0.0,1.0,5.0,0.0,0.0,0.0,0.0,1.0,0.0
0.0096,0.0,-7.784342637420665,7.784342637420665,21.925556377624318,-26.030430831605724,26.11739438486675,65.12910799202098,6.232797466396727,0.0,-1.0,1.0,45.8820746009938,-48.0,2.1179253990061953,0.4349472442553957,1.0,0.0,1.0,5.0,0.0,0.0,0.0,0.0,1.0,0.0
0.0098,0.0,-7.423943078240694,7.423943078240694,22.643666360357315,-26.272944655258,26.23915625578388,65.73730050803776,5.930375069702463,0.0,-1.0,1.0,46.660560560094375,-48.0,1.3394394399056235,0.44803438919007404,1.0,0.0,1.0,5.0,0.0,0.0,0.0,0.0,1.0,0.0
0.01,0.0,-7.061540282816687,7.061540282816687,23.33339885480946,-26.503510417383172,26.31870603838171,66.31507638009838,5.624757290364639,0.0,-1.0,1.0,47.425801044310184,-48.0,0.574198955689809,0.46124013629202376,1.0,0.0,1.0,5.0,0.0,0.0,0.0,0.0,1.0,0.0
0.0102,-0.0009729761427639261,-6.698638158511111,6.699611134653875,23.99120849709575,-26.721981495882517,26.353070141142705,66.86220273743777,5.317396819723461,0.0,-1.0,1.0,48.0,-48.0,0.0,0.474558376181706,1.0,0.0,1.0,5.0,0.0,0.0,0.0,0.0,1.0,0.0
0.0104,-0.02619267432042438,-6.3256431963475785,6.351835870668003,24.613784283565703,-26.9281325350032,26.339350932512,67.3782443187262,5.001559405347083,0.0,-1.0,1.0,48.0,-48.0,0.0,0.4879829473338278,1.0,0.0,1.0,5.0,0.0,0.0,0.0,0.0,1.0,0.0
0.0106,-0.08421519543585276,-5.940379696808262,6.024594892244115,25.19795145517893,-27.121507049267212,26.274648676591816,67.86217099532526,4.6754194417135295,0.0,-1.0,1.0,48.0,-48.0,0.0,0.5015075324877729,1.0,0.0,1.0,5.0,0.0,0.0,0.0,0.0,1.0,0.0
0.0108,-0.17322216077259434,-5.545913204072861,5.719135364845456,25.74096744880374,-27.301698940296077,26.15641219594152,68.31305160259512,4.340986117516231,0.0,-1.0,1.0,48.0,-48.0,0.0,0.5151256121963479,1.0,0.0,1.0,5.0,0.0,0.0,0.0,0.0,1.0,0.0
0.011,-0.29137475743033914,-5.1453545665462626,5.436729323976602,26.240614269641313,-27.468399934977434,25.982551007697396,68.73016338666727,4.000410996434762,0.0,-1.0,1.0,48.0,-48.0,0.0,0.5288305013830247,1.0,0.0,1.0,5.0,0.0,0.0,0.0,0.0,1.0,0.0
0.0112,-0.4368306086080507,-4.74182981200822,5.1786604206162705,26.695244896153117,-27.621407221420608,25.75150271538352,69.11300389521892,3.6559400659801478,0.0,-1.0,1.0,48.0,-48.0,0.0,0.542615392293137,1.0,0.0,1.0,5.0,0.0,0.0,0.0,0.0,1.0,0.0
0.0114,-0.6077606863477518,-4.338448210524729,4.946208896872481,27.103814289343795,-27.760627983078543,25.46228976743059,69.46129780076949,3.3098606775665464,0.0,-1.0,1.0,48.0,-48.0,0.0,0.5564733993250183,1.0,0.0,1.0,5.0,0.0,0.0,0.0,0.0,1.0,0.0
0.0116,-0.8023657175856029,-3.93826937733211,4.740635094917713,27.46589361765282,-27.88608046369356,25.114563050972997,69.77499825260287,2.9644455675436134,0.0,-1.0,1.0,48.0,-48.0,0.0,0.5703976046835256,1.0,0.0,1.0,5.0,0.0,0.0,0.0,0.0,1.0,0.0
0.0118,-1.0188915487332264,-3.5442703345260473,4.563161883259274,27.781667071440708,-27.997891365391162,24.708630296373247,70.05428258515529,2.62189638070328,0.0,-1.0,1.0,48.0,-48.0,0.0,0.5843811037404322,1.0,0.0,1.0,5.0,0.0,0.0,0.0,0.0,1.0,0.0
0.012,-1.255642975433095,-3.1593134752946836,4.414956450727779,28.051911446309468,-28.096289571930942,24.245467901340437,70.29954245827813,2.2842892000697486,0.0,-1.0,1.0,48.0,-48.0,0.0,0.5984170489763319,1.0,0.0,1.0,5.0,0.0,0.0,0.0,0.0,1.0,0.0
0.0122,-1.5109956103867574,-2.786116355354336,4.297111965741093,28.277959465514307,-28.18159638556799,23.726715500287128,70.51136875264906,1.953524509699471,0.0,-1.0,1.0,48.0,-48.0,0.0,0.6124986914187216,1.0,0.0,1.0,5.0,0.0,0.0,0.0,0.0,1.0,0.0
0.0124,-1.7834054492569598,-2.4272241740038636,4.210629623260823,28.461648533465095,-28.254212655094932,23.154653354287777,70.69053177588941,1.631283784651132,0.0,-1.0,1.0,48.0,-48.0,0.0,0.626619418579179,1.0,0.0,1.0,5.0,0.0,0.0,0.0,0.0,1.0,0.0
0.0126,-2.0714158971945493,-2.0849857056575494,4.156401602852099,28.605257217005498,-28.314603340917852,22.53216336729023,70.83795753687278,1.3189945315889209,0.0,-1.0,1.0,48.0,-48.0,0.0,0.6407727880244868,1.0,0.0,1.0,5.0,0.0,0.0,0.0,0.0,1.0,0.0
0.0128,-2.373662130216605,-1.7615333083373803,4.1351954385539855,28.71143220275259,-28.3632801988302,21.86267519622244,70.95470100483006,1.0178051235968208,0.0,-1.0,1.0,48.0,-48.0,0.0,0.654952555884756,1.0,0.0,1.0,5.0,0.0,0.0,0.0,0.0,1.0,0.0
0.013,-2.688872779784224,-1.4587674769043109,4.147640256688534,28.78310875590191,-28.40078335875832,21.150099475837187,71.04191737705007,0.7285702210891938,0.0,-1.0,1.0,48.0,-48.0,0.0,0.6691526997965718,1.0,0.0,1.0,5.0,0.0,0.0,0.0,0.0,1.0,0.0
0.0132,-3.0158690390125775,-1.1783462354952399,4.194215274507817,28.82342780287691,-28.427662623015234,20.398750595078916,71.10083242916092,0.451846989071637,0.0,-1.0,1.0,48.0,-48.0,0.0,0.6833674359899297,1.0,0.0,1.0,5.0,0.0,0.0,0.0,0.0,1.0,0.0
0.0134,-3.3535613891953053,-0.9216794857615344,4.27524087495684,28.8356526861773,-28.44445930913247,19.61326172591754,71.13271301425407,0.18790175158069444,0.0,-1.0,1.0,48.0,-48.0,0.0,0.6975912304426964,1.0,0.0,1.0,5.0,0.0,0.0,0.0,0.0,1.0,0.0
0.0136,-3.70094423100708,-0.6899282546461751,4.390872485653255,28.823088416330318,-28.451689417361703,18.798494917532288,71.13883871469692,-0.06327379458268045,0.0,-1.0,1.0,48.0,-48.0,0.0,0.7118188042342292,1.0,0.0,1.0,5.0,0.0,0.0,0.0,0.0,1.0,0.0
0.0138,-4.05708877242261,-0.48400862597814087,4.54109739840075,28.78900590339035,-28.449828817664745,17.959449040492267,71.12047554007971,-0.30193812101143935,0.0,-1.0,1.0,48.0,-48.0,0.0,0.7260451334202115,1.0,0.0,1.0,5.0,0.0,0.0,0.0,0.0,1.0,0.0
0.014,-4.421134573000756,-0.3046000008030129,4.725734573803768,28.736573224213085,-28.439301032901326,17.101168218809605,71.07885241582063,-0.5285688090435794,0.0,-1.0,1.0,48.0,-48.0,0.0,0.7402654439151422,1.0,0.0,1.0,5.0,0.0,0.0,0.0,0.0,1.0,0.0
0.0142,-4.792280171006291,-0.1521572168349242,4.944437387841215,28.668795507874794,-28.42046805279013,16.228653150026364,71.01514103076136,-0.7438267496615347,0.0,-1.0,1.0,48.0,-48.0,0.0,0.7544752020005394,1.0,0.0,1.0,5.0,0.0,0.0,0.0,0.0,1.0,0.0
0.0144,-5.169773226343012,-0.026925970400033764,5.196699196743046,28.58846453372989,-28.393624456370492,15.346777414526787,70.93043942065502,-0.9485175521810503,0.0,-1.0,1.0,48.0,-48.0,0.0,0.7686701011716017,1.0,0.0,1.0,5.0,0.0,0.0,0.0,0.0,1.0,0.0
0.0146,-5.552900599887516,0.07103907446486216,5.481861525422653,28.498118663342527,-28.35899495822589,14.46021054336371,70.82575946968922,-1.1435520883247545,0.0,-1.0,1.0,48.0,-48.0,0.0,0.7828460460909333,1.0,0.0,1.0,5.0,0.0,0.0,0.0,0.0,1.0,0.0
0.0148,-5.940978760711527,0.14185413633256144,5.799124624378965,28.400013291094723,-28.3167353339787,13.573349273294575,70.70201832505941,-1.3299079718279059,0.0,-1.0,1.0,48.0,-48.0,0.0,0.7969991344354417,1.0,0.0,1.0,5.0,0.0,0.0,0.0,0.0,1.0,0.0
0.015,-6.333344869524504,0.1857847785760893,6.147560090948415,28.29610161399384,-28.266936530761253,12.690258086895508,70.56003354954142,-1.5085935623223834,0.0,-1.0,1.0,48.0,-48.0,0.0,0.8111256374041675,1.0,0.0,1.0,5.0,0.0,0.0,0.0,0.0,1.0,0.0
0.0152,-6.729348832404485,0.20322361938731842,6.526125213017166,28.188025197897773,-28.2096316344697,11.81461982660618,70.40052169146425,-1.6806158068189387,0.0,-1.0,1.0,48.0,-48.0,0.0,0.8252219796047722,1.0,0.0,1.0,5.0,0.0,0.0,0.0,0.0,1.0,0.0
0.0154,-7.128346556571998,0.19466789021349912,6.933678666358499,28.0771135583391,-28.144805252278914,10.949696890269642,70.2240998357639,-1.8469529147853823,0.0,-1.0,1.0,48.0,-48.0,0.0,0.8392847189601934,1.0,0.0,1.0,5.0,0.0,0.0,0.0,0.0,1.0,0.0
0.0156,-7.529694572642588,0.16069739265013555,7.368997179992452,27.964391778390915,-28.072404779549544,10.098303263059014,70.03128961699075,-2.00853252532675,0.0,-1.0,1.0,48.0,-48.0,0.0,0.8533105271808723,1.0,0.0,1.0,5.0,0.0,0.0,0.0,0.0,1.0,0.0
0.0158,-7.932746118399216,0.10195334173213126,7.830792776667084,27.85059504971477,-27.992352957149453,9.262787413955122,69.82252312624932,-2.1662156873960874,0.0,-1.0,1.0,48.0,-48.0,0.0,0.8672961712386683,1.0,0.0,1.0,5.0,0.0,0.0,0.0,0.0,1.0,0.0
0.016,-8.336848710414321,0.019118513345711675,8.31773019706861,27.736188940525082,-27.90456108952615,8.445025879643731,69.59815012817249,-2.3207866538495816,0.0,-1.0,1.0,48.0,-48.0,0.0,0.8812384961628688,1.0,0.0,1.0,5.0,0.0,0.0,0.0,0.0,1.0,0.0
0.0162,-8.741343164356026,-0.08710096174588514,8.828444126101912,27.621394159457747,-27.808942285786653,7.646427170034823,69.35844601867787,-2.4729482019591704,0.0,-1.0,1.0,48.0,-48.0,0.0,0.895134409362881,1.0,0.0,1.0,5.0,0.0,0.0,0.0,0.0,1.0,0.0
0.0164,-9.145563964800992,-0.21599189224229493,9.361555857043287,27.506214590977702,-27.705424104794158,6.86794545374892,69.10361999564991,-2.623321947773124,0.0,-1.0,1.0,48.0,-48.0,0.0,0.9089808665721085,1.0,0.0,1.0,5.0,0.0,0.0,0.0,0.0,1.0,0.0
0.0166,-9.548840832813122,-0.3668482212808151,9.915689054093937,27.39046742006666,-27.593960029175296,6.110103316879553,68.83382297812723,-2.772452927071168,0.0,-1.0,1.0,48.0,-48.0,0.0,0.9227748594079158,1.0,0.0,1.0,5.0,0.0,0.0,0.0,0.0,1.0,0.0
0.0168,-9.950501296048174,-0.5389830093159733,10.489484305364147,27.273814236014644,-27.474539259569013,5.373022734286231,68.54915488975895,-2.920817575829816,0.0,-1.0,1.0,48.0,-48.0,0.0,0.9365134044575367,1.0,0.0,1.0,5.0,0.0,0.0,0.0,0.0,1.0,0.0
0.017,-10.349874032942218,-0.7317381630672839,11.081612196009502,27.155792102094473,-27.347194406034188,4.656463251852464,68.24967101365988,-3.0688341591831456,0.0,-1.0,1.0,48.0,-48.0,0.0,0.9501935337318896,1.0,0.0,1.0,5.0,0.0,0.0,0.0,0.0,1.0,0.0
0.0172,-10.74629274044514,-0.9444919339342198,11.69078467437936,27.035843694863008,-27.212006754170506,3.9598662543930505,67.93538722282321,-3.2168746681047646,0.0,-1.0,1.0,48.0,-48.0,0.0,0.9638122862803634,1.0,0.0,1.0,5.0,0.0,0.0,0.0,0.0,1.0,0.0
0.0174,-11.139100264130859,-1.1766642675600425,12.3157645316909,26.913345749004556,-27.06910889454904,3.2824040919510886,67.60628398770507,-3.365277223305481,0.0,-1.0,1.0,48.0,-48.0,0.0,0.9773667007302556,1.0,0.0,1.0,5.0,0.0,0.0,0.0,0.0,1.0,0.0
0.0176,-11.52765273025788,-1.427720136518055,12.955372866775935,26.78763518616845,-26.918684620534208,2.6230327619138882,67.26230915577463,-3.514358090053969,0.0,-1.0,1.0,48.0,-48.0,0.0,0.9908538085042635,1.0,0.0,1.0,5.0,0.0,0.0,0.0,0.0,1.0,0.0
0.0178,-11.911323430927961,-1.6971710296268607,13.608494460554821,26.658032454220113,-26.76096611646039,1.9805467998212132,66.90337958268759,-3.664422508275066,0.0,-1.0,1.0,48.0,-48.0,0.0,1.004270627477072,1.0,0.0,1.0,5.0,0.0,0.0,0.0,0.0,1.0,0.0
0.018,-12.289506234943977,-1.9845748036906723,14.274081038634648,26.52386175177002,-26.596228570555386,1.353635020765445,66.52938176806965,-3.8157736709579146,0.0,-1.0,1.0,48.0,-48.0,0.0,1.0176141558555483,1.0,0.0,1.0,5.0,0.0,0.0,0.0,0.0,1.0,0.0
0.0182,-12.661618326994157,-2.289534126318626,14.951152453312783,26.38446795692484,-26.42478245056364,0.7409357769768296,66.1401717083213,-3.968719331848354,0.0,-1.0,1.0,48.0,-48.0,0.0,1.0308813661038434,1.0,0.0,1.0,5.0,0.0,0.0,0.0,0.0,1.0,0.0
0.0184,-13.027102114801208,-2.611693752016432,15.63879586681764,26.239230214379912,-26.246963770953467,0.1410904547652094,65.73557422288108,-4.123575681967984,0.0,-1.0,1.0,48.0,-48.0,0.0,1.0440691987818311,1.0,0.0,1.0,5.0,0.0,0.0,0.0,0.0,1.0,0.0
0.0186,-12.535854244795017,-2.1011616837811027,14.637015928576119,26.087693873974253,-26.06324423039383,-0.44720858284076065,65.31568649440013,-4.26871785278382,1.0,-1.0,0.0,48.0,0.0,-48.0,1.05717456783969,0.0,0.0,1.0,1.0,1.0,0.0,0.0,0.0,1.0,0.0
0.0188,-11.797951476606894,-1.3681554373067575,13.166106913913652,25.930456282272687,-25.875094053245988,-1.0252319144331907,64.88307381620113,-4.377465657165293,1.0,-1.0,0.0,48.0,0.0,-48.0,1.0701946250538477,0.0,0.0,1.0,1.0,1.0,0.0,0.0,0.0,1.0,0.0
0.019,-11.0814327067508,-0.6806611437760718,11.762093850526872,25.768614951386954,-25.68440811894695,-1.5942681638825082,64.44137002265697,-4.450909805116842,1.0,-1.0,0.0,48.0,0.0,-48.0,1.0831271917846246,0.0,0.0,1.0,1.0,1.0,0.0,0.0,0.0,1.0,0.0
0.0192,-10.385302885110583,-0.03742809126510428,10.422730976375687,25.603257284402975,-25.49298232303977,-2.155596977424934,63.993996456341456,-4.491212478973724,1.0,-1.0,0.0,48.0,0.0,-48.0,1.095970795546491,0.0,0.0,1.0,1.0,1.0,0.0,0.0,0.0,1.0,0.0
0.0194,-9.708713364606732,0.562837251959604,9.145876112647128,25.43545900724442,-25.302503353624463,-2.710452865140324,63.5441635056876,-4.500432810669377,1.0,-1.0,0.0,48.0,0.0,-48.0,1.108724626855238,0.0,0.0,1.0,1.0,1.0,0.0,0.0,0.0,1.0,0.0
0.0196,-9.050953433178925,1.1214659939375495,7.929487439241376,25.26628361666367,-25.114542831646887,-3.259997868543956,63.0948802276514,-4.480540628866655,1.0,-1.0,0.0,48.0,0.0,-48.0,1.1213884980223507,0.0,0.0,1.0,1.0,1.0,0.0,0.0,0.0,1.0,0.0
0.0198,-8.411441330071712,1.639821961568553,6.77161936850316,25.096779647775005,-24.930552202569714,-3.805302200537317,62.64896257973772,-4.433430391244817,1.0,-1.0,0.0,48.0,0.0,-48.0,1.1339628037351612,0.0,0.0,1.0,1.0,1.0,0.0,0.0,0.0,1.0,0.0
0.02,-7.789714863540892,2.119297039192521,5.670417824348371,24.92797630729001,-24.75185847539701,-4.347331819985627,62.20904027981212,-4.3609345934364905,1.0,-1.0,0.0,48.0,0.0,-48.0,1.1464484831452941,0.0,0.0,1.0,1.0,1.0,0.0,0.0,0.0,1.0,0.0
0.0202,-7.185421744900683,2.5613065589111943,4.624115185989489,24.7608779804586,-24.579660853539682,-4.886941819094693,61.777562374094884,-4.2648361213554065,1.0,-1.0,0.0,48.0,0.0,-48.0,1.1588469831981418,0.0,0.0,1.0,1.0,1.0,0.0,0.0,0.0,1.0,0.0
0.0204,-6.598309747186729,2.9672846406506794,3.631025106536049,24.596458065760178,-24.41502825332417,-5.424874481720123,61.356801638979206,-4.146879172072207,1.0,-1.0,0.0,48.0,0.0,-48.0,1.1711602229569233,0.0,0.0,1.0,1.0,1.0,0.0,0.0,0.0,1.0,0.0
0.0206,-6.028216786611422,3.338679417436242,2.68953736917518,24.43565252818055,-24.258897663030975,-5.961760903464129,60.94885797272772,-4.0087785061488495,1.0,-1.0,0.0,48.0,0.0,-48.0,1.1833905587033111,0.0,0.0,1.0,1.0,1.0,0.0,0.0,0.0,1.0,0.0
0.0208,-5.475061012483722,3.6769481132249786,1.798112899258743,24.279353494910655,-24.112073260351583,-6.498125138527553,60.555660950860506,-3.852226909566198,1.0,-1.0,0.0,48.0,0.0,-48.0,1.1955407496297867,0.0,0.0,1.0,1.0,1.0,0.0,0.0,0.0,1.0,0.0
0.021,-4.938830977380001,3.983551966604064,0.9552790107759368,24.128403150849454,-23.975226180395232,-7.034389942873814,60.17897172642274,-3.6789008358155986,1.0,-1.0,0.0,48.0,0.0,-48.0,1.2076139239745112,0.0,0.0,1.0,1.0,1.0,0.0,0.0,0.0,1.0,0.0
0.0212,-4.419575945036261,4.2599510137815875,0.15962493125467364,23.983588128651398,-23.84889481044057,-7.570883308297826,59.8203844555584,-3.4904642693678727,1.0,-1.0,0.0,48.0,0.0,-48.0,1.2196135454858308,0.0,0.0,1.0,1.0,1.0,0.0,0.0,0.0,1.0,0.0
0.0214,-4.212474221811385,4.212474221811385,0.0,23.844362280427525,-23.732218880202897,-8.107404368622841,59.47815379150007,-3.3695585509198143,1.0,-1.0,0.0,48.0,-15.836523931264844,-32.16347606873516,1.2315432134565902,0.0,0.0,1.0,1.0,1.0,0.0,0.0,0.0,1.0,0.0
0.0216,-4.07991166090311,4.07991166090311,0.0,23.708523778234607,-23.622613167179743,-8.642901074149227,59.14639813510774,-3.264896318898156,1.0,-1.0,0.0,48.0,-15.314143620323339,-32.68585637967666,1.2434054942018353,0.0,0.0,1.0,1.0,1.0,0.0,0.0,0.0,1.0,0.0
0.0218,-3.9425787138898607,3.9425787138898607,0.0,23.57630107725462,-23.51983638393299,-9.17689668733747,58.82530002088752,-3.1564688832012475,1.0,-1.0,0.0,48.0,-14.794870966001715,-33.20512903399828,1.255202483295019,0.0,0.0,1.0,1.0,1.0,0.0,0.0,0.0,1.0,0.0
0.022,-3.8009679917347774,3.8009679917347774,0.0,23.447988425505702,-23.42364801669062,-9.708852212890578,58.515217828922125,-3.044636873059032,1.0,-1.0,0.0,48.0,-14.27897758270188,-33.72102241729812,1.2669363486836782,0.0,0.0,1.0,1.0,1.0,0.0,0.0,0.0,1.0,0.0
0.0222,-3.6555588955179203,3.6555588955179203,0.0,23.32385821269793,-23.333726511365082,-10.2381536305152,58.21647455409746,-2.9297471237791584,1.0,-1.0,0.0,48.0,-13.766780518818376,-34.23321948118162,1.2786093264298464,0.0,0.0,1.0,1.0,1.0,0.0,0.0,0.0,1.0,0.0
0.0224,-3.5068144251241673,3.5068144251241673,0.0,23.20415917912323,-23.24967279647524,-10.764125568164113,57.92935925316149,-2.8121313643812225,1.0,-1.0,0.0,48.0,-13.258631240511892,-34.741368759488104,1.2902237137755395,0.0,0.0,1.0,1.0,1.0,0.0,0.0,0.0,1.0,0.0
0.0226,-3.3551781540751113,3.3551781540751113,0.0,23.08911523109971,-23.171014321353507,-11.286044486968143,57.65412861103315,-2.6921051417881126,1.0,-1.0,0.0,48.0,-12.754905058158755,-35.24509494184125,1.3017818625099618,0.0,0.0,1.0,1.0,1.0,0.0,0.0,0.0,1.0,0.0
0.0228,-3.201071402587281,3.201071402587281,0.0,22.978924813130032,-23.097209521768384,-11.803151245156513,57.39100860371636,-2.569966960846587,1.0,-1.0,0.0,48.0,-12.255991109162663,-35.74400889083734,1.3132861726600018,0.0,0.0,1.0,1.0,1.0,0.0,0.0,0.0,1.0,0.0
0.023,-3.0448906353348724,3.0448906353348724,0.0,22.87376078245376,-23.027652632707497,-12.314662945101642,57.14019623736468,-2.4459976174366913,1.0,-1.0,0.0,48.0,-11.762282980025226,-36.237717019974774,1.3247390865212432,0.0,0.0,1.0,1.0,1.0,0.0,0.0,0.0,1.0,0.0
0.0232,-2.8870051051096937,2.8870051051096937,0.0,22.773770729534228,-22.961678776529226,-12.819783999993183,56.90186134533814,-2.320459701786354,1.0,-1.0,0.0,48.0,-11.274170023504317,-36.72582997649569,1.336143083042874,0.0,0.0,1.0,1.0,1.0,0.0,0.0,0.0,1.0,0.0
0.0234,-2.727754758689048,2.727754758689048,0.0,22.679077687741994,-22.89856926351897,-13.31771638440696,56.67614842732164,-2.1935972505361496,1.0,-1.0,0.0,48.0,-10.792029403481529,-37.20797059651848,1.3475006725764638,0.0,0.0,1.0,1.0,1.0,0.0,0.0,0.0,1.0,0.0
0.0236,-2.567448416795136,2.567448416795136,0.0,22.589781176641903,-22.83755705066767,-13.807669056222041,56.46317851659593,-2.0656355287657417,1.0,-1.0,0.0,48.0,-10.316218880790842,-37.68378111920916,1.3588143919955868,0.0,0.0,1.0,1.0,1.0,0.0,0.0,0.0,1.0,0.0
0.0238,-2.4063622360796977,2.4063622360796977,0.0,22.50595852546304,-22.777832312886364,-14.288866556108012,56.26305106325905,-1.9367809267474114,1.0,-1.0,0.0,48.0,-9.84707033760365,-38.152929662396346,1.3700868001906947,0.0,0.0,1.0,1.0,1.0,0.0,0.0,0.0,1.0,0.0
0.024,-2.2447384575936633,2.2447384575936633,0.0,22.427666426193085,-22.718548088615183,-14.760556805412824,56.07584582251842,-1.807220960284965,1.0,-1.0,0.0,48.0,-9.384884025798225,-38.61511597420178,1.3813204739413083,0.0,0.0,1.0,1.0,1.0,0.0,0.0,0.0,1.0,0.0
0.0242,-2.0827844431829754,2.0827844431829754,0.0,22.354942669006224,-22.658825968683566,-15.222018134057052,55.90162473807238,-1.6771243677961634,1.0,-1.0,0.0,48.0,-8.92992351578162,-39.07007648421838,1.392518004165542,0.0,0.0,1.0,1.0,1.0,0.0,0.0,0.0,1.0,0.0
0.0244,-1.9206719986547653,1.9206719986547653,0.0,22.287808016178893,-22.597761803201628,-15.672565577365544,55.74043381107324,-1.5466413015002636,1.0,-1.0,0.0,48.0,-8.482411316145825,-39.51758868385418,1.4036819925450192,0.0,0.0,1.0,1.0,1.0,0.0,0.0,0.0,1.0,0.0
0.0246,-1.7585369803388042,1.7585369803388042,0.0,22.2262681740945,-22.53443140614321,-16.111556485051082,55.5923049452308,-1.4159036139126,1.0,-1.0,0.0,48.0,-8.042525130973273,-39.95747486902673,1.4148150485213407,0.0,0.0,1.0,1.0,1.0,0.0,0.0,0.0,1.0,0.0
0.0248,-1.5964791797785332,1.5964791797785332,0.0,22.17031582625886,-22.467896241106367,-16.538395487244532,55.45725775832684,-1.2850252441013867,1.0,-1.0,0.0,48.0,-7.610394720179221,-40.38960527982078,1.4259197866584006,0.0,0.0,1.0,1.0,1.0,0.0,0.0,0.0,1.0,0.0
0.025,-1.4345624796733076,1.4345624796733076,0.0,22.11993269335905,-22.397209074544786,-16.952538861970602,55.33530134983503,-1.1541027106509594,1.0,-1.0,0.0,48.0,-7.186099328622268,-40.81390067137774,1.4369988243627834,0.0,0.0,1.0,1.0,1.0,0.0,0.0,0.0,1.0,0.0
0.0252,-1.2728152728085456,1.2728152728085456,0.0,22.07509158925018,-22.321419584627886,-17.353498346240745,55.226436013557,-1.0232157198711054,1.0,-1.0,0.0,48.0,-6.769665651448108,-41.23033434855189,1.4480547799523729,0.0,0.0,1.0,1.0,1.0,0.0,0.0,0.0,1.0,0.0
0.0254,-1.1112311345071149,1.1112311345071149,0.0,22.035758444333446,-22.23957991492264,-17.74084442939236,55.13065488329379,-0.8924278984132221,1.0,-1.0,0.0,48.0,-6.361066305902236,-41.638933694097766,1.4590902710610143,0.0,0.0,1.0,1.0,1.0,0.0,0.0,0.0,1.0,0.0
0.0256,-0.9497697380727445,0.9497697380727445,0.0,22.001894270101275,-22.15075016242648,-18.11420916284119,55.04794549866518,-0.7617876590674533,1.0,-1.0,0.0,48.0,-5.960218783321414,-42.03978121667859,1.4701079133645307,0.0,0.0,1.0,1.0,1.0,0.0,0.0,0.0,1.0,0.0
0.0258,-0.7883580017399244,0.7883580017399244,0.0,21.973457040700826,-22.054003789272222,-18.473288515413607,54.97829127737431,-0.6313292071316994,1.0,-1.0,0.0,48.0,-5.566984858872091,-42.43301514112792,1.4811103196107969,0.0,0.0,1.0,1.0,1.0,0.0,0.0,0.0,1.0,0.0
0.026,-0.6268914547683291,0.6268914547683291,0.0,21.95040346924608,-21.948432946825314,-18.81784429821088,54.92167287958335,-0.5010736924172997,1.0,-1.0,0.0,48.0,-5.181170440578738,-42.81882955942126,1.4921000989337116,0.0,0.0,1.0,1.0,1.0,0.0,0.0,0.0,1.0,0.0
0.0262,-0.4652358095042584,0.4652358095042584,0.0,21.932690658342928,-21.83315370005784,-19.1477056778341,54.878069449713266,-0.37103050877866384,1.0,-1.0,0.0,48.0,-4.802525843023355,-43.19747415697665,1.5030798564280337,0.0,0.0,1.0,1.0,1.0,0.0,0.0,0.0,1.0,0.0
0.0264,-0.30322872546515517,0.30322872546515517,0.0,21.920277605933403,-21.70731113914886,-19.462770292006564,54.84745972098041,-0.24119873915015236,1.0,-1.0,0.0,48.0,-4.4307464746011656,-43.569253525398835,1.5140521929590949,0.0,0.0,1.0,1.0,1.0,0.0,0.0,0.0,1.0,0.0
0.0266,-0.14068175078151945,0.14068175078151945,0.0,21.913126549170943,-21.570084364350503,-19.76300497737245,54.829822968404606,-0.11156873959708624,1.0,-1.0,0.0,48.0,-4.06547393021733,-43.93452606978267,1.5250197051785035,0.0,0.0,1.0,1.0,1.0,0.0,0.0,0.0,1.0,0.0
0.0268,0.022617574345723018,-0.022617574345723018,0.0,21.911204130658078,-21.42069132936164,-20.04844611567002,54.825139796914186,0.01787614898454406,1.0,-1.0,0.0,48.0,-3.7062974836817606,-44.29370251631824,1.535984985714168,0.0,0.0,1.0,1.0,1.0,0.0,0.0,0.0,1.0,0.0
0.027,0.1869034681401728,-0.1869034681401728,0.0,21.914482373057194,-21.258393527822058,-20.31919960166579,54.83339275256215,0.14715777795971924,1.0,-1.0,0.0,48.0,-3.3527559757166414,-44.64724402428336,1.5469506235004389,0.0,0.0,1.0,1.0,1.0,0.0,0.0,0.0,1.0,0.0
0.0272,0.3524295282325964,-0.3524295282325964,0.0,21.92293944986183,-21.082500507095194,-20.575440434233723,54.85456674676699,0.27630127834997253,1.0,-1.0,0.0,48.0,-3.0043400943829592,-44.995659905617046,1.5579192042119443,0.0,0.0,1.0,1.0,1.0,0.0,0.0,0.0,1.0,0.0
0.0274,0.5194662401675926,-0.5194662401675926,0.0,21.93656024201845,-20.892374193218092,-20.817411930758563,54.8886492858876,0.4053330849075363,1.0,-1.0,0.0,48.0,-2.6604950448412574,-45.33950495515874,1.56889331076292,0.0,0.0,1.0,1.0,1.0,0.0,0.0,0.0,1.0,0.0
0.0276,0.6882983908979202,-0.6882983908979202,0.0,21.955336672137616,-20.687433010694882,-21.04542456458198,54.93563050130669,0.5342789276883986,1.0,-1.0,0.0,48.0,-2.3206236046966513,-45.67937639530335,1.5798755238325468,0.0,0.0,1.0,1.0,1.0,0.0,0.0,0.0,1.0,0.0
0.0278,0.8592224050790532,-0.8592224050790532,0.0,21.979267810238703,-20.467155780581386,-21.259854425404246,54.99550297847648,0.6631618257765963,1.0,-1.0,0.0,48.0,-1.9840895597670962,-46.01591044023291,1.5908684223762108,0.0,0.0,1.0,1.0,1.0,0.0,0.0,0.0,1.0,0.0
0.028,1.0325436222470388,-1.0325436222470388,0.0,22.0083597473364,-20.231085379911978,-21.461141303281615,55.06826138700433,0.7920001208479526,1.0,-1.0,0.0,48.0,-1.6502215130061746,-46.34977848699383,1.6018745840826005,0.0,0.0,1.0,1.0,1.0,0.0,0.0,0.0,1.0,0.0
0.0282,1.2085735331604366,-1.2085735331604366,0.0,22.042625235697127,-19.978832144780934,-21.64978639798676,55.153901917737784,0.9208055903392398,1.0,-1.0,0.0,48.0,-1.318317056555145,-46.681682943444855,1.612896585737393,0.0,0.0,1.0,1.0,1.0,0.0,0.0,0.0,1.0,0.0
0.0284,1.3876269937236396,-1.3876269937236396,0.0,22.08208309725918,-19.710076998126215,-21.826349656882016,55.25242153684372,1.0495816809713254,1.0,-1.0,0.0,48.0,-0.9876472935515022,-47.012352706448496,1.6239370034558576,0.0,0.0,1.0,1.0,1.0,0.0,0.0,0.0,1.0,0.0
0.0286,1.5700194350024628,-1.5700194350024628,0.0,22.126757404510606,-19.424574281284745,-21.99144674595619,55.36381707095056,1.1783219031543606,1.0,-1.0,0.0,48.0,-0.6574616924308807,-47.34253830756912,1.6349984127491077,0.0,0.0,1.0,1.0,1.0,0.0,0.0,0.0,1.0,0.0
0.0288,1.75606408791855,-1.75606408791855,0.0,22.176676441040975,-19.122154265521043,-22.145745660172594,55.48808414141078,1.3070084253043657,1.0,-1.0,0.0,48.0,-0.32699325206744057,-47.67300674793256,1.6460833883919666,0.0,0.0,1.0,1.0,1.0,0.0,0.0,0.0,1.0,0.0
0.029,1.946068514662763,-1.946069967929715,1.4532669521436169e-06,22.231871451901018,-18.802725315739586,-22.289962980560773,55.6252159692294,1.4356102771389707,1.0,-1.0,0.0,48.0,0.0,-48.0,1.6571945040643816,0.0,0.0,1.0,1.0,1.0,0.0,0.0,0.0,1.0,0.0
0.0292,2.136357745681035,-2.1443148774331466,0.007957131752111483,22.292328359299237,-18.46623708613628,-22.424812634995174,55.775084889156524,1.5606139956217813,1.0,-1.0,0.0,48.0,0.0,-48.0,1.6683343258070318,0.0,0.0,1.0,1.0,1.0,0.0,0.0,0.0,1.0,0.0
0.0294,2.323571290567108,-2.354758906882558,0.031187616315449754,22.357852128562524,-18.11257999381288,-22.550865418953887,55.93710573564285,1.6786266185672094,1.0,-1.0,0.0,48.0,0.0,-48.0,1.6795053481780549,0.0,0.0,1.0,1.0,1.0,0.0,0.0,0.0,1.0,0.0
0.0296,2.5081585309608574,-2.57755795009402,0.06939941913316283,22.428200122682785,-17.741713628569446,-22.668679403795075,56.110572669224766,1.7895127161186182,1.0,-1.0,0.0,48.0,0.0,-48.0,1.6907099312044462,0.0,0.0,1.0,1.0,1.0,0.0,0.0,0.0,1.0,0.0
0.0298,2.6905545227241037,-2.812881951858279,0.12232742913417527,22.50312339392707,-17.353708046293114,-22.778840149981114,56.29476600996125,1.8931304485948353,1.0,-1.0,0.0,48.0,0.0,-48.0,1.7019502923719627,0.0,0.0,1.0,1.0,1.0,0.0,0.0,0.0,1.0,0.0
0.03,2.8711775216842,-3.0609101029291033,0.1897325812449032,22.58236483907865,-16.948746855825508,-22.88195731352535,56.48895146874936,1.9893291174391048,1.0,-1.0,0.0,48.0,0.0,-48.0,1.7132285037842407,0.0,0.0,1.0,1.0,1.0,0.0,0.0,0.0,1.0,0.0
0.0302,3.0504266964658617,-3.3218260055964053,0.27139930913054366,22.665657159869458,-16.527129117696777,-22.978660429978817,56.692379166186,2.0779473742609342,1.0,-1.0,0.0,48.0,0.0,-48.0,1.724546489145833,0.0,0.0,1.0,1.0,1.0,0.0,0.0,0.0,1.0,0.0
0.0304,3.228680079137328,-3.5958128538111187,0.3671327746737907,22.752720684300712,-16.089269918765346,-23.069593891048534,56.904282507248254,2.158812134577828,1.0,-1.0,0.0,48.0,0.0,-48.0,1.735906020533431,0.0,0.0,1.0,1.0,1.0,0.0,0.0,0.0,1.0,0.0
0.0306,3.4062928027658463,-3.8830486760277956,0.47675587326194946,22.84326111316227,-15.635699491694623,-23.155411148808746,57.12387698389002,2.2317382257584217,1.0,-1.0,0.0,48.0,0.0,-48.0,1.7473087149335875,0.0,0.0,1.0,1.0,1.0,0.0,0.0,0.0,1.0,0.0
0.0308,3.583595672387482,-4.183701692982591,0.6001060205951093,22.93696726418735,-15.167060756467896,-23.236768202535497,57.35035897964625,2.296528779170643,1.0,-1.0,0.0,48.0,0.0,-48.0,1.7587560305399175,0.0,0.0,1.0,1.0,1.0,0.0,0.0,0.0,1.0,0.0
0.031,3.760894112314159,-4.49792584637631,0.737031734062151,23.03350889358812,-14.684105173569215,-23.314316443266886,57.58290465027873,2.3529763550687064,1.0,-1.0,0.0,48.0,0.0,-48.0,1.7702492628176043,0.0,0.0,1.0,1.0,1.0,0.0,0.0,0.0,1.0,0.0
0.0312,3.938467528096051,-4.825856557701263,0.8873890296052117,23.13253468083829,-14.187686815860097,-23.38869495103548,57.820668952213225,2.400864765856747,1.0,-1.0,0.0,48.0,0.0,-48.0,1.781789540357648,0.0,0.0,1.0,1.0,1.0,0.0,0.0,0.0,1.0,0.0
0.0314,4.116569115806032,-5.1676067790244415,1.0510376632184102,23.233670467100467,-13.678754589358553,-23.460522359049218,58.06278488590384,2.4399715397136816,1.0,-1.0,0.0,48.0,0.0,-48.0,1.7933778205572197,0.0,0.0,1.0,1.0,1.0,0.0,0.0,0.0,1.0,0.0
0.0316,4.295426144600365,-5.523263399178717,1.2278372545783514,23.33651784020442,-13.158342562779328,-23.530388417548433,58.30836301427322,2.4700709429379915,1.0,-1.0,0.0,48.0,0.0,-48.0,1.8050148851752859,0.0,0.0,1.0,1.0,1.0,0.0,0.0,0.0,1.0,0.0
0.0318,4.475240730737028,-5.892884069255105,1.417643338518078,23.44065315912278,-12.627558402350802,-23.5988454071844,58.55649130706524,2.490937456660341,1.0,-1.0,0.0,48.0,0.0,-48.0,1.8167013358237283,0.0,0.0,1.0,1.0,1.0,0.0,0.0,0.0,1.0,0.0
0.032,4.656191112426832,-6.276494510263113,1.6203033978362815,23.545627108017744,-12.087569952315798,-23.666399566997043,58.80623535045157,2.502349582745626,1.0,-1.0,0.0,48.0,0.0,-48.0,1.8284375894633242,0.0,0.0,1.0,1.0,1.0,0.0,0.0,0.0,1.0,0.0
0.0322,4.838433425106814,-6.674086363054551,1.8356529379477369,23.650964863727335,-11.539590052538426,-23.733502714763468,59.05663894779053,2.5040938357864064,1.0,-1.0,0.0,48.0,0.0,-48.0,1.8402238739804493,0.0,0.0,1.0,1.0,1.0,0.0,0.0,0.0,1.0,0.0
0.0324,5.022103966060215,-7.085615635836747,2.063511669776531,23.75616695066025,-10.984859742181717,-23.800544246916143,59.306725122391384,2.4959687641148056,1.0,-1.0,0.0,48.0,0.0,-48.0,1.8520602239240862,0.0,0.0,1.0,1.0,1.0,0.0,0.0,0.0,1.0,0.0
0.0326,5.2073219259083,-7.511001797610628,2.3036798717023275,23.860710843198234,-10.424630061384788,-23.867843710604593,59.55549751693229,2.4777888337347793,1.0,-1.0,0.0,48.0,0.0,-48.0,1.863946476483276,0.0,0.0,1.0,1.0,1.0,0.0,0.0,0.0,1.0,0.0
0.0328,5.394192552570348,-7.950127556495332,2.5559350039249837,23.96405335772174,-9.860142729568576,-23.935644141009984,59.80194216736173,2.4493880059197424,1.0,-1.0,0.0,48.0,0.0,-48.0,1.8758822677824234,0.0,0.0,1.0,1.0,1.0,0.0,0.0,0.0,1.0,0.0
0.033,5.582810701093948,-8.402839350059653,2.8200286489657045,24.065633854293573,-9.292610047181073,-24.004106351976304,60.045029612302166,2.4106228427027547,1.0,-1.0,0.0,48.0,0.0,-48.0,1.8878670295656999,0.0,0.0,1.0,1.0,1.0,0.0,0.0,0.0,1.0,0.0
0.0332,5.773264710624851,-8.868948560489091,3.0956838498642405,24.16487824208299,-8.723194434548153,-24.073304356773686,60.28371728287147,2.361374985165894,1.0,-1.0,0.0,48.0,0.0,-48.0,1.899899986332431,0.0,0.0,1.0,1.0,1.0,0.0,0.0,0.0,1.0,0.0
0.0334,5.965640538098569,-9.348233450811916,3.3825929127133474,24.26120375324305,-8.152988083779382,-24.14322207792916,60.516952103171754,2.301552867598989,1.0,-1.0,0.0,48.0,0.0,-48.0,1.9119801529727865,0.0,0.0,1.0,1.0,1.0,0.0,0.0,0.0,1.0,0.0
0.0336,6.160026067429267,-9.840441799761935,3.6804157323326683,24.354024417881426,-7.582993253802826,-24.213751480382975,60.743673219223886,2.231092556202336,1.0,-1.0,0.0,48.0,0.0,-48.0,1.9241063329378658,0.0,0.0,1.0,1.0,1.0,0.0,0.0,0.0,1.0,0.0
0.0338,6.356515503512497,-10.345294192582761,3.9887786890702643,24.442757138961767,-7.014103780850126,-24.28469223091618,60.96281476456685,2.1499576336405313,1.0,-1.0,0.0,48.0,0.0,-48.0,1.9362771169608406,0.0,0.0,1.0,1.0,1.0,0.0,0.0,0.0,1.0,0.0
0.034,6.555213752729521,-10.862487903736742,4.307274151007221,24.526828231669413,-6.447088403441073,-24.35575294939431,61.17330856476921,2.0581380896085766,1.0,-1.0,0.0,48.0,0.0,-48.0,1.948490882326751,0.0,0.0,1.0,1.0,1.0,0.0,0.0,0.0,1.0,0.0
0.0342,6.7562406863129,-11.391701285762295,4.635460599449395,24.605680258423348,-5.8825765087865,-24.42655407482664,61.3740866812725,1.9556482214431,1.0,-1.0,0.0,48.0,0.0,-48.0,1.9607457926687972,0.0,0.0,1.0,1.0,1.0,0.0,0.0,0.0,1.0,0.0
0.0344,6.959735180336778,-11.932598557232353,4.9728633768955754,24.678778959944072,-5.321046893779127,-24.496632322902403,61.56408369773473,1.8425235961286366,1.0,-1.0,0.0,48.0,0.0,-48.0,1.9730397982492216,0.0,0.0,1.0,1.0,1.0,0.0,0.0,0.0,1.0,0.0
0.0346,7.165858826590609,-12.484834862792843,5.318976036202233,24.745620056331436,-4.762820096399272,-24.565446663249396,61.74223865961633,1.7188171739202045,1.0,-1.0,0.0,48.0,0.0,-48.0,1.9853706366641661,0.0,0.0,1.0,1.0,1.0,0.0,0.0,0.0,1.0,0.0
0.0348,7.374799212444459,-13.048061460545329,5.67326224810087,24.805735671724506,-4.208054791445562,-24.63238569617588,61.90749659020196,1.5845947420980786,1.0,-1.0,0.0,48.0,0.0,-48.0,1.997735833895255,0.0,0.0,1.0,1.0,1.0,0.0,0.0,0.0,1.0,0.0
0.035,7.586772675149646,-13.621930877519633,6.035158202369987,24.858700123492785,-3.656748658184329,-24.69677626230994,62.05880952340864,1.4399298528216335,1.0,-1.0,0.0,48.0,0.0,-48.0,2.01013270561689,0.0,0.0,1.0,1.0,1.0,0.0,0.0,0.0,1.0,0.0
0.0352,7.802026446828109,-14.20610186355798,6.40407541672987,24.904134813553913,-3.108744018171148,-24.757893076614497,62.19513701519582,1.2848984993647896,1.0,-1.0,0.0,48.0,0.0,-48.0,2.0225583586583826,0.0,0.0,1.0,1.0,1.0,0.0,0.0,0.0,1.0,0.0
0.0354,8.020840120511014,-14.80024396839937,6.7794038478883545,24.94171196656055,-2.5637384117323596,-24.814969142928767,62.31544612054027,1.1195737980060092,1.0,-1.0,0.0,48.0,0.0,-48.0,2.035009692514947,0.0,0.0,1.0,1.0,1.0,0.0,0.0,0.0,1.0,0.0
0.0356,8.243526384649808,-15.404041566764663,7.160515182114854,24.971156978213834,-2.0213001351469146,-24.867206678445303,62.418710850935305,0.9440209665459567,1.0,-1.0,0.0,48.0,0.0,-48.0,2.0474834008016236,0.0,0.0,1.0,1.0,1.0,0.0,0.0,0.0,1.0,0.0
0.0358,8.47043099303854,-16.01719716226735,7.54676616922881,24.99224916726604,-1.4808886021378687,-24.913788260993236,62.50391115720743,0.7582929031968217,1.0,-1.0,0.0,48.0,0.0,-48.0,2.0599759725502427,0.0,0.0,1.0,1.0,1.0,0.0,0.0,0.0,1.0,0.0
0.036,8.701931958407213,-16.639433813256257,7.937501854849044,25.004820766790235,-0.9418792283523062,-24.953887906797046,62.570031512953946,0.5624266702158054,1.0,-1.0,0.0,48.0,0.0,-48.0,2.072483693261505,0.0,0.0,1.0,1.0,1.0,0.0,0.0,0.0,1.0,0.0
0.0362,8.938437980303437,-17.270496542234298,8.332058561930861,25.008754043409137,-0.40359237205235576,-24.986681793084287,62.616059203838155,0.356441174407216,1.0,-1.0,0.0,48.0,0.0,-48.0,2.085002645642336,0.0,0.0,1.0,1.0,1.0,0.0,0.0,0.0,1.0,0.0
0.0364,8.899507823570643,-17.348396017709117,8.448888194138474,25.003980629182113,0.1346743233696044,-25.011362492944148,62.64099281044558,0.14157713744201006,1.0,0.0,-1.0,0.0,48.0,-48.0,2.0975287101121394,0.0,1.0,1.0,3.0,2.0,0.0,0.0,0.0,1.0,0.0
0.0366,8.0434142827297,-15.788563722915974,7.745149440186274,24.99096459265454,0.6736279796304668,-25.02763891242438,62.645068303683395,-0.05532343317325639,1.0,0.0,-1.0,0.0,48.0,-48.0,2.1100576443472012,0.0,1.0,1.0,3.0,2.0,0.0,0.0,0.0,1.0,0.0
0.0368,7.223373307280855,-14.296435468142567,7.073062160861713,24.97112807408832,1.2140372492511142,-25.036183467905907,62.6308508601776,-0.22453961510775677,1.0,0.0,-1.0,0.0,48.0,-48.0,2.1225855182485023,0.0,1.0,1.0,3.0,2.0,0.0,0.0,0.0,1.0,0.0
0.037,6.438907672880936,-12.870243569650327,6.431335896769391,24.945961858406815,1.7567456908413117,-25.037761215336726,62.6010326418347,-0.3675858244090393,1.0,0.0,-1.0,0.0,48.0,-48.0,2.135108944968776,0.0,1.0,1.0,3.0,2.0,0.0,0.0,0.0,1.0,0.0
0.0372,5.68948760779025,-11.508291680958045,5.8188040731677955,24.91690597872457,2.30263387854751,-25.03312477542802,62.558157610545,-0.4859126944717833,1.0,0.0,-1.0,0.0,48.0,-48.0,2.147625061166757,0.0,1.0,1.0,3.0,2.0,0.0,0.0,0.0,1.0,0.0
0.0374,4.97453538278769,-10.208954759778697,5.234419376991007,24.885342124614358,2.852582948995235,-25.02301950077467,62.50462754829549,-0.58091464477187,1.0,0.0,-1.0,0.0,48.0,-48.0,2.160131497981815,0.0,1.0,1.0,3.0,2.0,0.0,0.0,0.0,1.0,0.0
0.0376,4.293429252448731,-8.970677718772347,4.677248466323616,24.852585403416832,3.4074421896944753,-25.00818649753951,62.442707212737815,-0.6539394642375274,1.0,0.0,-1.0,0.0,48.0,-48.0,2.1726263531295364,0.0,1.0,1.0,3.0,2.0,0.0,0.0,0.0,1.0,0.0
0.0378,3.6455069359165515,-7.791972952132522,4.14646601621597,24.819875596775592,3.9680008230256414,-24.98936363764664,62.374528467505755,-0.7062991035473646,1.0,0.0,-1.0,0.0,48.0,-48.0,2.185108163927894,0.0,1.0,1.0,3.0,2.0,0.0,0.0,0.0,1.0,0.0
0.038,3.0300688111825145,-6.67141692863541,3.6413481174528957,24.78836806612841,4.534963982413663,-24.967284754898547,62.302093304010896,-0.7392809362142747,1.0,0.0,-1.0,0.0,48.0,-48.0,2.197575881039408,0.0,1.0,1.0,3.0,2.0,0.0,0.0,0.0,1.0,0.0
0.0382,2.446380978309478,-5.607646034680065,3.161265056370587,24.759124464434752,5.10893274489276,-24.942677260008626,62.22727574156301,-0.7541588281680862,1.0,0.0,-1.0,0.0,48.0,-48.0,2.2100288427051775,0.0,1.0,1.0,3.0,2.0,0.0,0.0,0.0,1.0,0.0
0.0384,1.8936783253997476,-4.59935183921613,2.7056735138163823,24.733103408457577,5.690387978825916,-24.916258436421696,62.15182265429653,-0.7522034445662054,1.0,0.0,-1.0,0.0,48.0,-48.0,2.222466749250349,0.0,1.0,1.0,3.0,2.0,0.0,0.0,0.0,1.0,0.0
0.0386,1.3711677077302071,-3.6452759374931425,2.2741082297629354,24.71115125822404,6.27967768794741,-24.88873069255175,62.07735362585093,-0.7346913161946811,1.0,0.0,-1.0,0.0,48.0,-48.0,2.2348896376556677,0.0,1.0,1.0,3.0,2.0,0.0,0.0,0.0,1.0,0.0
0.0388,0.8780313265006183,-2.7442045134590902,1.866173186958472,24.69399313980902,6.877007483072447,-24.86077604852586,62.00535997578916,-0.7029122822083786,1.0,0.0,-1.0,0.0,48.0,-48.0,2.2472978560144297,0.0,1.0,1.0,3.0,2.0,0.0,0.0,0.0,1.0,0.0
0.039,0.4134303700383344,-1.8949627425111164,1.481532372472782,24.682224336272522,7.482433789760717,-24.83305012865675,61.937203135432455,-0.6581750179757808,1.0,0.0,-1.0,0.0,48.0,-48.0,2.259692037726475,0.0,1.0,1.0,3.0,2.0,0.0,0.0,0.0,1.0,0.0
0.0392,-0.023491042147508745,-1.0964091381927727,1.1199001803402815,24.67630216126294,8.095859402061121,-24.80617591668141,61.87411257550074,-0.6018104440894518,1.0,0.0,-1.0,0.0,48.0,-48.0,2.2720730753189837,0.0,1.0,1.0,3.0,2.0,0.0,0.0,0.0,1.0,0.0
0.0394,-0.4336015927902332,-0.34742992924084287,0.7810315220310761,24.676538422049358,8.717031016541647,-24.78073751124939,61.81718350423582,-0.5351728935824791,1.0,0.0,-1.0,0.0,48.0,-48.0,2.2844420938261196,0.0,1.0,1.0,3.0,2.0,0.0,0.0,0.0,1.0,0.0
0.0396,-0.6412384047407862,0.0,0.6412384047407862,24.682546254227198,9.345329206331577,-24.756726254484455,61.7660077068245,-0.513265490389279,1.0,0.0,-1.0,14.617580793539794,33.382419206460206,-48.0,2.2968003771264165,0.0,1.0,1.0,3.0,2.0,0.0,0.0,0.0,1.0,0.0
0.0398,-0.6736539613384539,0.0,0.6736539613384539,24.69110341265039,9.978787801381399,-24.731407623427984,61.71336057288509,-0.5394888567027063,1.0,0.0,-1.0,14.001060093229803,33.9989399067702,-48.0,2.3091483576589775,0.0,1.0,1.0,3.0,2.0,0.0,0.0,0.0,1.0,0.0
0.04,-0.7046156057160753,0.0,0.7046156057160753,24.701314926400297,10.61596987946024,-24.704506781713846,61.6581470393613,-0.564598753941469,1.0,0.0,-1.0,13.382434192882986,34.61756580711702,-48.0,2.3214855502693026,0.0,1.0,1.0,3.0,2.0,0.0,0.0,0.0,1.0,0.0
0.0402,-0.7341597328349283,0.0,0.7341597328349283,24.71265097630366,11.255445435598245,-24.676229382209367,61.6004770654086,-0.5886208830902608,1.0,0.0,-1.0,12.762765361448901,35.2372346385511,-48.0,2.333811452716325,0.0,1.0,1.0,3.0,2.0,0.0,0.0,0.0,1.0,0.0
0.0404,-0.7623083388076488,0.0,0.7623083388076488,24.72446514268133,11.895640940383464,-24.64677368200023,61.540458714016694,-0.6115668917616721,1.0,0.0,-1.0,12.143204789957085,35.85679521004291,-48.0,2.3461255845377624,0.0,1.0,1.0,3.0,2.0,0.0,0.0,0.0,1.0,0.0
0.0406,-0.7890650864635048,0.0,0.7890650864635048,24.73599687509603,12.534859552396831,-24.616327631470607,61.47819972810848,-0.6334309783984154,1.0,0.0,-1.0,11.52497506941588,36.47502493058412,-48.0,2.3584274868228428,0.0,1.0,1.0,3.0,2.0,0.0,0.0,0.0,1.0,0.0
0.0408,-0.8144115095191238,0.0,0.8144115095191238,24.74637600924934,13.171303297748825,-24.58506666824204,61.41380943892316,-0.6541866571180139,1.0,0.0,-1.0,10.909351372754825,37.09064862724517,-48.0,2.3707167223337264,0.0,1.0,1.0,3.0,2.0,0.0,0.0,0.0,1.0,0.0
0.041,-0.8383034476397241,0.0,0.8383034476397241,24.754629313929897,13.803096853194877,-24.553152247353264,61.34740098616354,-0.6737837726428357,1.0,0.0,-1.0,10.29764168009344,37.70235831990656,-48.0,2.3829928760402077,0.0,1.0,1.0,3.0,2.0,0.0,0.0,0.0,1.0,0.0
0.0412,-0.8606678015816832,0.0,0.8606678015816832,24.75968900966654,14.428312546888858,-24.52073111696691,61.279093820366356,-0.692145856068695,1.0,0.0,-1.0,9.691166399460958,38.30883360053904,-48.0,2.3952555561272404,0.0,1.0,1.0,3.0,2.0,0.0,0.0,0.0,1.0,0.0
0.0414,-0.8813996923900804,0.0,0.8813996923900804,24.760403158864552,15.044996173593875,-24.48793532727832,61.20901644887487,-0.7091679120291892,1.0,0.0,-1.0,9.091237742199242,38.90876225780076,-48.0,2.407504395528008,0.0,1.0,1.0,3.0,2.0,0.0,0.0,0.0,1.0,0.0
0.0416,-0.9003601013595196,0.0,0.9003601013595196,24.75554778554155,15.651193209426358,-24.45488293963889,61.137309377826014,-0.7247147256980677,1.0,0.0,-1.0,8.499139213524973,39.50086078647503,-48.0,2.4197390540266577,0.0,1.0,1.0,3.0,2.0,0.0,0.0,0.0,1.0,0.0
0.0418,-0.9173740582726099,0.0,0.9173740582726099,24.74384054229777,16.244975005337146,-24.421679383622426,61.064128193920425,-0.7386197735975337,1.0,0.0,-1.0,7.916105574000528,40.083894425999475,-48.0,2.4319592209644156,0.0,1.0,1.0,3.0,2.0,0.0,0.0,0.0,1.0,0.0
0.042,-0.9322294344750615,0.0,0.9322294344750615,24.723955703938856,16.824464538955983,-24.388419392288178,60.98964672168711,-0.7506848149261806,1.0,0.0,-1.0,7.343303616869356,40.65669638313064,-48.0,2.4441646185707557,0.0,1.0,1.0,3.0,2.0,0.0,0.0,0.0,1.0,0.0
0.0422,-0.9446763848455882,0.0,0.9446763848455882,24.69454023239547,17.38786131156376,-24.355189430620694,60.9140601847732,-0.7606802297393771,1.0,0.0,-1.0,6.781814089323628,41.21818591067637,-48.0,2.4563550059276458,0.0,1.0,1.0,3.0,2.0,0.0,0.0,0.0,1.0,0.0
0.0424,-0.9544274689385958,0.0,0.9544274689385958,24.654230627489824,17.933464991210062,-24.322070519425324,60.837588293815244,-0.7683461565878131,1.0,0.0,-1.0,6.2326150628221875,41.76738493717781,-48.0,2.4685301835600595,0.0,1.0,1.0,3.0,2.0,0.0,0.0,0.0,1.0,0.0
0.0426,-0.9611584668316513,0.0,0.9611584668316513,24.601670253923913,18.459697424646937,-24.289141347153162,60.76047817901462,-0.7733944651027505,1.0,0.0,-1.0,5.696567028738439,42.30343297126156,-48.0,2.4806899986299067,0.0,1.0,1.0,3.0,2.0,0.0,0.0,0.0,1.0,0.0
0.0428,-0.9645098898561989,0.0,0.9645098898561989,24.535526817792462,18.965122669966775,-24.256481555487944,60.68300708298349,-0.7755115786800211,1.0,0.0,-1.0,5.174399961185484,42.825600038814514,-48.0,2.4928343506939528,0.0,1.0,1.0,3.0,2.0,0.0,0.0,0.0,1.0,0.0
0.043,-0.9640891708240408,0.0,0.9640891708240408,24.45450965699678,19.44846473853684,-24.22417508124426,60.60548472904776,-0.7743621392669466,1.0,0.0,-1.0,4.666702549339421,43.333297450660574,-48.0,2.5049631979692304,0.0,1.0,1.0,3.0,2.0,0.0,0.0,0.0,1.0,0.0
0.0432,-0.9594735030066425,0.0,0.9594735030066425,24.35738650999048,19.908622778713333,-24.192313437308965,60.52825528224403,-0.7695934809477596,1.0,0.0,-1.0,4.173913757627425,43.826086242372575,-48.0,2.51707656403274,0.0,1.0,1.0,3.0,2.0,0.0,0.0,0.0,1.0,0.0
0.0434,-0.9502132824165491,0.0,0.9502132824165491,24.242999436860593,20.344683484256215,-24.160998819006995,60.451698824902024,-0.7608408524302113,1.0,0.0,-1.0,3.6963168246705838,44.30368317532942,-48.0,2.5291745448660605,0.0,1.0,1.0,3.0,2.0,0.0,0.0,0.0,1.0,0.0
0.0436,-0.9358360943164654,0.0,0.9358360943164654,24.11027958601598,20.755930566414612,-24.13034692927889,60.37623227603549,-0.7477333017246248,1.0,0.0,-1.0,3.2340357619539333,44.76596423804606,-48.0,2.54125731614055,0.0,1.0,1.0,3.0,2.0,0.0,0.0,0.0,1.0,0.0
0.0438,-0.9158511727593284,0.0,0.9158511727593284,23.958260528480608,21.14185118904563,-24.10048942618979,60.30230969374259,-0.7299001104745326,1.0,0.0,-1.0,2.787034362099778,45.212965637900226,-48.0,2.553325140625661,0.0,1.0,1.0,3.0,2.0,0.0,0.0,0.0,1.0,0.0
0.044,-0.8897542517222268,0.0,0.8897542517222268,23.78608991928502,21.50213932929188,-24.07157590919885,60.23042191227269,-0.7069776418039424,1.0,0.0,-1.0,2.355117675751206,45.6448823242488,-48.0,2.5653783755918727,0.0,1.0,1.0,3.0,2.0,0.0,0.0,0.0,1.0,0.0
0.0442,-0.8570327183623514,0.0,0.8570327183623514,23.59303929057744,21.836696090477204,-24.04377537584432,60.1610954800705,-0.6786164454271192,1.0,0.0,-1.0,1.9379358668893563,46.06206413311065,-48.0,2.577417480071578,0.0,1.0,1.0,3.0,2.0,0.0,0.0,0.0,1.0,0.0
0.0444,-0.8171709733450114,0.0,0.8171709733450114,23.3785118322773,22.145627056996894,-24.01727709749107,60.094890881552956,-0.644488448253135,1.0,0.0,-1.0,1.5349903103962212,46.465009689603775,-48.0,2.5894430218360847,0.0,1.0,1.0,3.0,2.0,0.0,0.0,0.0,1.0,0.0
0.0446,-0.7696559002346574,0.0,0.7696559002346574,23.142048071440595,22.42923684103557,-23.992290880917817,60.03240004309716,-0.6042940487519994,1.0,0.0,-1.0,1.1456417542258173,46.85435824577418,-48.0,2.601455683945242,0.0,1.0,1.0,3.0,2.0,0.0,0.0,0.0,1.0,0.0
0.0448,-0.7139823456637362,0.0,0.7139823456637362,22.883329418802806,22.688021025927373,-23.96904670112799,59.97424314213344,-0.5577689296178393,1.0,0.0,-1.0,0.7691203329100347,47.230879667089965,-48.0,2.6134562707280984,0.0,1.0,1.0,3.0,2.0,0.0,0.0,0.0,1.0,0.0
0.045,-0.6496585143600199,0.0,0.6496585143600199,22.602179607843684,22.922655759022405,-23.94779370917547,59.92106475669449,-0.5046904061439359,1.0,0.0,-1.0,0.4045371903117019,47.5954628096883,-48.0,2.625445713058657,0.0,1.0,1.0,3.0,2.0,0.0,0.0,0.0,1.0,0.0
0.0452,-0.5762111879750873,0.0,0.5762111879750873,22.298564105787328,23.13398528644108,-23.9287986363586,59.87352941060894,-0.4448831372530956,1.0,0.0,-1.0,0.050897448273282464,47.94910255172672,-48.0,2.6374250728000335,0.0,1.0,1.0,3.0,2.0,0.0,0.0,0.0,1.0,0.0
0.0454,-0.49026748023203703,-0.005845631406515136,0.49611311163855215,21.972562884464313,23.32298136158933,-23.912316622878162,59.83224900451368,-0.3805971658610332,1.0,0.0,-1.0,0.0,48.0,-48.0,2.649395543417143,0.0,1.0,1.0,3.0,2.0,0.0,0.0,0.0,1.0,0.0
0.0456,-0.38663068854153365,-0.02707259333714989,0.41370328187868355,21.62424228906115,23.490587682496397,-23.89844787245701,59.79742540945286,-0.3157897350986041,1.0,0.0,-1.0,0.0,48.0,-48.0,2.661358402849003,0.0,1.0,1.0,3.0,2.0,0.0,0.0,0.0,1.0,0.0
0.0458,-0.26520694943552836,-0.06304506671668368,0.32825201615221206,21.25375904652725,23.637802355564837,-23.887240372340365,59.76910954790577,-0.25042913225678665,1.0,0.0,-1.0,0.0,48.0,-48.0,2.6733149474119653,0.0,1.0,1.0,3.0,2.0,0.0,0.0,0.0,1.0,0.0
0.046,-0.1259776815898705,-0.11301867437059367,0.23899635596046415,20.861419099459038,23.765726946180585,-23.87875213958186,59.74735993746313,-0.18445968031916476,1.0,0.0,-1.0,0.0,48.0,-48.0,2.685266484411493,0.0,1.0,1.0,3.0,2.0,0.0,0.0,0.0,1.0,0.0
0.0462,0.031082783245670875,-0.1763149070380863,0.14523212379241543,20.447673293536912,23.875552506404333,-23.873047986097365,59.73223805059739,-0.11787903674801406,1.0,0.0,-1.0,0.0,48.0,-48.0,2.6972143332409964,0.0,1.0,1.0,3.0,2.0,0.0,0.0,0.0,1.0,0.0
0.0464,0.2060022176006825,-0.2523199715435381,0.0463177539428556,20.013111428030324,23.968544618773976,-23.87019566001269,59.72380268737146,-0.050743771723604114,1.0,0.0,-1.0,0.0,48.0,-48.0,2.7091598254193756,0.0,1.0,1.0,3.0,2.0,0.0,0.0,0.0,1.0,0.0
0.0466,0.39880569737244825,-0.3404830222419684,-0.05832267513047982,19.55845497652923,24.046027849901105,-23.870261610073985,59.722103881057016,0.016826877974005217,1.0,0.0,-1.0,0.0,48.0,-48.0,2.721104303453361,0.0,1.0,1.0,3.0,2.0,0.0,0.0,0.0,1.0,0.0
0.0468,0.6095110318127519,-0.44031379237542634,-0.1691972394373255,19.08454866186043,24.109369874356577,-23.873306489369224,59.72717652113107,0.08464911141187394,1.0,0.0,-1.0,0.0,48.0,-48.0,2.7330491184496157,0.0,1.0,1.0,3.0,2.0,0.0,0.0,0.0,1.0,0.0
0.047,0.8381244670234057,-0.5513796519207029,-0.2867448151027028,18.592351063915956,24.15996551994198,-23.879380517731338,59.739033878736656,0.1524745029718482,1.0,0.0,-1.0,0.0,48.0,-48.0,2.74499562643862,0.0,1.0,1.0,3.0,2.0,0.0,0.0,0.0,1.0,0.0
0.0472,1.0846366992909529,-0.6733021278464224,-0.4113345714445304,18.08292442569153,24.199220969268037,-23.88851882272569,59.75766121531178,0.21999171113473703,1.0,0.0,-1.0,0.0,48.0,-48.0,2.7569451834090217,0.0,1.0,1.0,3.0,2.0,0.0,0.0,0.0,1.0,0.0
0.0474,1.3490192288411662,-0.8057529312831433,-0.5432662975580228,17.55742380276145,24.228538331170796,-23.900736877321226,59.78300964607011,0.28682984465921624,1.0,0.0,-1.0,0.0,48.0,-48.0,2.7688991390864266,0.0,1.0,1.0,3.0,2.0,0.0,0.0,0.0,1.0,0.0
0.0476,1.6312210795719497,-0.9484495438424274,-0.6827715357295223,17.017085676680363,24.249300770608535,-23.916026148495863,59.814990416827285,0.3525633351990752,1.0,0.0,-1.0,0.0,48.0,-48.0,2.7808588295237064,0.0,1.0,1.0,3.0,2.0,0.0,0.0,0.0,1.0,0.0
0.0478,1.9311659061567856,-1.101150422139671,-0.8300154840171144,16.463216125684273,24.262858359033444,-23.93435006542996,59.85346973586144,0.4167181322571872,1.0,0.0,-1.0,0.0,48.0,-48.0,2.792825568599973,0.0,1.0,1.0,3.0,2.0,0.0,0.0,0.0,1.0,0.0
0.048,2.2487495066469396,-1.2636498854525593,-0.9850996211943801,15.89717861899143,24.27051478045699,-23.95564040887475,59.89826428269186,0.4787790095425889,1.0,0.0,-1.0,0.0,48.0,-48.0,2.8048006385517708,0.0,1.0,1.0,3.0,2.0,0.0,0.0,0.0,1.0,0.0
0.0482,2.583837756300567,-1.4357727563746916,-1.1480649999258752,15.32038147640575,24.27351500294962,-23.9797942149724,59.94913749349456,0.5381977514541156,1.0,0.0,-1.0,0.0,48.0,-48.0,2.8167852796822217,0.0,1.0,1.0,3.0,2.0,0.0,0.0,0.0,1.0,0.0
0.0484,2.9362649767108855,-1.6173688283053003,-1.3188961484055852,14.734265015070983,24.273034002261923,-24.006671277416288,60.00579669899869,0.594401974536151,1.0,0.0,-1.0,0.0,48.0,-48.0,2.82878067941142,0.0,1.0,1.0,3.0,2.0,0.0,0.0,0.0,1.0,0.0
0.0486,3.305832753195321,-1.8083072366504094,-1.4975255165449117,14.140288392081782,24.270166604406157,-24.036092321461688,60.06789116576207,0.6468043311677995,1.0,0.0,-1.0,0.0,48.0,-48.0,2.8407879608441293,0.0,1.0,1.0,3.0,2.0,0.0,0.0,0.0,1.0,0.0
0.0488,3.6923092125821397,-2.0084708126864363,-1.6838383998957034,13.539916146790512,24.265918497794654,-24.067837911943545,60.13501106632269,0.6948118411926488,1.0,0.0,-1.0,0.0,48.0,-48.0,2.8528081710384185,0.0,1.0,1.0,3.0,2.0,0.0,0.0,0.0,1.0,0.0
0.049,4.095428772680972,-2.2177505001210194,-1.8776782725599528,12.934604451077238,24.261198452924482,-24.10164814507763,60.20668737845643,0.7378351013623988,1.0,0.0,-1.0,0.0,48.0,-48.0,2.8648422691614064,0.0,1.0,1.0,3.0,2.0,0.0,0.0,0.0,1.0,0.0
0.0492,4.514892373513273,-2.4360399144208476,-2.078852459092426,12.325787089995387,24.256811778302758,-24.137223160314633,60.28239268919321,0.77529713203455,1.0,0.0,-1.0,0.0,48.0,-48.0,2.8768911147159764,0.0,1.0,1.0,3.0,2.0,0.0,0.0,0.0,1.0,0.0
0.0494,4.9503681984660926,-2.663230123878571,-2.287138074587521,11.714861218872535,24.253455034709535,-24.174224493762562,60.361542855878916,0.8066416352269551,1.0,0.0,-1.0,0.0,48.0,-48.0,2.8889554560149495,0.0,1.0,1.0,3.0,2.0,0.0,0.0,0.0,1.0,0.0
0.0496,5.4014928905989645,-2.899204729056593,-2.502288161542372,11.103172975231853,24.25171202514961,-24.212277278580526,60.44349945491642,0.8313404576024958,1.0,0.0,-1.0,0.0,48.0,-48.0,2.901035919067597,0.0,1.0,1.0,3.0,2.0,0.0,0.0,0.0,1.0,0.0
0.0498,5.867873265102212,-3.143835313554267,-2.724037951547944,10.492003063323404,24.252051073962605,-24.25097328020483,60.527572929338994,0.8489000759610468,1.0,0.0,-1.0,0.0,48.0,-48.0,2.9131329970273785,0.0,1.0,1.0,3.0,2.0,0.0,0.0,0.0,1.0,0.0
0.05,6.3490885131686,-3.3969773338748097,-2.9521111792937904,9.882552473497611,24.25482360450079,-24.289874735309365,60.61302632950634,0.8588669510642679,1.0,0.0,-1.0,0.0,48.0,-48.0,2.925247040330419,0.0,1.0,1.0,3.0,2.0,0.0,0.0,0.0,1.0,0.0
0.0502,6.844692885181146,-3.6584665094078743,-3.1862263757732716,9.275928545564412,24.260264019543406,-24.32851894314223,60.69907952737209,0.8608316277837083,1.0,0.0,-1.0,0.0,48.0,-48.0,2.9373782476315653,0.0,1.0,1.0,3.0,2.0,0.0,0.0,0.0,1.0,0.0
0.0504,7.3542188321240864,-3.9281157651098004,-3.4261030670142865,8.673131631700358,24.268490881323594,-24.36642353657504,60.784913774327926,0.8544314952331988,1.0,0.0,-1.0,0.0,48.0,-48.0,2.9495266576198866,0.0,1.0,1.0,3.0,2.0,0.0,0.0,0.0,1.0,0.0
0.0506,7.877180573595023,-4.205712769317188,-3.671467804277835,8.075042657246295,24.279509378033406,-24.403092338258777,60.8696764659056,0.8393521591989004,1.0,0.0,-1.0,0.0,48.0,-48.0,2.961692141768743,0.0,1.0,1.0,3.0,2.0,0.0,0.0,0.0,1.0,0.0
0.0508,8.413078048960301,-4.4910180972947815,-3.9220599516655197,7.482411913677776,24.293215050554338,-24.438021685262697,60.952485973881195,0.8153274201437126,1.0,0.0,-1.0,0.0,48.0,-48.0,2.973874398047864,0.0,1.0,1.0,3.0,2.0,0.0,0.0,0.0,1.0,0.0
0.051,8.961401195395265,-4.783764037693901,-4.177637157701364,6.89584944407858,24.309398736860505,-24.470707084202477,61.03243640776815,0.7821378925025386,1.0,0.0,-1.0,0.0,48.0,-48.0,2.986072945597048,0.0,1.0,1.0,3.0,2.0,0.0,0.0,0.0,1.0,0.0
0.0512,9.521634483240504,-5.083654044270032,-4.437980438970473,6.315817394869922,24.32775267232162,-24.500650038986524,61.1086021734021,0.7396083438961423,1.0,0.0,-1.0,0.0,48.0,-48.0,2.9982871203340107,0.0,1.0,1.0,3.0,2.0,0.0,0.0,0.0,1.0,0.0
0.0514,10.093261625830086,-5.390362819257602,-4.702898806572485,5.742624706123202,24.347877662590328,-24.527364875874056,61.18004220630717,0.6876038751143039,1.0,0.0,-1.0,0.0,48.0,-48.0,3.010516071443348,0.0,1.0,1.0,3.0,2.0,0.0,0.0,0.0,1.0,0.0
0.0516,10.675770368322322,-5.7035369981004225,-4.972233370221899,5.176424494929123,24.369291222783747,-24.550385376546426,61.245803771651524,0.6260251019680456,1.0,0.0,-1.0,0.0,48.0,-48.0,3.022758758670517,0.0,1.0,1.0,3.0,2.0,0.0,0.0,0.0,1.0,0.0
0.0518,11.268657248740183,-6.022796388249847,-5.245860860490335,4.6172144512132345,24.391436553403327,-24.569271020343784,61.304925740589404,0.5548025370247027,1.0,0.0,-1.0,0.0,48.0,-48.0,3.035013950324761,0.0,1.0,1.0,3.0,2.0,0.0,0.0,0.0,1.0,0.0
0.052,11.871432215069218,-6.347735698008712,-5.523696517060506,4.064840513093363,24.41369220118077,-24.583612632656077,61.35644127424433,0.4738904014401393,1.0,0.0,-1.0,0.0,48.0,-48.0,3.047280221879023,0.0,1.0,1.0,3.0,2.0,0.0,0.0,0.0,1.0,0.0
0.0522,12.483622975494153,-6.677926675512546,-5.805696299981608,3.519004020267201,24.435382233167214,-24.593037238502784,61.39937987097172,0.3832601232681534,1.0,0.0,-1.0,0.0,48.0,-48.0,3.059555955043526,0.0,1.0,1.0,3.0,2.0,0.0,0.0,0.0,1.0,0.0
0.0524,13.104778955251936,-7.012920563531907,-6.091858391720029,2.9792724607080654,24.455786736249,-24.597211929240906,61.432768759190154,0.2828937975633665,1.0,0.0,-1.0,0.0,48.0,-48.0,3.0718393371833903,0.0,1.0,1.0,3.0,2.0,0.0,0.0,0.0,1.0,0.0
0.0526,13.734474733611183,-7.35225076348807,-6.382223970123114,2.4450938305792294,24.47415244309773,-24.59584656653083,61.455633646209066,0.17277789430047896,1.0,0.0,-1.0,0.0,48.0,-48.0,3.084128360950033,0.0,1.0,1.0,3.0,2.0,0.0,0.0,0.0,1.0,0.0
0.0528,14.372312838507023,-7.6954355925134665,-6.676877245993556,1.9158145228391343,24.489703280350795,-24.588695171333324,61.466998862246086,0.05289750186970643,1.0,0.0,-1.0,0.0,48.0,-48.0,3.0964208240009516,0.0,1.0,1.0,3.0,2.0,0.0,0.0,0.0,1.0,0.0
0.053,15.017925784574487,-8.041981011120775,-6.975944773453711,1.3907005500146048,24.501650636284136,-24.575555876690967,61.465886967300364,-0.07676861377131594,1.0,0.0,-1.0,0.0,48.0,-48.0,3.10871432869323,0.0,1.0,1.0,3.0,2.0,0.0,0.0,0.0,1.0,0.0
0.0532,15.670977252782118,-8.39138319655051,-7.279594056231607,0.8689617948895684,24.5092031537441,-24.55626936094991,61.45131791577311,-0.21625187142350288,1.0,0.0,-1.0,0.0,48.0,-48.0,3.1210062816524076,0.0,1.0,1.0,3.0,2.0,0.0,0.0,0.0,1.0,0.0
0.0534,16.331162326456266,-8.743130838519475,-7.588031487936791,0.34977887331418606,24.511575869638925,-24.53071572219961,61.42230789876298,-0.36559642212445187,1.0,0.0,-1.0,0.0,48.0,-48.0,3.133293893139831,0.0,1.0,1.0,3.0,2.0,0.0,0.0,0.0,1.0,0.0
0.0536,16.270614460812517,-8.732910961393966,-7.537703499418551,-0.16766798562407795,24.508007369049928,-24.498818624513568,61.37789010517535,-0.5228181746555114,0.0,1.0,-1.0,-48.0,48.0,0.0,-3.1376111306530885,0.0,1.0,0.0,2.0,3.0,0.0,0.0,0.0,1.0,0.0
0.0538,14.740872403562605,-7.98610824275558,-6.754764160807026,-0.6841889124856853,24.49831814649781,-24.461089001833436,61.31849208544927,-0.6605327893898796,0.0,1.0,-1.0,-48.0,48.0,0.0,-3.125341262955607,0.0,1.0,0.0,2.0,3.0,0.0,0.0,0.0,1.0,0.0
0.054,13.276918959837932,-7.269887308836133,-6.007031651001798,-1.2006455826895859,24.483216264641776,-24.418912054845602,61.246678251444685,-0.7714037896425077,0.0,1.0,-1.0,-48.0,48.0,0.0,-3.1130845611807803,0.0,1.0,0.0,2.0,3.0,0.0,0.0,0.0,1.0,0.0
0.0542,11.876969227801906,-6.583113783254648,-5.293855444547258,-1.7179615953570095,24.46346655264149,-24.37370149335569,61.165053385356586,-0.8570107536219829,0.0,1.0,-1.0,-48.0,48.0,0.0,-3.100843245380774,0.0,1.0,0.0,2.0,3.0,0.0,0.0,0.0,1.0,0.0
0.0544,10.539315409304665,-5.924772723484246,-4.614542685820419,-2.2370899023610162,24.439815955410616,-24.326813800515048,61.076067806881994,-0.9188644970483781,0.0,1.0,-1.0,-48.0,48.0,0.0,-3.088619030212229,0.0,1.0,0.0,2.0,3.0,0.0,0.0,0.0,1.0,0.0
0.0546,9.262326396971057,-5.293963605740665,-3.968362791230391,-2.75898249965706,24.412997583670855,-24.279542670121675,60.98202387166177,-0.9584149511525388,0.0,1.0,-1.0,-48.0,48.0,0.0,-3.0764131551657687,0.0,1.0,0.0,2.0,3.0,0.0,0.0,0.0,1.0,0.0
0.0548,8.044446263249874,-4.689894798279904,-3.3545514649699695,-3.2845638965860497,24.383732964184514,-24.233113007243695,60.885081597242646,-0.9770606174096712,0.0,1.0,-1.0,-48.0,48.0,0.0,-3.0642264135804482,0.0,1.0,0.0,2.0,3.0,0.0,0.0,0.0,1.0,0.0
0.055,6.884191824241044,-4.111877534875941,-2.772314289365103,-3.8147083021747092,24.352732645343036,-24.188674577111044,60.78726329292977,-0.9761589286566195,0.0,1.0,-1.0,-48.0,48.0,0.0,-3.0520591806310784,0.0,1.0,0.0,2.0,3.0,0.0,0.0,0.0,1.0,0.0
0.0552,5.780149442899422,-3.559319407188948,-2.220830035710474,-4.350220353527998,24.320695347544476,-24.147295389775355,60.69045713361186,-0.9570369142074832,0.0,1.0,-1.0,-48.0,48.0,0.0,-3.039911440494729,0.0,1.0,0.0,2.0,3.0,0.0,0.0,0.0,1.0,0.0
0.0554,4.730971224172047,-3.031717400434049,-1.6992538237379982,-4.891819122892884,24.28830586957498,-24.10995490584808,60.59641967418528,-0.921001641223665,0.0,1.0,-1.0,-48.0,48.0,0.0,-3.0277828129087414,0.0,1.0,0.0,2.0,3.0,0.0,0.0,0.0,1.0,0.0
0.0556,3.735370739865738,-2.5286505012091087,-1.2067202386566296,-5.440125076534931,24.256231973172266,-24.077537143065435,60.50677735011543,-0.8693499820125649,0.0,1.0,-1.0,-48.0,48.0,0.0,-3.015672579328374,0.0,1.0,0.0,2.0,3.0,0.0,0.0,0.0,1.0,0.0
0.0558,2.7921184046062573,-2.0497719096188023,-0.7423464949874552,-5.995649619329499,24.225120469850843,-24.05082375597638,60.423027050842435,-0.8033773339140449,0.0,1.0,-1.0,-48.0,48.0,0.0,-3.0035797088788225,0.0,1.0,0.0,2.0,3.0,0.0,0.0,0.0,1.0,0.0
0.056,1.9000366071133419,-1.5948008901144493,-0.30523571699889257,-6.558786842506495,24.195592728685174,-24.030487153207684,60.34653588633666,-0.7243849924685565,0.0,1.0,-1.0,-48.0,48.0,0.0,-2.991502884275471,0.0,1.0,0.0,2.0,3.0,0.0,0.0,0.0,1.0,0.0
0.0562,1.0579946840512133,-1.1635142969979353,0.10551961294672198,-7.129807096444233,24.168239812804504,-24.01708370996774,60.27854029353233,-0.6336859478182263,0.0,1.0,-1.0,-48.0,48.0,0.0,-2.9794405278594627,0.0,1.0,0.0,2.0,3.0,0.0,0.0,0.0,1.0,0.0
0.0564,0.26490380768937355,-0.7557378116152954,0.49083400392592186,-7.7088520335540505,24.14361743747302,-24.01104712900297,60.22014464915349,-0.5326089376058745,0.0,1.0,-1.0,-48.0,48.0,0.0,-2.9673908278642904,0.0,1.0,0.0,2.0,3.0,0.0,0.0,0.0,1.0,0.0
0.0566,0.0,-0.6114679419929353,0.6114679419929353,-8.295629255668313,24.121377561042397,-24.011822365326413,60.17016587770388,-0.48914454981446653,0.0,1.0,-1.0,-32.35040685352631,48.0,-15.649593146473691,-2.9553518581747324,0.0,1.0,0.0,2.0,3.0,0.0,0.0,0.0,1.0,0.0
0.0568,0.0,-0.5992932831893933,0.5992932831893933,-8.888744056831735,24.098899332068804,-24.01649234196689,60.121726111816706,-0.47961415802745877,0.0,1.0,-1.0,-32.92994755188269,48.0,-15.07005244811731,-2.9433226848623213,0.0,1.0,0.0,2.0,3.0,0.0,0.0,0.0,1.0,0.0
0.057,0.0,-0.5868822001349849,0.5868822001349849,-9.487321337789712,24.07609514014215,-24.024555933228804,60.07424887101054,-0.4699087622465068,0.0,1.0,-1.0,-33.51309094124639,48.0,-14.486909058753618,-2.9313031035420405,0.0,1.0,0.0,2.0,3.0,0.0,0.0,0.0,1.0,0.0
0.0572,0.0,-0.5743442311851441,0.5743442311851441,-10.090402279786641,24.053116462152342,-24.03565013913517,60.027747382982476,-0.4601123128283219,0.0,1.0,-1.0,-34.099135441295225,48.0,-13.90086455870477,-2.9192929202461113,0.0,1.0,0.0,2.0,3.0,0.0,0.0,0.0,1.0,0.0
0.0574,0.0,-0.561776761589452,0.561776761589452,-10.696879007171354,24.030110517986554,-24.04930918818637,59.98222697611199,-0.45029839776356817,0.0,1.0,-1.0,-34.68727967207144,48.0,-13.312720327928554,-2.907291939168419,0.0,1.0,0.0,2.0,3.0,0.0,0.0,0.0,1.0,0.0
0.0576,0.0,-0.5492615611792598,0.5492615611792598,-11.305507201141706,24.00721731551232,-24.064963665375252,59.9376862508089,-0.4405275349529844,0.0,1.0,-1.0,-35.276634026210246,48.0,-12.723365973789758,-2.895299964131755,0.0,1.0,0.0,2.0,3.0,0.0,0.0,0.0,1.0,0.0
0.0578,0.0,-0.5368613164926211,0.5368613164926211,-11.914920561418949,23.984567184136644,-24.08194112192541,59.89411852246199,-0.43084445626690976,0.0,1.0,-1.0,-35.86623359252456,48.0,-12.13376640747543,-2.8833167997936306,0.0,1.0,0.0,2.0,3.0,0.0,0.0,0.0,1.0,0.0
0.058,0.0,-0.5246162277180073,0.5246162277180073,-12.523646926407496,23.962278841192294,-24.09946821947504,59.851513534231884,-0.4212754356844004,0.0,1.0,-1.0,-36.45505223726612,48.0,-11.544947762733878,-2.871342252536486,0.0,1.0,0.0,2.0,3.0,0.0,0.0,0.0,1.0,0.0
0.0582,0.0,-0.5125407416792772,0.5125407416792772,-13.130125843510488,23.94045802155807,-24.116674438752252,59.80985943248369,-0.4118257181659434,0.0,1.0,-1.0,-37.04201763491339,48.0,-10.957982365086608,-2.8593761309888466,0.0,1.0,0.0,2.0,3.0,0.0,0.0,0.0,1.0,0.0
0.0584,0.0,-0.5006204915944523,0.5006204915944523,-13.732727363526948,23.919196686841275,-24.13259735812407,59.769144991772535,-0.4024771102229636,0.0,1.0,-1.0,-37.62602702788555,48.0,-10.37397297211445,-2.847418246126227,0.0,1.0,0.0,2.0,3.0,0.0,0.0,0.0,1.0,0.0
0.0586,0.0,-0.4888095124850629,0.4888095124850629,-14.329771816632473,23.898572816325675,-24.146189480938112,59.7293620699975,-0.3931857971036794,0.0,1.0,-1.0,-38.205963484326254,48.0,-9.794036515673746,-2.8354684109035997,0.0,1.0,0.0,2.0,3.0,0.0,0.0,0.0,1.0,0.0
0.0588,0.0,-0.477027797871691,0.477027797871691,-14.91955031254473,23.878650767905754,-24.15632656260044,59.69050826767773,-0.3838804547287773,0.0,1.0,-1.0,-38.780712415197385,48.0,-9.219287584802615,-2.823526439375954,0.0,1.0,0.0,2.0,3.0,0.0,0.0,0.0,1.0,0.0
0.059,0.0,-0.4651592587652327,0.4651592587652327,-15.500345694481625,23.85948218359693,-24.161817359260077,59.652589758378845,-0.37446072652966456,0.0,1.0,-1.0,-39.34917810665005,48.0,-8.65082189334995,-2.8115921452692745,0.0,1.0,0.0,2.0,3.0,0.0,0.0,0.0,1.0,0.0
0.0592,0.0,-0.45305013997651045,0.45305013997651045,-16.070453665871067,23.84110740115342,-24.161414690344188,59.61562425026924,-0.36479613568217073,0.0,1.0,-1.0,-39.91030002127568,48.0,-8.089699978724317,-2.799665339971585,0.0,1.0,0.0,2.0,3.0,0.0,0.0,0.0,1.0,0.0
0.0594,0.0,-0.4405079414723289,0.4405079414723289,-16.628203801016827,23.823557321082852,-24.153827677689833,59.579644031807746,-0.3547255014103765,0.0,1.0,-1.0,-40.46306862271334,48.0,-7.536931377286663,-2.7877458299224394,0.0,1.0,0.0,2.0,3.0,0.0,0.0,0.0,1.0,0.0
0.0596,0.0,-0.427300883990078,0.427300883990078,-17.171980146673523,23.806855667176162,-24.13773499545813,59.54469904789358,-0.34405692362653395,0.0,1.0,-1.0,-41.006540482532536,48.0,-6.9934595174674605,-2.775833413389266,0.0,1.0,0.0,2.0,3.0,0.0,0.0,0.0,1.0,0.0
0.0598,0.0,-0.41315794850876436,0.41315794850876436,-17.700241121364897,23.79102156884188,-24.111798938315914,59.51085994672506,-0.3325683928318032,0.0,1.0,-1.0,-41.53985243662789,48.0,-6.46014756337212,-2.763927876630387,0.0,1.0,0.0,2.0,3.0,0.0,0.0,0.0,1.0,0.0
0.06,0.0,-0.3977695086246026,0.3977695086246026,-18.21153842391832,23.776072385313793,-24.074680091526147,59.47822103241799,-0.32000907171813453,0.0,1.0,-1.0,-42.06223457081214,48.0,-5.937765429187857,-2.752028989456956,0.0,1.0,0.0,2.0,3.0,0.0,0.0,0.0,1.0,0.0
0.0602,0.0,-0.38078856359696883,0.38078856359696883,-18.704534672627002,23.762026685450554,-24.025052366637347,59.44690305444812,-0.30610128124038205,0.0,1.0,-1.0,-42.57302183203361,48.0,-5.426978167966395,-2.740136500219529,0.0,1.0,0.0,2.0,3.0,0.0,0.0,0.0,1.0,0.0
0.0604,0.0,-0.3618325680575763,0.3618325680575763,-19.17801951212956,23.74890729259819,-23.961618151418623,59.417055762516725,-0.2905432072195582,0.0,1.0,-1.0,-43.07166408271934,48.0,-4.928335917280657,-2.7282501302589885,0.0,1.0,0.0,2.0,3.0,0.0,0.0,0.0,1.0,0.0
0.0606,0.0,-0.34048584238899654,0.34048584238899654,-19.630923946754965,23.736744302035756,-23.883123313484525,59.388860154780986,-0.2730123241507886,0.0,1.0,-1.0,-43.557734441030576,48.0,-4.442265558969419,-2.716369567875966,0.0,1.0,0.0,2.0,3.0,0.0,0.0,0.0,1.0,0.0
0.0608,0.0,-0.31630253588333496,0.31630253588333496,-20.062332686758364,23.725577979006164,-23.788371794476827,59.36253034878413,-0.25316951138848987,0.0,1.0,-1.0,-44.03093577902303,48.0,-3.9690642209769673,-2.7044944618872027,0.0,1.0,0.0,2.0,3.0,0.0,0.0,0.0,1.0,0.0
0.061,0.0,-0.2888101033121898,0.2888101033121898,-20.471494327326226,23.715461448313825,-23.676239536287202,59.33831500803759,-0.2306638140238571,0.0,1.0,-1.0,-44.491105283339536,48.0,-3.5088947166604623,-2.692624414851073,0.0,1.0,0.0,2.0,3.0,0.0,0.0,0.0,1.0,0.0
0.0612,0.0,-0.25751324480616,0.25751324480616,-20.85782921893216,23.706463091927937,-23.545687492906477,59.31649826314235,-0.20513777747279627,0.0,1.0,-1.0,-44.93821701844289,48.0,-3.0617829815571103,-2.6807589760573878,0.0,1.0,0.0,2.0,3.0,0.0,0.0,0.0,1.0,0.0
0.0614,0.0,-0.22189824928085386,0.22189824928085386,-21.220934930757377,23.698668578853475,-23.395773501035542,59.29740007457855,-0.17623326208641063,0.0,1.0,-1.0,-45.37238246966634,48.0,-2.627617530333657,-2.6688976343879953,0.0,1.0,0.0,2.0,3.0,0.0,0.0,0.0,1.0,0.0
0.0616,0.0,-0.1814376733593744,0.1814376733593744,-21.56058925534585,23.692182461515056,-23.225662809197527,59.28137599473151,-0.14359762306647136,0.0,1.0,-1.0,-45.79384908150461,48.0,-2.2061509184953856,-2.6570398111643154,0.0,1.0,0.0,2.0,3.0,0.0,0.0,0.0,1.0,0.0
0.0618,0.0,-0.1355952810943645,0.1355952810943645,-21.876750751104268,23.687129284743687,-23.034637097981747,59.26881629913563,-0.1068901226897504,0.0,1.0,-1.0,-46.20299684448524,48.0,-1.7970031555147623,-2.645184853105127,0.0,1.0,0.0,2.0,3.0,0.0,0.0,0.0,1.0,0.0
0.062,0.0,-0.08383116499993867,0.08383116499993867,-22.169556868135857,23.683654166783693,-22.822101862112245,59.26014447097841,-0.06578842731331094,0.0,1.0,-1.0,-46.60033302047159,48.0,-1.3996669795284191,-2.633332025522663,0.0,1.0,0.0,2.0,3.0,0.0,0.0,0.0,1.0,0.0
0.0622,0.0,-0.025606966114217047,0.025606966114217047,-22.43931975058734,23.681922826101175,-22.587592066825344,59.255815038197774,-0.019995031698081693,0.0,1.0,-1.0,-46.986485130225255,48.0,-1.0135148697747436,-2.621480505886654,0.0,1.0,0.0,2.0,3.0,0.0,0.0,0.0,1.0,0.0
0.0624,0.0,0.03960888989867283,-0.03960888989867283,-22.68651985351291,23.682121042687918,-22.330776034880607,59.256310778532836,0.030756551501762285,0.0,1.0,-1.0,-47.36219235741657,48.0,-0.637807642583436,-2.609629377884561,0.0,1.0,0.0,2.0,3.0,0.0,0.0,0.0,1.0,0.0
0.0626,0.0,0.11233602223927683,-0.11233602223927683,-22.911797552634766,23.684453557504693,-22.051457564560444,59.26213932410307,0.08669599828051192,0.0,1.0,-1.0,-47.728295549106896,48.0,-0.27170445089310924,-2.5977776261014847,0.0,1.0,0.0,2.0,3.0,0.0,0.0,0.0,1.0,0.0
0.0628,0.00048617705797246447,0.1928339824169789,-0.19332015947495138,-23.11594233822447,23.689141791442086,-21.749575737223267,59.27382761966735,0.1478133758645855,0.0,1.0,-1.0,-48.0,48.0,0.0,-2.5859241314546755,0.0,1.0,0.0,2.0,3.0,0.0,0.0,0.0,1.0,0.0
0.063,0.012605764965393007,0.27601177076655775,-0.28861753573195076,-23.29979943896528,23.696338874370067,-21.425129215847065,59.291710269257436,0.20964861021039644,0.0,1.0,-1.0,-48.0,48.0,0.0,-2.574067680720353,0.0,1.0,0.0,2.0,3.0,0.0,0.0,0.0,1.0,0.0
0.0632,0.040428657343820895,0.3603022507010537,-0.4007309080448746,-23.464172890979356,23.70604580332529,-21.078109983275464,59.31572147338717,0.27040667141103214,0.0,1.0,-1.0,-48.0,48.0,0.0,-2.5622070388063047,0.0,1.0,0.0,2.0,3.0,0.0,0.0,0.0,1.0,0.0
0.0634,0.08322915612328907,0.44652189894716565,-0.5297510550704547,-23.609954977611874,23.7182561533472,-20.708644567834074,59.34575957145516,0.33020236995546215,0.0,1.0,-1.0,-48.0,48.0,0.0,-2.5503409903592646,0.0,1.0,0.0,2.0,3.0,0.0,0.0,0.0,1.0,0.0
0.0636,0.14034000267317293,0.5354387478768071,-0.67577875054998,-23.738134360536925,23.73297293434325,-20.31701119047326,59.38173235559556,0.3891086870047453,0.0,1.0,-1.0,-48.0,48.0,0.0,-2.5384683393430603,0.0,1.0,0.0,2.0,3.0,0.0,0.0,0.0,1.0,0.0
0.0638,0.21115168873987478,0.6277677529634208,-0.8389194417032956,-23.84978403830161,23.750205278371023,-19.903636906655095,59.423552533941496,0.44714995406364366,0.0,1.0,-1.0,-48.0,48.0,0.0,-2.526587907590357,0.0,1.0,0.0,2.0,3.0,0.0,0.0,0.0,1.0,0.0
0.064,0.29511120649921174,0.7241668255028336,-1.0192780320020454,-23.94604828784122,23.769964671108767,-19.469093155958888,59.47113259065187,0.5042966277501604,0.0,1.0,-1.0,-48.0,48.0,0.0,-2.5146985343247596,0.0,1.0,0.0,2.0,3.0,0.0,0.0,0.0,1.0,0.0
0.0642,0.39172023707375503,0.8252335879642775,-1.2169538250380325,-24.028128811839146,23.7922608303969,-19.014089833470642,59.5243792071811,0.5604617511856748,0.0,1.0,-1.0,-48.0,48.0,0.0,-2.502799076757571,0.0,1.0,0.0,2.0,3.0,0.0,0.0,0.0,1.0,0.0
0.0644,0.5005327871307946,0.9315028948341447,-1.4320356819649394,-24.097270322064308,23.817097342304887,-18.539468004906965,59.58318741604051,0.6154991456895068,0.0,1.0,-1.0,-48.0,48.0,0.0,-2.490888411829949,0.0,1.0,0.0,2.0,3.0,0.0,0.0,0.0,1.0,0.0
0.0646,0.6211522933795919,1.0434451472250454,-1.6645974406046373,-24.15474578892437,23.844467170326,-18.04619138823722,59.64743466026302,0.6692033285107131,0.0,1.0,-1.0,-48.0,48.0,0.0,-2.478965439136606,0.0,1.0,0.0,2.0,3.0,0.0,0.0,0.0,1.0,0.0
0.0648,0.7532282247174418,1.1614654152720423,-1.914693639989484,-24.201841581322856,23.874348156067242,-17.535336719166292,59.716974929012466,0.7213111057401893,0.0,1.0,-1.0,-48.0,48.0,0.0,-2.4670290850328076,0.0,1.0,0.0,2.0,3.0,0.0,0.0,0.0,1.0,0.0
0.065,0.8964522212508728,1.2859033687856152,-2.182355590036488,-24.23984270967122,23.906698630269663,-17.008083107538877,59.79163313246802,0.7715047456337678,0.0,1.0,-1.0,-48.0,48.0,0.0,-2.4550783078929497,0.0,1.0,0.0,2.0,3.0,0.0,0.0,0.0,1.0,0.0
0.0652,1.05055381829105,1.417034004058794,-2.467587822349844,-24.270018369918116,23.941453251298,-16.465700478259592,59.871199867596495,0.8194165974670432,0.0,1.0,-1.0,-48.0,48.0,0.0,-2.4431121044574815,0.0,1.0,0.0,2.0,3.0,0.0,0.0,0.0,1.0,0.0
0.0654,1.2152958115683123,1.5550691433260977,-2.77036495489441,-24.293607969095305,23.978519184513402,-15.909537175687644,59.95542671112569,0.8646349856477753,0.0,1.0,-1.0,-48.0,48.0,0.0,-2.4311295171760747,0.0,1.0,0.0,2.0,3.0,0.0,0.0,0.0,1.0,0.0
0.0656,1.3904693272254607,1.70015967324443,-3.0906290004698906,-24.311807794450033,24.017772730316356,-15.341006796799826,60.04402215745798,0.9067111788326958,0.0,1.0,-1.0,-48.0,48.0,0.0,-2.419129642429503,0.0,1.0,0.0,2.0,3.0,0.0,0.0,0.0,1.0,0.0
0.0658,1.5758886665455518,1.8523984799277977,-3.4282871464733495,-24.32575846988277,24.05905650121221,-14.761574307838481,60.13664829798286,0.9451672097380627,0.0,1.0,-1.0,-48.0,48.0,0.0,-2.4071116394912218,0.0,1.0,0.0,2.0,3.0,0.0,0.0,0.0,1.0,0.0
0.066,1.7713860007597484,2.011824030456936,-3.7832100312166843,-24.336533326033145,24.102177239065316,-14.172741493622993,60.232918314874745,0.979504303530835,0.0,1.0,-1.0,-48.0,48.0,0.0,-2.3950747400726344,0.0,1.0,0.0,2.0,3.0,0.0,0.0,0.0,1.0,0.0
0.0662,1.9768059955761697,2.1784245442839696,-4.155230539860139,-24.345127794553747,24.146904352772594,-13.57603178983766,60.332394837627895,1.0092116613359825,0.0,1.0,-1.0,-48.0,48.0,0.0,-2.383018258283943,0.0,1.0,0.0,2.0,3.0,0.0,0.0,0.0,1.0,0.0
0.0664,2.1920004481720876,2.352142692403525,-4.5441431405756125,-24.352449923154452,24.19296924387233,-12.972974557580923,60.43458918493918,1.033775340581573,0.0,1.0,-1.0,-48.0,48.0,0.0,-2.3709416008352915,0.0,1.0,0.0,2.0,3.0,0.0,0.0,0.0,1.0,0.0
0.0666,2.416823021182827,2.532880757389294,-4.949703778572121,-24.359312095837335,24.240065473044858,-12.365088876907347,60.538961488753024,1.0526869756327568,0.0,1.0,-1.0,-48.0,48.0,0.0,-2.3588442773010674,0.0,1.0,0.0,2.0,3.0,0.0,0.0,0.0,1.0,0.0
0.0668,2.651124158575613,2.72050618323201,-5.371630341807623,-24.36642403202902,24.287849803995385,-11.753866961973937,60.64492167198612,1.065452090378857,0.0,1.0,-1.0,-48.0,48.0,0.0,-2.3467259102733373,0.0,1.0,0.0,2.0,3.0,0.0,0.0,0.0,1.0,0.0
0.067,2.894746267071403,2.9148574402161955,-5.809603707287598,-24.37438712846431,24.33594414279017,-11.140757334026471,60.75183122729102,1.071597769015546,0.0,1.0,-1.0,-48.0,48.0,0.0,-2.334586245238569,0.0,1.0,0.0,2.0,3.0,0.0,0.0,0.0,1.0,0.0
0.0672,3.1475192438307755,3.115750126742413,-6.263269370573188,-24.383690197928424,24.38393837036321,-10.527147928437092,60.85900572183041,1.070679472021845,0.0,1.0,-1.0,-48.0,48.0,0.0,-2.3224251600245704,0.0,1.0,0.0,2.0,3.0,0.0,0.0,0.0,1.0,0.0
0.0674,3.409256426314225,3.322983226999172,-6.732239653313397,-24.394706648485446,24.4313940437265,-9.91434935630765,60.96571793301935,1.0622868110009047,0.0,1.0,-1.0,-48.0,48.0,0.0,-2.3102426736816453,0.0,1.0,0.0,2.0,3.0,0.0,0.0,0.0,1.0,0.0
0.0676,3.679751033446324,3.536345440739447,-7.216096474185771,-24.407693134783106,24.477848917630148,-9.303578587201448,61.071201503124165,1.0460481282549858,0.0,1.0,-1.0,-48.0,48.0,0.0,-2.298038954682718,0.0,1.0,0.0,2.0,3.0,0.0,0.0,0.0,1.0,0.0
0.0678,3.9587731583858514,3.7556214992183645,-7.714394657604216,-24.42278969871249,24.522822213411434,-8.695943364351121,61.1746549870177,1.02163376418019,0.0,1.0,-1.0,-48.0,48.0,0.0,-2.2858143283510333,0.0,1.0,0.0,2.0,3.0,0.0,0.0,0.0,1.0,0.0
0.068,4.246067362306575,3.980598379756821,-8.226665742063396,-24.44002139959075,24.565820536081244,-8.092427703940428,61.27524615774087,0.9887579371057806,0.0,1.0,-1.0,-48.0,48.0,0.0,-2.2735692834502133,0.0,1.0,0.0,2.0,3.0,0.0,0.0,0.0,1.0,0.0
0.0682,4.541350905686298,4.211071330625248,-8.752422236311546,-24.45930141387118,24.60634431504245,-7.493878862429276,61.37211642921004,0.9471792051856742,0.0,1.0,-1.0,-48.0,48.0,0.0,-2.261304477899123,0.0,1.0,0.0,2.0,3.0,0.0,0.0,0.0,1.0,0.0
0.0684,4.844312638824489,4.446849618236902,-9.29116225706139,-24.48043556122947,24.64389461908443,-6.900996177180476,61.464385254720774,0.8966995272903138,0.0,1.0,-1.0,-48.0,48.0,0.0,-2.2490207436022764,0.0,1.0,0.0,2.0,3.0,0.0,0.0,0.0,1.0,0.0
0.0686,5.154612556906758,4.687761910265057,-9.842374467171815,-24.503128188135634,24.677980173464512,-6.314322193004324,61.55115436401239,0.8371619882637471,0.0,1.0,-1.0,-48.0,48.0,0.0,-2.23671909041447,0.0,1.0,0.0,2.0,3.0,0.0,0.0,0.0,1.0,0.0
0.0688,5.471882007255759,4.933661211505549,-10.405543218761308,-24.526989312443558,24.708124387070665,-5.734236478358734,61.631511710605615,0.7684473019447332,0.0,1.0,-1.0,-48.0,48.0,0.0,-2.2244007092849034,0.0,1.0,0.0,2.0,3.0,0.0,0.0,0.0,1.0,0.0
0.069,5.795724517901968,5.184429274311224,-10.980153792213192,-24.551542904166467,24.73387218200611,-5.16095250827201,61.70453501479086,0.6904692514154315,0.0,1.0,-1.0,-48.0,48.0,0.0,-2.2120669746505492,0.0,1.0,0.0,2.0,3.0,0.0,0.0,0.0,1.0,0.0
0.0692,6.1257171978246285,5.439980412388871,-11.5656976102135,-24.5762361497532,24.754796407572922,-4.594517945857723,61.76929480575112,0.6031692683748979,0.0,1.0,-1.0,-48.0,48.0,0.0,-2.1997194461695257,0.0,1.0,0.0,2.0,3.0,0.0,0.0,0.0,1.0,0.0
0.0694,6.4614126407767,5.700264655746379,-12.161677296523079,-24.600449521288855,24.770503616591654,-4.034818590829561,61.82485688840122,0.5065103906873147,0.0,1.0,-1.0,-48.0,48.0,0.0,-2.1873598699025605,0.0,1.0,0.0,2.0,3.0,0.0,0.0,0.0,1.0,0.0
0.0696,6.802341247205293,5.965270195589156,-12.767611442794449,-24.623507449618753,24.780638985162646,-3.481586182855691,61.87028418600783,0.4004708674563324,0.0,1.0,-1.0,-48.0,48.0,0.0,-2.174990179062919,0.0,1.0,0.0,2.0,3.0,0.0,0.0,0.0,1.0,0.0
0.0698,7.148013863125319,6.235025080861869,-13.383038943987188,-24.64468938288632,24.78489016801143,-2.9344101520387276,61.904637937767596,0.2850377030356508,0.0,1.0,-1.0,-48.0,48.0,0.0,-2.162612494462201,0.0,1.0,0.0,2.0,3.0,0.0,0.0,0.0,1.0,0.0
0.07,7.497924621609881,6.509598142672404,-14.007522764282285,-24.663241000658235,24.782989900857856,-2.3927533011773994,61.92697826037689,0.1602004440585013,0.0,1.0,-1.0,-48.0,48.0,0.0,-2.150229124780645,0.0,1.0,0.0,2.0,3.0,0.0,0.0,0.0,1.0,0.0
0.0702,7.85155386250767,6.789099138675887,-14.640653001183557,-24.678385349694267,24.774717188886523,-1.8559712883272068,61.936364113245695,0.025945516026473825,0.0,1.0,-1.0,-48.0,48.0,0.0,-2.1378425667856513,0.0,1.0,0.0,2.0,3.0,0.0,0.0,0.0,1.0,0.0
0.0704,8.208370999687602,7.07367812619394,-15.282049125881542,-24.689333671161513,24.75989695611902,-1.323335657581249,61.931852737341266,-0.11774859222116413,0.0,1.0,-1.0,-48.0,48.0,0.0,-2.1254555056113205,0.0,1.0,0.0,2.0,3.0,0.0,0.0,0.0,1.0,0.0
0.0706,8.567837203052807,7.363524089882118,-15.931361292934925,-24.695295700944133,24.73839807370229,-0.7940600452397059,61.91249866661894,-0.27091501681201646,0.0,1.0,-1.0,-48.0,48.0,0.0,-2.1130708151948516,0.0,1.0,0.0,2.0,3.0,0.0,0.0,0.0,1.0,0.0
0.0708,8.929407765133012,7.658862866567818,-16.58827063170083,-24.695489244482815,24.710129734906328,-0.2673290719938484,61.877352437546705,-0.4336008299938283,0.0,1.0,-1.0,-48.0,48.0,0.0,-2.100691558943125,0.0,1.0,0.0,2.0,3.0,0.0,0.0,0.0,1.0,0.0
0.071,8.742858219010355,7.410278083383667,-16.15313630239402,-24.68917968144427,24.675067004467504,0.2576710785497849,61.82553633481784,-0.6011607423998666,-1.0,1.0,0.0,-48.0,0.0,48.0,-2.0883209887779626,1.0,1.0,0.0,6.0,4.0,0.0,0.0,0.0,1.0,0.0
0.0712,8.010321164500212,6.620701385323022,-14.631022549823234,-24.676387915766636,24.63394260072686,0.781752129859723,61.75799498416772,-0.7449990488620557,-1.0,1.0,0.0,-48.0,0.0,48.0,-2.075962395961623,1.0,1.0,0.0,6.0,4.0,0.0,0.0,0.0,1.0,0.0
0.0714,7.307925346009482,5.866922023261149,-13.174847369270632,-24.65787880395127,24.58821574020456,1.3057870165229968,61.67744270365685,-0.8616495003875656,-1.0,1.0,0.0,-48.0,0.0,48.0,-2.063618657819413,1.0,1.0,0.0,6.0,4.0,0.0,0.0,0.0,1.0,0.0
0.0716,6.634531670026676,5.148287528699991,-11.782819198726667,-24.63443030322297,24.5393265688178,1.8307055519007756,61.58651845027231,-0.9526966791341513,-1.0,1.0,0.0,-48.0,0.0,48.0,-2.051292110000812,1.0,1.0,0.0,6.0,4.0,0.0,0.0,0.0,1.0,0.0
0.0718,5.989121916589263,4.464101713273339,-10.453223629862602,-24.606804629154396,24.488655913246614,2.357459993615921,61.48770620251562,-1.0196568138163828,-1.0,1.0,0.0,-48.0,0.0,48.0,-2.038984575975727,1.0,1.0,0.0,6.0,4.0,0.0,0.0,0.0,1.0,0.0
0.072,5.370793556462855,3.81362920339461,-9.184422759857465,-24.57575204140335,24.437519186438482,2.8869941211995385,61.38334138997817,-1.0639862040202153,-1.0,1.0,0.0,-48.0,0.0,48.0,-2.0266973973731894,1.0,1.0,0.0,6.0,4.0,0.0,0.0,0.0,1.0,0.0
0.0722,4.778754024055942,3.1960994104150617,-7.9748534344710045,-24.542012751946576,24.387159882410923,3.4202163641586227,61.27561640013592,-1.0870911303165958,-1.0,1.0,0.0,-48.0,0.0,48.0,-2.0144314631239024,1.0,1.0,0.0,6.0,4.0,0.0,0.0,0.0,1.0,0.0
0.0724,4.212314462555241,2.6107101028390565,-6.823024565394298,-24.506317132753107,24.338742761585543,3.9579769030666143,61.16658504900748,-1.0903385573943827,-1.0,1.0,0.0,-48.0,0.0,48.0,-2.002187237603754,1.0,1.0,0.0,6.0,4.0,0.0,0.0,0.0,1.0,0.0
0.0726,3.6708829654913475,2.0566307301553075,-5.727513695646655,-24.469384434194094,24.29334682866794,4.501048546122727,61.05816596792754,-1.0750670122740207,-1.0,1.0,0.0,-48.0,0.0,48.0,-1.9899647879912856,1.0,1.0,0.0,6.0,4.0,0.0,0.0,0.0,1.0,0.0
0.0728,3.1539573452285943,1.533005628304683,-4.686962973533277,-24.431920246449923,24.251958200783136,5.050111090812297,60.95214491644836,-1.0425971010880284,-1.0,1.0,0.0,-48.0,0.0,48.0,-1.9777638110557907,1.0,1.0,0.0,6.0,4.0,0.0,0.0,0.0,1.0,0.0
0.073,2.661117463703399,1.038957215898462,-3.700074679601861,-24.394612945573616,24.21546295573649,5.605738814506341,60.85017608084455,-0.9942412117789754,-1.0,1.0,0.0,-48.0,0.0,48.0,-1.9655836595856473,1.0,1.0,0.0,6.0,4.0,0.0,0.0,0.0,1.0,0.0
0.0732,2.1920171642127038,0.5735892690497637,-2.7656064332624672,-24.358129365639993,24.184640040539318,6.168390698042089,60.7537824587958,-0.931312032963006,-1.0,1.0,0.0,-48.0,0.0,48.0,-1.9534233686502949,1.0,1.0,0.0,6.0,4.0,0.0,0.0,0.0,1.0,0.0
0.0734,1.746375845378818,0.1359903419321854,-1.8823661873110036,-24.323109930508124,24.160154310362547,6.738402970907047,60.66435546379497,-0.8551295984872684,-1.0,1.0,0.0,-48.0,0.0,48.0,-1.941281681865764,1.0,1.0,0.0,6.0,4.0,0.0,0.0,0.0,1.0,0.0
0.0736,1.3239697198549898,-0.27476261941605806,-1.0492071004389318,-24.290163465041577,24.142549759403042,7.315983573482976,60.58315390813579,-0.7670266409664694,-1.0,1.0,0.0,-48.0,0.0,48.0,-1.9291570778042952,1.0,1.0,0.0,6.0,4.0,0.0,0.0,0.0,1.0,0.0
0.0738,0.9246228012252804,-0.6596004404843704,-0.26502236074091007,-24.25986188793669,24.13224299912875,7.901208158330527,60.511302541594624,-0.6683521046219402,-1.0,1.0,0.0,-48.0,0.0,48.0,-1.9170477966548443,1.0,1.0,0.0,6.0,4.0,0.0,0.0,0.0,1.0,0.0
0.074,0.7838147609705632,-0.7838147609705632,0.0,-24.23187753717399,24.128663057586273,8.493712146391724,60.44765137439779,-0.6270831819736167,-1.0,1.0,0.0,-48.0,15.454680613814418,32.54531938618558,-1.9049519591468491,1.0,1.0,0.0,6.0,4.0,0.0,0.0,0.0,1.0,0.0
0.0742,0.7747121068151094,-0.7747121068151094,0.0,-24.203582065314574,24.1288458507348,9.092001575798328,60.38528847125403,-0.6200801222661513,-1.0,1.0,0.0,-48.0,14.870630316911784,33.129369683088214,-1.892868676836674,1.0,1.0,0.0,6.0,4.0,0.0,0.0,0.0,1.0,0.0
0.0744,0.76492841962432,-0.76492841962432,0.0,-24.174898974910082,24.132260290405597,9.695123153427044,60.32365276269372,-0.6125544011520863,-1.0,1.0,0.0,-48.0,14.283557504320713,33.71644249567929,-1.8807977952585417,1.0,1.0,0.0,6.0,4.0,0.0,0.0,0.0,1.0,0.0
0.0746,0.7545773408215956,-0.7545773408215956,0.0,-24.1459972441505,24.138518786367694,10.302046699972252,60.26279213483158,-0.6045919948024981,-1.0,1.0,0.0,-48.0,13.694214071136345,34.30578592886365,-1.868739164041549,1.0,1.0,0.0,6.0,4.0,0.0,0.0,0.0,1.0,0.0
0.0748,0.7437599447238229,-0.7437599447238229,0.0,-24.117040169160195,24.147129255398305,10.911597295644402,60.202746409648725,-0.5962677473065852,-1.0,1.0,0.0,-48.0,13.103447247474652,34.896552752525345,-1.856692624062542,1.0,1.0,0.0,6.0,4.0,0.0,0.0,0.0,1.0,0.0
0.075,0.7325611925519604,-0.7325611925519604,0.0,-24.08818245439112,24.157495052330685,11.522469366021475,60.14354859697804,-0.5876425963262375,-1.0,1.0,0.0,-48.0,12.512186932948307,35.4878130670517,-1.8446580089383648,1.0,1.0,0.0,6.0,4.0,0.0,0.0,0.0,1.0,0.0
0.0752,0.7210464145447396,-0.7210464145447396,0.0,-24.05956783840924,24.168916443141327,12.133242530670849,60.085226422680336,-0.5787608325798517,-1.0,1.0,0.0,-48.0,11.921431771695195,36.07856822830481,-1.8326351462400354,1.0,1.0,0.0,6.0,4.0,0.0,0.0,0.0,1.0,0.0
0.0754,0.7092578929224498,-0.7092578929224498,0.0,-24.031327292992255,24.180593652875938,12.742398993952065,60.02780412688609,-0.5696474485644996,-1.0,1.0,0.0,-48.0,11.332234185989776,36.667765814010224,-1.8206238583741428,1.0,1.0,0.0,6.0,4.0,0.0,0.0,0.0,1.0,0.0
0.0756,0.6972116182582074,-0.6972116182582074,0.0,-24.003577818416534,24.191631496709203,13.348342241027725,59.97130452046759,-0.5603056352963565,-1.0,1.0,0.0,-48.0,10.74568459811861,37.25431540188139,-1.808623963078516,1.0,1.0,0.0,6.0,4.0,0.0,0.0,0.0,1.0,0.0
0.0758,0.6848942902292017,-0.6848942902292017,0.0,-23.976421842820244,24.20104557640384,13.949416787406841,59.91575128186616,-0.5507144890481669,-1.0,1.0,0.0,-48.0,10.162895079384956,37.83710492061504,-1.7966352734822206,1.0,1.0,0.0,6.0,4.0,0.0,0.0,0.0,1.0,0.0
0.076,0.6722606307340465,-0.6722606307340465,0.0,-23.949947218789273,24.207769997130534,14.543928717435074,59.861171470059446,-0.5408269927774261,-1.0,1.0,0.0,-48.0,9.584982671735556,38.41501732826445,-1.7846575976841108,1.0,1.0,0.0,6.0,4.0,0.0,0.0,0.0,1.0,0.0
0.0762,0.6592310729862191,-0.6592310729862191,0.0,-23.924227796026702,24.210666531385815,15.130166736233765,59.8075982228835,-0.5305683387800242,-1.0,1.0,0.0,-48.0,9.013052631445792,38.986947368554205,-1.7726907378096861,1.0,1.0,0.0,6.0,4.0,0.0,0.0,0.0,1.0,0.0
0.0764,0.6456898844603597,-0.6456898844603597,0.0,-23.899324535345404,24.208535128068277,15.70642345099228,59.755073603232205,-0.5198346596300496,-1.0,1.0,0.0,-48.0,8.448181845369156,39.551818154630844,-1.7607344885128224,1.0,1.0,0.0,6.0,4.0,0.0,0.0,0.0,1.0,0.0
0.0766,0.6314837745355683,-0.6314837745355683,0.0,-23.87528711648766,24.200125636234336,16.271016591641455,59.70365154899513,-0.5084922332184428,-1.0,1.0,0.0,-48.0,7.891402668231884,40.10859733176811,-1.748788634897086,1.0,1.0,0.0,6.0,4.0,0.0,0.0,0.0,1.0,0.0
0.0768,0.6164210294346189,-0.6164210294346189,0.0,-23.852155980656676,24.184150585365284,16.822309878257585,59.65340087616791,-0.4963772242446265,-1.0,1.0,0.0,-48.0,7.34368742409672,40.65631257590328,-1.7368529498408656,1.0,1.0,0.0,6.0,4.0,0.0,0.0,0.0,1.0,0.0
0.077,0.600271207719037,-0.600271207719037,0.0,-23.829964738381776,24.159298837954275,17.35873324360203,59.604408278611444,-0.48329601847337583,-1.0,1.0,0.0,-48.0,6.805933806184221,41.19406619381578,-1.7249271907212087,1.0,1.0,0.0,6.0,4.0,0.0,0.0,0.0,1.0,0.0
0.0772,0.5827654193218118,-0.5827654193218118,0.0,-23.808742864672745,24.124249906767147,17.87880212451368,59.55678126272676,-0.4690261971776448,-1.0,1.0,0.0,-48.0,6.278951396533522,41.72104860346648,-1.7130110955431654,1.0,1.0,0.0,6.0,4.0,0.0,0.0,0.0,1.0,0.0
0.0774,0.5635972000722941,-0.5635972000722941,0.0,-23.78851859658198,24.077688709191452,18.381135545950084,59.51065095113751,-0.4533181873235457,-1.0,1.0,0.0,-48.0,5.763449510354652,42.23655048964535,-1.7011043784941613,1.0,1.0,0.0,6.0,4.0,0.0,0.0,0.0,1.0,0.0
0.0776,0.5424239821182066,-0.5424239821182066,0.0,-23.769321943499758,24.018320515613404,18.864472736715825,59.466174686632264,-0.4358976082673805,-1.0,1.0,0.0,-48.0,5.2600265493409974,42.739973450659,-1.6892067249564404,1.0,1.0,0.0,6.0,4.0,0.0,0.0,0.0,1.0,0.0
0.0778,0.5188691488366577,-0.5188691488366577,0.0,-23.751187717938922,23.944885838644325,19.3276880365997,59.423538366394865,-0.41646831827083597,-1.0,1.0,0.0,-48.0,4.769161023753002,43.230838976247,-1.6773177860245423,1.0,1.0,0.0,6.0,4.0,0.0,0.0,0.0,1.0,0.0
0.078,0.49252465103646836,-0.49252465103646836,0.0,-23.73415849435148,23.85617500603314,19.76980388084928,59.38295843718838,-0.39471614444367653,-1.0,1.0,0.0,-48.0,4.291204374991549,43.70879562500845,-1.66543717258868,1.0,1.0,0.0,6.0,4.0,0.0,0.0,0.0,1.0,0.0
0.0782,0.4629541497948322,-0.4629541497948322,0.0,-23.718287405732852,23.751042162845547,20.19000167948771,59.34468348485207,-0.37031325842965157,-1.0,1.0,0.0,-48.0,3.826375699068636,44.17362430093136,-1.6535644490585848,1.0,1.0,0.0,6.0,4.0,0.0,0.0,0.0,1.0,0.0
0.0784,0.42969664045828304,-0.42969664045828304,0.0,-23.7036406924038,23.628418458318727,20.587630445529026,59.308995356340716,-0.3429231380643143,-1.0,1.0,0.0,-48.0,3.3747584374284383,44.62524156257156,-1.6416991268152072,1.0,1.0,0.0,6.0,4.0,0.0,0.0,0.0,1.0,0.0
0.0786,0.39227050248497164,-0.39227050248497164,0.0,-23.69029992432963,23.48732418978022,20.962213066988443,59.27620975961521,-0.31220603328617946,-1.0,1.0,0.0,-48.0,2.9362990657368524,45.063700934263146,-1.6298406574893984,1.0,1.0,0.0,6.0,4.0,0.0,0.0,0.0,1.0,0.0
0.0788,0.3501779112093973,-0.3501779112093973,0.0,-23.678363827464654,23.326879699885378,21.313450161778107,59.2466762959193,-0.2778248337861646,-1.0,1.0,0.0,-48.0,2.510807774432255,45.48919222556774,-1.6179884261767012,1.0,1.0,0.0,6.0,4.0,0.0,0.0,0.0,1.0,0.0
0.079,0.3029095405383455,-0.3029095405383455,0.0,-23.66794965563519,23.14631485357467,21.64122150093767,59.22077789018157,-0.23945121726400637,-1.0,1.0,0.0,-48.0,2.0979610980320675,45.902038901967934,-1.6061417447053934,1.0,1.0,0.0,6.0,4.0,0.0,0.0,0.0,1.0,0.0
0.0792,0.24994948025975225,-0.24994948025975225,0.0,-23.659194062055995,22.944976956628164,21.945585032795087,59.19892959819809,-0.1967719417077311,-1.0,1.0,0.0,-48.0,1.6973064144909973,46.302693585509004,-1.5942998450805517,1.0,1.0,0.0,6.0,4.0,0.0,0.0,0.0,1.0,0.0
0.0794,0.1907802882280217,-0.1907802882280217,0.0,-23.652253438302917,22.72233701723446,22.226773587082707,59.18157678351718,-0.14949513369552508,-1.0,1.0,0.0,-48.0,1.3082682023830636,46.69173179761694,-1.5824618732296942,1.0,1.0,0.0,6.0,4.0,0.0,0.0,0.0,1.0,0.0
0.0796,0.12488809627618153,-0.12488809627618153,0.0,-23.64730370298155,22.47799429407248,22.48518938217517,59.169192672123536,-0.0973564180424858,-1.0,1.0,0.0,-48.0,0.9301559133702945,47.06984408662971,-1.5706268831755492,1.0,1.0,0.0,6.0,4.0,0.0,0.0,0.0,1.0,0.0
0.0798,0.051767689317054166,-0.051767689317054166,0.0,-23.64453953695356,22.21167911730549,22.721396498952256,59.1622753086039,-0.04012473266394737,-1.0,1.0,0.0,-48.0,0.5621732912237096,47.43782670877629,-1.5587938317582557,1.0,1.0,0.0,6.0,4.0,0.0,0.0,0.0,1.0,0.0
0.08,-0.02907252032674746,0.02907252032674746,0.0,-23.64417307632292,21.92325401079613,22.936111519907932,59.16134395293527,0.022392323461781737,-1.0,1.0,0.0,-48.0,0.20342894732867123,47.79657105267133,-1.5469615740230396,1.0,1.0,0.0,6.0,4.0,0.0,0.0,0.0,1.0,0.0
